timestamp_ns,cpu_total_jiffies,cpu_idle_jiffies,pid,proc_utime_jiffies,proc_stime_jiffies,proc_rss_pages
1790115129025573812,7905612,7864664,3610,20581,11863,18626644
1790115129141203002,7906356,7864762,3610,21220,11863,18626644
1790115129258234826,7907112,7864849,3610,21879,11863,18626644
1790115129372703283,7907841,7864914,3610,22545,11863,18626644
1790115129489729836,7908586,7865003,3610,23201,11863,18626644
1790115129606758054,7909335,7865099,3610,23851,11863,18626644
1790115129720896249,7910063,7865198,3610,24475,11863,18626644
1790115129847643297,7910873,7865330,3610,25146,11863,18626644
1790115129961430869,7911601,7865458,3610,25744,11863,18626644
1790115130074620094,7912321,7865572,3610,26348,11863,18626644
1790115130191541065,7913072,7865660,3610,27006,11863,18626644
1790115130322782225,7913908,7865774,3610,27731,11863,18626644
1790115130436542715,7914642,7865888,3610,28336,11863,18626644
1790115130553390416,7915386,7866022,3610,28948,11863,18626644
1790115130668192119,7916125,7866056,3610,29646,11863,18626644
1790115130782526592,7916849,7866141,3610,30284,11863,18626644
1790115130899481467,7917594,7866281,3610,30890,11863,18626644
1790115131013113626,7918323,7866302,3610,31594,11863,18626644
1790115131127803160,7919054,7866374,3610,32251,11863,18626644
1790115131244575931,7919800,7866505,3610,32864,11863,18626644
1790115131358014993,7920529,7866527,3610,33563,11863,18626644
1790115131472181661,7921259,7866616,3610,34198,11863,18626644
1790115131589049932,7922007,7866741,3610,34819,11863,18626644
1790115131705900646,7922756,7866855,3610,35448,11863,18626644
1790115131821701233,7923499,7866955,3610,36086,11863,18626644
1790115131938561516,7924238,7867104,3610,36675,11863,18626644
1790115132054254711,7924983,7867201,3610,37318,11863,18626644
1790115132167481291,7925704,7867309,3610,37929,11863,18626644
1790115132281493078,7926436,7867334,3610,38631,11863,18626644
1790115132397592691,7927179,7867436,3610,39270,11863,18626644
1790115132514682010,7927922,7867616,3610,39836,11863,18626644
1790115132631695781,7928663,7867763,3610,40434,11863,18626644
1790115132748756921,7929412,7867875,3610,41065,11863,18626644
1790115132878083724,7930247,7868042,3610,41720,11863,18626644
1790115132993812591,7930984,7868156,3610,42345,11863,18626644
1790115133110887861,7931728,7868240,3610,43006,11863,18626644
1790115133225348576,7932461,7868302,3610,43667,11863,18626644
1790115133342800341,7933210,7868402,3610,44317,11863,18626644
1790115133459672772,7933966,7868575,3610,44889,11863,18626644
1790115133576363220,7934716,7868706,3610,45498,11863,18626644
1790115133692184948,7935462,7868901,3610,46039,11863,18626644
1790115133809544544,7936215,7869078,3610,46604,11863,18626644
1790115133926397427,7936963,7869159,3610,47272,11863,18626644
1790115134039203213,7937690,7869222,3610,47927,11863,18626644
1790115134153696486,7938417,7869297,3610,48582,11863,18626644
1790115134270619068,7939166,7869376,3610,49246,11863,18626644
1790115134384431170,7939893,7869528,3610,49816,11863,18626644
1790115134500331279,7940630,7869638,3610,50444,11863,18626644
1790115134617495417,7941379,7869752,3610,51075,11863,18626644
1790115134734207989,7942122,7869936,3610,51635,11863,18626644
1790115134851065748,7942873,7870086,3610,52227,11863,18626644
1790115134966527340,7943609,7870108,3610,52940,11863,18626644
1790115135080813855,7944348,7870199,3610,53579,11863,18626644
1790115135197802040,7945093,7870344,3610,54179,11863,18626644
1790115135315086454,7945846,7870471,3610,54796,11863,18626644
1790115135431953766,7946595,7870558,3610,55454,11863,18626644
1790115135549051619,7947349,7870693,3610,56065,11863,18626644
1790115135664071365,7948091,7870845,3610,56643,11863,18626644
1790115135781040495,7948837,7870962,3610,57271,11863,18626644
1790115135894770589,7949566,7871036,3610,57922,11863,18626644
1790115136005680244,7950274,7871169,3610,58494,11863,18626644
1790115136121681685,7951019,7871308,3610,59096,11863,18626644
1790115136238692499,7951770,7871444,3610,59704,11863,18626644
1790115136355495119,7952515,7871575,3610,60317,11863,18626644
1790115136473917503,7953265,7871737,3610,60905,11863,18626644
1790115136591078472,7954021,7871857,3610,61530,11864,18626644
1790115136707914113,7954766,7871952,3610,62179,11865,18626644
1790115136822356042,7955502,7872018,3610,62838,11865,18626644
1790115136938513699,7956237,7872126,3610,63467,11867,18626644
1790115137055363426,7956988,7872240,3610,64100,11867,18626644
1790115137167864943,7957710,7872397,3610,64659,11867,18626644
1790115137285210780,7958471,7872552,3610,65249,11867,18626644
1790115137402438927,7959222,7872698,3610,65846,11868,18626644
1790115137519317255,7959972,7872789,3610,66500,11869,18626644
1790115137634489643,7960708,7872865,3610,67156,11870,18626644
1790115137749338161,7961443,7872948,3610,67802,11871,18626644
1790115137866244331,7962194,7873046,3610,68450,11871,18626644
1790115137982334605,7962934,7873223,3610,69011,11873,18626644
1790115138095764281,7963659,7873368,3610,69589,11873,18626644
1790115138212717122,7964405,7873503,3610,70198,11875,18626644
1790115138329767715,7965149,7873685,3610,70758,11877,18626644
1790115138446955958,7965900,7873843,3610,71344,11877,18626644
1790115138560287266,7966630,7873910,3610,71998,11877,18626644
1790115138673843548,7967350,7874035,3610,72584,11891,18626644
1790115138790924303,7968099,7874159,3610,73205,11891,18626644
1790115138907878643,7968835,7874282,3610,73823,11893,18626644
1790115139024843539,7969584,7874403,3610,74438,11902,18626644
1790115139142176023,7970338,7874559,3610,75014,11917,18626644
1790115139255597178,7971065,7874714,3610,75543,11950,18626644
1790115139372622539,7971813,7874854,3610,76123,11975,18626644
1790115139486018395,7972542,7874887,3610,76818,11975,18626644
1790115139600293838,7973273,7874985,3610,77413,12005,18626644
1790115139717196976,7974020,7875096,3610,78019,12035,18626644
1790115139831195057,7974762,7875244,3610,78566,12062,18626644
1790115139946200927,7975488,7875359,3610,79138,12107,18626644
1790115140063275352,7976235,7875431,3610,79773,12146,18626644
1790115140180085154,7976981,7875563,3610,80346,12184,18626644
1790115140297368991,7977729,7875674,3610,80951,12220,18626644
1790115140411794643,7978457,7875714,3610,81638,12220,18626644
1790115140526206859,7979196,7875801,3610,82248,12246,18626644
1790115140643504625,7979943,7875881,3610,82877,12282,18626644
1790115140758796387,7980683,7876028,3610,83431,12319,18626644
1790115140874869508,7981426,7876124,3610,84035,12356,18626644
1790115140991872943,7982171,7876223,3610,84648,12390,18626644
1790115141108772323,7982916,7876372,3610,85202,12431,18626644
1790115141225765533,7983670,7876454,3610,85828,12467,18626644
1790115141339080529,7984396,7876481,3610,86523,12467,18626644
1790115141453304503,7985124,7876558,3610,87144,12493,18626644
1790115141570978267,7985873,7876632,3610,87788,12526,18626644
1790115141687396194,7986614,7876790,3610,88339,12555,18626644
1790115141804444033,7987367,7876902,3610,88938,12589,18626644
1790115141921574572,7988112,7876996,3610,89555,12621,18626644
1790115142038748210,7988862,7877134,3610,90128,12661,18626644
1790115142156299931,7989620,7877265,3610,90708,12696,18626644
1790115142270570421,7990350,7877309,3610,91390,12697,18626644
1790115142390747599,7991123,7877396,3610,92041,12727,18626644
1790115142508461657,7991878,7877508,3610,92640,12763,18626644
1790115142625530438,7992625,7877665,3610,93194,12798,18626644
1790115142737008915,7993338,7877756,3610,93772,12840,18626644
1790115142851555449,7994065,7877911,3610,94303,12880,18626644
1790115142970089720,7994830,7878052,3610,94866,12932,18626644
1790115143091510867,7995604,7878124,3610,95521,12976,18626644
1790115143206626094,7996340,7878209,3610,96169,12976,18626644
1790115143320549647,7997070,7878279,3610,96801,13002,18626644
1790115143436578436,7997808,7878367,3610,97406,13044,18626644
1790115143553686802,7998552,7878526,3610,97963,13080,18626644
1790115143670816580,7999306,7878628,3610,98560,13124,18626644
1790115143788117623,8000060,7878717,3610,99170,13170,18626644
1790115143905186505,8000803,7878886,3610,99717,13198,18626644
1790115144021478145,8001545,7878971,3610,100320,13248,18626644
1790115144138940860,8002292,7879058,3610,100981,13252,18626644
1790115144253514806,8003024,7879124,3610,101621,13270,18626644
1790115144371486705,8003777,7879220,3610,102225,13322,18626644
1790115144489000149,8004521,7879311,3610,102828,13379,18626644
1790115144605624654,8005265,7879445,3610,103385,13425,18626644
1790115144722728301,8006017,7879574,3610,103957,13476,18626644
1790115144839983249,8006763,7879695,3610,104535,13521,18626644
1790115144958094247,8007525,7879809,3610,105117,13576,18626644
1790115145075346062,8008272,7879886,3610,105769,13591,18626644
1790115145190192401,8009006,7879930,3610,106447,13602,18626644
1790115145305853413,8009741,7880053,3610,107010,13653,18626644
1790115145423209968,8010503,7880145,3610,107611,13706,18626644
1790115145543776242,8011277,7880313,3610,108159,13758,18626644
1790115145661344376,8012032,7880417,3610,108761,13800,18626644
1790115145776830077,8012772,7880570,3610,109308,13836,18626644
1790115145892418761,8013517,7880734,3610,109834,13878,18626644
1790115146015212345,8014303,7880812,3610,110517,13900,18626644
1790115146133056921,8015061,7880844,3610,111223,13914,18626644
1790115146244438431,8015770,7880929,3610,111800,13961,18626644
1790115146358561957,8016502,7881058,3610,112348,14006,18626644
1790115146480286888,8017277,7881199,3610,112939,14050,18626644
1790115146603528020,8018066,7881274,3610,113587,14111,18626644
1790115146718857043,8018799,7881410,3610,114142,14157,18626644
1790115146832738576,8019521,7881539,3610,114694,14202,18626644
1790115146950208266,8020278,7881636,3610,115314,14231,18626644
1790115147064662366,8021003,7881664,3610,116011,14235,18626644
1790115147183314514,8021768,7881745,3610,116633,14286,18626644
1790115147299913503,8022503,7881878,3610,117193,14338,18626644
1790115147423493172,8023293,7882068,3610,117753,14369,18626644
1790115147541105157,8024045,7882143,3610,118377,14423,18626644
1790115147658038008,8024794,7882288,3610,118935,14463,18626644
1790115147773726096,8025536,7882387,3610,119530,14507,18626644
1790115147888702740,8026264,7882524,3610,120096,14536,18626644
1790115148003124146,8027001,7882557,3610,120791,14536,18626644
1790115148119158915,8027732,7882647,3610,121396,14579,18626644
1790115148240210816,8028499,7882784,3610,121989,14619,18626644
1790115148362203609,8029270,7882954,3610,122564,14650,18626644
1790115148481215957,8030029,7883086,3610,123145,14694,18626644
1790115148604229661,8030812,7883263,3610,123715,14730,18626644
1790115148721983633,8031557,7883345,3610,124339,14775,18626644
1790115148836845576,8032290,7883454,3610,124930,14806,18626644
1790115148951717789,8033026,7883476,3610,125642,14806,18626644
1790115149068728395,8033775,7883561,3610,126249,14859,18626644
1790115149185930673,8034523,7883678,3610,126822,14912,18626644
1790115149303009454,8035277,7883797,3610,127410,14950,18626644
1790115149420835780,8036023,7883882,3610,128019,15007,18626644
1790115149539199635,8036786,7884006,3610,128601,15052,18626644
1790115149656746365,8037542,7884083,3610,129219,15108,18626644
1790115149771547887,8038277,7884206,3610,129785,15145,18626644
1790115149886130716,8039014,7884228,3610,130498,15145,18626644
1790115150001799634,8039745,7884317,3610,131106,15186,18626644
1790115150119376699,8040502,7884463,3610,131672,15218,18626644
1790115150232908749,8041224,7884492,3610,132370,15218,18626644
1790115150347307229,8041954,7884581,3610,132964,15259,18626644
1790115150464479612,8042703,7884700,3610,133550,15306,18626644
1790115150579916582,8043434,7884729,3610,134253,15307,18626644
1790115150693770464,8044160,7884815,3610,134852,15346,18626644
1790115150811564943,8044915,7884883,3610,135475,15399,18626644
1790115150926752902,8045651,7884942,3610,136156,15400,18626644
1790115151041548261,8046382,7885025,3610,136765,15430,18626644
1790115151159107174,8047139,7885092,3610,137394,15486,18626644
1790115151276332326,8047888,7885163,3610,138068,15486,18626644
1790115151390689133,8048611,7885248,3610,138683,15516,18626644
1790115151508204348,8049368,7885334,3610,139301,15557,18626644
1790115151626027192,8050120,7885426,3610,139954,15563,18626644
1790115151741131671,8050846,7885509,3610,140582,15584,18626644
1790115151856795152,8051580,7885607,3610,141168,15638,18626644
1790115151974192296,8052333,7885675,3610,141839,15644,18626644
1790115152088830399,8053059,7885735,3610,142490,15666,18626644
1790115152207201800,8053815,7885853,3610,143071,15718,18626644
1790115152324387158,8054566,7885927,3610,143727,15734,18626644
1790115152443367397,8055328,7885987,3610,144407,15749,18626644
1790115152560750340,8056076,7886075,3610,145010,15810,18626644
1790115152677874700,8056825,7886144,3610,145671,15825,18626644
1790115152792623731,8057564,7886197,3610,146331,15838,18626644
1790115152908852389,8058311,7886307,3610,146916,15887,18626644
1790115153026407819,8059064,7886386,3610,147559,15911,18626644
1790115153140918967,8059792,7886435,3610,148233,15920,18626644
1790115153257747610,8060543,7886669,3610,148535,16125,18626644
1790115153375511932,8061297,7886818,3610,148691,16565,18626644
1790115153493025145,8062056,7886959,3610,148833,17024,18626644
1790115153610091675,8062809,7887087,3610,148945,17527,18626644
1790115153727670678,8063545,7887207,3610,149060,18036,18626644
1790115153846604131,8064290,7887331,3610,149179,18544,18626644
1790115153964846569,8065039,7887459,3610,149316,19032,18626644
1790115154085219394,8065813,7887603,3610,149443,19522,18626644
1790115154203353886,8066560,7887720,3610,149582,20014,18626644
1790115154320172415,8067297,7887925,3610,149890,20239,18626644
1790115154432553236,8067999,7888219,3610,150286,20254,18626644
1790115154547617515,8068700,7888474,3610,150735,20270,18626644
1790115154664897148,8069442,7888700,3610,151235,20278,18626644
1790115154782593462,8070179,7888976,3610,151682,20296,18626644
1790115154896422901,8070878,7889209,3610,152143,20313,18626644
1790115155009410444,8071590,7889513,3610,152538,20323,18626644
1790115155122260615,8072288,7889772,3610,152971,20336,18626644
1790115155235325529,8072992,7890011,3610,153426,20350,18626644
1790115155350353008,8073711,7890266,3610,153881,20363,18626644
1790115155467829961,8074445,7890498,3610,154370,20377,18626644
1790115155582721524,8075162,7890768,3610,154801,20397,18626644
1790115155699403061,8075910,7891061,3610,155228,20411,18626644
1790115155813608146,8076615,7891309,3610,155678,20425,18626644
1790115155927911718,8077360,7891573,3610,156122,20433,18626644
1790115156042576962,8078080,7891823,3610,156577,20446,18626644
1790115156158441832,8078813,7892048,3610,157069,20455,18626644
1790115156273008426,8079538,7892294,3610,157524,20471,18626644
1790115156389575666,8080248,7892551,3610,157977,20493,18626644
1790115156504529799,8080961,7892799,3610,158425,20516,18626644
1790115156619396338,8081677,7893050,3610,158881,20529,18626644
1790115156734323801,8082394,7893299,3610,159341,20540,18626644
1790115156849929481,8083115,7893537,3610,159825,20548,18626644
1790115156965291139,8083840,7893777,3610,160288,20564,18626644
1790115157078659925,8084534,7894054,3610,160701,20581,18626644
1790115157193744003,8085250,7894317,3610,161144,20596,18626644
1790115157308464846,8085968,7894568,3610,161599,20606,18626644
1790115157421766006,8086677,7894830,3610,162037,20618,18626644
1790115157535611177,8087381,7895113,3610,162459,20632,18626644
1790115157649889650,8088101,7895358,3610,162912,20647,18626644
1790115157766089066,8088858,7895619,3610,163367,20658,18626644
1790115157881309671,8089589,7895875,3610,163816,20672,18626644
1790115157995454511,8090298,7896124,3610,164272,20683,18626644
1790115158111444150,8091025,7896368,3610,164744,20693,18626644
1790115158226652322,8091754,7896618,3610,165206,20700,18626644
1790115158342251452,8092469,7896873,3610,165664,20713,18626644
1790115158455463717,8093173,7897127,3610,166105,20728,18626644
1790115158570944680,8093922,7897375,3610,166565,20742,18626644
1790115158685963746,8094654,7897636,3610,167009,20755,18626644
1790115158801378152,8095347,7897895,3610,167456,20775,18626644
1790115158915270406,8096057,7898157,3610,167889,20794,18626644
1790115159034107076,8096801,7898392,3610,168383,20809,18626644
1790115159151897011,8097560,7898650,3610,168847,20821,18626644
1790115159265582729,8098269,7898908,3610,169284,20838,18626644
1790115159381922770,8099022,7899160,3610,169749,20848,18626644
1790115159496896205,8099749,7899407,3610,170205,20864,18626644
1790115159613706773,8100477,7899660,3610,170667,20879,18626644
1790115159728951550,8101212,7899889,3610,171152,20889,18626644
1790115159845653669,8101952,7900155,3610,171606,20903,18626644
1790115159961441456,8102663,7900392,3610,172079,20917,18626644
1790115160078625083,8103394,7900673,3610,172514,20929,18626644
1790115160192918076,8104103,7900924,3610,172964,20946,18626644
1790115160306881736,8104828,7901175,3610,173414,20958,18626644
1790115160422754260,8105559,7901398,3610,173910,20967,18626644
1790115160539355306,8106286,7901647,3610,174372,20985,18626644
1790115160653569323,8107013,7901904,3610,174819,20997,18626644
1790115160770425990,8107736,7902166,3610,175271,21012,18626644
1790115160885072118,8108462,7902407,3610,175733,21026,18626644
1790115160999798756,8109204,7902637,3610,176214,21035,18626644
1790115161115259459,8109945,7902850,3610,176673,21088,18626644
1790115161230756158,8110670,7903086,3610,177147,21103,18626644
1790115161345832175,8111411,7903338,3610,177598,21118,18626644
1790115161460408470,8112137,7903596,3610,178045,21129,18626644
1790115161574385487,8112841,7903847,3610,178492,21144,18626644
1790115161689733352,8113571,7904090,3610,178960,21156,18626644
1790115161806219640,8114313,7904328,3610,179444,21166,18626644
1790115161924040607,8115040,7904574,3610,179916,21182,18626644
1790115162038086369,8115730,7904833,3610,180351,21200,18626644
1790115162153363473,8116426,7905090,3610,180800,21217,18626644
1790115162269012310,8117151,7905338,3610,181268,21226,18626644
1790115162384227504,8117874,7905580,3610,181734,21240,18626644
1790115162499411434,8118596,7905818,3610,182207,21250,18626644
1790115162617437686,8119350,7906064,3610,182682,21266,18626644
1790115162732372514,8120070,7906312,3610,183139,21282,18626644
1790115162847942338,8120790,7906554,3610,183600,21298,18626644
1790115162962814234,8121519,7906830,3610,184035,21309,18626644
1790115163077698361,8122243,7907079,3610,184491,21320,18626644
1790115163192575607,8122963,7907318,3610,184900,21393,18626644
1790115163310063622,8123711,7907563,3610,185381,21404,18626644
1790115163424598855,8124405,7907804,3610,185842,21421,18626644
1790115163538688348,8125126,7908047,3610,186288,21442,18626644
1790115163653482223,8125840,7908322,3610,186722,21456,18626644
1790115163767853546,8126568,7908560,3610,187185,21468,18626644
1790115163885460093,8127301,7908797,3610,187673,21478,18626644
1790115164001212020,8128047,7909032,3610,188157,21490,18626644
1790115164116856694,8128738,7909280,3610,188615,21503,18626644
1790115164230783139,8129457,7909533,3610,189065,21513,18626644
1790115164346873324,8130198,7909783,3610,189533,21524,18626644
1790115164460819529,8130936,7910032,3610,189981,21538,18626644
1790115164577445478,8131684,7910267,3610,190461,21552,18626644
1790115164691112195,8132414,7910516,3610,190915,21563,18626644
1790115164805387789,8133165,7910776,3610,191362,21569,18626644
1790115164920519428,8133888,7911039,3610,191816,21578,18626644
1790115165034071199,8134626,7911298,3610,192247,21593,18626644
1790115165148738514,8135319,7911540,3610,192711,21605,18626644
1790115165263069870,8136063,7911779,3610,193175,21618,18626644
1790115165381015043,8136812,7912011,3610,193662,21639,18626644
1790115165494470652,8137505,7912269,3610,194098,21654,18626644
1790115165609924081,8138247,7912521,3610,194558,21665,18626644
1790115165724831222,8138992,7912772,3610,195009,21682,18626644
1790115165840287162,8139730,7913018,3610,195467,21699,18626644
1790115165954244240,8140432,7913268,3610,195919,21711,18626644
1790115166070090553,8141169,7913487,3610,196358,21781,18626644
1790115166182903186,8141878,7913728,3610,196808,21797,18626644
1790115166305043665,8142671,7914003,3610,197288,21807,18626644
1790115166420634247,8143368,7914243,3610,197756,21820,18626644
1790115166534101285,8144103,7914490,3610,198213,21831,18626644
1790115166647788989,8144821,7914736,3610,198659,21845,18626644
1790115166762048112,8145542,7914966,3610,199133,21857,18626644
1790115166877941400,8146246,7915222,3610,199586,21872,18626644
1790115166991874628,8146942,7915472,3610,200036,21885,18626644
1790115167107288798,8147679,7915718,3610,200499,21896,18626644
1790115167221786144,8148379,7915970,3610,200948,21912,18626644
1790115167335973338,8149079,7916222,3610,201396,21926,18626644
1790115167451429684,8149802,7916457,3610,201878,21936,18626644
1790115167566297028,8150536,7916696,3610,202346,21946,18626644
1790115167681410823,8151281,7916955,3610,202795,21959,18626644
1790115167795232737,8151978,7917196,3610,203257,21972,18626644
1790115167909247177,8152682,7917452,3610,203697,21986,18626644
1790115168023189486,8153397,7917703,3610,204145,22001,18626644
1790115168137219296,8154108,7917929,3610,204597,22036,18626644
1790115168255832688,8154850,7918149,3610,205056,22101,18626644
1790115168370859010,8155575,7918397,3610,205511,22119,18626644
1790115168486289664,8156294,7918639,3610,205980,22131,18626644
1790115168603795229,8157026,7918910,3610,206431,22145,18626644
1790115168717983600,8157743,7919158,3610,206882,22161,18626644
1790115168834446101,8158477,7919385,3610,207363,22180,18626644
1790115168951999216,8159218,7919650,3610,207827,22189,18626644
1790115169066692364,8159917,7919893,3610,208287,22206,18626644
1790115169181399441,8160624,7920129,3610,208755,22221,18626644
1790115169295083645,8161328,7920393,3610,209185,22235,18626644
1790115169409240583,8162038,7920667,3610,209611,22250,18626644
1790115169523073487,8162768,7920920,3610,210067,22259,18626644
1790115169639648499,8163494,7921170,3610,210537,22269,18626644
1790115169753646153,8164222,7921431,3610,210981,22278,18626644
1790115169868334768,8164940,7921692,3610,211425,22291,18626644
1790115169981950485,8165655,7921948,3610,211869,22300,18626644
1790115170095772373,8166388,7922210,3610,212306,22313,18626644
1790115170211856350,8167129,7922456,3610,212779,22323,18626644
1790115170329398350,8167894,7922678,3610,213214,22405,18626644
1790115170445072986,8168630,7922932,3610,213668,22420,18626644
1790115170560877301,8169362,7923187,3610,214123,22433,18626644
1790115170675264960,8170048,7923433,3610,214577,22451,18626644
1790115170789569237,8170754,7923680,3610,215036,22459,18626644
1790115170904708713,8171471,7923932,3610,215492,22471,18626644
1790115171020736426,8172214,7924167,3610,215975,22480,18626644
1790115171135264767,8172914,7924407,3610,216433,22498,18626644
1790115171251490160,8173646,7924651,3610,216902,22512,18626644
1790115171367493355,8174396,7924891,3610,217381,22523,18626644
1790115171482227158,8175105,7925139,3610,217831,22538,18626644
1790115171597528269,8175812,7925386,3610,218292,22554,18626644
1790115171712971483,8176548,7925619,3610,218773,22563,18626644
1790115171829331106,8177290,7925859,3610,219251,22573,18626644
1790115171946415873,8178020,7926104,3610,219726,22585,18626644
1790115172060867567,8178735,7926376,3610,220154,22601,18626644
1790115172174700304,8179442,7926625,3610,220604,22614,18626644
1790115172290883858,8180178,7926877,3610,221070,22625,18626644
1790115172405758257,8180901,7927147,3610,221508,22637,18626644
1790115172520451079,8181605,7927401,3610,221956,22652,18626644
1790115172634903970,8182291,7927649,3610,222406,22671,18626644
1790115172749304490,8183012,7927900,3610,222860,22681,18626644
1790115172865298197,8183778,7928149,3610,223330,22689,18626644
1790115172980341644,8184501,7928419,3610,223767,22701,18626644
1790115173094880211,8185217,7928665,3610,224200,22743,18626644
1790115173211529726,8185939,7928909,3610,224634,22799,18626644
1790115173325699112,8186666,7929154,3610,225088,22812,18626644
1790115173438931060,8187389,7929398,3610,225545,22820,18626644
1790115173552615143,8188111,7929641,3610,226000,22831,18626644
1790115173683017328,8188959,7929916,3610,226526,22844,18626644
1790115173799385368,8189700,7930146,3610,227018,22853,18626644
1790115173915363813,8190426,7930399,3610,227477,22867,18626644
1790115174030063897,8191164,7930688,3610,227897,22877,18626644
1790115174145162182,8191909,7930929,3610,228362,22892,18626644
1790115174260497641,8192626,7931178,3610,228818,22910,18626644
1790115174374989500,8193350,7931462,3610,229235,22923,18626644
1790115174491001551,8194091,7931716,3610,229697,22938,18626644
1790115174606918521,8194847,7931966,3610,230158,22951,18626644
1790115174720650059,8195569,7932210,3610,230612,22964,18626644
1790115174836729494,8196313,7932469,3610,231067,22976,18626644
1790115174950045094,8197007,7932712,3610,231519,22992,18626644
1790115175063871233,8197712,7932971,3610,231962,23003,18626644
1790115175177583885,8198425,7933200,3610,232430,23017,18626644
1790115175291824564,8199150,7933423,3610,232849,23097,18626644
1790115175405946225,8199888,7933707,3610,233266,23108,18626644
1790115175520194083,8200581,7933967,3610,233701,23127,18626644
1790115175634647079,8201306,7934216,3610,234156,23141,18626644
1790115175751991485,8202022,7934477,3610,234617,23153,18626644
1790115175867176029,8202741,7934759,3610,235043,23165,18626644
1790115175984436913,8203495,7935000,3610,235528,23174,18626644
1790115176099128294,8204214,7935252,3610,235978,23190,18626644
1790115176215299338,8204960,7935515,3610,236424,23208,18626644
1790115176328771056,8205658,7935782,3610,236854,23224,18626644
1790115176443764466,8206365,7936033,3610,237310,23235,18626644
1790115176559045908,8207093,7936283,3610,237772,23249,18626644
1790115176676232362,8207830,7936514,3610,238257,23261,18626644
1790115176792305692,8208570,7936756,3610,238728,23276,18626644
1790115176906425381,8209289,7937013,3610,239175,23286,18626644
1790115177019182737,8210000,7937268,3610,239613,23301,18626644
1790115177134176987,8210748,7937552,3610,240033,23315,18626644
1790115177279739824,8211658,7937852,3610,240633,23331,18626644
1790115177394257242,8212392,7938061,3610,241061,23409,18626644
1790115177511397876,8213112,7938301,3610,241537,23425,18626644
1790115177624690886,8213829,7938547,3610,241992,23435,18626644
1790115177739041843,8214513,7938782,3610,242456,23451,18626644
1790115177853266981,8215249,7939047,3610,242892,23464,18626644
1790115177969901300,8215991,7939297,3610,243361,23477,18626644
1790115178085181789,8216723,7939528,3610,243839,23487,18626644
1790115178201318193,8217469,7939767,3610,244313,23501,18626644
1790115178316103834,8218188,7940010,3610,244771,23517,18626644
1790115178430640220,8218886,7940253,3610,245233,23531,18626644
1790115178546558580,8219613,7940495,3610,245698,23547,18626644
1790115178661822979,8220332,7940742,3610,246159,23560,18626644
1790115178775829420,8221043,7940968,3610,246638,23572,18626644
1790115178890809711,8221809,7941223,3610,247091,23586,18626644
1790115179004273461,8222496,7941457,3610,247549,23601,18626644
1790115179118920959,8223229,7941701,3610,248009,23614,18626644
1790115179234190182,8223945,7941957,3610,248457,23631,18626644
1790115179349884562,8224649,7942204,3610,248922,23643,18626644
1790115179464794705,8225389,7942448,3610,249391,23652,18626644
1790115179577616158,8226104,7942703,3610,249830,23666,18626644
1790115179691821754,8226819,7942962,3610,250275,23678,18626644
1790115179805447201,8227521,7943273,3610,250658,23695,18626644
1790115179919723604,8228242,7943516,3610,251117,23711,18626644
1790115180034305508,8228952,7943756,3610,251581,23725,18626644
1790115180150212142,8229697,7943991,3610,252060,23734,18626644
1790115180265184682,8230454,7944218,3610,252481,23809,18626644
1790115180379900254,8231172,7944470,3610,252936,23819,18626644
1790115180493775998,8231892,7944704,3610,253401,23832,18626644
1790115180609559299,8232622,7944962,3610,253857,23845,18626644
1790115180726887137,8233380,7945222,3610,254317,23855,18626644
1790115180841659989,8234071,7945447,3610,254806,23870,18626644
1790115180958364781,8234791,7945714,3610,255247,23887,18626644
1790115181085776107,8235581,7945980,3610,255767,23900,18626644
1790115181200202061,8236286,7946231,3610,256214,23917,18626644
1790115181316096671,8237027,7946489,3610,256667,23929,18626644
1790115181429289923,8237729,7946750,3610,257101,23943,18626644
1790115181544506885,8238453,7947011,3610,257555,23953,18626644
1790115181662891799,8239205,7947258,3610,258033,23971,18626644
1790115181777488844,8239923,7947503,3610,258487,23986,18626644
1790115181893214890,8240671,7947755,3610,258945,23999,18626644
1790115182008331434,8241398,7948010,3610,259399,24012,18626644
1790115182122995216,8242098,7948248,3610,259865,24025,18626644
1790115182236010074,8242840,7948514,3610,260300,24033,18626644
1790115182350270675,8243572,7948746,3610,260696,24124,18626644
1790115182463946607,8244290,7948983,3610,261158,24135,18626644
1790115182579727176,8245028,7949227,3610,261625,24148,18626644
1790115182695290748,8245740,7949473,3610,262086,24164,18626644
1790115182809900034,8246463,7949737,3610,262529,24176,18626644
1790115182925920400,8247190,7949990,3610,262991,24185,18626644
1790115183043933194,8247914,7950227,3610,263479,24200,18626644
1790115183159588137,8248616,7950489,3610,263924,24217,18626644
1790115183273406779,8249315,7950745,3610,264367,24232,18626644
1790115183386871853,8250043,7951000,3610,264811,24244,18626644
1790115183501747024,8250770,7951246,3610,265270,24258,18626644
1790115183615956108,8251497,7951477,3610,265744,24270,18626644
1790115183731056400,8252235,7951719,3610,266213,24281,18626644
1790115183847942197,8252987,7951957,3610,266697,24296,18626644
1790115183961841550,8253682,7952213,3610,267132,24312,18626644
1790115184075962219,8254393,7952454,3610,267589,24329,18626644
1790115184189370527,8255135,7952707,3610,268034,24340,18626644
1790115184306463114,8255870,7952983,3610,268476,24356,18626644
1790115184420349219,8256589,7953220,3610,268945,24365,18626644
1790115184534860515,8257321,7953439,3610,269366,24443,18626644
1790115184650039018,8258026,7953687,3610,269824,24457,18626644
1790115184764672914,8258760,7953923,3610,270294,24470,18626644
1790115184880384280,8259473,7954178,3610,270744,24487,18626644
1790115184994550949,8260187,7954421,3610,271203,24500,18626644
1790115185108082994,8260922,7954665,3610,271666,24511,18626644
1790115185223244533,8261639,7954920,3610,272114,24523,18626644
1790115185337450211,8262386,7955161,3610,272581,24531,18626644
1790115185453463621,8263120,7955398,3610,273056,24543,18626644
1790115185569243146,8263842,7955655,3610,273507,24564,18626644
1790115185683516903,8264542,7955918,3610,273942,24579,18626644
1790115185799232462,8265258,7956144,3610,274429,24591,18626644
1790115185913939930,8265977,7956386,3610,274895,24605,18626644
1790115186029874461,8266698,7956621,3610,275368,24617,18626644
1790115186146487844,8267418,7956865,3610,275842,24631,18626644
1790115186260358375,8268113,7957096,3610,276308,24644,18626644
1790115186374659314,8268824,7957336,3610,276765,24661,18626644
1790115186490287225,8269564,7957557,3610,277266,24669,18626644
1790115186606035757,8270288,7957793,3610,277673,24749,18626644
1790115186723713505,8271002,7958046,3610,278141,24764,18626644
1790115186840110039,8271715,7958289,3610,278610,24780,18626644
1790115186953565229,8272441,7958552,3610,279048,24794,18626644
1790115187069540601,8273149,7958800,3610,279510,24809,18626644
1790115187184242577,8273858,7959047,3610,279965,24821,18626644
1790115187301202257,8274612,7959266,3610,280475,24830,18626644
1790115187416549628,8275314,7959521,3610,280924,24843,18626644
1790115187531621105,8276018,7959773,3610,281379,24856,18626644
1790115187647643075,8276740,7960039,3610,281829,24870,18626644
1790115187763713154,8277471,7960294,3610,282285,24881,18626644
1790115187879404011,8278195,7960532,3610,282759,24896,18626644
1790115187994552490,8278901,7960754,3610,283248,24907,18626644
1790115188110098569,8279619,7960994,3610,283719,24917,18626644
1790115188225164441,8280329,7961232,3610,284185,24932,18626644
1790115188340304275,8281051,7961480,3610,284644,24945,18626644
1790115188462704602,8281799,7961759,3610,285117,24960,18626644
1790115188578501441,8282506,7962005,3610,285584,24973,18626644
1790115188693017954,8283235,7962510,3610,285792,24978,18632276
1790115188805118152,8283950,7963205,3610,285797,24984,18662996
1790115188923357840,8284700,7963384,3610,286349,25001,18662996
1790115189041790821,8285454,7963487,3610,286967,25037,18662996
1790115189156479672,8286190,7963520,3610,287662,25037,18662996
1790115189271128301,8286921,7963603,3610,288309,25037,18662996
1790115189387961255,8287659,7963760,3610,288895,25038,18662996
1790115189502080877,8288394,7963781,3610,289607,25038,18662996
1790115189620209142,8289137,7963897,3610,290235,25040,18662996
1790115189735359427,8289879,7963997,3610,290866,25040,18662996
1790115189849441870,8290607,7964031,3610,291562,25040,18662996
1790115189963855353,8291332,7964148,3610,292173,25040,18662996
1790115190081204321,8292087,7964228,3610,292838,25040,18662996
1790115190195649503,8292810,7964294,3610,293495,25042,18662996
1790115190312197983,8293552,7964414,3610,294119,25043,18662996
1790115190429171316,8294301,7964528,3610,294749,25043,18662996
1790115190543503135,8295015,7964604,3610,295400,25046,18662996
1790115190660909597,8295760,7964715,3610,296036,25046,18662996
1790115190777341355,8296509,7964804,3610,296686,25046,18662996
1790115190891582586,8297242,7964886,3610,297328,25047,18662996
1790115191008561398,8297994,7965022,3610,297938,25048,18662996
1790115191122178203,8298721,7965047,3610,298638,25048,18662996
1790115191235719535,8299436,7965127,3610,299281,25049,18662996
1790115191354528651,8300196,7965257,3610,299902,25049,18662996
1790115191468641344,8300925,7965288,3610,300598,25049,18662996
1790115191586462577,8301684,7965373,3610,301266,25049,18662996
1790115191699857397,8302410,7965492,3610,301870,25049,18662996
1790115191813826701,8303135,7965518,3610,302568,25052,18662996
1790115191929017039,8303870,7965643,3610,303128,25097,18662996
1790115192046196133,8304617,7965733,3610,303772,25108,18662996
1790115192160570419,8305348,7965785,3610,304438,25116,18662996
1790115192275734237,8306080,7965887,3610,305040,25150,18662996
1790115192392814578,8306834,7965987,3610,305683,25150,18662996
1790115192507105967,8307556,7966096,3610,306301,25151,18662996
1790115192624706104,8308303,7966224,3610,306923,25151,18662996
1790115192743206326,8309062,7966371,3610,307525,25152,18662996
1790115192871211690,8309880,7966570,3610,308140,25152,18662996
1790115192989036583,8310636,7966629,3610,308839,25152,18662996
1790115193107728926,8311393,7966738,3610,309480,25152,18662996
1790115193221232243,8312122,7966877,3610,310062,25152,18662996
1790115193343998291,8312899,7967001,3610,310719,25153,18662996
1790115193461172365,8313647,7967120,3610,311344,25153,18662996
1790115193578452898,8314391,7967245,3610,311962,25155,18662996
1790115193695654904,8315133,7967368,3610,312583,25155,18662996
1790115193809545369,8315864,7967390,3610,313289,25155,18662996
1790115193923934749,8316595,7967474,3610,313933,25155,18662996
1790115194041242288,8317348,7967594,3610,314556,25156,18662996
1790115194158427694,8318100,7967732,3610,315161,25157,18662996
1790115194275603335,8318845,7967893,3610,315748,25157,18662996
1790115194393573614,8319606,7968048,3610,316338,25157,18662996
1790115194510833372,8320360,7968136,3610,317001,25157,18662996
1790115194627918825,8321109,7968213,3610,317670,25157,18662996
1790115194741908646,8321842,7968292,3610,318315,25157,18662996
1790115194859049913,8322596,7968407,3610,318946,25157,18662996
1790115194972949845,8323315,7968542,3610,319536,25157,18662996
1790115195090234701,8324064,7968650,3610,320171,25157,18662996
1790115195207335445,8324813,7968802,3610,320763,25157,18662996
1790115195324093964,8325552,7968959,3610,321348,25159,18662996
1790115195441743986,8326301,7969055,3610,322004,25159,18662996
1790115195556395730,8327042,7969125,3610,322659,25159,18662996
1790115195672052952,8327784,7969230,3610,323291,25159,18662996
1790115195789119362,8328532,7969390,3610,323877,25159,18662996
1790115195916519145,8329344,7969534,3610,324538,25162,18662996
1790115196033752406,8330092,7969628,3610,325194,25162,18662996
1790115196150329125,8330847,7969767,3610,325793,25162,18662996
1790115196270206925,8331616,7969974,3610,326349,25162,18662996
1790115196384710325,8332345,7970020,3610,327039,25162,18662996
1790115196501085349,8333088,7970136,3610,327656,25164,18662996
1790115196616212153,8333821,7970301,3610,328222,25164,18662996
1790115196737207102,8334593,7970435,3610,328856,25166,18662996
1790115196862209965,8335396,7970563,3610,329523,25166,18662996
1790115196985213807,8336194,7970727,3610,330141,25166,18662996
1790115197105350641,8336962,7970853,3610,330780,25166,18662996
1790115197225050567,8337730,7970877,3610,331521,25166,18662996
1790115197340196887,8338456,7970969,3610,332159,25167,18662996
1790115197457524225,8339211,7971125,3610,332748,25167,18662996
1790115197574684875,8339957,7971256,3610,333366,25168,18662996
1790115197691900429,8340705,7971386,3610,333981,25168,18662996
1790115197809003822,8341451,7971523,3610,334587,25169,18662996
1790115197925392409,8342192,7971670,3610,335177,25170,18662996
1790115198042456856,8342940,7971812,3610,335780,25170,18662996
1790115198161083201,8343702,7971929,3610,336418,25171,18662996
1790115198278343115,8344449,7972062,3610,337031,25171,18662996
1790115198394485876,8345193,7972246,3610,337584,25171,18662996
1790115198509508761,8345928,7972377,3610,338185,25171,18662996
1790115198629209494,8346701,7972515,3610,338811,25171,18662996
1790115198749206826,8347475,7972658,3610,339430,25171,18662996
1790115198866317961,8348224,7972744,3610,340090,25171,18662996
1790115198980634062,8348951,7972789,3610,340771,25171,18662996
1790115199100781648,8349718,7972955,3610,341374,25171,18662996
1790115199217658749,8350467,7973122,3610,341949,25171,18662996
1790115199330589226,8351180,7973253,3610,342532,25172,18662996
1790115199447341036,8351923,7973394,3610,343135,25173,18662996
1790115199564662682,8352672,7973523,3610,343755,25174,18662996
1790115199681740894,8353419,7973722,3610,344300,25174,18662996
1790115199796430443,8354155,7973748,3610,345002,25174,18662996
1790115199910670676,8354888,7973844,3610,345636,25174,18662996
1790115200027808456,8355638,7973994,3610,346230,25174,18662996
1790115200145014816,8356385,7974137,3610,346830,25175,18662996
1790115200262026650,8357129,7974229,3610,347481,25176,18662996
1790115200376194117,8357861,7974389,3610,348047,25176,18662996
1790115200493647256,8358616,7974482,3610,348698,25176,18662996
1790115200610848488,8359367,7974604,3610,349328,25176,18662996
1790115200725176036,8360099,7974675,3610,349982,25176,18662996
1790115200842357872,8360846,7974780,3610,350622,25176,18662996
1790115200958858904,8361589,7974975,3610,351171,25176,18662996
1790115201074627566,8362323,7975092,3610,351786,25177,18662996
1790115201191753481,8363072,7975226,3610,352403,25177,18662996
1790115201309801500,8363824,7975364,3610,353012,25178,18662996
1790115201424645552,8364557,7975464,3610,353639,25178,18662996
1790115201538960258,8365291,7975502,3610,354334,25178,18662996
1790115201652506598,8366019,7975605,3610,354949,25178,18662996
1790115201769583825,8366771,7975701,3610,355601,25178,18662996
1790115201883693971,8367499,7975828,3610,356201,25178,18662996
1790115201999031193,8368235,7975983,3610,356777,25180,18662996
1790115202116303592,8368989,7976180,3610,357324,25180,18662996
1790115202233560176,8369736,7976372,3610,357884,25180,18662996
1790115202347650209,8370468,7976424,3610,358553,25180,18662996
1790115202462231415,8371208,7976502,3610,359205,25180,18662996
1790115202579369695,8371953,7976633,3610,359818,25180,18662996
1790115202696373335,8372707,7976794,3610,360400,25180,18662996
1790115202813593348,8373457,7976873,3610,361067,25180,18662996
1790115202929215647,8374195,7977030,3610,361647,25181,18662996
1790115203045982249,8374934,7977175,3610,362246,25181,18662996
1790115203162848827,8375681,7977247,3610,362917,25182,18662996
1790115203277411363,8376409,7977307,3610,363581,25182,18662996
1790115203396205532,8377176,7977403,3610,364243,25182,18662996
1790115203515068784,8377939,7977579,3610,364824,25182,18662996
1790115203631395503,8378681,7977691,3610,365449,25182,18662996
1790115203748283608,8379432,7977816,3610,366069,25183,18662996
1790115203864469616,8380181,7977940,3610,366685,25183,18662996
1790115203982053114,8380942,7978023,3610,367350,25183,18662996
1790115204096909557,8381669,7978067,3610,368039,25183,18662996
1790115204212171962,8382417,7978187,3610,368651,25183,18662996
1790115204329104306,8383167,7978336,3610,369249,25183,18662996
1790115204446634579,8383916,7978449,3610,369881,25183,18662996
1790115204560230078,8384645,7978595,3610,370457,25183,18662996
1790115204677062426,8385387,7978759,3610,371035,25185,18662996
1790115204793943302,8386126,7978882,3610,371656,25186,18662996
1790115204907679906,8386855,7978903,3610,372362,25186,18662996
1790115205021411011,8387591,7978988,3610,372995,25187,18662996
1790115205138404062,8388336,7979137,3610,373589,25187,18662996
1790115205255598602,8389074,7979307,3610,374159,25188,18662996
1790115205372491578,8389826,7979402,3610,374812,25188,18662996
1790115205486154490,8390550,7979554,3610,375376,25192,18662996
1790115205603363513,8391299,7979687,3610,375987,25193,18662996
1790115205720524041,8392048,7979812,3610,376608,25193,18662996
1790115205834628833,8392770,7979911,3610,377233,25194,18662996
1790115205951859411,8393513,7980045,3610,377849,25195,18662996
1790115206068933671,8394269,7980187,3610,378450,25195,18662996
1790115206179921264,8394971,7980301,3610,379042,25197,18662996
1790115206296861834,8395718,7980376,3610,379712,25197,18662996
1790115206429669022,8396570,7980556,3610,380378,25197,18662996
1790115206546734277,8397320,7980637,3610,381043,25197,18662996
1790115206660901237,8398052,7980683,3610,381722,25197,18662996
1790115206777353864,8398800,7980804,3610,382339,25197,18662996
1790115206894193854,8399543,7980972,3610,382916,25198,18662996
1790115207011978722,8400285,7981089,3610,383546,25199,18662996
1790115207129237319,8401036,7981219,3610,384161,25199,18662996
1790115207246443298,8401787,7981376,3610,384746,25199,18662996
1790115207363468013,8402533,7981503,3610,385364,25200,18662996
1790115207477118480,8403262,7981528,3610,386066,25200,18662996
1790115207592689066,8403993,7981613,3610,386716,25201,18662996
1790115207709051408,8404747,7981735,3610,387333,25201,18662996
1790115207825864332,8405480,7981901,3610,387908,25202,18662996
1790115207942939213,8406230,7982025,3610,388530,25202,18662996
1790115208059953982,8406975,7982170,3610,389127,25203,18662996
1790115208177208113,8407739,7982249,3610,389794,25203,18662996
1790115208294082980,8408485,7982358,3610,390429,25203,18662996
1790115208408271283,8409217,7982453,3610,391057,25204,18662996
1790115208525070520,8409966,7982539,3610,391717,25204,18662996
1790115208639945541,8410702,7982712,3610,392274,25204,18662996
1790115208756778843,8411456,7982817,3610,392914,25204,18662996
1790115208874091750,8412212,7982990,3610,393483,25204,18662996
1790115208990852021,8412958,7983110,3610,394107,25204,18662996
1790115209107948378,8413704,7983187,3610,394774,25204,18662996
1790115209221742920,8414436,7983233,3610,395451,25206,18662996
1790115209337838316,8415175,7983365,3610,396057,25206,18662996
1790115209454788884,8415925,7983446,3610,396721,25206,18662996
1790115209569012489,8416657,7983509,3610,397383,25206,18662996
1790115209685612823,8417403,7983610,3610,398026,25206,18662996
1790115209802671354,8418150,7983695,3610,398688,25207,18662996
1790115209916919318,8418875,7983767,3610,399339,25209,18662996
1790115210034209394,8419630,7983885,3610,399967,25209,18662996
1790115210147586506,8420350,7983912,3610,400659,25209,18662996
1790115210261736781,8421077,7983996,3610,401305,25210,18662996
1790115210378874593,8421824,7984121,3610,401924,25210,18662996
1790115210493273674,8422561,7984143,3610,402631,25210,18662996
1790115210608355887,8423300,7984235,3610,403270,25210,18662996
1790115210723191385,8424040,7984448,3610,403788,25210,18662996
1790115210837765315,8424776,7984492,3610,404484,25210,18662996
1790115210956180636,8425531,7984607,3610,405113,25211,18662996
1790115211071241440,8426269,7984718,3610,405734,25211,18662996
1790115211185789035,8427005,7984767,3610,406416,25211,18662996
1790115211299432913,8427737,7984884,3610,407019,25211,18662996
1790115211426919049,8428555,7984995,3610,407724,25211,18662996
1790115211541521219,8429296,7985060,3610,408383,25212,18662996
1790115211658977471,8430052,7985165,3610,409029,25212,18662996
1790115211775956442,8430802,7985275,3610,409664,25212,18662996
1790115211890234880,8431539,7985359,3610,410304,25215,18662996
1790115212007318623,8432295,7985470,3610,410935,25215,18662996
1790115212124226374,8433037,7985548,3610,411603,25215,18662996
1790115212238675203,8433768,7985635,3610,412252,25216,18662996
1790115212354326473,8434487,7985866,3610,412673,25278,18662996
1790115212471207914,8435224,7986021,3610,412803,25734,18662996
1790115212587834114,8435947,7986190,3610,413051,26054,18662996
1790115212702916497,8436645,7986453,3610,413491,26071,18662996
1790115212817839885,8437385,7986696,3610,413953,26084,18662996
1790115212931849947,8438085,7986948,3610,414402,26097,18662996
1790115213047423612,8438816,7987191,3610,414868,26113,18662996
1790115213164231547,8439538,7987436,3610,415346,26122,18662996
1790115213277784187,8440243,7987677,3610,415805,26135,18662996
1790115213394717699,8440932,7987931,3610,416267,26148,18662996
1790115213510066932,8441654,7988188,3610,416712,26168,18662996
1790115213623057817,8442373,7988444,3610,417152,26179,18662996
1790115213737386185,8443101,7988688,3610,417616,26188,18662996
1790115213850897427,8443831,7988927,3610,418080,26197,18662996
1790115213968821610,8444575,7989174,3610,418557,26212,18662996
1790115214082195161,8445277,7989428,3610,418992,26230,18662996
1790115214198205867,8446000,7989709,3610,419424,26242,18662996
1790115214312737054,8446699,7989973,3610,419866,26255,18662996
1790115214425906566,8447409,7990232,3610,420302,26268,18662996
1790115214538912973,8448125,7990482,3610,420746,26283,18662996
1790115214653733645,8448827,7990730,3610,421199,26300,18662996
1790115214771025484,8449548,7990997,3610,421579,26386,18662996
1790115214885705188,8450245,7991255,3610,422030,26397,18662996
1790115214998629089,8450939,7991495,3610,422483,26411,18662996
1790115215113379892,8451660,7991742,3610,422940,26426,18662996
1790115215228089619,8452381,7991978,3610,423409,26437,18662996
1790115215343939801,8453108,7992241,3610,423856,26454,18662996
1790115215459712498,8453801,7992480,3610,424324,26469,18662996
1790115215574039468,8454515,7992756,3610,424752,26483,18662996
1790115215686495545,8455240,7993007,3610,425189,26498,18662996
1790115215799598010,8455947,7993258,3610,425633,26512,18662996
1790115215913625768,8456656,7993500,3610,426096,26524,18662996
1790115216031387201,8457386,7993752,3610,426561,26543,18662996
1790115216144467538,8458101,7993992,3610,426954,26621,18662996
1790115216260517678,8458846,7994229,3610,427430,26631,18662996
1790115216376073388,8459563,7994487,3610,427881,26645,18662996
1790115216489702000,8460268,7994736,3610,428332,26655,18662996
1790115216604776379,8460968,7995003,3610,428772,26668,18662996
1790115216721283592,8461714,7995230,3610,429260,26680,18662996
1790115216836808820,8462449,7995479,3610,429722,26694,18662996
1790115216951395917,8463163,7995724,3610,430177,26711,18662996
1790115217066553072,8463894,7995997,3610,430611,26721,18662996
1790115217181968934,8464636,7996247,3610,431071,26734,18662996
1790115217297430068,8465368,7996504,3610,431526,26745,18662996
1790115217413200401,8466119,7996729,3610,432021,26755,18662996
1790115217527552401,8466838,7996954,3610,432432,26828,18662996
1790115217640968784,8467547,7997200,3610,432872,26855,18662996
1790115217756966331,8468298,7997457,3610,433327,26869,18662996
1790115217872795202,8469020,7997708,3610,433784,26884,18662996
1790115217986889883,8469746,7997951,3610,434242,26897,18662996
1790115218100902764,8470480,7998174,3610,434725,26912,18662996
1790115218214990665,8471206,7998436,3610,435160,26924,18662996
1790115218328272485,8471928,7998690,3610,435603,26938,18662996
1790115218443953620,8472648,7998972,3610,436025,26957,18662996
1790115218556550191,8473373,7999223,3610,436467,26968,18662996
1790115218672303303,8474114,7999481,3610,436926,26977,18662996
1790115218788802508,8474847,7999704,3610,437420,26987,18662996
1790115218905392551,8475594,7999955,3610,437886,27001,18662996
1790115219021697961,8476304,8000177,3610,438315,27081,18662996
1790115219136971220,8477019,8000413,3610,438785,27092,18662996
1790115219250695293,8477735,8000655,3610,439244,27104,18662996
1790115219366080011,8478445,8000899,3610,439713,27117,18662996
1790115219482255229,8479156,8001117,3610,440206,27129,18662996
1790115219599782042,8479895,8001357,3610,440690,27140,18662996
1790115219714763538,8480618,8001613,3610,441138,27155,18662996
1790115219829903171,8481349,8001852,3610,441604,27171,18662996
1790115219945528261,8482078,8002120,3610,442050,27183,18662996
1790115220059572104,8482799,8002378,3610,442489,27196,18662996
1790115220175333526,8483539,8002599,3610,442983,27206,18662996
1790115220288047111,8484249,8002843,3610,443437,27221,18662996
1790115220403324825,8484972,8003094,3610,443889,27233,18662996
1790115220517829714,8485714,8003372,3610,444314,27249,18662996
1790115220632842891,8486434,8003628,3610,444765,27260,18662996
1790115220747698822,8487175,8003879,3610,445220,27272,18662996
1790115220863308578,8487897,8004134,3610,445679,27284,18662996
1790115220978675648,8488614,8004370,3610,446153,27299,18662996
1790115221091701674,8489322,8004595,3610,446556,27377,18662996
1790115221204546725,8490043,8004855,3610,446992,27388,18662996
1790115221320113401,8490778,8005099,3610,447463,27398,18662996
1790115221446409840,8491593,8005391,3610,447944,27412,18662996
1790115221560321343,8492315,8005638,3610,448403,27425,18662996
1790115221681796500,8493049,8005917,3610,448869,27437,18662996
1790115221795080553,8493781,8006155,3610,449323,27454,18662996
1790115221910570416,8494515,8006408,3610,449778,27470,18662996
1790115222027291238,8495247,8006693,3610,450211,27481,18662996
1790115222142931601,8495960,8006939,3610,450671,27499,18662996
1790115222258074666,8496709,8007204,3610,451114,27513,18662996
1790115222376966604,8497450,8007478,3610,451575,27525,18662996
1790115222490410371,8498147,8007702,3610,451975,27612,18662996
1790115222604747792,8498866,8007935,3610,452446,27623,18662996
1790115222719664028,8499594,8008183,3610,452906,27638,18662996
1790115222834432977,8500310,8008420,3610,453370,27652,18662996
1790115222948219918,8501015,8008666,3610,453824,27666,18662996
1790115223062670282,8501737,8008922,3610,454272,27677,18662996
1790115223178257427,8502494,8009178,3610,454723,27691,18662996
1790115223293606895,8503250,8009423,3610,455192,27701,18662996
1790115223409122030,8503962,8009673,3610,455648,27717,18662996
1790115223525622773,8504699,8009926,3610,456110,27731,18662996
1790115223640653463,8505439,8010171,3610,456574,27741,18662996
1790115223754719273,8506143,8010404,3610,457049,27751,18662996
1790115223870169549,8506868,8010689,3610,457473,27762,18662996
1790115223985264350,8507599,8010922,3610,457885,27839,18662996
1790115224101418143,8508313,8011159,3610,458360,27852,18662996
1790115224217334277,8509061,8011409,3610,458824,27867,18662996
1790115224332197120,8509774,8011652,3610,459282,27880,18662996
1790115224447971851,8510493,8011901,3610,459753,27888,18662996
1790115224563728296,8511211,8012163,3610,460200,27899,18662996
1790115224679641625,8511916,8012407,3610,460667,27916,18662996
1790115224795476847,8512658,8012643,3610,461142,27928,18662996
1790115224911021820,8513380,8012884,3610,461608,27943,18662996
1790115225025674843,8514103,8013138,3610,462062,27956,18662996
1790115225141310434,8514825,8013369,3610,462539,27969,18662996
1790115225258553535,8515553,8013604,3610,463024,27984,18662996
1790115225375230092,8516282,8013872,3610,463425,28046,18662996
1790115225490556041,8516979,8014120,3610,463884,28060,18662996
1790115225604013820,8517669,8014381,3610,464319,28074,18662996
1790115225720067340,8518392,8014625,3610,464790,28086,18662996
1790115225836091783,8519119,8014878,3610,465260,28094,18662996
1790115225951525133,8519842,8015118,3610,465727,28108,18662996
1790115226064970500,8520551,8015354,3610,466168,28142,18662996
1790115226178317875,8521240,8015622,3610,466595,28158,18662996
1790115226291923596,8521947,8015891,3610,467027,28167,18662996
1790115226405252279,8522662,8016126,3610,467490,28180,18662996
1790115226521611381,8523399,8016351,3610,467983,28194,18662996
1790115226634550831,8524110,8016593,3610,468435,28206,18662996
1790115226751391631,8524862,8016842,3610,468903,28220,18662996
1790115226866351814,8525608,8017093,3610,469365,28230,18662996
1790115226980294532,8526309,8017337,3610,469820,28241,18662996
1790115227096621450,8527038,8017620,3610,470249,28255,18662996
1790115227211856456,8527759,8017892,3610,470688,28268,18662996
1790115227330810603,8528489,8018131,3610,471181,28280,18662996
1790115227448060170,8529231,8018354,3610,471618,28355,18662996
1790115227562266767,8529942,8018616,3610,472058,28370,18662996
1790115227676566804,8530658,8018875,3610,472499,28384,18662996
1790115227792954630,8531389,8019117,3610,472974,28395,18662996
1790115227906326384,8532097,8019369,3610,473421,28405,18662996
1790115228023555934,8532825,8019620,3610,473894,28418,18662996
1790115228136898600,8533530,8019864,3610,474340,28435,18662996
1790115228250700718,8534249,8020117,3610,474784,28451,18662996
1790115228367292521,8534971,8020366,3610,475249,28466,18662996
1790115228482816071,8535712,8020623,3610,475702,28479,18662996
1790115228598731372,8536431,8020872,3610,476168,28491,18662996
1790115228714749043,8537162,8021127,3610,476634,28500,18662996
1790115228830231991,8537900,8021379,3610,477093,28510,18662996
1790115228945477368,8538650,8021617,3610,477497,28589,18662996
1790115229060365523,8539367,8021859,3610,477959,28607,18662996
1790115229175382140,8540105,8022155,3610,478368,28622,18662996
1790115229291497743,8540821,8022396,3610,478840,28637,18662996
1790115229405284753,8541536,8022637,3610,479301,28649,18662996
1790115229521114408,8542269,8022935,3610,479713,28663,18662996
1790115229637081710,8542988,8023186,3610,480171,28680,18662996
1790115229750886901,8543674,8023458,3610,480597,28696,18662996
1790115229867207802,8544395,8023712,3610,481055,28710,18662996
1790115229982312597,8545111,8023973,3610,481506,28721,18662996
1790115230097618379,8545831,8024201,3610,481989,28731,18662996
1790115230212785076,8546540,8024460,3610,482437,28745,18662996
1790115230328404864,8547276,8024714,3610,482831,28825,18662996
1790115230443288623,8547995,8025015,3610,483235,28839,18662996
1790115230557651457,8548709,8025323,3610,483630,28852,18662996
1790115230672578823,8549413,8025563,3610,484093,28867,18662996
1790115230789886901,8550153,8025814,3610,484566,28878,18662996
1790115230903587448,8550855,8026056,3610,485022,28893,18662996
1790115231019631730,8551580,8026308,3610,485488,28903,18662996
1790115231135956950,8552324,8026558,3610,485952,28915,18662996
1790115231249190081,8553045,8026801,3610,486405,28928,18662996
1790115231363310368,8553736,8027053,3610,486854,28941,18662996
1790115231499067597,8554576,8027327,3610,487417,28956,18662996
1790115231611524934,8555313,8027604,3610,487835,28969,18662996
1790115231726165868,8556049,8027846,3610,488302,28981,18662996
1790115231840856308,8556751,8028092,3610,488751,28999,18662996
1790115231955888732,8557492,8028350,3610,489200,29013,18662996
1790115232070965031,8558227,8028601,3610,489655,29026,18662996
1790115232185200217,8558943,8028846,3610,490112,29041,18662996
1790115232303064348,8559684,8029081,3610,490601,29053,18662996
1790115232418195241,8560395,8029323,3610,491030,29101,18662996
1790115232531815360,8561144,8029548,3610,491462,29156,18662996
1790115232646853466,8561871,8029814,3610,491902,29170,18662996
1790115232762067461,8562610,8030069,3610,492354,29183,18662996
1790115232878016144,8563327,8030328,3610,492810,29195,18662996
1790115233014078961,8564175,8030602,3610,493379,29207,18662996
1790115233131239417,8564901,8030841,3610,493858,29220,18662996
1790115233245367415,8565626,8031116,3610,494288,29230,18662996
1790115233360468471,8566363,8031362,3610,494755,29239,18662996
1790115233476242732,8567097,8031610,3610,495220,29251,18662996
1790115233593521287,8567828,8031888,3610,495667,29260,18662996
1790115233712188958,8568563,8032150,3610,496126,29280,18662996
1790115233826826594,8569289,8032394,3610,496583,29296,18662996
1790115233943788640,8570029,8032628,3610,497004,29377,18662996
1790115234057680283,8570755,8032871,3610,497457,29395,18662996
1790115234173274132,8571496,8033119,3610,497915,29408,18662996
1790115234286177655,8572197,8033360,3610,498369,29421,18662996
1790115234404488896,8572947,8033617,3610,498843,29433,18662996
1790115234519030842,8573660,8033876,3610,499285,29448,18662996
1790115234634890097,8574380,8034123,3610,499753,29460,18662996
1790115234749909509,8575136,8034399,3610,500185,29469,18662996
1790115234865028575,8575860,8034655,3610,500636,29483,18662996
1790115234981129912,8576595,8034903,3610,501103,29495,18662996
1790115235097753565,8577315,8035148,3610,501576,29508,18662996
1790115235212714897,8578028,8035400,3610,502029,29523,18662996
1790115235327081158,8578728,8035626,3610,502440,29605,18662996
1790115235442766561,8579445,8035886,3610,502891,29616,18662996
1790115235556992797,8580162,8036155,3610,503326,29628,18662996
1790115235671178104,8580908,8036393,3610,503790,29639,18662996
1790115235787821929,8581649,8036646,3610,504251,29657,18662996
1790115235903829794,8582370,8036901,3610,504712,29668,18662996
1790115236019466964,8583116,8037159,3610,505168,29681,18662996
1790115236134352533,8583836,8037419,3610,505610,29692,18662996
1790115236247172612,8584544,8037672,3610,506048,29710,18662996
1790115236361587685,8585259,8037910,3610,506519,29719,18662996
1790115236503572736,8586158,8038219,3610,507089,29732,18662996
1790115236618484277,8586891,8038471,3610,507544,29743,18662996
1790115236731942659,8587612,8038718,3610,507996,29757,18662996
1790115236846122110,8588310,8038986,3610,508430,29773,18662996
1790115236961050840,8589025,8039237,3610,508882,29785,18662996
1790115237075403755,8589749,8039490,3610,509329,29799,18662996
1790115237190199903,8590485,8039736,3610,509788,29811,18662996
1790115237305770038,8591185,8039968,3610,510264,29828,18662996
1790115237420859109,8591895,8040190,3610,510677,29912,18662996
1790115237538053559,8592641,8040443,3610,511141,29931,18662996
1790115237654307519,8593378,8040699,3610,511597,29943,18662996
1790115237769025241,8594090,8040965,3610,512037,29957,18662996
1790115237886592449,8594797,8041196,3610,512531,29968,18662996
1790115238000531277,8595506,8041450,3610,512978,29981,18662996
1790115238115200355,8596230,8041694,3610,513434,30000,18662996
1790115238230527342,8596946,8041971,3610,513864,30014,18662996
1790115238344106111,8597669,8042234,3610,514298,30027,18662996
1790115238458675332,8598385,8042511,3610,514721,30044,18662996
1790115238576188911,8599126,8042752,3610,515207,30055,18662996
1790115238692380528,8599874,8043004,3610,515669,30071,18662996
1790115238807340297,8600591,8043262,3610,516098,30098,18662996
1790115238923487275,8601323,8043501,3610,516520,30172,18662996
1790115239036803129,8602042,8043745,3610,516967,30186,18662996
1790115239152007976,8602754,8043986,3610,517428,30203,18662996
1790115239268001587,8603476,8044217,3610,517916,30217,18662996
1790115239385937507,8604226,8044459,3610,518392,30231,18662996
1790115239499780338,8604954,8044702,3610,518844,30249,18662996
1790115239615046712,8605669,8044955,3610,519298,30266,18662996
1790115239730743013,8606404,8045198,3610,519764,30278,18662996
1790115239845277281,8607129,8045449,3610,520220,30288,18662996
1790115239961108866,8607845,8045711,3610,520673,30301,18662996
1790115240079208107,8608589,8045963,3610,521146,30315,18662996
1790115240194542532,8609337,8046203,3610,521614,30330,18662996
1790115240310405179,8610086,8046426,3610,522031,30416,18662996
1790115240423948291,8610803,8046666,3610,522490,30426,18662996
1790115240538479783,8611528,8046904,3610,522958,30437,18662996
1790115240652963160,8612261,8047152,3610,523415,30450,18662996
1790115240769645602,8612985,8047393,3610,523893,30459,18662996
1790115240885777170,8613735,8047637,3610,524361,30475,18662996
1790115241000686561,8614471,8047892,3610,524811,30488,18662996
1790115241114064338,8615174,8048188,3610,525216,30497,18662996
1790115241228919979,8615911,8048434,3610,525675,30510,18662996
1790115241344414109,8616639,8048687,3610,526138,30522,18662996
1790115241460243108,8617368,8048919,3610,526617,30533,18662996
1790115241577618592,8618110,8049166,3610,527094,30547,18662996
1790115241690779753,8618825,8049424,3610,527457,30634,18662996
1790115241806774764,8619552,8049678,3610,527914,30647,18662996
1790115241922662669,8620282,8049939,3610,528366,30661,18662996
1790115242037007880,8620983,8050177,3610,528824,30677,18662996
1790115242151936171,8621728,8050407,3610,529301,30691,18662996
1790115242267109232,8622440,8050670,3610,529745,30706,18662996
1790115242382092639,8623174,8050922,3610,530201,30719,18662996
1790115242497188049,8623879,8051191,3610,530638,30733,18662996
1790115242610960085,8624602,8051459,3610,531074,30745,18662996
1790115242726309940,8625334,8051720,3610,531523,30755,18662996
1790115242842317798,8626034,8051976,3610,531983,30765,18662996
1790115242958846571,8626789,8052228,3610,532453,30775,18662996
1790115243072858743,8627521,8052480,3610,532897,30791,18662996
1790115243188863211,8628229,8052744,3610,533347,30802,18662996
1790115243304490329,8628966,8053027,3610,533774,30815,18662996
1790115243418356378,8629667,8053271,3610,534233,30829,18662996
1790115243533265306,8630399,8053500,3610,534713,30838,18662996
1790115243649576729,8631127,8053757,3610,535167,30855,18662996
1790115243766938084,8631861,8054003,3610,535628,30881,18662996
1790115243881419772,8632573,8054219,3610,536045,30964,18662996
1790115243996634369,8633289,8054490,3610,536479,30979,18662996
1790115244112329205,8634028,8054742,3610,536942,30992,18662996
1790115244228116597,8634752,8054975,3610,537422,31003,18662996
1790115244343768841,8635490,8055217,3610,537888,31015,18662996
1790115244457461803,8636210,8055454,3610,538352,31026,18662996
1790115244572442289,8636930,8055698,3610,538812,31042,18662996
1790115244689120336,8637653,8055950,3610,539276,31059,18662996
1790115244804211747,8638380,8056212,3610,539717,31068,18662996
1790115244920863829,8639115,8056427,3610,540228,31079,18662996
1790115245035502107,8639843,8056685,3610,540671,31089,18662996
1790115245150430974,8640544,8056953,3610,541111,31102,18662996
1790115245265310518,8641273,8057199,3610,541502,31183,18662996
1790115245379659884,8641992,8057444,3610,541963,31196,18662996
1790115245494051062,8642687,8057700,3610,542407,31210,18662996
1790115245609290931,8643409,8057950,3610,542868,31223,18662996
1790115245725698609,8644149,8058175,3610,543357,31234,18662996
1790115245842815884,8644881,8058445,3610,543804,31249,18662996
1790115245956672293,8645597,8058679,3610,544270,31263,18662996
1790115246069824325,8646321,8058952,3610,544692,31278,18662996
1790115246184553610,8647034,8059192,3610,545154,31291,18662996
1790115246300185334,8647774,8059432,3610,545624,31303,18662996
1790115246414703162,8648491,8059672,3610,546094,31310,18662996
1790115246527742726,8649184,8059919,3610,546543,31323,18662996
1790115246643577261,8649884,8060160,3610,546944,31405,18662996
1790115246758640433,8650598,8060409,3610,547401,31418,18662996
1790115246873385775,8651310,8060665,3610,547847,31433,18662996
1790115246988320257,8652038,8060906,3610,548318,31444,18662996
1790115247103175806,8652764,8061365,3610,548567,31454,18677588
1790115247215061054,8653478,8061977,3610,548656,31458,18698068
1790115247328869681,8654204,8062102,3610,549254,31460,18698068
1790115247440222024,8654917,8062239,3610,549825,31460,18698068
1790115247554634627,8655644,8062271,3610,550524,31460,18698068
1790115247669439268,8656372,8062409,3610,551114,31461,18698068
1790115247786764202,8657120,8062505,3610,551769,31461,18698068
1790115247901225695,8657856,8062604,3610,552394,31461,18698068
1790115248018621096,8658604,8062741,3610,553002,31461,18698068
1790115248136175357,8659359,8062866,3610,553629,31461,18698068
1790115248250639044,8660078,8062983,3610,554235,31462,18698068
1790115248367887397,8660822,8063135,3610,554833,31463,18698068
1790115248482552781,8661559,8063186,3610,555510,31463,18698068
1790115248598191574,8662303,8063311,3610,556122,31463,18698068
1790115248713109284,8663029,8063438,3610,556727,31464,18698068
1790115248827399905,8663754,8063490,3610,557402,31465,18698068
1790115248943380179,8664505,8063623,3610,558004,31465,18698068
1790115249060598882,8665249,8063707,3610,558666,31465,18698068
1790115249174901216,8665992,8063776,3610,559328,31465,18698068
1790115249291129278,8666739,8063906,3610,559938,31465,18698068
1790115249407163953,8667480,8064013,3610,560570,31465,18698068
1790115249521221675,8668210,8064131,3610,561176,31465,18698068
1790115249638437555,8668961,8064322,3610,561730,31465,18698068
1790115249752093112,8669691,8064375,3610,562404,31465,18698068
1790115249867216383,8670423,8064461,3610,563049,31466,18698068
1790115249983187839,8671164,8064587,3610,563663,31466,18698068
1790115250097427666,8671889,8064612,3610,564364,31466,18698068
1790115250211642365,8672607,8064742,3610,564958,31467,18698068
1790115250329174962,8673366,8064818,3610,565634,31467,18698068
1790115250443343459,8674093,8064900,3610,566276,31469,18698068
1790115250560612107,8674841,8064986,3610,566941,31469,18698068
1790115250691989288,8675680,8065200,3610,567557,31469,18698068
1790115250808282777,8676427,8065295,3610,568201,31470,18698068
1790115250925331626,8677173,8065432,3610,568809,31471,18698068
1790115251041467578,8677912,8065548,3610,569428,31472,18698068
1790115251158433241,8678667,8065632,3610,570090,31472,18698068
1790115251272802838,8679385,8065705,3610,570748,31472,18698068
1790115251391686323,8680153,8065792,3610,571417,31472,18698068
1790115251512903444,8680921,8065953,3610,572027,31474,18698068
1790115251629921654,8681674,8066037,3610,572688,31474,18698068
1790115251747021461,8682429,8066187,3610,573282,31474,18698068
1790115251863784335,8683170,8066275,3610,573937,31475,18698068
1790115251981307884,8683921,8066345,3610,574613,31475,18698068
1790115252095528934,8684650,8066421,3610,575261,31476,18698068
1790115252213184643,8685410,8066539,3610,575894,31476,18698068
1790115252330261724,8686165,8066657,3610,576521,31476,18698068
1790115252447775579,8686918,8066739,3610,577187,31476,18698068
1790115252561336848,8687651,8066882,3610,577765,31476,18698068
1790115252678913866,8688400,8067012,3610,578385,31476,18698068
1790115252796092990,8689159,8067135,3610,579007,31476,18698068
1790115252910499751,8689887,8067235,3610,579633,31476,18698068
1790115253027836099,8690633,8067332,3610,580285,31477,18698068
1790115253145998167,8691385,8067464,3610,580903,31478,18698068
1790115253263209390,8692142,8067554,3610,581558,31478,18698068
1790115253379953801,8692888,8067716,3610,582140,31479,18698068
1790115253496860858,8693640,8067808,3610,582793,31479,18698068
1790115253613914206,8694391,8067889,3610,583457,31479,18698068
1790115253728512772,8695120,8067977,3610,584090,31481,18698068
1790115253845598026,8695870,8068092,3610,584720,31481,18698068
1790115253962856163,8696617,8068235,3610,585323,31482,18698068
1790115254079986442,8697357,8068323,3610,585980,31483,18698068
1790115254196592046,8698106,8068499,3610,586542,31483,18698068
1790115254312783189,8698842,8068628,3610,587154,31485,18698068
1790115254429844662,8699588,8068708,3610,587820,31485,18698068
1790115254543815467,8700312,8068791,3610,588460,31486,18698068
1790115254658774934,8701042,8068906,3610,589078,31486,18698068
1790115254776069552,8701792,8069093,3610,589636,31486,18698068
1790115254890365663,8702519,8069196,3610,590255,31487,18698068
1790115255007476927,8703268,8069321,3610,590873,31488,18698068
1790115255123194813,8704007,8069471,3610,591460,31488,18698068
1790115255240537477,8704757,8069560,3610,592116,31489,18698068
1790115255354842704,8705483,8069644,3610,592762,31491,18698068
1790115255472214717,8706228,8069729,3610,593421,31492,18698068
1790115255589261521,8706971,8069867,3610,594025,31492,18698068
1790115255705982960,8707721,8069984,3610,594653,31493,18698068
1790115255823038976,8708479,8070111,3610,595270,31493,18698068
1790115255937902350,8709202,8070226,3610,595885,31493,18698068
1790115256055162444,8709956,8070300,3610,596557,31494,18698068
1790115256169591668,8710677,8070366,3610,597202,31505,18698068
1790115256286472912,8711422,8070476,3610,597788,31554,18698068
1790115256403940312,8712161,8070596,3610,598392,31581,18698068
1790115256543396088,8713049,8070757,3610,599070,31625,18698068
1790115256660727234,8713797,8070881,3610,599661,31662,18698068
1790115256777685441,8714549,8071009,3610,600247,31689,18698068
1790115256894409078,8715296,8071085,3610,600892,31709,18698068
1790115257008775232,8716019,8071129,3610,601572,31716,18698068
1790115257125344214,8716767,8071251,3610,602143,31762,18698068
1790115257242438310,8717514,8071370,3610,602736,31795,18698068
1790115257359623953,8718252,8071498,3610,603341,31810,18698068
1790115257477120602,8719007,8071583,3610,604003,31810,18698068
1790115257601491280,8719790,8071725,3610,604651,31811,18698068
1790115257715454791,8720519,8071857,3610,605241,31811,18698068
1790115257829742446,8721246,8071914,3610,605916,31812,18698068
1790115257944689211,8721983,8072012,3610,606549,31813,18698068
1790115258061575815,8722739,8072134,3610,607166,31813,18698068
1790115258177618477,8723478,8072256,3610,607780,31814,18698068
1790115258294568721,8724224,8072329,3610,608454,31815,18698068
1790115258410083566,8724950,8072463,3610,609053,31816,18698068
1790115258527594751,8725701,8072584,3610,609676,31817,18698068
1790115258641839623,8726437,8072638,3610,610354,31817,18698068
1790115258757477921,8727181,8072747,3610,610976,31817,18698068
1790115258874377728,8727929,8072890,3610,611578,31817,18698068
1790115258990238295,8728668,8073010,3610,612196,31818,18698068
1790115259107277792,8729416,8073104,3610,612846,31818,18698068
1790115259222462098,8730156,8073258,3610,613421,31820,18698068
1790115259339213459,8730906,8073409,3610,614015,31820,18698068
1790115259456345000,8731656,8073436,3610,614733,31820,18698068
1790115259568490855,8732378,8073556,3610,615327,31820,18698068
1790115259696879035,8733194,8073708,3610,615995,31821,18698068
1790115259817202933,8733961,8073831,3610,616635,31821,18698068
1790115259940357382,8734744,8073951,3610,617299,31822,18698068
1790115260056574539,8735486,8074079,3610,617909,31823,18698068
1790115260173039804,8736234,8074177,3610,618553,31823,18698068
1790115260287421081,8736959,8074234,3610,619220,31825,18698068
1790115260403478664,8737700,8074345,3610,619846,31825,18698068
1790115260520505723,8738445,8074477,3610,620457,31826,18698068
1790115260632981695,8739159,8074596,3610,621056,31827,18698068
1790115260749998956,8739909,8074701,3610,621696,31827,18698068
1790115260864131696,8740649,8074814,3610,622309,31827,18698068
1790115260979370042,8741388,8074912,3610,622942,31827,18698068
1790115261093394196,8742115,8074954,3610,623623,31828,18698068
1790115261209972859,8742865,8075068,3610,624253,31828,18698068
1790115261327230969,8743623,8075211,3610,624854,31828,18698068
1790115261441173461,8744345,8075347,3610,625442,31830,18698068
1790115261558023252,8745084,8075430,3610,626104,31831,18698068
1790115261675125206,8745831,8075571,3610,626706,31831,18698068
1790115261788769461,8746564,8075696,3610,627306,31831,18698068
1790115261903311985,8747298,8075748,3610,627980,31832,18698068
1790115262019343669,8748049,8075862,3610,628604,31832,18698068
1790115262136303080,8748795,8075995,3610,629215,31832,18698068
1790115262252634298,8749528,8076120,3610,629826,31834,18698068
1790115262369750045,8750274,8076204,3610,630491,31835,18698068
1790115262486201816,8751022,8076330,3610,631104,31836,18698068
1790115262599928510,8751747,8076457,3610,631701,31836,18698068
1790115262714409254,8752479,8076502,3610,632384,31836,18698068
1790115262829498785,8753209,8076608,3610,633008,31837,18698068
1790115262946405457,8753958,8076743,3610,633617,31838,18698068
1790115263062044391,8754708,8076874,3610,634222,31839,18698068
1790115263179098617,8755458,8076944,3610,634897,31839,18698068
1790115263294316794,8756193,8077106,3610,635466,31840,18698068
1790115263409378251,8756925,8077213,3610,636090,31840,18698068
1790115263523800802,8757653,8077238,3610,636798,31841,18698068
1790115263636049182,8758366,8077361,3610,637386,31842,18698068
1790115263753055370,8759116,8077474,3610,638019,31842,18698068
1790115263869460608,8759863,8077615,3610,638616,31842,18698068
1790115263984066115,8760593,8077741,3610,639219,31843,18698068
1790115264101271368,8761341,8077898,3610,639804,31844,18698068
1790115264218213200,8762086,8078019,3610,640428,31845,18698068
1790115264332114960,8762819,8078044,3610,641131,31845,18698068
1790115264448019379,8763556,8078173,3610,641738,31846,18698068
1790115264564982583,8764295,8078258,3610,642397,31847,18698068
1790115264682280559,8765057,8078378,3610,643021,31847,18698068
1790115264796614331,8765787,8078525,3610,643599,31847,18698068
1790115264913603169,8766534,8078651,3610,644215,31847,18698068
1790115265030531854,8767283,8078772,3610,644839,31847,18698068
1790115265144781594,8768012,8078797,3610,645547,31848,18698068
1790115265261888037,8768770,8078928,3610,646160,31848,18698068
1790115265379079260,8769531,8079003,3610,646829,31848,18698068
1790115265496369154,8770278,8079136,3610,647439,31849,18698068
1790115265611432815,8771015,8079258,3610,648049,31849,18698068
1790115265728643358,8771768,8079419,3610,648631,31851,18698068
1790115265845804640,8772515,8079631,3610,649169,31851,18698068
1790115265960042252,8773251,8079662,3610,649865,31851,18698068
1790115266075686041,8773992,8079774,3610,650489,31852,18698068
1790115266192973707,8774744,8079941,3610,651066,31852,18698068
1790115266310023469,8775503,8080114,3610,651636,31853,18698068
1790115266426934050,8776248,8080234,3610,652260,31853,18698068
1790115266554231747,8777061,8080375,3610,652925,31854,18698068
1790115266671257578,8777808,8080500,3610,653544,31854,18698068
1790115266785672163,8778539,8080533,3610,654245,31854,18698068
1790115266900708762,8779264,8080613,3610,654894,31855,18698068
1790115267015411689,8779998,8080720,3610,655514,31855,18698068
1790115267129576055,8780727,8080765,3610,656195,31856,18698068
1790115267245856015,8781476,8080884,3610,656819,31856,18698068
1790115267362929917,8782227,8080961,3610,657488,31856,18698068
1790115267477205264,8782957,8081033,3610,658138,31858,18698068
1790115267594277613,8783703,8081117,3610,658801,31859,18698068
1790115267709092861,8784438,8081193,3610,659456,31859,18698068
1790115267823185431,8785177,8081272,3610,660102,31859,18698068
1790115267940300627,8785933,8081401,3610,660718,31859,18698068
1790115268054689305,8786659,8081438,3610,661415,31859,18698068
1790115268172610637,8787414,8081556,3610,662041,31859,18698068
1790115268289588749,8788167,8081663,3610,662678,31859,18698068
1790115268404202436,8788901,8081715,3610,663358,31860,18698068
1790115268520620854,8789645,8081805,3610,664006,31860,18698068
1790115268637694833,8790397,8081887,3610,664675,31860,18698068
1790115268752338290,8791133,8081967,3610,665319,31860,18698068
1790115268869403349,8791885,8082089,3610,665942,31861,18698068
1790115268983027078,8792615,8082122,3610,666636,31861,18698068
1790115269097123145,8793342,8082203,3610,667279,31863,18698068
1790115269214112928,8794088,8082334,3610,667893,31863,18698068
1790115269328343473,8794823,8082373,3610,668582,31863,18698068
1790115269443529948,8795557,8082488,3610,669197,31864,18698068
1790115269560650387,8796307,8082592,3610,669838,31864,18698068
1790115269675036681,8797056,8082658,3610,670504,31864,18698068
1790115269791750750,8797804,8082884,3610,670998,31878,18698068
1790115269908814884,8798558,8083139,3610,671463,31890,18698068
1790115270023935131,8799278,8083396,3610,671875,31942,18698068
1790115270141194373,8800023,8083544,3610,671996,32414,18698068
1790115270257448907,8800748,8083798,3610,672417,32469,18698068
1790115270372311341,8801482,8084051,3610,672876,32480,18698068
1790115270487838917,8802198,8084305,3610,673330,32495,18698068
1790115270604903567,8802939,8084529,3610,673826,32505,18698068
1790115270721011741,8803683,8084788,3610,674282,32518,18698068
1790115270836460939,8804412,8085065,3610,674717,32533,18698068
1790115270951202192,8805140,8085287,3610,675123,32619,18698068
1790115271065567579,8805852,8085543,3610,675572,32631,18698068
1790115271181512078,8806567,8085808,3610,676022,32640,18698068
1790115271296479859,8807297,8086047,3610,676498,32651,18698068
1790115271412117116,8808015,8086293,3610,676961,32662,18698068
1790115271527956291,8808755,8086561,3610,677412,32673,18698068
1790115271642907273,8809461,8086807,3610,677864,32690,18698068
1790115271755642869,8810150,8087052,3610,678310,32707,18698068
1790115271870034525,8810880,8087313,3610,678746,32723,18698068
1790115271984214611,8811583,8087547,3610,679225,32731,18698068
1790115272099303239,8812313,8087788,3610,679688,32744,18698068
1790115272212808403,8813010,8088038,3610,680135,32756,18698068
1790115272326737422,8813718,8088273,3610,680536,32836,18698068
1790115272441237985,8814426,8088528,3610,680980,32850,18698068
1790115272555547664,8815145,8088764,3610,681448,32861,18698068
1790115272669625297,8815875,8089010,3610,681912,32871,18698068
1790115272786479795,8816618,8089260,3610,682380,32882,18698068
1790115272902368539,8817350,8089503,3610,682853,32894,18698068
1790115273018340915,8818088,8089780,3610,683280,32911,18698068
1790115273134706943,8818805,8090039,3610,683738,32922,18698068
1790115273248476306,8819521,8090304,3610,684170,32938,18698068
1790115273363650876,8820249,8090536,3610,684650,32949,18698068
1790115273480286734,8820966,8090802,3610,685102,32959,18698068
1790115273594826266,8821709,8091066,3610,685549,32971,18698068
1790115273711739250,8822454,8091316,3610,686014,32985,18698068
1790115273827118888,8823174,8091574,3610,686462,32999,18698068
1790115273941324107,8823877,8091834,3610,686911,33008,18698068
1790115274055233051,8824591,8092069,3610,687379,33020,18698068
1790115274170736415,8825307,8092324,3610,687832,33035,18698068
1790115274285712718,8826032,8092575,3610,688287,33048,18698068
1790115274399473908,8826749,8092821,3610,688669,33129,18698068
1790115274512263525,8827462,8093052,3610,689129,33148,18698068
1790115274627089466,8828172,8093314,3610,689571,33160,18698068
1790115274740526579,8828883,8093555,3610,690027,33173,18698068
1790115274856765220,8829626,8093798,3610,690500,33186,18698068
1790115274971645952,8830348,8094044,3610,690958,33200,18698068
1790115275086229710,8831078,8094285,3610,691424,33214,18698068
1790115275202748122,8831805,8094531,3610,691885,33231,18698068
1790115275319317707,8832506,8094773,3610,692350,33251,18698068
1790115275433505718,8833240,8095015,3610,692817,33260,18698068
1790115275550630008,8833971,8095271,3610,693282,33275,18698068
1790115275665880601,8834696,8095513,3610,693745,33289,18698068
1790115275779327248,8835394,8095766,3610,694184,33304,18698068
1790115275894457476,8836110,8096012,3610,694573,33394,18698068
1790115276008815694,8836811,8096291,3610,694996,33405,18698068
1790115276124667110,8837550,8096531,3610,695469,33417,18698068
1790115276243034580,8838305,8096764,3610,695971,33430,18698068
1790115276357923429,8839073,8096999,3610,696436,33442,18698068
1790115276473275296,8839794,8097256,3610,696889,33457,18698068
1790115276605624608,8840615,8097526,3610,697428,33475,18698068
1790115276720816259,8841334,8097781,3610,697878,33489,18698068
1790115276836972347,8842062,8098008,3610,698368,33502,18698068
1790115276951101334,8842777,8098253,3610,698828,33513,18698068
1790115277066999306,8843500,8098512,3610,699282,33526,18698068
1790115277182535651,8844212,8098748,3610,699749,33543,18698068
1790115277295819494,8844925,8099003,3610,700114,33632,18698068
1790115277412102111,8845651,8099254,3610,700576,33645,18698068
1790115277528524700,8846370,8099502,3610,701043,33659,18698068
1790115277645193246,8847111,8099738,3610,701534,33668,18698068
1790115277759354750,8847816,8099978,3610,701993,33686,18698068
1790115277873635575,8848536,8100242,3610,702428,33698,18698068
1790115277987743502,8849261,8100509,3610,702855,33719,18698068
1790115278105176456,8850008,8100762,3610,703317,33738,18698068
1790115278218393136,8850711,8101012,3610,703762,33752,18698068
1790115278333890051,8851434,8101245,3610,704245,33763,18698068
1790115278450278797,8852144,8101508,3610,704694,33777,18698068
1790115278564249985,8852843,8101761,3610,705136,33796,18698068
1790115278677954220,8853564,8102029,3610,705563,33812,18698068
1790115278790654464,8854260,8102287,3610,705998,33825,18698068
1790115278905775924,8854980,8102535,3610,706454,33839,18698068
1790115279018060566,8855683,8102774,3610,706909,33849,18698068
1790115279135325990,8856424,8103044,3610,707366,33859,18698068
1790115279250272870,8857140,8103302,3610,707813,33874,18698068
1790115279365667613,8857874,8103534,3610,708227,33949,18698068
1790115279479792783,8858598,8103790,3610,708673,33961,18698068
1790115279596218292,8859314,8104051,3610,709125,33975,18698068
1790115279710403048,8860030,8104300,3610,709583,33985,18698068
1790115279827831994,8860766,8104551,3610,710047,34004,18698068
1790115279944225710,8861502,8104804,3610,710513,34015,18698068
1790115280059735767,8862233,8105051,3610,710974,34030,18698068
1790115280175541902,8862951,8105329,3610,711409,34045,18698068
1790115280289899928,8863672,8105577,3610,711861,34057,18698068
1790115280404871849,8864414,8105806,3610,712344,34066,18698068
1790115280520009813,8865149,8106053,3610,712804,34078,18698068
1790115280636630791,8865893,8106321,3610,713258,34089,18698068
1790115280750887303,8866635,8106601,3610,713674,34109,18698068
1790115280867866995,8867390,8106831,3610,714101,34182,18698068
1790115280983093243,8868083,8107082,3610,714556,34196,18698068
1790115281096872376,8868791,8107315,3610,715025,34210,18698068
1790115281212078188,8869517,8107561,3610,715484,34224,18698068
1790115281325977073,8870227,8107805,3610,715932,34246,18698068
1790115281440913076,8870953,8108043,3610,716399,34259,18698068
1790115281555742393,8871661,8108284,3610,716865,34272,18698068
1790115281671615684,8872369,8108554,3610,717305,34286,18698068
1790115281786109982,8873090,8108803,3610,717763,34301,18698068
1790115281903593783,8873822,8109071,3610,718220,34310,18698068
1790115282018770644,8874539,8109329,3610,718663,34327,18698068
1790115282133395541,8875272,8109589,3610,719105,34341,18698068
1790115282248778342,8875981,8109818,3610,719516,34425,18698068
1790115282364356620,8876704,8110070,3610,719970,34439,18698068
1790115282479927004,8877423,8110314,3610,720442,34453,18698068
1790115282600790152,8878184,8110542,3610,720955,34465,18698068
1790115282716220780,8878878,8110778,3610,721423,34480,18698068
1790115282830626400,8879599,8111037,3610,721869,34493,18698068
1790115282945729297,8880326,8111289,3610,722322,34506,18698068
1790115283059432971,8881018,8111542,3610,722770,34520,18698068
1790115283174986089,8881748,8111776,3610,723247,34535,18698068
1790115283296277375,8882494,8112006,3610,723761,34546,18698068
1790115283411338356,8883215,8112260,3610,724212,34562,18698068
1790115283525622424,8883896,8112529,3610,724644,34578,18698068
1790115283642104218,8884658,8112757,3610,725052,34668,18698068
1790115283757035193,8885391,8113018,3610,725496,34684,18698068
1790115283873265110,8886094,8113268,3610,725960,34697,18698068
1790115283991483579,8886839,8113506,3610,726450,34708,18698068
1790115284106724835,8887553,8113755,3610,726912,34719,18698068
1790115284222205933,8888284,8113993,3610,727382,34732,18698068
1790115284338556616,8889032,8114230,3610,727862,34743,18698068
1790115284453257180,8889745,8114469,3610,728328,34756,18698068
1790115284568263444,8890460,8114712,3610,728794,34770,18698068
1790115284686217413,8891211,8114949,3610,729282,34781,18698068
1790115284802180293,8891936,8115203,3610,729736,34801,18698068
1790115284918510056,8892683,8115451,3610,730206,34813,18698068
1790115285034432378,8893422,8115693,3610,730671,34831,18698068
1790115285148610162,8894153,8115951,3610,731110,34846,18698068
1790115285263620927,8894871,8116187,3610,731582,34857,18698068
1790115285378968249,8895586,8116415,3610,732064,34870,18698068
1790115285494936998,8896305,8116674,3610,732515,34886,18698068
1790115285609994445,8897030,8116923,3610,732973,34898,18698068
1790115285725303686,8897751,8117155,3610,733377,34988,18698068
1790115285838197747,8898473,8117402,3610,733819,35003,18698068
1790115285952205506,8899185,8117649,3610,734277,35013,18698068
1790115286065615342,8899887,8117897,3610,734729,35024,18698068
1790115286182024727,8900638,8118141,3610,735203,35040,18698068
1790115286295886299,8901337,8118378,3610,735658,35055,18698068
1790115286410320561,8902021,8118629,3610,736115,35066,18698068
1790115286524970893,8902731,8118899,3610,736545,35082,18698068
1790115286638924534,8903427,8119146,3610,736996,35098,18698068
1790115286752618710,8904133,8119397,3610,737446,35110,18698068
1790115286868500799,8904865,8119634,3610,737915,35128,18698068
1790115286982823601,8905571,8119901,3610,738351,35139,18698068
1790115287099788757,8906328,8120186,3610,738768,35172,18698068
1790115287216930574,8907075,8120419,3610,739199,35240,18698068
1790115287332689412,8907799,8120682,3610,739650,35250,18698068
1790115287447315603,8908529,8120910,3610,740127,35263,18698068
1790115287564369474,8909274,8121164,3610,740595,35277,18698068
1790115287680363821,8910036,8121418,3610,741048,35292,18698068
1790115287794562546,8910764,8121672,3610,741491,35310,18698068
1790115287908417214,8911491,8121932,3610,741927,35323,18698068
1790115288022654948,8912210,8122208,3610,742358,35331,18698068
1790115288138596761,8912918,8122427,3610,742853,35342,18698068
1790115288255199219,8913644,8122674,3610,743324,35354,18698068
1790115288371271219,8914366,8122933,3610,743777,35369,18698068
1790115288486235123,8915088,8123180,3610,744236,35381,18698068
1790115288600081670,8915821,8123430,3610,744617,35467,18698068
1790115288715273170,8916575,8123678,3610,745075,35480,18698068
1790115288831613077,8917296,8123911,3610,745557,35494,18698068
1790115288948829309,8918031,8124156,3610,746031,35510,18698068
1790115289064600463,8918765,8124408,3610,746488,35526,18698068
1790115289177618672,8919456,8124732,3610,746860,35541,18698068
1790115289291274034,8920177,8124991,3610,747298,35554,18698068
1790115289405173945,8920871,8125240,3610,747743,35569,18698068
1790115289520627415,8921601,8125502,3610,748201,35581,18698068
1790115289637625049,8922330,8125762,3610,748656,35592,18698068
1790115289752086632,8923065,8126017,3610,749108,35603,18698068
1790115289866753588,8923771,8126256,3610,749572,35616,18698068
1790115289982358233,8924486,8126511,3610,749956,35700,18698068
1790115290096970087,8925207,8126772,3610,750396,35717,18698068
1790115290211290130,8925923,8127033,3610,750841,35727,18698068
1790115290328329641,8926666,8127267,3610,751322,35745,18698068
1790115290444681253,8927389,8127511,3610,751793,35759,18698068
1790115290560223730,8928113,8127795,3610,752222,35772,18698068
1790115290674249640,8928812,8128063,3610,752649,35788,18698068
1790115290788770998,8929532,8128329,3610,753087,35803,18698068
1790115290904233474,8930239,8128599,3610,753522,35818,18698068
1790115291022060322,8930978,8128840,3610,754005,35834,18698068
1790115291136971991,8931695,8129085,3610,754464,35846,18698068
1790115291250893870,8932416,8129323,3610,754925,35859,18698068
1790115291365481735,8933130,8129602,3610,755345,35878,18698068
1790115291479526822,8933871,8129894,3610,755754,35891,18698068
1790115291595072467,8934587,8130139,3610,756219,35905,18698068
1790115291712487262,8935317,8130379,3610,756704,35915,18698068
1790115291827202174,8936017,8130616,3610,757168,35930,18698068
1790115291940856165,8936749,8130858,3610,757623,35948,18698068
1790115292056894984,8937468,8131090,3610,758087,35975,18698068
1790115292173553339,8938213,8131322,3610,758516,36043,18698068
1790115292288637749,8938941,8131565,3610,758977,36056,18698068
1790115292405036346,8939653,8131799,3610,759462,36067,18698068
1790115292518385008,8940368,8132033,3610,759923,36080,18698068
1790115292633605809,8941069,8132286,3610,760377,36095,18698068
1790115292747015340,8941789,8132532,3610,760827,36110,18698068
1790115292861310293,8942496,8132783,3610,761280,36124,18698068
1790115292974283773,8943212,8133029,3610,761722,36138,18698068
1790115293088299260,8943916,8133262,3610,762197,36147,18698068
1790115293203931132,8944653,8133521,3610,762648,36161,18698068
1790115293320529370,8945388,8133768,3610,763114,36176,18698068
1790115293436525557,8946114,8134011,3610,763587,36188,18698068
1790115293552506868,8946842,8134245,3610,764000,36268,18698068
1790115293667838233,8947568,8134501,3610,764450,36282,18698068
1790115293783487406,8948302,8134723,3610,764940,36293,18698068
1790115293896304606,8949018,8134958,3610,765401,36310,18698068
1790115294009909833,8949711,8135209,3610,765839,36327,18698068
1790115294125001299,8950441,8135481,3610,766276,36338,18698068
1790115294239547699,8951162,8135769,3610,766694,36353,18698068
1790115294355927610,8951877,8136007,3610,767166,36366,18698068
1790115294472553997,8952606,8136237,3610,767662,36374,18698068
1790115294588094893,8953314,8136492,3610,768117,36387,18698068
1790115294702822793,8954060,8136755,3610,768561,36400,18698068
1790115294817660797,8954768,8136997,3610,769020,36415,18698068
1790115294933890322,8955500,8137238,3610,769423,36500,18698068
1790115295048092879,8956205,8137501,3610,769860,36513,18698068
1790115295161845642,8956904,8137728,3610,770341,36525,18698068
1790115295277859424,8957635,8137974,3610,770803,36537,18698068
1790115295391670367,8958327,8138244,3610,771232,36550,18698068
1790115295507019783,8959051,8138484,3610,771697,36564,18698068
1790115295624466958,8959790,8138746,3610,772157,36578,18698068
1790115295738479643,8960472,8138986,3610,772612,36595,18698068
1790115295852965122,8961177,8139225,3610,773086,36605,18698068
1790115295973923427,8961918,8139467,3610,773586,36617,18698068
1790115296088749702,8962643,8139719,3610,774039,36629,18698068
1790115296202330781,8963359,8139966,3610,774486,36645,18698068
1790115296317615486,8964096,8140249,3610,774916,36653,18698068
1790115296433368387,8964819,8140509,3610,775367,36667,18698068
1790115296556035066,8965566,8140760,3610,775879,36678,18698068
1790115296673392104,8966310,8140991,3610,776363,36693,18698068
1790115296788716224,8967039,8141241,3610,776820,36707,18698068
1790115296903397695,8967785,8141528,3610,777242,36720,18698068
1790115297018620321,8968500,8141752,3610,777649,36807,18698068
1790115297134275013,8969236,8142040,3610,778067,36823,18698068
1790115297250277911,8969955,8142281,3610,778540,36836,18698068
1790115297368581806,8970695,8142509,3610,779038,36852,18698068
1790115297484753342,8971438,8142762,3610,779495,36868,18698068
1790115297600717545,8972183,8143006,3610,779961,36885,18698068
1790115297716765035,8972914,8143270,3610,780407,36899,18698068
1790115297829948154,8973631,8143521,3610,780847,36915,18698068
1790115297946206676,8974363,8143776,3610,781309,36929,18698068
1790115298063220373,8975092,8144004,3610,781796,36944,18698068
1790115298178307961,8975821,8144251,3610,782257,36957,18698068
1790115298294397153,8976551,8144511,3610,782712,36971,18698068
1790115298410111670,8977289,8144766,3610,783103,37046,18698068
1790115298524669636,8978011,8145024,3610,783538,37071,18698068
1790115298638932426,8978740,8145284,3610,783984,37083,18698068
1790115298755444322,8979484,8145513,3610,784472,37094,18698068
1790115298873474032,8980215,8145763,3610,784948,37107,18698068
1790115298988169702,8980914,8146016,3610,785396,37122,18698068
1790115299102949644,8981638,8146272,3610,785845,37136,18698068
1790115299218489723,8982363,8146526,3610,786304,37147,18698068
1790115299334201145,8983079,8146806,3610,786738,37158,18698068
1790115299447112792,8983784,8147049,3610,787190,37172,18698068
1790115299560153249,8984496,8147322,3610,787613,37183,18698068
1790115299673216399,8985207,8147557,3610,788079,37194,18698068
1790115299787786402,8985928,8147795,3610,788540,37208,18698068
1790115299902389812,8986624,8148025,3610,788940,37295,18698068
1790115300017284949,8987349,8148267,3610,789404,37308,18698068
1790115300134768054,8988081,8148514,3610,789881,37320,18698068
1790115300249066533,8988793,8148765,3610,790338,37333,18698068
1790115300362885376,8989514,8149008,3610,790788,37347,18698068
1790115300477274016,8990214,8149249,3610,791246,37362,18698068
1790115300593309836,8990962,8149503,3610,791703,37377,18698068
1790115300709829945,8991689,8149768,3610,792158,37390,18698068
1790115300826235359,8992419,8150001,3610,792643,37399,18698068
1790115300941745723,8993161,8150251,3610,793099,37416,18698068
1790115301058027988,8993885,8150517,3610,793545,37431,18698068
1790115301175055697,8994603,8150772,3610,794006,37447,18698068
1790115301290515613,8995333,8151010,3610,794406,37531,18698068
1790115301407398063,8996061,8151256,3610,794874,37549,18698068
1790115301519945350,8996761,8151491,3610,795335,37557,18698068
1790115301660446471,8997653,8151783,3610,795912,37570,18698068
1790115301775810049,8998372,8152023,3610,796381,37583,18698068
1790115301888902019,8999074,8152300,3610,796803,37593,18698068
1790115302003305528,8999792,8152558,3610,797246,37611,18698068
1790115302118354729,9000485,8152806,3610,797697,37629,18698068
1790115302235225001,9001192,8153029,3610,798196,37640,18698068
1790115302352739240,9001927,8153277,3610,798671,37651,18698068
1790115302467269965,9002653,8153520,3610,799138,37660,18698068
1790115302582080156,9003367,8153765,3610,799593,37677,18698068
1790115302696242330,9004085,8154014,3610,800050,37688,18698068
1790115302810283547,9004785,8154275,3610,800488,37703,18698068
1790115302925403032,9005507,8154503,3610,800969,37717,18698068
1790115303041510986,9006232,8154743,3610,801440,37730,18698068
1790115303157638332,9006970,8154991,3610,801899,37745,18698068
1790115303273047671,9007717,8155229,3610,802371,37757,18698068
1790115303387858459,9008428,8155455,3610,802789,37834,18698068
1790115303502540257,9009126,8155706,3610,803238,37850,18698068
1790115303617081418,9009841,8155947,3610,803711,37859,18698068
1790115303732255866,9010596,8156186,3610,804182,37869,18698068
1790115303847848855,9011314,8156429,3610,804646,37880,18698068
1790115303962205660,9012052,8156671,3610,805103,37897,18698068
1790115304078340178,9012765,8156922,3610,805565,37913,18698068
1790115304194202819,9013494,8157173,3610,806023,37926,18698068
1790115304308688009,9014226,8157452,3610,806451,37937,18699092
1790115304419908715,9014937,8158142,3610,806456,37943,18732116
1790115304531983529,9015652,8158321,3610,806988,37944,18732116
1790115304660830724,9016473,8158458,3610,807671,37945,18732116
1790115304775535257,9017206,8158484,3610,808372,37945,18732116
1790115304892336469,9017960,8158605,3610,808994,37945,18732116
1790115305009537229,9018711,8158678,3610,809666,37945,18732116
1790115305124162748,9019451,8158735,3610,810342,37946,18732116
1790115305241630748,9020201,8158840,3610,810981,37946,18732116
1790115305358768744,9020946,8158950,3610,811622,37946,18732116
1790115305473284587,9021686,8159025,3610,812272,37946,18732116
1790115305590442814,9022434,8159114,3610,812930,37947,18732116
1790115305702235722,9023147,8159173,3610,813583,37947,18732116
1790115305816621116,9023879,8159255,3610,814224,37947,18732116
1790115305934028968,9024626,8159418,3610,814811,37948,18732116
1790115306048574971,9025355,8159461,3610,815496,37948,18732116
1790115306164065332,9026097,8159541,3610,816152,37949,18732116
1790115306278007510,9026816,8159671,3610,816747,37949,18732116
1790115306392902151,9027547,8159697,3610,817455,37949,18732116
1790115306508164924,9028287,8159813,3610,818069,37951,18732116
1790115306625525732,9029032,8159899,3610,818728,37952,18732116
1790115306740420557,9029776,8159973,3610,819384,37952,18732116
1790115306857978949,9030527,8160063,3610,820045,37952,18732116
1790115306975304314,9031280,8160137,3610,820717,37952,18732116
1790115307089840179,9032009,8160241,3610,821342,37953,18732116
1790115307207128415,9032760,8160430,3610,821899,37953,18732116
1790115307319889013,9033479,8160537,3610,822510,37953,18732116
1790115307434064029,9034209,8160673,3610,823097,37955,18732116
1790115307551377895,9034956,8160847,3610,823668,37955,18732116
1790115307664702290,9035679,8160880,3610,824362,37955,18732116
1790115307779924725,9036415,8160968,3610,825002,37956,18732116
1790115307897334077,9037172,8161131,3610,825583,37957,18732116
1790115308014222354,9037917,8161252,3610,826205,37958,18732116
1790115308131311495,9038664,8161371,3610,826829,37958,18732116
1790115308248782301,9039407,8161527,3610,827423,37959,18732116
1790115308365535059,9040149,8161631,3610,828057,37959,18732116
1790115308481478692,9040889,8161721,3610,828707,37959,18732116
1790115308595646329,9041622,8161808,3610,829345,37959,18732116
1790115308712661249,9042363,8161934,3610,829969,37960,18732116
1790115308830295936,9043106,8162083,3610,830564,37962,18732116
1790115308947697202,9043854,8162157,3610,831239,37962,18732116
1790115309061994957,9044583,8162347,3610,831774,37962,18732116
1790115309177740446,9045324,8162449,3610,832410,37962,18732116
1790115309295194626,9046082,8162521,3610,833083,37962,18732116
1790115309409456278,9046802,8162607,3610,833722,37963,18732116
1790115309526642386,9047551,8162684,3610,834394,37963,18732116
1790115309638502406,9048270,8162860,3610,834926,37963,18732116
1790115309754978565,9049017,8162957,3610,835574,37963,18732116
1790115309872273309,9049765,8163110,3610,836165,37964,18732116
1790115309989391508,9050507,8163259,3610,836761,37965,18732116
1790115310104042763,9051239,8163353,3610,837396,37966,18732116
1790115310218800270,9051974,8163397,3610,838085,37966,18732116
1790115310335176663,9052714,8163546,3610,838671,37969,18732116
1790115310452415952,9053455,8163686,3610,839277,37969,18732116
1790115310566126959,9054179,8163841,3610,839845,37970,18732116
1790115310683348456,9054920,8163965,3610,840465,37970,18732116
1790115310800604645,9055671,8164095,3610,841081,37971,18732116
1790115310918182985,9056430,8164231,3610,841693,37972,18732116
1790115311032701317,9057160,8164264,3610,842394,37972,18732116
1790115311148512729,9057905,8164340,3610,843049,37973,18732116
1790115311264619879,9058647,8164465,3610,843659,37973,18732116
1790115311382010879,9059406,8164662,3610,844210,37974,18732116
1790115311499210209,9060149,8164844,3610,844771,37975,18732116
1790115311616506013,9060894,8164983,3610,845381,37976,18732116
1790115311734107042,9061649,8165053,3610,846057,37976,18732116
1790115311848620350,9062375,8165128,3610,846709,37976,18732116
1790115311962971992,9063104,8165211,3610,847356,37976,18732116
1790115312080011871,9063855,8165376,3610,847935,37976,18732116
1790115312197021394,9064605,8165533,3610,848521,37977,18732116
1790115312314307052,9065357,8165638,3610,849162,37977,18732116
1790115312430232269,9066087,8165817,3610,849718,37978,18732116
1790115312546562873,9066824,8165955,3610,850317,37979,18732116
1790115312663776272,9067574,8166029,3610,850994,37979,18732116
1790115312778365417,9068309,8166090,3610,851657,37980,18732116
1790115312896216208,9069069,8166184,3610,852315,37980,18732116
1790115313015305025,9069832,8166334,3610,852922,37980,18732116
1790115313132225131,9070577,8166441,3610,853560,37980,18732116
1790115313249400928,9071320,8166577,3610,854168,37980,18732116
1790115313364571282,9072053,8166730,3610,854745,37981,18732116
1790115313481858256,9072801,8166805,3610,855422,37981,18732116
1790115313596654833,9073539,8166856,3610,856101,37982,18732116
1790115313713698095,9074292,8166950,3610,856752,37982,18732116
1790115313830768810,9075039,8167078,3610,857369,37983,18732116
1790115313942306750,9075752,8167223,3610,857928,37984,18732116
1790115314059380845,9076494,8167298,3610,858598,37985,18732116
1790115314176194312,9077253,8167432,3610,859207,37986,18732116
1790115314293692474,9078001,8167592,3610,859797,37986,18732116
1790115314408212784,9078735,8167620,3610,860495,37986,18732116
1790115314521331603,9079452,8167727,3610,861105,37987,18732116
1790115314638467619,9080200,8167837,3610,861741,37987,18732116
1790115314756014967,9080965,8167979,3610,862348,37988,18732116
1790115314871827537,9081700,8168096,3610,862968,37988,18732116
1790115314988870948,9082440,8168228,3610,863577,37991,18732116
1790115315106091431,9083195,8168426,3610,864124,37991,18732116
1790115315219646715,9083918,8168447,3610,864824,37991,18732116
1790115315334182411,9084667,8168523,3610,865479,37991,18732116
1790115315451344577,9085413,8168658,3610,866089,37991,18732116
1790115315568241851,9086158,8168795,3610,866694,37991,18732116
1790115315685372396,9086908,8168936,3610,867298,37992,18732116
1790115315802634406,9087654,8169072,3610,867909,37992,18732116
1790115315918182992,9088393,8169164,3610,868551,37992,18732116
1790115316034800974,9089138,8169238,3610,869223,37992,18732116
1790115316148978517,9089865,8169307,3610,869880,37992,18732116
1790115316266076147,9090615,8169427,3610,870504,37993,18732116
1790115316383348577,9091365,8169562,3610,871111,37994,18732116
1790115316500465601,9092113,8169675,3610,871743,37994,18732116
1790115316616509855,9092858,8169836,3610,872320,37994,18732116
1790115316737211759,9093632,8169938,3610,872989,37995,18732116
1790115316856776388,9094395,8170021,3610,873670,37995,18732116
1790115316985129426,9095218,8170098,3610,874406,37995,18732116
1790115317102461018,9095970,8170201,3610,875047,37995,18732116
1790115317219701545,9096705,8170334,3610,875662,37997,18732116
1790115317336841302,9097454,8170454,3610,876288,37997,18732116
1790115317454725842,9098199,8170576,3610,876915,37998,18732116
1790115317571096188,9098944,8170671,3610,877558,37998,18732116
1790115317688195755,9099690,8170769,3610,878205,37999,18732116
1790115317802629001,9100420,8170839,3610,878858,38000,18732116
1790115317919851908,9101169,8170966,3610,879482,38000,18732116
1790115318036882370,9101918,8171087,3610,880103,38001,18732116
1790115318154164777,9102669,8171196,3610,880739,38001,18732116
1790115318272298051,9103427,8171371,3610,881314,38001,18732116
1790115318389519890,9104176,8171475,3610,881954,38001,18732116
1790115318506569190,9104927,8171565,3610,882610,38001,18732116
1790115318620654436,9105654,8171659,3610,883239,38002,18732116
1790115318737951206,9106406,8171744,3610,883906,38002,18732116
1790115318852357698,9107136,8171896,3610,884479,38004,18732116
1790115318969792919,9107881,8172024,3610,885100,38004,18732116
1790115319086899665,9108631,8172182,3610,885687,38004,18732116
1790115319203938116,9109386,8172302,3610,886311,38005,18732116
1790115319321184807,9110149,8172396,3610,886962,38005,18732116
1790115319436042990,9110881,8172468,3610,887622,38006,18732116
1790115319553979555,9111628,8172594,3610,888246,38006,18732116
1790115319671180287,9112385,8172756,3610,888829,38006,18732116
1790115319784791261,9113102,8172871,3610,889412,38033,18732116
1790115319902012453,9113850,8172941,3610,890051,38069,18732116
1790115320019071573,9114586,8173073,3610,890625,38107,18732116
1790115320136078432,9115333,8173201,3610,891217,38131,18732116
1790115320250849318,9116063,8173245,3610,891907,38132,18732116
1790115320369056699,9116808,8173335,3610,892529,38168,18732116
1790115320483374164,9117535,8173458,3610,893091,38209,18732116
1790115320600769169,9118276,8173592,3610,893671,38245,18732116
1790115320717955344,9119026,8173715,3610,894253,38283,18732116
1790115320835871662,9119781,8173822,3610,894866,38314,18732116
1790115320953326740,9120531,8173905,3610,895487,38354,18732116
1790115321070781428,9121281,8173980,3610,896161,38358,18732116
1790115321185095381,9122013,8174063,3610,896781,38378,18732116
1790115321302351537,9122761,8174155,3610,897405,38410,18732116
1790115321416821434,9123490,8174332,3610,897927,38440,18732116
1790115321530869619,9124222,8174435,3610,898511,38479,18732116
1790115321648773071,9124974,8174530,3610,899128,38516,18732116
1790115321789204888,9125878,8174682,3610,899825,38561,18732116
1790115321909477928,9126651,8174762,3610,900509,38561,18732116
1790115322024171946,9127389,8174825,3610,901166,38571,18732116
1790115322142294850,9128142,8174904,3610,901818,38591,18732116
1790115322259660460,9128889,8175053,3610,902414,38591,18732116
1790115322375804383,9129636,8175179,3610,903030,38592,18732116
1790115322492939027,9130391,8175307,3610,903647,38592,18732116
1790115322610454417,9131141,8175446,3610,904252,38592,18732116
1790115322727780746,9131887,8175530,3610,904919,38592,18732116
1790115322842043010,9132622,8175585,3610,905589,38593,18732116
1790115322958933726,9133367,8175697,3610,906221,38593,18732116
1790115323075992410,9134120,8175829,3610,906833,38594,18732116
1790115323190970849,9134853,8175955,3610,907437,38596,18732116
1790115323310525693,9135622,8176065,3610,908085,38596,18732116
1790115323427411312,9136372,8176199,3610,908694,38596,18732116
1790115323544645042,9137120,8176371,3610,909264,38598,18732116
1790115323659583678,9137858,8176400,3610,909969,38598,18732116
1790115323775728689,9138597,8176540,3610,910570,38598,18732116
1790115323890053405,9139331,8176701,3610,911137,38598,18732116
1790115324007265188,9140085,8176859,3610,911722,38599,18732116
1790115324118361807,9140787,8177001,3610,912286,38599,18732116
1790115324235697474,9141527,8177156,3610,912880,38600,18732116
1790115324352608539,9142277,8177237,3610,913542,38600,18732116
1790115324465044698,9142995,8177299,3610,914198,38600,18732116
1790115324579321820,9143718,8177375,3610,914845,38601,18732116
1790115324696739965,9144467,8177531,3610,915439,38601,18732116
1790115324810599859,9145196,8177552,3610,916139,38601,18732116
1790115324926057384,9145939,8177628,3610,916801,38602,18732116
1790115325041429624,9146670,8177763,3610,917398,38602,18732116
1790115325156031947,9147401,8177790,3610,918104,38603,18732116
1790115325270545533,9148133,8177925,3610,918690,38606,18732116
1790115325387672672,9148885,8178009,3610,919357,38606,18732116
1790115325502034404,9149626,8178070,3610,920021,38606,18732116
1790115325618770426,9150373,8178158,3610,920678,38606,18732116
1790115325735761432,9151121,8178250,3610,921330,38606,18732116
1790115325849980025,9151855,8178350,3610,921953,38607,18732116
1790115325967088841,9152610,8178498,3610,922550,38607,18732116
1790115326081655752,9153340,8178531,3610,923245,38607,18732116
1790115326196019876,9154083,8178633,3610,923872,38609,18732116
1790115326313425964,9154827,8178782,3610,924468,38609,18732116
1790115326427943662,9155553,8178853,3610,925130,38609,18732116
1790115326544003014,9156299,8178985,3610,925734,38609,18732116
1790115326661220670,9157051,8179069,3610,926394,38610,18732116
1790115326796253669,9157915,8179164,3610,927156,38611,18732116
1790115326913442813,9158664,8179266,3610,927802,38611,18732116
1790115327025840546,9159378,8179381,3610,928405,38611,18732116
1790115327140283385,9160112,8179467,3610,929043,38612,18732116
1790115327251458334,9160820,8179624,3610,929597,38612,18732116
1790115327363711266,9161538,8179662,3610,930276,38612,18732116
1790115327492404210,9162373,8179827,3610,930921,38615,18732116
1790115327609073605,9163092,8180068,3610,931397,38626,18732116
1790115327724967383,9163783,8180339,3610,931836,38641,18732116
1790115327841543011,9164509,8180634,3610,932259,38652,18732116
1790115327954460876,9165222,8180914,3610,932675,38664,18732116
1790115328067578663,9165946,8181084,3610,932976,38907,18732116
1790115328181804085,9166660,8181328,3610,933433,38920,18732116
1790115328295674652,9167377,8181578,3610,933890,38929,18732116
1790115328407901250,9168068,8181836,3610,934319,38942,18732116
1790115328521128584,9168782,8182100,3610,934753,38953,18732116
1790115328637725312,9169522,8182348,3610,935224,38965,18732116
1790115328752220981,9170255,8182585,3610,935639,39026,18732116
1790115328867072283,9170976,8182843,3610,936065,39065,18732116
1790115328981378638,9171702,8183081,3610,936533,39074,18732116
1790115329095256002,9172439,8183334,3610,936976,39091,18732116
1790115329207722645,9173139,8183579,3610,937425,39105,18732116
1790115329320668021,9173867,8183834,3610,937865,39114,18732116
1790115329435512511,9174591,8184088,3610,938311,39131,18732116
1790115329550191832,9175285,8184338,3610,938765,39145,18732116
1790115329664206156,9176002,8184566,3610,939242,39156,18732116
1790115329778785732,9176711,8184807,3610,939705,39170,18732116
1790115329891908845,9177424,8185082,3610,940122,39187,18732116
1790115330004925386,9178126,8185360,3610,940537,39201,18732116
1790115330119701079,9178846,8185606,3610,940998,39212,18732116
1790115330233064058,9179565,8185836,3610,941396,39295,18732116
1790115330346455326,9180274,8186074,3610,941864,39304,18732116
1790115330461570858,9180993,8186308,3610,942332,39318,18732116
1790115330577026669,9181695,8186546,3610,942802,39333,18732116
1790115330690616059,9182416,8186796,3610,943255,39342,18732116
1790115330803680350,9183119,8187041,3610,943701,39357,18732116
1790115330917474927,9183825,8187287,3610,944159,39368,18732116
1790115331031596709,9184544,8187539,3610,944610,39378,18732116
1790115331145315696,9185245,8187794,3610,945056,39393,18732116
1790115331261626076,9185958,8188051,3610,945511,39408,18732116
1790115331377454151,9186684,8188300,3610,945967,39426,18732116
1790115331492790049,9187385,8188567,3610,946405,39443,18732116
1790115331609987874,9188139,8188792,3610,946832,39526,18732116
1790115331723187414,9188855,8189054,3610,947262,39541,18732116
1790115331840941828,9189607,8189278,3610,947767,39550,18732116
1790115331957021288,9190354,8189510,3610,948254,39560,18732116
1790115332072573845,9191074,8189754,3610,948722,39572,18732116
1790115332187337522,9191794,8190000,3610,949178,39584,18732116
1790115332301905195,9192524,8190268,3610,949617,39596,18732116
1790115332417953039,9193254,8190518,3610,950078,39609,18732116
1790115332534936782,9193986,8190751,3610,950571,39617,18732116
1790115332649301892,9194691,8190992,3610,951038,39628,18732116
1790115332764990609,9195430,8191250,3610,951488,39644,18732116
1790115332880107314,9196133,8191507,3610,951932,39659,18732116
1790115332995434430,9196865,8191749,3610,952400,39670,18732116
1790115333110618562,9197608,8191994,3610,952866,39683,18732116
1790115333227842254,9198329,8192244,3610,953333,39699,18732116
1790115333344618731,9199056,8192489,3610,953803,39715,18732116
1790115333459826955,9199787,8192771,3610,954230,39728,18732116
1790115333573955438,9200530,8193020,3610,954681,39741,18732116
1790115333689528356,9201239,8193270,3610,955099,39793,18732116
1790115333803757434,9201941,8193507,3610,955534,39840,18732116
1790115333919915833,9202668,8193739,3610,956019,39850,18732116
1790115334035358600,9203409,8193992,3610,956477,39862,18732116
1790115334150572436,9204126,8194260,3610,956914,39879,18732116
1790115334265256544,9204865,8194510,3610,957364,39895,18732116
1790115334378250952,9205565,8194750,3610,957812,39915,18732116
1790115334491537781,9206279,8195009,3610,958254,39926,18732116
1790115334606240923,9207002,8195252,3610,958720,39937,18732116
1790115334720864694,9207727,8195495,3610,959175,39953,18732116
1790115334833978563,9208440,8195749,3610,959612,39969,18732116
1790115334947588166,9209145,8196010,3610,960048,39983,18732116
1790115335061905594,9209874,8196256,3610,960505,39994,18732116
1790115335178092418,9210622,8196484,3610,960924,40075,18732116
1790115335294302198,9211351,8196702,3610,961422,40088,18732116
1790115335407754743,9212040,8196944,3610,961876,40104,18732116
1790115335522924617,9212779,8197191,3610,962340,40114,18732116
1790115335638582704,9213506,8197454,3610,962789,40124,18732116
1790115335752811449,9214220,8197705,3610,963240,40135,18732116
1790115335868042979,9214944,8197957,3610,963698,40147,18732116
1790115335980942660,9215652,8198190,3610,964161,40160,18732116
1790115336095769734,9216390,8198433,3610,964628,40170,18732116
1790115336210335100,9217109,8198673,3610,965094,40184,18732116
1790115336325001092,9217816,8198922,3610,965544,40198,18732116
1790115336440234230,9218543,8199200,3610,965973,40211,18732116
1790115336555926949,9219293,8199423,3610,966391,40296,18732116
1790115336670265585,9220013,8199676,3610,966843,40307,18732116
1790115336787324218,9220734,8199914,3610,967327,40319,18732116
1790115336901993279,9221457,8200164,3610,967774,40338,18732116
1790115337016871860,9222189,8200452,3610,968195,40349,18732116
1790115337131095370,9222902,8200698,3610,968652,40362,18732116
1790115337246456910,9223638,8200957,3610,969096,40379,18732116
1790115337359374730,9224370,8201178,3610,969575,40390,18732116
1790115337474089234,9225087,8201416,3610,970041,40402,18732116
1790115337589767326,9225818,8201664,3610,970508,40412,18732116
1790115337705087159,9226564,8201913,3610,970964,40427,18732116
1790115337819253753,9227261,8202165,3610,971414,40439,18732116
1790115337934052172,9227995,8202416,3610,971866,40453,18732116
1790115338049581746,9228726,8202651,3610,972353,40459,18732116
1790115338162693926,9229428,8202917,3610,972777,40475,18732116
1790115338278625771,9230154,8203166,3610,973237,40491,18732116
1790115338395256594,9230892,8203429,3610,973688,40506,18732116
1790115338510542489,9231611,8203687,3610,974136,40520,18732116
1790115338624912681,9232326,8203918,3610,974532,40612,18732116
1790115338740817580,9233034,8204145,3610,975022,40620,18732116
1790115338856050786,9233729,8204410,3610,975467,40632,18732116
1790115338969124884,9234433,8204673,3610,975898,40646,18732116
1790115339085060268,9235150,8204910,3610,976372,40663,18732116
1790115339199010532,9235882,8205175,3610,976807,40679,18732116
1790115339313353952,9236612,8205427,3610,977250,40693,18732116
1790115339428023893,9237353,8205674,3610,977715,40706,18732116
1790115339549601387,9238114,8205933,3610,978204,40715,18732116
1790115339663574300,9238825,8206186,3610,978649,40728,18732116
1790115339776933719,9239553,8206429,3610,979100,40743,18732116
1790115339892210270,9240293,8206678,3610,979563,40753,18732116
1790115340005804562,9240985,8206918,3610,980017,40769,18732116
1790115340123564019,9241696,8207146,3610,980453,40846,18732116
1790115340238286774,9242417,8207389,3610,980917,40856,18732116
1790115340354485747,9243143,8207632,3610,981381,40875,18732116
1790115340469799766,9243850,8207874,3610,981840,40896,18732116
1790115340585493227,9244577,8208129,3610,982296,40909,18732116
1790115340700025335,9245303,8208383,3610,982748,40922,18732116
1790115340813319283,9246015,8208655,3610,983169,40935,18732116
1790115340926088493,9246719,8208958,3610,983561,40949,18732116
1790115341041062247,9247437,8209197,3610,984024,40968,18732116
1790115341156308894,9248136,8209435,3610,984493,40981,18732116
1790115341271811693,9248863,8209697,3610,984938,40998,18732116
1790115341384619311,9249592,8209947,3610,985379,41012,18732116
1790115341500654521,9250325,8210181,3610,985795,41091,18732116
1790115341615366757,9251040,8210397,3610,986285,41102,18732116
1790115341730372098,9251768,8210640,3610,986749,41116,18732116
1790115341846067877,9252495,8210877,3610,987220,41135,18732116
1790115341960065139,9253198,8211186,3610,987612,41145,18732116
1790115342073537023,9253923,8211428,3610,988066,41160,18732116
1790115342186836988,9254629,8211682,3610,988508,41174,18732116
1790115342302116474,9255340,8211914,3610,988986,41185,18732116
1790115342415572626,9256050,8212153,3610,989452,41194,18732116
1790115342529184706,9256786,8212411,3610,989891,41208,18732116
1790115342645335516,9257496,8212673,3610,990338,41224,18732116
1790115342761242864,9258236,8212932,3610,990793,41237,18732116
1790115342874678412,9258973,8213188,3610,991163,41322,18732116
1790115342990786153,9259694,8213420,3610,991645,41334,18732116
1790115343107074144,9260425,8213671,3610,992112,41346,18732116
1790115343221718185,9261149,8213926,3610,992562,41361,18732116
1790115343335953728,9261874,8214175,3610,993006,41380,18732116
1790115343451842301,9262597,8214424,3610,993466,41394,18732116
1790115343568000411,9263314,8214678,3610,993923,41409,18732116
1790115343684886645,9264045,8214900,3610,994425,41419,18732116
1790115343800957805,9264756,8215137,3610,994905,41430,18732116
1790115343915096529,9265467,8215411,3610,995331,41441,18732116
1790115344030039380,9266199,8215647,3610,995801,41454,18732116
1790115344143329772,9266939,8215891,3610,996250,41469,18732116
1790115344257478373,9267663,8216145,3610,996702,41482,18732116
1790115344370573487,9268379,8216403,3610,997145,41489,18732116
1790115344486845007,9269091,8216636,3610,997622,41506,18732116
1790115344601893170,9269804,8216888,3610,998075,41521,18732116
1790115344715099106,9270512,8217143,3610,998516,41534,18732116
1790115344829956297,9271235,8217422,3610,998941,41547,18732116
1790115344946106379,9271985,8217665,3610,999399,41572,18732116
1790115345063449847,9272738,8217898,3610,999837,41642,18732116
1790115345179175837,9273463,8218153,3610,1000293,41653,18732116
1790115345292656163,9274186,8218403,3610,1000740,41666,18732116
1790115345408547922,9274925,8218669,3610,1001190,41675,18732116
1790115345525108203,9275663,8218927,3610,1001650,41689,18732116
1790115345639274626,9276373,8219167,3610,1002109,41704,18732116
1790115345753445912,9277095,8219415,3610,1002566,41715,18732116
1790115345874833119,9277878,8219659,3610,1003075,41724,18732116
1790115345990216065,9278622,8219906,3610,1003537,41736,18732116
1790115346105170960,9279352,8220164,3610,1003980,41750,18732116
1790115346220474697,9280069,8220416,3610,1004435,41765,18732116
1790115346334528855,9280770,8220654,3610,1004895,41782,18732116
1790115346447695198,9281490,8220884,3610,1005280,41874,18732116
1790115346563439562,9282216,8221129,3610,1005748,41888,18732116
1790115346675528799,9282921,8221380,3610,1006185,41903,18732116
1790115346791841069,9283661,8221632,3610,1006646,41918,18732116
1790115346907758895,9284391,8221886,3610,1007104,41933,18732116
1790115347022421947,9285101,8222132,3610,1007564,41945,18732116
1790115347135804477,9285813,8222385,3610,1008002,41960,18732116
1790115347250284937,9286540,8222622,3610,1008475,41969,18732116
1790115347367231710,9287283,8222865,3610,1008950,41980,18732116
1790115347481929749,9287996,8223129,3610,1009388,41998,18732116
1790115347595669139,9288722,8223371,3610,1009839,42016,18732116
1790115347709606639,9289431,8223629,3610,1010276,42034,18732116
1790115347824210101,9290153,8223867,3610,1010678,42112,18732116
1790115347940925724,9290887,8224111,3610,1011154,42124,18732116
1790115348053845642,9291570,8224355,3610,1011605,42136,18732116
1790115348168301132,9292286,8224598,3610,1012059,42153,18732116
1790115348288670959,9293036,8224859,3610,1012538,42168,18732116
1790115348402713784,9293754,8225115,3610,1012982,42181,18732116
1790115348516933480,9294477,8225357,3610,1013438,42196,18732116
1790115348632009753,9295203,8225585,3610,1013916,42210,18732116
1790115348749335274,9295940,8225837,3610,1014383,42227,18732116
1790115348863762127,9296644,8226080,3610,1014840,42241,18732116
1790115348978590626,9297374,8226317,3610,1015311,42255,18732116
1790115349092991899,9298090,8226568,3610,1015763,42264,18732116
1790115349209242808,9298802,8226805,3610,1016238,42277,18732116
1790115349321827441,9299515,8227059,3610,1016679,42289,18732116
1790115349436255165,9300236,8227314,3610,1017134,42299,18732116
1790115349550623329,9300942,8227553,3610,1017592,42313,18732116
1790115349665093288,9301639,8227814,3610,1018032,42328,18732116
1790115349780590918,9302345,8228074,3610,1018482,42345,18732116
1790115349894028593,9303058,8228315,3610,1018892,42401,18732116
1790115350008250139,9303754,8228561,3610,1019323,42443,18732116
1790115350124487451,9304474,8228808,3610,1019787,42455,18732116
1790115350239871867,9305202,8229063,3610,1020244,42467,18732116
1790115350354872664,9305911,8229312,3610,1020698,42483,18732116
1790115350470996072,9306643,8229552,3610,1021164,42501,18732116
1790115350584558273,9307350,8229791,3610,1021623,42514,18732116
1790115350698112487,9308067,8230026,3610,1022090,42526,18732116
1790115350813108688,9308801,8230263,3610,1022554,42542,18732116
1790115350929426346,9309515,8230525,3610,1023004,42556,18732116
1790115351045043991,9310234,8230769,3610,1023467,42571,18732116
1790115351161102128,9310950,8231028,3610,1023924,42586,18732116
1790115351274726713,9311673,8231285,3610,1024358,42601,18732116
1790115351390956412,9312393,8231493,3610,1024800,42682,18732116
1790115351505386819,9313116,8231731,3610,1025261,42700,18732116
1790115351621383108,9313852,8231979,3610,1025726,42711,18732116
1790115351738316083,9314596,8232232,3610,1026191,42724,18732116
1790115351853879465,9315326,8232487,3610,1026646,42740,18732116
1790115351968977761,9316048,8232733,3610,1027100,42758,18732116
1790115352085533713,9316762,8232975,3610,1027580,42768,18732116
1790115352200101675,9317475,8233215,3610,1028043,42782,18732116
1790115352315849247,9318192,8233462,3610,1028502,42798,18732116
1790115352430489600,9318922,8233695,3610,1028974,42812,18732116
1790115352545362611,9319642,8233990,3610,1029383,42825,18732116
1790115352657665338,9320340,8234245,3610,1029818,42839,18732116
1790115352772337349,9321073,8234486,3610,1030218,42921,18732116
1790115352889742217,9321808,8234745,3610,1030677,42935,18732116
1790115353006516534,9322544,8235004,3610,1031133,42952,18732116
1790115353122826454,9323271,8235267,3610,1031584,42966,18732116
1790115353238916704,9324014,8235517,3610,1032047,42981,18732116
1790115353353576291,9324723,8235766,3610,1032507,42989,18732116
1790115353468790370,9325456,8236015,3610,1032962,43003,18732116
1790115353585983174,9326200,8236232,3610,1033469,43015,18732116
1790115353702076902,9326936,8236479,3610,1033939,43024,18732116
1790115353817586827,9327645,8236721,3610,1034395,43049,18732116
1790115353933301512,9328369,8236993,3610,1034833,43063,18732116
1790115354048076841,9329072,8237242,3610,1035282,43081,18732116
1790115354164441947,9329804,8237472,3610,1035699,43164,18732116
1790115354279459228,9330528,8237687,3610,1036193,43179,18732116
1790115354394974265,9331260,8237944,3610,1036647,43191,18732116
1790115354509607618,9331971,8238202,3610,1037099,43201,18732116
1790115354625576240,9332693,8238448,3610,1037561,43215,18732116
1790115354739972174,9333409,8238702,3610,1038017,43226,18732116
1790115354853391845,9334109,8238941,3610,1038467,43240,18732116
1790115354967475513,9334826,8239177,3610,1038938,43251,18732116
1790115355083207512,9335555,8239442,3610,1039382,43266,18732116
1790115355197422037,9336272,8239686,3610,1039841,43277,18732116
1790115355312581920,9336975,8239949,3610,1040287,43288,18732116
1790115355427852718,9337672,8240210,3610,1040736,43298,18732116
1790115355543715208,9338392,8240478,3610,1041175,43316,18732116
1790115355658464229,9339107,8240730,3610,1041638,43326,18732116
1790115355772707313,9339841,8240974,3610,1042090,43341,18732116
1790115355885982237,9340524,8241218,3610,1042542,43354,18732116
1790115355999777882,9341201,8241471,3610,1042986,43367,18732116
1790115356115335396,9341920,8241716,3610,1043445,43383,18732116
1790115356227736501,9342623,8241966,3610,1043887,43395,18732116
1790115356342054778,9343343,8242193,3610,1044298,43477,18732116
1790115356456278019,9344056,8242426,3610,1044768,43488,18732116
1790115356569521350,9344761,8242667,3610,1045221,43505,18732116
1790115356683966835,9345481,8242902,3610,1045685,43519,18732116
1790115356798839013,9346179,8243142,3610,1046151,43534,18732116
1790115356911779827,9346887,8243388,3610,1046602,43547,18732116
1790115357026310419,9347631,8243633,3610,1047061,43557,18732116
1790115357141086005,9348371,8243889,3610,1047516,43566,18732116
1790115357256666904,9349095,8244159,3610,1047954,43583,18732116
1790115357370643088,9349811,8244526,3610,1048296,43591,18732116
1790115357486446911,9350557,8244828,3610,1048702,43607,18732116
1790115357602053203,9351293,8245110,3610,1049132,43621,18732116
1790115357717010359,9352031,8245366,3610,1049516,43701,18732116
1790115357835127838,9352759,8245612,3610,1049996,43716,18732116
1790115357951528575,9353492,8245887,3610,1050438,43729,18732116
1790115358064099528,9354198,8246147,3610,1050867,43743,18732116
1790115358180090889,9354925,8246435,3610,1051293,43755,18732116
1790115358295502411,9355645,8246678,3610,1051761,43766,18732116
1790115358411259023,9356386,8246925,3610,1052226,43779,18732116
1790115358528687533,9357122,8247165,3610,1052709,43790,18732116
1790115358642126776,9357838,8247404,3610,1053167,43803,18732116
1790115358757120529,9358544,8247643,3610,1053630,43819,18732116
1790115358870797526,9359254,8247907,3610,1054063,43835,18732116
1790115358982862713,9359950,8248164,3610,1054495,43846,18732116
1790115359097325089,9360669,8248385,3610,1054922,43915,18732116
1790115359213562400,9361398,8248628,3610,1055378,43947,18732116
1790115359329261422,9362134,8248864,3610,1055852,43961,18732116
1790115359443261145,9362854,8249112,3610,1056306,43973,18732116
1790115359558505861,9363570,8249360,3610,1056770,43984,18732116
1790115359673406499,9364312,8249608,3610,1057230,43994,18732116
1790115359787828443,9365047,8249854,3610,1057687,44004,18732116
1790115359902896576,9365758,8250098,3610,1058159,44013,18732116
1790115360018994506,9366474,8250348,3610,1058616,44030,18732116
1790115360132524678,9367195,8250611,3610,1059054,44039,18732116
1790115360245853021,9367912,8250854,3610,1059509,44050,18732116
1790115360361195608,9368635,8251103,3610,1059966,44063,18732116
1790115360477608404,9369363,8251366,3610,1060418,44077,18732116
1790115360593537036,9370095,8251590,3610,1060843,44160,18732116
1790115360709212833,9370808,8251863,3610,1061274,44178,18732116
1790115360825522373,9371551,8252140,3610,1061711,44191,18732116
1790115360939462316,9372267,8252415,3610,1062138,44207,18732116
1790115361054203810,9373001,8252682,3610,1062571,44222,18732116
1790115361168536943,9373737,8252936,3610,1063021,44236,18732116
1790115361284408216,9374468,8253189,3610,1063480,44248,18732116
1790115361401277314,9375212,8253440,3610,1063953,44259,18732116
1790115361517124153,9375925,8253693,3610,1064404,44277,18732116
1790115361631007363,9376655,8253935,3610,1064865,44290,18732116
1790115361746386117,9377389,8254169,3610,1065332,44306,18732116
1790115361878438461,9378214,8254466,3610,1065846,44326,18732116
1790115361994508346,9378951,8254907,3610,1066119,44335,18744788
1790115362108207138,9379677,8255509,3610,1066229,44339,18766036
1790115362221972589,9380401,8255623,3610,1066838,44341,18766036
1790115362339221141,9381150,8255719,3610,1067487,44342,18766036
1790115362453703437,9381886,8255765,3610,1068172,44342,18766036
1790115362569844584,9382636,8255879,3610,1068796,44343,18766036
1790115362687032015,9383389,8255994,3610,1069425,44343,18766036
1790115362801640840,9384120,8256080,3610,1070064,44343,18766036
1790115362918633349,9384867,8256183,3610,1070705,44344,18766036
1790115363035775384,9385611,8256270,3610,1071370,44344,18766036
1790115363150494063,9386334,8256358,3610,1072006,44345,18766036
1790115363267726782,9387083,8256460,3610,1072656,44345,18766036
1790115363379570261,9387803,8256555,3610,1073268,44345,18766036
1790115363493822321,9388537,8256638,3610,1073916,44346,18766036
1790115363611065993,9389289,8256782,3610,1074518,44346,18766036
1790115363725370556,9390022,8256807,3610,1075219,44346,18766036
1790115363839728020,9390748,8256910,3610,1075845,44347,18766036
1790115363956900586,9391499,8257065,3610,1076435,44348,18766036
1790115364071526768,9392235,8257098,3610,1077130,44348,18766036
1790115364186989027,9392970,8257177,3610,1077788,44348,18766036
1790115364302026375,9393704,8257339,3610,1078357,44348,18766036
1790115364433325095,9394539,8257412,3610,1079119,44349,18766036
1790115364549351229,9395278,8257564,3610,1079702,44350,18766036
1790115364666712971,9396031,8257682,3610,1080335,44350,18766036
1790115364781162770,9396764,8257788,3610,1080953,44351,18766036
1790115364897799056,9397505,8257965,3610,1081521,44351,18766036
1790115365015131715,9398258,8258111,3610,1082120,44351,18766036
1790115365129693038,9398981,8258228,3610,1082732,44352,18766036
1790115365241378985,9399696,8258345,3610,1083324,44352,18766036
1790115365371678322,9400528,8258488,3610,1084014,44352,18766036
1790115365486378773,9401270,8258584,3610,1084643,44353,18766036
1790115365603512420,9402011,8258734,3610,1085236,44354,18766036
1790115365721509899,9402762,8258887,3610,1085832,44355,18766036
1790115365838826352,9403518,8258994,3610,1086476,44355,18766036
1790115365956372979,9404267,8259199,3610,1087014,44356,18766036
1790115366074564637,9405027,8259332,3610,1087631,44357,18766036
1790115366191795383,9405778,8259417,3610,1088297,44357,18766036
1790115366306234048,9406515,8259473,3610,1088967,44357,18766036
1790115366423000184,9407263,8259574,3610,1089611,44357,18766036
1790115366540539624,9408019,8259702,3610,1090228,44357,18766036
1790115366656089163,9408773,8259865,3610,1090802,44357,18766036
1790115366773206230,9409521,8260003,3610,1091410,44357,18766036
1790115366914379821,9410409,8260254,3610,1092055,44359,18766036
1790115367029995686,9411147,8260394,3610,1092651,44359,18766036
1790115367148491094,9411897,8260493,3610,1093306,44360,18766036
1790115367262501617,9412632,8260671,3610,1093849,44362,18766036
1790115367379683272,9413374,8260789,3610,1094482,44362,18766036
1790115367494252360,9414098,8260958,3610,1095036,44364,18766036
1790115367611290661,9414845,8261077,3610,1095662,44364,18766036
1790115367728209281,9415598,8261241,3610,1096241,44364,18766036
1790115367845189106,9416345,8261347,3610,1096881,44364,18766036
1790115367957787695,9417065,8261391,3610,1097557,44364,18766036
1790115368072239628,9417797,8261481,3610,1098190,44364,18766036
1790115368189283853,9418545,8261600,3610,1098817,44364,18766036
1790115368306079736,9419295,8261740,3610,1099420,44365,18766036
1790115368422033402,9420043,8261820,3610,1100078,44366,18766036
1790115368537713403,9420770,8261963,3610,1100670,44366,18766036
1790115368653978775,9421519,8262076,3610,1101297,44366,18766036
1790115368771006633,9422270,8262159,3610,1101958,44367,18766036
1790115368885671745,9423005,8262221,3610,1102628,44367,18766036
1790115369001225896,9423745,8262324,3610,1103257,44367,18766036
1790115369118182029,9424481,8262479,3610,1103845,44369,18766036
1790115369237206966,9425233,8262584,3610,1104495,44370,18766036
1790115369357311533,9426008,8262750,3610,1105093,44370,18766036
1790115369475724370,9426757,8262885,3610,1105713,44371,18766036
1790115369593314211,9427509,8262966,3610,1106377,44372,18766036
1790115369707831273,9428245,8263012,3610,1107063,44372,18766036
1790115369824710011,9428998,8263165,3610,1107654,44372,18766036
1790115369941875100,9429751,8263286,3610,1108278,44372,18766036
1790115370055043058,9430479,8263416,3610,1108866,44372,18766036
1790115370172217981,9431232,8263540,3610,1109487,44372,18766036
1790115370292086569,9431994,8263707,3610,1110081,44374,18766036
1790115370413207805,9432777,8263832,3610,1110724,44374,18766036
1790115370526732497,9433501,8263854,3610,1111430,44374,18766036
1790115370640601137,9434230,8263932,3610,1112070,44375,18766036
1790115370757690769,9434977,8264058,3610,1112694,44375,18766036
1790115370874530138,9435735,8264187,3610,1113301,44375,18766036
1790115370991695818,9436487,8264349,3610,1113889,44376,18766036
1790115371108860082,9437240,8264502,3610,1114480,44376,18766036
1790115371226209694,9437996,8264606,3610,1115121,44376,18766036
1790115371343289074,9438742,8264733,3610,1115739,44376,18766036
1790115371457398713,9439465,8264825,3610,1116371,44376,18766036
1790115371574419140,9440214,8264894,3610,1117051,44376,18766036
1790115371688955708,9440940,8265047,3610,1117623,44378,18766036
1790115371805540869,9441680,8265161,3610,1118247,44379,18766036
1790115371923311368,9442427,8265287,3610,1118869,44380,18766036
1790115372038003271,9443151,8265400,3610,1119487,44381,18766036
1790115372155186477,9443904,8265471,3610,1120159,44382,18766036
1790115372269805304,9444638,8265530,3610,1120826,44383,18766036
1790115372383207950,9445361,8265656,3610,1121420,44384,18766036
1790115372500195868,9446105,8265803,3610,1122020,44384,18766036
1790115372614635905,9446836,8265967,3610,1122583,44385,18766036
1790115372735417039,9447605,8266128,3610,1123184,44385,18766036
1790115372852838200,9448346,8266295,3610,1123765,44387,18766036
1790115372969934437,9449097,8266406,3610,1124399,44388,18766036
1790115373084635495,9449827,8266447,3610,1125085,44388,18766036
1790115373199352824,9450559,8266549,3610,1125711,44390,18766036
1790115373316579301,9451311,8266681,3610,1126323,44390,18766036
1790115373433957041,9452059,8266830,3610,1126924,44391,18766036
1790115373551035635,9452815,8266920,3610,1127579,44391,18766036
1790115373664057769,9453547,8267091,3610,1128125,44392,18766036
1790115373780207787,9454287,8267192,3610,1128762,44392,18766036
1790115373912404782,9455131,8267295,3610,1129500,44392,18766036
1790115374026817429,9455870,8267368,3610,1130158,44393,18766036
1790115374143931536,9456618,8267463,3610,1130807,44393,18766036
1790115374258985130,9457348,8267597,3610,1131404,44394,18766036
1790115374376220412,9458111,8267697,3610,1132049,44394,18766036
1790115374493271835,9458845,8267823,3610,1132667,44395,18766036
1790115374608360239,9459564,8267943,3610,1133277,44396,18766036
1790115374725515320,9460312,8268028,3610,1133937,44396,18766036
1790115374840130356,9461042,8268087,3610,1134607,44397,18766036
1790115374961036735,9461822,8268175,3610,1135287,44397,18766036
1790115375078203328,9462579,8268304,3610,1135904,44397,18766036
1790115375189053190,9463285,8268422,3610,1136490,44398,18766036
1790115375306383285,9464028,8268495,3610,1137162,44399,18766036
1790115375421888954,9464764,8268662,3610,1137731,44399,18766036
1790115375539024859,9465517,8268785,3610,1138353,44399,18766036
1790115375653508076,9466251,8268812,3610,1139054,44399,18766036
1790115375770563128,9467005,8268936,3610,1139676,44400,18766036
1790115375885725698,9467740,8269037,3610,1140310,44400,18766036
1790115376004093346,9468504,8269167,3610,1140929,44400,18766036
1790115376121213276,9469248,8269290,3610,1141549,44402,18766036
1790115376238485386,9470001,8269456,3610,1142126,44403,18766036
1790115376355739767,9470750,8269547,3610,1142783,44404,18766036
1790115376467415578,9471471,8269608,3610,1143432,44404,18766036
1790115376580752282,9472190,8269697,3610,1144067,44405,18766036
1790115376697925618,9472942,8269828,3610,1144681,44405,18766036
1790115376815222656,9473690,8269971,3610,1145281,44406,18766036
1790115376942561984,9474497,8270061,3610,1146000,44406,18766036
1790115377056991636,9475234,8270216,3610,1146575,44407,18766036
1790115377173523485,9475985,8270325,3610,1147205,44407,18766036
1790115377291301792,9476741,8270402,3610,1147880,44407,18766036
1790115377405880422,9477472,8270472,3610,1148541,44407,18766036
1790115377522455038,9478216,8270564,3610,1149188,44407,18766036
1790115377638228564,9478956,8270762,3610,1149728,44408,18766036
1790115377752020237,9479689,8270886,3610,1150327,44408,18766036
1790115377869214455,9480442,8270956,3610,1151002,44408,18766036
1790115377984415951,9481178,8271118,3610,1151570,44408,18766036
1790115378101602313,9481930,8271258,3610,1152175,44409,18766036
1790115378216443411,9482659,8271285,3610,1152881,44409,18766036
1790115378332650247,9483394,8271400,3610,1153505,44411,18766036
1790115378449850457,9484143,8271481,3610,1154171,44411,18766036
1790115378567029173,9484885,8271623,3610,1154772,44412,18766036
1790115378684046548,9485636,8271743,3610,1155396,44412,18766036
1790115378801204547,9486389,8271889,3610,1155992,44413,18766036
1790115378918546328,9487139,8272014,3610,1156614,44414,18766036
1790115379032746378,9487868,8272038,3610,1157321,44414,18766036
1790115379147227195,9488595,8272118,3610,1157964,44415,18766036
1790115379264293761,9489339,8272255,3610,1158571,44415,18766036
1790115379381590689,9490075,8272422,3610,1159145,44417,18766036
1790115379498698078,9490830,8272495,3610,1159823,44417,18766036
1790115379615372847,9491583,8272689,3610,1160371,44417,18766036
1790115379732304198,9492338,8272787,3610,1161014,44418,18766036
1790115379849802110,9493090,8272863,3610,1161689,44419,18766036
1790115379964294163,9493820,8272932,3610,1162346,44420,18766036
1790115380082039321,9494568,8273014,3610,1163012,44420,18766036
1790115380197800926,9495309,8273205,3610,1163559,44420,18766036
1790115380314675757,9496059,8273312,3610,1164196,44420,18766036
1790115380431836399,9496810,8273445,3610,1164806,44420,18766036
1790115380547352471,9497542,8273539,3610,1165445,44422,18766036
1790115380660921350,9498267,8273664,3610,1166044,44422,18766036
1790115380775373188,9499005,8273714,3610,1166720,44422,18766036
1790115380888338454,9499719,8273898,3610,1167255,44423,18766036
1790115381006208254,9500475,8274021,3610,1167881,44423,18766036
1790115381123272346,9501224,8274197,3610,1168448,44424,18766036
1790115381240457752,9501973,8274326,3610,1169063,44424,18766036
1790115381357830179,9502728,8274517,3610,1169622,44425,18766036
1790115381475296091,9503481,8274638,3610,1170246,44425,18766036
1790115381590018074,9504217,8274763,3610,1170854,44425,18766036
1790115381704308467,9504943,8274910,3610,1171430,44426,18766036
1790115381821583135,9505693,8275067,3610,1172019,44426,18766036
1790115381969213845,9506645,8275211,3610,1172815,44426,18766036
1790115382086192278,9507393,8275376,3610,1173394,44426,18766036
1790115382203326945,9508145,8275496,3610,1174017,44427,18766036
1790115382320166680,9508900,8275591,3610,1174667,44427,18766036
1790115382437005501,9509649,8275674,3610,1175330,44427,18766036
1790115382551355484,9510364,8275765,3610,1175963,44429,18766036
1790115382668445810,9511108,8275884,3610,1176587,44429,18766036
1790115382782494007,9511838,8275905,3610,1177294,44429,18766036
1790115382896633394,9512567,8276005,3610,1177918,44430,18766036
1790115383013615376,9513320,8276148,3610,1178520,44430,18766036
1790115383127599162,9514048,8276176,3610,1179218,44430,18766036
1790115383244612334,9514797,8276263,3610,1179878,44431,18766036
1790115383357953421,9515523,8276379,3610,1180484,44432,18766036
1790115383472173472,9516260,8276416,3610,1181172,44432,18766036
1790115383589106918,9517007,8276560,3610,1181771,44433,18766036
1790115383706230678,9517754,8276640,3610,1182437,44433,18766036
1790115383820493785,9518491,8276700,3610,1183103,44433,18766036
1790115383937611140,9519245,8276798,3610,1183749,44433,18766036
1790115384054644000,9519994,8276872,3610,1184426,44433,18766036
1790115384168982294,9520722,8276943,3610,1185079,44433,18766036
1790115384286080753,9521474,8277031,3610,1185738,44434,18766036
1790115384398318922,9522199,8277089,3610,1186393,44434,18766036
1790115384512571677,9522927,8277179,3610,1187026,44435,18766036
1790115384629677520,9523671,8277338,3610,1187617,44435,18766036
1790115384743340277,9524401,8277360,3610,1188317,44435,18766036
1790115384857613534,9525128,8277474,3610,1188927,44435,18766036
1790115384974664056,9525874,8277631,3610,1189516,44440,18766036
1790115385088934401,9526602,8277656,3610,1190213,44445,18766036
1790115385206265382,9527362,8277744,3610,1190838,44478,18766036
1790115385319417136,9528081,8277861,3610,1191415,44502,18766036
1790115385433445086,9528814,8277901,3610,1192095,44509,18766036
1790115385548876075,9529545,8278076,3610,1192565,44598,18766036
1790115385665766972,9530265,8278340,3610,1193022,44613,18766036
1790115385781250371,9531003,8278583,3610,1193488,44625,18766036
1790115385896105215,9531726,8278826,3610,1193942,44641,18766036
1790115386011348923,9532438,8279072,3610,1194404,44655,18766036
1790115386125259067,9533172,8279338,3610,1194837,44672,18766036
1790115386241214475,9533894,8279607,3610,1195279,44681,18766036
1790115386355384364,9534619,8279871,3610,1195723,44693,18766036
1790115386471510609,9535333,8280110,3610,1196193,44706,18766036
1790115386585829078,9536062,8280367,3610,1196640,44717,18766036
1790115386700588441,9536801,8280617,3610,1197095,44733,18766036
1790115386815770037,9537509,8280871,3610,1197547,44744,18766036
1790115386945520687,9538300,8281133,3610,1198090,44758,18766036
1790115387062524034,9539027,8281386,3610,1198555,44772,18766036
1790115387177870890,9539719,8281635,3610,1199008,44787,18766036
1790115387292706231,9540444,8281874,3610,1199474,44800,18766036
1790115387409426178,9541169,8282122,3610,1199940,44815,18766036
1790115387525028027,9541874,8282365,3610,1200410,44827,18766036
1790115387639623777,9542598,8282598,3610,1200882,44840,18766036
1790115387754711047,9543326,8282848,3610,1201338,44854,18766036
1790115387869550053,9544050,8283112,3610,1201782,44866,18766036
1790115387985744053,9544777,8283359,3610,1202249,44879,18766036
1790115388099843828,9545476,8283604,3610,1202701,44893,18766036
1790115388213940452,9546178,8283852,3610,1203155,44910,18766036
1790115388329196275,9546895,8284088,3610,1203625,44921,18766036
1790115388446520083,9547633,8284360,3610,1204075,44936,18766036
1790115388561394594,9548356,8284626,3610,1204518,44946,18766036
1790115388677593353,9549070,8284866,3610,1204989,44958,18766036
1790115388791994809,9549773,8285117,3610,1205437,44973,18766036
1790115388906596303,9550475,8285358,3610,1205902,44987,18766036
1790115389021951224,9551177,8285607,3610,1206359,45000,18766036
1790115389137700031,9551890,8285877,3610,1206802,45012,18766036
1790115389253229454,9552615,8286127,3610,1207260,45026,18766036
1790115389368942933,9553336,8286367,3610,1207726,45042,18766036
1790115389483299511,9554082,8286617,3610,1208184,45050,18766036
1790115389598567485,9554805,8286865,3610,1208642,45067,18766036
1790115389713330704,9555525,8287105,3610,1209110,45081,18766036
1790115389829830522,9556228,8287353,3610,1209574,45094,18766036
1790115389943620207,9556980,8287631,3610,1209992,45110,18766036
1790115390059125184,9557712,8287879,3610,1210450,45127,18766036
1790115390175057098,9558446,8288137,3610,1210903,45141,18766036
1790115390290857680,9559177,8288389,3610,1211363,45153,18766036
1790115390405447560,9559894,8288621,3610,1211841,45165,18766036
1790115390520294055,9560615,8288871,3610,1212301,45175,18766036
1790115390636780911,9561360,8289132,3610,1212755,45186,18766036
1790115390750430561,9562083,8289371,3610,1213218,45197,18766036
1790115390866411682,9562826,8289625,3610,1213673,45209,18766036
1790115390980424484,9563532,8289881,3610,1214117,45226,18766036
1790115391096904867,9564282,8290111,3610,1214606,45236,18766036
1790115391212852514,9565023,8290356,3610,1215074,45248,18766036
1790115391329566600,9565760,8290617,3610,1215529,45263,18766036
1790115391445675591,9566489,8290856,3610,1216001,45279,18766036
1790115391561283893,9567230,8291097,3610,1216461,45298,18766036
1790115391674168879,9567943,8291346,3610,1216903,45314,18766036
1790115391787661584,9568638,8291589,3610,1217365,45325,18766036
1790115391902492971,9569383,8291843,3610,1217820,45337,18766036
1790115392017649278,9570088,8292081,3610,1218289,45347,18766036
1790115392131771106,9570817,8292372,3610,1218696,45364,18766036
1790115392245429255,9571546,8292640,3610,1219129,45376,18766036
1790115392361011741,9572269,8292894,3610,1219582,45389,18766036
1790115392476767852,9572972,8293144,3610,1220050,45398,18766036
1790115392593575805,9573731,8293411,3610,1220507,45408,18766036
1790115392707778247,9574450,8293664,3610,1220950,45429,18766036
1790115392821456155,9575187,8293915,3610,1221393,45444,18766036
1790115392935455181,9575898,8294163,3610,1221847,45459,18766036
1790115393050199040,9576624,8294421,3610,1222289,45472,18766036
1790115393164778323,9577351,8294680,3610,1222739,45483,18766036
1790115393283538228,9578118,8294943,3610,1223207,45497,18766036
1790115393399021810,9578841,8295195,3610,1223667,45506,18766036
1790115393514295307,9579548,8295484,3610,1224088,45518,18766036
1790115393628621411,9580263,8295735,3610,1224540,45530,18766036
1790115393743304016,9580981,8295981,3610,1224997,45546,18766036
1790115393857237938,9581697,8296230,3610,1225454,45556,18766036
1790115393978830628,9582476,8296465,3610,1225968,45564,18766036
1790115394095384749,9583187,8296707,3610,1226439,45579,18766036
1790115394210793924,9583894,8296943,3610,1226912,45593,18766036
1790115394327290075,9584622,8297187,3610,1227383,45608,18766036
1790115394443774405,9585377,8297445,3610,1227837,45620,18766036
1790115394559301219,9586100,8297677,3610,1228318,45631,18766036
1790115394675023246,9586811,8297922,3610,1228791,45642,18766036
1790115394790724631,9587544,8298163,3610,1229257,45655,18766036
1790115394905698566,9588281,8298407,3610,1229717,45669,18766036
1790115395022320457,9589006,8298652,3610,1230184,45685,18766036
1790115395136486646,9589732,8298891,3610,1230645,45700,18766036
1790115395251782533,9590481,8299116,3610,1231129,45713,18766036
1790115395366598494,9591203,8299367,3610,1231590,45723,18766036
1790115395482824298,9591931,8299627,3610,1232038,45738,18766036
1790115395598681634,9592652,8299872,3610,1232506,45752,18766036
1790115395715259220,9593379,8300133,3610,1232964,45764,18766036
1790115395829309990,9594106,8300369,3610,1233425,45775,18766036
1790115395943480924,9594820,8300595,3610,1233901,45792,18766036
1790115396059062465,9595537,8300855,3610,1234349,45806,18766036
1790115396173648509,9596243,8301111,3610,1234797,45821,18766036
1790115396287839044,9596969,8301362,3610,1235247,45831,18766036
1790115396402327465,9597689,8301629,3610,1235683,45845,18766036
1790115396517481681,9598398,8301868,3610,1236150,45858,18766036
1790115396631969048,9599129,8302195,3610,1236540,45866,18766036
1790115396752623619,9599907,8302442,3610,1237035,45877,18766036
1790115396866728966,9600610,8302683,3610,1237494,45888,18766036
1790115396981896338,9601364,8302926,3610,1237957,45906,18766036
1790115397097043056,9602088,8303185,3610,1238401,45920,18766036
1790115397212104606,9602824,8303438,3610,1238858,45932,18766036
1790115397325445883,9603554,8303700,3610,1239291,45945,18766036
1790115397443457004,9604303,8303934,3610,1239781,45961,18766036
1790115397559857681,9605020,8304188,3610,1240241,45975,18766036
1790115397674272496,9605730,8304463,3610,1240673,45988,18766036
1790115397787569984,9606450,8304715,3610,1241111,46005,18766036
1790115397903083353,9607175,8304978,3610,1241561,46018,18766036
1790115398017339658,9607909,8305234,3610,1242005,46029,18766036
1790115398135322963,9608641,8305479,3610,1242491,46037,18766036
1790115398249881431,9609370,8305750,3610,1242927,46049,18766036
1790115398364197199,9610075,8306004,3610,1243372,46063,18766036
1790115398479038581,9610797,8306256,3610,1243828,46073,18766036
1790115398593360888,9611510,8306510,3610,1244277,46086,18766036
1790115398706830834,9612216,8306778,3610,1244708,46100,18766036
1790115398822247969,9612943,8307010,3610,1245186,46111,18766036
1790115398937217100,9613639,8307258,3610,1245645,46123,18766036
1790115399051302606,9614337,8307517,3610,1246087,46138,18766036
1790115399166876910,9615066,8307777,3610,1246537,46150,18766036
1790115399280702206,9615793,8308028,3610,1246986,46164,18766036
1790115399395220042,9616485,8308275,3610,1247440,46178,18766036
1790115399509465538,9617195,8308508,3610,1247914,46193,18766036
1790115399625714044,9617927,8308748,3610,1248387,46203,18766036
1790115399740612987,9618643,8309006,3610,1248834,46216,18766036
1790115399856901218,9619355,8309269,3610,1249280,46235,18766036
1790115399972321002,9620081,8309526,3610,1249726,46253,18766036
1790115400087000591,9620789,8309798,3610,1250164,46260,18766036
1790115400202731216,9621511,8310025,3610,1250648,46274,18766036
1790115400316726258,9622243,8310258,3610,1251118,46287,18766036
1790115400432217441,9622974,8310502,3610,1251577,46301,18766036
1790115400546169953,9623697,8310787,3610,1251993,46314,18766036
1790115400660725752,9624398,8311066,3610,1252415,46331,18766036
1790115400777349537,9625136,8311316,3610,1252884,46341,18766036
1790115400892009931,9625848,8311571,3610,1253339,46352,18766036
1790115401009072073,9626570,8311822,3610,1253806,46365,18766036
1790115401123216030,9627285,8312088,3610,1254239,46381,18766036
1790115401236627074,9628019,8312334,3610,1254689,46395,18766036
1790115401350858760,9628741,8312588,3610,1255137,46409,18766036
1790115401465280018,9629470,8312845,3610,1255577,46425,18766036
1790115401578921885,9630173,8313072,3610,1256054,46438,18766036
1790115401695116247,9630910,8313314,3610,1256520,46454,18766036
1790115401810887963,9631602,8313561,3610,1256981,46468,18766036
1790115401927553580,9632345,8313829,3610,1257433,46482,18766036
1790115402043381488,9633086,8314072,3610,1257896,46495,18766036
1790115402157290032,9633805,8314315,3610,1258352,46508,18766036
1790115402270328206,9634534,8314596,3610,1258776,46518,18766036
1790115402384797151,9635272,8314826,3610,1259247,46529,18766036
1790115402498868426,9635972,8315066,3610,1259707,46543,18766036
1790115402615619902,9636696,8315322,3610,1260167,46557,18766036
1790115402730528412,9637408,8315570,3610,1260629,46568,18766036
1790115402845394593,9638130,8315810,3610,1261092,46580,18766036
1790115402962225536,9638880,8316043,3610,1261583,46589,18766036
1790115403079007532,9639655,8316285,3610,1262064,46600,18766036
1790115403194531725,9640385,8316523,3610,1262532,46612,18766036
1790115403308506007,9641100,8316793,3610,1262961,46628,18766036
1790115403423951315,9641809,8317061,3610,1263399,46642,18766036
1790115403539277369,9642556,8317308,3610,1263863,46652,18766036
1790115403653960788,9643297,8317531,3610,1264349,46663,18766036
1790115403767963944,9644012,8317773,3610,1264809,46675,18766036
1790115403882432017,9644746,8318028,3610,1265262,46686,18766036
1790115403997070328,9645452,8318281,3610,1265709,46702,18766036
1790115404110788836,9646158,8318535,3610,1266148,46719,18766036
1790115404224000322,9646875,8318785,3610,1266597,46734,18766036
1790115404337985759,9647572,8319007,3610,1267073,46745,18766036
1790115404453864039,9648294,8319266,3610,1267533,46757,18766036
1790115404568813609,9649011,8319520,3610,1267982,46769,18766036
1790115404683984242,9649740,8319777,3610,1268437,46778,18766036
1790115404797235353,9650488,8320042,3610,1268870,46790,18766036
1790115404913557898,9651213,8320296,3610,1269335,46800,18766036
1790115405027825519,9651930,8320545,3610,1269793,46814,18766036
1790115405144560317,9652648,8320789,3610,1270257,46833,18766036
1790115405259425735,9653387,8321035,3610,1270712,46849,18766036
1790115405376201987,9654125,8321288,3610,1271176,46860,18766036
1790115405490886663,9654866,8321532,3610,1271638,46872,18766036
1790115405605002479,9655570,8321789,3610,1272081,46885,18766036
1790115405721195606,9656298,8322025,3610,1272561,46896,18766036
1790115405837190715,9657035,8322274,3610,1273028,46907,18766036
1790115405953171003,9657752,8322538,3610,1273478,46919,18766036
1790115406069561436,9658494,8322796,3610,1273931,46935,18766036
1790115406185182953,9659226,8323051,3610,1274385,46948,18766036
1790115406300266013,9659951,8323305,3610,1274840,46959,18766036
1790115406416962815,9660697,8323555,3610,1275311,46969,18766036
1790115406534115116,9661419,8323799,3610,1275790,46984,18766036
1790115406649609326,9662152,8324047,3610,1276249,46994,18766036
1790115406765202342,9662883,8324286,3610,1276717,47011,18766036
1790115406879536791,9663581,8324564,3610,1277139,47026,18766036
1790115406994837963,9664297,8324823,3610,1277584,47041,18766036
1790115407110212268,9665018,8325060,3610,1278061,47052,18766036
1790115407226739105,9665736,8325300,3610,1278531,47070,18766036
1790115407342335970,9666484,8325558,3610,1278985,47081,18766036
1790115407457841234,9667182,8325796,3610,1279454,47097,18766036
1790115407573256590,9667913,8326051,3610,1279913,47107,18766036
1790115407687841164,9668614,8326296,3610,1280371,47120,18766036
1790115407804003494,9669347,8326533,3610,1280852,47128,18766036
1790115407920007739,9670076,8326778,3610,1281317,47142,18766036
1790115408035085538,9670822,8327022,3610,1281779,47156,18766036
1790115408150795702,9671544,8327282,3610,1282236,47165,18766036
1790115408266550871,9672261,8327529,3610,1282696,47180,18766036
1790115408381212458,9672971,8327768,3610,1283160,47193,18766036
1790115408497223218,9673691,8328019,3610,1283625,47207,18766036
1790115408614193540,9674419,8328265,3610,1284094,47223,18766036
1790115408730376541,9675149,8328508,3610,1284561,47238,18766036
1790115408844869190,9675861,8328754,3610,1285018,47253,18766036
1790115408958993944,9676579,8329012,3610,1285457,47269,18766036
1790115409073422059,9677299,8329283,3610,1285886,47285,18766036
1790115409189619745,9678032,8329510,3610,1286378,47296,18766036
1790115409302642947,9678756,8329756,3610,1286826,47311,18766036
1790115409417339565,9679468,8330015,3610,1287274,47324,18766036
1790115409531883710,9680163,8330276,3610,1287711,47338,18766036
1790115409645439367,9680874,8330636,3610,1288056,47348,18766036
1790115409761987763,9681604,8330892,3610,1288517,47359,18766036
1790115409877636836,9682321,8331120,3610,1289006,47372,18766036
1790115409993858908,9683047,8331395,3610,1289436,47393,18766036
1790115410107507952,9683764,8331658,3610,1289871,47405,18766036
1790115410223611624,9684497,8331900,3610,1290347,47417,18766036
1790115410338253476,9685225,8332142,3610,1290805,47428,18766036
1790115410452068181,9685942,8332404,3610,1291241,47442,18766036
1790115410567651481,9686656,8332645,3610,1291714,47452,18766036
1790115410684049466,9687382,8332896,3610,1292177,47467,18766036
1790115410798184991,9688090,8333135,3610,1292647,47477,18766036
1790115410912191715,9688795,8333409,3610,1293070,47488,18766036
1790115411025319044,9689493,8333673,3610,1293501,47505,18766036
1790115411141419479,9690217,8333921,3610,1293962,47520,18766036
1790115411254911017,9690969,8334167,3610,1294427,47527,18766036
1790115411369401266,9691695,8334413,3610,1294887,47535,18766036
1790115411483113620,9692389,8334671,3610,1295330,47544,18766036
1790115411598217825,9693112,8334930,3610,1295778,47557,18766036
1790115411713309914,9693823,8335181,3610,1296235,47570,18766036
1790115411828323099,9694524,8335423,3610,1296697,47582,18766036
1790115411943373178,9695230,8335661,3610,1297171,47594,18766036
1790115412062987730,9695994,8335916,3610,1297654,47602,18766036
1790115412180947664,9696753,8336174,3610,1298127,47613,18766036
1790115412296688204,9697489,8336413,3610,1298598,47624,18766036
1790115412411648146,9698221,8336653,3610,1299064,47639,18766036
1790115412524909797,9698930,8336893,3610,1299519,47652,18766036
1790115412638943670,9699646,8337120,3610,1299999,47663,18766036
1790115412755457349,9700364,8337363,3610,1300463,47679,18766036
1790115412871012504,9701082,8337635,3610,1300904,47691,18766036
1790115412987706111,9701806,8337905,3610,1301349,47707,18766036
1790115413102009020,9702530,8338174,3610,1301775,47723,18766036
1790115413218871394,9703268,8338423,3610,1302243,47739,18766036
1790115413334206772,9703993,8338641,3610,1302742,47749,18766036
1790115413447738321,9704688,8338889,3610,1303192,47759,18766036
1790115413562950865,9705402,8339145,3610,1303642,47772,18766036
1790115413678126926,9706116,8339398,3610,1304097,47784,18766036
1790115413790811647,9706830,8339685,3610,1304503,47797,18766036
1790115413903957448,9707534,8339923,3610,1304962,47810,18766036
1790115414019691350,9708251,8340176,3610,1305417,47824,18766036
1790115414137446324,9708999,8340424,3610,1305897,47838,18766036
1790115414252353676,9709706,8340659,3610,1306363,47853,18766036
1790115414367209445,9710414,8340922,3610,1306805,47868,18766036
1790115414482112931,9711114,8341177,3610,1307252,47882,18766036
1790115414596910955,9711832,8341418,3610,1307711,47901,18766036
1790115414711196756,9712556,8341677,3610,1308152,47915,18766036
1790115414829886043,9713308,8341914,3610,1308648,47927,18766036
1790115414945432398,9714034,8342158,3610,1309113,47942,18766036
1790115415061059007,9714769,8342396,3610,1309583,47955,18766036
1790115415175773564,9715497,8342667,3610,1310018,47968,18766036
1790115415291094166,9716215,8342932,3610,1310466,47978,18766036
1790115415407830417,9716956,8343198,3610,1310920,47989,18766036
1790115415526202282,9717715,8343467,3610,1311381,48003,18766036
1790115415641635678,9718416,8343727,3610,1311829,48017,18766036
1790115415756356246,9719147,8343985,3610,1312271,48032,18766036
1790115415873317637,9719900,8344240,3610,1312736,48042,18766036
1790115415987334379,9720632,8344488,3610,1313194,48056,18766036
1790115416102991046,9721360,8344747,3610,1313648,48067,18766036
1790115416218503119,9722087,8344976,3610,1314129,48078,18766036
1790115416335130585,9722796,8345222,3610,1314602,48090,18766036
1790115416451350640,9723525,8345468,3610,1315071,48105,18766036
1790115416566372184,9724241,8345705,3610,1315536,48121,18766036
1790115416680204501,9724970,8345979,3610,1315958,48134,18766036
1790115416793712399,9725680,8346230,3610,1316408,48144,18766036
1790115416907081465,9726395,8346475,3610,1316861,48157,18766036
1790115417027274374,9727146,8346724,3610,1317356,48171,18766036
1790115417140936346,9727846,8346971,3610,1317803,48184,18766036
1790115417253941037,9728560,8347233,3610,1318238,48197,18766036
1790115417367250924,9729274,8347490,3610,1318674,48213,18766036
1790115417482336971,9730013,8347737,3610,1319138,48225,18766036
1790115417597729654,9730735,8347972,3610,1319613,48234,18766036
1790115417714423570,9731494,8348213,3610,1320088,48247,18766036
1790115417828425702,9732219,8348484,3610,1320519,48262,18766036
1790115417943329283,9732938,8348728,3610,1320978,48277,18766036
1790115418057443000,9733654,8348989,3610,1321419,48291,18766036
1790115418171867738,9734373,8349233,3610,1321873,48306,18766036
1790115418285537518,9735093,8349457,3610,1322352,48320,18766036
1790115418400482147,9735824,8349699,3610,1322811,48333,18766036
1790115418516657309,9736572,8349961,3610,1323263,48347,18766036
1790115418631870802,9737313,8350223,3610,1323709,48359,18766036
1790115418747462268,9738034,8350477,3610,1324168,48372,18766036
1790115418862308841,9738743,8350724,3610,1324623,48387,18766036
1790115418977320893,9739477,8350949,3610,1325109,48400,18766036
1790115419093525921,9740199,8351197,3610,1325571,48414,18766036
1790115419208006871,9740922,8351446,3610,1326023,48429,18766036
1790115419322785924,9741646,8351702,3610,1326468,48445,18766036
1790115419436976150,9742348,8351954,3610,1326914,48461,18766036
1790115419552902677,9743069,8352203,3610,1327379,48473,18766036
1790115419668494090,9743801,8352701,3610,1327600,48480,18785748
1790115419780987613,9744516,8353222,3610,1327786,48484,18800596
1790115419900634062,9745279,8353307,3610,1328458,48484,18800596
1790115420017716729,9746028,8353393,3610,1329124,48484,18800596
1790115420132213608,9746766,8353476,3610,1329767,48484,18800596
1790115420249482888,9747511,8353565,3610,1330421,48484,18800596
1790115420363439648,9748239,8353662,3610,1331050,48485,18800596
1790115420477758774,9748979,8353744,3610,1331700,48485,18800596
1790115420594936765,9749726,8353878,3610,1332310,48485,18800596
1790115420709314850,9750461,8353922,3610,1332994,48485,18800596
1790115420824766586,9751191,8354010,3610,1333641,48487,18800596
1790115420940211894,9751928,8354129,3610,1334255,48487,18800596
1790115421055216037,9752667,8354155,3610,1334961,48487,18800596
1790115421170247970,9753401,8354278,3610,1335568,48489,18800596
1790115421287453765,9754148,8354388,3610,1336203,48489,18800596
1790115421402222629,9754881,8354450,3610,1336873,48489,18800596
1790115421518773289,9755618,8354584,3610,1337483,48489,18800596
1790115421636004191,9756369,8354661,3610,1338152,48490,18800596
1790115421750966908,9757102,8354742,3610,1338800,48491,18800596
1790115421868227982,9757856,8354831,3610,1339457,48491,18800596
1790115421981187969,9758580,8354888,3610,1340120,48491,18800596
1790115422100767972,9759344,8354972,3610,1340799,48491,18800596
1790115422217901780,9760090,8355098,3610,1341418,48492,18800596
1790115422332547989,9760827,8355139,3610,1342104,48492,18800596
1790115422449925532,9761586,8355277,3610,1342713,48493,18800596
1790115422564867598,9762317,8355370,3610,1343353,48493,18800596
1790115422679846872,9763053,8355419,3610,1344036,48493,18800596
1790115422795478746,9763795,8355535,3610,1344652,48494,18800596
1790115422912495345,9764544,8355611,3610,1345321,48494,18800596
1790115423027207178,9765272,8355679,3610,1345986,48494,18800596
1790115423143375294,9766019,8355815,3610,1346586,48495,18800596
1790115423260367873,9766769,8355991,3610,1347153,48496,18800596
1790115423375980482,9767504,8356113,3610,1347769,48496,18800596
1790115423493330252,9768250,8356268,3610,1348360,48497,18800596
1790115423609098630,9768980,8356390,3610,1348974,48498,18800596
1790115423724840316,9769713,8356520,3610,1349580,48498,18800596
1790115423839629198,9770447,8356583,3610,1350244,48499,18800596
1790115423957218890,9771200,8356716,3610,1350860,48499,18800596
1790115424074465571,9771947,8356867,3610,1351457,48500,18800596
1790115424190590871,9772697,8356966,3610,1352094,48500,18800596
1790115424305406966,9773428,8357128,3610,1352663,48500,18800596
1790115424422699393,9774168,8357276,3610,1353263,48501,18800596
1790115424540010951,9774921,8357399,3610,1353884,48501,18800596
1790115424654042296,9775653,8357431,3610,1354580,48501,18800596
1790115424770987168,9776401,8357519,3610,1355234,48502,18800596
1790115424886380457,9777141,8357649,3610,1355835,48503,18800596
1790115425003666928,9777894,8357785,3610,1356449,48503,18800596
1790115425120790124,9778643,8357948,3610,1357030,48503,18800596
1790115425238216750,9779392,8358087,3610,1357634,48504,18800596
1790115425355393320,9780142,8358205,3610,1358263,48504,18800596
1790115425469189834,9780869,8358241,3610,1358952,48504,18800596
1790115425583570227,9781603,8358363,3610,1359555,48504,18800596
1790115425700849379,9782351,8358578,3610,1360090,48505,18800596
1790115425817867398,9783091,8358708,3610,1360702,48505,18800596
1790115425934946684,9783840,8358789,3610,1361367,48506,18800596
1790115426048977609,9784566,8358932,3610,1361948,48506,18800596
1790115426166591534,9785318,8359077,3610,1362548,48506,18800596
1790115426283727624,9786067,8359175,3610,1363201,48507,18800596
1790115426398008534,9786793,8359260,3610,1363839,48508,18800596
1790115426515276018,9787540,8359347,3610,1364499,48508,18800596
1790115426631173207,9788284,8359498,3610,1365083,48509,18800596
1790115426747997401,9789030,8359592,3610,1365734,48509,18800596
1790115426865252314,9789792,8359736,3610,1366336,48509,18800596
1790115426981058519,9790530,8359842,3610,1366965,48510,18800596
1790115427098117374,9791282,8359913,3610,1367640,48510,18800596
1790115427213213582,9792009,8359973,3610,1368310,48511,18800596
1790115427330124248,9792757,8360063,3610,1368965,48511,18800596
1790115427445371405,9793502,8360220,3610,1369540,48511,18800596
1790115427562207715,9794251,8360319,3610,1370185,48511,18800596
1790115427679476486,9795005,8360468,3610,1370781,48512,18800596
1790115427794590340,9795739,8360622,3610,1371357,48512,18800596
1790115427911948926,9796487,8360717,3610,1372014,48512,18800596
1790115428026908851,9797211,8360781,3610,1372681,48513,18800596
1790115428143346007,9797953,8360884,3610,1373316,48513,18800596
1790115428260499308,9798700,8361006,3610,1373937,48514,18800596
1790115428373177918,9799419,8361142,3610,1374520,48515,18800596
1790115428490338261,9800162,8361270,3610,1375136,48515,18800596
1790115428607177822,9800912,8361429,3610,1375721,48516,18800596
1790115428724468119,9801657,8361623,3610,1376271,48516,18800596
1790115428839219388,9802393,8361672,3610,1376956,48516,18800596
1790115428954946159,9803119,8361798,3610,1377566,48517,18800596
1790115429072174067,9803876,8361870,3610,1378240,48517,18800596
1790115429189736991,9804630,8362012,3610,1378848,48517,18800596
1790115429305551130,9805367,8362159,3610,1379433,48517,18800596
1790115429423021624,9806118,8362319,3610,1380022,48517,18800596
1790115429540365422,9806864,8362496,3610,1380589,48517,18800596
1790115429654951929,9807594,8362518,3610,1381301,48517,18800596
1790115429769772578,9808319,8362618,3610,1381931,48518,18800596
1790115429886831045,9809062,8362745,3610,1382547,48519,18800596
1790115430004013466,9809804,8362878,3610,1383156,48521,18800596
1790115430121082558,9810554,8363001,3610,1383777,48521,18800596
1790115430238079675,9811302,8363127,3610,1384395,48522,18800596
1790115430355183929,9812048,8363227,3610,1385042,48522,18800596
1790115430468211864,9812770,8363301,3610,1385687,48522,18800596
1790115430582702491,9813492,8363389,3610,1386330,48523,18800596
1790115430699980280,9814239,8363566,3610,1386896,48523,18800596
1790115430817217805,9814985,8363701,3610,1387505,48524,18800596
1790115430934742418,9815734,8363828,3610,1388129,48524,18800596
1790115431052217246,9816490,8363994,3610,1388708,48524,18800596
1790115431169017035,9817235,8364108,3610,1389337,48525,18800596
1790115431286249333,9817985,8364204,3610,1389986,48525,18800596
1790115431400769132,9818710,8364282,3610,1390638,48526,18800596
1790115431517885909,9819457,8364371,3610,1391292,48526,18800596
1790115431633277460,9820183,8364518,3610,1391877,48527,18800596
1790115431751065030,9820940,8364618,3610,1392528,48527,18800596
1790115431868323567,9821682,8364769,3610,1393120,48529,18800596
1790115431984539411,9822429,8364897,3610,1393730,48529,18800596
1790115432101739453,9823175,8364975,3610,1394403,48529,18800596
1790115432216349888,9823917,8365029,3610,1395073,48529,18800596
1790115432332750436,9824653,8365154,3610,1395692,48530,18800596
1790115432449959158,9825400,8365295,3610,1396294,48530,18800596
1790115432565219322,9826137,8365409,3610,1396910,48532,18800596
1790115432682348266,9826884,8365555,3610,1397511,48532,18800596
1790115432798229681,9827635,8365671,3610,1398132,48532,18800596
1790115432910400594,9828351,8365819,3610,1398696,48533,18800596
1790115433025251477,9829090,8365845,3610,1399403,48533,18800596
1790115433138346119,9829816,8365968,3610,1399996,48534,18800596
1790115433255313529,9830566,8366055,3610,1400658,48534,18800596
1790115433369946437,9831276,8366160,3610,1401281,48535,18800596
1790115433484083824,9832010,8366322,3610,1401844,48536,18800596
1790115433601127697,9832756,8366443,3610,1402465,48536,18800596
1790115433718447253,9833501,8366559,3610,1403094,48536,18800596
1790115433833228084,9834237,8366581,3610,1403807,48536,18800596
1790115433949811067,9834970,8366667,3610,1404464,48537,18800596
1790115434065390226,9835712,8366789,3610,1405073,48537,18800596
1790115434182603295,9836455,8366934,3610,1405671,48539,18800596
1790115434299847144,9837203,8367058,3610,1406297,48539,18800596
1790115434417094707,9837963,8367190,3610,1406909,48539,18800596
1790115434534440728,9838715,8367332,3610,1407514,48539,18800596
1790115434648575727,9839444,8367381,3610,1408190,48539,18800596
1790115434762735219,9840174,8367477,3610,1408823,48540,18800596
1790115434879811965,9840923,8367600,3610,1409444,48541,18800596
1790115434997036220,9841678,8367729,3610,1410059,48541,18800596
1790115435114290511,9842422,8367896,3610,1410638,48541,18800596
1790115435228369247,9843141,8368062,3610,1411193,48542,18800596
1790115435345284106,9843890,8368152,3610,1411848,48542,18800596
1790115435463085146,9844643,8368228,3610,1412524,48543,18800596
1790115435577702949,9845374,8368311,3610,1413170,48544,18800596
1790115435695094032,9846123,8368432,3610,1413793,48544,18800596
1790115435812335358,9846873,8368538,3610,1414430,48545,18800596
1790115435929497925,9847619,8368624,3610,1415089,48545,18800596
1790115436045211156,9848367,8368803,3610,1415649,48546,18800596
1790115436161697267,9849108,8368948,3610,1416247,48546,18800596
1790115436278791865,9849855,8369030,3610,1416910,48546,18800596
1790115436393355728,9850593,8369094,3610,1417569,48546,18800596
1790115436510280687,9851342,8369205,3610,1418203,48547,18800596
1790115436627578579,9852074,8369396,3610,1418756,48548,18800596
1790115436743383649,9852812,8369509,3610,1419380,48548,18800596
1790115436861212075,9853563,8369657,3610,1419984,48548,18800596
1790115436975467138,9854288,8369756,3610,1420610,48549,18800596
1790115437089514349,9855017,8369869,3610,1421219,48549,18800596
1790115437204066320,9855752,8369913,3610,1421909,48550,18800596
1790115437318585357,9856486,8370015,3610,1422531,48551,18800596
1790115437435820883,9857232,8370136,3610,1423160,48551,18800596
1790115437552439232,9857986,8370260,3610,1423774,48551,18800596
1790115437665978352,9858705,8370413,3610,1424347,48551,18800596
1790115437783115670,9859446,8370575,3610,1424926,48554,18800596
1790115437900065535,9860191,8370694,3610,1425551,48554,18800596
1790115438015685858,9860928,8370716,3610,1426270,48554,18800596
1790115438131187550,9861664,8370787,3610,1426928,48555,18800596
1790115438248499795,9862416,8370918,3610,1427541,48555,18800596
1790115438365470350,9863162,8371051,3610,1428149,48558,18800596
1790115438482808227,9863906,8371216,3610,1428733,48559,18800596
1790115438599852633,9864662,8371348,3610,1429346,48559,18800596
1790115438716861310,9865409,8371451,3610,1429987,48559,18800596
1790115438832870242,9866150,8371535,3610,1430642,48559,18800596
1790115438970615694,9867028,8371620,3610,1431429,48559,18800596
1790115439087214997,9867774,8371749,3610,1432043,48560,18800596
1790115439210621997,9868568,8371886,3610,1432687,48561,18800596
1790115439327668719,9869314,8372024,3610,1433300,48562,18800596
1790115439444692190,9870067,8372162,3610,1433906,48562,18800596
1790115439561717745,9870821,8372287,3610,1434526,48562,18800596
1790115439675352173,9871550,8372319,3610,1435214,48562,18800596
1790115439790032834,9872287,8372397,3610,1435868,48562,18800596
1790115439907031025,9873033,8372553,3610,1436456,48563,18800596
1790115440021596531,9873761,8372579,3610,1437156,48564,18800596
1790115440136855545,9874497,8372715,3610,1437757,48564,18800596
1790115440253839755,9875244,8372816,3610,1438401,48564,18800596
1790115440368168290,9875980,8372894,3610,1439048,48565,18800596
1790115440485561608,9876727,8372985,3610,1439702,48565,18800596
1790115440602568111,9877480,8373060,3610,1440372,48565,18800596
1790115440716787666,9878210,8373149,3610,1441013,48567,18800596
1790115440834284010,9878960,8373315,3610,1441593,48567,18800596
1790115440948222520,9879688,8373394,3610,1442239,48567,18800596
1790115441066214955,9880440,8373473,3610,1442909,48567,18800596
1790115441188085689,9881219,8373649,3610,1443508,48568,18800596
1790115441309441253,9881997,8373688,3610,1444241,48569,18800596
1790115441428211485,9882762,8373822,3610,1444861,48569,18800596
1790115441550083700,9883537,8373941,3610,1445519,48570,18800596
1790115441665551517,9884275,8374006,3610,1446187,48570,18800596
1790115441782647614,9885021,8374101,3610,1446835,48571,18800596
1790115441899653475,9885773,8374174,3610,1447507,48571,18800596
1790115442013838320,9886509,8374265,3610,1448147,48571,18800596
1790115442131121848,9887260,8374410,3610,1448748,48571,18800596
1790115442245555767,9887990,8374450,3610,1449434,48571,18800596
1790115442359856935,9888713,8374535,3610,1450079,48572,18800596
1790115442476993005,9889465,8374654,3610,1450705,48572,18800596
1790115442591653421,9890197,8374680,3610,1451412,48572,18800596
1790115442708485862,9890943,8374867,3610,1451953,48582,18800596
1790115442822839644,9891648,8375108,3610,1452415,48594,18800596
1790115442937207603,9892352,8375338,3610,1452878,48613,18800596
1790115443052260312,9893077,8375569,3610,1453352,48625,18800596
1790115443166381158,9893786,8375814,3610,1453806,48639,18800596
1790115443282965705,9894525,8376056,3610,1454281,48654,18800596
1790115443399514702,9895276,8376297,3610,1454758,48663,18800596
1790115443512227128,9895997,8376562,3610,1455188,48679,18800596
1790115443627002052,9896734,8376812,3610,1455635,48696,18800596
1790115443742959378,9897466,8377049,3610,1456109,48710,18800596
1790115443857374892,9898183,8377303,3610,1456558,48723,18800596
1790115443971553523,9898902,8377566,3610,1456997,48737,18800596
1790115444088077841,9899649,8377798,3610,1457483,48749,18800596
1790115444203799050,9900369,8378036,3610,1457957,48763,18800596
1790115444319258435,9901103,8378289,3610,1458411,48774,18800596
1790115444435064000,9901838,8378542,3610,1458868,48789,18800596
1790115444548312697,9902529,8378787,3610,1459319,48802,18800596
1790115444664858459,9903269,8379030,3610,1459790,48817,18800596
1790115444778671613,9903979,8379268,3610,1460256,48828,18800596
1790115444892353479,9904703,8379500,3610,1460723,48838,18800596
1790115445006485786,9905414,8379749,3610,1461180,48850,18800596
1790115445121793106,9906139,8379985,3610,1461653,48861,18800596
1790115445235382972,9906854,8380236,3610,1462098,48873,18800596
1790115445350084148,9907573,8380491,3610,1462554,48884,18800596
1790115445465730916,9908295,8380724,3610,1463037,48895,18800596
1790115445582043994,9909033,8380970,3610,1463498,48912,18800596
1790115445696681051,9909753,8381245,3610,1463926,48925,18800596
1790115445818272966,9910531,8381568,3610,1464351,48940,18800596
1790115445933549224,9911242,8381824,3610,1464802,48954,18800596
1790115446048038796,9911966,8382076,3610,1465252,48969,18800596
1790115446163420174,9912680,8382298,3610,1465739,48982,18800596
1790115446277953357,9913384,8382536,3610,1466203,48997,18800596
1790115446393871339,9914124,8382776,3610,1466669,49014,18800596
1790115446510399182,9914853,8383042,3610,1467124,49025,18800596
1790115446626416673,9915600,8383320,3610,1467549,49044,18800596
1790115446741931433,9916289,8383570,3610,1468003,49061,18800596
1790115446858676221,9917021,8383810,3610,1468489,49068,18800596
1790115446977284488,9917773,8384049,3610,1468978,49082,18800596
1790115447090029674,9918463,8384298,3610,1469430,49091,18800596
1790115447211689462,9919210,8384556,3610,1469917,49105,18800596
1790115447327616873,9919920,8384835,3610,1470349,49119,18800596
1790115447442662662,9920652,8385097,3610,1470799,49129,18800596
1790115447556952310,9921386,8385354,3610,1471245,49142,18800596
1790115447673794410,9922121,8385583,3610,1471733,49156,18800596
1790115447787010451,9922801,8385884,3610,1472126,49171,18800596
1790115447900207946,9923483,8386181,3610,1472524,49186,18800596
1790115448015432283,9924187,8386485,3610,1472933,49199,18800596
1790115448128966097,9924910,8386742,3610,1473373,49209,18800596
1790115448244258516,9925621,8386963,3610,1473860,49222,18800596
1790115448358020256,9926325,8387210,3610,1474317,49234,18800596
1790115448473535150,9927051,8387452,3610,1474781,49252,18800596
1790115448588272906,9927788,8387692,3610,1475236,49271,18800596
1790115448702824993,9928496,8387953,3610,1475678,49284,18800596
1790115448818166361,9929226,8388202,3610,1476133,49298,18800596
1790115448930446882,9929929,8388438,3610,1476589,49312,18800596
1790115449047292338,9930665,8388678,3610,1477066,49329,18800596
1790115449160854882,9931392,8388947,3610,1477496,49342,18800596
1790115449275302466,9932110,8389184,3610,1477958,49358,18800596
1790115449390631071,9932822,8389437,3610,1478408,49372,18800596
1790115449505217781,9933523,8389689,3610,1478858,49386,18800596
1790115449621053446,9934270,8389909,3610,1479354,49397,18800596
1790115449737848096,9934990,8390159,3610,1479821,49409,18800596
1790115449851194076,9935706,8390407,3610,1480268,49423,18800596
1790115449965818778,9936412,8390649,3610,1480728,49439,18800596
1790115450080333166,9937125,8390892,3610,1481187,49451,18800596
1790115450194531602,9937843,8391138,3610,1481641,49465,18800596
1790115450308600515,9938578,8391373,3610,1482113,49478,18800596
1790115450423839014,9939305,8391628,3610,1482563,49491,18800596
1790115450538362025,9940013,8391886,3610,1483011,49505,18800596
1790115450651468923,9940710,8392148,3610,1483438,49521,18800596
1790115450767164995,9941451,8392401,3610,1483895,49534,18800596
1790115450881558733,9942167,8392673,3610,1484327,49546,18800596
1790115450997309455,9942881,8392895,3610,1484822,49559,18800596
1790115451111762714,9943623,8393139,3610,1485281,49569,18800596
1790115451225672241,9944339,8393390,3610,1485721,49590,18800596
1790115451340912940,9945094,8393635,3610,1486185,49602,18800596
1790115451453710368,9945817,8393875,3610,1486640,49613,18800596
1790115451568743712,9946545,8394137,3610,1487085,49628,18800596
1790115451684628648,9947283,8394370,3610,1487566,49639,18800596
1790115451802007612,9948016,8394629,3610,1488029,49651,18800596
1790115451916213630,9948741,8394873,3610,1488485,49665,18800596
1790115452031955395,9949477,8395122,3610,1488946,49680,18800596
1790115452147435016,9950207,8395395,3610,1489390,49688,18800596
1790115452263449868,9950935,8395638,3610,1489859,49699,18800596
1790115452379280266,9951653,8395862,3610,1490352,49711,18800596
1790115452498600415,9952383,8396104,3610,1490840,49724,18800596
1790115452614449013,9953100,8396366,3610,1491291,49739,18800596
1790115452734330197,9953847,8396627,3610,1491759,49756,18800596
1790115452850650515,9954553,8396874,3610,1492226,49771,18800596
1790115452963949186,9955285,8397122,3610,1492676,49783,18800596
1790115453078308105,9956005,8397407,3610,1493098,49794,18800596
1790115453197227537,9956742,8397643,3610,1493593,49808,18800596
1790115453311635544,9957484,8397891,3610,1494044,49819,18800596
1790115453425585246,9958199,8398133,3610,1494501,49834,18800596
1790115453541744963,9958923,8398384,3610,1494960,49849,18800596
1790115453657606470,9959657,8398634,3610,1495422,49861,18800596
1790115453773267388,9960366,8398892,3610,1495883,49872,18800596
1790115453892455029,9961130,8399129,3610,1496378,49884,18800596
1790115454007103914,9961832,8399379,3610,1496830,49896,18800596
1790115454122526670,9962560,8399617,3610,1497302,49911,18800596
1790115454236112577,9963279,8399879,3610,1497737,49926,18800596
1790115454351367654,9964003,8400122,3610,1498196,49940,18800596
1790115454464831999,9964711,8400383,3610,1498634,49953,18800596
1790115454585394548,9965487,8400624,3610,1499133,49969,18800596
1790115454701415539,9966186,8400879,3610,1499590,49980,18800596
1790115454814187731,9966912,8401153,3610,1500013,49994,18800596
1790115454927985580,9967623,8401395,3610,1500463,50007,18800596
1790115455041631775,9968340,8401650,3610,1500906,50020,18800596
1790115455155018800,9969051,8401912,3610,1501340,50033,18800596
1790115455273240503,9969784,8402147,3610,1501835,50047,18800596
1790115455388393558,9970521,8402380,3610,1502309,50059,18800596
1790115455502325514,9971210,8402636,3610,1502753,50073,18800596
1790115455617571524,9971921,8402880,3610,1503208,50090,18800596
1790115455731933163,9972639,8403125,3610,1503664,50105,18800596
1790115455845261286,9973368,8403382,3610,1504109,50115,18800596
1790115455963308365,9974093,8403624,3610,1504594,50125,18800596
1790115456078410981,9974816,8403879,3610,1505046,50139,18800596
1790115456193860202,9975546,8404144,3610,1505485,50157,18800596
1790115456307789366,9976280,8404423,3610,1505905,50171,18800596
1790115456420721336,9976990,8404676,3610,1506346,50184,18800596
1790115456535093200,9977695,8404941,3610,1506786,50195,18800596
1790115456652668143,9978440,8405165,3610,1507284,50208,18800596
1790115456765792752,9979149,8405420,3610,1507720,50228,18800596
1790115456882247172,9979860,8405678,3610,1508173,50244,18800596
1790115456997475291,9980583,8405935,3610,1508627,50257,18800596
1790115457111901016,9981312,8406195,3610,1509073,50268,18800596
1790115457230266575,9982038,8406456,3610,1509541,50280,18800596
1790115457346033815,9982750,8406683,3610,1510021,50294,18800596
1790115457463280366,9983476,8406945,3610,1510475,50312,18800596
1790115457578624534,9984217,8407198,3610,1510934,50322,18800596
1790115457694056278,9984912,8407441,3610,1511395,50338,18800596
1790115457806686063,9985632,8407686,3610,1511845,50349,18800596
1790115457921294351,9986369,8407936,3610,1512301,50360,18800596
1790115458036913595,9987088,8408175,3610,1512774,50374,18800596
1790115458151330455,9987829,8408416,3610,1513232,50389,18800596
1790115458266421333,9988538,8408675,3610,1513678,50404,18800596
1790115458380538313,9989249,8408911,3610,1514142,50417,18800596
1790115458495413799,9989975,8409163,3610,1514599,50429,18800596
1790115458609197995,9990684,8409420,3610,1515035,50446,18800596
1790115458723357301,9991407,8409641,3610,1515516,50460,18800596
1790115458840185663,9992151,8409881,3610,1515993,50471,18800596
1790115458955893910,9992906,8410158,3610,1516430,50483,18800596
1790115459072559788,9993643,8410437,3610,1516866,50497,18800596
1790115459186777970,9994366,8410718,3610,1517289,50509,18800596
1790115459302268174,9995104,8410983,3610,1517729,50528,18800596
1790115459417427415,9995829,8411224,3610,1518199,50538,18800596
1790115459532177449,9996572,8411485,3610,1518644,50550,18800596
1790115459648978030,9997292,8411757,3610,1519089,50563,18800596
1790115459765254740,9998017,8411998,3610,1519564,50576,18800596
1790115459880317358,9998730,8412250,3610,1520020,50585,18800596
1790115459994531622,9999422,8412497,3610,1520476,50599,18800596
1790115460108092416,10000138,8412736,3610,1520930,50616,18800596
1790115460224307640,10000849,8413005,3610,1521375,50629,18800596
1790115460339294002,10001574,8413244,3610,1521839,50645,18800596
1790115460454027816,10002300,8413483,3610,1522306,50658,18800596
1790115460569494461,10003039,8413734,3610,1522765,50672,18800596
1790115460684565605,10003740,8413982,3610,1523219,50687,18800596
1790115460799777550,10004466,8414215,3610,1523697,50697,18800596
1790115460916670622,10005184,8414454,3610,1524182,50708,18800596
1790115461030700794,10005883,8414738,3610,1524597,50720,18800596
1790115461145598107,10006604,8414979,3610,1525061,50736,18800596
1790115461261565624,10007326,8415238,3610,1525513,50751,18800596
1790115461375524929,10008061,8415475,3610,1525976,50760,18800596
1790115461487882674,10008769,8415742,3610,1526408,50769,18800596
1790115461601118113,10009481,8415982,3610,1526863,50787,18800596
1790115461715130911,10010202,8416214,3610,1527327,50800,18800596
1790115461830322619,10010913,8416478,3610,1527769,50814,18800596
1790115461944724598,10011624,8416727,3610,1528224,50827,18800596
1790115462059961782,10012346,8416986,3610,1528670,50840,18800596
1790115462176293548,10013088,8417225,3610,1529152,50854,18800596
1790115462292450902,10013818,8417499,3610,1529594,50865,18800596
1790115462407100623,10014545,8417745,3610,1530044,50884,18800596
1790115462522474056,10015280,8417982,3610,1530516,50898,18800596
1790115462636880724,10015992,8418227,3610,1530969,50913,18800596
1790115462750658020,10016695,8418473,3610,1531424,50926,18800596
1790115462864622854,10017408,8418707,3610,1531888,50940,18800596
1790115462980015711,10018146,8418952,3610,1532350,50956,18800596
1790115463094839498,10018873,8419197,3610,1532805,50973,18800596
1790115463209743633,10019589,8419431,3610,1533278,50984,18800596
1790115463324818037,10020306,8419695,3610,1533718,50997,18800596
1790115463441210461,10021057,8419944,3610,1534184,51011,18800596
1790115463554889481,10021759,8420176,3610,1534652,51026,18800596
1790115463666885538,10022470,8420415,3610,1535096,51045,18800596
1790115463781604135,10023194,8420696,3610,1535515,51061,18800596
1790115463896695619,10023922,8420943,3610,1535973,51078,18800596
1790115464012479268,10024647,8421193,3610,1536434,51089,18800596
1790115464128041731,10025383,8421434,3610,1536904,51103,18800596
1790115464241725911,10026104,8421674,3610,1537367,51113,18800596
1790115464354856920,10026814,8421937,3610,1537800,51125,18800596
1790115464470869206,10027543,8422193,3610,1538257,51139,18800596
1790115464587071250,10028259,8422439,3610,1538718,51158,18800596
1790115464703791317,10028996,8422692,3610,1539182,51169,18800596
1790115464818185285,10029708,8422941,3610,1539638,51181,18800596
1790115464932592122,10030435,8423168,3610,1540114,51196,18800596
1790115465050240504,10031197,8423408,3610,1540598,51209,18800596
1790115465166034491,10031920,8423700,3610,1541018,51222,18800596
1790115465279434442,10032608,8423979,3610,1541438,51234,18800596
1790115465394218484,10033332,8424237,3610,1541878,51253,18800596
1790115465508289340,10034049,8424473,3610,1542344,51263,18800596
1790115465621572327,10034754,8424714,3610,1542807,51274,18800596
1790115465736089623,10035467,8424958,3610,1543267,51284,18800596
1790115465851888069,10036175,8425191,3610,1543743,51300,18800596
1790115465967221798,10036906,8425437,3610,1544204,51313,18800596
1790115466084325205,10037654,8425697,3610,1544663,51327,18800596
1790115466197840437,10038340,8425960,3610,1545098,51339,18800596
1790115466314433174,10039064,8426201,3610,1545578,51349,18800596
1790115466427536184,10039770,8426451,3610,1546019,51366,18800596
1790115466543371639,10040493,8426706,3610,1546479,51379,18800596
1790115466658011828,10041194,8426952,3610,1546935,51393,18800596
1790115466772153040,10041896,8427230,3610,1547358,51405,18800596
1790115466888473200,10042635,8427498,3610,1547809,51417,18800596
1790115467004270281,10043365,8427724,3610,1548292,51430,18800596
1790115467118784126,10044092,8427967,3610,1548751,51448,18800596
1790115467241887312,10044855,8428230,3610,1549242,51464,18800596
1790115467357098222,10045576,8428476,3610,1549704,51476,18800596
1790115467472729355,10046304,8428752,3610,1550136,51491,18800596
1790115467588536497,10047051,8428997,3610,1550602,51507,18800596
1790115467704498729,10047777,8429244,3610,1551066,51520,18800596
1790115467817398107,10048477,8429490,3610,1551516,51533,18800596
1790115467932969884,10049179,8429737,3610,1551974,51549,18800596
1790115468049598590,10049929,8429985,3610,1552445,51564,18800596
1790115468165044592,10050641,8430250,3610,1552885,51577,18800596
1790115468279792473,10051342,8430502,3610,1553342,51588,18800596
1790115468395199317,10052073,8430743,3610,1553808,51603,18800596
1790115468511202575,10052818,8430996,3610,1554269,51616,18800596
1790115468625959159,10053542,8431238,3610,1554728,51631,18800596
1790115468740127797,10054255,8431483,3610,1555185,51646,18800596
1790115468855679584,10054973,8431730,3610,1555643,51663,18800596
1790115468969457412,10055689,8431975,3610,1556099,51673,18800596
1790115469083412026,10056402,8432253,3610,1556528,51682,18800596
1790115469202346807,10057155,8432489,3610,1557021,51694,18800596
1790115469318527817,10057900,8432735,3610,1557492,51710,18800596
1790115469433653049,10058613,8432990,3610,1557942,51721,18800596
1790115469549089273,10059341,8433238,3610,1558402,51737,18800596
1790115469664246056,10060097,8433500,3610,1558842,51752,18800596
1790115469777716252,10060789,8433739,3610,1559306,51762,18800596
1790115469895811466,10061530,8433983,3610,1559787,51776,18800596
1790115470009189929,10062243,8434232,3610,1560232,51791,18800596
1790115470124253908,10062941,8434474,3610,1560696,51805,18800596
1790115470240720831,10063679,8434713,3610,1561173,51819,18800596
1790115470355425540,10064392,8434965,3610,1561625,51831,18800596
1790115470471442187,10065116,8435212,3610,1562094,51844,18800596
1790115470590007178,10065866,8435449,3610,1562580,51861,18800596
1790115470706350224,10066573,8435690,3610,1563051,51876,18800596
1790115470821053047,10067271,8435949,3610,1563496,51889,18800596
1790115470935051426,10067985,8436202,3610,1563940,51905,18800596
1790115471048442974,10068683,8436454,3610,1564390,51914,18800596
1790115471162940926,10069402,8436695,3610,1564859,51927,18800596
1790115471283075936,10070151,8436931,3610,1565354,51942,18800596
1790115471399099140,10070893,8437175,3610,1565827,51954,18800596
1790115471513710326,10071594,8437428,3610,1566275,51968,18800596
1790115471626869024,10072328,8437679,3610,1566721,51981,18800596
1790115471741596304,10073046,8437919,3610,1567185,51994,18800596
1790115471856660191,10073766,8438162,3610,1567645,52010,18800596
1790115471975915740,10074520,8438399,3610,1568136,52026,18800596
1790115472089647748,10075223,8438651,3610,1568582,52041,18800596
1790115472205648290,10075944,8438921,3610,1569026,52051,18800596
1790115472320202237,10076678,8439187,3610,1569461,52067,18800596
1790115472435562083,10077400,8439433,3610,1569924,52078,18800596
1790115472550697981,10078131,8439701,3610,1570369,52089,18800596
1790115472667969336,10078872,8439937,3610,1570856,52100,18800596
1790115472783242304,10079590,8440183,3610,1571320,52115,18800596
1790115472897624325,10080292,8440447,3610,1571759,52128,18800596
1790115473013197379,10081041,8440705,3610,1572204,52144,18800596
1790115473127267379,10081751,8440953,3610,1572652,52160,18800596
1790115473241552903,10082465,8441220,3610,1573089,52174,18800596
1790115473359512205,10083213,8441449,3610,1573585,52186,18800596
1790115473475201094,10083946,8441710,3610,1574034,52201,18800596
1790115473589600312,10084658,8441945,3610,1574499,52216,18800596
1790115473705102478,10085386,8442198,3610,1574957,52226,18800596
1790115473821109281,10086132,8442453,3610,1575416,52241,18800596
1790115473936093172,10086857,8442714,3610,1575864,52250,18800596
1790115474050610803,10087565,8442968,3610,1576317,52259,18800596
1790115474165628609,10088303,8443218,3610,1576774,52272,18800596
1790115474280744676,10089021,8443455,3610,1577248,52285,18800596
1790115474395051450,10089729,8443789,3610,1577616,52296,18800596
1790115474508659849,10090443,8444033,3610,1578072,52307,18800596
1790115474623336051,10091174,8444291,3610,1578511,52329,18800596
1790115474739437277,10091908,8444528,3610,1578988,52343,18800596
1790115474855412393,10092646,8444781,3610,1579445,52357,18800596
1790115474970267085,10093360,8445051,3610,1579887,52367,18800596
1790115475085491642,10094072,8445309,3610,1580336,52381,18800596
1790115475200287559,10094789,8445565,3610,1580783,52393,18800596
1790115475313050925,10095491,8445810,3610,1581230,52408,18800596
1790115475429265028,10096208,8446039,3610,1581718,52420,18800596
1790115475543115467,10096935,8446287,3610,1582171,52435,18800596
1790115475657491452,10097654,8446521,3610,1582637,52445,18800596
1790115475772277565,10098375,8446771,3610,1583095,52459,18800596
1790115475886499224,10099099,8447022,3610,1583544,52471,18800596
1790115476001189825,10099818,8447271,3610,1584006,52480,18800596
1790115476114843586,10100522,8447532,3610,1584440,52494,18800596
1790115476228707795,10101250,8447777,3610,1584895,52508,18800596
1790115476343261699,10101980,8448037,3610,1585337,52523,18800596
1790115476458513269,10102688,8448310,3610,1585778,52535,18800596
1790115476572823755,10103424,8448551,3610,1586231,52550,18800596
1790115476688517671,10104140,8448800,3610,1586689,52566,18800596
1790115476801921251,10104864,8449228,3610,1586966,52574,18813140
1790115476913949666,10105578,8449828,3610,1587068,52578,18834644
1790115477039527664,10106382,8449953,3610,1587738,52578,18834644
1790115477156981391,10107125,8450037,3610,1588405,52578,18834644
1790115477278773208,10107909,8450094,3610,1589122,52579,18834644
1790115477395323704,10108653,8450192,3610,1589764,52579,18834644
1790115477512245310,10109403,8450270,3610,1590431,52580,18834644
1790115477626383996,10110137,8450334,3610,1591092,52580,18834644
1790115477744179152,10110897,8450437,3610,1591741,52580,18834644
1790115477861210176,10111650,8450527,3610,1592396,52580,18834644
1790115477975598001,10112382,8450597,3610,1593054,52581,18834644
1790115478091493817,10113119,8450689,3610,1593698,52581,18834644
1790115478207306236,10113856,8450765,3610,1594360,52581,18834644
1790115478322298622,10114597,8450854,3610,1595003,52581,18834644
1790115478439483225,10115344,8450953,3610,1595649,52581,18834644
1790115478556796753,10116091,8451043,3610,1596311,52581,18834644
1790115478670916630,10116821,8451128,3610,1596947,52582,18834644
1790115478788344243,10117575,8451248,3610,1597579,52583,18834644
1790115478903223313,10118312,8451273,3610,1598280,52583,18834644
1790115479017404294,10119037,8451357,3610,1598920,52584,18834644
1790115479134474143,10119785,8451487,3610,1599534,52584,18834644
1790115479248064459,10120516,8451509,3610,1600240,52584,18834644
1790115479362212646,10121238,8451624,3610,1600849,52585,18834644
1790115479479490469,10121985,8451850,3610,1601368,52585,18834644
1790115479595053769,10122727,8451918,3610,1602040,52585,18834644
1790115479709377962,10123448,8452052,3610,1602629,52586,18834644
1790115479826623313,10124196,8452228,3610,1603197,52586,18834644
1790115479941291956,10124932,8452274,3610,1603885,52586,18834644
1790115480055737838,10125655,8452350,3610,1604539,52587,18834644
1790115480172816508,10126405,8452466,3610,1605168,52588,18834644
1790115480287693882,10127141,8452509,3610,1605858,52588,18834644
1790115480403072546,10127886,8452593,3610,1606506,52588,18834644
1790115480520250867,10128631,8452723,3610,1607120,52588,18834644
1790115480636874604,10129366,8452895,3610,1607690,52590,18834644
1790115480754214238,10130118,8452966,3610,1608365,52590,18834644
1790115480869878021,10130856,8453131,3610,1608936,52590,18834644
1790115480985216702,10131597,8453270,3610,1609528,52592,18834644
1790115481102438569,10132343,8453381,3610,1610163,52592,18834644
1790115481216997200,10133073,8453478,3610,1610796,52593,18834644
1790115481333980409,10133815,8453605,3610,1611412,52594,18834644
1790115481451100427,10134561,8453782,3610,1611980,52594,18834644
1790115481567917650,10135309,8453915,3610,1612590,52595,18834644
1790115481685382009,10136066,8454099,3610,1613150,52596,18834644
1790115481802775621,10136805,8454284,3610,1613713,52597,18834644
1790115481919876910,10137554,8454386,3610,1614356,52597,18834644
1790115482032221063,10138279,8454435,3610,1615022,52597,18834644
1790115482146257304,10139002,8454526,3610,1615654,52598,18834644
1790115482263587006,10139746,8454665,3610,1616262,52598,18834644
1790115482381341925,10140502,8454830,3610,1616841,52601,18834644
1790115482498048259,10141250,8454965,3610,1617450,52602,18834644
1790115482615083739,10141997,8455119,3610,1618041,52602,18834644
1790115482732683627,10142737,8455210,3610,1618695,52604,18834644
1790115482846654327,10143464,8455335,3610,1619291,52604,18834644
1790115482961494483,10144201,8455362,3610,1619997,52605,18834644
1790115483077963739,10144944,8455463,3610,1620638,52606,18834644
1790115483192606331,10145675,8455570,3610,1621258,52606,18834644
1790115483309649510,10146426,8455709,3610,1621862,52607,18834644
1790115483427119371,10147180,8455830,3610,1622492,52607,18834644
1790115483544335269,10147917,8455978,3610,1623086,52608,18834644
1790115483661578783,10148663,8456075,3610,1623733,52609,18834644
1790115483778702946,10149410,8456163,3610,1624397,52609,18834644
1790115483893063042,10150149,8456252,3610,1625031,52610,18834644
1790115484010705165,10150901,8456330,3610,1625704,52610,18834644
1790115484127105357,10151653,8456480,3610,1626292,52610,18834644
1790115484243225884,10152389,8456577,3610,1626933,52611,18834644
1790115484360462258,10153135,8456687,3610,1627570,52612,18834644
1790115484476218567,10153870,8456826,3610,1628165,52612,18834644
1790115484593213440,10154619,8456953,3610,1628782,52612,18834644
1790115484708665071,10155353,8456992,3610,1629482,52612,18834644
1790115484826197657,10156105,8457071,3610,1630147,52613,18834644
1790115484939855093,10156831,8457192,3610,1630751,52613,18834644
1790115485057256961,10157589,8457360,3610,1631325,52614,18834644
1790115485174624445,10158339,8457479,3610,1631959,52614,18834644
1790115485292385392,10159096,8457592,3610,1632586,52614,18834644
1790115485409897079,10159848,8457689,3610,1633240,52615,18834644
1790115485526943999,10160598,8457765,3610,1633909,52615,18834644
1790115485641187546,10161329,8457834,3610,1634566,52616,18834644
1790115485757814695,10162076,8457915,3610,1635229,52616,18834644
1790115485873621866,10162822,8458062,3610,1635812,52616,18834644
1790115485988580584,10163554,8458202,3610,1636404,52617,18834644
1790115486105777131,10164305,8458314,3610,1637043,52617,18834644
1790115486221557012,10165043,8458484,3610,1637603,52618,18834644
1790115486338543743,10165790,8458619,3610,1638213,52618,18834644
1790115486452701978,10166520,8458643,3610,1638923,52618,18834644
1790115486568731996,10167260,8458732,3610,1639568,52620,18834644
1790115486685848529,10168006,8458860,3610,1640184,52620,18834644
1790115486802676399,10168747,8458994,3610,1640792,52622,18834644
1790115486919775826,10169498,8459094,3610,1641435,52622,18834644
1790115487037403545,10170251,8459255,3610,1642020,52623,18834644
1790115487154511708,10170994,8459375,3610,1642643,52623,18834644
1790115487271771758,10171745,8459458,3610,1643312,52623,18834644
1790115487386388810,10172488,8459521,3610,1643974,52623,18834644
1790115487503748992,10173240,8459637,3610,1644608,52624,18834644
1790115487620915719,10173984,8459825,3610,1645163,52624,18834644
1790115487735411807,10174722,8459948,3610,1645768,52625,18834644
1790115487852723179,10175465,8460036,3610,1646429,52626,18834644
1790115487969877488,10176210,8460162,3610,1647045,52626,18834644
1790115488087114088,10176962,8460294,3610,1647658,52627,18834644
1790115488201525784,10177691,8460315,3610,1648365,52627,18834644
1790115488316816491,10178428,8460402,3610,1649013,52628,18834644
1790115488434020030,10179182,8460525,3610,1649635,52629,18834644
1790115488551258999,10179926,8460687,3610,1650215,52630,18834644
1790115488668247231,10180675,8460761,3610,1650887,52630,18834644
1790115488786474604,10181417,8460937,3610,1651463,52631,18834644
1790115488903059159,10182163,8461030,3610,1652110,52631,18834644
1790115489020005737,10182914,8461120,3610,1652765,52632,18834644
1790115489134359374,10183641,8461198,3610,1653410,52634,18834644
1790115489251431601,10184391,8461285,3610,1654067,52634,18834644
1790115489368418224,10185135,8461424,3610,1654673,52634,18834644
1790115489484064263,10185868,8461546,3610,1655287,52635,18834644
1790115489601261993,10186619,8461628,3610,1655951,52635,18834644
1790115489718234086,10187363,8461794,3610,1656528,52635,18834644
1790115489835509777,10188110,8461919,3610,1657148,52635,18834644
1790115489950609846,10188845,8461944,3610,1657856,52635,18834644
1790115490064927308,10189572,8462047,3610,1658483,52636,18834644
1790115490182169069,10190329,8462234,3610,1659040,52636,18834644
1790115490299474524,10191074,8462419,3610,1659599,52636,18834644
1790115490416941010,10191822,8462569,3610,1660199,52636,18834644
1790115490534102541,10192579,8462752,3610,1660761,52636,18834644
1790115490650784542,10193324,8462898,3610,1661357,52637,18834644
1790115490764608862,10194058,8463052,3610,1661924,52637,18834644
1790115490879690751,10194795,8463112,3610,1662603,52638,18834644
1790115490996246195,10195532,8463227,3610,1663226,52638,18834644
1790115491111210915,10196273,8463320,3610,1663864,52638,18834644
1790115491228350677,10197028,8463487,3610,1664441,52638,18834644
1790115491345370901,10197776,8463620,3610,1665053,52639,18834644
1790115491462071146,10198517,8463763,3610,1665653,52640,18834644
1790115491579361190,10199262,8463867,3610,1666293,52641,18834644
1790115491696416831,10200012,8463942,3610,1666964,52641,18834644
1790115491810429726,10200740,8464012,3610,1667617,52642,18834644
1790115491926347034,10201479,8464111,3610,1668256,52643,18834644
1790115492043343608,10202230,8464298,3610,1668813,52643,18834644
1790115492154772668,10202945,8464420,3610,1669403,52643,18834644
1790115492272291745,10203702,8464497,3610,1670071,52643,18834644
1790115492389392762,10204451,8464636,3610,1670675,52644,18834644
1790115492506542959,10205194,8464760,3610,1671295,52644,18834644
1790115492621216537,10205930,8464782,3610,1672008,52644,18834644
1790115492736993556,10206669,8464856,3610,1672670,52645,18834644
1790115492853985058,10207414,8464985,3610,1673286,52645,18834644
1790115492971095578,10208163,8465164,3610,1673850,52645,18834644
1790115493088090239,10208911,8465277,3610,1674482,52645,18834644
1790115493203997408,10209643,8465449,3610,1675047,52646,18834644
1790115493315479331,10210352,8465570,3610,1675631,52648,18834644
1790115493432613855,10211096,8465651,3610,1676295,52648,18834644
1790115493547189156,10211833,8465708,3610,1676970,52648,18834644
1790115493663034622,10212574,8465819,3610,1677594,52650,18834644
1790115493780130976,10213322,8465922,3610,1678238,52650,18834644
1790115493894210064,10214042,8466025,3610,1678859,52651,18834644
1790115494011403508,10214795,8466153,3610,1679475,52651,18834644
1790115494128373984,10215537,8466289,3610,1680082,52652,18834644
1790115494245755928,10216287,8466418,3610,1680704,52652,18834644
1790115494360090267,10217021,8466442,3610,1681406,52652,18834644
1790115494474566349,10217752,8466530,3610,1682043,52653,18834644
1790115494591718418,10218500,8466658,3610,1682665,52653,18834644
1790115494708797389,10219245,8466814,3610,1683253,52653,18834644
1790115494826441095,10219999,8466915,3610,1683896,52654,18834644
1790115494944736129,10220748,8467084,3610,1684481,52654,18834644
1790115495061751822,10221496,8467209,3610,1685098,52655,18834644
1790115495178208636,10222240,8467293,3610,1685754,52655,18834644
1790115495292532517,10222968,8467325,3610,1686452,52655,18834644
1790115495408201421,10223711,8467440,3610,1687072,52656,18834644
1790115495525393476,10224457,8467515,3610,1687741,52656,18834644
1790115495642449963,10225204,8467664,3610,1688335,52657,18834644
1790115495759449549,10225948,8467784,3610,1688960,52657,18834644
1790115495876794878,10226695,8467950,3610,1689542,52658,18834644
1790115495993981527,10227443,8468044,3610,1690194,52658,18834644
1790115496109162845,10228185,8468123,3610,1690848,52658,18834644
1790115496226433614,10228926,8468207,3610,1691506,52660,18834644
1790115496343933809,10229672,8468308,3610,1692155,52660,18834644
1790115496458173425,10230402,8468432,3610,1692758,52661,18834644
1790115496575265529,10231149,8468536,3610,1693397,52662,18834644
1790115496692399769,10231897,8468667,3610,1694011,52662,18834644
1790115496808990553,10232635,8468782,3610,1694639,52662,18834644
1790115496926619539,10233387,8468896,3610,1695268,52663,18834644
1790115497041201013,10234119,8468933,3610,1695965,52663,18834644
1790115497154216450,10234835,8469059,3610,1696556,52663,18834644
1790115497271441248,10235586,8469141,3610,1697219,52664,18834644
1790115497388494166,10236328,8469319,3610,1697781,52664,18834644
1790115497505572591,10237073,8469460,3610,1698385,52665,18834644
1790115497622646118,10237825,8469607,3610,1698985,52665,18834644
1790115497739451841,10238573,8469703,3610,1699630,52665,18834644
1790115497856729568,10239315,8469785,3610,1700299,52666,18834644
1790115497971278059,10240047,8469879,3610,1700929,52667,18834644
1790115498088308435,10240793,8469946,3610,1701607,52667,18834644
1790115498201434837,10241513,8470026,3610,1702247,52667,18834644
1790115498316004387,10242249,8470104,3610,1702900,52667,18834644
1790115498433364925,10243001,8470221,3610,1703530,52668,18834644
1790115498544687296,10243714,8470267,3610,1704195,52668,18834644
1790115498659401267,10244445,8470347,3610,1704839,52669,18834644
1790115498776465482,10245189,8470491,3610,1705442,52669,18834644
1790115498891124011,10245924,8470549,3610,1706114,52669,18834644
1790115499033206826,10246822,8470642,3610,1706925,52670,18834644
1790115499148984722,10247558,8470757,3610,1707547,52670,18834644
1790115499263851866,10248292,8470784,3610,1708253,52670,18834644
1790115499380895101,10249038,8470905,3610,1708875,52672,18834644
1790115499498477170,10249791,8470985,3610,1709540,52672,18834644
1790115499613297868,10250521,8471027,3610,1710232,52672,18834644
1790115499730410392,10251270,8471135,3610,1710865,52673,18834644
1790115499847639799,10252020,8471207,3610,1711544,52673,18834644
1790115499962053333,10252755,8471261,3610,1712216,52674,18834644
1790115500077957992,10253490,8471408,3610,1712806,52674,18834644
1790115500195039477,10254244,8471487,3610,1713472,52675,18834644
1790115500309938525,10254973,8471549,3610,1714140,52677,18834644
1790115500427074630,10255728,8471634,3610,1714799,52677,18834644
1790115500544202770,10256478,8471712,3610,1715468,52677,18834644
1790115500658916465,10257205,8471778,3610,1716131,52678,18834644
1790115500775442606,10257945,8471871,3610,1716776,52679,18834644
1790115500892427938,10258693,8471952,3610,1717440,52679,18834644
1790115501006733854,10259411,8472045,3610,1718079,52680,18834644
1790115501125067827,10260148,8472279,3610,1718572,52691,18834644
1790115501240711759,10260868,8472529,3610,1719034,52705,18834644
1790115501356443802,10261606,8472792,3610,1719483,52717,18834644
1790115501471292354,10262337,8473037,3610,1719944,52731,18834644
1790115501585276171,10263029,8473278,3610,1720403,52742,18834644
1790115501699436364,10263751,8473525,3610,1720856,52756,18834644
1790115501817764050,10264488,8473764,3610,1721346,52767,18834644
1790115501932654676,10265210,8474033,3610,1721785,52782,18834644
1790115502048472908,10265934,8474287,3610,1722242,52795,18834644
1790115502164304677,10266654,8474547,3610,1722691,52809,18834644
1790115502278410379,10267355,8474794,3610,1723146,52820,18834644
1790115502392497124,10268040,8475051,3610,1723593,52833,18834644
1790115502510391620,10268781,8475288,3610,1724085,52842,18834644
1790115502626248740,10269512,8475538,3610,1724545,52854,18834644
1790115502741659489,10270251,8475774,3610,1725017,52869,18834644
1790115502857087184,10270943,8476025,3610,1725471,52885,18834644
1790115502972272886,10271655,8476290,3610,1725912,52900,18834644
1790115503088082324,10272396,8476563,3610,1726351,52913,18834644
1790115503203953787,10273134,8476829,3610,1726805,52922,18834644
1790115503318394032,10273871,8477070,3610,1727268,52932,18834644
1790115503433730113,10274558,8477310,3610,1727733,52948,18834644
1790115503548620822,10275285,8477552,3610,1728199,52960,18834644
1790115503664477092,10276018,8477803,3610,1728657,52974,18834644
1790115503778274271,10276740,8478068,3610,1729096,52984,18834644
1790115503891197640,10277458,8478327,3610,1729535,52996,18834644
1790115504003513469,10278159,8478564,3610,1729991,53006,18834644
1790115504117257467,10278864,8478808,3610,1730444,53022,18834644
1790115504232934945,10279593,8479069,3610,1730892,53036,18834644
1790115504347835411,10280321,8479314,3610,1731355,53048,18834644
1790115504463467707,10281048,8479555,3610,1731824,53060,18834644
1790115504577050447,10281762,8479784,3610,1732300,53074,18834644
1790115504692313683,10282487,8480028,3610,1732757,53089,18834644
1790115504806961426,10283173,8480266,3610,1733219,53105,18834644
1790115504923767273,10283891,8480528,3610,1733673,53122,18834644
1790115505037967052,10284606,8480779,3610,1734119,53135,18834644
1790115505152456695,10285358,8481022,3610,1734583,53148,18834644
1790115505266710449,10286070,8481250,3610,1735062,53156,18834644
1790115505382964099,10286796,8481494,3610,1735531,53170,18834644
1790115505498289530,10287523,8481736,3610,1735999,53180,18834644
1790115505615256790,10288283,8481986,3610,1736467,53194,18834644
1790115505729629469,10289030,8482239,3610,1736919,53207,18834644
1790115505844706858,10289757,8482483,3610,1737382,53222,18834644
1790115505959848237,10290482,8482700,3610,1737868,53237,18834644
1790115506075187794,10291235,8482938,3610,1738335,53253,18834644
1790115506188270046,10291924,8483197,3610,1738771,53266,18834644
1790115506302799079,10292615,8483486,3610,1739188,53279,18834644
1790115506417231755,10293337,8483729,3610,1739644,53295,18834644
1790115506533194302,10294075,8483965,3610,1740119,53309,18834644
1790115506647719245,10294795,8484211,3610,1740578,53320,18834644
1790115506763612794,10295512,8484466,3610,1741037,53335,18834644
1790115506880733128,10296258,8484718,3610,1741501,53349,18834644
1790115506995564457,10296951,8484968,3610,1741956,53363,18834644
1790115507110329713,10297651,8485208,3610,1742418,53375,18834644
1790115507227123534,10298398,8485463,3610,1742885,53386,18834644
1790115507343348496,10299121,8485698,3610,1743362,53398,18834644
1790115507460207023,10299865,8485931,3610,1743847,53410,18834644
1790115507574704631,10300580,8486176,3610,1744302,53426,18834644
1790115507690796537,10301289,8486425,3610,1744764,53441,18834644
1790115507806766690,10302026,8486671,3610,1745231,53451,18834644
1790115507919543838,10302725,8486903,3610,1745689,53466,18834644
1790115508033946851,10303452,8487132,3610,1746166,53478,18834644
1790115508149567227,10304182,8487363,3610,1746646,53490,18834644
1790115508264205800,10304882,8487620,3610,1747090,53505,18834644
1790115508378736091,10305596,8487869,3610,1747542,53522,18834644
1790115508492223396,10306306,8488124,3610,1747986,53535,18834644
1790115508607239416,10307043,8488374,3610,1748437,53551,18834644
1790115508720766732,10307770,8488637,3610,1748877,53564,18834644
1790115508837327003,10308525,8488882,3610,1749344,53579,18834644
1790115508951432025,10309226,8489130,3610,1749797,53593,18834644
1790115509066483519,10309958,8489376,3610,1750254,53612,18834644
1790115509180236662,10310698,8489642,3610,1750686,53628,18834644
1790115509295254996,10311423,8489892,3610,1751140,53641,18834644
1790115509409564028,10312132,8490156,3610,1751582,53652,18834644
1790115509526340197,10312848,8490396,3610,1752056,53667,18834644
1790115509641266153,10313562,8490651,3610,1752507,53684,18834644
1790115509755990688,10314278,8490891,3610,1752968,53696,18834644
1790115509870596260,10315007,8491145,3610,1753419,53709,18834644
1790115509984874448,10315722,8491390,3610,1753873,53724,18834644
1790115510098576162,10316434,8491628,3610,1754338,53736,18834644
1790115510214776025,10317131,8491866,3610,1754812,53750,18834644
1790115510329087128,10317833,8492100,3610,1755280,53764,18834644
1790115510443938492,10318574,8492341,3610,1755741,53779,18834644
1790115510559807526,10319287,8492611,3610,1756180,53794,18834644
1790115510676715811,10320008,8492858,3610,1756653,53807,18834644
1790115510789747530,10320717,8493096,3610,1757112,53818,18834644
1790115510906482920,10321469,8493372,3610,1757556,53831,18834644
1790115511022356684,10322190,8493623,3610,1758016,53842,18834644
1790115511137351388,10322890,8493879,3610,1758471,53854,18834644
1790115511252886420,10323626,8494117,3610,1758933,53873,18834644
1790115511366633150,10324338,8494376,3610,1759376,53884,18834644
1790115511482727484,10325045,8494609,3610,1759857,53896,18834644
1790115511598884071,10325764,8494860,3610,1760322,53910,18834644
1790115511714921169,10326506,8495118,3610,1760769,53927,18834644
1790115511829979028,10327236,8495392,3610,1761202,53939,18834644
1790115511942688924,10327933,8495645,3610,1761642,53952,18834644
1790115512058439913,10328648,8495894,3610,1762102,53966,18834644
1790115512172435668,10329367,8496125,3610,1762578,53975,18834644
1790115512285931309,10330094,8496350,3610,1763047,53989,18834644
1790115512400978451,10330811,8496599,3610,1763507,53999,18834644
1790115512517357700,10331536,8496839,3610,1763977,54019,18834644
1790115512631810853,10332269,8497078,3610,1764442,54030,18834644
1790115512747954525,10333012,8497330,3610,1764902,54046,18834644
1790115512862447001,10333720,8497610,3610,1765324,54059,18834644
1790115512975759927,10334429,8497870,3610,1765763,54072,18834644
1790115513089653895,10335137,8498124,3610,1766211,54083,18834644
1790115513203192495,10335815,8498393,3610,1766637,54096,18834644
1790115513317887306,10336534,8498640,3610,1767098,54107,18834644
1790115513432925616,10337244,8498908,3610,1767535,54121,18834644
1790115513548750014,10337972,8499136,3610,1768018,54138,18834644
1790115513664668861,10338699,8499397,3610,1768469,54151,18834644
1790115513781700481,10339433,8499636,3610,1768950,54165,18834644
1790115513897237062,10340137,8499895,3610,1769395,54179,18834644
1790115514012707006,10340853,8500152,3610,1769851,54195,18834644
1790115514127801757,10341578,8500392,3610,1770314,54206,18834644
1790115514243549663,10342300,8500620,3610,1770801,54217,18834644
1790115514360789873,10343014,8500873,3610,1771266,54233,18834644
1790115514477045429,10343746,8501107,3610,1771743,54248,18834644
1790115514591075611,10344463,8501359,3610,1772194,54260,18834644
1790115514706285157,10345189,8501609,3610,1772657,54270,18834644
1790115514820611220,10345891,8501858,3610,1773100,54291,18834644
1790115514936308446,10346606,8502099,3610,1773575,54304,18834644
1790115515051110784,10347349,8502347,3610,1774028,54319,18834644
1790115515166927779,10348051,8502615,3610,1774473,54333,18834644
1790115515279900439,10348746,8502873,3610,1774911,54343,18834644
1790115515392896681,10349453,8503119,3610,1775359,54357,18834644
1790115515509723389,10350185,8503365,3610,1775827,54373,18834644
1790115515624867186,10350917,8503594,3610,1776312,54382,18834644
1790115515741239904,10351623,8503834,3610,1776779,54400,18834644
1790115515857066256,10352368,8504077,3610,1777247,54413,18834644
1790115515972208288,10353083,8504340,3610,1777691,54426,18834644
1790115516084757970,10353801,8504604,3610,1778118,54440,18834644
1790115516196969689,10354516,8504847,3610,1778566,54452,18834644
1790115516312878849,10355230,8505090,3610,1779040,54461,18834644
1790115516429794671,10355950,8505350,3610,1779499,54474,18834644
1790115516546019967,10356703,8505642,3610,1779924,54485,18834644
1790115516662006953,10357441,8505886,3610,1780397,54499,18834644
1790115516777294071,10358142,8506129,3610,1780855,54515,18834644
1790115516892758090,10358864,8506378,3610,1781317,54526,18834644
1790115517006650500,10359570,8506625,3610,1781772,54538,18834644
1790115517124322165,10360317,8506871,3610,1782250,54551,18834644
1790115517238475638,10361033,8507114,3610,1782707,54565,18834644
1790115517353272779,10361763,8507346,3610,1783178,54579,18834644
1790115517467382614,10362478,8507602,3610,1783619,54595,18834644
1790115517582237443,10363198,8507866,3610,1784063,54604,18834644
1790115517698490828,10363934,8508165,3610,1784478,54618,18834644
1790115517811896118,10364646,8508409,3610,1784930,54636,18834644
1790115517928873229,10365387,8508661,3610,1785394,54650,18834644
1790115518044012027,10366097,8508925,3610,1785838,54664,18834644
1790115518160446712,10366829,8509183,3610,1786294,54680,18834644
1790115518274830930,10367565,8509461,3610,1786720,54692,18834644
1790115518393665791,10368323,8509713,3610,1787194,54707,18834644
1790115518507223915,10369031,8509958,3610,1787640,54728,18834644
1790115518623554917,10369736,8510206,3610,1788107,54741,18834644
1790115518738314824,10370476,8510478,3610,1788542,54752,18834644
1790115518852476767,10371218,8510755,3610,1788974,54763,18834644
1790115518967593068,10371940,8511031,3610,1789402,54781,18834644
1790115519088362580,10372707,8511278,3610,1789901,54792,18834644
1790115519205328335,10373454,8511514,3610,1790383,54803,18834644
1790115519321842410,10374180,8511776,3610,1790831,54823,18834644
1790115519438226395,10374912,8512042,3610,1791278,54839,18834644
1790115519555258614,10375624,8512284,3610,1791758,54852,18834644
1790115519669748746,10376338,8512529,3610,1792220,54861,18834644
1790115519785493764,10377070,8512778,3610,1792682,54871,18834644
1790115519898324564,10377770,8513063,3610,1793091,54886,18834644
1790115520013268898,10378498,8513311,3610,1793553,54898,18834644
1790115520128276546,10379218,8513558,3610,1794013,54912,18834644
1790115520244037817,10379942,8513831,3610,1794452,54924,18834644
1790115520359220306,10380684,8514087,3610,1794902,54936,18834644
1790115520474258605,10381398,8514319,3610,1795381,54948,18834644
1790115520594246567,10382141,8514567,3610,1795869,54960,18834644
1790115520710215469,10382885,8514821,3610,1796324,54976,18834644
1790115520825686723,10383608,8515090,3610,1796770,54987,18834644
1790115520941213296,10384344,8515333,3610,1797236,55002,18834644
1790115521056209070,10385056,8515581,3610,1797688,55017,18834644
1790115521170546686,10385789,8515814,3610,1798158,55030,18834644
1790115521284435154,10386501,8516057,3610,1798616,55042,18834644
1790115521400344432,10387212,8516306,3610,1799079,55056,18834644
1790115521515376593,10387925,8516571,3610,1799521,55069,18834644
1790115521630219650,10388667,8516825,3610,1799971,55082,18834644
1790115521746665042,10389387,8517084,3610,1800426,55098,18834644
1790115521861975537,10390127,8517339,3610,1800890,55107,18834644
1790115521976424550,10390831,8517576,3610,1801348,55124,18834644
1790115522093117804,10391543,8517828,3610,1801812,55138,18834644
1790115522208608157,10392272,8518081,3610,1802271,55150,18834644
1790115522324516985,10393016,8518338,3610,1802724,55162,18834644
1790115522439486391,10393733,8518603,3610,1803164,55181,18834644
1790115522555323194,10394479,8518846,3610,1803640,55189,18834644
1790115522669124362,10395193,8519098,3610,1804082,55204,18834644
1790115522784948757,10395919,8519380,3610,1804516,55216,18834644
1790115522898569651,10396607,8519639,3610,1804952,55231,18834644
1790115523014542728,10397322,8519895,3610,1805414,55241,18834644
1790115523130106421,10398067,8520135,3610,1805883,55251,18834644
1790115523245616930,10398796,8520386,3610,1806348,55261,18834644
1790115523365014212,10399560,8520644,3610,1806828,55269,18834644
1790115523479707092,10400276,8520919,3610,1807259,55281,18834644
1790115523594255758,10400996,8521164,3610,1807721,55294,18834644
1790115523708720809,10401717,8521407,3610,1808173,55312,18834644
1790115523822370566,10402421,8521654,3610,1808627,55323,18834644
1790115523935821138,10403139,8521911,3610,1809072,55340,18834644
1790115524077479032,10404021,8522200,3610,1809640,55364,18834644
1790115524191991033,10404750,8522468,3610,1810073,55380,18834644
1790115524308236363,10405501,8522718,3610,1810541,55392,18834644
1790115524423463576,10406223,8522961,3610,1810999,55410,18834644
1790115524537231827,10406922,8523211,3610,1811445,55424,18834644
1790115524650825316,10407645,8523443,3610,1811915,55434,18834644
1790115524767328446,10408389,8523686,3610,1812395,55443,18834644
1790115524882576806,10409130,8523982,3610,1812810,55457,18834644
1790115524997250750,10409884,8524210,3610,1813285,55468,18834644
1790115525111786749,10410613,8524494,3610,1813706,55483,18834644
1790115525226179878,10411324,8524749,3610,1814155,55493,18834644
1790115525340782215,10412059,8524976,3610,1814631,55509,18834644
1790115525453709741,10412739,8525218,3610,1815077,55525,18834644
1790115525569616620,10413463,8525454,3610,1815553,55541,18834644
1790115525683744338,10414178,8525702,3610,1816002,55556,18834644
1790115525797664573,10414876,8525961,3610,1816439,55571,18834644
1790115525913842294,10415605,8526205,3610,1816906,55585,18834644
1790115526028380199,10416305,8526443,3610,1817378,55597,18834644
1790115526143992902,10417058,8526689,3610,1817845,55605,18834644
1790115526259480399,10417783,8526921,3610,1818319,55619,18834644
1790115526376112375,10418523,8527164,3610,1818791,55633,18834644
1790115526492084914,10419248,8527409,3610,1819257,55646,18834644
1790115526605287653,10419958,8527661,3610,1819698,55660,18834644
1790115526718859447,10420680,8527892,3610,1820173,55674,18834644
1790115526833982393,10421392,8528146,3610,1820621,55687,18834644
1790115526947936937,10422089,8528421,3610,1821041,55706,18834644
1790115527063190452,10422796,8528733,3610,1821436,55723,18834644
1790115527176574861,10423520,8529014,3610,1821842,55746,18834644
1790115527292274749,10424222,8529276,3610,1822289,55759,18834644
1790115527407454708,10424932,8529521,3610,1822752,55773,18834644
1790115527523618094,10425649,8529754,3610,1823237,55785,18834644
1790115527638273858,10426363,8529988,3610,1823707,55796,18834644
1790115527754273533,10427090,8530232,3610,1824173,55810,18834644
1790115527870473425,10427815,8530482,3610,1824639,55822,18834644
1790115527983914724,10428545,8530731,3610,1825088,55832,18834644
1790115528099612310,10429280,8530981,3610,1825551,55844,18834644
1790115528212525388,10430013,8531244,3610,1825983,55853,18834644
1790115528325677469,10430704,8531489,3610,1826433,55869,18834644
1790115528440886329,10431433,8531739,3610,1826886,55884,18834644
1790115528556290752,10432164,8532007,3610,1827325,55898,18834644
1790115528669718878,10432867,8532256,3610,1827774,55910,18834644
1790115528787651598,10433594,8532508,3610,1828247,55925,18834644
1790115528903301285,10434302,8532743,3610,1828724,55936,18834644
1790115529019286681,10435043,8532976,3610,1829210,55949,18834644
1790115529134492085,10435779,8533238,3610,1829652,55961,18834644
1790115529249238876,10436507,8533519,3610,1830079,55970,18834644
1790115529363392464,10437222,8533800,3610,1830498,55988,18834644
1790115529477729865,10437952,8534049,3610,1830944,56008,18834644
1790115529591937590,10438674,8534278,3610,1831413,56025,18834644
1790115529705835917,10439374,8534521,3610,1831865,56042,18834644
1790115529818882343,10440077,8534775,3610,1832303,56057,18834644
1790115529933990022,10440795,8535024,3610,1832760,56069,18834644
1790115530049557278,10441523,8535273,3610,1833206,56098,18834644
1790115530163878742,10442222,8535518,3610,1833656,56118,18834644
1790115530280077104,10442939,8535752,3610,1834137,56130,18834644
1790115530391962323,10443631,8535988,3610,1834587,56145,18834644
1790115530505445749,10444339,8536231,3610,1835044,56160,18834644
1790115530620160597,10445058,8536467,3610,1835510,56170,18834644
1790115530734747625,10445771,8536714,3610,1835961,56188,18834644
1790115530850878833,10446536,8536974,3610,1836418,56199,18834644
1790115530965419567,10447236,8537213,3610,1836885,56212,18834644
1790115531081247021,10447973,8537462,3610,1837348,56226,18834644
1790115531196528928,10448722,8537717,3610,1837799,56239,18834644
1790115531313024984,10449476,8537993,3610,1838242,56249,18834644
1790115531425822584,10450182,8538239,3610,1838688,56263,18834644
1790115531540884295,10450915,8538481,3610,1839157,56274,18834644
1790115531656801335,10451652,8538728,3610,1839620,56288,18834644
1790115531770439992,10452388,8539003,3610,1840042,56302,18834644
1790115531886218842,10453131,8539250,3610,1840508,56319,18834644
1790115532001245454,10453866,8539524,3610,1840943,56331,18834644
1790115532116078578,10454595,8539782,3610,1841382,56348,18834644
1790115532230822934,10455305,8540040,3610,1841826,56364,18834644
1790115532345187034,10456015,8540290,3610,1842288,56371,18834644
1790115532459912085,10456734,8540565,3610,1842716,56385,18834644
1790115532575118150,10457439,8540818,3610,1843173,56396,18834644
1790115532690811350,10458176,8541064,3610,1843636,56411,18834644
1790115532806178934,10458908,8541310,3610,1844101,56426,18834644
1790115532919898117,10459608,8541556,3610,1844546,56441,18834644
1790115533036704320,10460334,8541775,3610,1844983,56520,18834644
1790115533150319477,10461044,8542017,3610,1845436,56534,18834644
1790115533264665907,10461747,8542271,3610,1845883,56549,18834644
1790115533378482832,10462474,8542507,3610,1846346,56564,18834644
1790115533493827903,10463193,8542754,3610,1846801,56580,18834644
1790115533608352808,10463915,8543009,3610,1847248,56596,18834644
1790115533722467725,10464639,8543254,3610,1847706,56609,18834644
1790115533837074291,10465354,8543486,3610,1848176,56621,18834644
1790115533950992934,10466089,8543748,3610,1848621,56631,18834644
1790115534065623032,10466812,8543997,3610,1849076,56643,18834644
1790115534179067282,10467543,8544243,3610,1849533,56653,18834644
1790115534292210839,10468265,8544490,3610,1849981,56663,18834644
1790115534408241584,10468976,8544731,3610,1850457,56675,18834644
1790115534528858380,10469744,8544966,3610,1850961,56686,18834644
1790115534646124577,10470457,8545213,3610,1851430,56703,18834644
1790115534762066158,10471177,8545452,3610,1851898,56720,18834644
1790115534878967120,10471889,8545705,3610,1852361,56733,18834644
1790115534992777518,10472600,8545954,3610,1852812,56745,18834644
1790115535107232739,10473335,8546222,3610,1853254,56757,18834644
1790115535224169172,10474078,8546903,3610,1853295,56765,18868948
1790115535335744585,10474780,8547226,3610,1853661,56786,18870356
1790115535452446605,10475528,8547292,3610,1854310,56809,18870356
1790115535567544934,10476267,8547354,3610,1854966,56825,18870356
1790115535681671743,10476994,8547435,3610,1855589,56851,18870356
1790115535798833518,10477738,8547562,3610,1856203,56855,18870356
1790115535913072774,10478474,8547583,3610,1856909,56855,18870356
1790115536029937187,10479219,8547696,3610,1857537,56856,18870356
1790115536146078362,10479962,8547784,3610,1858188,56856,18870356
1790115536260805097,10480687,8547838,3610,1858866,56856,18870356
1790115536377688344,10481433,8547928,3610,1859520,56857,18870356
1790115536494802172,10482181,8548003,3610,1860190,56857,18870356
1790115536608967266,10482909,8548080,3610,1860838,56858,18870356
1790115536725914356,10483663,8548200,3610,1861462,56858,18870356
1790115536840661862,10484398,8548220,3610,1862169,56858,18870356
1790115536958408123,10485153,8548349,3610,1862791,56859,18870356
1790115537076220748,10485904,8548435,3610,1863453,56859,18870356
1790115537190671446,10486635,8548500,3610,1864118,56859,18870356
1790115537306779998,10487376,8548601,3610,1864756,56860,18870356
1790115537424171067,10488128,8548693,3610,1865408,56860,18870356
1790115537538121134,10488861,8548784,3610,1866040,56862,18870356
1790115537655168329,10489606,8548914,3610,1866655,56862,18870356
1790115537769608615,10490334,8548936,3610,1867360,56862,18870356
1790115537886698187,10491083,8549075,3610,1867969,56863,18870356
1790115538004342109,10491844,8549165,3610,1868625,56863,18870356
1790115538119053434,10492573,8549232,3610,1869289,56864,18870356
1790115538235802651,10493311,8549323,3610,1869941,56864,18870356
1790115538353459220,10494066,8549407,3610,1870602,56865,18870356
1790115538467675806,10494801,8549506,3610,1871231,56867,18870356
1790115538584867351,10495545,8549624,3610,1871858,56867,18870356
1790115538701934484,10496297,8549744,3610,1872481,56867,18870356
1790115538818953336,10497042,8549863,3610,1873108,56867,18870356
1790115538935859181,10497782,8549987,3610,1873727,56868,18870356
1790115539053004712,10498530,8550076,3610,1874381,56869,18870356
1790115539166224744,10499256,8550123,3610,1875056,56869,18870356
1790115539280320427,10499976,8550211,3610,1875692,56869,18870356
1790115539397490682,10500720,8550331,3610,1876316,56870,18870356
1790115539514587865,10501461,8550498,3610,1876890,56871,18870356
1790115539631647175,10502206,8550621,3610,1877516,56871,18870356
1790115539773173632,10503124,8550761,3610,1878274,56872,18870356
1790115539890214228,10503871,8550921,3610,1878858,56873,18870356
1790115540004718781,10504600,8550951,3610,1879561,56873,18870356
1790115540121006721,10505338,8551082,3610,1880167,56874,18870356
1790115540238050365,10506085,8551168,3610,1880827,56874,18870356
1790115540350317076,10506800,8551277,3610,1881428,56874,18870356
1790115540464844270,10507529,8551398,3610,1882039,56875,18870356
1790115540586083600,10508311,8551536,3610,1882669,56876,18870356
1790115540703231720,10509053,8551660,3610,1883290,56877,18870356
1790115540818192280,10509797,8551710,3610,1883972,56877,18870356
1790115540933248847,10510539,8551808,3610,1884604,56878,18870356
1790115541050160959,10511288,8551929,3610,1885227,56878,18870356
1790115541164559987,10512007,8552087,3610,1885794,56880,18870356
1790115541281786097,10512757,8552233,3610,1886398,56880,18870356
1790115541396797441,10513488,8552433,3610,1886928,56881,18870356
1790115541513992716,10514240,8552615,3610,1887491,56881,18870356
1790115541629127837,10514981,8552675,3610,1888163,56881,18870356
1790115541742582032,10515710,8552811,3610,1888746,56881,18870356
1790115541859846054,10516455,8552952,3610,1889354,56881,18870356
1790115541974754818,10517185,8553072,3610,1889965,56882,18870356
1790115542090120052,10517928,8553191,3610,1890578,56882,18870356
1790115542206686478,10518666,8553306,3610,1891206,56883,18870356
1790115542323957554,10519414,8553441,3610,1891816,56883,18870356
1790115542438688266,10520145,8553481,3610,1892507,56884,18870356
1790115542551175539,10520867,8553606,3610,1893094,56884,18870356
1790115542668720841,10521620,8553737,3610,1893712,56884,18870356
1790115542784853315,10522364,8553858,3610,1894328,56885,18870356
1790115542896761559,10523078,8553983,3610,1894918,56885,18870356
1790115543013868385,10523825,8554128,3610,1895516,56885,18870356
1790115543131213287,10524581,8554257,3610,1896132,56885,18870356
1790115543245655969,10525305,8554296,3610,1896826,56885,18870356
1790115543363580202,10526065,8554436,3610,1897427,56886,18870356
1790115543480851444,10526808,8554563,3610,1898050,56887,18870356
1790115543597215747,10527553,8554678,3610,1898672,56888,18870356
1790115543714438596,10528296,8554765,3610,1899333,56888,18870356
1790115543830046235,10529040,8554900,3610,1899932,56888,18870356
1790115543945580006,10529774,8554995,3610,1900569,56889,18870356
1790115544059616720,10530503,8555039,3610,1901252,56890,18870356
1790115544178046205,10531268,8555142,3610,1901901,56890,18870356
1790115544295008210,10532009,8555287,3610,1902499,56891,18870356
1790115544409627103,10532740,8555385,3610,1903125,56892,18870356
1790115544526588171,10533489,8555513,3610,1903743,56892,18870356
1790115544641468270,10534227,8555646,3610,1904340,56893,18870356
1790115544758551367,10534974,8555733,3610,1904997,56894,18870356
1790115544872946897,10535705,8555800,3610,1905660,56895,18870356
1790115544990467377,10536454,8555902,3610,1906302,56896,18870356
1790115545105870097,10537184,8556078,3610,1906862,56897,18870356
1790115545221171952,10537922,8556181,3610,1907490,56898,18870356
1790115545338192404,10538662,8556316,3610,1908100,56899,18870356
1790115545453710376,10539392,8556471,3610,1908680,56900,18870356
1790115545570825898,10540142,8556554,3610,1909343,56900,18870356
1790115545685766039,10540876,8556635,3610,1909993,56900,18870356
1790115545802965952,10541620,8556730,3610,1910642,56900,18870356
1790115545920860735,10542376,8556923,3610,1911197,56901,18870356
1790115546037845806,10543117,8557034,3610,1911831,56902,18870356
1790115546154907402,10543861,8557187,3610,1912422,56902,18870356
1790115546269342724,10544587,8557316,3610,1913017,56903,18870356
1790115546386395629,10545340,8557410,3610,1913669,56903,18870356
1790115546501057981,10546072,8557500,3610,1914309,56904,18870356
1790115546618236944,10546816,8557592,3610,1914961,56905,18870356
1790115546733221226,10547550,8557785,3610,1915497,56905,18870356
1790115546850201284,10548299,8557901,3610,1916126,56906,18870356
1790115546967197917,10549047,8558061,3610,1916709,56906,18870356
1790115547083211800,10549784,8558164,3610,1917344,56907,18870356
1790115547200241554,10550536,8558240,3610,1918014,56907,18870356
1790115547314483372,10551266,8558339,3610,1918640,56907,18870356
1790115547431773303,10552014,8558504,3610,1919225,56907,18870356
1790115547547399765,10552760,8558738,3610,1919722,56908,18870356
1790115547663784708,10553503,8558849,3610,1920355,56908,18870356
1790115547781103579,10554253,8559015,3610,1920933,56908,18870356
1790115547896604029,10554995,8559133,3610,1921545,56910,18870356
1790115548013732592,10555743,8559238,3610,1922191,56910,18870356
1790115548128062676,10556475,8559298,3610,1922857,56910,18870356
1790115548245533322,10557231,8559387,3610,1923514,56910,18870356
1790115548362801295,10557976,8559545,3610,1924103,56911,18870356
1790115548479958017,10558728,8559646,3610,1924748,56912,18870356
1790115548597078691,10559481,8559800,3610,1925338,56912,18870356
1790115548712071918,10560217,8559916,3610,1925953,56912,18870356
1790115548829608158,10560962,8559995,3610,1926620,56912,18870356
1790115548943993539,10561687,8560083,3610,1927261,56913,18870356
1790115549060856792,10562436,8560198,3610,1927891,56914,18870356
1790115549177689807,10563182,8560340,3610,1928493,56914,18870356
1790115549294804903,10563930,8560448,3610,1929129,56915,18870356
1790115549410101543,10564684,8560620,3610,1929687,56916,18870356
1790115549527281444,10565433,8560721,3610,1930330,56916,18870356
1790115549644267724,10566179,8560807,3610,1930990,56916,18870356
1790115549758670847,10566903,8560886,3610,1931640,56918,18870356
1790115549876003828,10567652,8561007,3610,1932264,56919,18870356
1790115549993101417,10568410,8561130,3610,1932885,56919,18870356
1790115550109989013,10569154,8561239,3610,1933521,56919,18870356
1790115550227982855,10569912,8561363,3610,1934146,56919,18870356
1790115550344879942,10570658,8561475,3610,1934778,56919,18870356
1790115550460093421,10571398,8561547,3610,1935439,56919,18870356
1790115550574530934,10572129,8561633,3610,1936075,56921,18870356
1790115550691623057,10572878,8561776,3610,1936677,56921,18870356
1790115550808653984,10573619,8561938,3610,1937255,56923,18870356
1790115550925890428,10574369,8562053,3610,1937891,56923,18870356
1790115551042812725,10575119,8562226,3610,1938459,56926,18870356
1790115551160118400,10575870,8562314,3610,1939117,56926,18870356
1790115551273272978,10576592,8562375,3610,1939776,56926,18870356
1790115551387837023,10577327,8562453,3610,1940430,56926,18870356
1790115551504884697,10578077,8562566,3610,1941061,56926,18870356
1790115551622272159,10578829,8562692,3610,1941677,56928,18870356
1790115551739353255,10579582,8562807,3610,1942307,56928,18870356
1790115551856640302,10580325,8562931,3610,1942925,56930,18870356
1790115551973787509,10581073,8563056,3610,1943550,56930,18870356
1790115552088716410,10581810,8563078,3610,1944263,56930,18870356
1790115552205129344,10582562,8563160,3610,1944918,56931,18870356
1790115552318873036,10583284,8563277,3610,1945524,56931,18870356
1790115552436098242,10584043,8563424,3610,1946120,56933,18870356
1790115552553110507,10584790,8563534,3610,1946754,56933,18870356
1790115552669941103,10585533,8563661,3610,1947371,56934,18870356
1790115552787175087,10586288,8563788,3610,1947989,56934,18870356
1790115552901973336,10587022,8563824,3610,1948686,56934,18870356
1790115553017760997,10587762,8563929,3610,1949315,56936,18870356
1790115553134782638,10588506,8564035,3610,1949952,56937,18870356
1790115553250700144,10589261,8564158,3610,1950566,56937,18870356
1790115553365047018,10589995,8564252,3610,1951199,56938,18870356
1790115553482193577,10590730,8564410,3610,1951782,56940,18870356
1790115553597586730,10591470,8564547,3610,1952378,56940,18870356
1790115553712083504,10592205,8564581,3610,1953076,56940,18870356
1790115553825305809,10592928,8564704,3610,1953670,56941,18870356
1790115553942608310,10593675,8564830,3610,1954295,56941,18870356
1790115554060097615,10594419,8564956,3610,1954912,56942,18870356
1790115554210854325,10595376,8565101,3610,1955727,56943,18870356
1790115554327071560,10596128,8565241,3610,1956324,56944,18870356
1790115554444104470,10596877,8565328,3610,1956982,56945,18870356
1790115554558631712,10597600,8565395,3610,1957640,56946,18870356
1790115554675912991,10598351,8565510,3610,1958276,56946,18870356
1790115554791094842,10599093,8565532,3610,1958988,56946,18870356
1790115554905646043,10599822,8565612,3610,1959631,56946,18870356
1790115555021955248,10600568,8565732,3610,1960256,56946,18870356
1790115555136764074,10601305,8565785,3610,1960935,56947,18870356
1790115555251898093,10602041,8565941,3610,1961511,56947,18870356
1790115555368903260,10602785,8566053,3610,1962144,56947,18870356
1790115555483462093,10603512,8566162,3610,1962761,56948,18870356
1790115555600292539,10604259,8566244,3610,1963423,56949,18870356
1790115555713925187,10604984,8566318,3610,1964074,56949,18870356
1790115555828602877,10605722,8566407,3610,1964709,56950,18870356
1790115555945667250,10606467,8566530,3610,1965336,56950,18870356
1790115556061197664,10607206,8566556,3610,1966044,56950,18870356
1790115556176431289,10607949,8566679,3610,1966650,56951,18870356
1790115556293767922,10608699,8566774,3610,1967308,56951,18870356
1790115556408009023,10609430,8566866,3610,1967938,56952,18870356
1790115556525050756,10610180,8567025,3610,1968524,56953,18870356
1790115556640427625,10610915,8567134,3610,1969148,56953,18870356
1790115556754664770,10611638,8567228,3610,1969777,56954,18870356
1790115556871959103,10612389,8567341,3610,1970414,56955,18870356
1790115556986795076,10613126,8567366,3610,1971123,56955,18870356
1790115557100462758,10613858,8567506,3610,1971701,56956,18870356
1790115557216858247,10614599,8567622,3610,1972327,56956,18870356
1790115557331391890,10615334,8567709,3610,1972963,56958,18870356
1790115557448219245,10616074,8567882,3610,1973298,57188,18870356
1790115557563418310,10616799,8568059,3610,1973544,57494,18870356
1790115557678667377,10617541,8568309,3610,1974005,57503,18870356
1790115557791827046,10618273,8568582,3610,1974426,57518,18870356
1790115557907543509,10619005,8568841,3610,1974876,57535,18870356
1790115558021926337,10619713,8569085,3610,1975331,57550,18870356
1790115558138914412,10620443,8569332,3610,1975802,57563,18870356
1790115558256743307,10621167,8569567,3610,1976298,57574,18870356
1790115558371819222,10621920,8569821,3610,1976747,57587,18870356
1790115558486214828,10622635,8570075,3610,1977193,57602,18870356
1790115558600461095,10623355,8570328,3610,1977639,57614,18870356
1790115558715280780,10624067,8570585,3610,1978086,57629,18870356
1790115558831060411,10624821,8570835,3610,1978552,57638,18870356
1790115558946075514,10625560,8571039,3610,1978985,57725,18870356
1790115559061455477,10626283,8571316,3610,1979413,57740,18870356
1790115559182752066,10627055,8571587,3610,1979889,57756,18870356
1790115559296568924,10627763,8571831,3610,1980346,57767,18870356
1790115559410575109,10628481,8572067,3610,1980806,57786,18870356
1790115559524646828,10629208,8572312,3610,1981263,57796,18870356
1790115559640552275,10629939,8572533,3610,1981755,57807,18870356
1790115559755602884,10630662,8572776,3610,1982220,57820,18870356
1790115559870231366,10631392,8573013,3610,1982685,57833,18870356
1790115559984258052,10632093,8573263,3610,1983140,57845,18870356
1790115560099184960,10632811,8573518,3610,1983591,57856,18870356
1790115560212985424,10633520,8573770,3610,1984038,57869,18870356
1790115560327342385,10634216,8573989,3610,1984527,57881,18870356
1790115560440424200,10634911,8574248,3610,1984957,57896,18870356
1790115560553461211,10635613,8574503,3610,1985400,57909,18870356
1790115560667003052,10636328,8574790,3610,1985808,57924,18870356
1790115560780705482,10637031,8575042,3610,1986256,57938,18870356
1790115560896228448,10637756,8575290,3610,1986713,57952,18870356
1790115561008887192,10638452,8575522,3610,1987181,57963,18870356
1790115561125394681,10639172,8575787,3610,1987631,57977,18870356
1790115561240031567,10639911,8576029,3610,1988090,57992,18870356
1790115561355423463,10640643,8576282,3610,1988543,58004,18870356
1790115561468677788,10641339,8576550,3610,1988971,58019,18870356
1790115561582180789,10642053,8576805,3610,1989415,58034,18870356
1790115561695817215,10642756,8577038,3610,1989880,58044,18870356
1790115561809045341,10643464,8577259,3610,1990284,58133,18870356
1790115561923097047,10644166,8577508,3610,1990727,58151,18870356
1790115562039226170,10644895,8577745,3610,1991204,58166,18870356
1790115562154458219,10645599,8577986,3610,1991670,58177,18870356
1790115562269221156,10646310,8578237,3610,1992121,58192,18870356
1790115562384246097,10647039,8578487,3610,1992584,58201,18870356
1790115562496948175,10647757,8578747,3610,1993018,58215,18870356
1790115562612590966,10648472,8579024,3610,1993449,58233,18870356
1790115562728471423,10649194,8579314,3610,1993866,58248,18870356
1790115562842172207,10649896,8579584,3610,1994294,58261,18870356
1790115562957544903,10650621,8579833,3610,1994752,58277,18870356
1790115563072350123,10651360,8580069,3610,1995221,58292,18870356
1790115563187507074,10652087,8580316,3610,1995678,58310,18870356
1790115563302972918,10652815,8580566,3610,1996132,58324,18870356
1790115563418194018,10653526,8580804,3610,1996603,58336,18870356
1790115563531732754,10654236,8581075,3610,1997035,58347,18870356
1790115563645427044,10654958,8581334,3610,1997473,58359,18870356
1790115563759917708,10655658,8581569,3610,1997943,58374,18870356
1790115563877813437,10656380,8581808,3610,1998353,58463,18870356
1790115563993186584,10657110,8582077,3610,1998790,58478,18870356
1790115564107523989,10657828,8582347,3610,1999226,58490,18870356
1790115564223279956,10658580,8582599,3610,1999684,58503,18870356
1790115564338006654,10659302,8582846,3610,2000140,58516,18870356
1790115564452561234,10660026,8583075,3610,2000613,58534,18870356
1790115564567203749,10660750,8583344,3610,2001052,58544,18870356
1790115564681009960,10661455,8583581,3610,2001513,58558,18870356
1790115564794487623,10662171,8583959,3610,2001839,58568,18870356
1790115564911727409,10662931,8584287,3610,2002235,58580,18870356
1790115565026919237,10663660,8584518,3610,2002711,58591,18870356
1790115565139932755,10664354,8584773,3610,2003150,58605,18870356
1790115565254724081,10665080,8585012,3610,2003620,58615,18870356
1790115565369765522,10665801,8585251,3610,2004090,58628,18870356
1790115565485212338,10666512,8585493,3610,2004550,58646,18870356
1790115565600559201,10667259,8585734,3610,2005013,58664,18870356
1790115565715305023,10667995,8585991,3610,2005466,58675,18870356
1790115565829446605,10668713,8586227,3610,2005930,58689,18870356
1790115565946851536,10669439,8586456,3610,2006425,58699,18870356
1790115566060979255,10670126,8586709,3610,2006870,58715,18870356
1790115566175564199,10670827,8586951,3610,2007329,58729,18870356
1790115566288278694,10671532,8587195,3610,2007778,58740,18870356
1790115566402732267,10672252,8587444,3610,2008235,58754,18870356
1790115566518483747,10672962,8587694,3610,2008689,58771,18870356
1790115566634526509,10673673,8587931,3610,2009171,58782,18870356
1790115566753885784,10674428,8588161,3610,2009604,58865,18870356
1790115566869300257,10675184,8588416,3610,2010060,58876,18870356
1790115566984998943,10675910,8588671,3610,2010508,58897,18870356
1790115567098816654,10676610,8588926,3610,2010951,58909,18870356
1790115567212880339,10677321,8589179,3610,2011396,58924,18870356
1790115567326808308,10678022,8589417,3610,2011860,58937,18870356
1790115567443486786,10678765,8589685,3610,2012314,58949,18870356
1790115567557622120,10679474,8589932,3610,2012762,58967,18870356
1790115567672077515,10680178,8590187,3610,2013203,58985,18870356
1790115567785471852,10680878,8590445,3610,2013642,58997,18870356
1790115567900466398,10681609,8590692,3610,2014103,59010,18870356
1790115568017357268,10682351,8590918,3610,2014597,59021,18870356
1790115568134191985,10683085,8591157,3610,2015074,59034,18870356
1790115568247437874,10683797,8591413,3610,2015518,59046,18870356
1790115568361476910,10684507,8591659,3610,2015968,59058,18870356
1790115568476720350,10685210,8591918,3610,2016419,59071,18870356
1790115568592036520,10685969,8592170,3610,2016870,59088,18870356
1790115568707154529,10686672,8592386,3610,2017363,59100,18870356
1790115568823467921,10687418,8592619,3610,2017841,59114,18870356
1790115568940674308,10688147,8592875,3610,2018305,59126,18870356
1790115569056466231,10688863,8593124,3610,2018765,59141,18870356
1790115569171017444,10689584,8593371,3610,2019219,59158,18870356
1790115569285888328,10690322,8593679,3610,2019621,59169,18870356
1790115569399444900,10691057,8593921,3610,2020084,59180,18870356
1790115569515327443,10691779,8594149,3610,2020493,59268,18870356
1790115569630467565,10692493,8594392,3610,2020959,59280,18870356
1790115569744839935,10693216,8594636,3610,2021416,59293,18870356
1790115569859765149,10693968,8594886,3610,2021869,59305,18870356
1790115569975541712,10694683,8595153,3610,2022313,59318,18870356
1790115570091233351,10695406,8595385,3610,2022799,59329,18870356
1790115570206327389,10696127,8595651,3610,2023235,59343,18870356
1790115570318956412,10696863,8595935,3610,2023648,59354,18870356
1790115570434467864,10697607,8596185,3610,2024110,59366,18870356
1790115570549986029,10698330,8596434,3610,2024568,59379,18870356
1790115570664604982,10699051,8596682,3610,2025026,59391,18870356
1790115570780914994,10699772,8596949,3610,2025471,59406,18870356
1790115570895514220,10700501,8597224,3610,2025902,59420,18870356
1790115571010646280,10701201,8597493,3610,2026338,59433,18870356
1790115571126389581,10701941,8597741,3610,2026800,59450,18870356
1790115571242668866,10702657,8597983,3610,2027264,59466,18870356
1790115571356826994,10703375,8598229,3610,2027712,59485,18870356
1790115571473547414,10704126,8598478,3610,2028186,59493,18870356
1790115571590209503,10704856,8598720,3610,2028660,59507,18870356
1790115571704666662,10705594,8598956,3610,2029123,59525,18870356
1790115571819717487,10706325,8599195,3610,2029592,59537,18870356
1790115571932560195,10707036,8599459,3610,2030019,59553,18870356
1790115572046431107,10707759,8599707,3610,2030470,59566,18870356
1790115572159172093,10708462,8599957,3610,2030918,59575,18870356
1790115572273976656,10709198,8600199,3610,2031312,59661,18870356
1790115572387834742,10709939,8600450,3610,2031757,59677,18870356
1790115572502889192,10710695,8600711,3610,2032201,59694,18870356
1790115572617396256,10711399,8600963,3610,2032649,59706,18870356
1790115572731303500,10712096,8601213,3610,2033102,59721,18870356
1790115572844998936,10712842,8601435,3610,2033579,59732,18870356
1790115572960883860,10713563,8601704,3610,2034028,59741,18870356
1790115573074041584,10714250,8601941,3610,2034487,59753,18870356
1790115573187543172,10714967,8602200,3610,2034919,59769,18870356
1790115573303627494,10715705,8602434,3610,2035400,59783,18870356
1790115573417602117,10716423,8602687,3610,2035843,59800,18870356
1790115573532382355,10717152,8602909,3610,2036333,59809,18870356
1790115573648370648,10717878,8603169,3610,2036788,59817,18870356
1790115573760775969,10718610,8603417,3610,2037225,59838,18870356
1790115573875986245,10719347,8603657,3610,2037686,59856,18870356
1790115573989725986,10720046,8603933,3610,2038108,59870,18870356
1790115574103427984,10720766,8604199,3610,2038543,59883,18870356
1790115574221124119,10721505,8604459,3610,2039010,59894,18870356
1790115574341626547,10722256,8604706,3610,2039503,59905,18870356
1790115574456084083,10722961,8604953,3610,2039957,59919,18870356
1790115574571003589,10723668,8605217,3610,2040393,59937,18870356
1790115574685801846,10724412,8605462,3610,2040853,59952,18870356
1790115574800678232,10725133,8605711,3610,2041305,59968,18870356
1790115574915644061,10725859,8605966,3610,2041756,59981,18870356
1790115575034678977,10726611,8606253,3610,2042209,59991,18870356
1790115575152914438,10727355,8606488,3610,2042625,60078,18870356
1790115575266940275,10728087,8606761,3610,2043051,60092,18870356
1790115575382773220,10728812,8607017,3610,2043508,60106,18870356
1790115575498678709,10729539,8607271,3610,2043961,60121,18870356
1790115575646847033,10730527,8607598,3610,2044553,60136,18870356
1790115575763255404,10731237,8607839,3610,2045023,60150,18870356
1790115575879918980,10731986,8608081,3610,2045492,60169,18870356
1790115575993596163,10732697,8608364,3610,2045903,60186,18870356
1790115576108995629,10733426,8608615,3610,2046362,60200,18870356
1790115576223922875,10734142,8608868,3610,2046814,60216,18870356
1790115576339824147,10734857,8609100,3610,2047294,60227,18870356
1790115576456522468,10735571,8609349,3610,2047757,60245,18870356
1790115576572785848,10736313,8609591,3610,2048231,60259,18870356
1790115576689315198,10737057,8609840,3610,2048699,60272,18870356
1790115576804526393,10737768,8610079,3610,2049165,60283,18870356
1790115576919037506,10738490,8610341,3610,2049605,60298,18870356
1790115577033102774,10739213,8610576,3610,2050074,60308,18870356
1790115577146003191,10739905,8610818,3610,2050527,60320,18870356
1790115577261925941,10740634,8611070,3610,2050989,60330,18870356
1790115577378088947,10741358,8611306,3610,2051464,60347,18870356
1790115577492674574,10742073,8611546,3610,2051926,60360,18870356
1790115577608092767,10742800,8611790,3610,2052392,60372,18870356
1790115577720843361,10743515,8612031,3610,2052848,60382,18870356
1790115577837939881,10744264,8612316,3610,2053263,60416,18870356
1790115577954341108,10745011,8612549,3610,2053693,60483,18870356
1790115578067399298,10745721,8612811,3610,2054124,60499,18870356
1790115578182110232,10746428,8613065,3610,2054570,60515,18870356
1790115578295235108,10747129,8613314,3610,2055019,60525,18870356
1790115578408059632,10747829,8613566,3610,2055457,60540,18870356
1790115578524483658,10748563,8613814,3610,2055924,60555,18870356
1790115578638203850,10749266,8614076,3610,2056360,60569,18870356
1790115578751323477,10749961,8614328,3610,2056801,60583,18870356
1790115578864448867,10750660,8614573,3610,2057252,60597,18870356
1790115578981262165,10751361,8614827,3610,2057714,60610,18870356
1790115579096471122,10752071,8615076,3610,2058176,60621,18870356
1790115579230726846,10752900,8615356,3610,2058725,60635,18870356
1790115579346499287,10753637,8615589,3610,2059207,60644,18870356
1790115579460471607,10754337,8615856,3610,2059642,60657,18870356
1790115579573206398,10755028,8616123,3610,2060063,60672,18870356
1790115579686648886,10755737,8616374,3610,2060512,60685,18870356
1790115579802131220,10756468,8616629,3610,2060963,60700,18870356
1790115579916920847,10757177,8616866,3610,2061431,60715,18870356
1790115580031837957,10757887,8617124,3610,2061879,60728,18870356
1790115580146069985,10758616,8617374,3610,2062331,60741,18870356
1790115580260223448,10759326,8617633,3610,2062772,60753,18870356
1790115580381126761,10760087,8617903,3610,2063244,60770,18870356
1790115580496461654,10760827,8618158,3610,2063696,60782,18870356
1790115580610554045,10761579,8618411,3610,2064153,60791,18870356
1790115580728009058,10762324,8618640,3610,2064582,60867,18870356
1790115580842206137,10763049,8618888,3610,2065035,60886,18870356
1790115580956925688,10763771,8619155,3610,2065468,60900,18870356
1790115581072125020,10764496,8619407,3610,2065924,60912,18870356
1790115581186480334,10765208,8619676,3610,2066361,60924,18870356
1790115581301204887,10765920,8619920,3610,2066820,60938,18870356
1790115581415004209,10766652,8620197,3610,2067243,60952,18870356
1790115581528437498,10767379,8620448,3610,2067689,60967,18870356
1790115581644011318,10768097,8620707,3610,2068135,60981,18870356
1790115581758461070,10768814,8620948,3610,2068597,60991,18870356
1790115581872124797,10769533,8621195,3610,2069048,61007,18870356
1790115581988474006,10770249,8621440,3610,2069521,61017,18870356
1790115582105196623,10770987,8621682,3610,2069997,61029,18870356
1790115582218648843,10771683,8621942,3610,2070427,61049,18870356
1790115582332679603,10772409,8622187,3610,2070874,61068,18870356
1790115582445300486,10773135,8622455,3610,2071300,61084,18870356
1790115582559432985,10773842,8622735,3610,2071721,61096,18870356
1790115582676204226,10774565,8622984,3610,2072193,61105,18870356
1790115582788647536,10775272,8623242,3610,2072629,61119,18870356
1790115582904575675,10776007,8623499,3610,2073079,61137,18870356
1790115583020282977,10776756,8623794,3610,2073493,61152,18870356
1790115583135858485,10777477,8624048,3610,2073946,61166,18870356
1790115583250173705,10778179,8624294,3610,2074399,61180,18870356
1790115583366549785,10778921,8624536,3610,2074879,61191,18870356
1790115583482591212,10779663,8624822,3610,2075303,61206,18870356
1790115583596493971,10780404,8625073,3610,2075754,61218,18870356
1790115583712643902,10781116,8625320,3610,2076223,61231,18870356
1790115583828487325,10781844,8625571,3610,2076677,61249,18870356
1790115583943593909,10782543,8625823,3610,2077134,61260,18870356
1790115584059686604,10783275,8626065,3610,2077609,61269,18870356
1790115584173764963,10783987,8626324,3610,2077992,61345,18870356
1790115584287252002,10784699,8626563,3610,2078437,61370,18870356
1790115584403563115,10785436,8626817,3610,2078899,61382,18870356
1790115584519790482,10786169,8627067,3610,2079365,61395,18870356
1790115584634201369,10786890,8627319,3610,2079814,61407,18870356
1790115584748840951,10787595,8627553,3610,2080286,61422,18870356
1790115584865823308,10788329,8627817,3610,2080736,61438,18870356
1790115584980261468,10789048,8628069,3610,2081180,61457,18870356
1790115585094873333,10789749,8628318,3610,2081635,61471,18870356
1790115585211527952,10790468,8628579,3610,2082093,61483,18870356
1790115585325223278,10791163,8628818,3610,2082553,61497,18870356
1790115585440517094,10791891,8629065,3610,2083016,61508,18870356
1790115585555361814,10792634,8629337,3610,2083453,61518,18870356
1790115585669823153,10793368,8629581,3610,2083914,61528,18870356
1790115585784629581,10794097,8629824,3610,2084377,61544,18870356
1790115585899696952,10794817,8630064,3610,2084835,61561,18870356
1790115586012368209,10795543,8630330,3610,2085258,61577,18870356
1790115586125602754,10796269,8630582,3610,2085707,61587,18870356
1790115586240529620,10797023,8630837,3610,2086161,61601,18870356
1790115586355915447,10797740,8631089,3610,2086618,61612,18870356
1790115586471546242,10798444,8631343,3610,2087077,61625,18870356
1790115586586121083,10799177,8631602,3610,2087515,61642,18870356
1790115586699581925,10799891,8631857,3610,2087960,61655,18870356
1790115586814539178,10800617,8632124,3610,2088393,61672,18870356
1790115586929723248,10801347,8632368,3610,2088860,61682,18870356
1790115587046351414,10802095,8632611,3610,2089260,61774,18870356
1790115587162126308,10802827,8632892,3610,2089684,61791,18870356
1790115587276204747,10803530,8633146,3610,2090125,61808,18870356
1790115587390314351,10804243,8633406,3610,2090563,61825,18870356
1790115587503570271,10804942,8633665,3610,2090996,61840,18870356
1790115587615859004,10805637,8633902,3610,2091450,61855,18870356
1790115587732755888,10806367,8634149,3610,2091924,61867,18870356
1790115587847933484,10807081,8634398,3610,2092377,61882,18870356
1790115587960376794,10807802,8634652,3610,2092816,61896,18870356
1790115588074081416,10808514,8634900,3610,2093266,61908,18870356
1790115588189073975,10809228,8635132,3610,2093739,61920,18870356
1790115588305377007,10809950,8635378,3610,2094216,61930,18870356
1790115588420469976,10810675,8635624,3610,2094671,61947,18870356
1790115588535582269,10811401,8635876,3610,2095128,61961,18870356
1790115588649642254,10812125,8636132,3610,2095569,61977,18870356
1790115588765021935,10812859,8636388,3610,2096016,61993,18870356
1790115588881051382,10813594,8636629,3610,2096484,62009,18870356
1790115588994969470,10814293,8636883,3610,2096937,62018,18870356
1790115589111082085,10815025,8637126,3610,2097340,62102,18870356
1790115589226260404,10815740,8637372,3610,2097800,62117,18870356
1790115589342430934,10816455,8637643,3610,2098236,62134,18870356
1790115589458080117,10817181,8637886,3610,2098701,62148,18870356
1790115589572089918,10817917,8638136,3610,2099153,62160,18870356
1790115589688335342,10818657,8638362,3610,2099648,62168,18870356
1790115589805642747,10819386,8638626,3610,2100098,62185,18870356
1790115589922245402,10820117,8638876,3610,2100565,62198,18870356
1790115590036557570,10820814,8639145,3610,2100999,62211,18870356
1790115590152024729,10821557,8639395,3610,2101460,62225,18870356
1790115590266543613,10822260,8639638,3610,2101918,62239,18870356
1790115590382722007,10823005,8639867,3610,2102399,62256,18870356
1790115590499323760,10823729,8640119,3610,2102868,62266,18870356
1790115590615017438,10824452,8640367,3610,2103329,62278,18870356
1790115590730625458,10825191,8640621,3610,2103788,62289,18870356
1790115590846407161,10825914,8640904,3610,2104212,62309,18870356
1790115590961973183,10826629,8641146,3610,2104674,62326,18870356
1790115591079263024,10827378,8641388,3610,2105155,62337,18870356
1790115591196217785,10828109,8641645,3610,2105614,62352,18870356
1790115591311712039,10828841,8641902,3610,2106071,62365,18870356
1790115591425691486,10829593,8642171,3610,2106501,62377,18870356
1790115591539886887,10830320,8642449,3610,2106925,62389,18870356
1790115591655204447,10831049,8642709,3610,2107382,62400,18870356
1790115591768459363,10831775,8643024,3610,2107764,62408,18874452
1790115591879800522,10832486,8643714,3610,2107769,62414,18903764
1790115591992219668,10833205,8643860,3610,2108336,62415,18903764
1790115592109475979,10833951,8643983,3610,2108952,62420,18903764
1790115592224196748,10834688,8644005,3610,2109665,62420,18903764
1790115592339943266,10835430,8644100,3610,2110307,62420,18903764
1790115592455582571,10836174,8644240,3610,2110900,62420,18903764
1790115592570222167,10836906,8644278,3610,2111594,62420,18903764
1790115592690215275,10837677,8644410,3610,2112225,62421,18903764
1790115592809209668,10838434,8644488,3610,2112904,62421,18903764
1790115592927283642,10839183,8644548,3610,2113595,62421,18903764
1790115593043965610,10839921,8644701,3610,2114184,62421,18903764
1790115593161003602,10840670,8644835,3610,2114795,62422,18903764
1790115593275354848,10841399,8644966,3610,2115389,62422,18903764
1790115593392757376,10842148,8645136,3610,2115968,62423,18903764
1790115593509978101,10842897,8645301,3610,2116549,62423,18903764
1790115593624611403,10843629,8645416,3610,2117159,62423,18903764
1790115593741292887,10844382,8645563,3610,2117756,62424,18903764
1790115593858433077,10845133,8645670,3610,2118393,62424,18903764
1790115593972766698,10845862,8645777,3610,2119016,62425,18903764
1790115594089804211,10846615,8645880,3610,2119657,62425,18903764
1790115594202325989,10847336,8645977,3610,2120275,62425,18903764
1790115594322364563,10848107,8646071,3610,2120945,62425,18903764
1790115594439644999,10848849,8646235,3610,2121525,62427,18903764
1790115594554175265,10849585,8646256,3610,2122237,62427,18903764
1790115594668377980,10850319,8646348,3610,2122867,62429,18903764
1790115594785437080,10851066,8646485,3610,2123474,62429,18903764
1790115594899828137,10851795,8646527,3610,2124166,62429,18903764
1790115595017778960,10852550,8646635,3610,2124805,62430,18903764
1790115595129203741,10853267,8646826,3610,2125322,62430,18903764
1790115595244044665,10854002,8646870,3610,2126010,62430,18903764
1790115595361750470,10854746,8646961,3610,2126666,62431,18903764
1790115595475251789,10855475,8647074,3610,2127274,62431,18903764
1790115595592303773,10856223,8647245,3610,2127844,62432,18903764
1790115595709528222,10856976,8647363,3610,2128470,62432,18903764
1790115595826625697,10857723,8647489,3610,2129086,62433,18903764
1790115595943734205,10858472,8647577,3610,2129750,62434,18903764
1790115596060220286,10859218,8647657,3610,2130409,62434,18903764
1790115596185996820,10860009,8647745,3610,2131121,62434,18903764
1790115596303362341,10860763,8647867,3610,2131743,62435,18903764
1790115596420355273,10861521,8648004,3610,2132349,62435,18903764
1790115596537931322,10862270,8648090,3610,2133010,62440,18903764
1790115596653707812,10863012,8648258,3610,2133568,62451,18903764
1790115596770354600,10863759,8648390,3610,2134138,62488,18903764
1790115596888178161,10864517,8648468,3610,2134799,62499,18903764
1790115597003015149,10865257,8648526,3610,2135466,62507,18903764
1790115597119752625,10866002,8648652,3610,2136066,62525,18903764
1790115597236793604,10866748,8648822,3610,2136638,62525,18903764
1790115597353771991,10867499,8648920,3610,2137284,62526,18903764
1790115597468595533,10868234,8649054,3610,2137876,62526,18903764
1790115597585641025,10868981,8649227,3610,2138445,62528,18903764
1790115597702551210,10869729,8649404,3610,2139012,62529,18903764
1790115597818107442,10870470,8649487,3610,2139668,62529,18903764
1790115597932796654,10871195,8649616,3610,2140266,62531,18903764
1790115598050280240,10871949,8649800,3610,2140826,62531,18903764
1790115598167562411,10872695,8650017,3610,2141353,62533,18903764
1790115598284867330,10873440,8650171,3610,2141949,62533,18903764
1790115598402016060,10874189,8650388,3610,2142475,62534,18903764
1790115598516950385,10874924,8650553,3610,2143042,62534,18903764
1790115598634084627,10875673,8650670,3610,2143670,62534,18903764
1790115598748879965,10876391,8650734,3610,2144336,62535,18903764
1790115598865701703,10877144,8650865,3610,2144950,62536,18903764
1790115598982703926,10877893,8651030,3610,2145527,62536,18903764
1790115599097019218,10878615,8651168,3610,2146114,62537,18903764
1790115599214314522,10879355,8651320,3610,2146707,62538,18903764
1790115599331550315,10880113,8651493,3610,2147277,62538,18903764
1790115599448919057,10880863,8651621,3610,2147900,62538,18903764
1790115599563737208,10881598,8651642,3610,2148612,62538,18903764
1790115599678123060,10882340,8651718,3610,2149260,62539,18903764
1790115599795229534,10883089,8651863,3610,2149860,62539,18903764
1790115599912446056,10883834,8652025,3610,2150440,62540,18903764
1790115600029483049,10884578,8652111,3610,2151099,62540,18903764
1790115600145215841,10885316,8652296,3610,2151651,62541,18903764
1790115600261789100,10886062,8652396,3610,2152295,62541,18903764
1790115600378814921,10886810,8652471,3610,2152964,62543,18903764
1790115600493288602,10887549,8652529,3610,2153629,62543,18903764
1790115600610906900,10888295,8652658,3610,2154251,62543,18903764
1790115600728041583,10889044,8652805,3610,2154849,62544,18903764
1790115600843425150,10889772,8652926,3610,2155457,62546,18903764
1790115600960589993,10890522,8653002,3610,2156126,62546,18903764
1790115601076686464,10891270,8653180,3610,2156690,62547,18903764
1790115601194004351,10892022,8653326,3610,2157290,62547,18903764
1790115601309002509,10892760,8653379,3610,2157969,62547,18903764
1790115601426900157,10893517,8653474,3610,2158622,62548,18903764
1790115601542750125,10894253,8653636,3610,2159197,62548,18903764
1790115601660036004,10895011,8653812,3610,2159765,62549,18903764
1790115601777202609,10895756,8653942,3610,2160378,62549,18903764
1790115601894093020,10896496,8654062,3610,2161002,62551,18903764
1790115602011892231,10897247,8654157,3610,2161657,62551,18903764
1790115602127007344,10897986,8654243,3610,2162304,62551,18903764
1790115602241350395,10898707,8654333,3610,2162937,62552,18903764
1790115602358430771,10899451,8654452,3610,2163565,62553,18903764
1790115602473749518,10900188,8654640,3610,2164112,62553,18903764
1790115602590240970,10900932,8654743,3610,2164745,62554,18903764
1790115602707199269,10901679,8654876,3610,2165357,62555,18903764
1790115602823797955,10902418,8654995,3610,2165979,62556,18903764
1790115602936239720,10903139,8655079,3610,2166610,62556,18903764
1790115603051389458,10903874,8655104,3610,2167320,62557,18903764
1790115603163721216,10904585,8655228,3610,2167910,62558,18903764
1790115603280943065,10905335,8655299,3610,2168585,62559,18903764
1790115603398597215,10906087,8655431,3610,2169195,62559,18903764
1790115603514187691,10906830,8655549,3610,2169816,62559,18903764
1790115603631122041,10907571,8655710,3610,2170397,62561,18903764
1790115603748292246,10908318,8655848,3610,2171004,62561,18903764
1790115603862289247,10909048,8655892,3610,2171687,62561,18903764
1790115603976698476,10909780,8655982,3610,2172326,62562,18903764
1790115604093845574,10910531,8656105,3610,2172947,62562,18903764
1790115604211256232,10911283,8656263,3610,2173533,62563,18903764
1790115604328337405,10912032,8656335,3610,2174206,62563,18903764
1790115604445040325,10912784,8656498,3610,2174786,62563,18903764
1790115604561641599,10913528,8656591,3610,2175437,62564,18903764
1790115604679362970,10914278,8656663,3610,2176110,62564,18903764
1790115604793948332,10914997,8656722,3610,2176784,62565,18903764
1790115604910391656,10915748,8656815,3610,2177429,62565,18903764
1790115605027860251,10916499,8657015,3610,2177977,62566,18903764
1790115605141106853,10917223,8657132,3610,2178578,62567,18903764
1790115605258330007,10917970,8657219,3610,2179235,62568,18903764
1790115605374089913,10918700,8657405,3610,2179785,62569,18903764
1790115605491478559,10919445,8657536,3610,2180398,62570,18903764
1790115605605927185,10920173,8657572,3610,2181095,62570,18903764
1790115605723405592,10920927,8657686,3610,2181725,62571,18903764
1790115605838129163,10921660,8657824,3610,2182316,62571,18903764
1790115605955291730,10922402,8657975,3610,2182908,62572,18903764
1790115606072477358,10923155,8658134,3610,2183493,62573,18903764
1790115606189671976,10923896,8658284,3610,2184091,62575,18903764
1790115606306840387,10924640,8658375,3610,2184744,62575,18903764
1790115606424038659,10925391,8658480,3610,2185384,62575,18903764
1790115606538505476,10926125,8658561,3610,2186026,62576,18903764
1790115606655488265,10926876,8658645,3610,2186690,62577,18903764
1790115606769613965,10927613,8658802,3610,2187254,62577,18903764
1790115606886913340,10928364,8658893,3610,2187915,62578,18903764
1790115607004047894,10929116,8659019,3610,2188533,62578,18903764
1790115607118107147,10929846,8659152,3610,2189124,62579,18903764
1790115607235346404,10930596,8659243,3610,2189777,62579,18903764
1790115607349536229,10931324,8659299,3610,2190448,62579,18903764
1790115607465621106,10932051,8659430,3610,2191053,62580,18903764
1790115607582706381,10932792,8659568,3610,2191662,62582,18903764
1790115607694566236,10933517,8659691,3610,2192247,62583,18903764
1790115607811730356,10934267,8659817,3610,2192871,62584,18903764
1790115607928821498,10935015,8659973,3610,2193455,62587,18903764
1790115608045970698,10935764,8660101,3610,2194072,62587,18903764
1790115608161627225,10936505,8660134,3610,2194773,62587,18903764
1790115608276073000,10937240,8660214,3610,2195421,62589,18903764
1790115608393208459,10937989,8660333,3610,2196046,62590,18903764
1790115608510198826,10938733,8660457,3610,2196664,62591,18903764
1790115608627109500,10939482,8660543,3610,2197324,62591,18903764
1790115608741215924,10940214,8660688,3610,2197903,62592,18903764
1790115608858509605,10940962,8660774,3610,2198562,62592,18903764
1790115608975870943,10941710,8660865,3610,2199221,62593,18903764
1790115609090103867,10942444,8660945,3610,2199865,62594,18903764
1790115609207064617,10943198,8661028,3610,2200527,62595,18903764
1790115609325474519,10943950,8661204,3610,2201100,62595,18903764
1790115609442579358,10944695,8661355,3610,2201694,62595,18903764
1790115609559680720,10945444,8661502,3610,2202295,62595,18903764
1790115609673393320,10946177,8661621,3610,2202896,62596,18903764
1790115609789211847,10946916,8661782,3610,2203472,62597,18903764
1790115609903800369,10947648,8661824,3610,2204164,62597,18903764
1790115610020556092,10948400,8661944,3610,2204784,62598,18903764
1790115610135766066,10949127,8662045,3610,2205417,62598,18903764
1790115610252863299,10949873,8662185,3610,2206019,62600,18903764
1790115610370100662,10950623,8662310,3610,2206637,62601,18903764
1790115610487364886,10951374,8662446,3610,2207245,62601,18903764
1790115610604463829,10952119,8662556,3610,2207883,62601,18903764
1790115610717078415,10952843,8662637,3610,2208520,62601,18903764
1790115610831565785,10953581,8662715,3610,2209162,62603,18903764
1790115610948744081,10954330,8662844,3610,2209781,62603,18903764
1790115611065845754,10955076,8662985,3610,2210382,62603,18903764
1790115611183921508,10955833,8663078,3610,2211039,62603,18903764
1790115611304864509,10956612,8663228,3610,2211657,62604,18903764
1790115611421186494,10957372,8663340,3610,2212282,62604,18903764
1790115611538300742,10958125,8663425,3610,2212942,62604,18903764
1790115611652801504,10958860,8663496,3610,2213602,62604,18903764
1790115611770478473,10959618,8663598,3610,2214244,62605,18903764
1790115611887457628,10960364,8663762,3610,2214824,62605,18903764
1790115612002402340,10961100,8663891,3610,2215425,62606,18903764
1790115612119598004,10961850,8663970,3610,2216092,62606,18903764
1790115612236936377,10962601,8664131,3610,2216679,62607,18903764
1790115612353779027,10963348,8664255,3610,2217299,62607,18903764
1790115612469040839,10964091,8664283,3610,2218005,62607,18903764
1790115612587000631,10964838,8664389,3610,2218648,62608,18903764
1790115612704456864,10965585,8664504,3610,2219277,62608,18903764
1790115612818929119,10966317,8664534,3610,2219980,62608,18903764
1790115612933243816,10967050,8664653,3610,2220586,62609,18903764
1790115613050510791,10967796,8664725,3610,2221260,62609,18903764
1790115613164878838,10968530,8664784,3610,2221931,62609,18903764
1790115613282109630,10969288,8664882,3610,2222578,62610,18903764
1790115613399288858,10970037,8664956,3610,2223249,62610,18903764
1790115613514006156,10970766,8665032,3610,2223902,62612,18903764
1790115613631351148,10971520,8665106,3610,2224573,62612,18903764
1790115613747780655,10972263,8665180,3610,2225244,62612,18903764
1790115613861992959,10972987,8665260,3610,2225886,62615,18903764
1790115613979001763,10973740,8665412,3610,2226479,62616,18903764
1790115614093806711,10974468,8665450,3610,2227173,62616,18903764
1790115614208281867,10975209,8665556,3610,2227791,62617,18903764
1790115614325466057,10975956,8665705,3610,2228386,62618,18903764
1790115614441680130,10976698,8665748,3610,2229088,62618,18903764
1790115614557493598,10977442,8665829,3610,2229736,62620,18903764
1790115614672580473,10978172,8665967,3610,2230329,62620,18903764
1790115614787038380,10978902,8665995,3610,2231035,62621,18903764
1790115614902925067,10979644,8666115,3610,2231647,62622,18903764
1790115615019806728,10980387,8666197,3610,2232310,62622,18903764
1790115615134449395,10981125,8666240,3610,2232993,62622,18903764
1790115615251225611,10981862,8666339,3610,2233636,62623,18903764
1790115615368326580,10982609,8666430,3610,2234291,62623,18903764
1790115615482779454,10983344,8666505,3610,2234946,62624,18903764
1790115615599808976,10984082,8666755,3610,2235424,62631,18903764
1790115615712336025,10984785,8666963,3610,2235747,62805,18903764
1790115615826248180,10985514,8667122,3610,2235966,63150,18903764
1790115615940229760,10986205,8667381,3610,2236407,63164,18903764
1790115616055517231,10986919,8667649,3610,2236845,63178,18903764
1790115616169896916,10987641,8667905,3610,2237291,63190,18903764
1790115616284945615,10988367,8668155,3610,2237748,63203,18903764
1790115616403093898,10989106,8668397,3610,2238237,63213,18903764
1790115616518968632,10989842,8668662,3610,2238687,63227,18903764
1790115616636046230,10990581,8668902,3610,2239168,63238,18903764
1790115616750427523,10991288,8669161,3610,2239611,63252,18903764
1790115616863725870,10992006,8669399,3610,2240066,63264,18903764
1790115616978120229,10992731,8669664,3610,2240500,63280,18903764
1790115617095291585,10993478,8669910,3610,2240983,63289,18903764
1790115617211517754,10994209,8670164,3610,2241438,63304,18903764
1790115617326545257,10994938,8670424,3610,2241884,63319,18903764
1790115617442267030,10995679,8670671,3610,2242350,63331,18903764
1790115617557341765,10996385,8670924,3610,2242803,63345,18903764
1790115617671486924,10997089,8671178,3610,2243249,63358,18903764
1790115617788012674,10997808,8671410,3610,2243739,63368,18903764
1790115617903127541,10998532,8671637,3610,2244146,63457,18903764
1790115618018897995,10999262,8671923,3610,2244574,63468,18903764
1790115618134161711,11000003,8672204,3610,2244993,63488,18903764
1790115618249743878,11000722,8672452,3610,2245453,63503,18903764
1790115618365834311,11001455,8672700,3610,2245917,63516,18903764
1790115618482406546,11002177,8672922,3610,2246417,63525,18903764
1790115618598741763,11002908,8673161,3610,2246895,63535,18903764
1790115618713914819,11003627,8673407,3610,2247357,63550,18903764
1790115618830071701,11004340,8673672,3610,2247800,63565,18903764
1790115618944057787,11005064,8673926,3610,2248249,63578,18903764
1790115619059766102,11005786,8674184,3610,2248701,63590,18903764
1790115619176094824,11006524,8674424,3610,2249178,63601,18903764
1790115619290688345,11007236,8674668,3610,2249639,63613,18903764
1790115619405046919,11007941,8674905,3610,2250100,63630,18903764
1790115619518495341,11008639,8675153,3610,2250552,63642,18903764
1790115619633351870,11009351,8675397,3610,2251003,63660,18903764
1790115619746328935,11010066,8675638,3610,2251458,63672,18903764
1790115619860304259,11010796,8675870,3610,2251933,63681,18903764
1790115619974430559,11011511,8676130,3610,2252372,63696,18903764
1790115620090185411,11012230,8676397,3610,2252815,63711,18903764
1790115620205097841,11012965,8676656,3610,2253258,63728,18903764
1790115620319693622,11013687,8676936,3610,2253685,63737,18903764
1790115620434370215,11014418,8677202,3610,2254125,63749,18903764
1790115620550010437,11015135,8677437,3610,2254606,63759,18903764
1790115620663472606,11015857,8677696,3610,2255041,63776,18903764
1790115620777825549,11016581,8677919,3610,2255443,63869,18903764
1790115620891916991,11017302,8678155,3610,2255903,63886,18903764
1790115621007555270,11018031,8678406,3610,2256361,63899,18903764
1790115621124443292,11018797,8678657,3610,2256830,63910,18903764
1790115621237959726,11019500,8678878,3610,2257316,63919,18903764
1790115621352708618,11020196,8679140,3610,2257760,63931,18903764
1790115621467340443,11020914,8679399,3610,2258203,63948,18903764
1790115621581294555,11021620,8679655,3610,2258644,63963,18903764
1790115621696628718,11022351,8679949,3610,2259058,63974,18903764
1790115621810844677,11023074,8680211,3610,2259499,63987,18903764
1790115621925547989,11023785,8680444,3610,2259974,63999,18903764
1790115622039495727,11024499,8680684,3610,2260434,64014,18903764
1790115622153509817,11025208,8680924,3610,2260892,64027,18903764
1790115622268450414,11025925,8681187,3610,2261336,64041,18903764
1790115622382971534,11026644,8681441,3610,2261782,64055,18903764
1790115622498736043,11027364,8681688,3610,2262246,64069,18903764
1790115622615234004,11028088,8681919,3610,2262738,64078,18903764
1790115622732007634,11028812,8682156,3610,2263218,64091,18903764
1790115622847906044,11029539,8682438,3610,2263649,64106,18903764
1790115622964483386,11030286,8682692,3610,2264112,64119,18903764
1790115623078636677,11030986,8682958,3610,2264547,64129,18903764
1790115623193289970,11031698,8683213,3610,2264999,64144,18903764
1790115623306559140,11032416,8683464,3610,2265445,64152,18903764
1790115623420770661,11033137,8683700,3610,2265912,64167,18903764
1790115623536480708,11033850,8683935,3610,2266321,64250,18903764
1790115623651895663,11034596,8684189,3610,2266776,64260,18903764
1790115623768010406,11035325,8684440,3610,2267236,64278,18903764
1790115623884405619,11036051,8684688,3610,2267701,64292,18903764
1790115623997888864,11036757,8684912,3610,2268177,64303,18903764
1790115624113887217,11037524,8685170,3610,2268632,64314,18903764
1790115624228849606,11038237,8685414,3610,2269098,64327,18903764
1790115624344572439,11038963,8685688,3610,2269531,64341,18903764
1790115624461930249,11039705,8685966,3610,2269977,64355,18903764
1790115624577093321,11040411,8686221,3610,2270430,64369,18903764
1790115624690893525,11041120,8686462,3610,2270892,64379,18903764
1790115624805469259,11041834,8686713,3610,2271344,64390,18903764
1790115624920181641,11042548,8686978,3610,2271780,64409,18903764
1790115625033630560,11043260,8687243,3610,2272211,64421,18903764
1790115625147260430,11043980,8687514,3610,2272638,64436,18903764
1790115625263581172,11044713,8687768,3610,2273095,64452,18903764
1790115625378480026,11045444,8687998,3610,2273575,64465,18903764
1790115625495026674,11046174,8688253,3610,2274034,64479,18903764
1790115625609276310,11046883,8688498,3610,2274485,64496,18903764
1790115625722884217,11047617,8688795,3610,2274884,64510,18903764
1790115625836555799,11048362,8689039,3610,2275338,64522,18903764
1790115625951528952,11049077,8689286,3610,2275798,64537,18903764
1790115626065256781,11049770,8689528,3610,2276257,64550,18903764
1790115626182628049,11050499,8689781,3610,2276725,64560,18903764
1790115626297899747,11051204,8690022,3610,2277134,64634,18903764
1790115626410880833,11051935,8690259,3610,2277575,64666,18903764
1790115626525796502,11052657,8690527,3610,2278009,64679,18903764
1790115626639731517,11053387,8690779,3610,2278457,64693,18903764
1790115626754365621,11054094,8691029,3610,2278912,64706,18903764
1790115626867858262,11054812,8691259,3610,2279381,64719,18903764
1790115626983198541,11055553,8691496,3610,2279852,64732,18903764
1790115627095662420,11056246,8691778,3610,2280263,64744,18903764
1790115627211076929,11056964,8692041,3610,2280710,64758,18903764
1790115627326251890,11057703,8692313,3610,2281147,64771,18903764
1790115627441295307,11058433,8692575,3610,2281592,64785,18903764
1790115627555994311,11059172,8692810,3610,2282059,64799,18903764
1790115627670970604,11059871,8693057,3610,2282519,64810,18903764
1790115627785195807,11060596,8693308,3610,2282967,64826,18903764
1790115627901869853,11061331,8693549,3610,2283442,64839,18903764
1790115628015517760,11062045,8693792,3610,2283894,64854,18903764
1790115628129355362,11062773,8694032,3610,2284346,64874,18903764
1790115628241671421,11063482,8694260,3610,2284807,64891,18903764
1790115628357989952,11064206,8694504,3610,2285278,64903,18903764
1790115628471894946,11064914,8694751,3610,2285707,64944,18903764
1790115628587236416,11065643,8695019,3610,2286150,64956,18903764
1790115628701358022,11066383,8695279,3610,2286584,64969,18903764
1790115628814352752,11067077,8695541,3610,2287018,64981,18903764
1790115628927275028,11067766,8695773,3610,2287480,64995,18903764
1790115629044292940,11068501,8696027,3610,2287947,65007,18903764
1790115629158722382,11069220,8696268,3610,2288366,65063,18903764
1790115629273204452,11069930,8696517,3610,2288821,65077,18903764
1790115629387683975,11070629,8696764,3610,2289279,65090,18903764
1790115629502612983,11071343,8697006,3610,2289742,65104,18903764
1790115629616313845,11072074,8697230,3610,2290217,65121,18903764
1790115629731273939,11072785,8697477,3610,2290677,65134,18903764
1790115629846862016,11073516,8697721,3610,2291142,65146,18903764
1790115629960902091,11074222,8697973,3610,2291591,65157,18903764
1790115630077203262,11074947,8698220,3610,2292055,65172,18903764
1790115630192656419,11075669,8698466,3610,2292513,65191,18903764
1790115630308203531,11076410,8698700,3610,2292992,65202,18903764
1790115630424540657,11077137,8698950,3610,2293462,65213,18903764
1790115630540009010,11077892,8699201,3610,2293921,65226,18903764
1790115630654615383,11078580,8699444,3610,2294377,65241,18903764
1790115630770267782,11079301,8699687,3610,2294847,65256,18903764
1790115630884004733,11080019,8699928,3610,2295303,65268,18903764
1790115631001749595,11080758,8700166,3610,2295784,65286,18903764
1790115631117902152,11081464,8700407,3610,2296261,65295,18903764
1790115631232868255,11082178,8700650,3610,2296721,65310,18903764
1790115631347877168,11082901,8700930,3610,2297143,65329,18903764
1790115631462188090,11083591,8701177,3610,2297590,65346,18903764
1790115631577419883,11084309,8701440,3610,2298034,65361,18903764
1790115631689740849,11085004,8701692,3610,2298478,65369,18903764
1790115631806900240,11085730,8701929,3610,2298958,65385,18903764
1790115631922301175,11086444,8702167,3610,2299367,65462,18903764
1790115632038429946,11087162,8702423,3610,2299825,65474,18903764
1790115632155345285,11087883,8702702,3610,2300259,65493,18903764
1790115632269453349,11088614,8702959,3610,2300706,65505,18903764
1790115632386416061,11089344,8703186,3610,2301205,65515,18903764
1790115632502374417,11090042,8703421,3610,2301681,65524,18903764
1790115632618005209,11090779,8703679,3610,2302132,65537,18903764
1790115632733353944,11091492,8703933,3610,2302587,65549,18903764
1790115632848683142,11092214,8704176,3610,2303054,65562,18903764
1790115632963735530,11092932,8704430,3610,2303509,65575,18903764
1790115633077061072,11093651,8704679,3610,2303956,65587,18903764
1790115633192514157,11094367,8704923,3610,2304423,65599,18903764
1790115633307747951,11095070,8705161,3610,2304890,65616,18903764
1790115633422625839,11095793,8705413,3610,2305338,65633,18903764
1790115633537718941,11096496,8705676,3610,2305783,65646,18903764
1790115633652923243,11097206,8705915,3610,2306254,65655,18903764
1790115633769602412,11097939,8706154,3610,2306737,65667,18903764
1790115633885978405,11098658,8706406,3610,2307201,65679,18903764
1790115634001899764,11099357,8706655,3610,2307662,65694,18903764
1790115634117485675,11100121,8706913,3610,2308110,65712,18903764
1790115634234188332,11100834,8707204,3610,2308538,65724,18903764
1790115634347804165,11101550,8707463,3610,2308973,65740,18903764
1790115634491325998,11102441,8707737,3610,2309588,65755,18903764
1790115634608273849,11103158,8707984,3610,2310060,65766,18903764
1790115634723629041,11103880,8708211,3610,2310476,65844,18903764
1790115634840613563,11104625,8708483,3610,2310926,65857,18903764
1790115634955842385,11105363,8708736,3610,2311375,65870,18903764
1790115635069655160,11106072,8709001,3610,2311806,65886,18903764
1790115635184276215,11106803,8709258,3610,2312260,65896,18903764
1790115635300647416,11107542,8709511,3610,2312724,65907,18903764
1790115635415200443,11108256,8709746,3610,2313194,65921,18903764
1790115635528970014,11108962,8710002,3610,2313629,65936,18903764
1790115635644010151,11109684,8710244,3610,2314087,65954,18903764
1790115635759284495,11110417,8710494,3610,2314544,65969,18903764
1790115635875988781,11111154,8710744,3610,2315011,65983,18903764
1790115635989570960,11111888,8710990,3610,2315463,65998,18903764
1790115636105370668,11112628,8711258,3610,2315905,66014,18903764
1790115636221644902,11113340,8711513,3610,2316361,66028,18903764
1790115636336268176,11114068,8711774,3610,2316805,66043,18903764
1790115636451239550,11114798,8712022,3610,2317266,66052,18903764
1790115636566591666,11115529,8712245,3610,2317752,66063,18903764
1790115636682552863,11116244,8712495,3610,2318220,66075,18903764
1790115636796657272,11116966,8712738,3610,2318677,66086,18903764
1790115636910951252,11117681,8712982,3610,2319134,66097,18903764
1790115637025362622,11118391,8713230,3610,2319588,66113,18903764
1790115637140542504,11119109,8713490,3610,2320030,66129,18903764
1790115637256989864,11119845,8713729,3610,2320504,66142,18903764
1790115637370407086,11120543,8713978,3610,2320950,66157,18903764
1790115637485751882,11121256,8714194,3610,2321373,66238,18903764
1790115637597279489,11121950,8714438,3610,2321819,66248,18903764
1790115637712023645,11122669,8714683,3610,2322279,66262,18903764
1790115637826846146,11123383,8714940,3610,2322725,66275,18903764
1790115637942093388,11124113,8715172,3610,2323208,66284,18903764
1790115638055115023,11124813,8715428,3610,2323649,66295,18903764
1790115638170938810,11125520,8715676,3610,2324114,66307,18903764
1790115638287260211,11126224,8715933,3610,2324573,66318,18903764
1790115638402127991,11126944,8716197,3610,2325010,66336,18903764
1790115638516804518,11127646,8716443,3610,2325471,66349,18903764
1790115638633220546,11128384,8716686,3610,2325946,66359,18903764
1790115638749224770,11129127,8716929,3610,2326409,66376,18903764
1790115638864986358,11129836,8717171,3610,2326872,66394,18903764
1790115638980375700,11130547,8717414,3610,2327341,66409,18903764
1790115639095871406,11131277,8717679,3610,2327782,66421,18903764
1790115639210850658,11132003,8717928,3610,2328238,66436,18903764
1790115639326492986,11132737,8718160,3610,2328716,66450,18903764
1790115639443293265,11133472,8718416,3610,2329181,66462,18903764
1790115639558275168,11134218,8718652,3610,2329655,66472,18903764
1790115639674089410,11134940,8718898,3610,2330116,66485,18903764
1790115639789326276,11135651,8719156,3610,2330563,66502,18903764
1790115639902491022,11136388,8719425,3610,2330989,66515,18903764
1790115640015481721,11137087,8719691,3610,2331423,66526,18903764
1790115640129383287,11137804,8719919,3610,2331892,66542,18903764
1790115640245169882,11138523,8720174,3610,2332298,66604,18903764
1790115640359488247,11139225,8720420,3610,2332735,66637,18903764
1790115640475036334,11139918,8720691,3610,2333170,66652,18903764
1790115640590723820,11140611,8720937,3610,2333635,66668,18903764
1790115640706043963,11141322,8721188,3610,2334097,66679,18903764
1790115640827297556,11142070,8721425,3610,2334604,66691,18903764
1790115640941923204,11142788,8721678,3610,2335054,66703,18903764
1790115641057613725,11143490,8721919,3610,2335515,66723,18903764
1790115641174249463,11144223,8722167,3610,2335983,66735,18903764
1790115641291711451,11144955,8722434,3610,2336434,66752,18903764
1790115641407902018,11145680,8722679,3610,2336906,66763,18903764
1790115641520277829,11146386,8722939,3610,2337338,66775,18903764
1790115641635934880,11147107,8723179,3610,2337804,66790,18903764
1790115641749034542,11147824,8723432,3610,2338251,66803,18903764
1790115641865214133,11148557,8723713,3610,2338679,66813,18903764
1790115641980312704,11149280,8723959,3610,2339143,66827,18903764
1790115642094961401,11149998,8724221,3610,2339585,66839,18903764
1790115642212155932,11150749,8724475,3610,2340046,66855,18903764
1790115642326955447,11151464,8724723,3610,2340504,66867,18903764
1790115642441119881,11152171,8724962,3610,2340971,66881,18903764
1790115642555649520,11152880,8725202,3610,2341433,66891,18903764
1790115642670309636,11153601,8725452,3610,2341887,66906,18903764
1790115642784580515,11154313,8725720,3610,2342317,66920,18903764
1790115642904264187,11155061,8725973,3610,2342802,66934,18903764
1790115643018543778,11155785,8726238,3610,2343237,66949,18903764
1790115643133719668,11156507,8726465,3610,2343649,67032,18903764
1790115643248461751,11157227,8726716,3610,2344102,67047,18903764
1790115643363206088,11157928,8726961,3610,2344560,67060,18903764
1790115643481460835,11158639,8727212,3610,2345038,67073,18903764
1790115643595586669,11159351,8727457,3610,2345490,67087,18903764
1790115643709266761,11160083,8727701,3610,2345939,67106,18903764
1790115643825510003,11160795,8727965,3610,2346388,67118,18903764
1790115643939545661,11161527,8728205,3610,2346847,67136,18903764
1790115644054420047,11162254,8728460,3610,2347294,67150,18903764
1790115644168840095,11162968,8728709,3610,2347750,67163,18903764
1790115644284851136,11163703,8728954,3610,2348220,67172,18903764
1790115644400765804,11164418,8729225,3610,2348666,67185,18903764
1790115644515219819,11165126,8729472,3610,2349117,67201,18903764
1790115644632411601,11165843,8729725,3610,2349583,67215,18903764
1790115644746646751,11166570,8729984,3610,2350021,67230,18903764
1790115644860763915,11167285,8730249,3610,2350456,67243,18903764
1790115644976502320,11168029,8730511,3610,2350911,67253,18903764
1790115645092205449,11168750,8730783,3610,2351350,67265,18903764
1790115645206083225,11169486,8731033,3610,2351798,67280,18903764
1790115645321309895,11170203,8731285,3610,2352256,67293,18903764
1790115645435111478,11170928,8731542,3610,2352694,67309,18903764
1790115645549427634,11171636,8731806,3610,2353135,67321,18903764
1790115645664964672,11172343,8732051,3610,2353601,67332,18903764
1790115645779225289,11173038,8732300,3610,2354054,67348,18903764
1790115645893223871,11173746,8732541,3610,2354438,67435,18903764
1790115646005402113,11174441,8732796,3610,2354867,67453,18903764
1790115646119529859,11175129,8733044,3610,2355320,67466,18903764
1790115646234682692,11175842,8733302,3610,2355768,67481,18903764
1790115646349888215,11176570,8733537,3610,2356245,67492,18903764
1790115646462884590,11177285,8733791,3610,2356690,67505,18903764
1790115646578852028,11178015,8734041,3610,2357146,67521,18903764
1790115646692484077,11178726,8734319,3610,2357563,67536,18903764
1790115646806963205,11179453,8734577,3610,2358012,67549,18903764
1790115646922936448,11180157,8734830,3610,2358468,67562,18903764
1790115647039718628,11180900,8735069,3610,2358947,67576,18903764
1790115647155699164,11181619,8735320,3610,2359406,67591,18903764
1790115647270974672,11182363,8735568,3610,2359867,67605,18903764
1790115647385589578,11183072,8735811,3610,2360324,67618,18903764
1790115647501250171,11183772,8736062,3610,2360785,67630,18903764
1790115647615198784,11184490,8736317,3610,2361233,67638,18903764
1790115647731025646,11185225,8736551,3610,2361714,67649,18903764
1790115647843359861,11185922,8736795,3610,2362163,67659,18903764
1790115647959017547,11186647,8737057,3610,2362611,67674,18903764
1790115648073977954,11187378,8737305,3610,2363071,67686,18903764
1790115648190412559,11188110,8737554,3610,2363536,67702,18903764
1790115648303178234,11188810,8737817,3610,2363958,67719,18903764
1790115648417549813,11189509,8738058,3610,2364425,67729,18903764
1790115648532806210,11190218,8738324,3610,2364867,67743,18903764
1790115648648331776,11190928,8738564,3610,2365330,67761,18903764
1790115648765880507,11191672,8738806,3610,2365741,67846,18903764
1790115648879517777,11192373,8739065,3610,2366176,67864,18903764
1790115648995199113,11193093,8739321,3610,2366631,67878,18903764
1790115649111526924,11193835,8739576,3610,2367093,67890,18903764
1790115649229961388,11194584,8739835,3610,2367565,67902,18903764
1790115649344087932,11195311,8740079,3610,2368019,67918,18903764
1790115649459197818,11196028,8740326,3610,2368472,67935,18903764
1790115649574098998,11196770,8740602,3610,2368901,67951,18903764
1790115649686592510,11197475,8740870,3610,2369328,67959,18903764
1790115649801301971,11198201,8741127,3610,2369774,67975,18903764
1790115649918105638,11198941,8741773,3610,2369855,67982,18936404
1790115650029341288,11199646,8742114,3610,2370215,67984,18938836
1790115650144916579,11200374,8742200,3610,2370865,67986,18938836
1790115650261963990,11201122,8742288,3610,2371523,67986,18938836
1790115650376210461,11201859,8742380,3610,2372154,67988,18938836
1790115650493264186,11202607,8742516,3610,2372761,67988,18938836
1790115650610279925,11203354,8742604,3610,2373419,67989,18938836
1790115650724787075,11204076,8742697,3610,2374052,67991,18938836
1790115650841958262,11204822,8742783,3610,2374712,67991,18938836
1790115650956393049,11205557,8742912,3610,2375310,67991,18938836
1790115651085687431,11206380,8743030,3610,2376014,67992,18938836
1790115651202809983,11207132,8743159,3610,2376630,67992,18938836
1790115651317394233,11207867,8743179,3610,2377336,67992,18938836
1790115651431894977,11208601,8743263,3610,2377983,67992,18938836
1790115651562651224,11209438,8743440,3610,2378632,67994,18938836
1790115651676365421,11210166,8743465,3610,2379334,67994,18938836
1790115651792299253,11210914,8743552,3610,2379984,67994,18938836
1790115651907771741,11211644,8743679,3610,2380594,67995,18938836
1790115652022672203,11212381,8743705,3610,2381300,67995,18938836
1790115652141199748,11213139,8743790,3610,2381967,67996,18938836
1790115652254396905,11213860,8743921,3610,2382554,67996,18938836
1790115652369606648,11214597,8743949,3610,2383261,67996,18938836
1790115652486071333,11215345,8744070,3610,2383884,67997,18938836
1790115652602655005,11216088,8744157,3610,2384534,67997,18938836
1790115652717383767,11216823,8744184,3610,2385241,67997,18938836
1790115652833251852,11217566,8744310,3610,2385850,67998,18938836
1790115652950265700,11218309,8744384,3610,2386521,67999,18938836
1790115653065335888,11219046,8744430,3610,2387207,68000,18938836
1790115653180335308,11219770,8744533,3610,2387835,68000,18938836
1790115653297418446,11220517,8744620,3610,2388493,68000,18938836
1790115653411572538,11221249,8744681,3610,2389156,68001,18938836
1790115653529053248,11221999,8744782,3610,2389804,68002,18938836
1790115653646005365,11222746,8744917,3610,2390414,68002,18938836
1790115653762269776,11223485,8745013,3610,2391055,68003,18938836
1790115653878552851,11224227,8745123,3610,2391683,68003,18938836
1790115653995549122,11224973,8745300,3610,2392248,68004,18938836
1790115654112764880,11225722,8745437,3610,2392861,68005,18938836
1790115654226292793,11226449,8745484,3610,2393536,68005,18938836
1790115654340453250,11227180,8745581,3610,2394162,68005,18938836
1790115654457810370,11227931,8745706,3610,2394788,68005,18938836
1790115654575225764,11228677,8745820,3610,2395417,68006,18938836
1790115654693041829,11229434,8745918,3610,2396071,68006,18938836
1790115654809996867,11230173,8746085,3610,2396648,68006,18938836
1790115654927523986,11230924,8746182,3610,2397297,68007,18938836
1790115655042485664,11231658,8746280,3610,2397928,68008,18938836
1790115655157032091,11232389,8746315,3610,2398625,68008,18938836
1790115655273395472,11233135,8746446,3610,2399231,68008,18938836
1790115655384464342,11233838,8746569,3610,2399815,68009,18938836
1790115655495514569,11234539,8746747,3610,2400342,68010,18938836
1790115655612769168,11235289,8746818,3610,2401021,68010,18938836
1790115655728404540,11236019,8747005,3610,2401565,68011,18938836
1790115655843546851,11236758,8747143,3610,2402157,68011,18938836
1790115655960919871,11237509,8747244,3610,2402807,68011,18938836
1790115656075239793,11238245,8747314,3610,2403462,68012,18938836
1790115656190556865,11238982,8747452,3610,2404056,68012,18938836
1790115656307704912,11239734,8747533,3610,2404724,68012,18938836
1790115656424599384,11240484,8747674,3610,2405322,68013,18938836
1790115656541662622,11241232,8747820,3610,2405927,68013,18938836
1790115656658665317,11241979,8747980,3610,2406504,68015,18938836
1790115656776047277,11242731,8748068,3610,2407164,68015,18938836
1790115656888787650,11243452,8748131,3610,2407821,68015,18938836
1790115657003238682,11244177,8748216,3610,2408458,68017,18938836
1790115657120693646,11244927,8748332,3610,2409090,68017,18938836
1790115657235207637,11245657,8748490,3610,2409659,68017,18938836
1790115657351777475,11246398,8748599,3610,2410294,68018,18938836
1790115657468694908,11247140,8748726,3610,2410908,68018,18938836
1790115657583244250,11247874,8748866,3610,2411495,68019,18938836
1790115657700285682,11248627,8749002,3610,2412104,68019,18938836
1790115657815463159,11249362,8749028,3610,2412812,68019,18938836
1790115657933046052,11250120,8749110,3610,2413479,68019,18938836
1790115658048130292,11250856,8749232,3610,2414088,68020,18938836
1790115658165128684,11251608,8749414,3610,2414647,68021,18938836
1790115658282332414,11252354,8749541,3610,2415267,68021,18938836
1790115658397511341,11253077,8749689,3610,2415850,68022,18938836
1790115658514586858,11253826,8749812,3610,2416468,68023,18938836
1790115658631690001,11254574,8749938,3610,2417093,68023,18938836
1790115658746485273,11255310,8750010,3610,2417746,68024,18938836
1790115658864063931,11256067,8750108,3610,2418360,68062,18938836
1790115658981250728,11256808,8750201,3610,2418983,68093,18938836
1790115659096559349,11257547,8750368,3610,2419519,68119,18938836
1790115659213824628,11258296,8750517,3610,2420081,68159,18938836
1790115659330894577,11259043,8750670,3610,2420643,68188,18938836
1790115659448343105,11259792,8750766,3610,2421269,68211,18938836
1790115659577001046,11260619,8750868,3610,2421990,68211,18938836
1790115659691342966,11261354,8750957,3610,2422624,68211,18938836
1790115659806999663,11262093,8751070,3610,2423248,68211,18938836
1790115659924168331,11262847,8751212,3610,2423852,68212,18938836
1790115660037868602,11263567,8751331,3610,2424454,68212,18938836
1790115660155178368,11264324,8751408,3610,2425121,68212,18938836
1790115660272029503,11265061,8751565,3610,2425706,68214,18938836
1790115660399866802,11265876,8751729,3610,2426355,68214,18938836
1790115660514675554,11266613,8751751,3610,2427068,68214,18938836
1790115660630797867,11267348,8751831,3610,2427722,68216,18938836
1790115660747811510,11268094,8751955,3610,2428343,68216,18938836
1790115660864466534,11268844,8752119,3610,2428912,68220,18938836
1790115660981440207,11269592,8752190,3610,2429587,68220,18938836
1790115661096844842,11270321,8752378,3610,2430135,68220,18938836
1790115661213502885,11271066,8752482,3610,2430769,68220,18938836
1790115661330593804,11271814,8752557,3610,2431438,68222,18938836
1790115661445409836,11272551,8752615,3610,2432111,68223,18938836
1790115661561982656,11273296,8752726,3610,2432744,68223,18938836
1790115661678967598,11274048,8752856,3610,2433360,68224,18938836
1790115661796874824,11274801,8752948,3610,2434017,68225,18938836
1790115661912210958,11275551,8753093,3610,2434603,68225,18938836
1790115662042206792,11276376,8753273,3610,2435249,68225,18938836
1790115662171488052,11277205,8753406,3610,2435938,68225,18938836
1790115662286269575,11277941,8753427,3610,2436651,68225,18938836
1790115662402190368,11278681,8753508,3610,2437305,68226,18938836
1790115662519098488,11279427,8753633,3610,2437924,68227,18938836
1790115662636235850,11280169,8753808,3610,2438491,68228,18938836
1790115662753323330,11280916,8753886,3610,2439160,68228,18938836
1790115662868442882,11281651,8754057,3610,2439723,68228,18938836
1790115662985456889,11282407,8754163,3610,2440358,68228,18938836
1790115663102640264,11283151,8754240,3610,2441027,68228,18938836
1790115663216967917,11283881,8754301,3610,2441694,68229,18938836
1790115663333863014,11284635,8754419,3610,2442321,68229,18938836
1790115663450805345,11285377,8754559,3610,2442924,68230,18938836
1790115663563221584,11286096,8754689,3610,2443507,68231,18938836
1790115663680849797,11286845,8754820,3610,2444126,68231,18938836
1790115663798126268,11287608,8754947,3610,2444738,68233,18938836
1790115663915237558,11288355,8755051,3610,2445381,68233,18938836
1790115664028202115,11289081,8755119,3610,2446032,68234,18938836
1790115664159446586,11289916,8755207,3610,2446777,68235,18938836
1790115664276646957,11290666,8755331,3610,2447396,68235,18938836
1790115664393700357,11291417,8755464,3610,2448013,68235,18938836
1790115664511448405,11292165,8755535,3610,2448687,68235,18938836
1790115664640907145,11292986,8755713,3610,2449334,68236,18938836
1790115664756790791,11293729,8755820,3610,2449966,68237,18938836
1790115664874810743,11294480,8755898,3610,2450639,68237,18938836
1790115664989251484,11295204,8755967,3610,2451292,68239,18938836
1790115665106633752,11295950,8756072,3610,2451932,68240,18938836
1790115665223755208,11296697,8756249,3610,2452504,68240,18938836
1790115665341262395,11297451,8756374,3610,2453124,68240,18938836
1790115665455912563,11298184,8756568,3610,2453660,68241,18938836
1790115665572983461,11298932,8756712,3610,2454260,68241,18938836
1790115665690272598,11299686,8756816,3610,2454902,68241,18938836
1790115665803253188,11300412,8756863,3610,2455574,68241,18938836
1790115665917548953,11301135,8756954,3610,2456206,68243,18938836
1790115666034589458,11301881,8757093,3610,2456814,68243,18938836
1790115666152474165,11302630,8757245,3610,2457409,68244,18938836
1790115666268602261,11303376,8757354,3610,2458037,68244,18938836
1790115666385550781,11304125,8757478,3610,2458658,68247,18938836
1790115666498196014,11304849,8757609,3610,2459242,68248,18938836
1790115666615099447,11305594,8757749,3610,2459846,68248,18938836
1790115666730100469,11306330,8757782,3610,2460546,68249,18938836
1790115666847530309,11307068,8757896,3610,2461175,68249,18938836
1790115666962229571,11307796,8758041,3610,2461761,68250,18938836
1790115667079236849,11308545,8758187,3610,2462358,68251,18938836
1790115667196600603,11309293,8758321,3610,2462972,68251,18938836
1790115667316655128,11310065,8758539,3610,2463513,68251,18938836
1790115667433331632,11310811,8758644,3610,2464150,68253,18938836
1790115667550589501,11311560,8758720,3610,2464820,68253,18938836
1790115667665503125,11312287,8758775,3610,2465495,68254,18938836
1790115667781772165,11313026,8758881,3610,2466134,68254,18938836
1790115667898666246,11313778,8759004,3610,2466756,68254,18938836
1790115668016532041,11314533,8759098,3610,2467404,68256,18938836
1790115668129873253,11315257,8759263,3610,2467966,68256,18938836
1790115668246999703,11316000,8759428,3610,2468542,68258,18938836
1790115668364028855,11316756,8759500,3610,2469215,68258,18938836
1790115668478280922,11317484,8759577,3610,2469865,68258,18938836
1790115668593338413,11318215,8759661,3610,2470506,68260,18938836
1790115668710441721,11318961,8759753,3610,2471162,68260,18938836
1790115668828186312,11319722,8759888,3610,2471773,68260,18938836
1790115668945293392,11320462,8759982,3610,2472425,68261,18938836
1790115669062662429,11321204,8760147,3610,2473005,68261,18938836
1790115669179975037,11321945,8760239,3610,2473661,68262,18938836
1790115669293185663,11322673,8760367,3610,2474253,68262,18938836
1790115669408277403,11323408,8760410,3610,2474942,68263,18938836
1790115669524332958,11324145,8760518,3610,2475571,68265,18938836
1790115669646447004,11324922,8760622,3610,2476243,68265,18938836
1790115669763287041,11325675,8760754,3610,2476854,68265,18938836
1790115669880473334,11326420,8760952,3610,2477402,68265,18938836
1790115669997751570,11327162,8761105,3610,2477995,68267,18938836
1790115670114524163,11327913,8761205,3610,2478634,68267,18938836
1790115670231748798,11328660,8761318,3610,2479271,68268,18938836
1790115670346095293,11329390,8761423,3610,2479891,68268,18938836
1790115670463130941,11330137,8761543,3610,2480516,68268,18938836
1790115670580213351,11330885,8761721,3610,2481082,68269,18938836
1790115670696763637,11331624,8761823,3610,2481721,68271,18938836
1790115670809363033,11332341,8761996,3610,2482261,68272,18938836
1790115670926233545,11333085,8762171,3610,2482828,68273,18938836
1790115671043501946,11333831,8762255,3610,2483491,68274,18938836
1790115671155879742,11334546,8762342,3610,2484122,68274,18938836
1790115671269933049,11335265,8762439,3610,2484747,68276,18938836
1790115671387373088,11336020,8762557,3610,2485377,68276,18938836
1790115671499048060,11336739,8762612,3610,2486034,68276,18938836
1790115671613767560,11337476,8762698,3610,2486678,68277,18938836
1790115671731023458,11338229,8762834,3610,2487291,68277,18938836
1790115671845244108,11338957,8762873,3610,2487974,68277,18938836
1790115671959786573,11339678,8762957,3610,2488620,68278,18938836
1790115672076894672,11340429,8763079,3610,2489243,68278,18938836
1790115672191789684,11341165,8763100,3610,2489956,68278,18938836
1790115672306237686,11341904,8763192,3610,2490588,68279,18938836
1790115672423362536,11342656,8763332,3610,2491191,68280,18938836
1790115672537864278,11343385,8763368,3610,2491889,68280,18938836
1790115672652527390,11344121,8763484,3610,2492496,68281,18938836
1790115672769690335,11344865,8763626,3610,2493105,68281,18938836
1790115672884108304,11345602,8763659,3610,2493800,68281,18938836
1790115673000862354,11346347,8763768,3610,2494433,68282,18938836
1790115673116280597,11347089,8763913,3610,2495019,68282,18938836
1790115673231119210,11347825,8763957,3610,2495709,68282,18938836
1790115673348560460,11348573,8764060,3610,2496349,68283,18938836
1790115673466321361,11349325,8764204,3610,2496955,68283,18938836
1790115673581117372,11350055,8764244,3610,2497647,68283,18938836
1790115673697654790,11350788,8764367,3610,2498265,68284,18938836
1790115673814898991,11351539,8764458,3610,2498923,68284,18938836
1790115673929499707,11352269,8764509,3610,2499596,68284,18938836
1790115674043222819,11352996,8764636,3610,2500193,68285,18938836
1790115674160363544,11353748,8764718,3610,2500856,68285,18938836
1790115674275122742,11354481,8764767,3610,2501538,68286,18938836
1790115674391525053,11355220,8764978,3610,2502058,68292,18938836
1790115674508394105,11355929,8765220,3610,2502530,68306,18938836
1790115674624588667,11356660,8765437,3610,2502903,68441,18938836
1790115674739854726,11357397,8765660,3610,2503165,68687,18938836
1790115674855882532,11358116,8765914,3610,2503621,68704,18938836
1790115674969728430,11358831,8766182,3610,2504054,68716,18938836
1790115675084340250,11359558,8766432,3610,2504509,68730,18938836
1790115675201432809,11360293,8766671,3610,2504986,68742,18938836
1790115675314089227,11361001,8766925,3610,2505424,68755,18938836
1790115675428995092,11361713,8767157,3610,2505828,68840,18938836
1790115675544098222,11362449,8767429,3610,2506261,68856,18938836
1790115675660247344,11363201,8767675,3610,2506726,68872,18938836
1790115675773490357,11363914,8767939,3610,2507156,68885,18938836
1790115675887207957,11364636,8768181,3610,2507616,68897,18938836
1790115676002748191,11365379,8768425,3610,2508080,68911,18938836
1790115676118048513,11366118,8768686,3610,2508531,68923,18938836
1790115676232566265,11366840,8768937,3610,2508982,68937,18938836
1790115676346928513,11367542,8769194,3610,2509426,68949,18938836
1790115676460253032,11368257,8769483,3610,2509837,68961,18938836
1790115676573974911,11368976,8769706,3610,2510314,68969,18938836
1790115676687840137,11369674,8769949,3610,2510767,68986,18938836
1790115676800451011,11370380,8770206,3610,2511199,69003,18938836
1790115676914084696,11371104,8770484,3610,2511615,69019,18938836
1790115677029414247,11371824,8770736,3610,2512075,69032,18938836
1790115677145214360,11372548,8770990,3610,2512529,69044,18938836
1790115677259503252,11373272,8771230,3610,2512997,69053,18938836
1790115677375899926,11373987,8771517,3610,2513424,69067,18938836
1790115677490314813,11374710,8771761,3610,2513882,69084,18938836
1790115677606793357,11375431,8772033,3610,2514321,69098,18938836
1790115677719511200,11376121,8772282,3610,2514769,69108,18938836
1790115677835221022,11376873,8772536,3610,2515219,69126,18938836
1790115677948049253,11377585,8772821,3610,2515633,69138,18938836
1790115678064741139,11378327,8773078,3610,2516088,69154,18938836
1790115678181322836,11379051,8773324,3610,2516556,69170,18938836
1790115678299775705,11379786,8773565,3610,2516973,69252,18938836
1790115678413911530,11380500,8773809,3610,2517431,69264,18938836
1790115678529328088,11381216,8774059,3610,2517891,69278,18938836
1790115678644060187,11381918,8774289,3610,2518363,69291,18938836
1790115678758642538,11382625,8774529,3610,2518824,69306,18938836
1790115678874131710,11383332,8774784,3610,2519277,69324,18938836
1790115678989620018,11384063,8775031,3610,2519724,69346,18938836
1790115679103617791,11384770,8775290,3610,2520170,69357,18938836
1790115679217600243,11385515,8775542,3610,2520620,69368,18938836
1790115679334192266,11386253,8775774,3610,2521107,69379,18938836
1790115679450192511,11386991,8776014,3610,2521584,69390,18938836
1790115679565003472,11387696,8776265,3610,2522036,69404,18938836
1790115679714061220,11388659,8776584,3610,2522637,69421,18938836
1790115679830416424,11389392,8776844,3610,2523089,69436,18938836
1790115679945312664,11390093,8777088,3610,2523551,69450,18938836
1790115680062986257,11390841,8777331,3610,2524033,69461,18938836
1790115680181009185,11391595,8777585,3610,2524504,69475,18938836
1790115680296443006,11392324,8777874,3610,2524924,69489,18938836
1790115680409002709,11393038,8778145,3610,2525343,69506,18938836
1790115680524275140,11393754,8778399,3610,2525792,69519,18938836
1790115680638477942,11394474,8778679,3610,2526213,69535,18938836
1790115680753273816,11395190,8778934,3610,2526670,69545,18938836
1790115680867442637,11395928,8779171,3610,2527136,69557,18938836
1790115680982342126,11396664,8779440,3610,2527571,69573,18938836
1790115681097999839,11397386,8779661,3610,2527984,69658,18938836
1790115681213415375,11398123,8779916,3610,2528435,69674,18938836
1790115681327569371,11398842,8780164,3610,2528886,69688,18938836
1790115681444465979,11399569,8780399,3610,2529374,69698,18938836
1790115681560671648,11400287,8780641,3610,2529847,69712,18938836
1790115681674939256,11401006,8780911,3610,2530281,69725,18938836
1790115681789306424,11401737,8781171,3610,2530722,69737,18938836
1790115681904315604,11402456,8781427,3610,2531168,69751,18938836
1790115682018226067,11403191,8781674,3610,2531626,69763,18938836
1790115682134641553,11403943,8781928,3610,2532090,69773,18938836
1790115682248978069,11404673,8782170,3610,2532551,69786,18938836
1790115682365733588,11405399,8782433,3610,2533003,69804,18938836
1790115682481017197,11406145,8782704,3610,2533437,69819,18938836
1790115682595445605,11406832,8782951,3610,2533894,69829,18938836
1790115682709330638,11407555,8783209,3610,2534344,69839,18938836
1790115682824804924,11408284,8783449,3610,2534814,69850,18938836
1790115682941270124,11409013,8783700,3610,2535279,69861,18938836
1790115683054488612,11409723,8783951,3610,2535721,69877,18938836
1790115683168505700,11410433,8784213,3610,2536163,69888,18938836
1790115683283866332,11411148,8784461,3610,2536615,69908,18938836
1790115683397331278,11411853,8784716,3610,2537057,69920,18938836
1790115683510430639,11412571,8784974,3610,2537500,69930,18938836
1790115683623120391,11413282,8785232,3610,2537930,69947,18938836
1790115683737905362,11413987,8785479,3610,2538384,69964,18938836
1790115683852328498,11414730,8785708,3610,2538791,70046,18938836
1790115683965087120,11415451,8785952,3610,2539240,70058,18938836
1790115684078878407,11416166,8786193,3610,2539695,70074,18938836
1790115684191093074,11416882,8786433,3610,2540152,70084,18938836
1790115684306638137,11417609,8786691,3610,2540602,70096,18938836
1790115684421907508,11418334,8786937,3610,2541066,70108,18938836
1790115684537492110,11419042,8787192,3610,2541518,70123,18938836
1790115684653685827,11419763,8787440,3610,2541983,70140,18938836
1790115684768267374,11420493,8787696,3610,2542427,70156,18938836
1790115684882351399,11421206,8787929,3610,2542894,70168,18938836
1790115684999433431,11421921,8788188,3610,2543355,70181,18938836
1790115685114271059,11422630,8788424,3610,2543825,70191,18938836
1790115685227155174,11423342,8788704,3610,2544242,70202,18938836
1790115685343210733,11424063,8788950,3610,2544701,70224,18938836
1790115685456822395,11424769,8789185,3610,2545163,70236,18938836
1790115685570460193,11425484,8789426,3610,2545621,70249,18938836
1790115685687191656,11426214,8789681,3610,2546087,70260,18938836
1790115685802953941,11426938,8789929,3610,2546547,70275,18938836
1790115685919114079,11427695,8790182,3610,2547004,70293,18938836
1790115686034813720,11428417,8790451,3610,2547448,70307,18938836
1790115686149229194,11429140,8790714,3610,2547883,70322,18938836
1790115686263505160,11429842,8790962,3610,2548340,70333,18938836
1790115686379231610,11430576,8791251,3610,2548772,70341,18938836
1790115686494981893,11431328,8791495,3610,2549233,70356,18938836
1790115686609988910,11432070,8791748,3610,2549615,70444,18938836
1790115686724684414,11432778,8792004,3610,2550052,70468,18938836
1790115686839374957,11433530,8792253,3610,2550505,70482,18938836
1790115686952486494,11434252,8792494,3610,2550962,70493,18938836
1790115687068249636,11434984,8792734,3610,2551432,70505,18938836
1790115687184526315,11435722,8792976,3610,2551909,70517,18938836
1790115687299014858,11436439,8793214,3610,2552364,70535,18938836
1790115687413668661,11437149,8793480,3610,2552805,70548,18938836
1790115687529483600,11437856,8793725,3610,2553265,70564,18938836
1790115687645206059,11438571,8794002,3610,2553702,70576,18938836
1790115687763267141,11439328,8794224,3610,2554212,70585,18938836
1790115687877833801,11440035,8794467,3610,2554671,70597,18938836
1790115687990473231,11440751,8794730,3610,2555097,70613,18938836
1790115688105299845,11441469,8794980,3610,2555558,70624,18938836
1790115688219332939,11442171,8795231,3610,2556002,70636,18938836
1790115688331798659,11442896,8795478,3610,2556451,70647,18938836
1790115688450378074,11443653,8795727,3610,2556930,70662,18938836
1790115688564671996,11444378,8795996,3610,2557361,70677,18938836
1790115688678207142,11445096,8796276,3610,2557774,70694,18938836
1790115688793578189,11445833,8796552,3610,2558205,70709,18938836
1790115688909093934,11446575,8796811,3610,2558655,70723,18938836
1790115689023366271,11447294,8797075,3610,2559091,70739,18938836
1790115689139614992,11448040,8797348,3610,2559537,70751,18938836
1790115689253716697,11448771,8797600,3610,2559984,70765,18938836
1790115689370110952,11449506,8797862,3610,2560434,70782,18938836
1790115689483916597,11450228,8798094,3610,2560838,70858,18938836
1790115689598130974,11450932,8798346,3610,2561288,70870,18938836
1790115689724679617,11451703,8798620,3610,2561795,70883,18938836
1790115689840288107,11452430,8798836,3610,2562292,70893,18938836
1790115689953264936,11453144,8799076,3610,2562751,70904,18938836
1790115690067276316,11453859,8799325,3610,2563206,70914,18938836
1790115690182116852,11454588,8799582,3610,2563648,70931,18938836
1790115690297777426,11455293,8799811,3610,2564130,70944,18938836
1790115690410122682,11455997,8800079,3610,2564547,70960,18938836
1790115690523665807,11456726,8800341,3610,2564987,70973,18938836
1790115690639296340,11457443,8800598,3610,2565438,70990,18938836
1790115690753844615,11458165,8800841,3610,2565894,71007,18938836
1790115690867552738,11458870,8801081,3610,2566347,71025,18938836
1790115690982935895,11459574,8801335,3610,2566799,71042,18938836
1790115691098934053,11460302,8801575,3610,2567266,71056,18938836
1790115691212866099,11461026,8801811,3610,2567734,71067,18938836
1790115691325970745,11461742,8802055,3610,2568185,71079,18938836
1790115691438077517,11462460,8802314,3610,2568614,71094,18938836
1790115691552683256,11463175,8802567,3610,2569065,71105,18938836
1790115691668722989,11463908,8802820,3610,2569525,71118,18938836
1790115691783308183,11464645,8803078,3610,2569974,71130,18938836
1790115691899445252,11465383,8803327,3610,2570441,71142,18938836
1790115692014325425,11466126,8803595,3610,2570879,71155,18938836
1790115692128394351,11466855,8803851,3610,2571320,71170,18938836
1790115692243875782,11467569,8804084,3610,2571728,71253,18938836
1790115692358251216,11468306,8804332,3610,2572181,71268,18938836
1790115692474197277,11469039,8804581,3610,2572642,71283,18938836
1790115692589278274,11469770,8804821,3610,2573110,71297,18938836
1790115692703975781,11470481,8805086,3610,2573545,71314,18938836
1790115692819699569,11471199,8805343,3610,2574002,71328,18938836
1790115692934798419,11471916,8805587,3610,2574463,71341,18938836
1790115693050331890,11472657,8805844,3610,2574914,71355,18938836
1790115693165918633,11473388,8806090,3610,2575378,71369,18938836
1790115693279211500,11474101,8806337,3610,2575832,71378,18938836
1790115693396445742,11474831,8806597,3610,2576296,71391,18938836
1790115693510776575,11475540,8806866,3610,2576725,71407,18938836
1790115693627256196,11476268,8807109,3610,2577199,71419,18938836
1790115693743551864,11477002,8807358,3610,2577665,71430,18938836
1790115693857855754,11477706,8807642,3610,2578084,71446,18938836
1790115693973728660,11478428,8807873,3610,2578566,71456,18938836
1790115694089703708,11479146,8808150,3610,2579007,71465,18938836
1790115694206240207,11479860,8808398,3610,2579474,71481,18938836
1790115694320292733,11480571,8808704,3610,2579867,71493,18938836
1790115694436724961,11481303,8808958,3610,2580333,71503,18938836
1790115694551726072,11482018,8809198,3610,2580798,71515,18938836
1790115694666310598,11482743,8809425,3610,2581274,71529,18938836
1790115694781810298,11483471,8809664,3610,2581747,71543,18938836
1790115694896624665,11484191,8809914,3610,2582197,71556,18938836
1790115695011606879,11484905,8810147,3610,2582604,71636,18938836
1790115695125781136,11485634,8810397,3610,2583059,71647,18938836
1790115695239404783,11486340,8810651,3610,2583501,71659,18938836
1790115695353338011,11487066,8810897,3610,2583961,71672,18938836
1790115695470761232,11487790,8811169,3610,2584405,71689,18938836
1790115695585514586,11488522,8811419,3610,2584860,71700,18938836
1790115695700630505,11489239,8811677,3610,2585310,71716,18938836
1790115695814944707,11489944,8811940,3610,2585744,71731,18938836
1790115695929258744,11490655,8812182,3610,2586206,71745,18938836
1790115696043222953,11491362,8812431,3610,2586664,71754,18938836
1790115696165075282,11492111,8812676,3610,2587167,71765,18938836
1790115696278879417,11492836,8812934,3610,2587613,71775,18938836
1790115696394356448,11493570,8813173,3610,2588078,71789,18938836
1790115696507640423,11494288,8813425,3610,2588523,71803,18938836
1790115696622514173,11495017,8813696,3610,2588956,71817,18938836
1790115696736877373,11495749,8813947,3610,2589405,71833,18938836
1790115696853680647,11496484,8814206,3610,2589867,71849,18938836
1790115696968961626,11497210,8814457,3610,2590318,71863,18938836
1790115697082771686,11497928,8814698,3610,2590780,71874,18938836
1790115697196423635,11498631,8814946,3610,2591227,71890,18938836
1790115697311245363,11499349,8815182,3610,2591696,71905,18938836
1790115697425658712,11500057,8815429,3610,2592150,71916,18938836
1790115697543929267,11500793,8815693,3610,2592616,71928,18938836
1790115697658717993,11501518,8815963,3610,2593052,71941,18938836
1790115697773295509,11502242,8816231,3610,2593493,71953,18938836
1790115697887242960,11502973,8816491,3610,2593921,71974,18938836
1790115698001504634,11503668,8816743,3610,2594373,71987,18938836
1790115698116313902,11504398,8816993,3610,2594827,72000,18938836
1790115698231785166,11505135,8817227,3610,2595302,72016,18938836
1790115698345725425,11505871,8817473,3610,2595760,72026,18938836
1790115698462020421,11506624,8817727,3610,2596222,72039,18938836
1790115698578037395,11507332,8817965,3610,2596628,72119,18938836
1790115698691541272,11508074,8818220,3610,2597064,72138,18938836
1790115698806738522,11508782,8818464,3610,2597527,72151,18938836
1790115698920514080,11509502,8818720,3610,2597972,72162,18938836
1790115699036430822,11510213,8818977,3610,2598425,72179,18938836
1790115699150458127,11510931,8819233,3610,2598873,72190,18938836
1790115699264270204,11511640,8819506,3610,2599296,72204,18938836
1790115699378319929,11512364,8819748,3610,2599753,72216,18938836
1790115699491319969,11513067,8820033,3610,2600165,72228,18938836
1790115699604663182,11513783,8820283,3610,2600617,72240,18938836
1790115699721050957,11514504,8820524,3610,2601092,72253,18938836
1790115699835692763,11515215,8820771,3610,2601550,72267,18938836
1790115699950503691,11515959,8821019,3610,2602001,72281,18938836
1790115700063294707,11516666,8821273,3610,2602443,72294,18938836
1790115700178895881,11517400,8821537,3610,2602891,72304,18938836
1790115700294107835,11518145,8821777,3610,2603362,72317,18938836
1790115700410392937,11518872,8822057,3610,2603793,72331,18938836
1790115700526033481,11519609,8822298,3610,2604264,72345,18938836
1790115700640855618,11520317,8822575,3610,2604692,72360,18938836
1790115700755829211,11521017,8822854,3610,2605114,72375,18938836
1790115700870578162,11521744,8823094,3610,2605579,72386,18938836
1790115700984123508,11522463,8823346,3610,2606033,72393,18938836
1790115701100176375,11523198,8823588,3610,2606509,72403,18938836
1790115701215494122,11523938,8823843,3610,2606957,72421,18938836
1790115701332044854,11524652,8824074,3610,2607364,72511,18938836
1790115701444262807,11525357,8824332,3610,2607798,72525,18938836
1790115701558120927,11526069,8824586,3610,2608239,72538,18938836
1790115701673705662,11526778,8824811,3610,2608733,72548,18938836
1790115701790052021,11527513,8825059,3610,2609192,72566,18938836
1790115701906040615,11528247,8825299,3610,2609661,72582,18938836
1790115702021694316,11528986,8825546,3610,2610117,72600,18938836
1790115702136123001,11529686,8825800,3610,2610563,72618,18938836
1790115702250179264,11530410,8826052,3610,2611010,72630,18938836
1790115702365771408,11531141,8826283,3610,2611491,72643,18938836
1790115702482994019,11531893,8826545,3610,2611950,72660,18938836
1790115702598820246,11532609,8826792,3610,2612410,72674,18938836
1790115702712897918,11533339,8827051,3610,2612853,72684,18938836
1790115702826434928,11534070,8827295,3610,2613307,72697,18938836
1790115702941156801,11534778,8827545,3610,2613753,72716,18938836
1790115703056119305,11535491,8827776,3610,2614229,72730,18938836
1790115703170591119,11536193,8828029,3610,2614681,72742,18938836
1790115703286129036,11536918,8828287,3610,2615134,72754,18938836
1790115703401452659,11537633,8828559,3610,2615575,72768,18938836
1790115703518217148,11538378,8828825,3610,2616016,72785,18938836
1790115703633398478,11539077,8829092,3610,2616459,72797,18938836
1790115703750191438,11539810,8829327,3610,2616943,72810,18938836
1790115703862604657,11540530,8829574,3610,2617392,72818,18938836
1790115703977082955,11541241,8829829,3610,2617842,72833,18938836
1790115704091382041,11541960,8830069,3610,2618289,72855,18938836
1790115704208506213,11542695,8830305,3610,2618705,72937,18938836
1790115704322047578,11543412,8830566,3610,2619142,72950,18938836
1790115704435446771,11544107,8830817,3610,2619588,72962,18938836
1790115704552127546,11544843,8831059,3610,2620066,72974,18938836
1790115704667046230,11545565,8831296,3610,2620537,72987,18938836
1790115704781086149,11546286,8831570,3610,2620961,73002,18938836
1790115704895925630,11547004,8831838,3610,2621397,73019,18938836
1790115705010280070,11547734,8832079,3610,2621850,73037,18938836
1790115705124990342,11548451,8832340,3610,2622299,73047,18938836
1790115705239263592,11549171,8832581,3610,2622767,73058,18938836
1790115705354440451,11549896,8832834,3610,2623223,73070,18938836
1790115705469259783,11550627,8833081,3610,2623674,73086,18938836
1790115705585011867,11551361,8833332,3610,2624136,73096,18938836
1790115705698593698,11552085,8833592,3610,2624577,73108,18938836
1790115705811879566,11552814,8833853,3610,2625014,73119,18938836
1790115705927006736,11553533,8834078,3610,2625498,73131,18938836
1790115706040597353,11554273,8834329,3610,2625946,73145,18938836
1790115706157020414,11554980,8834576,3610,2626415,73158,18938836
1790115706271681366,11555703,8834848,3610,2626846,73172,18938836
1790115706386269193,11556416,8835113,3610,2627285,73186,18938836
1790115706500953989,11557133,8835391,3610,2627710,73198,18938836
1790115706614627946,11557826,8835605,3610,2628195,73213,18938836
1790115706727172214,11558529,8835877,3610,2628611,73228,18938836
1790115706840209773,11559243,8836143,3610,2629043,73239,18938836
1790115706954668139,11559976,8836373,3610,2629442,73325,18938836
1790115707069885479,11560687,8836630,3610,2629896,73338,18938836
1790115707185800715,11561408,8836867,3610,2630370,73352,18938836
1790115707298378603,11562116,8837100,3610,2630826,73366,18938836
1790115707415561911,11562828,8837342,3610,2631302,73380,18938836
1790115707528072439,11563530,8837618,3610,2631718,73396,18938836
1790115707644180588,11564264,8837887,3610,2632161,73407,18938836
1790115707758027422,11564970,8838139,3610,2632606,73422,18938836
1790115707871989513,11565699,8838382,3610,2633065,73436,18938836
1790115707985693718,11566382,8838608,3610,2633542,73445,18938836
1790115708098397672,11567084,8838863,3610,2633982,73457,18938836
1790115708212378684,11567822,8839125,3610,2634413,73474,18938836
1790115708328241703,11568557,8839392,3610,2634854,73493,18938836
1790115708444095990,11569306,8839649,3610,2635300,73514,18938836
1790115708556434891,11569996,8839902,3610,2635738,73523,18938836
1790115708669340218,11570708,8840263,3610,2636076,73535,18945364
1790115708780650401,11571418,8840953,3610,2636081,73540,18974804
1790115708892975213,11572142,8841112,3610,2636629,73548,18974024
1790115709010394277,11572899,8841234,3610,2637249,73553,18975816
1790115709124338679,11573628,8841271,3610,2637936,73554,18975944
1790115709239045523,11574365,8841362,3610,2638576,73555,18975944
1790115709355998733,11575109,8841516,3610,2639166,73555,18975944
1790115709467469679,11575823,8841594,3610,2639797,73555,18975944
1790115709580659841,11576547,8841706,3610,2640403,73555,18975944
1790115709697785568,11577300,8841824,3610,2641036,73555,18975944
1790115709814620150,11578052,8841923,3610,2641677,73555,18975944
1790115709929015519,11578782,8842019,3610,2642309,73556,18975944
1790115710046088468,11579530,8842134,3610,2642939,73556,18975944
1790115710162978893,11580279,8842232,3610,2643587,73556,18975944
1790115710277950777,11581015,8842342,3610,2644207,73557,18975944
1790115710395500671,11581760,8842526,3610,2644768,73557,18975944
1790115710512630712,11582512,8842663,3610,2645376,73557,18975944
1790115710626875238,11583235,8842753,3610,2646011,73560,18975944
1790115710743759728,11583980,8842901,3610,2646606,73560,18975944
1790115710861303315,11584737,8843020,3610,2647232,73560,18975944
1790115710975642476,11585470,8843069,3610,2647912,73561,18975944
1790115711092179254,11586212,8843177,3610,2648545,73561,18975944
1790115711209255189,11586957,8843266,3610,2649202,73561,18975944
1790115711323330165,11587677,8843338,3610,2649857,73562,18975944
1790115711439192488,11588423,8843522,3610,2650408,73563,18975944
1790115711556249983,11589172,8843604,3610,2651070,73563,18975944
1790115711670456200,11589901,8843654,3610,2651747,73563,18975944
1790115711786010494,11590633,8843818,3610,2652320,73564,18975944
1790115711903585482,11591384,8843917,3610,2652966,73564,18975944
1790115712018366268,11592122,8843951,3610,2653665,73564,18975944
1790115712134690905,11592866,8844083,3610,2654275,73565,18975944
1790115712251957327,11593614,8844168,3610,2654936,73565,18975944
1790115712366924341,11594345,8844194,3610,2655640,73565,18975944
1790115712478995097,11595064,8844314,3610,2656231,73566,18975944
1790115712593805491,11595792,8844412,3610,2656865,73567,18975944
1790115712710983078,11596539,8844545,3610,2657472,73569,18975944
1790115712827930552,11597289,8844696,3610,2658065,73569,18975944
1790115712944507533,11598027,8844842,3610,2658658,73570,18975944
1790115713061746669,11598778,8844970,3610,2659279,73570,18975944
1790115713178752386,11599525,8845050,3610,2659945,73570,18975944
1790115713293750836,11600263,8845103,3610,2660622,73570,18975944
1790115713410576041,11601006,8845211,3610,2661253,73570,18975944
1790115713527547068,11601747,8845309,3610,2661903,73571,18975944
1790115713643203177,11602490,8845427,3610,2662519,73572,18975944
1790115713760283878,11603230,8845605,3610,2663086,73572,18975944
1790115713877272428,11603972,8845736,3610,2663697,73572,18975944
1790115713994500731,11604719,8845814,3610,2664365,73573,18975944
1790115714111087253,11605463,8845900,3610,2665024,73573,18975944
1790115714225381050,11606178,8845988,3610,2665661,73574,18975944
1790115714342738727,11606925,8846065,3610,2666333,73574,18975944
1790115714459697901,11607678,8846233,3610,2666908,73575,18975944
1790115714573102539,11608404,8846384,3610,2667477,73577,18975944
1790115714690865848,11609157,8846489,3610,2668122,73577,18975944
1790115714808331646,11609914,8846655,3610,2668698,73578,18975944
1790115714925494668,11610665,8846813,3610,2669285,73578,18975944
1790115715039205967,11611394,8846834,3610,2669991,73578,18975944
1790115715153781157,11612116,8846921,3610,2670634,73579,18975944
1790115715270806035,11612866,8847060,3610,2671239,73579,18975944
1790115715386091065,11613608,8847197,3610,2671832,73581,18975944
1790115715502481120,11614352,8847358,3610,2672409,73581,18975944
1790115715619537652,11615099,8847449,3610,2673063,73581,18975944
1790115715735938047,11615834,8847610,3610,2673645,73582,18975944
1790115715853194657,11616587,8847744,3610,2674255,73583,18975944
1790115715966638436,11617309,8847768,3610,2674952,73583,18975944
1790115716081078587,11618045,8847859,3610,2675591,73583,18975944
1790115716198292441,11618793,8847988,3610,2676206,73583,18975944
1790115716315293166,11619540,8848102,3610,2676837,73584,18975944
1790115716431920563,11620286,8848192,3610,2677492,73584,18975944
1790115716548982080,11621036,8848324,3610,2678102,73586,18975944
1790115716664677594,11621772,8848464,3610,2678699,73587,18975944
1790115716781886165,11622523,8848542,3610,2679366,73587,18975944
1790115716896370046,11623256,8848569,3610,2680062,73587,18975944
1790115717011038696,11623979,8848710,3610,2680652,73588,18975944
1790115717129072458,11624729,8848871,3610,2681241,73589,18975944
1790115717246322147,11625478,8849036,3610,2681819,73590,18975944
1790115717363311875,11626223,8849112,3610,2682490,73590,18975944
1790115717475333770,11626927,8849296,3610,2683017,73591,18975944
1790115717590228965,11627650,8849455,3610,2683586,73592,18975944
1790115717707428433,11628396,8849534,3610,2684253,73593,18975944
1790115717822166443,11629132,8849561,3610,2684957,73593,18975944
1790115717936015603,11629851,8849675,3610,2685566,73594,18975944
1790115718052360506,11630599,8849786,3610,2686190,73595,18975944
1790115718169499996,11631347,8849942,3610,2686776,73596,18975944
1790115718286672129,11632094,8850072,3610,2687398,73596,18975944
1790115718405340382,11632844,8850203,3610,2688014,73597,18975944
1790115718525207825,11633609,8850355,3610,2688626,73598,18975944
1790115718648218813,11634397,8850435,3610,2689330,73598,18975944
1790115718768201500,11635160,8850501,3610,2690026,73599,18975944
1790115718886204420,11635909,8850604,3610,2690673,73599,18975944
1790115719009451714,11636691,8850758,3610,2691302,73599,18975944
1790115719120798412,11637393,8850877,3610,2691894,73600,18975944
1790115719237920772,11638135,8850971,3610,2692546,73600,18975944
1790115719355193709,11638890,8851116,3610,2693145,73601,18975944
1790115719472179222,11639635,8851275,3610,2693731,73601,18975944
1790115719586650208,11640370,8851305,3610,2694427,73601,18975944
1790115719701203417,11641102,8851395,3610,2695065,73603,18975944
1790115719825950423,11641888,8851537,3610,2695719,73603,18975944
1790115719942944850,11642640,8851653,3610,2696346,73603,18975944
1790115720060261712,11643399,8851799,3610,2696943,73605,18975944
1790115720177226499,11644137,8851928,3610,2697561,73606,18975944
1790115720292690751,11644872,8852035,3610,2698189,73607,18975944
1790115720409978641,11645624,8852190,3610,2698777,73607,18975944
1790115720525212835,11646367,8852217,3610,2699484,73607,18975944
1790115720646203559,11647143,8852293,3610,2700159,73608,18975944
1790115720764212031,11647889,8852460,3610,2700738,73609,18975944
1790115720884488073,11648653,8852604,3610,2701355,73610,18975944
1790115721001680289,11649401,8852705,3610,2702006,73610,18975944
1790115721117800806,11650141,8852876,3610,2702571,73611,18975944
1790115721233857718,11650881,8852986,3610,2703199,73611,18975944
1790115721350914379,11651635,8853067,3610,2703863,73611,18975944
1790115721465545083,11652371,8853115,3610,2704535,73611,18975944
1790115721583204248,11653125,8853267,3610,2705126,73613,18975944
1790115721700383426,11653873,8853350,3610,2705788,73613,18975944
1790115721817490167,11654618,8853498,3610,2706364,73631,18975944
1790115721934821257,11655372,8853631,3610,2706956,73659,18975944
1790115722052930722,11656125,8853787,3610,2707522,73686,18975944
1790115722170174773,11656885,8853896,3610,2708122,73721,18975944
1790115722287816121,11657634,8853976,3610,2708791,73731,18975944
1790115722403381175,11658369,8854020,3610,2709463,73741,18975944
1790115722518617399,11659111,8854136,3610,2710032,73788,18975944
1790115722635719653,11659856,8854215,3610,2710674,73817,18975944
1790115722753204229,11660612,8854352,3610,2711255,73844,18975944
1790115722870400633,11661362,8854470,3610,2711878,73849,18975944
1790115722984296696,11662087,8854641,3610,2712409,73870,18975944
1790115723101207101,11662831,8854794,3610,2713000,73871,18975944
1790115723218449950,11663577,8854886,3610,2713653,73871,18975944
1790115723332972317,11664314,8854929,3610,2714339,73872,18975944
1790115723447892362,11665048,8855035,3610,2714965,73872,18975944
1790115723565056974,11665801,8855112,3610,2715633,73872,18975944
1790115723681293109,11666533,8855257,3610,2716225,73872,18975944
1790115723798990926,11667284,8855410,3610,2716823,73872,18975944
1790115723916201901,11668041,8855528,3610,2717446,73874,18975944
1790115724033545460,11668792,8855687,3610,2718032,73874,18975944
1790115724150969161,11669542,8855781,3610,2718689,73875,18975944
1790115724265444924,11670272,8855851,3610,2719344,73875,18975944
1790115724382688621,11671015,8855979,3610,2719966,73875,18975944
1790115724499622454,11671762,8856087,3610,2720599,73876,18975944
1790115724614628426,11672506,8856193,3610,2721221,73877,18975944
1790115724731603075,11673245,8856322,3610,2721837,73877,18975944
1790115724849270565,11674002,8856458,3610,2722451,73878,18975944
1790115724966320172,11674748,8856591,3610,2723062,73878,18975944
1790115725083526451,11675494,8856684,3610,2723715,73878,18975944
1790115725198258617,11676227,8856767,3610,2724361,73880,18975944
1790115725315592540,11676973,8856844,3610,2725029,73880,18975944
1790115725432689107,11677730,8857007,3610,2725612,73881,18975944
1790115725545770227,11678456,8857141,3610,2726197,73883,18975944
1790115725663239280,11679211,8857260,3610,2726823,73883,18975944
1790115725780323685,11679956,8857410,3610,2727415,73884,18975944
1790115725897469238,11680702,8857568,3610,2728005,73884,18975944
1790115726010070946,11681423,8857637,3610,2728654,73884,18975944
1790115726124355470,11682155,8857735,3610,2729281,73886,18975944
1790115726241747067,11682901,8857809,3610,2729958,73886,18975944
1790115726355788438,11683630,8857965,3610,2730526,73886,18975944
1790115726472713867,11684380,8858072,3610,2731163,73886,18975944
1790115726590371708,11685137,8858156,3610,2731825,73886,18975944
1790115726706216525,11685884,8858313,3610,2732406,73886,18975944
1790115726823209644,11686629,8858527,3610,2732935,73887,18975944
1790115726936967162,11687353,8858549,3610,2733641,73887,18975944
1790115727051237367,11688086,8858648,3610,2734264,73888,18975944
1790115727168377242,11688829,8858798,3610,2734861,73889,18975944
1790115727285614588,11689570,8858954,3610,2735448,73890,18975944
1790115727402227446,11690326,8859112,3610,2736030,73891,18975944
1790115727519468322,11691076,8859197,3610,2736690,73891,18975944
1790115727636816111,11691829,8859352,3610,2737285,73891,18975944
1790115727753949129,11692574,8859528,3610,2737852,73891,18975944
1790115727868406352,11693310,8859561,3610,2738548,73891,18975944
1790115727982736796,11694037,8859659,3610,2739181,73892,18975944
1790115728099948115,11694784,8859794,3610,2739790,73892,18975944
1790115728217033965,11695536,8859920,3610,2740408,73893,18975944
1790115728333775588,11696274,8860039,3610,2741033,73894,18975944
1790115728450855519,11697030,8860171,3610,2741646,73894,18975944
1790115728567958951,11697783,8860271,3610,2742289,73894,18975944
1790115728683793046,11698520,8860385,3610,2742914,73895,18975944
1790115728798239898,11699252,8860424,3610,2743601,73895,18975944
1790115728915586824,11700000,8860523,3610,2744244,73897,18975944
1790115729031493220,11700733,8860650,3610,2744854,73898,18975944
1790115729148661656,11701473,8860787,3610,2745466,73899,18975944
1790115729265853005,11702222,8860901,3610,2746097,73899,18975944
1790115729382075371,11702965,8861059,3610,2746677,73900,18975944
1790115729498558926,11703709,8861151,3610,2747321,73900,18975944
1790115729615710600,11704453,8861222,3610,2748001,73900,18975944
1790115729730479612,11705194,8861273,3610,2748675,73901,18975944
1790115729853934839,11705982,8861380,3610,2749356,73901,18975944
1790115729970929323,11706722,8861492,3610,2749988,73902,18975944
1790115730086227102,11707462,8861584,3610,2750628,73902,18975944
1790115730203706642,11708209,8861750,3610,2751211,73902,18975944
1790115730320765435,11708957,8861886,3610,2751819,73903,18975944
1790115730437819249,11709701,8862006,3610,2752444,73903,18975944
1790115730554720743,11710448,8862121,3610,2753073,73903,18975944
1790115730669364685,11711177,8862186,3610,2753733,73903,18975944
1790115730785808495,11711923,8862290,3610,2754373,73903,18975944
1790115730902914856,11712670,8862405,3610,2755003,73903,18975944
1790115731017006604,11713395,8862487,3610,2755644,73905,18975944
1790115731137214011,11714171,8862607,3610,2756288,73906,18975944
1790115731255212567,11714924,8862723,3610,2756924,73906,18975944
1790115731372616108,11715669,8862806,3610,2757585,73906,18975944
1790115731493206639,11716442,8862919,3610,2758243,73907,18975944
1790115731617210051,11717234,8863044,3610,2758907,73907,18975944
1790115731737864059,11718010,8863134,3610,2759585,73908,18975944
1790115731854208752,11718756,8863266,3610,2760193,73908,18975944
1790115731977451577,11719545,8863373,3610,2760870,73908,18975944
1790115732107203594,11720374,8863471,3610,2761596,73910,18975944
1790115732224266809,11721123,8863583,3610,2762229,73910,18975944
1790115732341356786,11721869,8863712,3610,2762845,73910,18975944
1790115732490038649,11722821,8863832,3610,2763673,73910,18975944
1790115732611440252,11723589,8863988,3610,2764287,73911,18975944
1790115732726381386,11724324,8864021,3610,2764988,73911,18975944
1790115732840746724,11725055,8864102,3610,2765636,73911,18975944
1790115732957765029,11725804,8864263,3610,2766220,73912,18975944
1790115733071689565,11726533,8864286,3610,2766924,73912,18975944
1790115733186227172,11727262,8864370,3610,2767562,73914,18975944
1790115733303676222,11728012,8864553,3610,2768128,73914,18975944
1790115733419068258,11728755,8864587,3610,2768829,73914,18975944
1790115733533389630,11729472,8864687,3610,2769454,73915,18975944
1790115733650770173,11730217,8864835,3610,2770055,73915,18975944
1790115733766575709,11730962,8864883,3610,2770741,73915,18975944
1790115733881107070,11731701,8864986,3610,2771369,73917,18975944
1790115733994613783,11732414,8865271,3610,2771778,73934,18975944
1790115734109855161,11733144,8865541,3610,2772216,73949,18975944
1790115734225744452,11733864,8865804,3610,2772664,73961,18975944
1790115734341236221,11734600,8865979,3610,2772922,74255,18975944
1790115734455044191,11735301,8866231,3610,2773357,74279,18975944
1790115734569927957,11736035,8866476,3610,2773818,74291,18975944
1790115734683962599,11736766,8866723,3610,2774272,74307,18975944
1790115734796585661,11737477,8866979,3610,2774713,74318,18975944
1790115734911590312,11738172,8867249,3610,2775148,74334,18975944
1790115735026705018,11738883,8867508,3610,2775588,74349,18975944
1790115735140029986,11739577,8867745,3610,2776043,74362,18975944
1790115735253998421,11740286,8867999,3610,2776492,74373,18975944
1790115735369945206,11741030,8868234,3610,2776974,74383,18975944
1790115735483684400,11741751,8868482,3610,2777431,74392,18975944
1790115735598402407,11742464,8868754,3610,2777861,74405,18975944
1790115735716731362,11743198,8869015,3610,2778333,74416,18975944
1790115735833052574,11743928,8869268,3610,2778793,74429,18975944
1790115735947980469,11744646,8869513,3610,2779256,74440,18975944
1790115736063041807,11745347,8869756,3610,2779721,74452,18975944
1790115736178472882,11746092,8870010,3610,2780179,74463,18975944
1790115736294417160,11746841,8870255,3610,2780651,74474,18975944
1790115736409254900,11747580,8870514,3610,2781100,74484,18975944
1790115736524627739,11748296,8870751,3610,2781565,74501,18975944
1790115736639224649,11749038,8871011,3610,2782003,74518,18975944
1790115736751847895,11749760,8871245,3610,2782467,74528,18975944
1790115736865882754,11750474,8871487,3610,2782926,74541,18975944
1790115736981537430,11751216,8871725,3610,2783396,74556,18975944
1790115737095509652,11751948,8871989,3610,2783827,74575,18975944
1790115737209683950,11752665,8872231,3610,2784210,74664,18975944
1790115737325696749,11753397,8872484,3610,2784671,74676,18975944
1790115737439747023,11754114,8872704,3610,2785157,74686,18975944
1790115737552800315,11754812,8872952,3610,2785603,74697,18975944
1790115737667955293,11755518,8873197,3610,2786061,74714,18975944
1790115737784836944,11756256,8873459,3610,2786516,74729,18975944
1790115737900605113,11756965,8873721,3610,2786968,74742,18975944
1790115738015288615,11757694,8873971,3610,2787423,74754,18975944
1790115738130399244,11758415,8874200,3610,2787901,74765,18975944
1790115738247004775,11759140,8874491,3610,2788330,74776,18975944
1790115738360268187,11759860,8874752,3610,2788771,74788,18975944
1790115738474895916,11760554,8875003,3610,2789222,74799,18975944
1790115738588907094,11761261,8875268,3610,2789656,74813,18975944
1790115738703769062,11762001,8875531,3610,2790100,74826,18975944
1790115738816605503,11762703,8875760,3610,2790561,74844,18975944
1790115738932580668,11763430,8876016,3610,2791015,74861,18975944
1790115739045275314,11764141,8876279,3610,2791438,74880,18975944
1790115739159983351,11764845,8876538,3610,2791881,74893,18975944
1790115739273431608,11765556,8876885,3610,2792234,74909,18975944
1790115739389434476,11766268,8877135,3610,2792694,74923,18975944
1790115739505269945,11766970,8877423,3610,2793123,74934,18975944
1790115739622535481,11767695,8877675,3610,2793591,74946,18975944
1790115739736921099,11768401,8877928,3610,2794043,74957,18975944
1790115739875033837,11769278,8878220,3610,2794599,74980,18975944
1790115739991823460,11770022,8878473,3610,2794982,75074,18975944
1790115740106274709,11770746,8878707,3610,2795451,75082,18975944
1790115740220602535,11771438,8878940,3610,2795924,75095,18975944
1790115740334751972,11772180,8879191,3610,2796371,75109,18975944
1790115740450398018,11772874,8879427,3610,2796843,75127,18975944
1790115740566492281,11773594,8879665,3610,2797318,75142,18975944
1790115740680636486,11774311,8879919,3610,2797757,75157,18975944
1790115740793210649,11775009,8880171,3610,2798191,75175,18975944
1790115740907079365,11775720,8880418,3610,2798649,75185,18975944
1790115741023206678,11776456,8880665,3610,2799118,75195,18975944
1790115741137710030,11777162,8880930,3610,2799557,75210,18975944
1790115741250714492,11777869,8881229,3610,2799955,75221,18975944
1790115741366722286,11778617,8881483,3610,2800413,75237,18975944
1790115741479832184,11779312,8881731,3610,2800860,75249,18975944
1790115741594328013,11780041,8881963,3610,2801333,75262,18975944
1790115741709932095,11780763,8882202,3610,2801804,75273,18975944
1790115741826243888,11781510,8882453,3610,2802270,75285,18975944
1790115741941858672,11782212,8882709,3610,2802719,75302,18975944
1790115742057017692,11782921,8882972,3610,2803164,75315,18975944
1790115742172287763,11783641,8883222,3610,2803621,75327,18975944
1790115742287660807,11784371,8883482,3610,2804079,75335,18975944
1790115742405300950,11785111,8883739,3610,2804546,75346,18975944
1790115742519790155,11785835,8883993,3610,2804998,75357,18975944
1790115742633662508,11786539,8884233,3610,2805457,75369,18975944
1790115742748312824,11787253,8884464,3610,2805865,75449,18975944
1790115742862783567,11787939,8884714,3610,2806321,75459,18975944
1790115742976517225,11788658,8884957,3610,2806780,75467,18975944
1790115743093722166,11789413,8885204,3610,2807256,75477,18975944
1790115743206275940,11790123,8885450,3610,2807706,75490,18975944
1790115743320910865,11790842,8885703,3610,2808154,75504,18975944
1790115743436697751,11791578,8885965,3610,2808596,75523,18975944
1790115743549004325,11792279,8886228,3610,2809024,75537,18975944
1790115743663860136,11792988,8886490,3610,2809470,75548,18975944
1790115743779205327,11793698,8886724,3610,2809950,75557,18975944
1790115743895396907,11794422,8886991,3610,2810396,75571,18975944
1790115744010914772,11795149,8887236,3610,2810860,75584,18975944
1790115744125848221,11795866,8887477,3610,2811325,75597,18975944
1790115744240334659,11796571,8887726,3610,2811776,75611,18975944
1790115744354880983,11797298,8887973,3610,2812236,75621,18975944
1790115744467242414,11798013,8888218,3610,2812685,75632,18975944
1790115744579703145,11798719,8888474,3610,2813121,75643,18975944
1790115744695261373,11799430,8888713,3610,2813596,75656,18975944
1790115744811012408,11800177,8888966,3610,2814050,75671,18975944
1790115744927261730,11800920,8889225,3610,2814502,75688,18975944
1790115745041450160,11801637,8889480,3610,2814948,75700,18975944
1790115745157097623,11802375,8889726,3610,2815420,75710,18975944
1790115745271971985,11803103,8889979,3610,2815871,75723,18975944
1790115745386016675,11803810,8890223,3610,2816320,75743,18975944
1790115745502512650,11804536,8890456,3610,2816751,75806,18975944
1790115745616936799,11805242,8890699,3610,2817186,75846,18975944
1790115745731817789,11805949,8890949,3610,2817648,75857,18975944
1790115745846487596,11806677,8891179,3610,2818122,75871,18975944
1790115745962534956,11807398,8891420,3610,2818591,75886,18975944
1790115746079533040,11808136,8891680,3610,2819054,75898,18975944
1790115746193481982,11808873,8891933,3610,2819498,75911,18975944
1790115746307445908,11809595,8892172,3610,2819960,75922,18975944
1790115746422568763,11810334,8892408,3610,2820429,75937,18975944
1790115746539583681,11811088,8892646,3610,2820914,75948,18975944
1790115746653765141,11811808,8892896,3610,2821367,75960,18975944
1790115746768227131,11812503,8893147,3610,2821820,75973,18975944
1790115746883504092,11813215,8893412,3610,2822259,75990,18975944
1790115746998275809,11813943,8893663,3610,2822714,76003,18975944
1790115747112815315,11814661,8893914,3610,2823166,76014,18975944
1790115747226444119,11815364,8894143,3610,2823640,76024,18975944
1790115747342994937,11816092,8894382,3610,2824118,76036,18975944
1790115747459091872,11816823,8894632,3610,2824577,76053,18975944
1790115747574630348,11817546,8894876,3610,2825043,76068,18975944
1790115747690436532,11818281,8895138,3610,2825490,76081,18975944
1790115747804998981,11819007,8895378,3610,2825953,76094,18975944
1790115747917633747,11819700,8895619,3610,2826407,76106,18975944
1790115748031500932,11820424,8895865,3610,2826869,76116,18975944
1790115748146221275,11821161,8896150,3610,2827280,76133,18975944
1790115748260787070,11821876,8896423,3610,2827711,76148,18975944
1790115748376219689,11822625,8896659,3610,2828111,76236,18975944
1790115748491692011,11823364,8896910,3610,2828568,76250,18975944
1790115748604793013,11824071,8897144,3610,2829035,76257,18975944
1790115748719618676,11824782,8897385,3610,2829501,76269,18975944
1790115748834258819,11825480,8897631,3610,2829958,76282,18975944
1790115748947798886,11826189,8897902,3610,2830387,76294,18975944
1790115749062614878,11826905,8898152,3610,2830836,76311,18975944
1790115749179122525,11827649,8898402,3610,2831304,76323,18975944
1790115749291854248,11828339,8898650,3610,2831748,76343,18975944
1790115749408101624,11829070,8898907,3610,2832205,76357,18975944
1790115749522494687,11829795,8899148,3610,2832664,76368,18975944
1790115749638513045,11830523,8899394,3610,2833129,76383,18975944
1790115749753385548,11831252,8899659,3610,2833574,76396,18975944
1790115749868481144,11831963,8899907,3610,2834028,76410,18975944
1790115749982479167,11832686,8900142,3610,2834500,76422,18975944
1790115750098874191,11833400,8900401,3610,2834949,76439,18975944
1790115750214205075,11834114,8900666,3610,2835387,76457,18975944
1790115750329470223,11834844,8900931,3610,2835825,76475,18975944
1790115750442773876,11835567,8901177,3610,2836276,76487,18975944
1790115750558198829,11836294,8901429,3610,2836734,76499,18975944
1790115750673329079,11837019,8901709,3610,2837166,76511,18975944
1790115750786916290,11837729,8901983,3610,2837591,76525,18975944
1790115750902844767,11838452,8902238,3610,2838042,76543,18975944
1790115751016834216,11839176,8902519,3610,2838463,76554,18975944
1790115751129761904,11839878,8902768,3610,2838844,76633,18975944
1790115751242953759,11840580,8903028,3610,2839273,76651,18975944
1790115751359674067,11841295,8903282,3610,2839739,76663,18975944
1790115751475058715,11842007,8903542,3610,2840192,76675,18975944
1790115751589476198,11842737,8903781,3610,2840658,76687,18975944
1790115751702777433,11843451,8904037,3610,2841095,76701,18975944
1790115751817104254,11844185,8904291,3610,2841541,76721,18975944
1790115751930961571,11844883,8904549,3610,2841974,76737,18975944
1790115752045319146,11845600,8904778,3610,2842455,76747,18975944
1790115752160951216,11846296,8905029,3610,2842910,76762,18975944
1790115752276480978,11847015,8905275,3610,2843370,76779,18975944
1790115752392493014,11847730,8905527,3610,2843828,76795,18975944
1790115752508265687,11848458,8905786,3610,2844277,76812,18975944
1790115752622958191,11849189,8906033,3610,2844735,76828,18975944
1790115752739325141,11849927,8906274,3610,2845200,76843,18975944
1790115752852578413,11850637,8906510,3610,2845654,76864,18975944
1790115752968499336,11851405,8906750,3610,2846125,76879,18975944
1790115753083931467,11852094,8907021,3610,2846566,76888,18975944
1790115753199013670,11852805,8907276,3610,2847025,76897,18975944
1790115753312367408,11853497,8907528,3610,2847468,76911,18975944
1790115753427419565,11854224,8907764,3610,2847940,76921,18975944
1790115753544331300,11854961,8908017,3610,2848404,76934,18975944
1790115753657841400,11855679,8908269,3610,2848849,76950,18975944
1790115753773029028,11856388,8908523,3610,2849302,76963,18975944
1790115753886497435,11857097,8908781,3610,2849737,76981,18975944
1790115754000547350,11857822,8909056,3610,2850163,76995,18975944
1790115754114298982,11858533,8909284,3610,2850640,77005,18975944
1790115754230444680,11859268,8909529,3610,2851109,77017,18975944
1790115754346060666,11859989,8909789,3610,2851557,77033,18975944
1790115754461806328,11860701,8910039,3610,2852013,77047,18975944
1790115754575503832,11861420,8910271,3610,2852420,77123,18975944
1790115754690032848,11862151,8910513,3610,2852874,77139,18975944
1790115754804011072,11862879,8910768,3610,2853324,77150,18975944
1790115754919989185,11863604,8911001,3610,2853809,77162,18975944
1790115755034225614,11864321,8911264,3610,2854247,77172,18975944
1790115755148010436,11865030,8911519,3610,2854687,77188,18975944
1790115755262928976,11865750,8911786,3610,2855122,77206,18975944
1790115755378384202,11866467,8912053,3610,2855567,77216,18975944
1790115755493530808,11867193,8912319,3610,2856011,77226,18975944
1790115755609892045,11867920,8912554,3610,2856495,77238,18975944
1790115755723130252,11868630,8912792,3610,2856954,77249,18975944
1790115755839290923,11869358,8913043,3610,2857414,77265,18975944
1790115755953870330,11870057,8913298,3610,2857859,77283,18975944
1790115756068993222,11870769,8913542,3610,2858317,77298,18975944
1790115756184428099,11871503,8913802,3610,2858770,77307,18975944
1790115756298270100,11872199,8914023,3610,2859250,77323,18975944
1790115756411626520,11872910,8914274,3610,2859689,77339,18975944
1790115756525830174,11873635,8914525,3610,2860140,77353,18975944
1790115756639582817,11874365,8914768,3610,2860594,77366,18975944
1790115756754687784,11875064,8915014,3610,2861051,77384,18975944
1790115756868434015,11875797,8915257,3610,2861506,77393,18975944
1790115756980954567,11876509,8915499,3610,2861958,77407,18975944
1790115757093315202,11877227,8915742,3610,2862403,77420,18975944
1790115757206965144,11877941,8915987,3610,2862860,77433,18975944
1790115757320097086,11878640,8916227,3610,2863312,77444,18975944
1790115757433012735,11879323,8916465,3610,2863697,77528,18975944
1790115757548516019,11880049,8916723,3610,2864150,77544,18975944
1790115757664350663,11880772,8916986,3610,2864604,77552,18975944
1790115757777423781,11881483,8917245,3610,2865037,77569,18975944
1790115757891485735,11882189,8917483,3610,2865500,77581,18975944
1790115758006563696,11882911,8917740,3610,2865950,77594,18975944
1790115758122196495,11883635,8917999,3610,2866399,77607,18975944
1790115758237023630,11884365,8918239,3610,2866865,77620,18975944
1790115758351985859,11885081,8918485,3610,2867326,77631,18975944
1790115758467773909,11885786,8918739,3610,2867785,77643,18975944
1790115758583265386,11886519,8919013,3610,2868220,77658,18975944
1790115758698718887,11887241,8919272,3610,2868671,77671,18975944
1790115758813274172,11887942,8919521,3610,2869127,77682,18975944
1790115758926860306,11888632,8919761,3610,2869582,77697,18975944
1790115759043423692,11889359,8920018,3610,2870048,77707,18975944
1790115759156628347,11890064,8920320,3610,2870440,77720,18975944
1790115759272210951,11890789,8920591,3610,2870881,77731,18975944
1790115759387403930,11891507,8920868,3610,2871311,77744,18975944
1790115759502090100,11892218,8921125,3610,2871754,77761,18975944
1790115759617479072,11892947,8921386,3610,2872204,77775,18975944
1790115759731097448,11893653,8921646,3610,2872644,77787,18975944
1790115759844978305,11894354,8921876,3610,2873111,77801,18975944
1790115759958901371,11895056,8922147,3610,2873543,77812,18975944
1790115760074259693,11895790,8922403,3610,2873989,77833,18975944
1790115760189862635,11896513,8922627,3610,2874396,77925,18975944
1790115760304400993,11897246,8922893,3610,2874833,77939,18975944
1790115760420691078,11897989,8923139,3610,2875309,77947,18975944
1790115760534943755,11898719,8923392,3610,2875757,77960,18975944
1790115760649745793,11899447,8923639,3610,2876223,77968,18975944
1790115760765256391,11900162,8923875,3610,2876696,77982,18975944
1790115760879976079,11900900,8924136,3610,2877130,78000,18975944
1790115760994188045,11901611,8924381,3610,2877581,78016,18975944
1790115761108760001,11902329,8924614,3610,2878058,78026,18975944
1790115761224796449,11903046,8924861,3610,2878523,78039,18975944
1790115761339851537,11903773,8925106,3610,2878985,78051,18975944
1790115761454771268,11904478,8925355,3610,2879445,78063,18975944
1790115761570696101,11905198,8925619,3610,2879888,78080,18975944
1790115761685606984,11905936,8925864,3610,2880350,78091,18975944
1790115761799578836,11906654,8926107,3610,2880808,78106,18975944
1790115761913830105,11907381,8926371,3610,2881246,78118,18975944
1790115762027852739,11908091,8926627,3610,2881688,78135,18975944
1790115762142715034,11908817,8926890,3610,2882128,78150,18975944
1790115762258518584,11909556,8927137,3610,2882587,78164,18975944
1790115762372874497,11910268,8927392,3610,2883031,78181,18975944
1790115762486827411,11910980,8927610,3610,2883516,78192,18975944
1790115762599232009,11911682,8927872,3610,2883954,78201,18975944
1790115762713477093,11912388,8928132,3610,2884392,78215,18975944
1790115762827973469,11913115,8928377,3610,2884845,78229,18975944
1790115762943348984,11913857,8928618,3610,2885278,78276,18975944
1790115763058183747,11914588,8928845,3610,2885714,78334,18975944
1790115763173577543,11915301,8929091,3610,2886177,78347,18975944
1790115763290632064,11916037,8929328,3610,2886662,78359,18975944
1790115763405883058,11916761,8929596,3610,2887099,78376,18975944
1790115763520821418,11917477,8929837,3610,2887565,78388,18975944
1790115763636514234,11918210,8930089,3610,2888024,78404,18975944
1790115763751696603,11918939,8930331,3610,2888486,78417,18975944
1790115763866202432,11919661,8930592,3610,2888931,78429,18975944
1790115763984004743,11920404,8930842,3610,2889406,78441,18975944
1790115764097433208,11921125,8931100,3610,2889851,78452,18975944
1790115764213210280,11921850,8931355,3610,2890305,78465,18975944
1790115764326780603,11922564,8931620,3610,2890733,78481,18975944
1790115764442373096,11923308,8931877,3610,2891192,78492,18975944
1790115764557199308,11924045,8932142,3610,2891621,78512,18975944
1790115764674867792,11924772,8932379,3610,2892113,78521,18975944
1790115764789083357,11925506,8932618,3610,2892573,78536,18975944
1790115764942475465,11926483,8932929,3610,2893205,78553,18975944
1790115765059419446,11927225,8933180,3610,2893670,78567,18975944
1790115765172713572,11927950,8933423,3610,2894125,78580,18975944
1790115765286863905,11928678,8933660,3610,2894596,78589,18975944
1790115765403202429,11929412,8933907,3610,2895065,78600,18975944
1790115765518744822,11930128,8934148,3610,2895531,78615,18975944
1790115765633658213,11930852,8934396,3610,2895990,78629,18975944
1790115765748026072,11931587,8934652,3610,2896365,78713,18975944
1790115765862353656,11932304,8934912,3610,2896810,78726,18975944
1790115765977300806,11933023,8935161,3610,2897263,78742,18975944
1790115766093614268,11933727,8935404,3610,2897737,78754,18975944
1790115766209382745,11934466,8935688,3610,2898164,78767,18975944
1790115766322323334,11935159,8935962,3610,2898587,78778,18975944
1790115766439071872,11935902,8936214,3610,2899051,78792,18975944
1790115766552695995,11936621,8936457,3610,2899502,78809,18975944
1790115766667485928,11937342,8936689,3610,2899982,78817,18975944
1790115766782656355,11938055,8936924,3610,2900457,78829,18975944
1790115766898649379,11938800,8937171,3610,2900922,78841,18975944
1790115767017573252,11939561,8937439,3610,2901379,78860,18975944
1790115767130996502,11940292,8937686,3610,2901826,78872,18975944
1790115767244095582,11941007,8937924,3610,2902282,78886,18975944
1790115767358303207,11941725,8938170,3610,2902747,78894,18975944
1790115767472289428,11942429,8938420,3610,2903195,78906,18975944
1790115767587740451,11943140,8938681,3610,2903647,78920,18975944
1790115767703191067,11943879,8938933,3610,2904094,78937,18975944
1790115767817690843,11944583,8939184,3610,2904548,78952,18975944
1790115767934196864,11945308,8939437,3610,2905007,78966,18975944
1790115768049829890,11946070,8939682,3610,2905483,78976,18975944
1790115768165433843,11946802,8940369,3610,2905509,78983,19011272
1790115768277309143,11947520,8940730,3610,2905857,78985,19012808
1790115768402541066,11948317,8940832,3610,2906549,78986,19012808
1790115768514727440,11949034,8940870,3610,2907223,78986,19012808
1790115768627926767,11949750,8940983,3610,2907834,78987,19012808
1790115768745104587,11950503,8941117,3610,2908443,78987,19012808
1790115768859855452,11951232,8941147,3610,2909147,78987,19012808
1790115768976551707,11951976,8941265,3610,2909765,78988,19012808
1790115769093716105,11952729,8941339,3610,2910442,78988,19012808
1790115769208421394,11953468,8941398,3610,2911108,78989,19012808
1790115769325580494,11954214,8941497,3610,2911754,78989,19012808
1790115769442683501,11954960,8941569,3610,2912432,78989,19012808
1790115769556799641,11955679,8941650,3610,2913076,78990,19012808
1790115769674741490,11956437,8941817,3610,2913658,78990,19012808
1790115769788922859,11957167,8941857,3610,2914347,78991,19012808
1790115769903325569,11957900,8941932,3610,2914995,78992,19012808
1790115770020372037,11958641,8942058,3610,2915613,78992,19012808
1790115770135211948,11959375,8942094,3610,2916311,78992,19012808
1790115770251768931,11960124,8942224,3610,2916925,78992,19012808
1790115770369206835,11960881,8942320,3610,2917575,78992,19012808
1790115770483974411,11961618,8942407,3610,2918219,78992,19012808
1790115770602216043,11962382,8942516,3610,2918861,78992,19012808
1790115770727220491,11963184,8942592,3610,2919582,78992,19012808
1790115770844208987,11963940,8942691,3610,2920226,78993,19012808
1790115770978213192,11964800,8942862,3610,2920907,78994,19012808
1790115771096195428,11965551,8942934,3610,2921587,78995,19012808
1790115771211647091,11966293,8943138,3610,2922115,78996,19012808
1790115771329005277,11967045,8943297,3610,2922706,78996,19012808
1790115771443675537,11967779,8943428,3610,2923304,78996,19012808
1790115771561821007,11968536,8943591,3610,2923892,78997,19012808
1790115771679366663,11969295,8943775,3610,2924452,78997,19012808
1790115771793662444,11970022,8943982,3610,2924974,78998,19012808
1790115771911428306,11970778,8944133,3610,2925569,78999,19012808
1790115772026130098,11971508,8944359,3610,2926073,78999,19012808
1790115772143265966,11972255,8944513,3610,2926665,79000,19012808
1790115772258357281,11972987,8944568,3610,2927343,79000,19012808
1790115772373275429,11973711,8944737,3610,2927903,79001,19012808
1790115772490435306,11974454,8944849,3610,2928539,79001,19012808
1790115772607810552,11975209,8944994,3610,2929140,79002,19012808
1790115772723381899,11975946,8945154,3610,2929711,79002,19012808
1790115772840530361,11976688,8945308,3610,2930300,79003,19012808
1790115772957812310,11977435,8945462,3610,2930896,79004,19012808
1790115773072290442,11978170,8945490,3610,2931596,79004,19012808
1790115773187827077,11978903,8945569,3610,2932254,79005,19012808
1790115773301545337,11979632,8945715,3610,2932826,79005,19012808
1790115773418998221,11980386,8945840,3610,2933451,79005,19012808
1790115773536067134,11981139,8945959,3610,2934076,79005,19012808
1790115773653338152,11981881,8946088,3610,2934691,79006,19012808
1790115773770399949,11982621,8946240,3610,2935285,79006,19012808
1790115773885090866,11983358,8946274,3610,2935983,79006,19012808
1790115773999322122,11984087,8946360,3610,2936622,79007,19012808
1790115774116481562,11984842,8946526,3610,2937200,79007,19012808
1790115774235040185,11985602,8946674,3610,2937806,79007,19012808
1790115774352513280,11986347,8946796,3610,2938428,79008,19012808
1790115774469928565,11987098,8946925,3610,2939049,79008,19012808
1790115774587309127,11987849,8947012,3610,2939709,79008,19012808
1790115774698893904,11988563,8947072,3610,2940361,79008,19012808
1790115774813336741,11989299,8947160,3610,2940997,79010,19012808
1790115774937983852,11990095,8947327,3610,2941622,79011,19012808
1790115775055379511,11990837,8947450,3610,2942244,79011,19012808
1790115775172568187,11991584,8947593,3610,2942849,79011,19012808
1790115775290120285,11992347,8947714,3610,2943474,79012,19012808
1790115775407166120,11993098,8947798,3610,2944135,79012,19012808
1790115775523943626,11993841,8947871,3610,2944807,79012,19012808
1790115775638387432,11994573,8947958,3610,2945445,79012,19012808
1790115775756398297,11995325,8948065,3610,2946089,79013,19012808
1790115775876446028,11996087,8948187,3610,2946727,79014,19012808
1790115775993807982,11996830,8948342,3610,2947321,79015,19012808
1790115776111212963,11997584,8948458,3610,2947951,79015,19012808
1790115776226285340,11998322,8948570,3610,2948571,79015,19012808
1790115776343404161,11999066,8948674,3610,2949212,79015,19012808
1790115776457846829,11999781,8948753,3610,2949863,79016,19012808
1790115776574968168,12000533,8948872,3610,2950488,79016,19012808
1790115776691741588,12001283,8949010,3610,2951093,79017,19012808
1790115776808740080,12002028,8949098,3610,2951748,79018,19012808
1790115776923249511,12002771,8949242,3610,2952330,79018,19012808
1790115777043217270,12003537,8949336,3610,2953000,79018,19012808
1790115777162220659,12004296,8949410,3610,2953685,79019,19012808
1790115777286061221,12005098,8949496,3610,2954386,79020,19012808
1790115777405212405,12005861,8949617,3610,2955022,79020,19012808
1790115777530206232,12006659,8949778,3610,2955655,79021,19012808
1790115777657729608,12007476,8949961,3610,2956287,79021,19012808
1790115777774840645,12008230,8950092,3610,2956899,79021,19012808
1790115777891877019,12008977,8950205,3610,2957530,79021,19012808
1790115778004079304,12009703,8950261,3610,2958190,79021,19012808
1790115778118746842,12010444,8950344,3610,2958838,79021,19012808
1790115778235909448,12011191,8950460,3610,2959466,79021,19012808
1790115778353034355,12011953,8950582,3610,2960087,79022,19012808
1790115778470356505,12012708,8950704,3610,2960709,79022,19012808
1790115778587460176,12013450,8950835,3610,2961320,79025,19012808
1790115778704625893,12014204,8950909,3610,2961995,79025,19012808
1790115778817873383,12014925,8950976,3610,2962650,79025,19012808
1790115778932599784,12015653,8951072,3610,2963284,79026,19012808
1790115779049930300,12016398,8951250,3610,2963851,79026,19012808
1790115779167189592,12017154,8951414,3610,2964429,79028,19012808
1790115779284222937,12017901,8951509,3610,2965079,79028,19012808
1790115779399279066,12018632,8951657,3610,2965660,79030,19012808
1790115779516789257,12019371,8951780,3610,2966287,79030,19012808
1790115779633948216,12020118,8951859,3610,2966954,79030,19012808
1790115779748839145,12020848,8951939,3610,2967603,79031,19012808
1790115779866107487,12021601,8952063,3610,2968223,79032,19012808
1790115780001955910,12022457,8952186,3610,2968965,79032,19012808
1790115780119203427,12023203,8952296,3610,2969599,79033,19012808
1790115780236236612,12023955,8952415,3610,2970222,79033,19012808
1790115780370315832,12024809,8952578,3610,2970911,79034,19012808
1790115780485612527,12025545,8952599,3610,2971624,79034,19012808
1790115780600609176,12026281,8952706,3610,2972246,79035,19012808
1790115780716486296,12027019,8952860,3610,2972832,79035,19012808
1790115780833604341,12027777,8952989,3610,2973445,79035,19012808
1790115780950786846,12028525,8953126,3610,2974058,79036,19012808
1790115781067838152,12029276,8953288,3610,2974638,79038,19012808
1790115781184959935,12030027,8953429,3610,2975241,79038,19012808
1790115781299599613,12030762,8953491,3610,2975906,79038,19012808
1790115781414059363,12031486,8953577,3610,2976550,79039,19012808
1790115781531213862,12032235,8953702,3610,2977169,79040,19012808
1790115781648298097,12032977,8953852,3610,2977760,79042,19012808
1790115781765589243,12033727,8953986,3610,2978372,79042,19012808
1790115781882762669,12034484,8954122,3610,2978985,79042,19012808
1790115781999891890,12035239,8954206,3610,2979645,79043,19012808
1790115782112526352,12035957,8954263,3610,2980303,79043,19012808
1790115782226848910,12036694,8954369,3610,2980927,79044,19012808
1790115782344451985,12037450,8954521,3610,2981518,79045,19012808
1790115782461963521,12038206,8954655,3610,2982135,79045,19012808
1790115782579346977,12038959,8954776,3610,2982763,79045,19012808
1790115782697040482,12039709,8954895,3610,2983389,79046,19012808
1790115782813202790,12040452,8954991,3610,2984031,79047,19012808
1790115782930101501,12041199,8955074,3610,2984694,79047,19012808
1790115783044997379,12041933,8955146,3610,2985351,79048,19012808
1790115783162077551,12042679,8955264,3610,2985978,79048,19012808
1790115783279035869,12043428,8955433,3610,2986552,79049,19012808
1790115783395976852,12044171,8955535,3610,2987194,79050,19012808
1790115783510034004,12044903,8955670,3610,2987767,79066,19012808
1790115783628222830,12045653,8955762,3610,2988388,79106,19012808
1790115783745490841,12046398,8955851,3610,2989042,79108,19012808
1790115783859853894,12047129,8955933,3610,2989668,79131,19012808
1790115783977907017,12047888,8956012,3610,2990303,79168,19012808
1790115784092159568,12048616,8956155,3610,2990850,79204,19012808
1790115784208423866,12049357,8956246,3610,2991455,79246,19012808
1790115784325773084,12050109,8956404,3610,2992019,79276,19012808
1790115784443368607,12050873,8956513,3610,2992620,79311,19012808
1790115784561027350,12051623,8956657,3610,2993204,79333,19012808
1790115784675916130,12052355,8956705,3610,2993888,79333,19012808
1790115784790872357,12053085,8956822,3610,2994503,79333,19012808
1790115784908218818,12053831,8956963,3610,2995107,79333,19012808
1790115785043079616,12054703,8957177,3610,2995750,79334,19012808
1790115785160007714,12055454,8957248,3610,2996424,79334,19012808
1790115785277331426,12056200,8957409,3610,2997003,79338,19012808
1790115785393064980,12056943,8957536,3610,2997614,79338,19012808
1790115785507730198,12057669,8957563,3610,2998320,79338,19012808
1790115785620311486,12058396,8957678,3610,2998917,79338,19012808
1790115785737484733,12059144,8957786,3610,2999557,79338,19012808
1790115785851867109,12059874,8957958,3610,3000112,79340,19012808
1790115785967882946,12060610,8958122,3610,3000686,79340,19012808
1790115786085829527,12061366,8958260,3610,3001296,79342,19012808
1790115786202871579,12062112,8958385,3610,3001916,79342,19012808
1790115786317123046,12062847,8958406,3610,3002622,79342,19012808
1790115786432504560,12063581,8958507,3610,3003251,79343,19012808
1790115786548221460,12064321,8958671,3610,3003825,79343,19012808
1790115786665438355,12065074,8958802,3610,3004438,79343,19012808
1790115786782597408,12065826,8958922,3610,3005062,79343,19012808
1790115786899597461,12066571,8959071,3610,3005655,79345,19012808
1790115787016953801,12067324,8959217,3610,3006264,79345,19012808
1790115787131662920,12068051,8959250,3610,3006960,79345,19012808
1790115787246090782,12068784,8959331,3610,3007604,79346,19012808
1790115787363201965,12069530,8959488,3610,3008190,79346,19012808
1790115787480410565,12070280,8959625,3610,3008796,79347,19012808
1790115787597677067,12071021,8959775,3610,3009397,79348,19012808
1790115787715064269,12071762,8959930,3610,3009984,79350,19012808
1790115787831131213,12072501,8960014,3610,3010639,79350,19012808
1790115787946258600,12073235,8960126,3610,3011260,79350,19012808
1790115788060634919,12073972,8960210,3610,3011900,79350,19012808
1790115788177636771,12074718,8960336,3610,3012518,79351,19012808
1790115788291943526,12075447,8960369,3610,3013219,79351,19012808
1790115788407250826,12076198,8960464,3610,3013854,79351,19012808
1790115788520377638,12076922,8960664,3610,3014373,79351,19012808
1790115788634883831,12077654,8960701,3610,3015069,79351,19012808
1790115788751629073,12078405,8960862,3610,3015652,79351,19012808
1790115788869218852,12079157,8960976,3610,3016281,79351,19012808
1790115788983797536,12079883,8961031,3610,3016959,79352,19012808
1790115789100188262,12080636,8961142,3610,3017585,79353,19012808
1790115789217405380,12081387,8961251,3610,3018221,79353,19012808
1790115789331677808,12082120,8961328,3610,3018874,79355,19012808
1790115789448986206,12082872,8961397,3610,3019549,79356,19012808
1790115789564371012,12083612,8961469,3610,3020209,79356,19012808
1790115789678939069,12084337,8961561,3610,3020848,79357,19012808
1790115789796084341,12085088,8961721,3610,3021432,79357,19012808
1790115789910456387,12085817,8961743,3610,3022139,79357,19012808
1790115790045910508,12086687,8961879,3610,3022867,79357,19012808
1790115790163830103,12087436,8961954,3610,3023542,79358,19012808
1790115790278196991,12088170,8962015,3610,3024206,79358,19012808
1790115790394339741,12088908,8962105,3610,3024851,79358,19012808
1790115790511445264,12089659,8962218,3610,3025483,79359,19012808
1790115790626017885,12090389,8962307,3610,3026124,79360,19012808
1790115790743019202,12091134,8962444,3610,3026731,79361,19012808
1790115790857674822,12091863,8962465,3610,3027442,79361,19012808
1790115790973223703,12092609,8962638,3610,3027997,79365,19012808
1790115791088855503,12093336,8962903,3610,3028437,79380,19012808
1790115791206090855,12094082,8963184,3610,3028876,79393,19012808
1790115791322477229,12094795,8963429,3610,3029351,79405,19012808
1790115791438226925,12095515,8963676,3610,3029808,79422,19012808
1790115791554300401,12096257,8963877,3610,3030114,79644,19012808
1790115791668461088,12096969,8964137,3610,3030560,79654,19012808
1790115791791462490,12097717,8964380,3610,3031071,79668,19012808
1790115791905842327,12098436,8964617,3610,3031534,79683,19012808
1790115792022166092,12099197,8964858,3610,3032005,79697,19012808
1790115792136251204,12099914,8965107,3610,3032458,79715,19012808
1790115792251731168,12100633,8965403,3610,3032867,79727,19012808
1790115792367312098,12101364,8965634,3610,3033355,79737,19012808
1790115792482717412,12102071,8965887,3610,3033808,79749,19012808
1790115792599585724,12102819,8966140,3610,3034272,79763,19012808
1790115792715349904,12103533,8966387,3610,3034736,79779,19012808
1790115792829676690,12104238,8966627,3610,3035194,79794,19012808
1790115792943644367,12104953,8966877,3610,3035638,79809,19012808
1790115793061711420,12105690,8967112,3610,3036132,79822,19012808
1790115793177303700,12106416,8967359,3610,3036595,79837,19012808
1790115793292052686,12107138,8967626,3610,3037027,79853,19012808
1790115793405245394,12107839,8967876,3610,3037477,79864,19012808
1790115793520072169,12108562,8968124,3610,3037932,79877,19012808
1790115793635302189,12109268,8968362,3610,3038327,79964,19012808
1790115793749487634,12109980,8968604,3610,3038793,79975,19012808
1790115793871100133,12110731,8968863,3610,3039286,79985,19012808
1790115793986424022,12111463,8969113,3610,3039741,80000,19012808
1790115794101815312,12112182,8969351,3610,3040210,80014,19012808
1790115794216594950,12112906,8969607,3610,3040656,80027,19012808
1790115794333455071,12113652,8969873,3610,3041108,80041,19012808
1790115794450214624,12114372,8970105,3610,3041601,80052,19012808
1790115794566557960,12115109,8970350,3610,3042064,80068,19012808
1790115794681003275,12115830,8970600,3610,3042520,80080,19012808
1790115794795651252,12116562,8970876,3610,3042950,80091,19012808
1790115794911091498,12117276,8971128,3610,3043404,80104,19012808
1790115795051662093,12118150,8971429,3610,3043965,80122,19012808
1790115795168261536,12118892,8971669,3610,3044442,80137,19012808
1790115795282890772,12119603,8971918,3610,3044899,80147,19012808
1790115795397853857,12120312,8972152,3610,3045369,80162,19012808
1790115795514196178,12121065,8972400,3610,3045834,80178,19012808
1790115795629743331,12121798,8972649,3610,3046295,80190,19012808
1790115795744977142,12122517,8972888,3610,3046765,80201,19012808
1790115795859390790,12123230,8973121,3610,3047235,80214,19012808
1790115795973294446,12123952,8973380,3610,3047681,80225,19012808
1790115796089046968,12124687,8973638,3610,3048134,80236,19012808
1790115796203985403,12125415,8973878,3610,3048600,80249,19012808
1790115796319437127,12126147,8974117,3610,3049064,80266,19012808
1790115796433215440,12126874,8974356,3610,3049455,80351,19012808
1790115796549823307,12127616,8974595,3610,3049940,80360,19012808
1790115796663682541,12128339,8974848,3610,3050390,80371,19012808
1790115796778448764,12129053,8975103,3610,3050836,80385,19012808
1790115796892775056,12129774,8975386,3610,3051256,80398,19012808
1790115797008667895,12130501,8975656,3610,3051698,80412,19012808
1790115797124756566,12131201,8975905,3610,3052165,80422,19012808
1790115797238421822,12131926,8976161,3610,3052610,80433,19012808
1790115797355259878,12132673,8976416,3610,3053075,80445,19012808
1790115797470978198,12133412,8976655,3610,3053545,80459,19012808
1790115797586710183,12134147,8976910,3610,3054003,80471,19012808
1790115797701293726,12134866,8977177,3610,3054441,80483,19012808
1790115797815765911,12135593,8977420,3610,3054899,80497,19012808
1790115797929665254,12136338,8977645,3610,3055381,80507,19012808
1790115798044842033,12137070,8977911,3610,3055823,80517,19012808
1790115798159852131,12137779,8978176,3610,3056266,80529,19012808
1790115798273934941,12138489,8978421,3610,3056725,80542,19012808
1790115798388821996,12139207,8978683,3610,3057164,80556,19012808
1790115798504327922,12139931,8978932,3610,3057626,80568,19012808
1790115798618798925,12140640,8979186,3610,3058077,80578,19012808
1790115798735776507,12141359,8979432,3610,3058551,80592,19012808
1790115798851815101,12142097,8979698,3610,3058994,80609,19012808
1790115798964987570,12142807,8979962,3610,3059424,80621,19012808
1790115799079482954,12143523,8980285,3610,3059810,80633,19012808
1790115799192635873,12144217,8980501,3610,3060212,80724,19012808
1790115799307265767,12144946,8980749,3610,3060671,80736,19012808
1790115799424929108,12145683,8980972,3610,3061167,80751,19012808
1790115799540129484,12146422,8981202,3610,3061639,80768,19012808
1790115799654294099,12147138,8981452,3610,3062092,80779,19012808
1790115799769788882,12147842,8981715,3610,3062539,80793,19012808
1790115799884245579,12148576,8981973,3610,3062977,80810,19012808
1790115799999400936,12149315,8982205,3610,3063459,80819,19012808
1790115800119523631,12150075,8982449,3610,3063957,80829,19012808
1790115800232286271,12150767,8982691,3610,3064406,80840,19012808
1790115800347011843,12151464,8982932,3610,3064866,80854,19012808
1790115800462194344,12152171,8983191,3610,3065309,80871,19012808
1790115800577916955,12152882,8983447,3610,3065766,80882,19012808
1790115800693329299,12153613,8983675,3610,3066254,80891,19012808
1790115800807293670,12154315,8983925,3610,3066703,80906,19012808
1790115800923001911,12155040,8984175,3610,3067160,80925,19012808
1790115801037451932,12155748,8984422,3610,3067607,80939,19012808
1790115801150958448,12156448,8984715,3610,3068010,80954,19012808
1790115801265197270,12157182,8984959,3610,3068469,80968,19012808
1790115801379958746,12157869,8985186,3610,3068944,80984,19012808
1790115801496042543,12158615,8985456,3610,3069396,80993,19012808
1790115801611629304,12159337,8985731,3610,3069829,81003,19012808
1790115801726799122,12160056,8985982,3610,3070284,81020,19012808
1790115801841970686,12160763,8986255,3610,3070719,81031,19012808
1790115801956437957,12161482,8986487,3610,3071127,81111,19012808
1790115802070842682,12162198,8986742,3610,3071575,81122,19012808
1790115802192055847,12162980,8986991,3610,3072072,81138,19012808
1790115802306708999,12163698,8987235,3610,3072518,81165,19012808
1790115802421027573,12164420,8987489,3610,3072964,81178,19012808
1790115802535545371,12165130,8987735,3610,3073417,81194,19012808
1790115802650606070,12165849,8987986,3610,3073868,81210,19012808
1790115802766662535,12166607,8988229,3610,3074343,81220,19012808
1790115802884081701,12167357,8988484,3610,3074813,81229,19012808
1790115802997842212,12168085,8988726,3610,3075268,81245,19012808
1790115803113058244,12168813,8988991,3610,3075705,81262,19012808
1790115803228595302,12169518,8989239,3610,3076169,81275,19012808
1790115803342121850,12170259,8989488,3610,3076617,81287,19012808
1790115803456349118,12170987,8989728,3610,3077088,81295,19012808
1790115803571941962,12171714,8989975,3610,3077554,81306,19012808
1790115803686518313,12172425,8990217,3610,3078014,81318,19012808
1790115803801186077,12173167,8990472,3610,3078459,81335,19012808
1790115803913882958,12173886,8990723,3610,3078902,81346,19012808
1790115804029747331,12174597,8990988,3610,3079349,81363,19012808
1790115804145308484,12175345,8991227,3610,3079819,81376,19012808
1790115804271294470,12176133,8991485,3610,3080327,81395,19012808
1790115804383952681,12176835,8991739,3610,3080768,81407,19012808
1790115804498969879,12177575,8991988,3610,3081224,81419,19012808
1790115804612944696,12178275,8992232,3610,3081678,81433,19012808
1790115804726805198,12178995,8992457,3610,3082084,81515,19012808
1790115804842220358,12179722,8992705,3610,3082547,81526,19012808
1790115804958402859,12180459,8992953,3610,3083014,81541,19012808
1790115805074077045,12181186,8993195,3610,3083485,81552,19012808
1790115805190282335,12181908,8993442,3610,3083951,81566,19012808
1790115805305282278,12182610,8993686,3610,3084411,81581,19012808
1790115805421457653,12183348,8993943,3610,3084866,81594,19012808
1790115805536792696,12184064,8994189,3610,3085331,81608,19012808
1790115805652676737,12184789,8994453,3610,3085778,81622,19012808
1790115805767177780,12185508,8994698,3610,3086239,81636,19012808
1790115805882976074,12186239,8994949,3610,3086694,81649,19012808
1790115805997737336,12186949,8995223,3610,3087125,81663,19012808
1790115806113956148,12187683,8995492,3610,3087572,81676,19012808
1790115806228974523,12188393,8995727,3610,3088054,81684,19012808
1790115806344548288,12189107,8995978,3610,3088507,81699,19012808
1790115806459799858,12189807,8996230,3610,3088964,81709,19012808
1790115806574395801,12190531,8996488,3610,3089409,81723,19012808
1790115806690093240,12191262,8996749,3610,3089853,81740,19012808
1790115806804246938,12191981,8997004,3610,3090299,81753,19012808
1790115806918942816,12192679,8997233,3610,3090777,81765,19012808
1790115807031779807,12193371,8997473,3610,3091232,81777,19012808
1790115807144755321,12194094,8997730,3610,3091670,81789,19012808
1790115807258060701,12194794,8997977,3610,3092121,81799,19012808
1790115807371623103,12195487,8998227,3610,3092560,81818,19012808
1790115807485302280,12196204,8998456,3610,3092951,81911,19012808
1790115807599850703,12196933,8998703,3610,3093406,81925,19012808
1790115807715724812,12197658,8998951,3610,3093872,81938,19012808
1790115807829299950,12198348,8999202,3610,3094317,81952,19012808
1790115807945469449,12199074,8999450,3610,3094778,81966,19012808
1790115808059256765,12199785,8999696,3610,3095230,81983,19012808
1790115808173747889,12200491,8999944,3610,3095683,81994,19012808
1790115808289567805,12201217,9000199,3610,3096140,82006,19012808
1790115808404769541,12201952,9000430,3610,3096624,82015,19012808
1790115808519282428,12202671,9000682,3610,3097069,82034,19012808
1790115808634733870,12203426,9000942,3610,3097520,82047,19012808
1790115808749753348,12204141,9001201,3610,3097961,82065,19012808
1790115808863908002,12204849,9001453,3610,3098407,82080,19012808
1790115808978098143,12205579,9001701,3610,3098861,82092,19012808
1790115809092801343,12206295,9001938,3610,3099331,82105,19012808
1790115809208990494,12207037,9002200,3610,3099781,82121,19012808
1790115809323275802,12207755,9002451,3610,3100234,82131,19012808
1790115809437257093,12208479,9002698,3610,3100686,82146,19012808
1790115809552048422,12209193,9002948,3610,3101139,82159,19012808
1790115809667311700,12209885,9003198,3610,3101601,82171,19012808
1790115809782695705,12210617,9003429,3610,3102076,82185,19012808
1790115809897737057,12211336,9003681,3610,3102531,82199,19012808
1790115810012196143,12212055,9003930,3610,3102984,82212,19012808
1790115810127420936,12212790,9004200,3610,3103418,82229,19012808
1790115810240483356,12213495,9004455,3610,3103837,82259,19012808
1790115810355690040,12214216,9004694,3610,3104249,82333,19012808
1790115810471195111,12214943,9004915,3610,3104737,82345,19012808
1790115810586572216,12215668,9005173,3610,3105187,82362,19012808
1790115810701062293,12216385,9005418,3610,3105637,82379,19012808
1790115810814818220,12217087,9005663,3610,3106090,82393,19012808
1790115810928047596,12217798,9005916,3610,3106530,82407,19012808
1790115811042335133,12218533,9006167,3610,3106984,82415,19012808
1790115811158052854,12219245,9006418,3610,3107448,82426,19012808
1790115811270630008,12219958,9006713,3610,3107845,82441,19012808
1790115811385872382,12220693,9006970,3610,3108295,82457,19012808
1790115811500916148,12221424,9007227,3610,3108739,82471,19012808
1790115811614828589,12222136,9007475,3610,3109190,82486,19012808
1790115811728200457,12222835,9007737,3610,3109626,82497,19012808
1790115811845791722,12223576,9007974,3610,3110110,82513,19012808
1790115811961213496,12224306,9008213,3610,3110580,82524,19012808
1790115812073759076,12224990,9008465,3610,3111020,82538,19012808
1790115812187354882,12225700,9008724,3610,3111462,82550,19012808
1790115812302025223,12226435,9008975,3610,3111909,82566,19012808
1790115812414956470,12227150,9009221,3610,3112356,82580,19012808
1790115812529453209,12227863,9009456,3610,3112832,82589,19012808
1790115812647325418,12228623,9009725,3610,3113285,82602,19012808
1790115812762213612,12229328,9009967,3610,3113743,82621,19012808
1790115812876964144,12230059,9010221,3610,3114192,82637,19012808
1790115812991549452,12230769,9010467,3610,3114651,82649,19012808
1790115813106791948,12231483,9010698,3610,3115057,82732,19012808
1790115813219695694,12232211,9010958,3610,3115494,82744,19012808
1790115813335525463,12232929,9011206,3610,3115958,82755,19012808
1790115813449902427,12233655,9011448,3610,3116422,82765,19012808
1790115813564387761,12234381,9011710,3610,3116868,82777,19012808
1790115813678863283,12235092,9011984,3610,3117290,82793,19012808
1790115813792852235,12235816,9012237,3610,3117738,82804,19012808
1790115813915080396,12236612,9012506,3610,3118223,82817,19012808
1790115814028732897,12237316,9012792,3610,3118635,82831,19012808
1790115814144688966,12238050,9013037,3610,3119101,82844,19012808
1790115814258991507,12238752,9013278,3610,3119561,82860,19012808
1790115814374097197,12239465,9013525,3610,3120018,82874,19012808
1790115814489705532,12240186,9013826,3610,3120433,82885,19012808
1790115814602957492,12240896,9014053,3610,3120905,82898,19012808
1790115814718488140,12241629,9014310,3610,3121356,82911,19012808
1790115814834174119,12242369,9014588,3610,3121790,82923,19012808
1790115814946902105,12243087,9014850,3610,3122222,82937,19012808
1790115815062268022,12243794,9015115,3610,3122665,82949,19012808
1790115815174653379,12244518,9015403,3610,3123070,82961,19012808
1790115815290095120,12245246,9015692,3610,3123495,82970,19012808
1790115815406921513,12245977,9015972,3610,3123931,82986,19012808
1790115815521885661,12246700,9016219,3610,3124386,83006,19012808
1790115815636970383,12247428,9016480,3610,3124829,83020,19012808
1790115815751069029,12248146,9016733,3610,3125275,83033,19012808
1790115815864975119,12248862,9016967,3610,3125677,83114,19012808
1790115815979967696,12249586,9017196,3610,3126161,83125,19012808
1790115816094945915,12250300,9017443,3610,3126616,83137,19012808
1790115816210712796,12251002,9017694,3610,3127074,83152,19012808
1790115816324933142,12251742,9017966,3610,3127507,83164,19012808
1790115816440031148,12252438,9018218,3610,3127959,83177,19012808
1790115816552075204,12253146,9018471,3610,3128395,83189,19012808
1790115816665333820,12253863,9018710,3610,3128855,83204,19012808
1790115816781861096,12254590,9018966,3610,3129311,83220,19012808
1790115816897681340,12255323,9019255,3610,3129738,83232,19012808
1790115817011376889,12256061,9019521,3610,3130167,83248,19012808
1790115817126028891,12256772,9019780,3610,3130607,83264,19012808
1790115817242703979,12257512,9020042,3610,3131063,83276,19012808
1790115817357045007,12258230,9020273,3610,3131541,83288,19012808
1790115817474227197,12258978,9020519,3610,3132009,83303,19012808
1790115817587915033,12259679,9020763,3610,3132465,83317,19012808
1790115817702419069,12260371,9021003,3610,3132920,83334,19012808
1790115817816842953,12261106,9021283,3610,3133340,83349,19012808
1790115817932749581,12261871,9021532,3610,3133804,83361,19012808
1790115818047292743,12262584,9021762,3610,3134285,83372,19012808
1790115818164394050,12263312,9021999,3610,3134762,83386,19012808
1790115818275913795,12264000,9022250,3610,3135200,83396,19012808
1790115818391564855,12264715,9022532,3610,3135628,83411,19012808
1790115818506984503,12265433,9022786,3610,3136089,83421,19012808
1790115818621624706,12266167,9023022,3610,3136481,83508,19012808
1790115818739115639,12266910,9023282,3610,3136940,83523,19012808
1790115818858257419,12267659,9023519,3610,3137435,83539,19012808
1790115818972350812,12268379,9023760,3610,3137893,83555,19012808
1790115819088665938,12269111,9024027,3610,3138333,83575,19012808
1790115819202533409,12269818,9024289,3610,3138770,83585,19012808
1790115819317093754,12270521,9024551,3610,3139211,83599,19012808
1790115819433019123,12271247,9024821,3610,3139657,83611,19012808
1790115819547483408,12271961,9025053,3610,3140129,83622,19012808
1790115819664780562,12272702,9025309,3610,3140593,83635,19012808
1790115819780253971,12273441,9025553,3610,3141059,83649,19012808
1790115819898567005,12274175,9025846,3610,3141487,83664,19012808
1790115820011080549,12274881,9026100,3610,3141928,83677,19012808
1790115820124989327,12275585,9026357,3610,3142372,83688,19012808
1790115820241391739,12276312,9026586,3610,3142864,83696,19012808
1790115820357350654,12277017,9026836,3610,3143325,83710,19012808
1790115820470853899,12277740,9027105,3610,3143753,83725,19012808
1790115820586500116,12278471,9027362,3610,3144210,83737,19012808
1790115820700361394,12279183,9027624,3610,3144645,83750,19012808
1790115820814837106,12279898,9027892,3610,3145080,83767,19012808
1790115820930200410,12280635,9028150,3610,3145536,83776,19012808
1790115821044387691,12281345,9028393,3610,3145994,83787,19012808
1790115821158753755,12282067,9028661,3610,3146427,83803,19012808
1790115821275232440,12282807,9028923,3610,3146886,83813,19012808
1790115821389640389,12283506,9029163,3610,3147343,83827,19012808
1790115821504613337,12284232,9029393,3610,3147746,83918,19012808
1790115821621426079,12284938,9029626,3610,3148232,83930,19012808
1790115821737088194,12285644,9029885,3610,3148683,83943,19012808
1790115821853291428,12286368,9030140,3610,3149145,83957,19012808
1790115821968506778,12287068,9030401,3610,3149592,83969,19012808
1790115822083039849,12287786,9030646,3610,3150046,83983,19012808
1790115822197097140,12288526,9030894,3610,3150497,83998,19012808
1790115822312760987,12289254,9031120,3610,3150990,84005,19012808
1790115822429651256,12289995,9031358,3610,3151470,84019,19012808
1790115822544695971,12290702,9031600,3610,3151931,84036,19012808
1790115822660312520,12291416,9031852,3610,3152384,84050,19012808
1790115822774033093,12292124,9032100,3610,3152836,84059,19012808
1790115822888446472,12292833,9032339,3610,3153302,84074,19012808
1790115823001955484,12293531,9032576,3610,3153758,84090,19012808
1790115823116273556,12294247,9032825,3610,3154211,84102,19012808
1790115823231708146,12294958,9033081,3610,3154662,84118,19012808
1790115823346361548,12295670,9033330,3610,3155121,84127,19012808
1790115823459754821,12296386,9033602,3610,3155545,84138,19012808
1790115823574027190,12297089,9033852,3610,3155996,84152,19012808
1790115823687990268,12297788,9034090,3610,3156462,84163,19012808
1790115823802999442,12298514,9034340,3610,3156918,84176,19012808
1790115823948512968,12299450,9034651,3610,3157510,84188,19012808
1790115824063414933,12300179,9034918,3610,3157950,84199,19012808
1790115824184527909,12300953,9035181,3610,3158385,84255,19012808
1790115824299025138,12301705,9035418,3610,3158827,84294,19012808
1790115824412067132,12302394,9035655,3610,3159290,84305,19012808
1790115824528783995,12303106,9035893,3610,3159766,84318,19012808
1790115824643969311,12303848,9036128,3610,3160235,84335,19012808
1790115824758950083,12304574,9036367,3610,3160702,84346,19012808
1790115824871550062,12305304,9036623,3610,3161142,84358,19012808
1790115824986755830,12306031,9036874,3610,3161594,84373,19012808
1790115825100174478,12306745,9037463,3610,3161709,84381,19039688
1790115825212827649,12307468,9037874,3610,3162012,84382,19046728
1790115825330776776,12308220,9037963,3610,3162673,84383,19046728
1790115825446235312,12308957,9038042,3610,3163326,84383,19046728
1790115825560654599,12309687,9038115,3610,3163977,84383,19046728
1790115825677725114,12310438,9038237,3610,3164606,84384,19046728
1790115825792204425,12311173,9038275,3610,3165295,84384,19046728
1790115825906566386,12311898,9038389,3610,3165905,84384,19046728
1790115826023607152,12312643,9038463,3610,3166576,84385,19046728
1790115826137830909,12313366,9038533,3610,3167237,84385,19046728
1790115826254900559,12314118,9038660,3610,3167853,84387,19046728
1790115826369263081,12314851,9038692,3610,3168550,84387,19046728
1790115826484430223,12315580,9038771,3610,3169201,84388,19046728
1790115826599897069,12316311,9038893,3610,3169818,84388,19046728
1790115826714748112,12317044,9038937,3610,3170502,84389,19046728
1790115826831453855,12317788,9039057,3610,3171122,84389,19046728
1790115826948583556,12318532,9039139,3610,3171785,84389,19046728
1790115827062949288,12319260,9039225,3610,3172428,84391,19046728
1790115827180001150,12320014,9039343,3610,3173054,84391,19046728
1790115827294341610,12320745,9039376,3610,3173749,84391,19046728
1790115827412450542,12321494,9039511,3610,3174362,84392,19046728
1790115827529444049,12322244,9039589,3610,3175030,84392,19046728
1790115827643805308,12322972,9039649,3610,3175702,84392,19046728
1790115827760813139,12323715,9039734,3610,3176361,84393,19046728
1790115827878594410,12324472,9039824,3610,3177017,84393,19046728
1790115827993208186,12325205,9039895,3610,3177676,84394,19046728
1790115828110323307,12325957,9040009,3610,3178305,84394,19046728
1790115828224892711,12326685,9040035,3610,3179013,84395,19046728
1790115828337763988,12327401,9040151,3610,3179615,84395,19046728
1790115828455456848,12328159,9040273,3610,3180237,84396,19046728
1790115828571812513,12328904,9040395,3610,3180858,84396,19046728
1790115828689063485,12329662,9040497,3610,3181501,84396,19046728
1790115828804577074,12330393,9040639,3610,3182092,84397,19046728
1790115828940600121,12331264,9040742,3610,3182852,84397,19046728
1790115829054869036,12331981,9040815,3610,3183510,84398,19046728
1790115829172152004,12332735,9040919,3610,3184152,84398,19046728
1790115829288027928,12333478,9041098,3610,3184709,84399,19046728
1790115829405107898,12334220,9041188,3610,3185363,84399,19046728
1790115829522356597,12334973,9041345,3610,3185950,84399,19046728
1790115829638755638,12335715,9041437,3610,3186603,84399,19046728
1790115829755795922,12336461,9041508,3610,3187276,84399,19046728
1790115829869852690,12337188,9041610,3610,3187898,84400,19046728
1790115829987076433,12337934,9041773,3610,3188480,84400,19046728
1790115830104378810,12338685,9041917,3610,3189079,84401,19046728
1790115830221555300,12339429,9042034,3610,3189706,84402,19046728
1790115830338955815,12340171,9042188,3610,3190301,84403,19046728
1790115830456149349,12340924,9042300,3610,3190932,84406,19046728
1790115830568842777,12341641,9042341,3610,3191611,84406,19046728
1790115830683473023,12342378,9042417,3610,3192259,84407,19046728
1790115830800879448,12343124,9042569,3610,3192855,84408,19046728
1790115830918119845,12343880,9042730,3610,3193437,84409,19046728
1790115831035108768,12344628,9042852,3610,3194060,84409,19046728
1790115831152230654,12345375,9042970,3610,3194685,84409,19046728
1790115831269296688,12346124,9043092,3610,3195307,84410,19046728
1790115831383187690,12346854,9043123,3610,3196004,84410,19046728
1790115831500340172,12347600,9043240,3610,3196632,84410,19046728
1790115831617857234,12348352,9043331,3610,3197291,84410,19046728
1790115831734583141,12349093,9043462,3610,3197897,84411,19046728
1790115831849435333,12349827,9043594,3610,3198497,84411,19046728
1790115831966081680,12350578,9043755,3610,3199078,84412,19046728
1790115832083287553,12351325,9043889,3610,3199688,84412,19046728
1790115832198686709,12352058,9043954,3610,3200360,84412,19046728
1790115832311973049,12352771,9044088,3610,3200946,84412,19046728
1790115832429480331,12353529,9044235,3610,3201545,84413,19046728
1790115832545887874,12354284,9044373,3610,3202146,84413,19046728
1790115832662452289,12355025,9044479,3610,3202779,84413,19046728
1790115832778046711,12355764,9044606,3610,3203388,84414,19046728
1790115832892395961,12356495,9044734,3610,3203985,84414,19046728
1790115833007213334,12357234,9044793,3610,3204660,84414,19046728
1790115833122584216,12357966,9044942,3610,3205242,84414,19046728
1790115833239775418,12358713,9045101,3610,3205830,84415,19046728
1790115833354056006,12359447,9045250,3610,3206407,84416,19046728
1790115833471253368,12360197,9045413,3610,3206989,84416,19046728
1790115833588749035,12360940,9045536,3610,3207613,84418,19046728
1790115833705794003,12361690,9045610,3610,3208285,84418,19046728
1790115833819876500,12362410,9045673,3610,3208948,84420,19046728
1790115833937165664,12363162,9045763,3610,3209602,84420,19046728
1790115834053731602,12363900,9045914,3610,3210192,84422,19046728
1790115834170774741,12364642,9046008,3610,3210843,84422,19046728
1790115834287471870,12365391,9046167,3610,3211420,84423,19046728
1790115834404436409,12366134,9046268,3610,3212062,84423,19046728
1790115834521562764,12366886,9046347,3610,3212729,84423,19046728
1790115834635681039,12367618,9046422,3610,3213382,84424,19046728
1790115834752640787,12368369,9046543,3610,3214000,84424,19046728
1790115834869791829,12369125,9046703,3610,3214585,84427,19046728
1790115834986808263,12369871,9046816,3610,3215217,84428,19046728
1790115835104011658,12370620,9046967,3610,3215809,84428,19046728
1790115835220983388,12371364,9047074,3610,3216446,84428,19046728
1790115835335906253,12372095,9047103,3610,3217150,84428,19046728
1790115835450278895,12372825,9047208,3610,3217770,84429,19046728
1790115835567739632,12373574,9047351,3610,3218377,84430,19046728
1790115835684713145,12374309,9047503,3610,3218967,84430,19046728
1790115835801891952,12375060,9047621,3610,3219593,84430,19046728
1790115835918796766,12375809,9047787,3610,3220168,84432,19046728
1790115836035789781,12376555,9047912,3610,3220787,84432,19046728
1790115836149877263,12377286,9047946,3610,3221482,84432,19046728
1790115836267451643,12378036,9048061,3610,3222113,84433,19046728
1790115836382213492,12378773,9048157,3610,3222745,84433,19046728
1790115836499353666,12379506,9048309,3610,3223334,84436,19046728
1790115836616067264,12380251,9048430,3610,3223958,84436,19046728
1790115836733219621,12380997,9048568,3610,3224563,84437,19046728
1790115836850485357,12381737,9048691,3610,3225184,84437,19046728
1790115836965190799,12382472,9048739,3610,3225870,84438,19046728
1790115837079472736,12383197,9048859,3610,3226473,84438,19046728
1790115837196602321,12383947,9048979,3610,3227097,84438,19046728
1790115837312481813,12384684,9049103,3610,3227710,84439,19046728
1790115837429370187,12385434,9049215,3610,3228345,84439,19046728
1790115837543962354,12386174,9049353,3610,3228934,84440,19046728
1790115837657625971,12386900,9049455,3610,3229552,84440,19046728
1790115837772223878,12387638,9049507,3610,3230232,84440,19046728
1790115837889195525,12388387,9049615,3610,3230868,84441,19046728
1790115838006155680,12389136,9049782,3610,3231446,84441,19046728
1790115838118066704,12389845,9049899,3610,3232038,84443,19046728
1790115838235438365,12390591,9050022,3610,3232659,84443,19046728
1790115838352096760,12391338,9050136,3610,3233289,84444,19046728
1790115838469676739,12392092,9050205,3610,3233971,84444,19046728
1790115838584390059,12392819,9050281,3610,3234624,84444,19046728
1790115838702002023,12393572,9050387,3610,3235265,84444,19046728
1790115838817433774,12394311,9050521,3610,3235862,84445,19046728
1790115838951644457,12395163,9050651,3610,3236585,84445,19046728
1790115839068610400,12395910,9050807,3610,3237176,84447,19046728
1790115839186113017,12396657,9050919,3610,3237810,84447,19046728
1790115839300718287,12397385,9050983,3610,3238478,84447,19046728
1790115839415212706,12398119,9051052,3610,3239134,84448,19046728
1790115839532538786,12398865,9051166,3610,3239764,84448,19046728
1790115839649541625,12399605,9051325,3610,3240347,84450,19046728
1790115839766805014,12400354,9051472,3610,3240951,84450,19046728
1790115839883885285,12401090,9051624,3610,3241542,84450,19046728
1790115840001306043,12401845,9051745,3610,3242165,84450,19046728
1790115840116226252,12402581,9051766,3610,3242878,84450,19046728
1790115840231781046,12403314,9051860,3610,3243521,84451,19046728
1790115840346635311,12404043,9051975,3610,3244138,84452,19046728
1790115840463878696,12404787,9052104,3610,3244751,84453,19046728
1790115840581023950,12405545,9052217,3610,3245382,84453,19046728
1790115840698111561,12406287,9052334,3610,3246007,84456,19046728
1790115840815438758,12407038,9052449,3610,3246636,84456,19046728
1790115840929887347,12407767,9052485,3610,3247331,84457,19046728
1790115841044350012,12408496,9052603,3610,3247938,84458,19046728
1790115841161483908,12409242,9052757,3610,3248531,84458,19046728
1790115841278790316,12409985,9052874,3610,3249159,84460,19046728
1790115841396079034,12410736,9052963,3610,3249816,84460,19046728
1790115841509456952,12411454,9053095,3610,3250401,84462,19046728
1790115841625745813,12412195,9053222,3610,3251017,84462,19046728
1790115841740505361,12412928,9053287,3610,3251680,84463,19046728
1790115841857056089,12413676,9053391,3610,3252317,84463,19046728
1790115841974309514,12414428,9053528,3610,3252925,84463,19046728
1790115842090621611,12415168,9053624,3610,3253565,84465,19046728
1790115842207688106,12415917,9053789,3610,3254149,84466,19046728
1790115842324422953,12416660,9053936,3610,3254740,84466,19046728
1790115842441989500,12417406,9054024,3610,3255404,84466,19046728
1790115842556473368,12418146,9054096,3610,3256059,84466,19046728
1790115842673832874,12418889,9054187,3610,3256715,84466,19046728
1790115842789450090,12419628,9054331,3610,3257302,84467,19046728
1790115842906543787,12420377,9054412,3610,3257967,84468,19046728
1790115843023386395,12421117,9054564,3610,3258555,84471,19046728
1790115843140801941,12421866,9054654,3610,3259216,84472,19046728
1790115843257962978,12422612,9054727,3610,3259888,84472,19046728
1790115843372606628,12423348,9054809,3610,3260523,84481,19046728
1790115843490432691,12424100,9054918,3610,3261119,84527,19046728
1790115843608062623,12424851,9055048,3610,3261698,84568,19046728
1790115843725212369,12425597,9055157,3610,3262301,84601,19046728
1790115843842536423,12426343,9055275,3610,3262885,84643,19046728
1790115843964910795,12427125,9055373,3610,3263529,84683,19046728
1790115844080348738,12427863,9055465,3610,3264170,84684,19046728
1790115844209211556,12428698,9055578,3610,3264848,84713,19046728
1790115844329215952,12429463,9055745,3610,3265429,84728,19046728
1790115844450674155,12430232,9055827,3610,3266110,84736,19046728
1790115844567439327,12430983,9055922,3610,3266710,84785,19046728
1790115844684643648,12431737,9056001,3610,3267369,84793,19046728
1790115844798915485,12432468,9056089,3610,3268010,84794,19046728
1790115844916608031,12433223,9056194,3610,3268631,84822,19046728
1790115845031788382,12433960,9056222,3610,3269334,84822,19046728
1790115845146677093,12434692,9056305,3610,3269981,84823,19046728
1790115845261869699,12435425,9056423,3610,3270595,84823,19046728
1790115845376599109,12436161,9056466,3610,3271278,84823,19046728
1790115845492978218,12436894,9056566,3610,3271921,84825,19046728
1790115845610230564,12437658,9056639,3610,3272594,84825,19046728
1790115845724797424,12438386,9056717,3610,3273245,84826,19046728
1790115845842013361,12439135,9056838,3610,3273869,84826,19046728
1790115845957410088,12439872,9056863,3610,3274578,84826,19046728
1790115846074945222,12440618,9056986,3610,3275204,84827,19046728
1790115846192684054,12441380,9057062,3610,3275879,84827,19046728
1790115846307320638,12442115,9057126,3610,3276539,84829,19046728
1790115846424582087,12442862,9057215,3610,3277195,84829,19046728
1790115846539520702,12443589,9057286,3610,3277856,84829,19046728
1790115846653770900,12444308,9057373,3610,3278500,84830,19046728
1790115846770815865,12445053,9057537,3610,3279079,84831,19046728
1790115846885698561,12445784,9057591,3610,3279758,84831,19046728
1790115847002356417,12446531,9057793,3610,3280282,84838,19046728
1790115847118824429,12447260,9058043,3610,3280751,84849,19046728
1790115847234536879,12447985,9058288,3610,3281217,84863,19046728
1790115847348618917,12448697,9058543,3610,3281661,84874,19046728
1790115847464303891,12449419,9058782,3610,3282129,84890,19046728
1790115847579032281,12450140,9059030,3610,3282526,84964,19046728
1790115847697629223,12450894,9059274,3610,3282974,85018,19046728
1790115847813209223,12451624,9059537,3610,3283422,85028,19046728
1790115847928900809,12452340,9059807,3610,3283860,85043,19046728
1790115848043834582,12453043,9060040,3610,3284333,85058,19046728
1790115848158634544,12453773,9060291,3610,3284781,85078,19046728
1790115848273864112,12454495,9060549,3610,3285229,85091,19046728
1790115848389922037,12455233,9060788,3610,3285704,85102,19046728
1790115848506751652,12455967,9061042,3610,3286168,85115,19046728
1790115848623320915,12456694,9061289,3610,3286635,85129,19046728
1790115848737019453,12457407,9061529,3610,3287097,85142,19046728
1790115848852350918,12458137,9061780,3610,3287553,85155,19046728
1790115848970261479,12458860,9062038,3610,3288016,85170,19046728
1790115849085540362,12459582,9062273,3610,3288495,85179,19046728
1790115849200316926,12460280,9062519,3610,3288960,85188,19046728
1790115849313964238,12460997,9062771,3610,3289407,85200,19046728
1790115849429493053,12461728,9063037,3610,3289852,85212,19046728
1790115849545794695,12462438,9063291,3610,3290311,85229,19046728
1790115849660205707,12463176,9063559,3610,3290741,85243,19046728
1790115849776485966,12463901,9063831,3610,3291189,85254,19046728
1790115849891002307,12464641,9064108,3610,3291616,85266,19046728
1790115850005516720,12465361,9064356,3610,3292073,85279,19046728
1790115850120609380,12466091,9064616,3610,3292520,85293,19046728
1790115850234529725,12466810,9064870,3610,3292966,85304,19046728
1790115850348556570,12467510,9065114,3610,3293424,85314,19046728
1790115850462829263,12468211,9065353,3610,3293890,85326,19046728
1790115850578786457,12468927,9065605,3610,3294350,85337,19046728
1790115850694299483,12469646,9065851,3610,3294817,85350,19046728
1790115850810012345,12470354,9066092,3610,3295282,85364,19046728
1790115850924676282,12471065,9066332,3610,3295749,85374,19046728
1790115851040336225,12471775,9066592,3610,3296198,85391,19046728
1790115851157533785,12472523,9066808,3610,3296635,85471,19046728
1790115851273086045,12473259,9067068,3610,3297087,85486,19046728
1790115851389541384,12473993,9067316,3610,3297552,85498,19046728
1790115851503235081,12474705,9067574,3610,3297989,85515,19046728
1790115851618376250,12475434,9067820,3610,3298450,85528,19046728
1790115851731513203,12476130,9068075,3610,3298888,85545,19046728
1790115851844702590,12476831,9068306,3610,3299358,85553,19046728
1790115851960201402,12477561,9068591,3610,3299783,85566,19046728
1790115852073592164,12478273,9068854,3610,3300213,85582,19046728
1790115852187634193,12478981,9069142,3610,3300627,85597,19046728
1790115852301957736,12479702,9069400,3610,3301071,85610,19046728
1790115852415727227,12480407,9069644,3610,3301524,85622,19046728
1790115852531456634,12481149,9069880,3610,3302003,85635,19046728
1790115852648029406,12481863,9070143,3610,3302455,85648,19046728
1790115852763956688,12482578,9070391,3610,3302918,85661,19046728
1790115852879406637,12483302,9070632,3610,3303390,85672,19046728
1790115852995241653,12484020,9070881,3610,3303846,85687,19046728
1790115853111858834,12484752,9071142,3610,3304303,85700,19046728
1790115853227467143,12485497,9071411,3610,3304744,85714,19046728
1790115853343905443,12486216,9071658,3610,3305208,85731,19046728
1790115853460786583,12486928,9071907,3610,3305676,85746,19046728
1790115853574288416,12487625,9072157,3610,3306119,85760,19046728
1790115853690678889,12488343,9072408,3610,3306578,85778,19046728
1790115853804100116,12489042,9072654,3610,3307028,85790,19046728
1790115853919916606,12489754,9072857,3610,3307468,85874,19046728
1790115854037058492,12490481,9073094,3610,3307951,85889,19046728
1790115854152843060,12491205,9073338,3610,3308414,85907,19046728
1790115854267642027,12491914,9073597,3610,3308860,85918,19046728
1790115854382595488,12492641,9073860,3610,3309297,85930,19046728
1790115854496383088,12493350,9074109,3610,3309748,85941,19046728
1790115854611431639,12494059,9074344,3610,3310218,85956,19046728
1790115854726874231,12494791,9074592,3610,3310680,85968,19046728
1790115854842544744,12495527,9074851,3610,3311129,85982,19046728
1790115854958698614,12496253,9075111,3610,3311578,85997,19046728
1790115855072960065,12496977,9075360,3610,3312026,86012,19046728
1790115855187590147,12497676,9075611,3610,3312466,86030,19046728
1790115855302642635,12498385,9075833,3610,3312950,86039,19046728
1790115855417935965,12499110,9076074,3610,3313412,86053,19046728
1790115855533075263,12499836,9076326,3610,3313857,86074,19046728
1790115855648331197,12500560,9076595,3610,3314299,86084,19046728
1790115855764179942,12501294,9076848,3610,3314751,86104,19046728
1790115855878360527,12502002,9077093,3610,3315205,86118,19046728
1790115855992936784,12502715,9077330,3610,3315669,86131,19046728
1790115856105098591,12503423,9077576,3610,3316101,86149,19046728
1790115856219950557,12504134,9077831,3610,3316546,86165,19046728
1790115856334640364,12504828,9078080,3610,3316993,86180,19046728
1790115856448806255,12505542,9078341,3610,3317415,86193,19046728
1790115856561369076,12506253,9078579,3610,3317859,86207,19046728
1790115856676317557,12506969,9078811,3610,3318266,86290,19046728
1790115856793096964,12507707,9079088,3610,3318705,86297,19046728
1790115856908752728,12508449,9079336,3610,3319161,86311,19046728
1790115857023928781,12509192,9079577,3610,3319615,86327,19046728
1790115857139182999,12509913,9079829,3610,3320058,86338,19046728
1790115857254031487,12510613,9080068,3610,3320519,86351,19046728
1790115857368535171,12511314,9080307,3610,3320970,86363,19046728
1790115857485231963,12512044,9080539,3610,3321449,86375,19046728
1790115857600946869,12512786,9080779,3610,3321906,86389,19046728
1790115857716936025,12513507,9081027,3610,3322357,86404,19046728
1790115857832204897,12514233,9081294,3610,3322790,86418,19046728
1790115857947910799,12514930,9081534,3610,3323251,86429,19046728
1790115858061261279,12515663,9081778,3610,3323698,86442,19046728
1790115858180396153,12516396,9082002,3610,3324196,86452,19046728
1790115858294772318,12517116,9082253,3610,3324642,86469,19046728
1790115858408443720,12517822,9082498,3610,3325093,86485,19046728
1790115858522351567,12518558,9082733,3610,3325555,86500,19046728
1790115858636379189,12519259,9082987,3610,3325997,86515,19046728
1790115858751765035,12520008,9083242,3610,3326452,86527,19046728
1790115858870603558,12520770,9083490,3610,3326938,86538,19046728
1790115858989318890,12521518,9083739,3610,3327420,86553,19046728
1790115859103345691,12522224,9083977,3610,3327883,86565,19046728
1790115859218128170,12522953,9084225,3610,3328330,86584,19046728
1790115859334810710,12523686,9084475,3610,3328799,86595,19046728
1790115859450686366,12524414,9084705,3610,3329208,86680,19046728
1790115859567782463,12525163,9084947,3610,3329690,86694,19046728
1790115859682679122,12525876,9085183,3610,3330157,86707,19046728
1790115859797196439,12526598,9085448,3610,3330592,86724,19046728
1790115859911931369,12527287,9085696,3610,3331046,86740,19046728
1790115860025949874,12528009,9085946,3610,3331497,86751,19046728
1790115860139927837,12528710,9086198,3610,3331947,86766,19046728
1790115860256523005,12529447,9086441,3610,3332421,86780,19046728
1790115860372566609,12530185,9086686,3610,3332883,86796,19046728
1790115860486590321,12530900,9086942,3610,3333328,86811,19046728
1790115860601398908,12531636,9087190,3610,3333783,86827,19046728
1790115860715835793,12532354,9087437,3610,3334237,86840,19046728
1790115860828715465,12533090,9087690,3610,3334678,86853,19046728
1790115860946218378,12533834,9087928,3610,3335164,86864,19046728
1790115861062814987,12534556,9088177,3610,3335634,86877,19046728
1790115861178191846,12535282,9088418,3610,3336097,86894,19046728
1790115861293051168,12536004,9088658,3610,3336551,86914,19046728
1790115861408504249,12536716,9088900,3610,3337022,86926,19046728
1790115861524336177,12537439,9089147,3610,3337492,86934,19046728
1790115861643333418,12538171,9089396,3610,3337972,86948,19046728
1790115861757524057,12538873,9089655,3610,3338416,86961,19046728
1790115861872064816,12539584,9089902,3610,3338863,86980,19046728
1790115861986906085,12540302,9090158,3610,3339311,86994,19046728
1790115862100958547,12541006,9090408,3610,3339758,87009,19046728
1790115862215913359,12541748,9090656,3610,3340143,87098,19046728
1790115862335410498,12542485,9090903,3610,3340635,87107,19046728
1790115862451346137,12543193,9091169,3610,3341082,87119,19046728
1790115862566925099,12543923,9091421,3610,3341544,87132,19046728
1790115862682277239,12544650,9091672,3610,3341999,87146,19046728
1790115862797125156,12545355,9091937,3610,3342435,87161,19046728
1790115862912615210,12546057,9092186,3610,3342897,87176,19046728
1790115863034051308,12546804,9092427,3610,3343402,87188,19046728
1790115863149096182,12547507,9092673,3610,3343863,87203,19046728
1790115863264607668,12548241,9092925,3610,3344321,87216,19046728
1790115863380306900,12548961,9093169,3610,3344783,87231,19046728
1790115863493684588,12549677,9093415,3610,3345227,87249,19046728
1790115863610071261,12550405,9093670,3610,3345692,87259,19046728
1790115863722521036,12551106,9093910,3610,3346152,87268,19046728
1790115863838260112,12551849,9094168,3610,3346609,87278,19046728
1790115863953400552,12552558,9094411,3610,3347075,87288,19046728
1790115864068629711,12553299,9094658,3610,3347533,87300,19046728
1790115864182510480,12553996,9094901,3610,3347990,87310,19046728
1790115864297744810,12554725,9095137,3610,3348465,87321,19046728
1790115864409907727,12555433,9095386,3610,3348903,87336,19046728
1790115864526404943,12556182,9095636,3610,3349370,87350,19046728
1790115864641368630,12556895,9095903,3610,3349802,87366,19046728
1790115864754937386,12557610,9096173,3610,3350231,87380,19046728
1790115864871166898,12558338,9096417,3610,3350688,87403,19046728
1790115864985522179,12559071,9096648,3610,3351094,87486,19046728
1790115865102407366,12559802,9096905,3610,3351560,87497,19046728
1790115865217879861,12560520,9097162,3610,3352010,87512,19046728
1790115865333127600,12561267,9097423,3610,3352450,87529,19046728
1790115865446800217,12561973,9097704,3610,3352870,87541,19046728
1790115865560173966,12562680,9097963,3610,3353307,87554,19046728
1790115865675279224,12563392,9098238,3610,3353744,87565,19046728
1790115865789300834,12564111,9098475,3610,3354208,87577,19046728
1790115865906015976,12564854,9098729,3610,3354671,87592,19046728
1790115866021871098,12565578,9098975,3610,3355135,87607,19046728
1790115866136899747,12566303,9099209,3610,3355601,87625,19046728
1790115866252666291,12567023,9099461,3610,3356059,87642,19046728
1790115866368188742,12567767,9099708,3610,3356517,87653,19046728
1790115866485159171,12568488,9099938,3610,3357007,87666,19046728
1790115866599972631,12569197,9100184,3610,3357463,87683,19046728
1790115866715212492,12569925,9100427,3610,3357933,87694,19046728
1790115866829560163,12570623,9100678,3610,3358385,87708,19046728
1790115866943879685,12571370,9100929,3610,3358832,87721,19046728
1790115867058016110,12572084,9101181,3610,3359281,87738,19046728
1790115867175559864,12572798,9101408,3610,3359778,87748,19046728
1790115867290006880,12573525,9101648,3610,3360236,87763,19046728
1790115867404557066,12574254,9101931,3610,3360653,87782,19046728
1790115867520503227,12574993,9102182,3610,3361111,87796,19046728
1790115867635808212,12575709,9102437,3610,3361562,87811,19046728
1790115867750265856,12576400,9102667,3610,3361972,87886,19046728
1790115867865523433,12577132,9102901,3610,3362439,87910,19046728
1790115867978784515,12577858,9103144,3610,3362894,87921,19046728
1790115868092540376,12578585,9103416,3610,3363322,87934,19046728
1790115868206731567,12579276,9103667,3610,3363773,87947,19046728
1790115868322202635,12579978,9103915,3610,3364222,87968,19046728
1790115868437688764,12580706,9104165,3610,3364685,87981,19046728
1790115868552344089,12581440,9104397,3610,3365156,87995,19046728
1790115868668110819,12582146,9104639,3610,3365626,88007,19046728
1790115868783202394,12582874,9104889,3610,3366082,88021,19046728
1790115868899343085,12583574,9105150,3610,3366535,88036,19046728
1790115869012747186,12584266,9105409,3610,3366966,88051,19046728
1790115869126934750,12584991,9105660,3610,3367417,88064,19046728
1790115869242227124,12585719,9105918,3610,3367870,88074,19046728
1790115869356202400,12586424,9106162,3610,3368320,88094,19046728
1790115869471552205,12587142,9106451,3610,3368741,88106,19046728
1790115869585948946,12587841,9106699,3610,3369194,88121,19046728
1790115869700865714,12588579,9106943,3610,3369656,88136,19046728
1790115869814585111,12589295,9107208,3610,3370087,88148,19046728
1790115869930238763,12590044,9107427,3610,3370585,88161,19046728
1790115870044459030,12590748,9107670,3610,3371045,88172,19046728
1790115870159343283,12591491,9107942,3610,3371475,88184,19046728
1790115870275404553,12592233,9108202,3610,3371925,88200,19046728
1790115870391940422,12592943,9108471,3610,3372376,88212,19046728
1790115870506416849,12593663,9108731,3610,3372818,88225,19046728
1790115870627276756,12594413,9108953,3610,3373279,88304,19046728
1790115870743718255,12595165,9109207,3610,3373736,88318,19046728
1790115870859128047,12595895,9109450,3610,3374199,88333,19046728
1790115870972210352,12596619,9109709,3610,3374635,88345,19046728
1790115871086517752,12597331,9109966,3610,3375075,88362,19046728
1790115871200574771,12598061,9110262,3610,3375485,88374,19046728
1790115871316794352,12598802,9110486,3610,3375977,88385,19046728
1790115871434220467,12599543,9110729,3610,3376451,88402,19046728
1790115871549641845,12600261,9110983,3610,3376905,88414,19046728
1790115871664503607,12600985,9111252,3610,3377339,88433,19046728
1790115871778886973,12601692,9111506,3610,3377780,88450,19046728
1790115871894366753,12602425,9111753,3610,3378250,88459,19046728
1790115872009536310,12603145,9111993,3610,3378725,88468,19046728
1790115872125492703,12603889,9112241,3610,3379184,88481,19046728
1790115872241711937,12604621,9112485,3610,3379656,88491,19046728
1790115872356813934,12605346,9112757,3610,3380091,88505,19046728
1790115872470010910,12606041,9113015,3610,3380528,88519,19046728
1790115872585025621,12606769,9113258,3610,3380986,88534,19046728
1790115872698450573,12607463,9113524,3610,3381428,88543,19046728
1790115872811223341,12608168,9113771,3610,3381865,88560,19046728
1790115872927304875,12608895,9114017,3610,3382332,88577,19046728
1790115873042464923,12609584,9114258,3610,3382795,88591,19046728
1790115873157010824,12610299,9114499,3610,3383254,88605,19046728
1790115873272213916,12611022,9114749,3610,3383707,88619,19046728
1790115873388165441,12611735,9114970,3610,3384189,88644,19046728
1790115873501646221,12612431,9115215,3610,3384645,88653,19046728
1790115873618637346,12613178,9115458,3610,3385120,88669,19046728
1790115873733112941,12613881,9115728,3610,3385551,88683,19046728
1790115873847755783,12614596,9115970,3610,3386012,88695,19046728
1790115873962131232,12615308,9116222,3610,3386465,88711,19046728
1790115874075764566,12616013,9116473,3610,3386912,88721,19046728
1790115874192387790,12616727,9116715,3610,3387394,88729,19046728
1790115874306893507,12617431,9116958,3610,3387848,88744,19046728
1790115874421041358,12618130,9117199,3610,3388307,88758,19046728
1790115874535047495,12618867,9117449,3610,3388752,88776,19046728
1790115874651946668,12619589,9117701,3610,3389224,88786,19046728
1790115874767569333,12620288,9117938,3610,3389702,88795,19046728
1790115874884516095,12621009,9118181,3610,3390174,88810,19046728
1790115874998640728,12621717,9118449,3610,3390612,88820,19046728
1790115875112291378,12622444,9118708,3610,3391048,88838,19046728
1790115875225965257,12623131,9118971,3610,3391477,88852,19046728
1790115875340342639,12623861,9119215,3610,3391936,88864,19046728
1790115875454001449,12624565,9119433,3610,3392427,88874,19046728
1790115875567269876,12625268,9119684,3610,3392864,88891,19046728
1790115875682543752,12626009,9119934,3610,3393320,88904,19046728
1790115875798965127,12626729,9120184,3610,3393785,88917,19046728
1790115875913050553,12627428,9120462,3610,3394203,88933,19046728
1790115876027283202,12628151,9120725,3610,3394641,88946,19046728
1790115876141325721,12628870,9120950,3610,3395119,88959,19046728
1790115876255085911,12629586,9121184,3610,3395582,88973,19046728
1790115876370209593,12630293,9121419,3610,3396055,88985,19046728
1790115876485197376,12631032,9121664,3610,3396515,89000,19046728
1790115876598992278,12631767,9121913,3610,3396960,89016,19046728
1790115876714896212,12632481,9122168,3610,3397420,89029,19046728
1790115876829109012,12633192,9122405,3610,3397887,89039,19046728
1790115876943391271,12633912,9122642,3610,3398353,89052,19046728
1790115877058028116,12634629,9122892,3610,3398806,89066,19046728
1790115877172876537,12635335,9123131,3610,3399273,89078,19046728
1790115877285540969,12636042,9123400,3610,3399698,89091,19046728
1790115877399126842,12636750,9123640,3610,3400153,89104,19046728
1790115877515767608,12637481,9123877,3610,3400641,89113,19046728
1790115877631479164,12638206,9124122,3610,3401102,89127,19046728
1790115877746197284,12638922,9124385,3610,3401539,89145,19046728
1790115877862106700,12639636,9124638,3610,3401995,89160,19046728
1790115877976281154,12640355,9124897,3610,3402435,89176,19046728
1790115878091071279,12641092,9125168,3610,3402875,89189,19046728
1790115878204220394,12641805,9125403,3610,3403332,89201,19046728
1790115878318031342,12642528,9125651,3610,3403784,89213,19046728
1790115878434240321,12643253,9125900,3610,3404247,89228,19046728
1790115878549350665,12643963,9126150,3610,3404698,89247,19046728
1790115878663958617,12644672,9126403,3610,3405146,89262,19046728
1790115878780441939,12645407,9126664,3610,3405603,89272,19046728
1790115878895896941,12646128,9126888,3610,3406092,89283,19046728
1790115879021408821,12646924,9127161,3610,3406593,89296,19046728
1790115879136961173,12647637,9127422,3610,3407034,89317,19046728
1790115879251199500,12648368,9127719,3610,3407432,89337,19046728
1790115879364299744,12649075,9127980,3610,3407865,89350,19046728
1790115879477552617,12649784,9128244,3610,3408302,89360,19046728
1790115879593073396,12650511,9128472,3610,3408786,89370,19046728
1790115879707477418,12651227,9128733,3610,3409231,89382,19046728
1790115879821525834,12651963,9128981,3610,3409675,89399,19046728
1790115879935682254,12652681,9129236,3610,3410118,89416,19046728
1790115880049798834,12653402,9129474,3610,3410579,89431,19046728
1790115880163042312,12654116,9129727,3610,3411023,89443,19046728
1790115880276403488,12654832,9129962,3610,3411494,89454,19046728
1790115880392492897,12655558,9130218,3610,3411940,89470,19046728
1790115880508976732,12656305,9130461,3610,3412412,89486,19046728
1790115880623586331,12657033,9130698,3610,3412873,89503,19046728
1790115880738733085,12657785,9130959,3610,3413320,89515,19046728
1790115880854202334,12658533,9131220,3610,3413768,89529,19046728
1790115880968711953,12659255,9131768,3610,3413933,89536,19071176
1790115881081984646,12659976,9132175,3610,3414239,89539,19079496
1790115881198497763,12660726,9132247,3610,3414905,89539,19079496
1790115881316211869,12661488,9132314,3610,3415588,89540,19079496
1790115881430304631,12662213,9132397,3610,3416229,89540,19079496
1790115881547641058,12662958,9132516,3610,3416855,89540,19079496
1790115881662613327,12663694,9132537,3610,3417573,89540,19079496
1790115881780673802,12664449,9132681,3610,3418177,89542,19079496
1790115881898200469,12665206,9132773,3610,3418830,89542,19079496
1790115882012949477,12665929,9132846,3610,3419488,89543,19079496
1790115882130407133,12666686,9132949,3610,3420129,89543,19079496
1790115882247559217,12667430,9133032,3610,3420791,89544,19079496
1790115882361962464,12668137,9133132,3610,3421421,89545,19079496
1790115882479354201,12668887,9133271,3610,3422027,89545,19079496
1790115882593419761,12669618,9133293,3610,3422733,89545,19079496
1790115882707961141,12670340,9133374,3610,3423382,89546,19079496
1790115882824837224,12671096,9133493,3610,3424007,89546,19079496
1790115882939746525,12671834,9133518,3610,3424714,89546,19079496
1790115883055203344,12672568,9133681,3610,3425282,89547,19079496
1790115883175673489,12673337,9133806,3610,3425928,89547,19079496
1790115883292930370,12674082,9133926,3610,3426550,89547,19079496
1790115883412203957,12674850,9134044,3610,3427190,89547,19079496
1790115883531217179,12675611,9134170,3610,3427823,89547,19079496
1790115883659209497,12676426,9134312,3610,3428494,89548,19079496
1790115883781724885,12677205,9134472,3610,3429116,89549,19079496
1790115883896617490,12677941,9134530,3610,3429785,89549,19079496
1790115884018360330,12678724,9134678,3610,3430412,89549,19079496
1790115884137953810,12679482,9134759,3610,3431096,89550,19079496
1790115884256159158,12680234,9134843,3610,3431763,89551,19079496
1790115884375380641,12680996,9134997,3610,3432364,89551,19079496
1790115884489681308,12681729,9135176,3610,3432916,89552,19079496
1790115884610212067,12682500,9135284,3610,3433571,89552,19079496
1790115884734616580,12683286,9135479,3610,3434166,89552,19079496
1790115884851584216,12684032,9135583,3610,3434803,89553,19079496
1790115884969230369,12684790,9135652,3610,3435486,89553,19079496
1790115885083911715,12685515,9135731,3610,3436136,89555,19079496
1790115885201204468,12686267,9135846,3610,3436767,89555,19079496
1790115885318565948,12687010,9135963,3610,3437391,89556,19079496
1790115885435240817,12687750,9136047,3610,3438052,89556,19079496
1790115885549631171,12688472,9136228,3610,3438599,89557,19079496
1790115885660974804,12689187,9136339,3610,3439197,89557,19079496
1790115885778226251,12689937,9136430,3610,3439852,89557,19079496
1790115885892712660,12690667,9136517,3610,3440493,89558,19079496
1790115886010395534,12691416,9136602,3610,3441154,89559,19079496
1790115886127940115,12692155,9136761,3610,3441743,89561,19079496
1790115886245671563,12692908,9136856,3610,3442398,89562,19079496
1790115886362970592,12693663,9137000,3610,3442998,89562,19079496
1790115886478831667,12694405,9137098,3610,3443637,89562,19079496
1790115886596085889,12695161,9137169,3610,3444311,89563,19079496
1790115886710430164,12695886,9137258,3610,3444947,89564,19079496
1790115886827681414,12696638,9137359,3610,3445594,89565,19079496
1790115886943269501,12697375,9137513,3610,3446173,89566,19079496
1790115887060548863,12698127,9137609,3610,3446821,89566,19079496
1790115887177985479,12698870,9137760,3610,3447416,89570,19079496
1790115887293597678,12699613,9137859,3610,3448049,89570,19079496
1790115887410805601,12700360,9137932,3610,3448728,89570,19079496
1790115887525449582,12701105,9138009,3610,3449376,89571,19079496
1790115887642929116,12701861,9138114,3610,3450027,89571,19079496
1790115887760594388,12702606,9138232,3610,3450646,89572,19079496
1790115887876631482,12703341,9138319,3610,3451298,89572,19079496
1790115887993886554,12704087,9138487,3610,3451878,89573,19079496
1790115888111236855,12704844,9138583,3610,3452527,89573,19079496
1790115888228486154,12705589,9138655,3610,3453200,89573,19079496
1790115888342526878,12706313,9138737,3610,3453842,89574,19079496
1790115888459837558,12707060,9138855,3610,3454474,89574,19079496
1790115888576694037,12707819,9138988,3610,3455085,89575,19079496
1790115888693406664,12708564,9139068,3610,3455743,89576,19079496
1790115888809656534,12709315,9139241,3610,3456307,89576,19079496
1790115888926807009,12710064,9139330,3610,3456969,89576,19079496
1790115889044123633,12710821,9139399,3610,3457646,89576,19079496
1790115889158478021,12711558,9139476,3610,3458295,89577,19079496
1790115889275643854,12712306,9139601,3610,3458914,89577,19079496
1790115889392463367,12713043,9139723,3610,3459534,89579,19079496
1790115889509629315,12713791,9139826,3610,3460180,89579,19079496
1790115889626734132,12714545,9139950,3610,3460802,89579,19079496
1790115889744186617,12715304,9140035,3610,3461462,89579,19079496
1790115889860122129,12716050,9140098,3610,3462139,89579,19079496
1790115889974996214,12716769,9140174,3610,3462793,89580,19079496
1790115890092198929,12717527,9140301,3610,3463411,89580,19079496
1790115890209431530,12718276,9140441,3610,3464013,89581,19079496
1790115890326581836,12719021,9140568,3610,3464631,89581,19079496
1790115890443789982,12719763,9140724,3610,3465222,89583,19079496
1790115890561099182,12720513,9140802,3610,3465891,89583,19079496
1790115890673712470,12721227,9140864,3610,3466548,89583,19079496
1790115890788378850,12721974,9140953,3610,3467182,89583,19079496
1790115890905778110,12722728,9141082,3610,3467804,89583,19079496
1790115891022746104,12723477,9141219,3610,3468409,89584,19079496
1790115891139971180,12724227,9141359,3610,3469013,89584,19079496
1790115891253851457,12724951,9141514,3610,3469580,89587,19079496
1790115891371455226,12725711,9141601,3610,3470239,89587,19079496
1790115891487237851,12726451,9141689,3610,3470890,89587,19079496
1790115891601486990,12727177,9141771,3610,3471532,89588,19079496
1790115891718495283,12727923,9141889,3610,3472157,89588,19079496
1790115891835563687,12728661,9142024,3610,3472765,89589,19079496
1790115891952877059,12729410,9142146,3610,3473394,89589,19079496
1790115892067854895,12730145,9142311,3610,3473959,89590,19079496
1790115892185222082,12730894,9142405,3610,3474610,89591,19079496
1790115892302035500,12731642,9142480,3610,3475280,89591,19079496
1790115892416454924,12732368,9142556,3610,3475927,89593,19079496
1790115892533605830,12733113,9142677,3610,3476548,89594,19079496
1790115892650850147,12733860,9142821,3610,3477154,89594,19079496
1790115892767988917,12734612,9142927,3610,3477794,89594,19079496
1790115892883407876,12735346,9143097,3610,3478353,89594,19079496
1790115893000124374,12736095,9143186,3610,3479008,89595,19079496
1790115893117236488,12736852,9143258,3610,3479682,89595,19079496
1790115893231592218,12737582,9143350,3610,3480316,89595,19079496
1790115893348668232,12738330,9143484,3610,3480931,89596,19079496
1790115893465799495,12739085,9143645,3610,3481513,89596,19079496
1790115893582913442,12739838,9143759,3610,3482145,89596,19079496
1790115893694370377,12740557,9143985,3610,3482625,89596,19079496
1790115893810515369,12741292,9144177,3610,3483171,89596,19079496
1790115893928114964,12742049,9144338,3610,3483760,89597,19079496
1790115894042103525,12742776,9144480,3610,3484342,89597,19079496
1790115894157414223,12743510,9144629,3610,3484925,89598,19079496
1790115894284360886,12744310,9144867,3610,3485493,89599,19079496
1790115894401333829,12745060,9144989,3610,3486113,89600,19079496
1790115894518451641,12745806,9145135,3610,3486711,89600,19079496
1790115894634946467,12746557,9145244,3610,3487345,89602,19079496
1790115894751993516,12747306,9145320,3610,3488015,89602,19079496
1790115894866572762,12748029,9145392,3610,3488671,89603,19079496
1790115894983965180,12748781,9145471,3610,3489338,89603,19079496
1790115895098161622,12749511,9145608,3610,3489925,89604,19079496
1790115895215524271,12750266,9145700,3610,3490579,89604,19079496
1790115895332536079,12751006,9145854,3610,3491167,89605,19079496
1790115895449624173,12751755,9145945,3610,3491821,89605,19079496
1790115895566816315,12752506,9146017,3610,3492500,89605,19079496
1790115895681098363,12753232,9146090,3610,3493152,89606,19079496
1790115895798657100,12753979,9146219,3610,3493768,89607,19079496
1790115895915618932,12754728,9146346,3610,3494388,89607,19079496
1790115896032973677,12755481,9146429,3610,3495052,89607,19079496
1790115896147214066,12756213,9146573,3610,3495632,89608,19079496
1790115896265175565,12756956,9146668,3610,3496289,89608,19079496
1790115896382093660,12757700,9146740,3610,3496961,89608,19079496
1790115896496794758,12758426,9146824,3610,3497608,89609,19079496
1790115896613935345,12759177,9146965,3610,3498211,89609,19079496
1790115896731264057,12759918,9147095,3610,3498825,89610,19079496
1790115896848351288,12760662,9147225,3610,3499442,89610,19079496
1790115896966174403,12761414,9147355,3610,3500060,89611,19079496
1790115897081031335,12762148,9147441,3610,3500704,89612,19079496
1790115897196544859,12762877,9147513,3610,3501364,89612,19079496
1790115897311206196,12763612,9147596,3610,3502011,89614,19079496
1790115897428596677,12764362,9147723,3610,3502629,89614,19079496
1790115897545910731,12765103,9147849,3610,3503252,89614,19079496
1790115897663067322,12765853,9147964,3610,3503881,89615,19079496
1790115897780131078,12766595,9148094,3610,3504495,89616,19079496
1790115897897500183,12767342,9148179,3610,3505156,89616,19079496
1790115898011038745,12768068,9148247,3610,3505812,89616,19079496
1790115898125960333,12768787,9148324,3610,3506464,89617,19079496
1790115898243195602,12769539,9148458,3610,3507075,89618,19079496
1790115898360425417,12770277,9148597,3610,3507678,89620,19079496
1790115898482834438,12771056,9148726,3610,3508331,89620,19079496
1790115898600018918,12771803,9148890,3610,3508909,89621,19079496
1790115898717027045,12772550,9149027,3610,3509519,89621,19079496
1790115898832612869,12773290,9149105,3610,3510173,89622,19079496
1790115898946855461,12774026,9149195,3610,3510813,89623,19079496
1790115899064086305,12774781,9149347,3610,3511406,89623,19079496
1790115899181052674,12775536,9149468,3610,3512029,89623,19079496
1790115899298565644,12776283,9149585,3610,3512656,89623,19079496
1790115899415470487,12777035,9149711,3610,3513274,89624,19079496
1790115899532546980,12777779,9149816,3610,3513917,89625,19079496
1790115899647411557,12778515,9149877,3610,3514585,89625,19079496
1790115899761996695,12779253,9149967,3610,3515227,89625,19079496
1790115899879193838,12780009,9150110,3610,3515829,89625,19079496
1790115899996245720,12780743,9150245,3610,3516436,89626,19079496
1790115900113422380,12781491,9150415,3610,3517012,89626,19079496
1790115900230662715,12782224,9150543,3610,3517625,89627,19079496
1790115900347670614,12782975,9150642,3610,3518276,89627,19079496
1790115900459913509,12783696,9150688,3610,3518947,89627,19079496
1790115900574379972,12784426,9150757,3610,3519601,89628,19079496
1790115900691412095,12785176,9150886,3610,3520217,89629,19079496
1790115900806193535,12785913,9150911,3610,3520925,89629,19079496
1790115900922868611,12786652,9151060,3610,3521517,89630,19079496
1790115901040193465,12787405,9151169,3610,3522154,89631,19079496
1790115901154685613,12788133,9151255,3610,3522798,89631,19079496
1790115901271360720,12788884,9151359,3610,3523433,89631,19079496
1790115901388488153,12789638,9151467,3610,3524069,89631,19079496
1790115901502950741,12790366,9151545,3610,3524721,89632,19079496
1790115901620634007,12791117,9151669,3610,3525342,89632,19079496
1790115901736207423,12791858,9151690,3610,3526060,89632,19079496
1790115901851921851,12792595,9151775,3610,3526712,89633,19079496
1790115901969318759,12793347,9151929,3610,3527300,89633,19079496
1790115902084002545,12794075,9151967,3610,3527995,89633,19079496
1790115902199437381,12794817,9152126,3610,3528564,89634,19079496
1790115902316841993,12795567,9152205,3610,3529235,89635,19079496
1790115902431387031,12796301,9152263,3610,3529901,89635,19079496
1790115902547867678,12797045,9152396,3610,3530512,89636,19079496
1790115902665113481,12797797,9152486,3610,3531167,89636,19079496
1790115902779632745,12798528,9152562,3610,3531815,89636,19079496
1790115902896923663,12799281,9152692,3610,3532436,89636,19079496
1790115903010699247,12800010,9152724,3610,3533127,89636,19079496
1790115903125457366,12800740,9152805,3610,3533768,89638,19079496
1790115903242738579,12801484,9152924,3610,3534400,89638,19079496
1790115903357639902,12802214,9152950,3610,3535099,89638,19079496
1790115903473747855,12802951,9153161,3610,3535617,89647,19079496
1790115903587461207,12803651,9153421,3610,3536055,89661,19079496
1790115903702033024,12804370,9153668,3610,3536508,89676,19079496
1790115903816052530,12805074,9153912,3610,3536958,89692,19079496
1790115903930038376,12805773,9154157,3610,3537409,89708,19079496
1790115904045263300,12806486,9154407,3610,3537869,89718,19079496
1790115904159644549,12807214,9154644,3610,3538340,89728,19079496
1790115904273977654,12807931,9154921,3610,3538767,89738,19079496
1790115904388533116,12808641,9155181,3610,3539214,89752,19079496
1790115904503627573,12809382,9155417,3610,3539680,89767,19079496
1790115904616376044,12810103,9155663,3610,3540118,89786,19079496
1790115904729202321,12810851,9155909,3610,3540570,89797,19079496
1790115904845082006,12811594,9156131,3610,3541064,89806,19079496
1790115904958915122,12812304,9156374,3610,3541522,89816,19079496
1790115905071238825,12813003,9156613,3610,3541976,89830,19079496
1790115905185988334,12813740,9156869,3610,3542425,89843,19079496
1790115905300197037,12814457,9157129,3610,3542863,89858,19079496
1790115905415058087,12815171,9157383,3610,3543312,89870,19079496
1790115905528306890,12815871,9157615,3610,3543777,89884,19079496
1790115905644011428,12816582,9157860,3610,3544244,89902,19079496
1790115905757397806,12817289,9158097,3610,3544699,89912,19079496
1790115905871746087,12818007,9158337,3610,3545163,89925,19079496
1790115905985992494,12818699,9158584,3610,3545613,89940,19079496
1790115906099545296,12819431,9158835,3610,3546059,89957,19079496
1790115906216034036,12820163,9159082,3610,3546525,89970,19079496
1790115906332463999,12820871,9159327,3610,3546996,89986,19079496
1790115906447037997,12821579,9159563,3610,3547463,90000,19079496
1790115906561847266,12822277,9159802,3610,3547927,90012,19079496
1790115906676902691,12823004,9160055,3610,3548388,90022,19079496
1790115906790969301,12823716,9160310,3610,3548832,90033,19079496
1790115906903452661,12824418,9160540,3610,3549298,90045,19079496
1790115907017116415,12825166,9160781,3610,3549759,90054,19079496
1790115907130955069,12825882,9161017,3610,3550221,90069,19079496
1790115907245180487,12826600,9161258,3610,3550679,90081,19079496
1790115907358737337,12827300,9161519,3610,3551113,90097,19079496
1790115907473671442,12828015,9161784,3610,3551554,90110,19079496
1790115907587872461,12828728,9162061,3610,3551985,90120,19079496
1790115907702761253,12829441,9162295,3610,3552449,90141,19079496
1790115907818065609,12830157,9162545,3610,3552904,90156,19079496
1790115907932069585,12830860,9162787,3610,3553360,90170,19079496
1790115908047070834,12831587,9163025,3610,3553823,90190,19079496
1790115908161634966,12832300,9163284,3610,3554273,90200,19079496
1790115908276329435,12833047,9163526,3610,3554733,90213,19079496
1790115908391886797,12833784,9163797,3610,3555172,90228,19079496
1790115908507392465,12834510,9164082,3610,3555594,90244,19079496
1790115908622748750,12835241,9164357,3610,3556026,90259,19079496
1790115908738882421,12835958,9164607,3610,3556490,90270,19079496
1790115908851969899,12836649,9164856,3610,3556934,90284,19079496
1790115908966897583,12837385,9165088,3610,3557412,90294,19079496
1790115909083316796,12838103,9165323,3610,3557894,90305,19079496
1790115909196394007,12838821,9165577,3610,3558338,90318,19079496
1790115909311090719,12839545,9165818,3610,3558797,90334,19079496
1790115909425032693,12840237,9166071,3610,3559238,90349,19079496
1790115909539432220,12840944,9166340,3610,3559669,90365,19079496
1790115909654372468,12841669,9166593,3610,3560126,90377,19079496
1790115909770418790,12842420,9166839,3610,3560591,90392,19079496
1790115909886441080,12843157,9167085,3610,3561058,90404,19079496
1790115910001197427,12843859,9167342,3610,3561502,90421,19079496
1790115910113899654,12844557,9167602,3610,3561933,90435,19079496
1790115910228101849,12845281,9167865,3610,3562373,90447,19079496
1790115910341607071,12846003,9168090,3610,3562851,90459,19079496
1790115910457331866,12846730,9168354,3610,3563300,90471,19079496
1790115910571234287,12847437,9168631,3610,3563715,90488,19079496
1790115910687438050,12848171,9168890,3610,3564168,90504,19079496
1790115910801651872,12848889,9169134,3610,3564618,90520,19079496
1790115910914582458,12849582,9169385,3610,3565060,90537,19079496
1790115911030074557,12850340,9169612,3610,3565543,90548,19079496
1790115911146258030,12851073,9169859,3610,3566009,90562,19079496
1790115911259075054,12851769,9170113,3610,3566447,90577,19079496
1790115911373611292,12852489,9170356,3610,3566907,90591,19079496
1790115911487412528,12853198,9170609,3610,3567353,90601,19079496
1790115911600929253,12853904,9170858,3610,3567798,90617,19079496
1790115911716937842,12854650,9171103,3610,3568271,90627,19079496
1790115911830302838,12855375,9171343,3610,3568729,90638,19079496
1790115911943447599,12856077,9171590,3610,3569184,90647,19079496
1790115912058947547,12856798,9171831,3610,3569649,90659,19079496
1790115912173599874,12857508,9172074,3610,3570105,90678,19079496
1790115912288212448,12858201,9172334,3610,3570551,90690,19079496
1790115912404219864,12858920,9172574,3610,3571026,90700,19079496
1790115912521188706,12859648,9172827,3610,3571490,90716,19079496
1790115912635546308,12860359,9173072,3610,3571947,90728,19079496
1790115912750351782,12861078,9173322,3610,3572402,90741,19079496
1790115912862939603,12861792,9173570,3610,3572845,90756,19079496
1790115912976718503,12862499,9173856,3610,3573248,90777,19079496
1790115913089884470,12863230,9174103,3610,3573704,90789,19079496
1790115913205764535,12863960,9174352,3610,3574169,90797,19079496
1790115913319504640,12864690,9174656,3610,3574566,90810,19079496
1790115913434352317,12865404,9174909,3610,3575019,90822,19079496
1790115913549974661,12866118,9175166,3610,3575473,90836,19079496
1790115913664005462,12866843,9175432,3610,3575910,90847,19079496
1790115913778651583,12867547,9175669,3610,3576379,90859,19079496
1790115913892018134,12868254,9175911,3610,3576830,90875,19079496
1790115914005218220,12868983,9176147,3610,3577287,90890,19079496
1790115914132320325,12869793,9176426,3610,3577791,90906,19079496
1790115914246175343,12870511,9176685,3610,3578226,90922,19079496
1790115914358810842,12871209,9176935,3610,3578663,90938,19079496
1790115914470855590,12871914,9177177,3610,3579117,90945,19079496
1790115914586210972,12872629,9177425,3610,3579581,90953,19079496
1790115914701701723,12873383,9177671,3610,3580046,90967,19079496
1790115914817208659,12874131,9177904,3610,3580518,90981,19079496
1790115914931304768,12874833,9178168,3610,3580955,90995,19079496
1790115915047653260,12875571,9178438,3610,3581402,91007,19079496
1790115915162084483,12876282,9178664,3610,3581881,91017,19079496
1790115915276572228,12876982,9178931,3610,3582319,91029,19079496
1790115915391783138,12877707,9179188,3610,3582765,91046,19079496
1790115915505834776,12878411,9179455,3610,3583198,91059,19079496
1790115915617986353,12879122,9179736,3610,3583602,91077,19079496
1790115915731896452,12879853,9179990,3610,3584049,91089,19079496
1790115915846923548,12880558,9180225,3610,3584523,91102,19079496
1790115915961432621,12881261,9180467,3610,3584988,91114,19079496
1790115916076223941,12881956,9180716,3610,3585440,91127,19079496
1790115916189099607,12882663,9180960,3610,3585886,91143,19079496
1790115916304733735,12883375,9181229,3610,3586325,91158,19079496
1790115916419709379,12884094,9181483,3610,3586779,91171,19079496
1790115916533364210,12884803,9181722,3610,3587245,91180,19079496
1790115916649457129,12885523,9181969,3610,3587706,91199,19079496
1790115916764974354,12886251,9182215,3610,3588163,91216,19079496
1790115916878994021,12886971,9182455,3610,3588629,91228,19079496
1790115916993734957,12887693,9182702,3610,3589078,91243,19079496
1790115917108830549,12888429,9182956,3610,3589528,91260,19079496
1790115917221549282,12889183,9183199,3610,3589981,91272,19079496
1790115917338049617,12889894,9183455,3610,3590443,91283,19079496
1790115917452992123,12890599,9183704,3610,3590902,91294,19079496
1790115917566773916,12891299,9183956,3610,3591347,91309,19079496
1790115917680431011,12891998,9184219,3610,3591782,91321,19079496
1790115917795340942,12892731,9184456,3610,3592248,91336,19079496
1790115917908268458,12893445,9184713,3610,3592688,91350,19079496
1790115918022303152,12894174,9184978,3610,3593122,91364,19079496
1790115918135541383,12894870,9185252,3610,3593543,91378,19079496
1790115918250961762,12895582,9185512,3610,3593991,91394,19079496
1790115918366300865,12896293,9185763,3610,3594449,91409,19079496
1790115918479903755,12897015,9186003,3610,3594900,91425,19079496
1790115918594764355,12897724,9186224,3610,3595390,91434,19079496
1790115918709353168,12898427,9186463,3610,3595860,91445,19079496
1790115918822877711,12899147,9186756,3610,3596263,91457,19079496
1790115918938714399,12899860,9186993,3610,3596740,91472,19079496
1790115919053165525,12900591,9187226,3610,3597202,91488,19079496
1790115919168630015,12901324,9187470,3610,3597663,91503,19079496
1790115919284673981,12902067,9187715,3610,3598137,91513,19079496
1790115919399915161,12902812,9187957,3610,3598608,91524,19079496
1790115919514909687,12903524,9188199,3610,3599066,91541,19079496
1790115919630220136,12904250,9188478,3610,3599490,91558,19079496
1790115919745901324,12904986,9188725,3610,3599951,91576,19079496
1790115919860028662,12905701,9188974,3610,3600401,91588,19079496
1790115919975334185,12906416,9189198,3610,3600890,91602,19079496
1790115920091395586,12907140,9189458,3610,3601340,91614,19079496
1790115920205759151,12907838,9189723,3610,3601776,91629,19079496
1790115920321388535,12908549,9189971,3610,3602240,91640,19079496
1790115920436201113,12909275,9190219,3610,3602696,91656,19079496
1790115920550470019,12909983,9190476,3610,3603143,91668,19079496
1790115920664484276,12910685,9190695,3610,3603625,91680,19079496
1790115920779673221,12911397,9190942,3610,3604087,91693,19079496
1790115920895559977,12912103,9191198,3610,3604543,91706,19079496
1790115921011721807,12912816,9191461,3610,3604993,91719,19079496
1790115921125490943,12913542,9191724,3610,3605425,91735,19079496
1790115921240047552,12914260,9191969,3610,3605887,91746,19079496
1790115921355925216,12914993,9192208,3610,3606359,91757,19079496
1790115921473249685,12915712,9192463,3610,3606823,91774,19079496
1790115921587791822,12916413,9192710,3610,3607282,91785,19079496
1790115921702442212,12917120,9192954,3610,3607743,91797,19079496
1790115921817511132,12917842,9193199,3610,3608198,91812,19079496
1790115921932522116,12918566,9193445,3610,3608664,91824,19079496
1790115922046422140,12919281,9193688,3610,3609125,91834,19079496
1790115922161478849,12920017,9193945,3610,3609569,91849,19079496
1790115922273928195,12920724,9194233,3610,3609975,91862,19079496
1790115922388168571,12921446,9194519,3610,3610392,91874,19079496
1790115922501500975,12922139,9194798,3610,3610807,91890,19079496
1790115922617368423,12922872,9195045,3610,3611272,91902,19079496
1790115922731868068,12923570,9195313,3610,3611712,91914,19079496
1790115922847864547,12924286,9195601,3610,3612136,91927,19079496
1790115922963575304,12925018,9195850,3610,3612598,91940,19079496
1790115923078069301,12925740,9196086,3610,3613067,91955,19079496
1790115923194097160,12926479,9196337,3610,3613526,91966,19079496
1790115923310105787,12927213,9196581,3610,3613990,91982,19079496
1790115923423990977,12927895,9196823,3610,3614452,91992,19079496
1790115923540631756,12928629,9197067,3610,3614925,92005,19079496
1790115923654648091,12929349,9197355,3610,3615341,92016,19079496
1790115923771098274,12930090,9197602,3610,3615804,92034,19079496
1790115923885908423,12930813,9197862,3610,3616254,92046,19079496
1790115924001840180,12931534,9198123,3610,3616704,92061,19079496
1790115924116743068,12932259,9198343,3610,3617192,92074,19079496
1790115924232371783,12932988,9198607,3610,3617636,92087,19079496
1790115924346810237,12933710,9198853,3610,3618092,92101,19079496
1790115924461225367,12934434,9199106,3610,3618541,92114,19079496
1790115924575295761,12935155,9199346,3610,3619003,92126,19079496
1790115924692207313,12935897,9199615,3610,3619458,92139,19079496
1790115924805381591,12936613,9199851,3610,3619912,92154,19079496
1790115924920018460,12937348,9200107,3610,3620357,92168,19079496
1790115925033781868,12938051,9200350,3610,3620810,92186,19079496
1790115925149003008,12938786,9200592,3610,3621276,92198,19079496
1790115925264173382,12939509,9200851,3610,3621719,92213,19079496
1790115925379002738,12940242,9201095,3610,3622180,92227,19079496
1790115925491985814,12940946,9201310,3610,3622667,92236,19079496
1790115925605302383,12941628,9201557,3610,3623114,92248,19079496
1790115925718258868,12942338,9201810,3610,3623562,92258,19079496
1790115925833219716,12943059,9202060,3610,3624010,92274,19079496
1790115925946868220,12943774,9202313,3610,3624460,92285,19079496
1790115926061384893,12944501,9202556,3610,3624920,92295,19079496
1790115926176612733,12945219,9202778,3610,3625410,92306,19079496
1790115926293113841,12945962,9203018,3610,3625884,92324,19079496
1790115926409274514,12946724,9203273,3610,3626336,92339,19079496
1790115926525445445,12947459,9203524,3610,3626798,92355,19079496
1790115926640754538,12948194,9203787,3610,3627239,92371,19079496
1790115926754959914,12948913,9204049,3610,3627679,92383,19079496
1790115926870745179,12949666,9204281,3610,3628158,92396,19079496
1790115926986969126,12950390,9204529,3610,3628623,92412,19079496
1790115927102455170,12951104,9204786,3610,3629074,92425,19079496
1790115927218458162,12951805,9205026,3610,3629542,92446,19079496
1790115927332293970,12952520,9205269,3610,3629994,92459,19079496
1790115927446572465,12953247,9205513,3610,3630450,92474,19079496
1790115927561973825,12953982,9205736,3610,3630944,92485,19079496
1790115927675291680,12954705,9205977,3610,3631399,92497,19079496
1790115927788608215,12955402,9206251,3610,3631821,92508,19079496
1790115927903612031,12956114,9206495,3610,3632286,92518,19079496
1790115928017903759,12956832,9206744,3610,3632735,92533,19079496
1790115928133464949,12957564,9206982,3610,3633205,92547,19079496
1790115928247416582,12958285,9207219,3610,3633675,92558,19079496
1790115928360735058,12958993,9207449,3610,3634139,92571,19079496
1790115928473547171,12959710,9207708,3610,3634577,92584,19079496
1790115928588381390,12960424,9207950,3610,3635037,92596,19079496
1790115928702754491,12961152,9208216,3610,3635473,92610,19079496
1790115928818198239,12961893,9208478,3610,3635922,92623,19079496
1790115928931755349,12962602,9208731,3610,3636370,92633,19079496
1790115929044195576,12963295,9209008,3610,3636783,92647,19079496
1790115929217076264,12964360,9209349,3610,3637500,92674,19079496
1790115929331592356,12965058,9209585,3610,3637966,92688,19079496
1790115929447327374,12965796,9209830,3610,3638431,92703,19079496
1790115929561991082,12966520,9210091,3610,3638876,92714,19079496
1790115929679986329,12967270,9210331,3610,3639357,92728,19079496
1790115929796749211,12967991,9210586,3610,3639818,92746,19079496
1790115929912373207,12968718,9210835,3610,3640274,92766,19079496
1790115930027644137,12969453,9211078,3610,3640729,92784,19079496
1790115930144743723,12970182,9211332,3610,3641192,92798,19079496
1790115930258953985,12970882,9211545,3610,3641689,92809,19079496
1790115930373280570,12971604,9211796,3610,3642138,92819,19079496
1790115930490784975,12972344,9212045,3610,3642607,92837,19079496
1790115930605693202,12973068,9212318,3610,3643038,92852,19079496
1790115930720917056,12973791,9212586,3610,3643477,92865,19079496
1790115930834082878,12974511,9212827,3610,3643928,92883,19079496
1790115930947443582,12975220,9213063,3610,3644389,92895,19079496
1790115931062851092,12975959,9213299,3610,3644861,92907,19079496
1790115931178105163,12976677,9213560,3610,3645304,92923,19079496
1790115931293061652,12977404,9213820,3610,3645752,92937,19079496
1790115931408083564,12978123,9214079,3610,3646197,92949,19079496
1790115931522110708,12978831,9214328,3610,3646647,92963,19079496
1790115931638297158,12979555,9214550,3610,3647142,92977,19079496
1790115931753083235,12980266,9214805,3610,3647592,92989,19079496
1790115931868982835,12981009,9215050,3610,3648060,93002,19079496
1790115931983402525,12981709,9215293,3610,3648521,93015,19079496
1790115932097327864,12982415,9215539,3610,3648969,93031,19079496
1790115932210795386,12983125,9215793,3610,3649414,93040,19079496
1790115932326194162,12983857,9216019,3610,3649905,93047,19079496
1790115932442806731,12984600,9216265,3610,3650378,93059,19079496
1790115932558647752,12985322,9216520,3610,3650833,93075,19079496
1790115932674671423,12986057,9216772,3610,3651288,93092,19079496
1790115932789369058,12986773,9217031,3610,3651735,93103,19079496
1790115932903851845,12987501,9217282,3610,3652188,93116,19079496
1790115933017393481,12988224,9217522,3610,3652646,93132,19079496
1790115933134021418,12988955,9217790,3610,3653092,93146,19079496
1790115933248014907,12989672,9218069,3610,3653513,93161,19079496
1790115933364313916,12990402,9218304,3610,3653992,93174,19079496
1790115933478594109,12991133,9218551,3610,3654442,93189,19079496
1790115933594372550,12991850,9218787,3610,3654912,93205,19079496
1790115933709763782,12992590,9219014,3610,3655391,93223,19079496
1790115933826529426,12993343,9219257,3610,3655867,93235,19079496
1790115933943073528,12994072,9219501,3610,3656336,93249,19079496
1790115934058328585,12994811,9219773,3610,3656775,93260,19079496
1790115934190319192,12995639,9220056,3610,3657303,93276,19079496
1790115934305088094,12996364,9220302,3610,3657763,93288,19079496
1790115934420114903,12997086,9220535,3610,3658236,93302,19079496
1790115934537068179,12997836,9220790,3610,3658702,93319,19079496
1790115934650251836,12998548,9221042,3610,3659140,93336,19079496
1790115934764573433,12999276,9221278,3610,3659595,93352,19079496
1790115934876192399,12999985,9221520,3610,3660040,93366,19079496
1790115934991848971,13000704,9221768,3610,3660501,93379,19079496
1790115935106517838,13001418,9222005,3610,3660973,93391,19079496
1790115935222243271,13002154,9222255,3610,3661432,93403,19079496
1790115935336278242,13002850,9222497,3610,3661894,93415,19079496
1790115935450805292,13003553,9222743,3610,3662345,93429,19079496
1790115935564964744,13004252,9223003,3610,3662790,93441,19079496
1790115935678290990,13004966,9223273,3610,3663212,93454,19079496
1790115935794195670,13005673,9223508,3610,3663690,93466,19079496
1790115935910100648,13006404,9223752,3610,3664159,93478,19079496
1790115936025628895,13007130,9224018,3610,3664599,93496,19079496
1790115936141827221,13007844,9224271,3610,3665060,93508,19079496
1790115936256586157,13008561,9224538,3610,3665501,93519,19079496
1790115936370033886,13009279,9224793,3610,3665936,93537,19079496
1790115936486082156,13010001,9225027,3610,3666416,93550,19079496
1790115936598852586,13010701,9225281,3610,3666854,93566,19079496
1790115936713447152,13011441,9225520,3610,3667324,93575,19079496
1790115936829449105,13012168,9225799,3610,3667757,93587,19079496
1790115936945035175,13012890,9226066,3610,3668197,93604,19079496
1790115937060619314,13013610,9226316,3610,3668659,93613,19079496
1790115937174079074,13014319,9226680,3610,3669000,93622,19086920
1790115937285970584,13015028,9227366,3610,3669013,93629,19113288
1790115937403475475,13015779,9227459,3610,3669663,93629,19113288
1790115937520690148,13016528,9227575,3610,3670298,93629,19113288
1790115937635362168,13017258,9227607,3610,3670995,93630,19113288
1790115937753003707,13018004,9227723,3610,3671626,93630,19113288
1790115937869080384,13018746,9227891,3610,3672196,93630,19113288
1790115937983619990,13019470,9227943,3610,3672872,93631,19113288
1790115938099639313,13020217,9228085,3610,3673469,93632,19113288
1790115938217449637,13020974,9228171,3610,3674131,93632,19113288
1790115938331869330,13021702,9228215,3610,3674819,93632,19113288
1790115938448044453,13022449,9228317,3610,3675453,93634,19113288
1790115938565618731,13023196,9228396,3610,3676120,93634,19113288
1790115938680724624,13023932,9228462,3610,3676791,93635,19113288
1790115938798097915,13024686,9228558,3610,3677439,93635,19113288
1790115938915394576,13025434,9228638,3610,3678105,93635,19113288
1790115939029878846,13026167,9228698,3610,3678776,93635,19113288
1790115939145019003,13026908,9228789,3610,3679417,93636,19113288
1790115939261737158,13027652,9228869,3610,3680081,93636,19113288
1790115939375952657,13028382,9228949,3610,3680724,93638,19113288
1790115939493201941,13029133,9229020,3610,3681400,93638,19113288
1790115939606854141,13029857,9229082,3610,3682064,93638,19113288
1790115939721023742,13030597,9229166,3610,3682705,93638,19113288
1790115939838013416,13031338,9229304,3610,3683312,93638,19113288
1790115939951470702,13032064,9229336,3610,3684001,93638,19113288
1790115940065661478,13032795,9229436,3610,3684631,93640,19113288
1790115940183031008,13033551,9229633,3610,3685178,93640,19113288
1790115940298267169,13034287,9229654,3610,3685890,93640,19113288
1790115940412422297,13035026,9229760,3610,3686510,93640,19113288
1790115940529615044,13035774,9229955,3610,3687059,93640,19113288
1790115940641121351,13036491,9230025,3610,3687704,93640,19113288
1790115940755669888,13037223,9230184,3610,3688274,93640,19113288
1790115940872937209,13037966,9230401,3610,3688801,93641,19113288
1790115940990283061,13038720,9230598,3610,3689348,93641,19113288
1790115941107311543,13039467,9230722,3610,3689968,93642,19113288
1790115941224577112,13040211,9230895,3610,3690539,93642,19113288
1790115941341905935,13040964,9231012,3610,3691171,93643,19113288
1790115941454989883,13041679,9231170,3610,3691734,93643,19113288
1790115941569659831,13042415,9231218,3610,3692414,93643,19113288
1790115941685443748,13043158,9231334,3610,3693036,93644,19113288
1790115941796787607,13043865,9231461,3610,3693619,93644,19113288
1790115941913986616,13044614,9231611,3610,3694211,93645,19113288
1790115942031062638,13045369,9231754,3610,3694811,93645,19113288
1790115942148227468,13046114,9231911,3610,3695398,93646,19113288
1790115942266095332,13046873,9232017,3610,3696044,93646,19113288
1790115942383252873,13047617,9232106,3610,3696700,93646,19113288
1790115942497922969,13048351,9232194,3610,3697341,93648,19113288
1790115942615285967,13049097,9232281,3610,3698000,93648,19113288
1790115942732593122,13049844,9232456,3610,3698569,93648,19113288
1790115942846784390,13050578,9232590,3610,3699165,93648,19113288
1790115942963892218,13051322,9232694,3610,3699806,93649,19113288
1790115943078236310,13052061,9232883,3610,3700342,93649,19113288
1790115943195443884,13052805,9233035,3610,3700934,93649,19113288
1790115943310090458,13053541,9233068,3610,3701635,93649,19113288
1790115943426999065,13054284,9233164,3610,3702282,93650,19113288
1790115943543208333,13055026,9233283,3610,3702901,93651,19113288
1790115943660207285,13055771,9233409,3610,3703518,93652,19113288
1790115943777229055,13056521,9233556,3610,3704116,93652,19113288
1790115943894993435,13057268,9233721,3610,3704700,93653,19113288
1790115944012589863,13058025,9233822,3610,3705345,93653,19113288
1790115944129698947,13058773,9233900,3610,3706018,93653,19113288
1790115944260001882,13059601,9233990,3610,3706753,93653,19113288
1790115944379500340,13060370,9234130,3610,3707372,93653,19113288
1790115944493429160,13061105,9234287,3610,3707936,93653,19113288
1790115944609835682,13061848,9234394,3610,3708573,93653,19113288
1790115944726967576,13062591,9234531,3610,3709180,93654,19113288
1790115944844370687,13063342,9234652,3610,3709806,93655,19113288
1790115944960665912,13064082,9234788,3610,3710411,93655,19113288
1790115945075305609,13064815,9234869,3610,3711057,93655,19113288
1790115945188839876,13065544,9235030,3610,3711619,93656,19113288
1790115945301836125,13066264,9235183,3610,3712187,93656,19113288
1790115945419055965,13067015,9235351,3610,3712761,93658,19113288
1790115945546332581,13067824,9235479,3610,3713441,93658,19113288
1790115945668609687,13068607,9235652,3610,3714047,93659,19113288
1790115945787203399,13069366,9235744,3610,3714707,93659,19113288
1790115945902870957,13070101,9235857,3610,3715333,93659,19113288
1790115946017204058,13070822,9235962,3610,3715953,93660,19113288
1790115946142421526,13071619,9236071,3610,3716642,93660,19113288
1790115946256290321,13072346,9236222,3610,3717211,93662,19113288
1790115946373090938,13073093,9236320,3610,3717858,93662,19113288
1790115946490331237,13073840,9236466,3610,3718456,93663,19113288
1790115946607744487,13074585,9236589,3610,3719080,93663,19113288
1790115946724034536,13075329,9236726,3610,3719684,93663,19113288
1790115946839017498,13076062,9236776,3610,3720367,93663,19113288
1790115946952097130,13076782,9236912,3610,3720949,93664,19113288
1790115947069485173,13077529,9236988,3610,3721617,93664,19113288
1790115947185386849,13078273,9237153,3610,3722188,93665,19113288
1790115947302762402,13079023,9237288,3610,3722804,93665,19113288
1790115947420074671,13079768,9237438,3610,3723398,93665,19113288
1790115947536919736,13080509,9237530,3610,3724050,93666,19113288
1790115947653832888,13081250,9237620,3610,3724705,93666,19113288
1790115947768015870,13081976,9237703,3610,3725344,93667,19113288
1790115947885055963,13082725,9237776,3610,3726016,93667,19113288
1790115948001070145,13083457,9237929,3610,3726601,93669,19113288
1790115948117630056,13084192,9238045,3610,3727222,93669,19113288
1790115948234724778,13084944,9238175,3610,3727842,93669,19113288
1790115948352049674,13085682,9238277,3610,3728484,93670,19113288
1790115948466029098,13086410,9238420,3610,3729066,93670,19113288
1790115948581110835,13087141,9238458,3610,3729759,93671,19113288
1790115948695957730,13087870,9238579,3610,3730367,93672,19113288
1790115948813563787,13088617,9238651,3610,3731039,93672,19113288
1790115948930865655,13089361,9238829,3610,3731611,93672,19113288
1790115949048221855,13090117,9238973,3610,3732210,93673,19113288
1790115949165450528,13090861,9239127,3610,3732799,93674,19113288
1790115949299163109,13091716,9239248,3610,3733531,93674,19113288
1790115949411297222,13092434,9239289,3610,3734201,93674,19113288
1790115949526027063,13093167,9239377,3610,3734840,93675,19113288
1790115949643253482,13093913,9239501,3610,3735461,93675,19113288
1790115949760640380,13094664,9239653,3610,3736057,93675,19113288
1790115949877759559,13095410,9239744,3610,3736713,93675,19113288
1790115949994754229,13096156,9239915,3610,3737287,93675,19113288
1790115950111475464,13096907,9240043,3610,3737899,93676,19113288
1790115950229093409,13097661,9240123,3610,3738568,93676,19113288
1790115950343872656,13098393,9240168,3610,3739255,93676,19113288
1790115950458792132,13099125,9240286,3610,3739868,93678,19113288
1790115950575899742,13099873,9240367,3610,3740531,93678,19113288
1790115950692181080,13100624,9240496,3610,3741141,93678,19113288
1790115950808328376,13101364,9240664,3610,3741709,93679,19113288
1790115950925439184,13102116,9240847,3610,3742270,93679,19113288
1790115951042590764,13102864,9240940,3610,3742923,93679,19113288
1790115951156609270,13103594,9241027,3610,3743562,93679,19113288
1790115951271216303,13104325,9241111,3610,3744209,93680,19113288
1790115951388496395,13105073,9241228,3610,3744840,93680,19113288
1790115951501323515,13105809,9241360,3610,3745424,93680,19113288
1790115951617438543,13106553,9241473,3610,3746048,93680,19113288
1790115951734527400,13107293,9241637,3610,3746631,93681,19113288
1790115951851051730,13108043,9241762,3610,3747245,93682,19113288
1790115951966635431,13108783,9241914,3610,3747825,93682,19113288
1790115952081490844,13109517,9241952,3610,3748521,93682,19113288
1790115952198458152,13110262,9242064,3610,3749152,93683,19113288
1790115952314671109,13111001,9242161,3610,3749796,93683,19113288
1790115952431730397,13111749,9242337,3610,3750363,93683,19113288
1790115952548922393,13112492,9242465,3610,3750980,93683,19113288
1790115952665955534,13113245,9242628,3610,3751559,93685,19113288
1790115952783259417,13114003,9242733,3610,3752200,93685,19113288
1790115952900346083,13114749,9242834,3610,3752844,93685,19113288
1790115953014881807,13115477,9242926,3610,3753480,93686,19113288
1790115953131579885,13116216,9243020,3610,3754126,93686,19113288
1790115953247876929,13116947,9243180,3610,3754709,93687,19113288
1790115953364059059,13117692,9243281,3610,3755346,93688,19113288
1790115953481391405,13118444,9243376,3610,3755998,93688,19113288
1790115953593427610,13119168,9243527,3610,3756556,93688,19113288
1790115953710514609,13119918,9243653,3610,3757175,93688,19113288
1790115953824837326,13120647,9243674,3610,3757887,93688,19113288
1790115953942503552,13121399,9243766,3610,3758538,93689,19113288
1790115954056782032,13122132,9243933,3610,3759103,93689,19113288
1790115954174108370,13122882,9244079,3610,3759699,93690,19113288
1790115954304420948,13123712,9244222,3610,3760385,93690,19113288
1790115954421313611,13124466,9244379,3610,3760971,93691,19113288
1790115954538694430,13125219,9244495,3610,3761606,93691,19113288
1790115954655863582,13125970,9244584,3610,3762263,93691,19113288
1790115954770441032,13126706,9244670,3610,3762904,93692,19113288
1790115954886670672,13127445,9244792,3610,3763524,93692,19113288
1790115955004204523,13128206,9244976,3610,3764085,93692,19113288
1790115955116068347,13128914,9245132,3610,3764641,93692,19113288
1790115955232212423,13129648,9245246,3610,3765265,93693,19113288
1790115955359208172,13130468,9245417,3610,3765899,93695,19113288
1790115955480466877,13131243,9245548,3610,3766538,93695,19113288
1790115955595350073,13131982,9245573,3610,3767251,93695,19113288
1790115955712845348,13132724,9245679,3610,3767890,93696,19113288
1790115955828521730,13133462,9245808,3610,3768493,93696,19113288
1790115955945830717,13134198,9245982,3610,3769067,93698,19113288
1790115956063342049,13134954,9246118,3610,3769681,93698,19113288
1790115956181323389,13135704,9246253,3610,3770290,93699,19113288
1790115956299221379,13136459,9246352,3610,3770943,93699,19113288
1790115956416228227,13137205,9246424,3610,3771615,93699,19113288
1790115956530868615,13137937,9246507,3610,3772263,93700,19113288
1790115956648463706,13138690,9246591,3610,3772924,93700,19113288
1790115956764032644,13139426,9246782,3610,3773470,93700,19113288
1790115956880200092,13140173,9246901,3610,3774088,93701,19113288
1790115956997406923,13140914,9247013,3610,3774721,93701,19113288
1790115957111475863,13141640,9247183,3610,3775275,93703,19113288
1790115957228657549,13142387,9247317,3610,3775886,93703,19113288
1790115957343583866,13143123,9247347,3610,3776589,93703,19113288
1790115957460612781,13143858,9247445,3610,3777233,93704,19113288
1790115957575210505,13144586,9247563,3610,3777846,93705,19113288
1790115957692223429,13145338,9247694,3610,3778457,93706,19113288
1790115957809554038,13146085,9247821,3610,3779075,93707,19113288
1790115957926608689,13146832,9247964,3610,3779677,93707,19113288
1790115958043302985,13147581,9248074,3610,3780310,93707,19113288
1790115958162049113,13148348,9248163,3610,3780980,93707,19113288
1790115958278182921,13149082,9248245,3610,3781634,93709,19113288
1790115958395469882,13149831,9248345,3610,3782279,93709,19113288
1790115958512897237,13150576,9248442,3610,3782933,93709,19113288
1790115958627503324,13151303,9248518,3610,3783581,93710,19113288
1790115958744974114,13152053,9248655,3610,3784194,93710,19113288
1790115958860423321,13152795,9248681,3610,3784902,93710,19113288
1790115958974742971,13153514,9248758,3610,3785554,93711,19113288
1790115959091938998,13154265,9248887,3610,3786170,93712,19113288
1790115959206665269,13155001,9248908,3610,3786877,93712,19113288
1790115959326534438,13155774,9248988,3610,3787560,93712,19113288
1790115959441986558,13156514,9249141,3610,3788144,93712,19113288
1790115959556780556,13157249,9249176,3610,3788843,93713,19113288
1790115959674104271,13157997,9249277,3610,3789485,93714,19113288
1790115959789774347,13158737,9249419,3610,3790081,93714,19113288
1790115959904710657,13159467,9249446,3610,3790788,93714,19113288
1790115960020105575,13160213,9249586,3610,3791377,93716,19113288
1790115960137388908,13160956,9249651,3610,3792056,93716,19113288
1790115960252565114,13161688,9249701,3610,3792739,93717,19113288
1790115960369012180,13162423,9249821,3610,3793361,93718,19113288
1790115960486235032,13163170,9249933,3610,3793994,93718,19113288
1790115960600978096,13163888,9250038,3610,3794618,93720,19113288
1790115960718316446,13164640,9250146,3610,3795255,93720,19113288
1790115960836032029,13165393,9250232,3610,3795920,93721,19113288
1790115960950846592,13166118,9250296,3610,3796588,93721,19113288
1790115961068126028,13166878,9250392,3610,3797237,93721,19113288
1790115961185130449,13167630,9250474,3610,3797900,93721,19113288
1790115961299714111,13168354,9250581,3610,3798522,93723,19113288
1790115961420774305,13169094,9250826,3610,3799019,93736,19113288
1790115961533643031,13169811,9251065,3610,3799474,93747,19113288
1790115961648801192,13170543,9251301,3610,3799945,93761,19113288
1790115961764845352,13171285,9251552,3610,3800405,93777,19113288
1790115961880635820,13172015,9251793,3610,3800877,93790,19113288
1790115961995371768,13172741,9252041,3610,3801334,93803,19113288
1790115962109779049,13173448,9252307,3610,3801771,93817,19113288
1790115962224606842,13174220,9252556,3610,3802224,93833,19113288
1790115962339244472,13174926,9252806,3610,3802675,93847,19113288
1790115962455829727,13175667,9253060,3610,3803141,93858,19113288
1790115962571430258,13176403,9253315,3610,3803596,93871,19113288
1790115962688482927,13177173,9253585,3610,3804047,93882,19113288
1790115962801621459,13177872,9253833,3610,3804503,93892,19113288
1790115962919042086,13178604,9254079,3610,3804975,93904,19113288
1790115963031918569,13179300,9254340,3610,3805407,93917,19113288
1790115963144944578,13180007,9254594,3610,3805846,93931,19113288
1790115963257666304,13180711,9254850,3610,3806281,93946,19113288
1790115963372337547,13181456,9255077,3610,3806770,93952,19113288
1790115963485980570,13182179,9255337,3610,3807205,93966,19113288
1790115963602044270,13182907,9255587,3610,3807667,93983,19113288
1790115963717704485,13183639,9255858,3610,3808103,93995,19113288
1790115963830077938,13184332,9256113,3610,3808540,94012,19113288
1790115963945267644,13185047,9256352,3610,3809004,94025,19113288
1790115964059735691,13185788,9256618,3610,3809453,94034,19113288
1790115964181414610,13186529,9256860,3610,3809951,94049,19113288
1790115964297589099,13187258,9257098,3610,3810429,94063,19113288
1790115964411325846,13187980,9257370,3610,3810849,94080,19113288
1790115964527086145,13188706,9257627,3610,3811302,94094,19113288
1790115964640615835,13189405,9257868,3610,3811758,94108,19113288
1790115964757573221,13190137,9258122,3610,3812224,94122,19113288
1790115964870844806,13190869,9258366,3610,3812674,94134,19113288
1790115964986594495,13191588,9258610,3610,3813137,94150,19113288
1790115965100916767,13192283,9258863,3610,3813588,94164,19113288
1790115965214698030,13192979,9259118,3610,3814031,94177,19113288
1790115965328673144,13193660,9259361,3610,3814490,94187,19113288
1790115965441225147,13194372,9259579,3610,3814965,94198,19113288
1790115965554028470,13195093,9259821,3610,3815417,94210,19113288
1790115965671329704,13195819,9260083,3610,3815876,94226,19113288
1790115965784965586,13196534,9260367,3610,3816284,94242,19113288
1790115965898467808,13197283,9260632,3610,3816714,94261,19113288
1790115966014696455,13198000,9260883,3610,3817175,94274,19113288
1790115966127802345,13198731,9261126,3610,3817629,94287,19113288
1790115966245285209,13199452,9261374,3610,3818103,94299,19113288
1790115966360801148,13200200,9261624,3610,3818561,94313,19113288
1790115966474526880,13200902,9261863,3610,3819022,94329,19113288
1790115966588608290,13201630,9262108,3610,3819471,94344,19113288
1790115966703382778,13202342,9262360,3610,3819924,94357,19113288
1790115966818001971,13203058,9262591,3610,3820402,94366,19113288
1790115966929970229,13203772,9262850,3610,3820834,94377,19113288
1790115967043506208,13204460,9263109,3610,3821275,94390,19113288
1790115967158377640,13205178,9263358,3610,3821728,94406,19113288
1790115967273917587,13205917,9263627,3610,3822166,94418,19113288
1790115967390520890,13206637,9263886,3610,3822624,94430,19113288
1790115967505109218,13207364,9264121,3610,3823093,94443,19113288
1790115967618284671,13208066,9264364,3610,3823552,94451,19113288
1790115967733486763,13208791,9264614,3610,3824004,94470,19113288
1790115967850429793,13209525,9264869,3610,3824465,94486,19113288
1790115967964468454,13210238,9265117,3610,3824912,94504,19113288
1790115968080651539,13210975,9265376,3610,3825367,94520,19113288
1790115968197355923,13211729,9265617,3610,3825840,94532,19113288
1790115968311176657,13212435,9265876,3610,3826283,94546,19113288
1790115968427916635,13213148,9266126,3610,3826746,94561,19113288
1790115968542642550,13213842,9266380,3610,3827201,94573,19113288
1790115968657221899,13214534,9266633,3610,3827647,94586,19113288
1790115968773514072,13215271,9266884,3610,3828109,94600,19113288
1790115968889537089,13216012,9267107,3610,3828601,94613,19113288
1790115969003630503,13216726,9267350,3610,3829062,94626,19113288
1790115969118514037,13217430,9267617,3610,3829501,94640,19113288
1790115969231821792,13218131,9267891,3610,3829919,94654,19113288
1790115969362664127,13218952,9268168,3610,3830445,94673,19113288
1790115969477488188,13219675,9268422,3610,3830892,94690,19113288
1790115969593983217,13220431,9268669,3610,3831363,94700,19113288
1790115969710504961,13221140,9268926,3610,3831827,94709,19113288
1790115969826507494,13221867,9269229,3610,3832240,94721,19113288
1790115969941970903,13222574,9269473,3610,3832702,94736,19113288
1790115970055724963,13223284,9269736,3610,3833138,94749,19113288
1790115970172607433,13224022,9270001,3610,3833587,94766,19113288
1790115970286847605,13224746,9270223,3610,3834074,94776,19113288
1790115970401430964,13225448,9270473,3610,3834528,94788,19113288
1790115970517294271,13226168,9270722,3610,3834988,94801,19113288
1790115970631791546,13226911,9270952,3610,3835460,94816,19113288
1790115970746212455,13227631,9271194,3610,3835919,94833,19113288
1790115970861875753,13228351,9271444,3610,3836373,94849,19113288
1790115970976308098,13229078,9271694,3610,3836829,94861,19113288
1790115971090626720,13229787,9271946,3610,3837274,94877,19113288
1790115971205573621,13230493,9272216,3610,3837709,94888,19113288
1790115971318398170,13231196,9272465,3610,3838155,94903,19113288
1790115971432530365,13231885,9272723,3610,3838596,94914,19113288
1790115971546429131,13232606,9272989,3610,3839028,94928,19113288
1790115971661534812,13233331,9273217,3610,3839507,94941,19113288
1790115971774729400,13234038,9273451,3610,3839969,94954,19113288
1790115971889483804,13234771,9273687,3610,3840438,94967,19113288
1790115972004588047,13235492,9273955,3610,3840874,94982,19113288
1790115972117997192,13236206,9274196,3610,3841327,94997,19113288
1790115972234314361,13236945,9274440,3610,3841796,95012,19113288
1790115972347509603,13237643,9274665,3610,3842264,95028,19113288
1790115972461181961,13238380,9274955,3610,3842677,95040,19113288
1790115972577941961,13239106,9275227,3610,3843116,95056,19113288
1790115972691877105,13239836,9275484,3610,3843552,95077,19113288
1790115972807297290,13240527,9275736,3610,3844008,95088,19113288
1790115972923388508,13241258,9275989,3610,3844469,95100,19113288
1790115973037555166,13242000,9276211,3610,3844952,95111,19113288
1790115973152844955,13242714,9276458,3610,3845417,95122,19113288
1790115973266856203,13243433,9276694,3610,3845882,95137,19113288
1790115973381196262,13244153,9276934,3610,3846339,95150,19113288
1790115973493459836,13244853,9277179,3610,3846783,95164,19113288
1790115973607263629,13245568,9277435,3610,3847225,95175,19113288
1790115973721040241,13246270,9277654,3610,3847708,95189,19113288
1790115973835309537,13247009,9277914,3610,3848151,95201,19113288
1790115973950890785,13247728,9278189,3610,3848588,95213,19113288
1790115974066710775,13248463,9278432,3610,3849053,95230,19113288
1790115974181919234,13249203,9278686,3610,3849502,95246,19113288
1790115974296074899,13249914,9278942,3610,3849949,95256,19113288
1790115974411660998,13250607,9279178,3610,3850431,95266,19113288
1790115974526240318,13251327,9279429,3610,3850880,95280,19113288
1790115974640872799,13252061,9279689,3610,3851323,95294,19113288
1790115974755835222,13252779,9279965,3610,3851754,95307,19113288
1790115974870838639,13253489,9280234,3610,3852192,95319,19113288
1790115974983847340,13254175,9280483,3610,3852636,95334,19113288
1790115975099478853,13254909,9280746,3610,3853091,95344,19113288
1790115975213780847,13255630,9281017,3610,3853522,95354,19113288
1790115975327487435,13256351,9281317,3610,3853920,95369,19113288
1790115975442796034,13257048,9281563,3610,3854383,95382,19113288
1790115975557767574,13257762,9281813,3610,3854837,95395,19113288
1790115975672349290,13258488,9282066,3610,3855281,95414,19113288
1790115975785413483,13259194,9282299,3610,3855743,95426,19113288
1790115975900944449,13259923,9282528,3610,3856225,95441,19113288
1790115976015587889,13260629,9282778,3610,3856679,95451,19113288
1790115976130128103,13261345,9283025,3610,3857141,95464,19113288
1790115976244349010,13262039,9283273,3610,3857586,95479,19113288
1790115976360006945,13262761,9283522,3610,3858050,95496,19113288
1790115976476219683,13263449,9283756,3610,3858534,95506,19113288
1790115976592776899,13264181,9283993,3610,3859011,95518,19113288
1790115976706575922,13264908,9284244,3610,3859456,95531,19113288
1790115976819405729,13265631,9284525,3610,3859871,95545,19113288
1790115976935285472,13266372,9284784,3610,3860317,95559,19113288
1790115977049535959,13267103,9285051,3610,3860757,95570,19113288
1790115977163016605,13267825,9285273,3610,3861235,95580,19113288
1790115977277087944,13268537,9285510,3610,3861698,95592,19113288
1790115977393259407,13269271,9285748,3610,3862177,95605,19113288
1790115977509632683,13269997,9286013,3610,3862618,95622,19113288
1790115977623919814,13270739,9286261,3610,3863072,95634,19113288
1790115977739379454,13271479,9286534,3610,3863509,95648,19113288
1790115977854346930,13272207,9286750,3610,3863999,95661,19113288
1790115977968268293,13272920,9286997,3610,3864456,95675,19113288
1790115978082571852,13273643,9287257,3610,3864900,95685,19113288
1790115978196493275,13274363,9287509,3610,3865340,95702,19113288
1790115978310297310,13275066,9287759,3610,3865784,95719,19113288
1790115978424395013,13275802,9288019,3610,3866224,95733,19113288
1790115978540897011,13276526,9288247,3610,3866716,95745,19113288
1790115978657986506,13277249,9288515,3610,3867161,95763,19113288
1790115978772064490,13277959,9288757,3610,3867619,95776,19113288
1790115978887203529,13278695,9289041,3610,3868043,95789,19113288
1790115979001721626,13279396,9289304,3610,3868481,95802,19113288
1790115979114454427,13280111,9289557,3610,3868922,95816,19113288
1790115979228965733,13280858,9289809,3610,3869379,95827,19113288
1790115979343730159,13281586,9290069,3610,3869831,95834,19113288
1790115979458598850,13282309,9290335,3610,3870269,95849,19113288
1790115979573113336,13283013,9290592,3610,3870712,95865,19113288
1790115979687211852,13283740,9290848,3610,3871155,95879,19113288
1790115979803840500,13284468,9291112,3610,3871609,95892,19113288
1790115979917913785,13285175,9291339,3610,3872085,95902,19113288
1790115980035071203,13285923,9291593,3610,3872554,95916,19113288
1790115980150945967,13286685,9291830,3610,3873030,95926,19113288
1790115980265967139,13287431,9292084,3610,3873480,95944,19113288
1790115980380810354,13288151,9292343,3610,3873920,95961,19113288
1790115980495814168,13288855,9292586,3610,3874385,95971,19113288
1790115980610798018,13289577,9292819,3610,3874863,95982,19113288
1790115980724418371,13290276,9293058,3610,3875327,95993,19113288
1790115980838420450,13290998,9293309,3610,3875777,96007,19113288
1790115980953620013,13291722,9293584,3610,3876207,96019,19113288
1790115981068880523,13292450,9293828,3610,3876669,96033,19113288
1790115981183193565,13293174,9294116,3610,3877083,96044,19113288
1790115981299056086,13293899,9294365,3610,3877550,96057,19113288
1790115981415080618,13294623,9294648,3610,3877979,96072,19113288
1790115981531495522,13295373,9294910,3610,3878433,96085,19113288
1790115981645920031,13296063,9295150,3610,3878894,96098,19113288
1790115981761104170,13296787,9295394,3610,3879358,96110,19113288
1790115981873765281,13297494,9295649,3610,3879796,96122,19113288
1790115981988883272,13298209,9295896,3610,3880259,96132,19113288
1790115982105642996,13298950,9296149,3610,3880729,96142,19113288
1790115982219640283,13299660,9296400,3610,3881181,96154,19113288
1790115982334828128,13300374,9296643,3610,3881641,96168,19113288
1790115982449416178,13301095,9296897,3610,3882088,96183,19113288
1790115982563813517,13301804,9297163,3610,3882526,96194,19113288
1790115982679929943,13302533,9297410,3610,3882994,96206,19113288
1790115982795960484,13303264,9297678,3610,3883440,96219,19113288
1790115982912397315,13303999,9297930,3610,3883907,96231,19113288
1790115983028885132,13304718,9298176,3610,3884374,96244,19113288
1790115983142792582,13305413,9298430,3610,3884817,96260,19113288
1790115983262525034,13306156,9298698,3610,3885285,96271,19113288
1790115983378472927,13306887,9298934,3610,3885766,96281,19113288
1790115983495131558,13307628,9299206,3610,3886215,96294,19113288
1790115983610031194,13308329,9299470,3610,3886650,96309,19113288
1790115983725387105,13309059,9299724,3610,3887105,96321,19113288
1790115983840095016,13309771,9299972,3610,3887563,96332,19113288
1790115983952585694,13310482,9300239,3610,3887985,96349,19113288
1790115984066389720,13311211,9300472,3610,3888460,96358,19113288
1790115984180472190,13311935,9300732,3610,3888894,96376,19113288
1790115984294748560,13312644,9300982,3610,3889348,96388,19113288
1790115984409835394,13313371,9301232,3610,3889799,96404,19113288
1790115984525036715,13314093,9301482,3610,3890256,96417,19113288
1790115984639661267,13314827,9301740,3610,3890703,96428,19113288
1790115984755545272,13315556,9301982,3610,3891176,96440,19113288
1790115984868089821,13316261,9302228,3610,3891627,96451,19113288
1790115984982802204,13316992,9302473,3610,3892078,96469,19113288
1790115985098752199,13317728,9302710,3610,3892555,96481,19113288
1790115985213496477,13318447,9302959,3610,3893007,96496,19113288
1790115985327205908,13319143,9303210,3610,3893456,96508,19113288
1790115985444218331,13319864,9303460,3610,3893928,96519,19113288
1790115985557600162,13320573,9303726,3610,3894356,96536,19113288
1790115985674742909,13321303,9303976,3610,3894827,96548,19113288
1790115985789285085,13322033,9304226,3610,3895281,96564,19113288
1790115985904441072,13322738,9304481,3610,3895729,96576,19113288
1790115986017997116,13323451,9304732,3610,3896178,96587,19113288
1790115986133891132,13324177,9304954,3610,3896671,96599,19113288
1790115986248588417,13324902,9305209,3610,3897121,96611,19113288
1790115986364790554,13325598,9305461,3610,3897583,96626,19113288
1790115986479218357,13326315,9305707,3610,3898037,96642,19113288
1790115986594500397,13327052,9305949,3610,3898497,96657,19113288
1790115986707982912,13327765,9306201,3610,3898943,96670,19113288
1790115986822625296,13328475,9306438,3610,3899416,96681,19113288
1790115986937173263,13329208,9306683,3610,3899875,96691,19113288
1790115987053690798,13329950,9306969,3610,3900305,96705,19113288
1790115987169421280,13330666,9307235,3610,3900749,96720,19113288
1790115987285192473,13331389,9307511,3610,3901179,96734,19113288
1790115987399583086,13332088,9307755,3610,3901630,96756,19113288
1790115987516379933,13332828,9308013,3610,3902084,96774,19113288
1790115987631899394,13333552,9308275,3610,3902529,96791,19113288
1790115987745787139,13334271,9308587,3610,3902915,96807,19113288
1790115987862441726,13335001,9308846,3610,3903368,96823,19113288
1790115987977006350,13335734,9309101,3610,3903814,96840,19113288
1790115988092773624,13336481,9309344,3610,3904285,96851,19113288
1790115988205726745,13337216,9309571,3610,3904758,96860,19113288
1790115988321965542,13337940,9309815,3610,3905226,96875,19113288
1790115988436874475,13338649,9310056,3610,3905689,96886,19113288
1790115988552113413,13339377,9310312,3610,3906144,96898,19113288
1790115988666045609,13340087,9310565,3610,3906590,96912,19113288
1790115988782641927,13340814,9310815,3610,3907055,96925,19113288
1790115988899093459,13341541,9311042,3610,3907547,96935,19113288
1790115989015912797,13342270,9311290,3610,3908019,96947,19113288
1790115989129939918,13342984,9311543,3610,3908465,96962,19113288
1790115989246516512,13343695,9311797,3610,3908926,96975,19113288
1790115989361265675,13344417,9312061,3610,3909366,96988,19113288
1790115989476568301,13345120,9312301,3610,3909831,97004,19113288
1790115989590494506,13345831,9312553,3610,3910283,97016,19113288
1790115989706068358,13346546,9312793,3610,3910752,97029,19113288
1790115989820188501,13347255,9313049,3610,3911200,97042,19113288
1790115989933611292,13347971,9313305,3610,3911635,97057,19113288
1790115990047008304,13348680,9313547,3610,3912087,97073,19113288
1790115990160120640,13349416,9313801,3610,3912528,97086,19113288
1790115990276662439,13350136,9314029,3610,3913023,97095,19113288
1790115990392890686,13350856,9314290,3610,3913470,97113,19113288
1790115990506857229,13351559,9314539,3610,3913922,97124,19113288
1790115990620887260,13352306,9314782,3610,3914382,97135,19113288
1790115990734880674,13353045,9315035,3610,3914829,97147,19113288
1790115990848782258,13353759,9315283,3610,3915280,97163,19113288
1790115990963075024,13354479,9315538,3610,3915731,97171,19113288
1790115991077277846,13355195,9315779,3610,3916185,97190,19113288
1790115991194985910,13355941,9316035,3610,3916650,97206,19113288
1790115991309287522,13356666,9316284,3610,3917102,97221,19113288
1790115991423714482,13357366,9316540,3610,3917544,97236,19113288
1790115991538353972,13358090,9316796,3610,3917991,97250,19113288
1790115991654201402,13358823,9317029,3610,3918471,97263,19113288
1790115991770315117,13359565,9317277,3610,3918930,97283,19113288
1790115991884305001,13360275,9317525,3610,3919382,97299,19113288
1790115991999860598,13361007,9317776,3610,3919837,97312,19113288
1790115992114122598,13361737,9318036,3610,3920283,97322,19113288
1790115992227830719,13362445,9318290,3610,3920729,97333,19113288
1790115992342665027,13363179,9318511,3610,3921219,97343,19113288
1790115992457410442,13363888,9318767,3610,3921664,97358,19113288
1790115992571030719,13364596,9319024,3610,3922107,97370,19113288
1790115992685691038,13365312,9319283,3610,3922552,97384,19113288
1790115992798971241,13366022,9319527,3610,3923003,97398,19113288
1790115992911012246,13366730,9319776,3610,3923442,97410,19113288
1790115993026859896,13367447,9320015,3610,3923919,97421,19113288
1790115993138647878,13368127,9320256,3610,3924364,97435,19113288
1790115993253683330,13368831,9320494,3610,3924836,97447,19113288
1790115993366907496,13369547,9320762,3610,3925261,97460,19113288
1790115993482019402,13370287,9321017,3610,3925716,97471,19113288
1790115993596002832,13371030,9321264,3610,3926173,97482,19113288
1790115993711911643,13371765,9321497,3610,3926653,97493,19113288
1790115993827721162,13372474,9321752,3610,3927104,97510,19113288
1790115993942155256,13373185,9321988,3610,3927570,97524,19113288
1790115994056457560,13373887,9322225,3610,3928035,97535,19113288
1790115994169262643,13374586,9322478,3610,3928476,97546,19113288
1790115994286011567,13375293,9322734,3610,3928937,97560,19113288
1790115994415294036,13376095,9323014,3610,3929453,97577,19113288
1790115994533472608,13376840,9323260,3610,3929930,97591,19113288
1790115994648170129,13377542,9323540,3610,3930355,97604,19113288
1790115994761762252,13378254,9323799,3610,3930793,97619,19113288
1790115994876710941,13378980,9324062,3610,3931230,97638,19113288
1790115994992501907,13379727,9324314,3610,3931687,97652,19113288
1790115995107687492,13380464,9324833,3610,3931887,97658,19134664
1790115995220756110,13381187,9325360,3610,3932072,97661,19148744
1790115995338546217,13381947,9325494,3610,3932681,97662,19148744
1790115995461391210,13382724,9325582,3610,3933376,97663,19148744
1790115995575897928,13383451,9325636,3610,3934054,97663,19148744
1790115995692584043,13384192,9325756,3610,3934671,97663,19148744
1790115995809874018,13384940,9325835,3610,3935344,97663,19148744
1790115995924329048,13385678,9325894,3610,3936013,97664,19148744
1790115996041254188,13386430,9326037,3610,3936612,97664,19148744
1790115996158670135,13387180,9326115,3610,3937284,97664,19148744
1790115996273408420,13387917,9326165,3610,3937961,97664,19148744
1790115996389218748,13388654,9326282,3610,3938581,97665,19148744
1790115996506548237,13389399,9326423,3610,3939185,97665,19148744
1790115996621207550,13390138,9326492,3610,3939848,97666,19148744
1790115996737187917,13390879,9326644,3610,3940433,97666,19148744
1790115996854230743,13391623,9326758,3610,3941061,97667,19148744
1790115996969553660,13392364,9326815,3610,3941736,97668,19148744
1790115997086755234,13393109,9326922,3610,3942377,97669,19148744
1790115997204111678,13393866,9327000,3610,3943045,97669,19148744
1790115997319034083,13394603,9327046,3610,3943730,97669,19148744
1790115997435663427,13395345,9327172,3610,3944348,97670,19148744
1790115997552855829,13396096,9327278,3610,3944987,97670,19148744
1790115997667329150,13396828,9327351,3610,3945640,97670,19148744
1790115997782924101,13397561,9327462,3610,3946266,97671,19148744
1790115997900225489,13398316,9327582,3610,3946891,97671,19148744
1790115998014355787,13399046,9327635,3610,3947566,97671,19148744
1790115998130866791,13399781,9327800,3610,3948143,97672,19148744
1790115998248214164,13400532,9327914,3610,3948775,97672,19148744
1790115998362910091,13401268,9327995,3610,3949425,97673,19148744
1790115998479297449,13402022,9328125,3610,3950033,97673,19148744
1790115998596596960,13402771,9328211,3610,3950693,97673,19148744
1790115998711337765,13403509,9328258,3610,3951377,97674,19148744
1790115998828332625,13404258,9328368,3610,3952011,97674,19148744
1790115998945775442,13405001,9328442,3610,3952688,97675,19148744
1790115999062955774,13405743,9328580,3610,3953293,97675,19148744
1790115999183213473,13406514,9328714,3610,3953923,97676,19148744
1790115999304934877,13407289,9328862,3610,3954548,97677,19148744
1790115999428990964,13408083,9329016,3610,3955184,97677,19148744
1790115999543331032,13408814,9329071,3610,3955855,97677,19148744
1790115999657550196,13409558,9329184,3610,3956466,97678,19148744
1790115999774822788,13410305,9329313,3610,3957087,97678,19148744
1790115999891953668,13411042,9329453,3610,3957691,97679,19148744
1790116000009328911,13411790,9329572,3610,3958316,97680,19148744
1790116000126364415,13412538,9329714,3610,3958920,97680,19148744
1790116000239933728,13413254,9329861,3610,3959495,97681,19148744
1790116000356941489,13414000,9330014,3610,3960086,97681,19148744
1790116000471437448,13414736,9330068,3610,3960760,97682,19148744
1790116000590222151,13415481,9330154,3610,3961429,97682,19148744
1790116000708853040,13416233,9330308,3610,3962032,97683,19148744
1790116000826285282,13416997,9330449,3610,3962632,97685,19148744
1790116000943523218,13417745,9330533,3610,3963294,97685,19148744
1790116001060508109,13418495,9330685,3610,3963885,97686,19148744
1790116001177478975,13419244,9330794,3610,3964520,97686,19148744
1790116001294815886,13419990,9330872,3610,3965194,97686,19148744
1790116001409195096,13420727,9330917,3610,3965874,97686,19148744
1790116001527944804,13421483,9331042,3610,3966502,97687,19148744
1790116001645294473,13422240,9331136,3610,3967154,97687,19148744
1790116001763311795,13423002,9331289,3610,3967750,97688,19148744
1790116001880468708,13423755,9331419,3610,3968364,97688,19148744
1790116001997591008,13424500,9331553,3610,3968972,97690,19148744
1790116002114636282,13425251,9331630,3610,3969641,97690,19148744
1790116002229924141,13425990,9331719,3610,3970291,97690,19148744
1790116002344541977,13426726,9331803,3610,3970932,97691,19148744
1790116002461753304,13427474,9331923,3610,3971562,97691,19148744
1790116002578813055,13428220,9332122,3610,3972107,97691,19148744
1790116002692068583,13428942,9332284,3610,3972664,97692,19148744
1790116002807091411,13429675,9332397,3610,3973282,97693,19148744
1790116002924318860,13430424,9332579,3610,3973843,97694,19148744
1790116003041719570,13431175,9332764,3610,3974406,97694,19148744
1790116003157614746,13431911,9332845,3610,3975061,97695,19148744
1790116003272038713,13432637,9332975,3610,3975660,97695,19148744
1790116003389241131,13433384,9333078,3610,3976304,97695,19148744
1790116003502486742,13434110,9333257,3610,3976841,97696,19148744
1790116003617955282,13434838,9333385,3610,3977451,97697,19148744
1790116003735122872,13435595,9333483,3610,3978098,97697,19148744
1790116003852255029,13436333,9333636,3610,3978688,97698,19148744
1790116003969303294,13437080,9333764,3610,3979305,97698,19148744
1790116004083837699,13437811,9333786,3610,3980017,97698,19148744
1790116004198892287,13438543,9333897,3610,3980635,97699,19148744
1790116004316050451,13439296,9334070,3610,3981207,97699,19148744
1790116004433391161,13440044,9334227,3610,3981793,97701,19148744
1790116004550007036,13440776,9334359,3610,3982405,97701,19148744
1790116004667199086,13441525,9334524,3610,3982984,97701,19148744
1790116004782618102,13442263,9334660,3610,3983580,97701,19148744
1790116004899612287,13443009,9334738,3610,3984247,97702,19148744
1790116005014181135,13443744,9334765,3610,3984951,97702,19148744
1790116005127737562,13444464,9334894,3610,3985545,97702,19148744
1790116005244179682,13445215,9334991,3610,3986189,97703,19148744
1790116005361344802,13445958,9335124,3610,3986797,97705,19148744
1790116005478403843,13446710,9335277,3610,3987392,97705,19148744
1790116005596362614,13447469,9335396,3610,3988019,97706,19148744
1790116005714227373,13448222,9335494,3610,3988672,97706,19148744
1790116005831327320,13448970,9335588,3610,3989323,97706,19148744
1790116005945773093,13449694,9335672,3610,3989969,97706,19148744
1790116006063656286,13450446,9335787,3610,3990605,97707,19148744
1790116006193310340,13451276,9335996,3610,3991216,97707,19148744
1790116006309797203,13452015,9336088,3610,3991867,97708,19148744
1790116006420979107,13452725,9336234,3610,3992429,97708,19148744
1790116006538445858,13453478,9336373,3610,3993031,97710,19148744
1790116006655598978,13454229,9336468,3610,3993686,97710,19148744
1790116006768484108,13454954,9336538,3610,3994333,97710,19148744
1790116006883115748,13455684,9336623,3610,3994976,97711,19148744
1790116007000445246,13456435,9336698,3610,3995648,97711,19148744
1790116007116883260,13457180,9336858,3610,3996231,97711,19148744
1790116007233750059,13457930,9336971,3610,3996861,97713,19148744
1790116007350999551,13458675,9337047,3610,3997530,97713,19148744
1790116007468188970,13459431,9337191,3610,3998128,97714,19148744
1790116007583803373,13460169,9337328,3610,3998730,97715,19148744
1790116007698544106,13460905,9337349,3610,3999436,97715,19148744
1790116007814737914,13461650,9337441,3610,4000087,97715,19148744
1790116007932017497,13462409,9337577,3610,4000695,97715,19148744
1790116008049221131,13463162,9337705,3610,4001310,97717,19148744
1790116008166282830,13463908,9337777,3610,4001983,97717,19148744
1790116008282501867,13464650,9337934,3610,4002564,97717,19148744
1790116008399008298,13465388,9338039,3610,4003202,97718,19148744
1790116008516205337,13466136,9338158,3610,4003828,97718,19148744
1790116008630455199,13466865,9338201,3610,4004511,97718,19148744
1790116008746029329,13467600,9338321,3610,4005128,97719,19148744
1790116008863221864,13468355,9338409,3610,4005785,97719,19148744
1790116008979382932,13469090,9338569,3610,4006361,97721,19148744
1790116009096541109,13469837,9338764,3610,4006911,97721,19148744
1790116009213826263,13470594,9338894,3610,4007530,97721,19148744
1790116009330720910,13471335,9338993,3610,4008176,97721,19148744
1790116009447841728,13472087,9339085,3610,4008828,97721,19148744
1790116009562490263,13472822,9339150,3610,4009487,97722,19148744
1790116009678677220,13473562,9339254,3610,4010126,97723,19148744
1790116009795826432,13474305,9339405,3610,4010719,97724,19148744
1790116009910337759,13475040,9339509,3610,4011342,97724,19148744
1790116010025964874,13475775,9339624,3610,4011964,97724,19148744
1790116010143024334,13476526,9339749,3610,4012582,97725,19148744
1790116010260169419,13477266,9339882,3610,4013193,97726,19148744
1790116010375029194,13478002,9339903,3610,4013905,97726,19148744
1790116010489574136,13478726,9339986,3610,4014546,97727,19148744
1790116010606635055,13479474,9340115,3610,4015163,97727,19148744
1790116010723778608,13480223,9340235,3610,4015791,97727,19148744
1790116010841440046,13480973,9340331,3610,4016441,97728,19148744
1790116010958618026,13481724,9340512,3610,4017004,97728,19148744
1790116011075737934,13482459,9340602,3610,4017663,97728,19148744
1790116011188984173,13483178,9340722,3610,4018264,97729,19148744
1790116011303759777,13483915,9340750,3610,4018969,97729,19148744
1790116011420464476,13484659,9340852,3610,4019602,97732,19148744
1790116011534170368,13485386,9340991,3610,4020188,97732,19148744
1790116011651609623,13486128,9341133,3610,4020788,97733,19148744
1790116011769211201,13486882,9341228,3610,4021446,97733,19148744
1790116011884028370,13487625,9341365,3610,4022039,97733,19148744
1790116012001221510,13488375,9341498,3610,4022650,97734,19148744
1790116012118399897,13489123,9341573,3610,4023320,97734,19148744
1790116012233014154,13489854,9341626,3610,4023997,97735,19148744
1790116012353836520,13490620,9341781,3610,4024610,97736,19148744
1790116012470932379,13491365,9341903,3610,4025233,97736,19148744
1790116012583097173,13492085,9342058,3610,4025790,97737,19148744
1790116012700433812,13492829,9342242,3610,4026351,97738,19148744
1790116012831854481,13493664,9342448,3610,4026979,97739,19148744
1790116012960570789,13494489,9342582,3610,4027663,97739,19148744
1790116013076232963,13495231,9342660,3610,4028321,97739,19148744
1790116013194552731,13495986,9342744,3610,4028988,97740,19148744
1790116013311831303,13496735,9342833,3610,4029649,97740,19148744
1790116013426210837,13497461,9342970,3610,4030237,97740,19148744
1790116013542700352,13498205,9343076,3610,4030875,97741,19148744
1790116013659800217,13498954,9343169,3610,4031526,97741,19148744
1790116013775619463,13499692,9343285,3610,4032143,97741,19148744
1790116013892765990,13500443,9343413,3610,4032765,97741,19148744
1790116014007645491,13501179,9343435,3610,4033478,97741,19148744
1790116014125380281,13501931,9343520,3610,4034134,97742,19148744
1790116014240896863,13502663,9343666,3610,4034725,97743,19148744
1790116014358076750,13503416,9343841,3610,4035293,97743,19148744
1790116014495460577,13504292,9343972,3610,4036034,97744,19148744
1790116014612553029,13505044,9344109,3610,4036641,97745,19148744
1790116014730345099,13505798,9344238,3610,4037262,97745,19148744
1790116014847495771,13506543,9344319,3610,4037926,97745,19148744
1790116014961301687,13507277,9344383,3610,4038586,97747,19148744
1790116015078609565,13508032,9344492,3610,4039222,97747,19148744
1790116015195879553,13508789,9344634,3610,4039830,97747,19148744
1790116015313170137,13509543,9344734,3610,4040474,97748,19148744
1790116015427313085,13510279,9344911,3610,4041021,97749,19148744
1790116015538469517,13510990,9345077,3610,4041564,97749,19148744
1790116015654206422,13511728,9345176,3610,4042200,97750,19148744
1790116015771507170,13512477,9345262,3610,4042860,97750,19148744
1790116015885995045,13513209,9345335,3610,4043518,97751,19148744
1790116016001740568,13513952,9345429,3610,4044162,97751,19148744
1790116016118833654,13514701,9345575,3610,4044758,97753,19148744
1790116016231164930,13515426,9345714,3610,4045332,97754,19148744
1790116016349050395,13516183,9345791,3610,4046005,97754,19148744
1790116016466459567,13516943,9345954,3610,4046585,97755,19148744
1790116016583518900,13517696,9346074,3610,4047210,97756,19148744
1790116016698229607,13518431,9346103,3610,4047914,97756,19148744
1790116016813129449,13519176,9346193,3610,4048554,97757,19148744
1790116016930383940,13519919,9346324,3610,4049168,97757,19148744
1790116017044107854,13520649,9346345,3610,4049874,97757,19148744
1790116017159176321,13521384,9346428,3610,4050518,97759,19148744
1790116017276378708,13522131,9346565,3610,4051126,97760,19148744
1790116017390941744,13522860,9346598,3610,4051827,97760,19148744
1790116017505398241,13523610,9346683,3610,4052466,97760,19148744
1790116017622686204,13524358,9346818,3610,4053076,97761,19148744
1790116017736686248,13525088,9346840,3610,4053789,97761,19148744
1790116017851208287,13525807,9346932,3610,4054420,97761,19148744
1790116017968319394,13526546,9347105,3610,4054992,97762,19148744
1790116018082846949,13527276,9347138,3610,4055692,97762,19148744
1790116018197976088,13528018,9347220,3610,4056339,97763,19148744
1790116018333102586,13528885,9347391,3610,4057024,97764,19148744
1790116018447659405,13529615,9347412,3610,4057732,97764,19148744
1790116018563006353,13530363,9347500,3610,4058379,97765,19148744
1790116018680516592,13531114,9347637,3610,4058988,97765,19148744
1790116018795394308,13531850,9347667,3610,4059690,97765,19148744
1790116018911222127,13532592,9347762,3610,4060331,97765,19148744
1790116019028469574,13533335,9347906,3610,4060931,97765,19148744
1790116019143305136,13534072,9347938,3610,4061632,97765,19148744
1790116019258924435,13534799,9348017,3610,4062288,97766,19148744
1790116019376119062,13535550,9348156,3610,4062892,97767,19148744
1790116019492606017,13536294,9348178,3610,4063609,97767,19148744
1790116019608876759,13537038,9348259,3610,4064268,97769,19148744
1790116019726228873,13537793,9348395,3610,4064877,97769,19148744
1790116019840898821,13538521,9348427,3610,4065576,97769,19148744
1790116019957731221,13539264,9348600,3610,4066134,97775,19148744
1790116020073869759,13539968,9348842,3610,4066607,97786,19148744
1790116020188109658,13540681,9349110,3610,4067040,97800,19148744
1790116020301096291,13541389,9349390,3610,4067456,97810,19148744
1790116020414871113,13542099,9349640,3610,4067900,97829,19148744
1790116020527748897,13542800,9349909,3610,4068326,97841,19148744
1790116020643294034,13543530,9350137,3610,4068810,97853,19148744
1790116020757476296,13544267,9350393,3610,4069258,97865,19148744
1790116020870444154,13544974,9350645,3610,4069694,97884,19148744
1790116020983952285,13545687,9350903,3610,4070132,97897,19148744
1790116021099434762,13546399,9351174,3610,4070568,97910,19148744
1790116021214751362,13547128,9351424,3610,4071022,97928,19148744
1790116021331086562,13547867,9351715,3610,4071447,97940,19148744
1790116021446780752,13548608,9351980,3610,4071896,97950,19148744
1790116021563503902,13549351,9352268,3610,4072327,97963,19148744
1790116021678106368,13550039,9352529,3610,4072770,97974,19148744
1790116021791935251,13550761,9352782,3610,4073215,97988,19148744
1790116021909124580,13551508,9353089,3610,4073628,98002,19148744
1790116022021322587,13552200,9353317,3610,4074098,98011,19148744
1790116022136369899,13552903,9353562,3610,4074557,98024,19148744
1790116022250901693,13553633,9353820,3610,4075004,98035,19148744
1790116022366896937,13554370,9354068,3610,4075463,98055,19148744
1790116022481187919,13555097,9354347,3610,4075884,98070,19148744
1790116022597280078,13555832,9354605,3610,4076337,98084,19148744
1790116022713883693,13556552,9354900,3610,4076768,98091,19148744
1790116022828600346,13557269,9355155,3610,4077218,98104,19148744
1790116022943988156,13558014,9355411,3610,4077671,98118,19148744
1790116023058441117,13558734,9355673,3610,4078113,98132,19148744
1790116023172324866,13559435,9355914,3610,4078569,98144,19148744
1790116023287956242,13560166,9356161,3610,4079032,98158,19148744
1790116023404854617,13560907,9356399,3610,4079519,98166,19148744
1790116023520569805,13561623,9356654,3610,4079978,98181,19148744
1790116023633859652,13562347,9356918,3610,4080403,98196,19148744
1790116023748196739,13563069,9357197,3610,4080826,98210,19148744
1790116023861074292,13563768,9357453,3610,4081264,98225,19148744
1790116023976052734,13564482,9357707,3610,4081711,98241,19148744
1790116024091936814,13565204,9357937,3610,4082194,98252,19148744
1790116024207038216,13565909,9358178,3610,4082658,98267,19148744
1790116024321666911,13566645,9358444,3610,4083096,98283,19148744
1790116024435823767,13567360,9358706,3610,4083528,98300,19148744
1790116024551048954,13568081,9358958,3610,4083985,98312,19148744
1790116024666752721,13568803,9359218,3610,4084441,98322,19148744
1790116024782578260,13569542,9359453,3610,4084916,98337,19148744
1790116024896123482,13570248,9359711,3610,4085358,98349,19148744
1790116025010647218,13570977,9359984,3610,4085791,98358,19148744
1790116025124441475,13571682,9360248,3610,4086225,98375,19148744
1790116025238683747,13572400,9360504,3610,4086666,98388,19148744
1790116025354458016,13573140,9360763,3610,4087115,98404,19148744
1790116025469674802,13573877,9361011,3610,4087577,98417,19148744
1790116025586683569,13574612,9361284,3610,4088024,98430,19148744
1790116025699959163,13575319,9361536,3610,4088467,98443,19148744
1790116025814291329,13576058,9361797,3610,4088905,98462,19148744
1790116025929560581,13576773,9362055,3610,4089349,98477,19148744
1790116026044646243,13577496,9362305,3610,4089800,98496,19148744
1790116026160624057,13578234,9362534,3610,4090284,98511,19148744
1790116026277242645,13578971,9362803,3610,4090734,98520,19148744
1790116026391301156,13579677,9363054,3610,4091184,98533,19148744
1790116026504342362,13580395,9363314,3610,4091616,98547,19148744
1790116026618432977,13581113,9363558,3610,4092075,98560,19148744
1790116026732088694,13581804,9363811,3610,4092517,98573,19148744
1790116026847072759,13582541,9364047,3610,4092991,98585,19148744
1790116026964076032,13583286,9364315,3610,4093448,98598,19148744
1790116027077704712,13584012,9364564,3610,4093890,98612,19148744
1790116027191851159,13584731,9364812,3610,4094344,98624,19148744
1790116027307020285,13585448,9365067,3610,4094794,98641,19148744
1790116027420607696,13586137,9365310,3610,4095239,98661,19148744
1790116027535264029,13586869,9365559,3610,4095701,98671,19148744
1790116027652563275,13587592,9365810,3610,4096166,98689,19148744
1790116027768962550,13588295,9366066,3610,4096625,98700,19148744
1790116027884596294,13589022,9366314,3610,4097087,98714,19148744
1790116027998935119,13589749,9366579,3610,4097524,98727,19148744
1790116028112707187,13590490,9366848,3610,4097954,98743,19148744
1790116028226772587,13591221,9367088,3610,4098418,98751,19148744
1790116028342454053,13591969,9367334,3610,4098885,98765,19148744
1790116028455119616,13592692,9367566,3610,4099339,98779,19148744
1790116028569844816,13593408,9367824,3610,4099787,98792,19148744
1790116028684710883,13594113,9368096,3610,4100220,98804,19148744
1790116028801308831,13594849,9368351,3610,4100674,98824,19148744
1790116028915461811,13595582,9368563,3610,4101169,98839,19148744
1790116029028549519,13596277,9368824,3610,4101604,98848,19148744
1790116029141943636,13596984,9369073,3610,4102051,98860,19148744
1790116029256829790,13597682,9369327,3610,4102502,98872,19148744
1790116029371419019,13598417,9369581,3610,4102951,98885,19148744
1790116029485131443,13599121,9369844,3610,4103390,98896,19148744
1790116029598640693,13599814,9370130,3610,4103806,98906,19148744
1790116029716395642,13600564,9370407,3610,4104250,98923,19148744
1790116029830410432,13601307,9370663,3610,4104694,98935,19148744
1790116029944822254,13602014,9370930,3610,4105128,98951,19148744
1790116030057880322,13602734,9371166,3610,4105588,98964,19148744
1790116030172174362,13603456,9371429,3610,4106022,98982,19148744
1790116030286256752,13604192,9371683,3610,4106467,98998,19148744
1790116030402617994,13604918,9371930,3610,4106934,99014,19148744
1790116030517914744,13605627,9372181,3610,4107391,99030,19148744
1790116030631322450,13606340,9372430,3610,4107834,99049,19148744
1790116030745561949,13607056,9372672,3610,4108293,99060,19148744
1790116030859594241,13607765,9372922,3610,4108740,99074,19148744
1790116030972705684,13608471,9373163,3610,4109194,99088,19148744
1790116031092488156,13609237,9373407,3610,4109692,99098,19148744
1790116031207290525,13609950,9373650,3610,4110157,99110,19148744
1790116031321398911,13610681,9373933,3610,4110573,99122,19148744
1790116031436926160,13611407,9374198,3610,4111017,99135,19148744
1790116031551483026,13612128,9374451,3610,4111468,99153,19148744
1790116031665704031,13612841,9374706,3610,4111910,99168,19148744
1790116031783096358,13613582,9374947,3610,4112390,99183,19148744
1790116031897881389,13614308,9375202,3610,4112840,99197,19148744
1790116032013990840,13615048,9375450,3610,4113305,99209,19148744
1790116032127248641,13615754,9375704,3610,4113748,99221,19148744
1790116032242919566,13616460,9375945,3610,4114217,99234,19148744
1790116032355638243,13617197,9376200,3610,4114651,99251,19148744
1790116032470316213,13617931,9376453,3610,4115106,99264,19148744
1790116032584603588,13618662,9376708,3610,4115555,99278,19148744
1790116032698412700,13619381,9376988,3610,4115973,99291,19148744
1790116032814909657,13620112,9377227,3610,4116451,99302,19148744
1790116032928398813,13620814,9377484,3610,4116890,99316,19148744
1790116033041435370,13621543,9377741,3610,4117329,99327,19148744
1790116033157409101,13622302,9377984,3610,4117807,99335,19148744
1790116033271375099,13623032,9378243,3610,4118247,99348,19148744
1790116033387178189,13623768,9378479,3610,4118718,99366,19148744
1790116033501944340,13624473,9378740,3610,4119157,99384,19148744
1790116033614915899,13625189,9378989,3610,4119604,99396,19148744
1790116033729219244,13625911,9379227,3610,4120061,99411,19148744
1790116033842598721,13626614,9379444,3610,4120542,99423,19148744
1790116033955087407,13627327,9379682,3610,4121002,99434,19148744
1790116034069718226,13628031,9379942,3610,4121442,99447,19148744
1790116034184901049,13628758,9380208,3610,4121888,99459,19148744
1790116034299697811,13629490,9380458,3610,4122340,99471,19148744
1790116034414582548,13630223,9380719,3610,4122783,99485,19148744
1790116034559336936,13631129,9381006,3610,4123391,99498,19148744
1790116034674849354,13631844,9381248,3610,4123862,99511,19148744
1790116034789493898,13632533,9381502,3610,4124308,99525,19148744
1790116034903864696,13633257,9381751,3610,4124760,99537,19148744
1790116035019512568,13633934,9382011,3610,4125211,99549,19148744
1790116035132242676,13634642,9382265,3610,4125652,99565,19148744
1790116035254117411,13635425,9382503,3610,4126160,99578,19148744
1790116035368261793,13636145,9382767,3610,4126599,99592,19148744
1790116035482374741,13636855,9383004,3610,4127055,99609,19148744
1790116035597167102,13637568,9383253,3610,4127506,99626,19148744
1790116035711626950,13638263,9383508,3610,4127956,99640,19148744
1790116035827365970,13638982,9383744,3610,4128432,99654,19148744
1790116035945218271,13639725,9383992,3610,4128909,99664,19148744
1790116036060278436,13640438,9384228,3610,4129380,99679,19148744
1790116036175327384,13641134,9384467,3610,4129846,99690,19148744
1790116036290296885,13641865,9384702,3610,4130320,99703,19148744
1790116036405985816,13642585,9384958,3610,4130771,99716,19148744
1790116036522445896,13643317,9385217,3610,4131223,99737,19148744
1790116036636065698,13644034,9385473,3610,4131662,99752,19148744
1790116036749442990,13644745,9385713,3610,4132122,99765,19148744
1790116036865685177,13645468,9385953,3610,4132589,99779,19148744
1790116036978423732,13646177,9386208,3610,4133026,99795,19148744
1790116037093821572,13646914,9386457,3610,4133479,99815,19148744
1790116037209077799,13647645,9386687,3610,4133966,99824,19148744
1790116037324729872,13648370,9386955,3610,4134412,99833,19148744
1790116037438207576,13649086,9387219,3610,4134840,99849,19148744
1790116037554515711,13649818,9387485,3610,4135290,99860,19148744
1790116037669557410,13650513,9387752,3610,4135729,99874,19148744
1790116037784272152,13651220,9388035,3610,4136151,99886,19148744
1790116037899014589,13651925,9388280,3610,4136617,99899,19148744
1790116038017861949,13652669,9388560,3610,4137063,99911,19148744
1790116038132476622,13653378,9388814,3610,4137520,99921,19148744
1790116038247284627,13654110,9389064,3610,4137973,99933,19148744
1790116038362852981,13654840,9389324,3610,4138425,99945,19148744
1790116038478074802,13655566,9389580,3610,4138875,99955,19148744
1790116038592197342,13656298,9389848,3610,4139309,99968,19148744
1790116038709402168,13657030,9390088,3610,4139791,99983,19148744
1790116038821859793,13657737,9390380,3610,4140189,99996,19148744
1790116038935311711,13658466,9390637,3610,4140632,100010,19148744
1790116039048742217,13659191,9390887,3610,4141081,100021,19148744
1790116039161427828,13659889,9391130,3610,4141530,100032,19148744
1790116039274894145,13660599,9391390,3610,4141965,100044,19148744
1790116039389371518,13661307,9391638,3610,4142423,100056,19148744
1790116039502998216,13662036,9391899,3610,4142862,100071,19148744
1790116039619301362,13662772,9392191,3610,4143280,100087,19148744
1790116039733252583,13663497,9392445,3610,4143726,100101,19148744
1790116039846879237,13664207,9392687,3610,4144179,100117,19148744
1790116039962883665,13664932,9392950,3610,4144633,100126,19148744
1790116040080114896,13665663,9393187,3610,4145118,100137,19148744
1790116040193449238,13666368,9393444,3610,4145563,100148,19148744
1790116040307510279,13667071,9393715,3610,4145989,100162,19148744
1790116040423265869,13667816,9393959,3610,4146457,100173,19148744
1790116040536899969,13668534,9394208,3610,4146908,100186,19148744
1790116040652105777,13669288,9394459,3610,4147364,100200,19148744
1790116040766051278,13670019,9394690,3610,4147833,100215,19148744
1790116040880300708,13670745,9394936,3610,4148291,100230,19148744
1790116040995802541,13671481,9395193,3610,4148739,100245,19148744
1790116041108459841,13672190,9395450,3610,4149164,100263,19148744
1790116041222388294,13672872,9395695,3610,4149622,100278,19148744
1790116041337904069,13673578,9395945,3610,4150080,100289,19148744
1790116041453217287,13674294,9396203,3610,4150535,100300,19148744
1790116041569619062,13675031,9396463,3610,4150983,100319,19148744
1790116041684821847,13675743,9396728,3610,4151430,100330,19148744
1790116041800717709,13676477,9396986,3610,4151886,100341,19148744
1790116041914030033,13677195,9397236,3610,4152326,100359,19148744
1790116042028386972,13677931,9397479,3610,4152790,100369,19148744
1790116042143695164,13678648,9397714,3610,4153266,100379,19148744
1790116042260073912,13679370,9397962,3610,4153741,100390,19148744
1790116042375016762,13680109,9398225,3610,4154178,100403,19148744
1790116042490627168,13680844,9398464,3610,4154649,100416,19148744
1790116042605082464,13681561,9398727,3610,4155089,100430,19148744
1790116042720961100,13682283,9398999,3610,4155529,100443,19148744
1790116042836004595,13683006,9399246,3610,4155995,100456,19148744
1790116042951705248,13683708,9399490,3610,4156461,100468,19148744
1790116043065981716,13684425,9399756,3610,4156894,100481,19148744
1790116043180528584,13685145,9400034,3610,4157320,100494,19148744
1790116043297103962,13685870,9400295,3610,4157774,100506,19148744
1790116043411792171,13686558,9400546,3610,4158230,100521,19148744
1790116043526503219,13687284,9400767,3610,4158712,100534,19148744
1790116043640223856,13688022,9401022,3610,4159156,100549,19148744
1790116043755273454,13688754,9401266,3610,4159617,100562,19148744
1790116043870244717,13689465,9401529,3610,4160059,100576,19148744
1790116043985752999,13690184,9401777,3610,4160519,100595,19148744
1790116044099894202,13690910,9402039,3610,4160956,100607,19148744
1790116044216248003,13691657,9402303,3610,4161414,100615,19148744
1790116044331125014,13692375,9402562,3610,4161864,100627,19148744
1790116044446885584,13693099,9402825,3610,4162307,100643,19148744
1790116044595072213,13694017,9403128,3610,4162919,100663,19148744
1790116044709568507,13694727,9403380,3610,4163363,100677,19148744
1790116044824205521,13695432,9403604,3610,4163852,100688,19148744
1790116044937467487,13696161,9403862,3610,4164289,100701,19148744
1790116045050021576,13696877,9404136,3610,4164699,100721,19148744
1790116045166045720,13697618,9404389,3610,4165157,100736,19148744
1790116045279716260,13698308,9404665,3610,4165580,100748,19148744
1790116045395559333,13699018,9404924,3610,4166028,100763,19148744
1790116045510363317,13699736,9405164,3610,4166498,100776,19148744
1790116045628424256,13700475,9405414,3610,4166971,100789,19148744
1790116045742496314,13701198,9405667,3610,4167418,100802,19148744
1790116045857906422,13701910,9405919,3610,4167872,100818,19148744
1790116045972238051,13702617,9406156,3610,4168339,100831,19148744
1790116046087851795,13703350,9406418,3610,4168783,100848,19148744
1790116046202312996,13704047,9406682,3610,4169223,100863,19148744
1790116046321074255,13704785,9406939,3610,4169696,100873,19148744
1790116046434778640,13705483,9407187,3610,4170144,100888,19148744
1790116046547786263,13706194,9407429,3610,4170595,100903,19148744
1790116046661444654,13706912,9407675,3610,4171044,100917,19148744
1790116046778284203,13707637,9407925,3610,4171513,100928,19148744
1790116046892581670,13708366,9408177,3610,4171970,100938,19148744
1790116047010200493,13709108,9408435,3610,4172431,100953,19148744
1790116047124484061,13709855,9408686,3610,4172883,100965,19148744
1790116047238842339,13710588,9408931,3610,4173339,100982,19148744
1790116047354550682,13711328,9409204,3610,4173774,100995,19148744
1790116047469483978,13712040,9409454,3610,4174232,101006,19148744
1790116047584460498,13712763,9409701,3610,4174697,101017,19148744
1790116047703806328,13713508,9409980,3610,4175154,101029,19148744
1790116047819014314,13714217,9410237,3610,4175599,101045,19148744
1790116047934044416,13714923,9410517,3610,4176033,101056,19148744
1790116048047103605,13715632,9410755,3610,4176480,101073,19148744
1790116048160652275,13716345,9411002,3610,4176929,101088,19148744
1790116048275820059,13717054,9411279,3610,4177363,101097,19148744
1790116048392970248,13717780,9411515,3610,4177843,101115,19148744
1790116048509601099,13718516,9411764,3610,4178310,101128,19148744
1790116048624893324,13719220,9412030,3610,4178754,101140,19148744
1790116048739271501,13719926,9412277,3610,4179212,101151,19148744
1790116048852958152,13720646,9412522,3610,4179667,101163,19148744
1790116048966396555,13721347,9412778,3610,4180105,101177,19148744
1790116049082229084,13722068,9413050,3610,4180553,101186,19148744
1790116049196953153,13722760,9413302,3610,4181001,101202,19148744
1790116049312733458,13723473,9413579,3610,4181437,101213,19148744
1790116049425898632,13724181,9413833,3610,4181878,101227,19148744
1790116049539520201,13724892,9414066,3610,4182342,101241,19148744
1790116049655901159,13725606,9414316,3610,4182807,101254,19148744
1790116049773686388,13726349,9414553,3610,4183296,101266,19148744
1790116049889669243,13727076,9414789,3610,4183776,101278,19148744
1790116050005741943,13727809,9415026,3610,4184248,101292,19148744
1790116050119909052,13728523,9415277,3610,4184693,101307,19148744
1790116050233753969,13729221,9415521,3610,4185147,101322,19148744
1790116050347354772,13729938,9415773,3610,4185595,101334,19148744
1790116050464882453,13730670,9416017,3610,4186074,101344,19148744
1790116050580930284,13731392,9416264,3610,4186537,101359,19148744
1790116050697010000,13732087,9416558,3610,4186959,101371,19148744
1790116050812378668,13732801,9416831,3610,4187395,101384,19148744
1790116050927575752,13733519,9417086,3610,4187846,101397,19148744
1790116051044273744,13734282,9417357,3610,4188295,101408,19148744
1790116051161363084,13734998,9417599,3610,4188783,101417,19148744
1790116051276346441,13735738,9417845,3610,4189234,101434,19148744
1790116051391169689,13736463,9418130,3610,4189653,101450,19148744
1790116051507097908,13737189,9418388,3610,4190105,101467,19148744
1790116051622304496,13737913,9418646,3610,4190555,101481,19148744
1790116051736397420,13738631,9418906,3610,4190994,101492,19148744
1790116051855493238,13739371,9419187,3610,4191449,101507,19148744
1790116051970590494,13740074,9419431,3610,4191909,101522,19148744
1790116052085707755,13740790,9419679,3610,4192371,101533,19148744
1790116052200344959,13741501,9419930,3610,4192824,101543,19148744
1790116052313151935,13742204,9420175,3610,4193267,101560,19148744
1790116052427404060,13742903,9420427,3610,4193719,101573,19148744
1790116052542108594,13743621,9420697,3610,4194156,101584,19148744
1790116052654878648,13744305,9420946,3610,4194603,101594,19148744
1790116052770627145,13745013,9421196,3610,4195064,101607,19148744
1790116052886227071,13745748,9421444,3610,4195526,101619,19148744
1790116053000728305,13746468,9421694,3610,4195978,101634,19148744
1790116053114763077,13747158,9421944,3610,4196433,101643,19148744
1790116053230208095,13747880,9422187,3610,4196900,101656,19148744
1790116053343287821,13748570,9422439,3610,4197343,101669,19148744
1790116053459241620,13749290,9422685,3610,4197810,101684,19148744
1790116053574081230,13750024,9422942,3610,4198255,101698,19148744
1790116053688301972,13750736,9423185,3610,4198717,101712,19148744
1790116053801986372,13751462,9423433,3610,4199165,101724,19148744
1790116053914689777,13752170,9423947,3610,4199353,101730,19168456
1790116054026949483,13752880,9424530,3610,4199474,101733,19185480
1790116054148723666,13753665,9424650,3610,4200128,101734,19185480
1790116054266017454,13754415,9424740,3610,4200782,101734,19185480
1790116054380558117,13755144,9424802,3610,4201445,101735,19185480
1790116054497214702,13755893,9424891,3610,4202101,101735,19185480
1790116054640361293,13756812,9424972,3610,4202932,101735,19185480
1790116054756241638,13757550,9425059,3610,4203582,101736,19185480
1790116054872383554,13758297,9425186,3610,4204193,101736,19185480
1790116054987459199,13759032,9425214,3610,4204899,101736,19185480
1790116055102091669,13759762,9425335,3610,4205507,101737,19185480
1790116055219290686,13760510,9425414,3610,4206173,101738,19185480
1790116055333931007,13761246,9425482,3610,4206836,101739,19185480
1790116055451013258,13761996,9425566,3610,4207496,101739,19185480
1790116055567208669,13762736,9425638,3610,4208163,101740,19185480
1790116055681865386,13763477,9425714,3610,4208817,101741,19185480
1790116055799043335,13764236,9425867,3610,4209408,101741,19185480
1790116055912727689,13764959,9425899,3610,4210103,101741,19185480
1790116056027315589,13765695,9425976,3610,4210752,101742,19185480
1790116056142887467,13766429,9426097,3610,4211369,101742,19185480
1790116056257352404,13767165,9426122,3610,4212071,101742,19185480
1790116056372964039,13767898,9426291,3610,4212639,101743,19185480
1790116056490188543,13768654,9426375,3610,4213299,101743,19185480
1790116056604778317,13769378,9426437,3610,4213967,101744,19185480
1790116056721605095,13770132,9426532,3610,4214610,101744,19185480
1790116056838803135,13770875,9426641,3610,4215252,101744,19185480
1790116056953211255,13771618,9426715,3610,4215904,101744,19185480
1790116057070204768,13772366,9426802,3610,4216563,101744,19185480
1790116057183094976,13773088,9426852,3610,4217232,101744,19185480
1790116057297939051,13773822,9426942,3610,4217873,101745,19185480
1790116057415283850,13774575,9427072,3610,4218486,101745,19185480
1790116057532337503,13775310,9427206,3610,4219095,101748,19185480
1790116057649669225,13776057,9427352,3610,4219699,101748,19185480
1790116057766889019,13776810,9427490,3610,4220305,101749,19185480
1790116057883197907,13777559,9427579,3610,4220954,101749,19185480
1790116057998367914,13778295,9427652,3610,4221614,101749,19185480
1790116058112729977,13779032,9427740,3610,4222254,101750,19185480
1790116058229812003,13779772,9427878,3610,4222861,101750,19185480
1790116058347253086,13780529,9428035,3610,4223447,101751,19185480
1790116058464431264,13781278,9428136,3610,4224093,101751,19185480
1790116058578113783,13782014,9428294,3610,4224657,101751,19185480
1790116058695352716,13782765,9428382,3610,4225314,101751,19185480
1790116058812384230,13783510,9428508,3610,4225934,101752,19185480
1790116058926471118,13784239,9428600,3610,4226566,101752,19185480
1790116059043509666,13784985,9428730,3610,4227184,101753,19185480
1790116059161195843,13785734,9428868,3610,4227791,101754,19185480
1790116059277974485,13786479,9428952,3610,4228452,101754,19185480
1790116059394956330,13787232,9429103,3610,4229043,101756,19185480
1790116059511489575,13787976,9429245,3610,4229638,101757,19185480
1790116059654227095,13788888,9429322,3610,4230472,101757,19185480
1790116059768674158,13789616,9429397,3610,4231127,101758,19185480
1790116059885733833,13790355,9429556,3610,4231713,101758,19185480
1790116060002878156,13791109,9429693,3610,4232317,101760,19185480
1790116060120284855,13791858,9429777,3610,4232980,101761,19185480
1790116060233780728,13792586,9429944,3610,4233534,101762,19185480
1790116060351013078,13793337,9430072,3610,4234151,101762,19185480
1790116060468238389,13794082,9430179,3610,4234790,101762,19185480
1790116060582833291,13794816,9430259,3610,4235439,101764,19185480
1790116060700373466,13795570,9430330,3610,4236115,101764,19185480
1790116060815519566,13796313,9430487,3610,4236688,101765,19185480
1790116060932770480,13797067,9430615,3610,4237309,101765,19185480
1790116061049904667,13797812,9430743,3610,4237924,101765,19185480
1790116061165235823,13798557,9430896,3610,4238503,101766,19185480
1790116061282401485,13799304,9430974,3610,4239169,101766,19185480
1790116061398231353,13800049,9431031,3610,4239849,101767,19185480
1790116061515062585,13800798,9431124,3610,4240500,101767,19185480
1790116061632129709,13801554,9431298,3610,4241071,101767,19185480
1790116061743202295,13802257,9431437,3610,4241638,101768,19185480
1790116061860210151,13802995,9431519,3610,4242302,101768,19185480
1790116061974054996,13803726,9431641,3610,4242904,101768,19185480
1790116062088643140,13804462,9431800,3610,4243471,101769,19185480
1790116062203492555,13805197,9431828,3610,4244176,101769,19185480
1790116062317729838,13805922,9431988,3610,4244747,101769,19185480
1790116062435120379,13806675,9432067,3610,4245412,101769,19185480
1790116062552082166,13807428,9432188,3610,4246034,101770,19185480
1790116062668060045,13808171,9432307,3610,4246653,101771,19185480
1790116062785213216,13808928,9432435,3610,4247269,101771,19185480
1790116062902248897,13809679,9432589,3610,4247858,101772,19185480
1790116063016352854,13810409,9432620,3610,4248555,101772,19185480
1790116063134384556,13811155,9432723,3610,4249202,101773,19185480
1790116063249069355,13811894,9432830,3610,4249825,101773,19185480
1790116063366100896,13812634,9432975,3610,4250424,101774,19185480
1790116063483227865,13813375,9433108,3610,4251035,101775,19185480
1790116063600212098,13814111,9433245,3610,4251640,101776,19185480
1790116063717223111,13814859,9433400,3610,4252228,101776,19185480
1790116063831848303,13815588,9433425,3610,4252935,101776,19185480
1790116063946586689,13816320,9433521,3610,4253563,101777,19185480
1790116064060773371,13817047,9433686,3610,4254130,101777,19185480
1790116064177822226,13817796,9433873,3610,4254686,101778,19185480
1790116064294922618,13818547,9434042,3610,4255261,101778,19185480
1790116064410869129,13819285,9434225,3610,4255814,101779,19185480
1790116064527836569,13820029,9434333,3610,4256450,101779,19185480
1790116064672215641,13820954,9434449,3610,4257253,101779,19185480
1790116064786742311,13821683,9434528,3610,4257903,101780,19185480
1790116064903792985,13822436,9434683,3610,4258492,101780,19185480
1790116065021008549,13823186,9434829,3610,4259089,101782,19185480
1790116065138058280,13823929,9434949,3610,4259714,101782,19185480
1790116065255885084,13824672,9435058,3610,4260352,101784,19185480
1790116065372791389,13825422,9435144,3610,4261011,101785,19185480
1790116065488536441,13826161,9435216,3610,4261672,101785,19185480
1790116065602748602,13826892,9435307,3610,4262311,101786,19185480
1790116065719879243,13827643,9435484,3610,4262878,101786,19185480
1790116065837236455,13828397,9435635,3610,4263470,101787,19185480
1790116065954232374,13829149,9435740,3610,4264110,101787,19185480
1790116066071455056,13829906,9435945,3610,4264652,101788,19185480
1790116066188301312,13830650,9436058,3610,4265279,101788,19185480
1790116066305289588,13831391,9436143,3610,4265939,101789,19185480
1790116066419927270,13832117,9436221,3610,4266593,101789,19185480
1790116066535968274,13832862,9436336,3610,4267216,101790,19185480
1790116066654442220,13833624,9436491,3610,4267812,101790,19185480
1790116066770806508,13834361,9436642,3610,4268404,101791,19185480
1790116066887957923,13835113,9436789,3610,4269001,101791,19185480
1790116067003023962,13835850,9436921,3610,4269600,101792,19185480
1790116067120381560,13836593,9436995,3610,4270271,101792,19185480
1790116067234564843,13837329,9437061,3610,4270930,101792,19185480
1790116067351355502,13838074,9437174,3610,4271561,101793,19185480
1790116067468559836,13838823,9437341,3610,4272137,101794,19185480
1790116067583660159,13839560,9437494,3610,4272716,101794,19185480
1790116067700963111,13840307,9437628,3610,4273332,101795,19185480
1790116067816402663,13841041,9437741,3610,4273953,101795,19185480
1790116067931229509,13841778,9437831,3610,4274592,101795,19185480
1790116068046266527,13842519,9437875,3610,4275283,101795,19185480
1790116068162769153,13843261,9437993,3610,4275907,101796,19185480
1790116068279886819,13844008,9438125,3610,4276520,101796,19185480
1790116068395218072,13844751,9438255,3610,4277121,101797,19185480
1790116068512443844,13845503,9438327,3610,4277794,101797,19185480
1790116068629900703,13846258,9438453,3610,4278418,101798,19185480
1790116068746209616,13847009,9438582,3610,4279027,101798,19185480
1790116068867206813,13847779,9438637,3610,4279742,101798,19185480
1790116068985453617,13848532,9438757,3610,4280372,101798,19185480
1790116069102403664,13849287,9438884,3610,4280989,101799,19185480
1790116069218352145,13850032,9439009,3610,4281601,101800,19185480
1790116069335935565,13850785,9439081,3610,4282281,101800,19185480
1790116069450218515,13851522,9439211,3610,4282874,101801,19185480
1790116069568207675,13852272,9439387,3610,4283448,101801,19185480
1790116069686357596,13853032,9439417,3610,4284171,101802,19185480
1790116069800840654,13853759,9439586,3610,4284731,101802,19185480
1790116069918395518,13854513,9439683,3610,4285379,101803,19185480
1790116070035092240,13855254,9439815,3610,4285990,101804,19185480
1790116070151904898,13855997,9439972,3610,4286577,101804,19185480
1790116070269036362,13856754,9440106,3610,4287186,101804,19185480
1790116070386312693,13857503,9440289,3610,4287755,101804,19185480
1790116070501225763,13858243,9440316,3610,4288454,101804,19185480
1790116070615608097,13858976,9440406,3610,4289094,101805,19185480
1790116070742615513,13859786,9440536,3610,4289766,101805,19185480
1790116070859814792,13860535,9440678,3610,4290374,101806,19185480
1790116070976986293,13861276,9440839,3610,4290957,101806,19185480
1790116071094094154,13862020,9440963,3610,4291575,101807,19185480
1790116071211071826,13862765,9441058,3610,4292226,101807,19185480
1790116071323210577,13863488,9441107,3610,4292891,101808,19185480
1790116071437775343,13864206,9441204,3610,4293523,101809,19185480
1790116071554981920,13864948,9441366,3610,4294105,101810,19185480
1790116071672525549,13865697,9441507,3610,4294707,101810,19185480
1790116071789485527,13866444,9441626,3610,4295336,101810,19185480
1790116071904923015,13867176,9441750,3610,4295944,101812,19185480
1790116072019865492,13867907,9441867,3610,4296559,101813,19185480
1790116072136859170,13868652,9441946,3610,4297224,101813,19185480
1790116072251033733,13869398,9442026,3610,4297869,101813,19185480
1790116072368329396,13870148,9442155,3610,4298490,101814,19185480
1790116072486313191,13870904,9442274,3610,4299115,101815,19185480
1790116072603255444,13871657,9442357,3610,4299777,101815,19185480
1790116072719457338,13872393,9442517,3610,4300356,101816,19185480
1790116072836670239,13873141,9442682,3610,4300939,101816,19185480
1790116072953969155,13873888,9442788,3610,4301578,101816,19185480
1790116073068359644,13874623,9442882,3610,4302205,101818,19185480
1790116073185691868,13875377,9442955,3610,4302881,101819,19185480
1790116073299929139,13876105,9443116,3610,4303445,101821,19185480
1790116073417050765,13876859,9443205,3610,4304101,101821,19185480
1790116073534063860,13877608,9443384,3610,4304667,101822,19185480
1790116073649262297,13878343,9443532,3610,4305249,101822,19185480
1790116073766530718,13879089,9443618,3610,4305908,101822,19185480
1790116073881195842,13879835,9443691,3610,4306567,101823,19185480
1790116073998768482,13880584,9443816,3610,4307192,101823,19185480
1790116074115894948,13881335,9443887,3610,4307867,101823,19185480
1790116074230343561,13882060,9443959,3610,4308516,101825,19185480
1790116074347692211,13882812,9444073,3610,4309153,101826,19185480
1790116074462413257,13883547,9444094,3610,4309859,101826,19185480
1790116074577306713,13884273,9444176,3610,4310507,101827,19185480
1790116074712800164,13885139,9444335,3610,4311214,101827,19185480
1790116074827486594,13885862,9444425,3610,4311848,101827,19185480
1790116074944561714,13886609,9444526,3610,4312491,101828,19185480
1790116075061895867,13887354,9444591,3610,4313178,101828,19185480
1790116075176081142,13888093,9444671,3610,4313823,101828,19185480
1790116075293226753,13888841,9444785,3610,4314456,101828,19185480
1790116075407825948,13889573,9444809,3610,4315164,101828,19185480
1790116075522078631,13890301,9444895,3610,4315802,101829,19185480
1790116075639124233,13891052,9445017,3610,4316424,101830,19185480
1790116075753845892,13891779,9445049,3610,4317126,101830,19185480
1790116075870415134,13892519,9445174,3610,4317737,101831,19185480
1790116075987677324,13893266,9445253,3610,4318409,101831,19185480
1790116076102391345,13894007,9445327,3610,4319059,101831,19185480
1790116076218912354,13894756,9445425,3610,4319706,101831,19185480
1790116076335981690,13895509,9445498,3610,4320378,101832,19185480
1790116076450910199,13896256,9445579,3610,4321028,101832,19185480
1790116076568501186,13897005,9445731,3610,4321626,101833,19185480
1790116076684047538,13897746,9445758,3610,4322333,101833,19185480
1790116076798629335,13898483,9445911,3610,4322904,101836,19185480
1790116076912908244,13899193,9446176,3610,4323348,101845,19185480
1790116077027378590,13899888,9446413,3610,4323806,101860,19185480
1790116077139928557,13900591,9446661,3610,4324252,101869,19185480
1790116077253714119,13901320,9446924,3610,4324686,101885,19185480
1790116077368750071,13902055,9447175,3610,4325137,101901,19185480
1790116077482783877,13902772,9447411,3610,4325598,101919,19185480
1790116077596411914,13903480,9447677,3610,4326033,101931,19185480
1790116077711589140,13904204,9447936,3610,4326478,101949,19185480
1790116077827518047,13904931,9448192,3610,4326934,101960,19185480
1790116077943060119,13905639,9448456,3610,4327376,101978,19185480
1790116078058229652,13906351,9448716,3610,4327822,101993,19185480
1790116078172654163,13907057,9448968,3610,4328278,102005,19185480
1790116078286837619,13907773,9449212,3610,4328736,102015,19185480
1790116078401334562,13908511,9449464,3610,4329184,102031,19185480
1790116078515437919,13909227,9449721,3610,4329629,102044,19185480
1790116078630220933,13909953,9449972,3610,4330083,102057,19185480
1790116078745620971,13910680,9450226,3610,4330535,102073,19185480
1790116078860446818,13911416,9450465,3610,4331005,102084,19185480
1790116078976221238,13912134,9450711,3610,4331466,102100,19185480
1790116079090290022,13912839,9450956,3610,4331922,102113,19185480
1790116079205807995,13913570,9451258,3610,4332332,102126,19185480
1790116079319065806,13914273,9451531,3610,4332755,102138,19185480
1790116079432909580,13914985,9451783,3610,4333204,102151,19185480
1790116079547054916,13915719,9452019,3610,4333674,102163,19185480
1790116079660847103,13916431,9452268,3610,4334117,102179,19185480
1790116079776107687,13917132,9452510,3610,4334578,102196,19185480
1790116079892459551,13917854,9452756,3610,4335046,102210,19185480
1790116080007326806,13918570,9453001,3610,4335505,102222,19185480
1790116080122191656,13919289,9453249,3610,4335958,102238,19185480
1790116080236054300,13920008,9453486,3610,4336432,102247,19185480
1790116080350652287,13920726,9453745,3610,4336874,102258,19185480
1790116080465320533,13921439,9453985,3610,4337337,102273,19185480
1790116080578888569,13922155,9454233,3610,4337787,102285,19185480
1790116080692857974,13922873,9454485,3610,4338235,102299,19185480
1790116080808126984,13923601,9454737,3610,4338686,102315,19185480
1790116080923549861,13924319,9454958,3610,4339181,102325,19185480
1790116081036601767,13925045,9455210,3610,4339624,102338,19185480
1790116081152045989,13925790,9455458,3610,4340085,102352,19185480
1790116081266563992,13926510,9455716,3610,4340521,102369,19185480
1790116081379557970,13927231,9455975,3610,4340957,102383,19185480
1790116081495258148,13927964,9456229,3610,4341418,102394,19185480
1790116081610204168,13928702,9456483,3610,4341871,102409,19185480
1790116081725990293,13929415,9456735,3610,4342330,102418,19185480
1790116081841935125,13930156,9457016,3610,4342767,102430,19185480
1790116081957027727,13930878,9457271,3610,4343215,102443,19185480
1790116082070018576,13931572,9457520,3610,4343661,102453,19185480
1790116082185030559,13932294,9457782,3610,4344102,102469,19185480
1790116082297779372,13932985,9458034,3610,4344545,102482,19185480
1790116082418760347,13933740,9458287,3610,4345037,102493,19185480
1790116082534125213,13934471,9458543,3610,4345493,102506,19185480
1790116082648590080,13935190,9458784,3610,4345956,102516,19185480
1790116082761429428,13935898,9459035,3610,4346397,102530,19185480
1790116082874248727,13936617,9459295,3610,4346827,102544,19185480
1790116082988283152,13937335,9459544,3610,4347284,102555,19185480
1790116083109476666,13938085,9459788,3610,4347782,102567,19185480
1790116083223173456,13938771,9460037,3610,4348228,102586,19185480
1790116083338080420,13939499,9460296,3610,4348674,102597,19185480
1790116083452054596,13940201,9460554,3610,4349117,102608,19185480
1790116083566125745,13940911,9460808,3610,4349561,102623,19185480
1790116083681859448,13941637,9461045,3610,4350046,102633,19185480
1790116083796211527,13942352,9461298,3610,4350491,102644,19185480
1790116083910030583,13943059,9461533,3610,4350958,102657,19185480
1790116084025295291,13943760,9461793,3610,4351396,102675,19185480
1790116084139634192,13944489,9462048,3610,4351844,102688,19185480
1790116084255742077,13945199,9462301,3610,4352301,102706,19185480
1790116084370269531,13945903,9462545,3610,4352755,102727,19185480
1790116084487211484,13946620,9462800,3610,4353218,102742,19185480
1790116084600544060,13947313,9463080,3610,4353631,102755,19185480
1790116084720875696,13948080,9463326,3610,4354124,102768,19185480
1790116084835224466,13948813,9463575,3610,4354575,102784,19185480
1790116084950741598,13949516,9463829,3610,4355031,102798,19185480
1790116085065108813,13950231,9464062,3610,4355505,102811,19185480
1790116085180293190,13950955,9464316,3610,4355960,102823,19185480
1790116085294883385,13951664,9464554,3610,4356423,102833,19185480
1790116085409252829,13952407,9464802,3610,4356879,102849,19185480
1790116085523519864,13953113,9465045,3610,4357332,102862,19185480
1790116085638050343,13953826,9465288,3610,4357791,102877,19185480
1790116085752676815,13954543,9465543,3610,4358244,102886,19185480
1790116085872910113,13955299,9465804,3610,4358721,102901,19185480
1790116085987582831,13955978,9466053,3610,4359174,102916,19185480
1790116086103279129,13956689,9466314,3610,4359621,102929,19185480
1790116086217394496,13957424,9466560,3610,4360072,102947,19185480
1790116086333607552,13958169,9466809,3610,4360536,102961,19185480
1790116086447548802,13958878,9467069,3610,4360982,102972,19185480
1790116086563564912,13959614,9467347,3610,4361421,102985,19185480
1790116086678228599,13960332,9467590,3610,4361881,102997,19185480
1790116086793080201,13961022,9467840,3610,4362331,103013,19185480
1790116086908054661,13961745,9468132,3610,4362747,103025,19185480
1790116087022620887,13962474,9468412,3610,4363172,103039,19185480
1790116087138130308,13963185,9468636,3610,4363664,103050,19185480
1790116087253083401,13963913,9468886,3610,4364115,103064,19185480
1790116087367375611,13964609,9469128,3610,4364575,103078,19185480
1790116087481936388,13965326,9469400,3610,4365005,103093,19185480
1790116087598261585,13966046,9469657,3610,4365464,103108,19185480
1790116087713308979,13966787,9469913,3610,4365910,103121,19185480
1790116087827346341,13967522,9470141,3610,4366390,103132,19185480
1790116087941283602,13968241,9470405,3610,4366825,103147,19185480
1790116088056798600,13968981,9470667,3610,4367269,103161,19185480
1790116088171653197,13969715,9470923,3610,4367718,103173,19185480
1790116088285950577,13970429,9471171,3610,4368171,103192,19185480
1790116088401367206,13971157,9471425,3610,4368621,103206,19185480
1790116088515356105,13971877,9471690,3610,4369064,103217,19185480
1790116088633052597,13972612,9471934,3610,4369544,103227,19185480
1790116088748037763,13973328,9472197,3610,4369989,103239,19185480
1790116088860519665,13974020,9472456,3610,4370419,103253,19185480
1790116088974981099,13974735,9472710,3610,4370868,103265,19185480
1790116089088996410,13975454,9472957,3610,4371323,103279,19185480
1790116089203774410,13976160,9473211,3610,4371772,103291,19185480
1790116089323712332,13976909,9473467,3610,4372254,103304,19185480
1790116089436750143,13977630,9473740,3610,4372677,103315,19185480
1790116089552321343,13978358,9473990,3610,4373134,103332,19185480
1790116089666780107,13979087,9474235,3610,4373591,103344,19185480
1790116089781060148,13979797,9474484,3610,4374047,103357,19185480
1790116089895466094,13980536,9474721,3610,4374513,103370,19185480
1790116090014842250,13981285,9474970,3610,4374997,103383,19185480
1790116090129108934,13981996,9475223,3610,4375443,103404,19185480
1790116090244544091,13982725,9475466,3610,4375903,103418,19185480
1790116090361269228,13983456,9475717,3610,4376367,103430,19185480
1790116090474447633,13984176,9475960,3610,4376820,103444,19185480
1790116090589294887,13984887,9476185,3610,4377304,103457,19185480
1790116090703998206,13985608,9476437,3610,4377761,103466,19185480
1790116090820422794,13986331,9476697,3610,4378210,103483,19185480
1790116090935115945,13987063,9476953,3610,4378655,103497,19185480
1790116091049850778,13987793,9477201,3610,4379106,103514,19185480
1790116091164278563,13988497,9477450,3610,4379558,103527,19185480
1790116091278953926,13989225,9477670,3610,4380048,103540,19185480
1790116091392362380,13989907,9477916,3610,4380499,103550,19185480
1790116091509013412,13990633,9478161,3610,4380967,103565,19185480
1790116091624375451,13991358,9478418,3610,4381422,103579,19185480
1790116091739707300,13992104,9478677,3610,4381867,103595,19185480
1790116091852773547,13992804,9478929,3610,4382309,103606,19185480
1790116091966986483,13993531,9479179,3610,4382766,103622,19185480
1790116092083208603,13994251,9479440,3610,4383213,103635,19185480
1790116092197941916,13994981,9479681,3610,4383682,103649,19185480
1790116092312897753,13995699,9479929,3610,4384134,103664,19185480
1790116092427339476,13996422,9480181,3610,4384582,103678,19185480
1790116092542208565,13997152,9480423,3610,4385040,103697,19185480
1790116092656378466,13997880,9480647,3610,4385515,103713,19185480
1790116092769041967,13998592,9480921,3610,4385938,103725,19185480
1790116092883116786,13999309,9481180,3610,4386378,103740,19185480
1790116092998209238,14000041,9481449,3610,4386806,103759,19185480
1790116093112889148,14000747,9481725,3610,4387239,103771,19185480
1790116093227492188,14001460,9481975,3610,4387697,103781,19185480
1790116093342369561,14002182,9482219,3610,4388161,103792,19185480
1790116093462589122,14002927,9482469,3610,4388650,103807,19185480
1790116093577522057,14003634,9482721,3610,4389093,103828,19185480
1790116093692554873,14004359,9482969,3610,4389549,103842,19185480
1790116093805989342,14005059,9483227,3610,4389987,103856,19185480
1790116093919810619,14005747,9483477,3610,4390433,103871,19185480
1790116094034734079,14006469,9483731,3610,4390885,103885,19185480
1790116094154480006,14007212,9483978,3610,4391373,103898,19185480
1790116094268183533,14007950,9484233,3610,4391815,103912,19185480
1790116094381662850,14008672,9484475,3610,4392272,103925,19185480
1790116094494834795,14009375,9484738,3610,4392700,103940,19185480
1790116094611322035,14010101,9484999,3610,4393150,103958,19185480
1790116094750922223,14010976,9485316,3610,4393691,103976,19185480
1790116094865520396,14011696,9485575,3610,4394136,103989,19185480
1790116094980190470,14012406,9485834,3610,4394583,104000,19185480
1790116095093762140,14013105,9486079,3610,4395035,104014,19185480
1790116095206798986,14013791,9486352,3610,4395454,104029,19185480
1790116095318675243,14014502,9486586,3610,4395906,104044,19185480
1790116095431323551,14015236,9486832,3610,4396356,104053,19185480
1790116095544848163,14015947,9487081,3610,4396810,104062,19185480
1790116095660226038,14016671,9487343,3610,4397255,104077,19185480
1790116095775468384,14017398,9487598,3610,4397707,104090,19185480
1790116095889793170,14018112,9487863,3610,4398139,104107,19185480
1790116096003675751,14018823,9488103,3610,4398594,104122,19185480
1790116096117488502,14019533,9488348,3610,4399053,104132,19185480
1790116096233292963,14020260,9488604,3610,4399510,104146,19185480
1790116096347027578,14020976,9488851,3610,4399960,104164,19185480
1790116096460879971,14021684,9489122,3610,4400385,104178,19185480
1790116096577322637,14022414,9489369,3610,4400855,104191,19185480
1790116096690985854,14023124,9489612,3610,4401302,104207,19185480
1790116096805772412,14023820,9489843,3610,4401783,104219,19185480
1790116096918624004,14024534,9490081,3610,4402233,104234,19185480
1790116097031677395,14025227,9490333,3610,4402672,104251,19185480
1790116097144984596,14025964,9490608,3610,4403098,104262,19185480
1790116097260014105,14026694,9490859,3610,4403552,104273,19185480
1790116097376792639,14027422,9491127,3610,4404004,104286,19185480
1790116097490356550,14028141,9491373,3610,4404459,104299,19185480
1790116097606892481,14028896,9491631,3610,4404913,104315,19185480
1790116097723915559,14029620,9491884,3610,4405379,104328,19185480
1790116097839231532,14030319,9492144,3610,4405827,104341,19185480
1790116097955952774,14031045,9492401,3610,4406286,104355,19185480
1790116098070272677,14031751,9492654,3610,4406737,104367,19185480
1790116098186445204,14032479,9492903,3610,4407203,104379,19185480
1790116098299779359,14033195,9493177,3610,4407626,104393,19185480
1790116098412464683,14033878,9493426,3610,4408072,104403,19185480
1790116098526060651,14034584,9493674,3610,4408526,104414,19185480
1790116098643665723,14035320,9493949,3610,4408972,104429,19185480
1790116098759234711,14036068,9494228,3610,4409402,104443,19185480
1790116098874314220,14036790,9494479,3610,4409864,104455,19185480
1790116098992023869,14037519,9494728,3610,4410330,104474,19185480
1790116099106443608,14038251,9494972,3610,4410794,104484,19185480
1790116099221624535,14038969,9495225,3610,4411246,104498,19185480
1790116099335447984,14039689,9495487,3610,4411679,104514,19185480
1790116099450503536,14040429,9495732,3610,4412132,104534,19185480
1790116099564107755,14041142,9496004,3610,4412566,104546,19185480
1790116099686088359,14041908,9496260,3610,4413060,104556,19185480
1790116099799097641,14042607,9496532,3610,4413484,104568,19185480
1790116099915696033,14043375,9496791,3610,4413941,104580,19185480
1790116100030032260,14044083,9497053,3610,4414377,104596,19185480
1790116100144426752,14044818,9497296,3610,4414837,104611,19185480
1790116100258329663,14045526,9497537,3610,4415299,104623,19185480
1790116100379200867,14046281,9497787,3610,4415787,104638,19185480
1790116100493422526,14047010,9498039,3610,4416236,104656,19185480
1790116100608363950,14047729,9498294,3610,4416685,104669,19185480
1790116100722193341,14048444,9498557,3610,4417115,104684,19185480
1790116100835686029,14049149,9498803,3610,4417569,104694,19185480
1790116100948490905,14049829,9499068,3610,4418003,104703,19185480
1790116101071087997,14050593,9499331,3610,4418496,104713,19185480
1790116101183623957,14051293,9499609,3610,4418913,104724,19185480
1790116101298943007,14052004,9499860,3610,4419363,104741,19185480
1790116101413747412,14052739,9500114,3610,4419810,104759,19185480
1790116101527680841,14053436,9500366,3610,4420257,104772,19185480
1790116101641659030,14054152,9500622,3610,4420703,104784,19185480
1790116101763355244,14054896,9500865,3610,4421206,104798,19185480
1790116101879326706,14055630,9501125,3610,4421659,104812,19185480
1790116101994886191,14056353,9501364,3610,4422132,104822,19185480
1790116102109534848,14057076,9501606,3610,4422594,104835,19185480
1790116102223256967,14057778,9501868,3610,4423025,104852,19185480
1790116102339821529,14058496,9502112,3610,4423499,104866,19185480
1790116102454969748,14059227,9502362,3610,4423956,104881,19185480
1790116102570091477,14059973,9502625,3610,4424398,104898,19185480
1790116102683119429,14060674,9502963,3610,4424761,104909,19185480
1790116102797300174,14061380,9503216,3610,4425209,104922,19185480
1790116102911690103,14062110,9503460,3610,4425667,104932,19185480
1790116103024365494,14062824,9503707,3610,4426115,104945,19185480
1790116103144197250,14063584,9503947,3610,4426605,104960,19185480
1790116103260488533,14064328,9504191,3610,4427078,104973,19185480
1790116103375460943,14065059,9504455,3610,4427521,104986,19185480
1790116103491522002,14065772,9504696,3610,4427988,104998,19185480
1790116103605978391,14066504,9504946,3610,4428439,105013,19185480
1790116103721547271,14067233,9505197,3610,4428903,105022,19185480
1790116103838099546,14067975,9505442,3610,4429379,105036,19185480
1790116103952102109,14068687,9505683,3610,4429833,105051,19185480
1790116104067209079,14069391,9505946,3610,4430279,105064,19185480
1790116104181559003,14070100,9506191,3610,4430730,105078,19185480
1790116104295014291,14070811,9506448,3610,4431174,105089,19185480
1790116104410861736,14071528,9506686,3610,4431649,105099,19185480
1790116104523756276,14072251,9506932,3610,4432100,105111,19185480
1790116104641065657,14072983,9507173,3610,4432576,105128,19185480
1790116104766001509,14073766,9507446,3610,4433064,105146,19185480
1790116104888560203,14074540,9507712,3610,4433554,105158,19185480
1790116105003734820,14075238,9507954,3610,4434017,105172,19185480
1790116105117192128,14075927,9508183,3610,4434490,105183,19185480
1790116105232230961,14076657,9508446,3610,4434925,105200,19185480
1790116105347603863,14077377,9508703,3610,4435374,105217,19185480
1790116105463275256,14078078,9508954,3610,4435833,105233,19185480
1790116105577690924,14078779,9509214,3610,4436272,105246,19185480
1790116105693738036,14079526,9509466,3610,4436730,105262,19185480
1790116105809296496,14080273,9509703,3610,4437201,105278,19185480
1790116105923683195,14080991,9509956,3610,4437648,105298,19185480
1790116106038689055,14081713,9510203,3610,4438105,105310,19185480
1790116106152732593,14082410,9510468,3610,4438542,105323,19185480
1790116106266978091,14083121,9510726,3610,4438984,105337,19185480
1790116106382102032,14083828,9510974,3610,4439441,105350,19185480
1790116106496091315,14084534,9511203,3610,4439915,105362,19185480
1790116106610601326,14085254,9511471,3610,4440346,105381,19185480
1790116106724208470,14085948,9511734,3610,4440777,105396,19185480
1790116106839842816,14086688,9511973,3610,4441250,105408,19185480
1790116106954521580,14087379,9512226,3610,4441700,105421,19185480
1790116107069731644,14088108,9512478,3610,4442156,105436,19185480
1790116107185082922,14088820,9512719,3610,4442628,105447,19185480
1790116107299297009,14089538,9512993,3610,4443057,105461,19185480
1790116107412769572,14090241,9513242,3610,4443500,105475,19185480
1790116107528312799,14090953,9513503,3610,4443951,105491,19185480
1790116107641792541,14091640,9513763,3610,4444383,105507,19185480
1790116107756097788,14092378,9514006,3610,4444837,105525,19185480
1790116107869440540,14093102,9514236,3610,4445306,105536,19185480
1790116107983775440,14093817,9514496,3610,4445744,105550,19185480
1790116108097717977,14094536,9514740,3610,4446201,105564,19185480
1790116108211538205,14095255,9514982,3610,4446659,105576,19185480
1790116108327370634,14095967,9515227,3610,4447121,105589,19185480
1790116108441075713,14096675,9515479,3610,4447567,105602,19185480
1790116108553787039,14097372,9515721,3610,4448024,105614,19185480
1790116108669337061,14098107,9515974,3610,4448475,105629,19185480
1790116108785435465,14098836,9516236,3610,4448930,105639,19185480
1790116108900095682,14099561,9516498,3610,4449368,105659,19185480
1790116109015680003,14100276,9516755,3610,4449820,105671,19185480
1790116109128438124,14100984,9517000,3610,4450265,105684,19185480
1790116109243788508,14101716,9517255,3610,4450719,105698,19185480
1790116109356907710,14102421,9517503,3610,4451165,105713,19185480
1790116109472952103,14103130,9517752,3610,4451622,105731,19185480
1790116109588111864,14103856,9518024,3610,4452058,105744,19185480
1790116109701060991,14104551,9518275,3610,4452499,105758,19185480
1790116109815792772,14105277,9518522,3610,4452956,105773,19185480
1790116109931850564,14106027,9518757,3610,4453440,105786,19185480
1790116110047220037,14106779,9519007,3610,4453894,105797,19185480
1790116110163626034,14107517,9519254,3610,4454360,105812,19185480
1790116110279533591,14108227,9519501,3610,4454823,105826,19185480
1790116110394845560,14108942,9519745,3610,4455288,105839,19185480
1790116110510265500,14109682,9520009,3610,4455729,105855,19185480
1790116110625125988,14110403,9520260,3610,4456184,105870,19185480
1790116110736738781,14111115,9520952,3610,4456187,105877,19219400
1790116110848906699,14111841,9521235,3610,4456616,105877,19219400
1790116110966181681,14112594,9521361,3610,4457235,105878,19219400
1790116111080513937,14113328,9521401,3610,4457924,105878,19219400
1790116111195104621,14114062,9521498,3610,4458555,105878,19219400
1790116111312244914,14114810,9521569,3610,4459230,105878,19219400
1790116111426812292,14115537,9521653,3610,4459874,105878,19219400
1790116111543789597,14116282,9521808,3610,4460463,105879,19219400
1790116111658178340,14117013,9521858,3610,4461140,105879,19219400
1790116111775212760,14117761,9521963,3610,4461778,105881,19219400
1790116111892332389,14118504,9522032,3610,4462455,105881,19219400
1790116112006700737,14119233,9522109,3610,4463108,105881,19219400
1790116112123777741,14119983,9522308,3610,4463652,105883,19219400
1790116112238663232,14120722,9522396,3610,4464293,105883,19219400
1790116112355090994,14121473,9522493,3610,4464936,105883,19219400
1790116112472498284,14122216,9522570,3610,4465605,105884,19219400
1790116112587129294,14122948,9522648,3610,4466258,105884,19219400
1790116112702346328,14123683,9522798,3610,4466839,105884,19219400
1790116112815885847,14124400,9522866,3610,4467497,105885,19219400
1790116112932790723,14125150,9522966,3610,4468141,105885,19219400
1790116113049008351,14125899,9523070,3610,4468775,105886,19219400
1790116113163543064,14126627,9523150,3610,4469418,105887,19219400
1790116113279857390,14127368,9523260,3610,4470052,105887,19219400
1790116113394838484,14128100,9523320,3610,4470724,105888,19219400
1790116113511308932,14128844,9523491,3610,4471292,105889,19219400
1790116113626486562,14129583,9523627,3610,4471888,105889,19219400
1790116113740803216,14130307,9523740,3610,4472504,105890,19219400
1790116113856850005,14131051,9523848,3610,4473135,105890,19219400
1790116113974200313,14131801,9523988,3610,4473739,105891,19219400
1790116114091447778,14132557,9524119,3610,4474353,105891,19219400
1790116114207211670,14133297,9524292,3610,4474916,105892,19219400
1790116114324428755,14134046,9524369,3610,4475584,105892,19219400
1790116114438721128,14134775,9524442,3610,4476242,105893,19219400
1790116114555866430,14135523,9524592,3610,4476836,105893,19219400
1790116114672944014,14136268,9524705,3610,4477466,105894,19219400
1790116114790195109,14137023,9524814,3610,4478101,105894,19219400
1790116114907418220,14137772,9524938,3610,4478720,105895,19219400
1790116115025210371,14138523,9525060,3610,4479350,105895,19219400
1790116115140065767,14139261,9525112,3610,4480030,105896,19219400
1790116115255999064,14139992,9525213,3610,4480666,105897,19219400
1790116115373173911,14140756,9525352,3610,4481271,105898,19219400
1790116115491653641,14141513,9525484,3610,4481888,105899,19219400
1790116115609025695,14142275,9525673,3610,4482448,105900,19219400
1790116115725806379,14143021,9525791,3610,4483074,105900,19219400
1790116115841495331,14143759,9525863,3610,4483736,105900,19219400
1790116115955914462,14144495,9525940,3610,4484390,105900,19219400
1790116116073462982,14145247,9526052,3610,4485022,105900,19219400
1790116116190361103,14145992,9526207,3610,4485611,105901,19219400
1790116116307803940,14146741,9526327,3610,4486239,105901,19219400
1790116116425452908,14147494,9526461,3610,4486849,105902,19219400
1790116116542676325,14148242,9526533,3610,4487529,105902,19219400
1790116116657036057,14148980,9526607,3610,4488178,105903,19219400
1790116116774209430,14149731,9526724,3610,4488806,105903,19219400
1790116116891210890,14150481,9526840,3610,4489433,105903,19219400
1790116117008607870,14151236,9526956,3610,4490069,105903,19219400
1790116117125746964,14151979,9527076,3610,4490691,105905,19219400
1790116117243070481,14152722,9527201,3610,4491310,105905,19219400
1790116117357750272,14153448,9527263,3610,4491980,105905,19219400
1790116117474202716,14154198,9527358,3610,4492623,105906,19219400
1790116117591031533,14154948,9527515,3610,4493209,105906,19219400
1790116117708863556,14155698,9527602,3610,4493873,105907,19219400
1790116117826010633,14156444,9527740,3610,4494476,105908,19219400
1790116117943071609,14157192,9527851,3610,4495111,105908,19219400
1790116118057384276,14157920,9527877,3610,4495812,105908,19219400
1790116118175117855,14158681,9527993,3610,4496446,105909,19219400
1790116118312826909,14159550,9528135,3610,4497181,105909,19219400
1790116118429540572,14160306,9528224,3610,4497831,105909,19219400
1790116118545603965,14161052,9528375,3610,4498417,105910,19219400
1790116118662928554,14161800,9528471,3610,4499071,105912,19219400
1790116118779292993,14162548,9528567,3610,4499713,105912,19219400
1790116118894381262,14163279,9528648,3610,4500363,105912,19219400
1790116119008599759,14164014,9528762,3610,4500976,105912,19219400
1790116119126158633,14164759,9528916,3610,4501570,105914,19219400
1790116119242955309,14165511,9529027,3610,4502202,105915,19219400
1790116119358960672,14166253,9529161,3610,4502803,105917,19219400
1790116119475965833,14167004,9529237,3610,4503472,105917,19219400
1790116119590220323,14167741,9529317,3610,4504118,105917,19219400
1790116119707276908,14168484,9529462,3610,4504717,105917,19219400
1790116119824430099,14169227,9529612,3610,4505311,105918,19219400
1790116119941986049,14169980,9529759,3610,4505913,105919,19219400
1790116120059381452,14170730,9529906,3610,4506509,105920,19219400
1790116120176457555,14171480,9530044,3610,4507116,105920,19219400
1790116120291079304,14172210,9530113,3610,4507780,105920,19219400
1790116120404382383,14172934,9530220,3610,4508390,105922,19219400
1790116120521502220,14173676,9530357,3610,4508996,105922,19219400
1790116120637222148,14174419,9530453,3610,4509638,105923,19219400
1790116120754213583,14175161,9530603,3610,4510231,105923,19219400
1790116120871249088,14175908,9530716,3610,4510862,105924,19219400
1790116120988455369,14176654,9530816,3610,4511507,105924,19219400
1790116121102869195,14177385,9530885,3610,4512169,105924,19219400
1790116121219922618,14178130,9530995,3610,4512803,105925,19219400
1790116121336955140,14178882,9531125,3610,4513417,105926,19219400
1790116121455210043,14179643,9531244,3610,4514049,105926,19219400
1790116121568800778,14180368,9531389,3610,4514626,105927,19219400
1790116121684822002,14181105,9531482,3610,4515274,105927,19219400
1790116121803206778,14181874,9531561,3610,4515944,105927,19219400
1790116121920167906,14182624,9531686,3610,4516564,105928,19219400
1790116122045410967,14183416,9531840,3610,4517201,105930,19219400
1790116122162472071,14184164,9531954,3610,4517832,105930,19219400
1790116122279826787,14184914,9532073,3610,4518462,105930,19219400
1790116122396983338,14185659,9532183,3610,4519097,105931,19219400
1790116122511891131,14186401,9532229,3610,4519784,105931,19219400
1790116122628561861,14187148,9532337,3610,4520414,105931,19219400
1790116122745578610,14187899,9532494,3610,4521001,105932,19219400
1790116122863537124,14188657,9532606,3610,4521639,105932,19219400
1790116122980554040,14189408,9532756,3610,4522230,105934,19219400
1790116123097858404,14190153,9532858,3610,4522878,105935,19219400
1790116123210789861,14190873,9532955,3610,4523502,105935,19219400
1790116123349772866,14191764,9533095,3610,4524245,105936,19219400
1790116123466916921,14192517,9533243,3610,4524840,105936,19219400
1790116123581216660,14193253,9533355,3610,4525452,105938,19219400
1790116123698314494,14194004,9533474,3610,4526077,105938,19219400
1790116123812372412,14194735,9533599,3610,4526675,105938,19219400
1790116123929438662,14195489,9533699,3610,4527320,105938,19219400
1790116124043749045,14196221,9533769,3610,4527980,105940,19219400
1790116124160696117,14196973,9533903,3610,4528591,105940,19219400
1790116124277798783,14197730,9534022,3610,4529213,105941,19219400
1790116124395121882,14198483,9534147,3610,4529833,105941,19219400
1790116124512938779,14199234,9534303,3610,4530425,105942,19219400
1790116124630035918,14199982,9534443,3610,4531029,105942,19219400
1790116124744534965,14200706,9534489,3610,4531714,105943,19219400
1790116124861188899,14201448,9534618,3610,4532324,105943,19219400
1790116124978204102,14202194,9534776,3610,4532910,105943,19219400
1790116125094980697,14202934,9534915,3610,4533514,105944,19219400
1790116125212197706,14203684,9535088,3610,4534084,105944,19219400
1790116125329967855,14204424,9535233,3610,4534688,105945,19219400
1790116125446175913,14205170,9535313,3610,4535347,105945,19219400
1790116125560893737,14205901,9535399,3610,4535991,105946,19219400
1790116125681562449,14206675,9535512,3610,4536641,105946,19219400
1790116125798976866,14207424,9535665,3610,4537236,105947,19219400
1790116125915205460,14208174,9535768,3610,4537873,105947,19219400
1790116126027659769,14208889,9535913,3610,4538438,105949,19219400
1790116126144848505,14209642,9535980,3610,4539122,105949,19219400
1790116126259120630,14210379,9536048,3610,4539779,105949,19219400
1790116126376296675,14211129,9536157,3610,4540414,105949,19219400
1790116126493205927,14211880,9536293,3610,4541020,105951,19219400
1790116126610399794,14212629,9536428,3610,4541629,105952,19219400
1790116126727720586,14213380,9536556,3610,4542251,105952,19219400
1790116126845097021,14214138,9536661,3610,4542890,105952,19219400
1790116126959588253,14214865,9536722,3610,4543556,105953,19219400
1790116127075805888,14215597,9536860,3610,4544161,105954,19219400
1790116127193285367,14216354,9537022,3610,4544743,105954,19219400
1790116127309407744,14217092,9537117,3610,4545385,105954,19219400
1790116127426465496,14217835,9537285,3610,4545960,105954,19219400
1790116127543223624,14218577,9537389,3610,4546600,105955,19219400
1790116127660234210,14219328,9537495,3610,4547240,105955,19219400
1790116127775054344,14220056,9537574,3610,4547892,105956,19219400
1790116127892420405,14220807,9537730,3610,4548479,105957,19219400
1790116128009466799,14221560,9537854,3610,4549099,105957,19219400
1790116128126200059,14222304,9537965,3610,4549731,105958,19219400
1790116128242641707,14223048,9538088,3610,4550344,105960,19219400
1790116128358860563,14223787,9538203,3610,4550973,105960,19219400
1790116128473495207,14224523,9538260,3610,4551639,105964,19219400
1790116128590520998,14225270,9538369,3610,4552278,105964,19219400
1790116128704460346,14226002,9538410,3610,4552961,105964,19219400
1790116128820389842,14226745,9538529,3610,4553578,105965,19219400
1790116128937720495,14227493,9538598,3610,4554260,105965,19219400
1790116129052510338,14228232,9538674,3610,4554908,105965,19219400
1790116129169545767,14228985,9538815,3610,4555512,105966,19219400
1790116129283945189,14229714,9538836,3610,4556225,105966,19219400
1790116129401730642,14230469,9538949,3610,4556860,105967,19219400
1790116129519221755,14231224,9539027,3610,4557528,105967,19219400
1790116129633817840,14231961,9539122,3610,4558163,105968,19219400
1790116129750885228,14232705,9539249,3610,4558780,105968,19219400
1790116129865608260,14233443,9539286,3610,4559470,105968,19219400
1790116129981024928,14234180,9539406,3610,4560087,105968,19219400
1790116130097971887,14234926,9539474,3610,4560764,105968,19219400
1790116130212698244,14235669,9539553,3610,4561417,105969,19219400
1790116130329895729,14236420,9539681,3610,4562033,105969,19219400
1790116130444610888,14237156,9539722,3610,4562719,105969,19219400
1790116130561228020,14237901,9539816,3610,4563369,105970,19219400
1790116130678266620,14238644,9539896,3610,4564035,105970,19219400
1790116130792452074,14239376,9539982,3610,4564672,105972,19219400
1790116130909215773,14240126,9540098,3610,4565301,105972,19219400
1790116131029208453,14240890,9540167,3610,4565995,105973,19219400
1790116131145870044,14241627,9540409,3610,4566477,105983,19219400
1790116131260304261,14242355,9540657,3610,4566935,105994,19219400
1790116131375413819,14243066,9540925,3610,4567375,106007,19219400
1790116131489569799,14243790,9541201,3610,4567799,106020,19219400
1790116131603377917,14244503,9541452,3610,4568247,106033,19219400
1790116131717424417,14245216,9541700,3610,4568698,106045,19219400
1790116131831991426,14245938,9541936,3610,4569167,106062,19219400
1790116131947650703,14246652,9542182,3610,4569628,106075,19219400
1790116132063616467,14247388,9542427,3610,4570099,106086,19219400
1790116132176629022,14248097,9542693,3610,4570526,106100,19219400
1790116132291197673,14248830,9542937,3610,4570978,106117,19219400
1790116132407071173,14249561,9543191,3610,4571438,106128,19219400
1790116132523572601,14250263,9543414,3610,4571936,106141,19219400
1790116132640408744,14250999,9543668,3610,4572395,106154,19219400
1790116132755233364,14251712,9543944,3610,4572826,106166,19219400
1790116132870517320,14252445,9544195,3610,4573280,106183,19219400
1790116132983639515,14253162,9544444,3610,4573722,106201,19219400
1790116133097439554,14253865,9544707,3610,4574154,106216,19219400
1790116133212811503,14254589,9544947,3610,4574626,106229,19219400
1790116133328539492,14255314,9545192,3610,4575092,106244,19219400
1790116133443933917,14256021,9545438,3610,4575549,106260,19219400
1790116133558574482,14256749,9545693,3610,4575996,106275,19219400
1790116133672526511,14257457,9545935,3610,4576453,106289,19219400
1790116133788658647,14258198,9546190,3610,4576914,106303,19219400
1790116133906339861,14258934,9546423,3610,4577408,106313,19219400
1790116134021932985,14259653,9546684,3610,4577849,106330,19219400
1790116134137024257,14260386,9546929,3610,4578311,106344,19219400
1790116134251692909,14261114,9547181,3610,4578762,106362,19219400
1790116134366439544,14261825,9547433,3610,4579211,106375,19219400
1790116134480300063,14262568,9547695,3610,4579658,106383,19219400
1790116134598750821,14263316,9547962,3610,4580122,106393,19219400
1790116134714681525,14264041,9548203,3610,4580587,106409,19219400
1790116134830018536,14264780,9548445,3610,4581048,106425,19219400
1790116134944549182,14265505,9548702,3610,4581495,106439,19219400
1790116135060229863,14266220,9548953,3610,4581950,106455,19219400
1790116135174536123,14266955,9549178,3610,4582436,106464,19219400
1790116135288867252,14267684,9549425,3610,4582892,106474,19219400
1790116135402834601,14268397,9549690,3610,4583324,106488,19219400
1790116135517921752,14269124,9549945,3610,4583774,106503,19219400
1790116135633558253,14269841,9550201,3610,4584226,106522,19219400
1790116135748797656,14270577,9550470,3610,4584666,106530,19219400
1790116135862771037,14271316,9550704,3610,4585143,106542,19219400
1790116135976814593,14272038,9550989,3610,4585556,106555,19219400
1790116136091070761,14272756,9551251,3610,4585995,106566,19219400
1790116136206283831,14273490,9551523,3610,4586432,106582,19219400
1790116136320785574,14274222,9551787,3610,4586865,106599,19219400
1790116136436243544,14274953,9552044,3610,4587316,106612,19219400
1790116136550190097,14275687,9552268,3610,4587801,106623,19219400
1790116136664852234,14276403,9552508,3610,4588261,106636,19219400
1790116136781317981,14277137,9552765,3610,4588717,106649,19219400
1790116136895084759,14277839,9553024,3610,4589157,106665,19219400
1790116137010550930,14278558,9553268,3610,4589614,106681,19219400
1790116137123661408,14279268,9553512,3610,4590065,106695,19219400
1790116137239761512,14279992,9553742,3610,4590553,106706,19219400
1790116137356374664,14280723,9553977,3610,4591034,106718,19219400
1790116137472021206,14281448,9554225,3610,4591494,106734,19219400
1790116137588578596,14282165,9554510,3610,4591926,106746,19219400
1790116137704571672,14282891,9554766,3610,4592384,106759,19219400
1790116137819495035,14283613,9555027,3610,4592825,106776,19219400
1790116137932810416,14284341,9555293,3610,4593258,106786,19219400
1790116138049727435,14285078,9555533,3610,4593737,106800,19219400
1790116138164959367,14285773,9555782,3610,4594190,106818,19219400
1790116138282315066,14286493,9556031,3610,4594664,106829,19219400
1790116138406777183,14287265,9556291,3610,4595161,106850,19219400
1790116138522569167,14287997,9556566,3610,4595592,106867,19219400
1790116138636029974,14288724,9556795,3610,4596067,106876,19219400
1790116138749824650,14289432,9557036,3610,4596521,106893,19219400
1790116138864280465,14290170,9557294,3610,4596963,106908,19219400
1790116138978242712,14290889,9557548,3610,4597412,106919,19219400
1790116139092703258,14291587,9557809,3610,4597862,106929,19219400
1790116139207166413,14292299,9558073,3610,4598300,106939,19219400
1790116139319629613,14293012,9558331,3610,4598740,106951,19219400
1790116139434356179,14293723,9558582,3610,4599190,106968,19219400
1790116139549954108,14294439,9558833,3610,4599650,106981,19219400
1790116139665269836,14295158,9559075,3610,4600110,107000,19219400
1790116139779915794,14295877,9559321,3610,4600561,107015,19219400
1790116139895588924,14296590,9559576,3610,4601016,107027,19219400
1790116140011611873,14297335,9559805,3610,4601501,107041,19219400
1790116140128111479,14298061,9560068,3610,4601953,107054,19219400
1790116140244292890,14298780,9560306,3610,4602429,107070,19219400
1790116140358530485,14299494,9560568,3610,4602863,107084,19219400
1790116140472564729,14300208,9560814,3610,4603322,107097,19219400
1790116140585568044,14300903,9561067,3610,4603762,107111,19219400
1790116140701297459,14301639,9561314,3610,4604226,107125,19219400
1790116140817224841,14302355,9561570,3610,4604681,107139,19219400
1790116140935266791,14303079,9561850,3610,4605131,107152,19219400
1790116141051019196,14303810,9562128,3610,4605559,107167,19219400
1790116141167048634,14304544,9562371,3610,4606026,107183,19219400
1790116141279628992,14305252,9562620,3610,4606469,107195,19219400
1790116141395493864,14305963,9562870,3610,4606932,107207,19219400
1790116141509641615,14306695,9563122,3610,4607385,107219,19219400
1790116141625913405,14307428,9563372,3610,4607849,107236,19219400
1790116141739509085,14308164,9563616,3610,4608301,107248,19219400
1790116141854923714,14308885,9563862,3610,4608758,107263,19219400
1790116141969444920,14309589,9564114,3610,4609212,107276,19219400
1790116142083207953,14310291,9564335,3610,4609690,107287,19219400
1790116142197347670,14310982,9564590,3610,4610140,107301,19219400
1790116142313559989,14311718,9564845,3610,4610596,107315,19219400
1790116142428080035,14312423,9565102,3610,4611038,107330,19219400
1790116142542999156,14313135,9565344,3610,4611501,107346,19219400
1790116142656919286,14313840,9565588,3610,4611957,107359,19219400
1790116142771446402,14314570,9565846,3610,4612405,107369,19219400
1790116142884187257,14315261,9566086,3610,4612860,107380,19219400
1790116142998268376,14315984,9566347,3610,4613298,107396,19219400
1790116143112678982,14316691,9566606,3610,4613741,107409,19219400
1790116143227434456,14317423,9566856,3610,4614197,107420,19219400
1790116143341971008,14318159,9567094,3610,4614665,107433,19219400
1790116143457510238,14318883,9567322,3610,4615150,107445,19219400
1790116143580809201,14319651,9567608,3610,4615623,107456,19219400
1790116143695375231,14320374,9567868,3610,4616065,107471,19219400
1790116143809457116,14321094,9568108,3610,4616530,107482,19219400
1790116143924353196,14321824,9568370,3610,4616971,107495,19219400
1790116144039392697,14322531,9568639,3610,4617410,107505,19219400
1790116144152757947,14323251,9568892,3610,4617859,107517,19219400
1790116144268949969,14323980,9569144,3610,4618323,107528,19219400
1790116144383606786,14324690,9569423,3610,4618749,107542,19219400
1790116144499477675,14325408,9569680,3610,4619203,107556,19219400
1790116144615632446,14326125,9569926,3610,4619673,107566,19219400
1790116144730365011,14326850,9570169,3610,4620134,107583,19219400
1790116144844977284,14327575,9570423,3610,4620585,107595,19219400
1790116144962614012,14328310,9570685,3610,4621045,107612,19219400
1790116145078036981,14329028,9570933,3610,4621501,107626,19219400
1790116145191943645,14329733,9571188,3610,4621946,107642,19219400
1790116145306205917,14330437,9571439,3610,4622393,107657,19219400
1790116145421886068,14331177,9571710,3610,4622827,107674,19219400
1790116145537034922,14331919,9571933,3610,4623319,107683,19219400
1790116145651428164,14332645,9572173,3610,4623784,107694,19219400
1790116145766178414,14333324,9572418,3610,4624230,107717,19219400
1790116145880693827,14334031,9572660,3610,4624687,107732,19219400
1790116145993588548,14334748,9572909,3610,4625131,107746,19219400
1790116146108491495,14335480,9573159,3610,4625590,107758,19219400
1790116146223092576,14336181,9573375,3610,4626080,107767,19219400
1790116146336468113,14336877,9573611,3610,4626542,107778,19219400
1790116146452914074,14337619,9573866,3610,4627002,107795,19219400
1790116146568384731,14338349,9574107,3610,4627469,107810,19219400
1790116146682190526,14339060,9574368,3610,4627901,107824,19219400
1790116146796323216,14339779,9574607,3610,4628363,107838,19219400
1790116146911821101,14340509,9574841,3610,4628839,107851,19219400
1790116147025807628,14341233,9575091,3610,4629293,107863,19219400
1790116147139899274,14341939,9575348,3610,4629733,107877,19219400
1790116147254844455,14342672,9575623,3610,4630164,107890,19219400
1790116147369854107,14343421,9575890,3610,4630601,107906,19219400
1790116147484842619,14344126,9576131,3610,4631063,107924,19219400
1790116147599525625,14344840,9576364,3610,4631534,107939,19219400
1790116147715603021,14345565,9576620,3610,4631996,107948,19219400
1790116147829258654,14346283,9576860,3610,4632450,107965,19219400
1790116147944711392,14347013,9577114,3610,4632901,107979,19219400
1790116148058567949,14347713,9577375,3610,4633340,107991,19219400
1790116148174438131,14348420,9577631,3610,4633800,108003,19219400
1790116148288118978,14349148,9577859,3610,4634277,108012,19219400
1790116148424659773,14350013,9578163,3610,4634812,108030,19219400
1790116148540344958,14350724,9578418,3610,4635273,108040,19219400
1790116148653865986,14351439,9578692,3610,4635694,108051,19219400
1790116148769223211,14352174,9578953,3610,4636139,108064,19219400
1790116148882557311,14352904,9579206,3610,4636578,108082,19219400
1790116148995066192,14353641,9579461,3610,4637024,108089,19219400
1790116149107049604,14354356,9579733,3610,4637442,108101,19219400
1790116149220219119,14355082,9579992,3610,4637876,108116,19219400
1790116149332580067,14355775,9580309,3610,4638253,108128,19219400
1790116149445190168,14356495,9580561,3610,4638692,108141,19219400
1790116149558223338,14357224,9580812,3610,4639132,108158,19219400
1790116149674487700,14357951,9581036,3610,4639625,108171,19219400
1790116149790303156,14358662,9581280,3610,4640085,108188,19219400
1790116149904436645,14359381,9581526,3610,4640537,108205,19219400
1790116150018592561,14360100,9581792,3610,4640974,108217,19219400
1790116150134720919,14360812,9582046,3610,4641435,108229,19219400
1790116150248755274,14361544,9582289,3610,4641891,108242,19219400
1790116150363431836,14362269,9582535,3610,4642355,108251,19219400
1790116150476689344,14362973,9582803,3610,4642782,108265,19219400
1790116150590745102,14363691,9583052,3610,4643234,108279,19219400
1790116150705693727,14364408,9583305,3610,4643682,108297,19219400
1790116150820393298,14365132,9583561,3610,4644121,108320,19219400
1790116150935372414,14365862,9583831,3610,4644553,108332,19219400
1790116151050333086,14366578,9584069,3610,4645029,108341,19219400
1790116151166529413,14367299,9584328,3610,4645488,108350,19219400
1790116151280228139,14368012,9584579,3610,4645934,108363,19219400
1790116151395605241,14368728,9584828,3610,4646394,108379,19219400
1790116151511452181,14369458,9585081,3610,4646843,108396,19219400
1790116151625079183,14370174,9585358,3610,4647267,108408,19219400
1790116151738294876,14370897,9585613,3610,4647713,108418,19219400
1790116151854481752,14371641,9585857,3610,4648185,108431,19219400
1790116151969278789,14372371,9586126,3610,4648619,108445,19219400
1790116152084778831,14373090,9586367,3610,4649080,108465,19219400
1790116152200217545,14373805,9586634,3610,4649517,108482,19219400
1790116152314773576,14374520,9586883,3610,4649976,108492,19219400
1790116152429211965,14375237,9587102,3610,4650463,108502,19219400
1790116152545198186,14375962,9587353,3610,4650924,108514,19219400
1790116152658899522,14376654,9587595,3610,4651383,108524,19219400
1790116152775854382,14377407,9587872,3610,4651824,108538,19219400
1790116152891037262,14378122,9588125,3610,4652282,108546,19219400
1790116153004658386,14378834,9588375,3610,4652731,108559,19219400
1790116153119573818,14379557,9588614,3610,4653201,108569,19219400
1790116153235820166,14380284,9588895,3610,4653629,108587,19219400
1790116153351433827,14381014,9589163,3610,4654070,108601,19219400
1790116153464982207,14381733,9589416,3610,4654519,108614,19219400
1790116153580287245,14382471,9589666,3610,4654975,108624,19219400
1790116153692451199,14383165,9589909,3610,4655416,108642,19219400
1790116153809013995,14383878,9590147,3610,4655901,108650,19219400
1790116153924088090,14384612,9590407,3610,4656347,108663,19219400
1790116154039275315,14385332,9590657,3610,4656802,108679,19219400
1790116154154303170,14386061,9590907,3610,4657261,108690,19219400
1790116154269942514,14386774,9591145,3610,4657727,108707,19219400
1790116154384127601,14387465,9591396,3610,4658180,108717,19219400
1790116154500594760,14388199,9591657,3610,4658634,108730,19219400
1790116154613073394,14388913,9591900,3610,4659087,108740,19219400
1790116154726241384,14389637,9592155,3610,4659525,108755,19219400
1790116154839973413,14390344,9592413,3610,4659965,108769,19219400
1790116154954543381,14391056,9592673,3610,4660407,108781,19219400
1790116155067709436,14391750,9592925,3610,4660849,108797,19219400
1790116155185094398,14392488,9593167,3610,4661331,108808,19219400
1790116155300288379,14393201,9593414,3610,4661785,108828,19219400
1790116155412418424,14393917,9593651,3610,4662237,108843,19219400
1790116155528172158,14394638,9593911,3610,4662687,108855,19219400
1790116155643425355,14395357,9594170,3610,4663132,108872,19219400
1790116155758052752,14396082,9594422,3610,4663581,108888,19219400
1790116155872294303,14396818,9594648,3610,4664066,108897,19219400
1790116155986760201,14397536,9594926,3610,4664486,108912,19219400
1790116156100212350,14398249,9595185,3610,4664929,108923,19219400
1790116156215330797,14398971,9595436,3610,4665379,108937,19219400
1790116156329957135,14399714,9595684,3610,4665834,108951,19219400
1790116156445453846,14400420,9595945,3610,4666284,108962,19219400
1790116156558811056,14401118,9596205,3610,4666723,108975,19219400
1790116156675573725,14401877,9596445,3610,4667202,108987,19219400
1790116156789333107,14402567,9596693,3610,4667654,108999,19219400
1790116156902287892,14403266,9596936,3610,4668105,109014,19219400
1790116157016114277,14403985,9597200,3610,4668534,109032,19219400
1790116157131863350,14404718,9597452,3610,4668994,109046,19219400
1790116157245875930,14405454,9597682,3610,4669467,109055,19219400
1790116157362925870,14406167,9597950,3610,4669922,109065,19219400
1790116157478486180,14406908,9598209,3610,4670374,109076,19219400
1790116157593332734,14407642,9598461,3610,4670828,109091,19219400
1790116157707306237,14408355,9598713,3610,4671271,109107,19219400
1790116157821258934,14409069,9598969,3610,4671721,109118,19219400
1790116157937225772,14409803,9599192,3610,4672212,109129,19219400
1790116158053461561,14410529,9599435,3610,4672682,109141,19219400
1790116158169583702,14411265,9599684,3610,4673144,109156,19219400
1790116158284806403,14411990,9599948,3610,4673592,109165,19219400
1790116158397688835,14412683,9600199,3610,4674034,109177,19219400
1790116158512373214,14413413,9600454,3610,4674481,109189,19219400
1790116158626333706,14414127,9600685,3610,4674956,109204,19219400
1790116158740801073,14414859,9600927,3610,4675416,109216,19219400
1790116158855758265,14415576,9601176,3610,4675871,109230,19219400
1790116158972856384,14416327,9601423,3610,4676340,109248,19219400
1790116159087799279,14417032,9601676,3610,4676787,109266,19219400
1790116159201888625,14417742,9601928,3610,4677230,109283,19219400
1790116159316742714,14418477,9602201,3610,4677657,109304,19219400
1790116159431285571,14419192,9602483,3610,4678080,109317,19219400
1790116159547722461,14419930,9602716,3610,4678561,109330,19219400
1790116159663238357,14420644,9602984,3610,4679004,109343,19219400
1790116159778526277,14421351,9603233,3610,4679458,109357,19219400
1790116159892977932,14422067,9603481,3610,4679916,109369,19219400
1790116160009743164,14422808,9603718,3610,4680393,109385,19219400
1790116160124455876,14423550,9603995,3610,4680817,109403,19219400
1790116160240278879,14424253,9604239,3610,4681287,109418,19219400
1790116160353860598,14424954,9604500,3610,4681722,109428,19219400
1790116160468302725,14425665,9604767,3610,4682156,109444,19219400
1790116160583549715,14426368,9605010,3610,4682614,109460,19219400
1790116160698438061,14427108,9605256,3610,4683080,109472,19219400
1790116160812529428,14427812,9605493,3610,4683536,109488,19219400
1790116160925910082,14428508,9605742,3610,4683989,109500,19219400
1790116161040498129,14429231,9606022,3610,4684406,109517,19219400
1790116161155642761,14429939,9606266,3610,4684868,109530,19219400
1790116161270544186,14430667,9606512,3610,4685332,109544,19219400
1790116161385000780,14431393,9606764,3610,4685785,109553,19219400
1790116161501258001,14432106,9607010,3610,4686259,109563,19219400
1790116161615989659,14432824,9607249,3610,4686719,109579,19219400
1790116161730746220,14433557,9607491,3610,4687177,109597,19219400
1790116161845863608,14434293,9607741,3610,4687635,109609,19219400
1790116161959583353,14435019,9607996,3610,4688077,109625,19219400
1790116162074930879,14435736,9608227,3610,4688554,109636,19219400
1790116162191624846,14436463,9608474,3610,4689026,109650,19219400
1790116162305929203,14437182,9608733,3610,4689463,109668,19219400
1790116162420394714,14437895,9608981,3610,4689913,109683,19219400
1790116162535551567,14438613,9609243,3610,4690358,109696,19219400
1790116162650627460,14439335,9609492,3610,4690817,109711,19219400
1790116162763629837,14440044,9609721,3610,4691283,109725,19219400
1790116162879087427,14440800,9609960,3610,4691750,109739,19219400
1790116162991901717,14441505,9610208,3610,4692198,109752,19219400
1790116163106803526,14442218,9610459,3610,4692648,109768,19219400
1790116163220049985,14442913,9610698,3610,4693103,109781,19219400
1790116163335104103,14443627,9610961,3610,4693551,109792,19219400
1790116163450670492,14444344,9611203,3610,4694020,109805,19219400
1790116163567032734,14445086,9611448,3610,4694477,109828,19219400
1790116163681540544,14445781,9611712,3610,4694916,109842,19219400
1790116163797096068,14446500,9611954,3610,4695389,109855,19219400
1790116163912467696,14447207,9612211,3610,4695836,109869,19219400
1790116164028104629,14447919,9612481,3610,4696274,109889,19219400
1790116164141340749,14448598,9612712,3610,4696735,109902,19219400
1790116164257103572,14449297,9612964,3610,4697193,109916,19219400
1790116164371024934,14449977,9613229,3610,4697628,109931,19219400
1790116164485696931,14450708,9613483,3610,4698077,109944,19219400
1790116164600700588,14451432,9613720,3610,4698539,109963,19219400
1790116164713472048,14452133,9613981,3610,4698972,109974,19219400
1790116164830153987,14452868,9614422,3610,4699255,109982,19232968
1790116164942225958,14453584,9614966,3610,4699396,110002,19249864
1790116165066869224,14454383,9615092,3610,4700055,110008,19249864
1790116165184302072,14455139,9615191,3610,4700671,110038,19249864
1790116165299231535,14455877,9615268,3610,4701326,110039,19249864
1790116165415552617,14456622,9615396,3610,4701935,110039,19249864
1790116165532847688,14457374,9615475,3610,4702607,110039,19249864
1790116165647474440,14458118,9615537,3610,4703271,110039,19249864
1790116165764116639,14458862,9615640,3610,4703912,110039,19249864
1790116165881227237,14459605,9615722,3610,4704576,110039,19249864
1790116165995757638,14460328,9615798,3610,4705228,110041,19249864
1790116166113028917,14461083,9615887,3610,4705886,110041,19249864
1790116166229657639,14461829,9615964,3610,4706555,110041,19249864
1790116166344161319,14462565,9616047,3610,4707197,110042,19249864
1790116166461420831,14463308,9616168,3610,4707823,110042,19249864
1790116166575680404,14464041,9616214,3610,4708507,110042,19249864
1790116166690183042,14464771,9616296,3610,4709149,110043,19249864
1790116166807462456,14465519,9616419,3610,4709771,110043,19249864
1790116166921909563,14466249,9616441,3610,4710482,110043,19249864
1790116167036264338,14466994,9616528,3610,4711120,110044,19249864
1790116167153505623,14467740,9616704,3610,4711688,110044,19249864
1790116167268035814,14468476,9616729,3610,4712397,110044,19249864
1790116167384248792,14469210,9616819,3610,4713044,110044,19249864
1790116167500854257,14469952,9616950,3610,4713656,110045,19249864
1790116167615556061,14470688,9616976,3610,4714357,110045,19249864
1790116167732041837,14471430,9617099,3610,4714976,110047,19249864
1790116167847859130,14472164,9617230,3610,4715583,110047,19249864
1790116167962575250,14472898,9617263,3610,4716277,110047,19249864
1790116168077006809,14473642,9617399,3610,4716872,110047,19249864
1790116168194476396,14474401,9617481,3610,4717535,110047,19249864
1790116168309020325,14475132,9617528,3610,4718220,110047,19249864
1790116168434191312,14475936,9617625,3610,4718918,110047,19249864
1790116168551535250,14476681,9617762,3610,4719525,110048,19249864
1790116168666970601,14477431,9617892,3610,4720132,110049,19249864
1790116168784413099,14478184,9617986,3610,4720783,110049,19249864
1790116168901456841,14478929,9618128,3610,4721383,110050,19249864
1790116169018623329,14479680,9618281,3610,4721974,110051,19249864
1790116169132929592,14480410,9618303,3610,4722687,110051,19249864
1790116169248579637,14481147,9618383,3610,4723337,110051,19249864
1790116169365604163,14481897,9618516,3610,4723948,110051,19249864
1790116169483181429,14482654,9618657,3610,4724556,110052,19249864
1790116169600351488,14483404,9618781,3610,4725177,110052,19249864
1790116169717442062,14484158,9618909,3610,4725792,110053,19249864
1790116169834934464,14484907,9619002,3610,4726450,110053,19249864
1790116169952353840,14485657,9619084,3610,4727113,110054,19249864
1790116170066818328,14486389,9619186,3610,4727741,110054,19249864
1790116170184093987,14487144,9619268,3610,4728404,110055,19249864
1790116170299313182,14487880,9619425,3610,4728980,110055,19249864
1790116170411623044,14488599,9619540,3610,4729577,110055,19249864
1790116170529305844,14489356,9619629,3610,4730240,110055,19249864
1790116170645810307,14490091,9619752,3610,4730858,110056,19249864
1790116170762480528,14490846,9619890,3610,4731458,110057,19249864
1790116170877842642,14491584,9619917,3610,4732170,110057,19249864
1790116170994515482,14492332,9620028,3610,4732799,110058,19249864
1790116171109232882,14493071,9620136,3610,4733421,110058,19249864
1790116171226672163,14493819,9620265,3610,4734040,110061,19249864
1790116171343874989,14494566,9620402,3610,4734646,110061,19249864
1790116171461076933,14495314,9620536,3610,4735255,110062,19249864
1790116171578239796,14496065,9620608,3610,4735928,110062,19249864
1790116171692632554,14496795,9620686,3610,4736577,110062,19249864
1790116171806781680,14497522,9620767,3610,4737226,110063,19249864
1790116171924037972,14498273,9620903,3610,4737836,110063,19249864
1790116172041475101,14499017,9621049,3610,4738432,110064,19249864
1790116172158655258,14499765,9621149,3610,4739077,110064,19249864
1790116172275706185,14500517,9621323,3610,4739653,110065,19249864
1790116172392660135,14501261,9621461,3610,4740254,110067,19249864
1790116172507972196,14501992,9621600,3610,4740848,110067,19249864
1790116172622748007,14502730,9621674,3610,4741506,110068,19249864
1790116172736591663,14503451,9621827,3610,4742067,110073,19249864
1790116172853794026,14504201,9621943,3610,4742701,110073,19249864
1790116172971059211,14504955,9622114,3610,4743273,110074,19249864
1790116173088205641,14505706,9622236,3610,4743895,110074,19249864
1790116173205267329,14506445,9622399,3610,4744475,110076,19249864
1790116173322393811,14507196,9622497,3610,4745122,110076,19249864
1790116173456239782,14508055,9622601,3610,4745872,110076,19249864
1790116173570580163,14508781,9622691,3610,4746503,110079,19249864
1790116173688106471,14509536,9622816,3610,4747129,110080,19249864
1790116173806302354,14510290,9622968,3610,4747724,110082,19249864
1790116173921224785,14511015,9623091,3610,4748333,110082,19249864
1790116174038245891,14511762,9623217,3610,4748952,110082,19249864
1790116174152878943,14512482,9623348,3610,4749551,110083,19249864
1790116174269895337,14513234,9623425,3610,4750219,110084,19249864
1790116174384705416,14513972,9623472,3610,4750904,110084,19249864
1790116174500883152,14514709,9623572,3610,4751541,110084,19249864
1790116174617991509,14515458,9623703,3610,4752156,110085,19249864
1790116174735567014,14516211,9623784,3610,4752820,110086,19249864
1790116174849199255,14516935,9623913,3610,4753414,110086,19249864
1790116174966001580,14517684,9624072,3610,4753993,110091,19249864
1790116175083006894,14518437,9624201,3610,4754609,110091,19249864
1790116175197194596,14519167,9624222,3610,4755315,110091,19249864
1790116175311618130,14519896,9624299,3610,4755959,110094,19249864
1790116175428818479,14520637,9624414,3610,4756594,110094,19249864
1790116175545767604,14521381,9624569,3610,4757179,110096,19249864
1790116175659552999,14522102,9624693,3610,4757777,110096,19249864
1790116175776649668,14522844,9624821,3610,4758396,110098,19249864
1790116175891972888,14523580,9624970,3610,4758977,110102,19249864
1790116176009104313,14524333,9625090,3610,4759601,110102,19249864
1790116176123922855,14525067,9625194,3610,4760230,110102,19249864
1790116176240507249,14525823,9625349,3610,4760809,110106,19249864
1790116176357804309,14526571,9625489,3610,4761419,110107,19249864
1790116176473887268,14527313,9625613,3610,4762031,110107,19249864
1790116176590680150,14528059,9625784,3610,4762605,110108,19249864
1790116176707681156,14528795,9625910,3610,4763220,110109,19249864
1790116176824962992,14529544,9626002,3610,4763873,110109,19249864
1790116176936524825,14530258,9626077,3610,4764507,110109,19249864
1790116177050881593,14530977,9626173,3610,4765136,110114,19249864
1790116177168289751,14531732,9626313,3610,4765744,110114,19249864
1790116177285825669,14532470,9626448,3610,4766357,110115,19249864
1790116177402920710,14533216,9626565,3610,4766984,110115,19249864
1790116177519998058,14533967,9626737,3610,4767556,110115,19249864
1790116177635694477,14534719,9626875,3610,4768150,110121,19249864
1790116177753108426,14535474,9626975,3610,4768796,110121,19249864
1790116177867370441,14536199,9627037,3610,4769461,110121,19249864
1790116177980562321,14536924,9627148,3610,4770067,110122,19249864
1790116178097596544,14537676,9627251,3610,4770709,110122,19249864
1790116178214997299,14538438,9627398,3610,4771307,110126,19249864
1790116178332100615,14539188,9627535,3610,4771914,110126,19249864
1790116178470227684,14540067,9627692,3610,4772631,110130,19249864
1790116178587385281,14540819,9627819,3610,4773249,110130,19249864
1790116178701053843,14541549,9627852,3610,4773944,110130,19249864
1790116178815771760,14542279,9627955,3610,4774566,110135,19249864
1790116178932823268,14543029,9628101,3610,4775165,110136,19249864
1790116179049842713,14543781,9628280,3610,4775728,110136,19249864
1790116179167059478,14544537,9628357,3610,4776396,110137,19249864
1790116179283195104,14545273,9628514,3610,4776978,110138,19249864
1790116179394631870,14545981,9628615,3610,4777580,110140,19249864
1790116179511761422,14546731,9628696,3610,4778251,110140,19249864
1790116179626243014,14547469,9628765,3610,4778907,110140,19249864
1790116179743722165,14548217,9628874,3610,4779548,110140,19249864
1790116179860837629,14548962,9629045,3610,4780122,110141,19249864
1790116179977771185,14549706,9629137,3610,4780768,110145,19249864
1790116180089070777,14550425,9629281,3610,4781332,110145,19249864
1790116180206470065,14551175,9629414,3610,4781941,110147,19249864
1790116180323521421,14551927,9629547,3610,4782553,110147,19249864
1790116180437069661,14552656,9629591,3610,4783237,110147,19249864
1790116180551530805,14553380,9629673,3610,4783877,110150,19249864
1790116180668756041,14554123,9629806,3610,4784494,110151,19249864
1790116180786199022,14554868,9629971,3610,4785071,110153,19249864
1790116180902022003,14555608,9630067,3610,4785713,110153,19249864
1790116181018959373,14556359,9630263,3610,4786261,110153,19249864
1790116181134170882,14557091,9630381,3610,4786872,110157,19249864
1790116181251517074,14557845,9630457,3610,4787541,110157,19249864
1790116181366162244,14558579,9630511,3610,4788220,110157,19249864
1790116181483907412,14559323,9630612,3610,4788868,110158,19249864
1790116181601122872,14560075,9630788,3610,4789438,110158,19249864
1790116181718398235,14560822,9630923,3610,4790045,110159,19249864
1790116181832524202,14561557,9631097,3610,4790596,110159,19249864
1790116181949368077,14562305,9631278,3610,4791155,110162,19249864
1790116182066443243,14563057,9631378,3610,4791803,110162,19249864
1790116182179013204,14563783,9631436,3610,4792463,110162,19249864
1790116182293527496,14564521,9631518,3610,4793104,110163,19249864
1790116182410643059,14565269,9631673,3610,4793700,110164,19249864
1790116182528031734,14566014,9631835,3610,4794281,110165,19249864
1790116182644979911,14566758,9631938,3610,4794922,110165,19249864
1790116182762557982,14567523,9632115,3610,4795490,110165,19249864
1790116182879885847,14568273,9632225,3610,4796124,110170,19249864
1790116182995480225,14569019,9632319,3610,4796764,110170,19249864
1790116183110004158,14569742,9632354,3610,4797461,110171,19249864
1790116183223274631,14570470,9632512,3610,4798020,110174,19249864
1790116183340539448,14571219,9632644,3610,4798633,110174,19249864
1790116183456449027,14571949,9632839,3610,4799173,110176,19249864
1790116183573787224,14572697,9633018,3610,4799743,110176,19249864
1790116183691091243,14573443,9633183,3610,4800322,110177,19249864
1790116183806347467,14574181,9633275,3610,4800962,110177,19249864
1790116183923647121,14574929,9633385,3610,4801597,110177,19249864
1790116184038892987,14575672,9633477,3610,4802241,110178,19249864
1790116184156221780,14576427,9633546,3610,4802918,110179,19249864
1790116184273910568,14577173,9633774,3610,4803439,110179,19249864
1790116184390113612,14577912,9633896,3610,4804055,110180,19249864
1790116184507502611,14578657,9634006,3610,4804693,110180,19249864
1790116184624768466,14579396,9634099,3610,4805345,110181,19249864
1790116184737976782,14580121,9634234,3610,4805931,110181,19249864
1790116184852531675,14580854,9634272,3610,4806619,110181,19249864
1790116184966848377,14581583,9634402,3610,4807215,110184,19249864
1790116185083191275,14582326,9634495,3610,4807862,110185,19249864
1790116185200434047,14583076,9634666,3610,4808434,110185,19249864
1790116185317668371,14583820,9634797,3610,4809054,110185,19249864
1790116185434872823,14584564,9634952,3610,4809641,110186,19249864
1790116185551542229,14585311,9635087,3610,4810245,110186,19249864
1790116185668953706,14586062,9635226,3610,4810858,110186,19249864
1790116185783351901,14586794,9635341,3610,4811466,110187,19249864
1790116185900417522,14587538,9635426,3610,4812126,110188,19249864
1790116186017299437,14588290,9635503,3610,4812794,110189,19249864
1790116186132575020,14589026,9635583,3610,4813444,110189,19249864
1790116186249690827,14589777,9635712,3610,4814064,110190,19249864
1790116186364058351,14590513,9635734,3610,4814770,110190,19249864
1790116186478619672,14591235,9635825,3610,4815403,110192,19249864
1790116186595707586,14591984,9636005,3610,4815973,110193,19249864
1790116186710796122,14592720,9636067,3610,4816645,110193,19249864
1790116186825450800,14593460,9636155,3610,4817277,110197,19249864
1790116186942518119,14594210,9636285,3610,4817892,110197,19249864
1790116187057311223,14594946,9636306,3610,4818604,110197,19249864
1790116187174486108,14595691,9636407,3610,4819246,110198,19249864
1790116187289471206,14596427,9636583,3610,4819801,110199,19249864
1790116187404194390,14597161,9636610,3610,4820507,110199,19249864
1790116187521612798,14597911,9636717,3610,4821145,110202,19249864
1790116187635105747,14598635,9636831,3610,4821753,110202,19249864
1790116187750125402,14599367,9636869,3610,4822448,110202,19249864
1790116187865770975,14600102,9637027,3610,4823024,110203,19249864
1790116187983124405,14600863,9637124,3610,4823673,110203,19249864
1790116188097681192,14601586,9637184,3610,4824340,110203,19249864
1790116188213620850,14602325,9637295,3610,4824966,110204,19249864
1790116188330931577,14603080,9637386,3610,4825627,110204,19249864
1790116188445203310,14603815,9637463,3610,4826271,110209,19249864
1790116188562499392,14604568,9637587,3610,4826890,110209,19249864
1790116188679738373,14605315,9637720,3610,4827508,110209,19249864
1790116188794391761,14606052,9637807,3610,4828147,110210,19249864
1790116188912089901,14606797,9637982,3610,4828493,110434,19249864
1790116189025221141,14607507,9638228,3610,4828943,110449,19249864
1790116189139770448,14608234,9638480,3610,4829388,110468,19249864
1790116189253904363,14608939,9638715,3610,4829855,110477,19249864
1790116189367259609,14609652,9638967,3610,4830301,110487,19249864
1790116189482416851,14610383,9639212,3610,4830759,110504,19249864
1790116189597710624,14611110,9639455,3610,4831228,110515,19249864
1790116189714703221,14611844,9639722,3610,4831680,110528,19249864
1790116189829704169,14612552,9639987,3610,4832122,110542,19249864
1790116189944564666,14613284,9640240,3610,4832572,110556,19249864
1790116190059433458,14613999,9640482,3610,4833037,110565,19249864
1790116190171852395,14614694,9640736,3610,4833476,110576,19249864
1790116190287866706,14615436,9640960,3610,4833890,110666,19249864
1790116190402596855,14616170,9641204,3610,4834354,110678,19249864
1790116190518106796,14616916,9641463,3610,4834805,110690,19249864
1790116190632562031,14617636,9641716,3610,4835255,110700,19249864
1790116190746833205,14618351,9641974,3610,4835698,110712,19249864
1790116190861782054,14619061,9642217,3610,4836165,110724,19249864
1790116190978238559,14619790,9642470,3610,4836630,110735,19249864
1790116191092971776,14620513,9642736,3610,4837069,110747,19249864
1790116191208994041,14621241,9642985,3610,4837530,110762,19249864
1790116191324641228,14621959,9643228,3610,4838004,110770,19249864
1790116191439377106,14622659,9643474,3610,4838457,110786,19249864
1790116191555590069,14623385,9643716,3610,4838930,110796,19249864
1790116191669787488,14624100,9643943,3610,4839407,110809,19249864
1790116191791101558,14624878,9644210,3610,4839880,110826,19249864
1790116191904487976,14625615,9644454,3610,4840335,110836,19249864
1790116192018808529,14626355,9644699,3610,4840795,110847,19249864
1790116192132794472,14627077,9644954,3610,4841237,110864,19249864
1790116192247572352,14627793,9645201,3610,4841693,110877,19249864
1790116192360559976,14628506,9645425,3610,4842165,110893,19249864
1790116192476321206,14629229,9645689,3610,4842610,110905,19249864
1790116192591408771,14629954,9645959,3610,4843050,110920,19249864
1790116192705407104,14630653,9646237,3610,4843473,110931,19249864
1790116192821304791,14631370,9646488,3610,4843926,110948,19249864
1790116192934206542,14632055,9646734,3610,4844376,110961,19249864
1790116193050120724,14632788,9646972,3610,4844855,110969,19249864
1790116193162400288,14633502,9647205,3610,4845312,110985,19249864
1790116193275853626,14634203,9647479,3610,4845727,111002,19249864
1790116193392211864,14634950,9647717,3610,4846204,111013,19249864
1790116193507494414,14635668,9647971,3610,4846659,111030,19249864
1790116193622981679,14636394,9648216,3610,4847123,111044,19249864
1790116193737594305,14637096,9648431,3610,4847546,111119,19249864
1790116193853265835,14637820,9648680,3610,4847995,111149,19249864
1790116193969992452,14638538,9648933,3610,4848456,111164,19249864
1790116194083395889,14639224,9649200,3610,4848879,111183,19249864
1790116194198873034,14639962,9649440,3610,4849349,111196,19249864
1790116194314128359,14640710,9649675,3610,4849818,111210,19249864
1790116194427060710,14641409,9649904,3610,4850283,111225,19249864
1790116194542199662,14642136,9650148,3610,4850755,111234,19249864
1790116194656420881,14642855,9650413,3610,4851189,111249,19249864
1790116194770430820,14643560,9650659,3610,4851637,111268,19249864
1790116194885798628,14644281,9650924,3610,4852076,111283,19249864
1790116195000283701,14645005,9651190,3610,4852510,111297,19249864
1790116195114617564,14645726,9651427,3610,4852982,111306,19249864
1790116195230978778,14646461,9651685,3610,4853442,111318,19249864
1790116195347281200,14647176,9651965,3610,4853879,111332,19249864
1790116195462833751,14647877,9652215,3610,4854330,111352,19249864
1790116195577028936,14648599,9652483,3610,4854762,111366,19249864
1790116195690354490,14649312,9652744,3610,4855194,111380,19249864
1790116195806721655,14650048,9652978,3610,4855679,111391,19249864
1790116195923726560,14650792,9653224,3610,4856155,111402,19249864
1790116196038966948,14651498,9653483,3610,4856601,111416,19249864
1790116196154423334,14652240,9653746,3610,4857047,111434,19249864
1790116196269039700,14652979,9653993,3610,4857498,111450,19249864
1790116196383756408,14653689,9654246,3610,4857950,111463,19249864
1790116196497853135,14654417,9654482,3610,4858415,111476,19249864
1790116196613602211,14655126,9654730,3610,4858875,111491,19249864
1790116196728196790,14655858,9655036,3610,4859272,111505,19249864
1790116196843565344,14656578,9655291,3610,4859723,111520,19249864
1790116196959243515,14657317,9655539,3610,4860181,111538,19249864
1790116197073963971,14658058,9655786,3610,4860637,111550,19249864
1790116197188722568,14658769,9656024,3610,4861107,111562,19249864
1790116197306116447,14659528,9656267,3610,4861519,111643,19249864
1790116197419230996,14660229,9656525,3610,4861961,111655,19249864
1790116197533425614,14660939,9656802,3610,4862383,111666,19249864
1790116197648574422,14661670,9657060,3610,4862829,111686,19249864
1790116197762307257,14662407,9657322,3610,4863260,111703,19249864
1790116197877832441,14663139,9657555,3610,4863738,111715,19249864
1790116197994034386,14663888,9657826,3610,4864176,111732,19249864
1790116198107193587,14664598,9658081,3610,4864616,111745,19249864
1790116198220012895,14665306,9658352,3610,4865037,111761,19249864
1790116198334105975,14666034,9658602,3610,4865482,111778,19249864
1790116198449346243,14666739,9658843,3610,4865948,111791,19249864
1790116198562005188,14667432,9659090,3610,4866399,111801,19249864
1790116198678573684,14668164,9659330,3610,4866873,111815,19249864
1790116198791602248,14668872,9659592,3610,4867306,111828,19249864
1790116198907955875,14669596,9659851,3610,4867763,111845,19249864
1790116199023696356,14670331,9660112,3610,4868205,111859,19249864
1790116199137276839,14671050,9660371,3610,4868644,111875,19249864
1790116199250517821,14671750,9660624,3610,4869088,111884,19249864
1790116199367446712,14672467,9660871,3610,4869561,111897,19249864
1790116199482993213,14673200,9661122,3610,4870021,111912,19249864
1790116199598790255,14673927,9661371,3610,4870475,111930,19249864
1790116199713481032,14674629,9661624,3610,4870924,111943,19249864
1790116199827405741,14675347,9661874,3610,4871371,111958,19249864
1790116199946361804,14676100,9662131,3610,4871853,111966,19249864
1790116200059609299,14676813,9662404,3610,4872278,111978,19249864
1790116200173407965,14677502,9662648,3610,4872729,111994,19249864
1790116200289236251,14678213,9662896,3610,4873190,112009,19249864
1790116200404613242,14678948,9663140,3610,4873657,112023,19249864
1790116200519403237,14679676,9663386,3610,4874113,112039,19249864
1790116200633635340,14680386,9663625,3610,4874579,112050,19249864
1790116200749476205,14681097,9663855,3610,4874995,112129,19249864
1790116200863862839,14681820,9664121,3610,4875427,112146,19249864
1790116200978801178,14682522,9664377,3610,4875868,112165,19249864
1790116201095789093,14683238,9664628,3610,4876332,112183,19249864
1790116201211756383,14683949,9664887,3610,4876783,112195,19249864
1790116201327345932,14684665,9665112,3610,4877275,112208,19249864
1790116201440860584,14685377,9665373,3610,4877705,112223,19249864
1790116201556884528,14686110,9665631,3610,4878161,112235,19249864
1790116201671045240,14686786,9665880,3610,4878614,112247,19249864
1790116201783828091,14687480,9666150,3610,4879039,112257,19249864
1790116201897791844,14688212,9666425,3610,4879461,112274,19249864
1790116202013579271,14688964,9666676,3610,4879925,112286,19249864
1790116202132768387,14689705,9666937,3610,4880400,112296,19249864
1790116202247119146,14690427,9667194,3610,4880842,112312,19249864
1790116202361316666,14691157,9667439,3610,4881296,112327,19249864
1790116202476093379,14691862,9667693,3610,4881746,112341,19249864
1790116202590333985,14692574,9667952,3610,4882190,112352,19249864
1790116202705605209,14693304,9668198,3610,4882657,112363,19249864
1790116202821463701,14694019,9668444,3610,4883123,112373,19249864
1790116202936371189,14694737,9668703,3610,4883575,112384,19249864
1790116203052400947,14695463,9668969,3610,4884018,112398,19249864
1790116203165326664,14696169,9669234,3610,4884446,112411,19249864
1790116203279003326,14696873,9669480,3610,4884899,112425,19249864
1790116203392986249,14697578,9669713,3610,4885372,112438,19249864
1790116203510471665,14698329,9669951,3610,4885849,112454,19249864
1790116203625933398,14699040,9670190,3610,4886319,112467,19249864
1790116203741101509,14699774,9670449,3610,4886771,112478,19249864
1790116203855419256,14700493,9670712,3610,4887210,112493,19249864
1790116203969963325,14701219,9670981,3610,4887643,112505,19249864
1790116204085723150,14701940,9671254,3610,4888079,112521,19249864
1790116204204786351,14702681,9671501,3610,4888497,112603,19249864
1790116204317630808,14703385,9671746,3610,4888942,112620,19249864
1790116204430676791,14704116,9672046,3610,4889336,112634,19249864
1790116204543379140,14704813,9672318,3610,4889757,112645,19249864
1790116204659215004,14705538,9672572,3610,4890213,112660,19249864
1790116204774541176,14706271,9672824,3610,4890672,112673,19249864
1790116204889436048,14706999,9673072,3610,4891128,112687,19249864
1790116205001851057,14707684,9673350,3610,4891541,112703,19249864
1790116205117280010,14708395,9673594,3610,4892007,112717,19249864
1790116205232034805,14709129,9673872,3610,4892434,112731,19249864
1790116205346222782,14709849,9674124,3610,4892884,112742,19249864
1790116205460805907,14710555,9674388,3610,4893323,112757,19249864
1790116205576297566,14711292,9674625,3610,4893796,112768,19249864
1790116205688150816,14711993,9674865,3610,4894247,112778,19249864
1790116205804539922,14712736,9675120,3610,4894703,112796,19249864
1790116205918234256,14713447,9675406,3610,4895111,112810,19249864
1790116206032867687,14714173,9675660,3610,4895563,112823,19249864
1790116206148221150,14714884,9675910,3610,4896023,112833,19249864
1790116206265081846,14715616,9676143,3610,4896511,112845,19249864
1790116206377523713,14716317,9676402,3610,4896943,112858,19249864
1790116206490446653,14717033,9676649,3610,4897389,112874,19249864
1790116206604202000,14717738,9676902,3610,4897832,112885,19249864
1790116206717594297,14718442,9677147,3610,4898284,112898,19249864
1790116206833482771,14719166,9677410,3610,4898729,112915,19249864
1790116206950032362,14719919,9677646,3610,4899213,112929,19249864
1790116207065819074,14720647,9677900,3610,4899672,112939,19249864
1790116207181412040,14721372,9678215,3610,4900071,112952,19249864
1790116207296543451,14722094,9678457,3610,4900530,112966,19249864
1790116207409614781,14722813,9678740,3610,4900942,112981,19249864
1790116207525127547,14723558,9679001,3610,4901386,112996,19249864
1790116207638310782,14724257,9679246,3610,4901842,113007,19249864
1790116207755421440,14725008,9679529,3610,4902208,113093,19249864
1790116207872027136,14725723,9679777,3610,4902677,113107,19249864
1790116207987263551,14726459,9680067,3610,4903098,113120,19249864
1790116208102804497,14727173,9680325,3610,4903542,113137,19249864
1790116208218325705,14727922,9680577,3610,4904002,113147,19249864
1790116208332356243,14728638,9680802,3610,4904479,113159,19249864
1790116208447462036,14729382,9681045,3610,4904943,113172,19249864
1790116208573714308,14730160,9681339,3610,4905422,113191,19249864
1790116208689860268,14730894,9681581,3610,4905892,113206,19249864
1790116208804571635,14731618,9681835,3610,4906336,113225,19249864
1790116208920774234,14732334,9682085,3610,4906803,113237,19249864
1790116209036799168,14733072,9682321,3610,4907280,113251,19249864
1790116209152888574,14733796,9682586,3610,4907732,113262,19249864
1790116209267953007,14734521,9682847,3610,4908172,113278,19249864
1790116209383223050,14735239,9683133,3610,4908585,113298,19249864
1790116209496725452,14735964,9683393,3610,4909022,113314,19249864
1790116209609688931,14736674,9683631,3610,4909474,113328,19249864
1790116209723510132,14737413,9683871,3610,4909943,113338,19249864
1790116209839498731,14738174,9684112,3610,4910412,113353,19249864
1790116209953535844,14738881,9684371,3610,4910843,113373,19249864
1790116210066783296,14739586,9684621,3610,4911293,113386,19249864
1790116210181051336,14740297,9684867,3610,4911745,113401,19249864
1790116210294917973,14740993,9685128,3610,4912181,113416,19249864
1790116210408746208,14741725,9685350,3610,4912663,113426,19249864
1790116210523565461,14742462,9685616,3610,4913106,113438,19249864
1790116210637384973,14743171,9685908,3610,4913513,113451,19249864
1790116210750411954,14743882,9686187,3610,4913931,113463,19249864
1790116210864391935,14744586,9686475,3610,4914341,113478,19249864
1790116210977499509,14745297,9686724,3610,4914789,113492,19249864
1790116211091029174,14746035,9686964,3610,4915248,113504,19249864
1790116211204589802,14746752,9687199,3610,4915643,113588,19249864
1790116211319686491,14747469,9687474,3610,4916078,113600,19249864
1790116211433749098,14748201,9687727,3610,4916524,113610,19249864
1790116211550312000,14748914,9687981,3610,4916989,113620,19249864
1790116211663853026,14749631,9688232,3610,4917437,113632,19249864
1790116211777926405,14750348,9688464,3610,4917909,113642,19249864
1790116211894458668,14751102,9688735,3610,4918356,113653,19249864
1790116212007285322,14751819,9689011,3610,4918781,113664,19249864
1790116212121792661,14752573,9689263,3610,4919229,113677,19249864
1790116212236822680,14753294,9689504,3610,4919693,113691,19249864
1790116212351898107,14754013,9689748,3610,4920149,113709,19249864
1790116212467948549,14754734,9690004,3610,4920610,113720,19249864
1790116212581440738,14755450,9690256,3610,4921055,113734,19249864
1790116212696557991,14756183,9690495,3610,4921521,113747,19249864
1790116212810289254,14756895,9690753,3610,4921962,113759,19249864
1790116212922904090,14757580,9691019,3610,4922390,113770,19249864
1790116213038514101,14758312,9691281,3610,4922837,113783,19249864
1790116213150556753,14759013,9691514,3610,4923298,113795,19249864
1790116213264338048,14759738,9691794,3610,4923720,113807,19249864
1790116213377486112,14760440,9692081,3610,4924127,113818,19249864
1790116213491233608,14761156,9692359,3610,4924543,113835,19249864
1790116213604265498,14761863,9692608,3610,4924992,113846,19249864
1790116213721093967,14762587,9692856,3610,4925458,113860,19249864
1790116213835630516,14763301,9693105,3610,4925916,113872,19249864
1790116213953263611,14764026,9693354,3610,4926393,113881,19249864
1790116214069273228,14764773,9693600,3610,4926863,113893,19249864
1790116214185702247,14765499,9693858,3610,4927318,113906,19249864
1790116214301375367,14766240,9694119,3610,4927765,113922,19249864
1790116214417296551,14766959,9694386,3610,4928203,113936,19249864
1790116214531538711,14767673,9694641,3610,4928654,113949,19249864
1790116214651508696,14768427,9694877,3610,4929083,114038,19249864
1790116214771855114,14769186,9695125,3610,4929570,114054,19249864
1790116214885864680,14769904,9695376,3610,4930018,114067,19249864
1790116215002502328,14770620,9695643,3610,4930471,114078,19249864
1790116215116262608,14771332,9695885,3610,4930927,114090,19249864
1790116215230002879,14772048,9696143,3610,4931368,114105,19249864
1790116215344767696,14772755,9696374,3610,4931845,114115,19249864
1790116215459513947,14773459,9696617,3610,4932303,114130,19249864
1790116215573895449,14774182,9696888,3610,4932734,114144,19249864
1790116215688671647,14774892,9697140,3610,4933188,114157,19249864
1790116215802641686,14775620,9697394,3610,4933633,114170,19249864
1790116215918035629,14776329,9697662,3610,4934077,114181,19249864
1790116216031644206,14777043,9697910,3610,4934530,114191,19249864
1790116216146703633,14777772,9698142,3610,4935007,114201,19249864
1790116216262563477,14778515,9698391,3610,4935473,114212,19249864
1790116216377567897,14779235,9698649,3610,4935919,114224,19249864
1790116216491794563,14779938,9698889,3610,4936372,114246,19249864
1790116216605042194,14780652,9699139,3610,4936818,114259,19249864
1790116216721944973,14781386,9699381,3610,4937298,114272,19249864
1790116216837577068,14782096,9699628,3610,4937759,114288,19249864
1790116216952080768,14782807,9699890,3610,4938202,114298,19249864
1790116217067009119,14783504,9700143,3610,4938654,114311,19249864
1790116217178677735,14784194,9700427,3610,4939056,114325,19249864
1790116217292881925,14784910,9700688,3610,4939497,114337,19249864
1790116217407868186,14785653,9700919,3610,4939977,114349,19249864
1790116217522912394,14786372,9701184,3610,4940418,114363,19249864
1790116217637297194,14787094,9701444,3610,4940855,114379,19249864
1790116217752823402,14787797,9701690,3610,4941315,114396,19249864
1790116217866182106,14788501,9701947,3610,4941754,114410,19249864
1790116217981190538,14789201,9702214,3610,4942194,114421,19249864
1790116218095430147,14789931,9702476,3610,4942597,114473,19249864
1790116218212227129,14790663,9702718,3610,4943042,114517,19249864
1790116218325775101,14791356,9702960,3610,4943497,114532,19249864
1790116218440068715,14792058,9703214,3610,4943944,114543,19249864
1790116218553098226,14792756,9703452,3610,4944395,114562,19249864
1790116218665734821,14793465,9703697,3610,4944840,114579,19249864
1790116218778446238,14794170,9703932,3610,4945299,114590,19249864
1790116218895163723,14794910,9704176,3610,4945765,114609,19249864
1790116219010562308,14795628,9704435,3610,4946213,114624,19249864
1790116219125928670,14796382,9704685,3610,4946673,114636,19249864
1790116219240923808,14797109,9704928,3610,4947139,114648,19249864
1790116219355429314,14797813,9705181,3610,4947583,114663,19249864
1790116219468055426,14798526,9705414,3610,4948044,114677,19249864
1790116219584574074,14799265,9705664,3610,4948509,114693,19249864
1790116219701033344,14799998,9705938,3610,4948950,114705,19249864
1790116219816326134,14800749,9706181,3610,4949412,114721,19249864
1790116219932065432,14801473,9706426,3610,4949878,114732,19249864
1790116220045997291,14802187,9706679,3610,4950321,114748,19249864
1790116220160329883,14802901,9706948,3610,4950761,114757,19249864
1790116220276027704,14803632,9707207,3610,4951208,114773,19249864
1790116220390411411,14804377,9707475,3610,4951643,114790,19249864
1790116220504315825,14805115,9707716,3610,4952097,114809,19249864
1790116220619071047,14805844,9707960,3610,4952545,114830,19249864
1790116220734676003,14806569,9708218,3610,4952998,114843,19249864
1790116220851060619,14807274,9708446,3610,4953490,114851,19249864
1790116220967560383,14808011,9708701,3610,4953949,114866,19249864
1790116221082386232,14808718,9708958,3610,4954395,114882,19249864
1790116221195261582,14809426,9709233,3610,4954812,114895,19249864
1790116221309021768,14810127,9709484,3610,4955258,114911,19249864
1790116221424874632,14810852,9709728,3610,4955721,114929,19249864
1790116221537824645,14811579,9709967,3610,4956183,114937,19249864
1790116221651935111,14812301,9710241,3610,4956609,114952,19249864
1790116221766346483,14813014,9710526,3610,4957028,114967,19249864
1790116221880636202,14813722,9710788,3610,4957465,114980,19249864
1790116221996902698,14814459,9711045,3610,4957924,114994,19249864
1790116222110676154,14815179,9711333,3610,4958332,115008,19249864
1790116222225708671,14815899,9711568,3610,4958811,115016,19249864
1790116222340250738,14816624,9711801,3610,4959214,115098,19249864
1790116222454994150,14817332,9712065,3610,4959651,115116,19249864
1790116222570010533,14818039,9712313,3610,4960116,115125,19249864
1790116222686071787,14818765,9712594,3610,4960548,115136,19249864
1790116222800633943,14819492,9712841,3610,4961005,115149,19249864
1790116222916884542,14820234,9713265,3610,4961300,115159,19263432
1790116223028308692,14820948,9713884,3610,4961378,115164,19285320
1790116223144889478,14821694,9713982,3610,4962022,115165,19285320
1790116223258821125,14822416,9714122,3610,4962609,115165,19285320
1790116223373512578,14823150,9714149,3610,4963308,115165,19285320
1790116223488978714,14823877,9714315,3610,4963879,115166,19285320
1790116223637233620,14824834,9714417,3610,4964721,115166,19285320
1790116223751678132,14825560,9714514,3610,4965353,115167,19285320
1790116223868738759,14826312,9714612,3610,4965999,115167,19285320
1790116223980572315,14827027,9714685,3610,4966636,115167,19285320
1790116224094598658,14827758,9714763,3610,4967281,115168,19285320
1790116224211801741,14828504,9714937,3610,4967857,115169,19285320
1790116224327125633,14829246,9714981,3610,4968547,115169,19285320
1790116224441507224,14829969,9715065,3610,4969186,115170,19285320
1790116224558612795,14830719,9715189,3610,4969808,115170,19285320
1790116224673426380,14831454,9715210,3610,4970520,115170,19285320
1790116224791423093,14832214,9715303,3610,4971180,115170,19285320
1790116224904851347,14832942,9715420,3610,4971786,115170,19285320
1790116225019937994,14833675,9715445,3610,4972496,115170,19285320
1790116225134542532,14834407,9715578,3610,4973085,115172,19285320
1790116225251782569,14835151,9715707,3610,4973708,115172,19285320
1790116225366672839,14835886,9715779,3610,4974367,115172,19285320
1790116225483724026,14836634,9715898,3610,4974993,115172,19285320
1790116225601035865,14837389,9716010,3610,4975625,115172,19285320
1790116225715653162,14838119,9716078,3610,4976286,115173,19285320
1790116225832071435,14838869,9716166,3610,4976939,115173,19285320
1790116225947629177,14839602,9716242,3610,4977595,115173,19285320
1790116226062200013,14840334,9716316,3610,4978252,115174,19285320
1790116226179341137,14841077,9716441,3610,4978872,115174,19285320
1790116226293977115,14841806,9716462,3610,4979584,115174,19285320
1790116226408193118,14842538,9716549,3610,4980195,115200,19285320
1790116226525609226,14843292,9716682,3610,4980795,115213,19285320
1790116226643105065,14844055,9716852,3610,4981367,115221,19285320
1790116226760318704,14844804,9716940,3610,4982024,115221,19285320
1790116226873654158,14845534,9717139,3610,4982544,115223,19285320
1790116226985117992,14846259,9717255,3610,4983138,115223,19285320
1790116227102429757,14847006,9717374,3610,4983762,115223,19285320
1790116227217183836,14847746,9717449,3610,4984419,115223,19285320
1790116227330579110,14848464,9717556,3610,4985030,115224,19285320
1790116227447657273,14849210,9717685,3610,4985645,115225,19285320
1790116227562910054,14849949,9717824,3610,4986243,115226,19285320
1790116227680752260,14850699,9717916,3610,4986902,115226,19285320
1790116227798079099,14851454,9718046,3610,4987515,115227,19285320
1790116227915323512,14852194,9718190,3610,4988115,115227,19285320
1790116228030425139,14852935,9718256,3610,4988783,115227,19285320
1790116228147634830,14853671,9718377,3610,4989409,115228,19285320
1790116228259348518,14854384,9718478,3610,4990018,115228,19285320
1790116228376402958,14855121,9718645,3610,4990592,115230,19285320
1790116228493539035,14855866,9718797,3610,4991185,115230,19285320
1790116228610783135,14856609,9718931,3610,4991798,115231,19285320
1790116228727999767,14857360,9719006,3610,4992469,115231,19285320
1790116228841239929,14858087,9719112,3610,4993084,115231,19285320
1790116228964836975,14858871,9719209,3610,4993772,115232,19285320
1790116229081924826,14859624,9719346,3610,4994380,115233,19285320
1790116229199295613,14860377,9719489,3610,4994980,115234,19285320
1790116229316643003,14861122,9719564,3610,4995650,115234,19285320
1790116229430725460,14861843,9719761,3610,4996182,115234,19285320
1790116229549590046,14862606,9719919,3610,4996777,115235,19285320
1790116229666915462,14863354,9720028,3610,4997418,115235,19285320
1790116229781212050,14864094,9720093,3610,4998077,115235,19285320
1790116229897977431,14864837,9720216,3610,4998699,115236,19285320
1790116230015013349,14865583,9720424,3610,4999234,115236,19285320
1790116230129197032,14866307,9720548,3610,4999834,115237,19285320
1790116230246271745,14867055,9720662,3610,5000467,115237,19285320
1790116230359831564,14867786,9720798,3610,5001052,115240,19285320
1790116230475550819,14868529,9720940,3610,5001641,115240,19285320
1790116230590635296,14869269,9720975,3610,5002339,115241,19285320
1790116230704945753,14869986,9721106,3610,5002937,115242,19285320
1790116230822280205,14870736,9721182,3610,5003605,115242,19285320
1790116230939064892,14871473,9721362,3610,5004168,115244,19285320
1790116231056482846,14872217,9721562,3610,5004712,115245,19285320
1790116231173639948,14872964,9721794,3610,5005224,115245,19285320
1790116231290815723,14873717,9721951,3610,5005816,115245,19285320
1790116231405041740,14874451,9722040,3610,5006455,115245,19285320
1790116231519383044,14875181,9722138,3610,5007081,115247,19285320
1790116231636409186,14875928,9722279,3610,5007684,115247,19285320
1790116231753600521,14876675,9722419,3610,5008290,115248,19285320
1790116231870726448,14877423,9722500,3610,5008957,115249,19285320
1790116231985203745,14878155,9722720,3610,5009462,115249,19285320
1790116232100740373,14878899,9722813,3610,5010106,115249,19285320
1790116232217888949,14879645,9722887,3610,5010778,115249,19285320
1790116232332793470,14880381,9722951,3610,5011445,115250,19285320
1790116232450473635,14881136,9723057,3610,5012084,115250,19285320
1790116232567567758,14881881,9723209,3610,5012675,115250,19285320
1790116232681942402,14882601,9723321,3610,5013292,115253,19285320
1790116232799518528,14883356,9723432,3610,5013928,115253,19285320
1790116232914362250,14884088,9723537,3610,5014551,115253,19285320
1790116233028654609,14884819,9723726,3610,5015089,115253,19285320
1790116233143557899,14885552,9723793,3610,5015752,115253,19285320
1790116233259519097,14886286,9723917,3610,5016367,115254,19285320
1790116233376020319,14887033,9724007,3610,5017019,115254,19285320
1790116233492194412,14887785,9724135,3610,5017627,115255,19285320
1790116233639702331,14888726,9724265,3610,5018441,115256,19285320
1790116233754532075,14889467,9724434,3610,5018994,115257,19285320
1790116233871829749,14890213,9724589,3610,5019588,115258,19285320
1790116233986535918,14890946,9724612,3610,5020297,115259,19285320
1790116234103989564,14891707,9724713,3610,5020939,115259,19285320
1790116234218633272,14892441,9724824,3610,5021554,115260,19285320
1790116234335856841,14893182,9724964,3610,5022161,115262,19285320
1790116234453173421,14893935,9725151,3610,5022718,115263,19285320
1790116234570385649,14894684,9725280,3610,5023330,115265,19285320
1790116234687633543,14895433,9725384,3610,5023971,115265,19285320
1790116234804694894,14896179,9725465,3610,5024641,115265,19285320
1790116234918937334,14896909,9725540,3610,5025290,115267,19285320
1790116235036074105,14897664,9725665,3610,5025909,115267,19285320
1790116235153222401,14898417,9725797,3610,5026520,115268,19285320
1790116235269370136,14899148,9725881,3610,5027174,115269,19285320
1790116235384559655,14899888,9726052,3610,5027738,115270,19285320
1790116235501078743,14900628,9726212,3610,5028317,115271,19285320
1790116235618317808,14901379,9726313,3610,5028961,115271,19285320
1790116235732522001,14902102,9726383,3610,5029616,115271,19285320
1790116235849245513,14902849,9726482,3610,5030261,115271,19285320
1790116235966365307,14903593,9726619,3610,5030870,115271,19285320
1790116236080220458,14904317,9726770,3610,5031442,115272,19285320
1790116236197587946,14905068,9726868,3610,5032092,115272,19285320
1790116236311318547,14905802,9727022,3610,5032660,115272,19285320
1790116236427200167,14906544,9727181,3610,5033238,115273,19285320
1790116236541826325,14907272,9727205,3610,5033946,115274,19285320
1790116236659327514,14908025,9727311,3610,5034584,115275,19285320
1790116236774084430,14908763,9727447,3610,5035178,115275,19285320
1790116236891255581,14909510,9727581,3610,5035787,115275,19285320
1790116237008400027,14910258,9727709,3610,5036403,115276,19285320
1790116237125667756,14911015,9727876,3610,5036981,115276,19285320
1790116237242738777,14911765,9728021,3610,5037585,115276,19285320
1790116237357300709,14912500,9728144,3610,5038189,115276,19285320
1790116237470963591,14913217,9728299,3610,5038756,115278,19285320
1790116237588391777,14913967,9728491,3610,5039312,115278,19285320
1790116237705686005,14914708,9728681,3610,5039868,115280,19285320
1790116237822612123,14915455,9728790,3610,5040497,115280,19285320
1790116237939729200,14916203,9728957,3610,5041079,115280,19285320
1790116238055469570,14916941,9729108,3610,5041660,115281,19285320
1790116238172610641,14917692,9729231,3610,5042282,115281,19285320
1790116238287278605,14918421,9729275,3610,5042969,115281,19285320
1790116238403535092,14919171,9729423,3610,5043558,115282,19285320
1790116238520618406,14919921,9729554,3610,5044177,115282,19285320
1790116238660427074,14920813,9729731,3610,5044887,115282,19285320
1790116238777755700,14921567,9729854,3610,5045513,115283,19285320
1790116238892416220,14922306,9729984,3610,5046110,115283,19285320
1790116239007733391,14923044,9730128,3610,5046704,115283,19285320
1790116239122466051,14923782,9730176,3610,5047383,115283,19285320
1790116239238077618,14924525,9730349,3610,5047947,115283,19285320
1790116239358883603,14925298,9730468,3610,5048597,115283,19285320
1790116239476438349,14926050,9730640,3610,5049168,115285,19285320
1790116239593600701,14926799,9730796,3610,5049756,115285,19285320
1790116239710573250,14927543,9730964,3610,5050331,115285,19285320
1790116239827606420,14928289,9731088,3610,5050956,115286,19285320
1790116239941404651,14929015,9731124,3610,5051643,115286,19285320
1790116240055892577,14929742,9731202,3610,5052296,115286,19285320
1790116240173070376,14930491,9731332,3610,5052910,115286,19285320
1790116240290266837,14931236,9731475,3610,5053511,115287,19285320
1790116240407265063,14931980,9731577,3610,5054155,115287,19285320
1790116240520732411,14932690,9731771,3610,5054683,115288,19285320
1790116240637207778,14933426,9731895,3610,5055297,115289,19285320
1790116240754434001,14934173,9732008,3610,5055929,115289,19285320
1790116240868732620,14934910,9732106,3610,5056561,115290,19285320
1790116240985510721,14935663,9732255,3610,5057151,115290,19285320
1790116241102591984,14936420,9732413,3610,5057742,115290,19285320
1790116241215804056,14937137,9732534,3610,5058340,115290,19285320
1790116241332753328,14937886,9732648,3610,5058970,115291,19285320
1790116241444437788,14938604,9732808,3610,5059515,115293,19285320
1790116241561873263,14939348,9732941,3610,5060132,115293,19285320
1790116241676444775,14940083,9732968,3610,5060833,115293,19285320
1790116241793812055,14940831,9733107,3610,5061441,115294,19285320
1790116241911127913,14941585,9733239,3610,5062055,115295,19285320
1790116242028046195,14942333,9733407,3610,5062629,115296,19285320
1790116242145206330,14943077,9733570,3610,5063210,115296,19285320
1790116242262513037,14943822,9733742,3610,5063782,115296,19285320
1790116242379544498,14944573,9733824,3610,5064449,115296,19285320
1790116242491422388,14945289,9733903,3610,5065080,115296,19285320
1790116242605527355,14946018,9734000,3610,5065706,115299,19285320
1790116242722578951,14946760,9734120,3610,5066330,115300,19285320
1790116242839584546,14947517,9734275,3610,5066918,115300,19285320
1790116242956293982,14948271,9734369,3610,5067568,115301,19285320
1790116243073217926,14949019,9734513,3610,5068170,115301,19285320
1790116243190181490,14949769,9734623,3610,5068802,115302,19285320
1790116243307211400,14950513,9734702,3610,5069467,115302,19285320
1790116243421470839,14951231,9734765,3610,5070131,115303,19285320
1790116243537401876,14951970,9734850,3610,5070781,115303,19285320
1790116243684038077,14952915,9734931,3610,5071637,115303,19285320
1790116243799900513,14953644,9735016,3610,5072289,115305,19285320
1790116243914443419,14954379,9735144,3610,5072887,115305,19285320
1790116244029189049,14955116,9735170,3610,5073593,115305,19285320
1790116244144970883,14955864,9735294,3610,5074205,115306,19285320
1790116244262207709,14956614,9735369,3610,5074875,115306,19285320
1790116244377024998,14957340,9735423,3610,5075552,115307,19285320
1790116244494413670,14958084,9735521,3610,5076198,115307,19285320
1790116244611634606,14958833,9735596,3610,5076869,115307,19285320
1790116244725998872,14959563,9735667,3610,5077528,115307,19285320
1790116244842619578,14960312,9735751,3610,5078181,115309,19285320
1790116244958952477,14961057,9735854,3610,5078824,115309,19285320
1790116245073583940,14961788,9735932,3610,5079469,115311,19285320
1790116245191009408,14962543,9736088,3610,5080067,115312,19285320
1790116245306432422,14963281,9736123,3610,5080759,115312,19285320
1790116245420913992,14964016,9736222,3610,5081389,115313,19285320
1790116245538123708,14964771,9736433,3610,5081921,115313,19285320
1790116245652611737,14965501,9736477,3610,5082605,115313,19285320
1790116245767085859,14966241,9736586,3610,5083225,115314,19285320
1790116245884200711,14966992,9736726,3610,5083830,115314,19285320
1790116245999107524,14967725,9736760,3610,5084530,115315,19285320
1790116246115908429,14968478,9736874,3610,5085156,115315,19285320
1790116246232994739,14969224,9736958,3610,5085817,115315,19285320
1790116246347995694,14969960,9737001,3610,5086506,115316,19285320
1790116246465307278,14970696,9737225,3610,5087009,115326,19285320
1790116246579596793,14971413,9737380,3610,5087251,115650,19285320
1790116246698503188,14972164,9737597,3610,5087660,115770,19285320
1790116246812760694,14972877,9737830,3610,5088131,115780,19285320
1790116246928227992,14973589,9738080,3610,5088592,115792,19285320
1790116247043084796,14974320,9738324,3610,5089055,115805,19285320
1790116247156884418,14975037,9738565,3610,5089518,115816,19285320
1790116247272047513,14975742,9738857,3610,5089931,115826,19285320
1790116247387303751,14976456,9739114,3610,5090382,115840,19285320
1790116247503231920,14977180,9739361,3610,5090847,115857,19285320
1790116247617953079,14977897,9739618,3610,5091293,115868,19285320
1790116247733179040,14978618,9739936,3610,5091685,115880,19285320
1790116247849761426,14979338,9740191,3610,5092144,115898,19285320
1790116247968010014,14980086,9740445,3610,5092614,115912,19285320
1790116248082458912,14980818,9740695,3610,5093067,115927,19285320
1790116248197516656,14981557,9740936,3610,5093524,115944,19285320
1790116248310088049,14982266,9741185,3610,5093966,115961,19285320
1790116248424678260,14982977,9741440,3610,5094411,115977,19285320
1790116248539061949,14983683,9741711,3610,5094851,115986,19285320
1790116248698032725,14984705,9742038,3610,5095491,116010,19285320
1790116248813673082,14985436,9742303,3610,5095931,116028,19285320
1790116248930038145,14986184,9742552,3610,5096395,116042,19285320
1790116249043768847,14986909,9742799,3610,5096851,116053,19285320
1790116249159025924,14987637,9743063,3610,5097295,116068,19285320
1790116249274762412,14988348,9743311,3610,5097759,116077,19285320
1790116249391031903,14989092,9743536,3610,5098182,116158,19285320
1790116249507199146,14989835,9743831,3610,5098603,116170,19285320
1790116249623095878,14990564,9744118,3610,5099033,116184,19285320
1790116249737166050,14991266,9744362,3610,5099483,116196,19285320
1790116249852679914,14991954,9744614,3610,5099943,116208,19285320
1790116249969322975,14992681,9744857,3610,5100425,116217,19285320
1790116250085206676,14993438,9745118,3610,5100871,116231,19285320
1790116250200676572,14994171,9745409,3610,5101290,116244,19285320
1790116250315568719,14994884,9745656,3610,5101746,116261,19285320
1790116250431242335,14995607,9745893,3610,5102221,116271,19285320
1790116250543981831,14996317,9746149,3610,5102659,116285,19285320
1790116250658375516,14997025,9746385,3610,5103121,116302,19285320
1790116250774920167,14997753,9746649,3610,5103569,116320,19285320
1790116250890879543,14998467,9746901,3610,5104032,116332,19285320
1790116251007018719,14999203,9747136,3610,5104504,116348,19285320
1790116251122311124,14999951,9747389,3610,5104953,116366,19285320
1790116251237679851,15000681,9747647,3610,5105405,116377,19285320
1790116251350256929,15001382,9747879,3610,5105869,116390,19285320
1790116251464616713,15002091,9748136,3610,5106313,116405,19285320
1790116251580633864,15002819,9748414,3610,5106749,116416,19285320
1790116251695769686,15003546,9748708,3610,5107162,116431,19285320
1790116251809398774,15004263,9748957,3610,5107604,116450,19285320
1790116251924968324,15004983,9749209,3610,5108060,116465,19285320
1790116252041846897,15005712,9749449,3610,5108540,116478,19285320
1790116252158021424,15006450,9749723,3610,5108981,116490,19285320
1790116252273538496,15007159,9749979,3610,5109435,116503,19285320
1790116252387473456,15007873,9750237,3610,5109878,116517,19285320
1790116252502961872,15008590,9750491,3610,5110330,116530,19285320
1790116252616794958,15009292,9750742,3610,5110780,116542,19285320
1790116252731669983,15010022,9750980,3610,5111248,116555,19285320
1790116252848189093,15010751,9751226,3610,5111701,116585,19285320
1790116252959739263,15011458,9751480,3610,5112082,116651,19285320
1790116253073560301,15012180,9751725,3610,5112537,116663,19285320
1790116253189547230,15012910,9751997,3610,5112980,116677,19285320
1790116253303797335,15013637,9752242,3610,5113434,116689,19285320
1790116253417222675,15014363,9752497,3610,5113881,116699,19285320
1790116253534320392,15015107,9752754,3610,5114342,116713,19285320
1790116253650382990,15015819,9753010,3610,5114800,116726,19285320
1790116253766408705,15016535,9753258,3610,5115257,116745,19285320
1790116253880276778,15017248,9753508,3610,5115710,116757,19285320
1790116253994858214,15017968,9753766,3610,5116143,116779,19285320
1790116254109892619,15018706,9753993,3610,5116625,116792,19285320
1790116254223331996,15019441,9754228,3610,5117088,116807,19285320
1790116254339190961,15020161,9754466,3610,5117562,116821,19285320
1790116254453762440,15020853,9754739,3610,5117983,116839,19285320
1790116254566044952,15021557,9754987,3610,5118424,116852,19285320
1790116254681302600,15022255,9755235,3610,5118881,116868,19285320
1790116254797665382,15022992,9755495,3610,5119341,116879,19285320
1790116254910605977,15023679,9755740,3610,5119789,116891,19285320
1790116255026684982,15024423,9755989,3610,5120258,116901,19285320
1790116255141293402,15025150,9756241,3610,5120709,116914,19285320
1790116255256861781,15025879,9756495,3610,5121165,116928,19285320
1790116255370972740,15026577,9756741,3610,5121620,116938,19285320
1790116255483455748,15027277,9756975,3610,5122086,116948,19285320
1790116255597874829,15027973,9757219,3610,5122542,116963,19285320
1790116255713716220,15028694,9757475,3610,5122999,116975,19285320
1790116255828231793,15029418,9757730,3610,5123448,116988,19285320
1790116255942980962,15030107,9758015,3610,5123865,117001,19285320
1790116256057453751,15030841,9758272,3610,5124307,117019,19285320
1790116256172920770,15031589,9758508,3610,5124783,117030,19285320
1790116256288776813,15032328,9758768,3610,5125231,117047,19285320
1790116256402712559,15033025,9759007,3610,5125629,117125,19285320
1790116256518870063,15033734,9759251,3610,5126096,117141,19285320
1790116256633527868,15034441,9759510,3610,5126543,117151,19285320
1790116256748307151,15035160,9759759,3610,5126995,117167,19285320
1790116256864239738,15035879,9760011,3610,5127458,117182,19285320
1790116256981070868,15036630,9760286,3610,5127905,117193,19285320
1790116257094338894,15037327,9760535,3610,5128349,117205,19285320
1790116257210669874,15038064,9760769,3610,5128820,117222,19285320
1790116257323751483,15038785,9761032,3610,5129254,117235,19285320
1790116257438451511,15039485,9761282,3610,5129710,117245,19285320
1790116257551813732,15040210,9761499,3610,5130199,117257,19285320
1790116257669691181,15040929,9761754,3610,5130658,117274,19285320
1790116257783719802,15041646,9762009,3610,5131103,117290,19285320
1790116257898742027,15042393,9762247,3610,5131571,117301,19285320
1790116258012690454,15043109,9762503,3610,5132016,117315,19285320
1790116258126811861,15043834,9762761,3610,5132450,117334,19285320
1790116258241091264,15044562,9763006,3610,5132916,117345,19285320
1790116258360557286,15045307,9763244,3610,5133409,117358,19285320
1790116258475983577,15046045,9763503,3610,5133852,117377,19285320
1790116258590236278,15046773,9763770,3610,5134289,117389,19285320
1790116258714987667,15047545,9764028,3610,5134795,117405,19285320
1790116258829878103,15048255,9764278,3610,5135250,117418,19285320
1790116258946679304,15048996,9764509,3610,5135738,117431,19285320
1790116259062274172,15049705,9764755,3610,5136205,117446,19285320
1790116259176662122,15050438,9765006,3610,5136649,117462,19285320
1790116259292175563,15051156,9765253,3610,5137109,117478,19285320
1790116259406108854,15051881,9765555,3610,5137503,117494,19285320
1790116259521475062,15052616,9765805,3610,5137964,117507,19285320
1790116259637544715,15053344,9766059,3610,5138423,117519,19285320
1790116259752305042,15054040,9766302,3610,5138894,117528,19285320
1790116259865933375,15054764,9766523,3610,5139304,117606,19285320
1790116259981818787,15055498,9766773,3610,5139765,117619,19285320
1790116260097266068,15056219,9767036,3610,5140210,117635,19285320
1790116260211029615,15056940,9767305,3610,5140636,117649,19285320
1790116260326805765,15057683,9767531,3610,5141135,117657,19285320
1790116260441013057,15058403,9767819,3610,5141545,117668,19285320
1790116260554407494,15059136,9768117,3610,5141943,117682,19285320
1790116260666974433,15059844,9768379,3610,5142377,117695,19285320
1790116260783280529,15060572,9768657,3610,5142810,117708,19285320
1790116260898051967,15061299,9768906,3610,5143263,117723,19285320
1790116261012332883,15062014,9769205,3610,5143669,117732,19285320
1790116261129887922,15062768,9769453,3610,5144151,117742,19285320
1790116261251602874,15063524,9769712,3610,5144638,117755,19285320
1790116261367378111,15064237,9770006,3610,5145060,117764,19285320
1790116261483322694,15064964,9770263,3610,5145520,117777,19285320
1790116261596742476,15065663,9770515,3610,5145962,117788,19285320
1790116261710884456,15066390,9770766,3610,5146412,117799,19285320
1790116261829338687,15067125,9770999,3610,5146907,117813,19285320
1790116261943832898,15067822,9771244,3610,5147358,117833,19285320
1790116262058054655,15068536,9771511,3610,5147792,117846,19285320
1790116262174074209,15069275,9771759,3610,5148257,117860,19285320
1790116262288961790,15069989,9772014,3610,5148705,117874,19285320
1790116262402899729,15070698,9772257,3610,5149168,117886,19285320
1790116262521971107,15071457,9772535,3610,5149619,117897,19285320
1790116262636567210,15072192,9772773,3610,5150085,117908,19285320
1790116262751201126,15072908,9773016,3610,5150542,117924,19285320
1790116262865703501,15073637,9773274,3610,5150990,117935,19285320
1790116262980822723,15074364,9773548,3610,5151420,117954,19285320
1790116263096623702,15075079,9773804,3610,5151875,117966,19285320
1790116263212280556,15075816,9774058,3610,5152332,117979,19285320
1790116263328797689,15076544,9774305,3610,5152721,118072,19285320
1790116263443894477,15077260,9774565,3610,5153169,118084,19285320
1790116263560635382,15077989,9774835,3610,5153619,118099,19285320
1790116263675710338,15078728,9775080,3610,5154076,118112,19285320
1790116263788067193,15079440,9775346,3610,5154502,118126,19285320
1790116263902813735,15080181,9775590,3610,5154969,118137,19285320
1790116264018022320,15080902,9775831,3610,5155429,118154,19285320
1790116264131626971,15081595,9776079,3610,5155884,118164,19285320
1790116264247192853,15082318,9776329,3610,5156340,118177,19285320
1790116264359570656,15083016,9776574,3610,5156786,118191,19285320
1790116264474935824,15083723,9776826,3610,5157242,118205,19285320
1790116264589833721,15084428,9777077,3610,5157700,118216,19285320
1790116264703292334,15085139,9777364,3610,5158111,118228,19285320
1790116264816252415,15085839,9777658,3610,5158509,118242,19285320
1790116264931302035,15086559,9777905,3610,5158970,118255,19285320
1790116265046278798,15087265,9778158,3610,5159424,118267,19285320
1790116265160824012,15087987,9778411,3610,5159872,118282,19285320
1790116265274313096,15088707,9778669,3610,5160314,118294,19285320
1790116265389929383,15089430,9778925,3610,5160772,118304,19285320
1790116265503971488,15090126,9779164,3610,5161230,118320,19285320
1790116265618256648,15090838,9779429,3610,5161667,118333,19285320
1790116265731536560,15091544,9779684,3610,5162110,118345,19285320
1790116265845706214,15092270,9779927,3610,5162562,118361,19285320
1790116265960582340,15092979,9780185,3610,5163012,118374,19285320
1790116266074696312,15093689,9780430,3610,5163475,118384,19285320
1790116266190708255,15094410,9780681,3610,5163931,118398,19285320
1790116266304373947,15095129,9780964,3610,5164347,118411,19285320
1790116266419467830,15095861,9781206,3610,5164808,118426,19285320
1790116266532197126,15096547,9781476,3610,5165232,118439,19285320
1790116266646113754,15097265,9781701,3610,5165709,118451,19285320
1790116266760212889,15097981,9781942,3610,5166112,118525,19285320
1790116266878738507,15098713,9782209,3610,5166572,118540,19285320
1790116266991936848,15099421,9782477,3610,5166996,118554,19285320
1790116267106332398,15100138,9782733,3610,5167447,118564,19285320
1790116267221232995,15100867,9782979,3610,5167902,118580,19285320
1790116267337505092,15101607,9783213,3610,5168379,118598,19285320
1790116267454110276,15102361,9783454,3610,5168856,118611,19285320
1790116267568811339,15103068,9783710,3610,5169306,118622,19285320
1790116267681620811,15103777,9783997,3610,5169711,118637,19285320
1790116267796815174,15104524,9784254,3610,5170163,118650,19285320
1790116267911288662,15105232,9784504,3610,5170616,118661,19285320
1790116268026867587,15105972,9784773,3610,5171064,118669,19285320
1790116268142762517,15106693,9785033,3610,5171517,118682,19285320
1790116268255962625,15107408,9785271,3610,5171972,118696,19285320
1790116268370653957,15108134,9785522,3610,5172424,118712,19285320
1790116268484818396,15108852,9785773,3610,5172870,118726,19285320
1790116268600457901,15109567,9786035,3610,5173315,118741,19285320
1790116268734111895,15110398,9786327,3610,5173850,118754,19285320
1790116268851287435,15111126,9786567,3610,5174330,118770,19285320
1790116268967261333,15111833,9786824,3610,5174781,118785,19285320
1790116269081481354,15112551,9787074,3610,5175230,118800,19285320
1790116269195817273,15113250,9787331,3610,5175673,118813,19285320
1790116269310463123,15113956,9787581,3610,5176128,118825,19285320
1790116269424081465,15114673,9787810,3610,5176600,118837,19285320
1790116269539202550,15115395,9788069,3610,5177046,118853,19285320
1790116269655635937,15116118,9788319,3610,5177510,118870,19285320
1790116269770233936,15116829,9788593,3610,5177938,118882,19285320
1790116269884546771,15117526,9788843,3610,5178389,118897,19285320
1790116270001349313,15118269,9789106,3610,5178844,118907,19285320
1790116270113874817,15118985,9789362,3610,5179287,118915,19285320
1790116270226579541,15119688,9789613,3610,5179735,118925,19285320
1790116270341054552,15120401,9789878,3610,5180170,118938,19285320
1790116270454877120,15121108,9790133,3610,5180614,118952,19285320
1790116270570659832,15121844,9790403,3610,5181058,118963,19285320
1790116270687041552,15122568,9790675,3610,5181503,118975,19285320
1790116270802764033,15123294,9790920,3610,5181970,118988,19285320
1790116270917347000,15124004,9791181,3610,5182364,119048,19285320
1790116271032671122,15124745,9791427,3610,5182798,119094,19285320
1790116271147081145,15125481,9791699,3610,5183231,119104,19285320
1790116271262282524,15126198,9791962,3610,5183675,119118,19285320
1790116271375776798,15126895,9792216,3610,5184117,119131,19285320
1790116271492472448,15127639,9792473,3610,5184585,119141,19285320
1790116271608963666,15128390,9792725,3610,5185053,119152,19285320
1790116271724588095,15129129,9792983,3610,5185504,119166,19285320
1790116271839634219,15129840,9793253,3610,5185936,119179,19285320
1790116271954909742,15130566,9793522,3610,5186373,119196,19285320
1790116272070654104,15131301,9793793,3610,5186813,119210,19285320
1790116272187990414,15132033,9794020,3610,5187309,119223,19285320
1790116272303451675,15132740,9794289,3610,5187747,119240,19285320
1790116272417953108,15133453,9794567,3610,5188168,119255,19285320
1790116272533384214,15134150,9794816,3610,5188626,119268,19285320
1790116272648220224,15134864,9795074,3610,5189077,119283,19285320
1790116272762126828,15135574,9795320,3610,5189524,119297,19285320
1790116272876205961,15136301,9795562,3610,5189985,119310,19285320
1790116272992704685,15137044,9795806,3610,5190460,119319,19285320
1790116273106266540,15137755,9796061,3610,5190907,119334,19285320
1790116273219903511,15138480,9796342,3610,5191319,119348,19285320
1790116273333767197,15139217,9796586,3610,5191772,119362,19285320
1790116273446432314,15139917,9796838,3610,5192210,119375,19285320
1790116273559847772,15140631,9797065,3610,5192682,119388,19285320
1790116273673042903,15141345,9797357,3610,5193089,119398,19285320
1790116273788644935,15142060,9797607,3610,5193545,119413,19285320
1790116273904257227,15142771,9797863,3610,5193997,119427,19285320
1790116274019480632,15143499,9798123,3610,5194442,119441,19285320
1790116274133463784,15144197,9798379,3610,5194887,119453,19285320
1790116274246588063,15144914,9798594,3610,5195367,119471,19285320
1790116274360212369,15145622,9798828,3610,5195829,119484,19285320
1790116274473854779,15146332,9799106,3610,5196179,119569,19285320
1790116274588841655,15147079,9799387,3610,5196607,119581,19285320
1790116274701894388,15147810,9799650,3610,5197036,119596,19285320
1790116274816368776,15148514,9799940,3610,5197450,119612,19285320
1790116274930088874,15149251,9800250,3610,5197841,119623,19285320
1790116275046854369,15149986,9800494,3610,5198312,119637,19285320
1790116275161263456,15150729,9800750,3610,5198752,119656,19285320
1790116275274745962,15151408,9800995,3610,5199203,119674,19285320
1790116275389901547,15152126,9801264,3610,5199638,119687,19285320
1790116275505520467,15152860,9801524,3610,5200085,119702,19285320
1790116275620051608,15153589,9801773,3610,5200546,119714,19285320
1790116275733617243,15154299,9802025,3610,5200990,119724,19285320
1790116275846184059,15154991,9802275,3610,5201434,119740,19285320
1790116275960949569,15155709,9802518,3610,5201891,119754,19285320
1790116276076333956,15156443,9802774,3610,5202345,119767,19285320
1790116276190344348,15157155,9803030,3610,5202787,119781,19285320
1790116276306282077,15157873,9803263,3610,5203273,119789,19285320
1790116276420163269,15158598,9803523,3610,5203717,119800,19285320
1790116276533492377,15159313,9803793,3610,5204144,119814,19285320
1790116276647574241,15160032,9804049,3610,5204589,119827,19285320
1790116276763729611,15160760,9804293,3610,5205049,119844,19285320
1790116276876822714,15161487,9804551,3610,5205484,119860,19285320
1790116276991328088,15162202,9804795,3610,5205951,119872,19285320
1790116277106248057,15162935,9805066,3610,5206384,119884,19285320
1790116277219289151,15163651,9805322,3610,5206824,119898,19285320
1790116277335738701,15164403,9805560,3610,5207297,119914,19285320
1790116277449195426,15165127,9805831,3610,5207714,119932,19285320
1790116277565201256,15165859,9806089,3610,5208167,119947,19285320
1790116277680615657,15166586,9806338,3610,5208632,119957,19285320
1790116277802316055,15167333,9806580,3610,5209138,119970,19285320
1790116277917521459,15168062,9806796,3610,5209554,120059,19285320
1790116278032189003,15168801,9807058,3610,5209999,120071,19285320
1790116278146895483,15169519,9807323,3610,5210438,120083,19285320
1790116278261797394,15170235,9807576,3610,5210891,120097,19285320
1790116278376096435,15170951,9807837,3610,5211330,120111,19285320
1790116278494946921,15171706,9808085,3610,5211820,120122,19285320
1790116278611073221,15172420,9808337,3610,5212277,120136,19285320
1790116278725015684,15173107,9808578,3610,5212736,120147,19285320
1790116278840274406,15173834,9808832,3610,5213189,120163,19285320
1790116278954953286,15174528,9809091,3610,5213628,120180,19285320
1790116279069908214,15175262,9809351,3610,5214080,120195,19285320
1790116279189612482,15175993,9809590,3610,5214576,120205,19285320
1790116279306066544,15176742,9809834,3610,5215042,120220,19285320
1790116279422333442,15177466,9810074,3610,5215521,120233,19285320
1790116279536113122,15178193,9810329,3610,5215963,120245,19285320
1790116279650216423,15178901,9810587,3610,5216404,120258,19285320
1790116279765921484,15179631,9810835,3610,5216871,120273,19285320
1790116279881852262,15180355,9811085,3610,5217328,120285,19285320
1790116279996561186,15181082,9811349,3610,5217771,120298,19285320
1790116280110588870,15181771,9811591,3610,5218228,120310,19285320
1790116280225320539,15182498,9811848,3610,5218675,120326,19285320
1790116280340803747,15183222,9812106,3610,5219123,120339,19285320
1790116280460216674,15183969,9812343,3610,5219630,120348,19285320
