timestamp_ns,cpu_total_jiffies,cpu_idle_jiffies,pid,proc_utime_jiffies,proc_stime_jiffies,proc_rss_pages
1790115141250675966,7537836,7496715,3737,19927,12458,18625875
1790115141367634713,7538581,7496805,3737,20545,12490,18625875
1790115141488028246,7539349,7496875,3737,21194,12542,18625875
1790115141603189351,7540086,7496944,3737,21858,12542,18625875
1790115141718546887,7540831,7497040,3737,22462,12574,18625875
1790115141836589846,7541584,7497103,3737,23093,12631,18625875
1790115141952906599,7542326,7497165,3737,23770,12631,18625875
1790115142067734519,7543059,7497256,3737,24384,12657,18625875
1790115142185822341,7543811,7497359,3737,24987,12702,18625875
1790115142304079350,7544568,7497431,3737,25667,12708,18625875
1790115142419264550,7545301,7497499,3737,26314,12725,18625875
1790115142538164242,7546067,7497581,3737,26932,12782,18625875
1790115142656161183,7546820,7497672,3737,27586,12789,18625875
1790115142771359372,7547560,7497732,3737,28241,12805,18625875
1790115142889298365,7548315,7497814,3737,28849,12867,18625875
1790115143007337460,7549072,7497873,3737,29535,12875,18625875
1790115143122020609,7549811,7497944,3737,30174,12893,18625875
1790115143239771795,7550567,7498036,3737,30768,12952,18625875
1790115143358043761,7551318,7498103,3737,31449,12962,18625875
1790115143473313193,7552052,7498162,3737,32100,12982,18625875
1790115143592405650,7552818,7498232,3737,32727,13043,18625875
1790115143710815754,7553575,7498307,3737,33400,13047,18625875
1790115143825829629,7554310,7498380,3737,34042,13063,18625875
1790115143945182403,7555066,7498458,3737,34671,13120,18625875
1790115144063614755,7555822,7498579,3737,35258,13164,18625875
1790115144176464575,7556546,7498684,3737,35833,13201,18625875
1790115144295234709,7557293,7498833,3737,36395,13248,18625875
1790115144413631080,7558054,7498952,3737,36989,13285,18625875
1790115144532064578,7558808,7499037,3737,37608,13339,18625875
1790115144650362812,7559573,7499132,3737,38261,13343,18625875
1790115144765125955,7560296,7499193,3737,38916,13360,18625875
1790115144885058912,7561058,7499288,3737,39528,13416,18625875
1790115145003199698,7561813,7499397,3737,40125,13460,18625875
1790115145119198198,7562555,7499536,3737,40689,13496,18625875
1790115145237193844,7563312,7499661,3737,41276,13534,18625875
1790115145355344095,7564071,7499770,3737,41873,13578,18625875
1790115145473456888,7564830,7499854,3737,42479,13640,18625875
1790115145591685959,7565588,7499935,3737,43144,13647,18625875
1790115145706714697,7566316,7499996,3737,43794,13667,18625875
1790115145825847275,7567076,7500090,3737,44408,13716,18625875
1790115145943895022,7567827,7500187,3737,45022,13760,18625875
1790115146060884158,7568572,7500283,3737,45631,13795,18625875
1790115146180368539,7569335,7500394,3737,46240,13840,18625875
1790115146298861768,7570089,7500520,3737,46816,13888,18625875
1790115146417272669,7570845,7500593,3737,47453,13936,18625875
1790115146535528263,7571604,7500667,3737,48128,13938,18625875
1790115146650363022,7572335,7500753,3737,48744,13967,18625875
1790115146768022056,7573090,7500843,3737,49355,14017,18625875
1790115146886170083,7573845,7500975,3737,49933,14058,18625875
1790115147003180687,7574597,7501052,3737,50560,14098,18625875
1790115147121899614,7575356,7501205,3737,51117,14140,18625875
1790115147239894571,7576108,7501356,3737,51676,14179,18625875
1790115147358328491,7576862,7501434,3737,52310,14225,18625875
1790115147475567155,7577618,7501508,3737,52982,14226,18625875
1790115147590168126,7578353,7501601,3737,53592,14252,18625875
1790115147707645938,7579113,7501682,3737,54205,14305,18625875
1790115147825469517,7579865,7501804,3737,54793,14345,18625875
1790115147942534606,7580616,7501894,3737,55411,14381,18625875
1790115148058000372,7581350,7502043,3737,55962,14420,18625875
1790115148176561269,7582111,7502196,3737,56512,14467,18625875
1790115148294989061,7582863,7502262,3737,57151,14520,18625875
1790115148413746345,7583624,7502342,3737,57816,14527,18625875
1790115148528921002,7584359,7502414,3737,58447,14558,18625875
1790115148646441469,7585115,7502508,3737,59054,14605,18625875
1790115148764754820,7585875,7502646,3737,59629,14643,18625875
1790115148882008411,7586625,7502732,3737,60246,14684,18625875
1790115148999125883,7587368,7502857,3737,60825,14732,18625875
1790115149117692517,7588130,7503025,3737,61372,14768,18625875
1790115149235898469,7588885,7503091,3737,62010,14814,18625875
1790115149354039836,7589640,7503159,3737,62695,14819,18625875
1790115149469368079,7590375,7503220,3737,63348,14837,18625875
1790115149586522448,7591123,7503301,3737,63957,14891,18625875
1790115149704876132,7591883,7503452,3737,64510,14939,18625875
1790115149823712032,7592647,7503536,3737,65122,14999,18625875
1790115149942936378,7593410,7503677,3737,65688,15050,18625875
1790115150061475716,7594162,7503805,3737,66267,15100,18625875
1790115150179456146,7594917,7503874,3737,66902,15147,18625875
1790115150297530713,7595673,7503935,3737,67593,15147,18625875
1790115150412988084,7596407,7504028,3737,68213,15169,18625875
1790115150531589994,7597167,7504103,3737,68848,15210,18625875
1790115150650014931,7597919,7504240,3737,69419,15259,18625875
1790115150766524880,7598666,7504325,3737,70017,15315,18625875
1790115150883829896,7599415,7504444,3737,70595,15363,18625875
1790115151002295186,7600179,7504615,3737,71148,15394,18625875
1790115151120774391,7600940,7504680,3737,71784,15445,18625875
1790115151239199824,7601695,7504768,3737,72446,15453,18625875
1790115151354261325,7602432,7504856,3737,73065,15476,18625875
1790115151472047129,7603185,7504947,3737,73670,15534,18625875
1790115151604542898,7604036,7505076,3737,74328,15587,18625875
1790115151717226305,7604746,7505181,3737,74906,15622,18625875
1790115151834087956,7605493,7505289,3737,75485,15681,18625875
1790115151962014151,7606307,7505435,3737,76095,15734,18625875
1790115152080164816,7607066,7505524,3737,76717,15778,18625875
1790115152192628203,7607790,7505642,3737,77314,15778,18625875
1790115152307856541,7608531,7505752,3737,77907,15807,18625875
1790115152426123449,7609284,7505832,3737,78537,15854,18625875
1790115152544554913,7610041,7505982,3737,79096,15897,18625875
1790115152660423666,7610779,7506073,3737,79704,15936,18625875
1790115152775855010,7611506,7506263,3737,80207,15975,18625875
1790115152894331814,7612255,7506424,3737,80774,16004,18625875
1790115153012773097,7613010,7506507,3737,81385,16060,18625875
1790115153130993830,7613769,7506581,3737,82059,16064,18625875
1790115153245957880,7614502,7506645,3737,82712,16078,18625875
1790115153364989545,7615267,7506736,3737,83325,16132,18625875
1790115153483617125,7616025,7506871,3737,83905,16175,18625875
1790115153602562027,7616785,7506961,3737,84526,16220,18625875
1790115153719424356,7617536,7507071,3737,85113,16268,18625875
1790115153837718991,7618278,7507198,3737,85688,16316,18625875
1790115153955724302,7619032,7507264,3737,86329,16360,18625875
1790115154074098157,7619785,7507339,3737,87012,16361,18625875
1790115154188545370,7620519,7507411,3737,87638,16387,18625875
1790115154306726335,7621273,7507488,3737,88274,16426,18625875
1790115154424981935,7622022,7507666,3737,88811,16461,18625875
1790115154541756465,7622770,7507755,3737,89423,16505,18625875
1790115154658379076,7623513,7507879,3737,90001,16547,18625875
1790115154776976996,7624266,7508035,3737,90555,16587,18625875
1790115154894923567,7625023,7508114,3737,91179,16636,18625875
1790115155012965815,7625778,7508185,3737,91861,16636,18625875
1790115155128116966,7626508,7508270,3737,92482,16666,18625875
1790115155246297176,7627261,7508337,3737,93118,16714,18625875
1790115155364479171,7628025,7508472,3737,93693,16755,18625875
1790115155477435169,7628743,7508574,3737,94270,16797,18625875
1790115155593398617,7629495,7508666,3737,94854,16858,18625875
1790115155711762601,7630255,7508797,3737,95441,16890,18625875
1790115155830042388,7631009,7508865,3737,96074,16947,18625875
1790115155945938814,7631751,7508935,3737,96737,16947,18625875
1790115156060953021,7632482,7509016,3737,97351,16983,18625875
1790115156179125839,7633235,7509086,3737,97986,17036,18625875
1790115156296841245,7633996,7509226,3737,98548,17080,18625875
1790115156412268403,7634723,7509321,3737,99133,17137,18625875
1790115156530639443,7635476,7509397,3737,99760,17184,18625875
1790115156648895815,7636219,7509542,3737,100321,17229,18625875
1790115156767244089,7636979,7509648,3737,100934,17267,18625875
1790115156882255913,7637708,7509682,3737,101635,17267,18625875
1790115156997384307,7638441,7509764,3737,102251,17297,18625875
1790115157115818869,7639197,7509832,3737,102895,17339,18625875
1790115157232144053,7639942,7509999,3737,103424,17385,18625875
1790115157347053760,7640683,7510118,3737,103987,17435,18625875
1790115157465762395,7641443,7510207,3737,104604,17480,18625875
1790115157584143088,7642186,7510345,3737,105178,17524,18625875
1790115157702021910,7642942,7510426,3737,105809,17562,18625875
1790115157814873566,7643663,7510497,3737,106454,17562,18625875
1790115157930231468,7644405,7510588,3737,107067,17596,18625875
1790115158048665977,7645163,7510662,3737,107697,17643,18625875
1790115158164979083,7645901,7510794,3737,108267,17682,18625875
1790115158276145957,7646613,7510884,3737,108848,17719,18625875
1790115158391280962,7647345,7510999,3737,109419,17767,18625875
1790115158518803109,7648161,7511141,3737,110042,17810,18625875
1790115158645321695,7648973,7511284,3737,110671,17848,18625875
1790115158759559100,7649701,7511345,3737,111336,17848,18625875
1790115158885547329,7650509,7511446,3737,111999,17885,18625875
1790115159003659236,7651259,7511571,3737,112586,17925,18625875
1790115159120232945,7652003,7511702,3737,113148,17974,18625875
1790115159236545941,7652758,7511826,3737,113716,18020,18625875
1790115159359554849,7653543,7511908,3737,114361,18077,18625875
1790115159476981701,7654296,7512048,3737,114927,18120,18625875
1790115159595345920,7655055,7512159,3737,115529,18159,18625875
1790115159710178388,7655785,7512191,3737,116231,18159,18625875
1790115159824923730,7656522,7512277,3737,116834,18194,18625875
1790115159943009663,7657269,7512401,3737,117423,18238,18625875
1790115160061599087,7658028,7512524,3737,118012,18278,18625875
1790115160179623057,7658786,7512635,3737,118601,18328,18625875
1790115160298378776,7659546,7512722,3737,119226,18375,18625875
1790115160416584495,7660298,7512880,3737,119775,18417,18625875
1790115160535089119,7661048,7512992,3737,120382,18456,18625875
1790115160649295063,7661778,7513013,3737,121088,18456,18625875
1790115160764233594,7662517,7513102,3737,121689,18498,18625875
1790115160882383297,7663276,7513262,3737,122243,18534,18625875
1790115161001933512,7664047,7513427,3737,122797,18572,18625875
1790115161119161865,7664803,7513532,3737,123393,18621,18625875
1790115161237416807,7665565,7513616,3737,124008,18673,18625875
1790115161355912027,7666313,7513757,3737,124578,18712,18625875
1790115161474456128,7667075,7513885,3737,125171,18749,18625875
1790115161588984907,7667804,7513910,3737,125872,18749,18625875
1790115161704039627,7668540,7514007,3737,126480,18782,18625875
1790115161822269773,7669297,7514122,3737,127080,18819,18625875
1790115161937969317,7670034,7514306,3737,127592,18854,18625875
1790115162054160857,7670778,7514414,3737,128164,18919,18625875
1790115162172703118,7671542,7514490,3737,128796,18963,18625875
1790115162291259622,7672298,7514628,3737,129367,19010,18625875
1790115162409225569,7673054,7514743,3737,129954,19058,18625875
1790115162523335427,7673777,7514778,3737,130644,19060,18625875
1790115162638709866,7674517,7514857,3737,131262,19092,18625875
1790115162758153188,7675281,7514928,3737,131903,19146,18625875
1790115162875374693,7676038,7515016,3737,132527,19178,18625875
1790115162991736590,7676786,7515095,3737,133137,19228,18625875
1790115163109854019,7677541,7515172,3737,133758,19280,18625875
1790115163227570274,7678294,7515254,3737,134410,19299,18625875
1790115163342989043,7679031,7515335,3737,135034,19329,18625875
1790115163461454407,7679789,7515409,3737,135655,19387,18625875
1790115163579577356,7680543,7515488,3737,136322,19394,18625875
1790115163694349580,7681269,7515555,3737,136974,19407,18625875
1790115163811547630,7682015,7515639,3737,137575,19466,18625875
1790115163941403493,7682843,7515709,3737,138325,19475,18625875
1790115164056733795,7683585,7515790,3737,138948,19502,18625875
1790115164174891340,7684338,7515870,3737,139574,19547,18625875
1790115164292903648,7685090,7515943,3737,140252,19548,18625875
1790115164408388281,7685840,7516035,3737,140871,19574,18625875
1790115164526918416,7686599,7516102,3737,141503,19626,18625875
1790115164645261688,7687351,7516179,3737,142176,19635,18625875
1790115164760030929,7688091,7516271,3737,142802,19647,18625875
1790115164878301167,7688844,7516366,3737,143407,19699,18625875
1790115164996229781,7689597,7516437,3737,144080,19707,18625875
1790115165111431360,7690349,7516497,3737,144724,19735,18625875
1790115165228709527,7691097,7516574,3737,145334,19793,18625875
1790115165346625266,7691851,7516644,3737,146009,19799,18625875
1790115165462017942,7692597,7516712,3737,146660,19819,18625875
1790115165577674672,7693336,7516807,3737,147244,19872,18625875
1790115165695911527,7694089,7516902,3737,147893,19879,18625875
1790115165810452158,7694828,7516961,3737,148546,19899,18625875
1790115165928596765,7695594,7517176,3737,148788,20195,18625875
1790115166049079387,7696349,7517303,3737,148962,20655,18625875
1790115166166464929,7697106,7517429,3737,149118,21113,18625875
1790115166279618007,7697791,7517667,3737,149557,21145,18625875
1790115166395436253,7698534,7517923,3737,150001,21175,18625875
1790115166510776539,7699245,7518187,3737,150431,21200,18625875
1790115166627275146,7699963,7518429,3737,150901,21216,18625875
1790115166743051319,7700681,7518665,3737,151384,21232,18625875
1790115166863027767,7701442,7518912,3737,151865,21247,18625875
1790115166980313381,7702182,7519167,3737,152330,21262,18625875
1790115167097201082,7702914,7519422,3737,152788,21280,18625875
1790115167214810089,7703654,7519693,3737,153241,21292,18625875
1790115167331073833,7704388,7519942,3737,153708,21306,18625875
1790115167448044806,7705123,7520213,3737,154157,21316,18625875
1790115167563958684,7705839,7520444,3737,154568,21403,18625875
1790115167680545211,7706565,7520699,3737,155027,21418,18625875
1790115167796508337,7707288,7520989,3737,155451,21429,18625875
1790115167911724092,7708018,7521238,3737,155912,21442,18625875
1790115168027543434,7708745,7521498,3737,156360,21457,18625875
1790115168145526254,7709482,7521749,3737,156840,21467,18625875
1790115168261376157,7710208,7522013,3737,157290,21482,18625875
1790115168375699512,7710920,7522279,3737,157724,21499,18625875
1790115168492045673,7711652,7522540,3737,158171,21515,18625875
1790115168607919567,7712374,7522789,3737,158633,21528,18625875
1790115168723917803,7713079,7523023,3737,159116,21541,18625875
1790115168839176261,7713811,7523254,3737,159595,21552,18625875
1790115168952518195,7714532,7523479,3737,159993,21644,18625875
1790115169069411927,7715280,7523737,3737,160450,21656,18625875
1790115169184638870,7716021,7523972,3737,160923,21671,18625875
1790115169300841468,7716757,7524241,3737,161370,21685,18625875
1790115169417010318,7717501,7524503,3737,161821,21697,18625875
1790115169532805981,7718232,7524727,3737,162317,21707,18625875
1790115169647208328,7718958,7524994,3737,162752,21720,18625875
1790115169760372044,7719667,7525263,3737,163173,21737,18625875
1790115169876881236,7720397,7525522,3737,163629,21752,18625875
1790115169991904646,7721123,7525788,3737,164074,21763,18625875
1790115170107245767,7721842,7526075,3737,164497,21773,18625875
1790115170222115643,7722558,7526297,3737,164989,21782,18625875
1790115170335566389,7723281,7526508,3737,165392,21879,18625875
1790115170450555666,7724022,7526757,3737,165848,21894,18625875
1790115170565541154,7724747,7527005,3737,166306,21908,18625875
1790115170681785250,7725469,7527247,3737,166770,21928,18625875
1790115170798159934,7726189,7527502,3737,167226,21945,18625875
1790115170914293317,7726923,7527726,3737,167720,21957,18625875
1790115171031064425,7727654,7527969,3737,168192,21973,18625875
1790115171145636480,7728379,7528230,3737,168629,21990,18625875
1790115171260790554,7729089,7528470,3737,169096,22004,18625875
1790115171377212522,7729827,7528734,3737,169548,22016,18625875
1790115171494520375,7730580,7528978,3737,170029,22025,18625875
1790115171608264596,7731296,7529203,3737,170510,22034,18625875
1790115171724143960,7732028,7529432,3737,170919,22123,18625875
1790115171839975619,7732760,7529676,3737,171382,22140,18625875
1790115171955932889,7733483,7529943,3737,171832,22152,18625875
1790115172071891512,7734209,7530199,3737,172289,22162,18625875
1790115172189277164,7734933,7530437,3737,172768,22180,18625875
1790115172306324736,7735675,7530666,3737,173270,22189,18625875
1790115172421623259,7736379,7530924,3737,173713,22205,18625875
1790115172536360734,7737126,7531180,3737,174168,22213,18625875
1790115172652838503,7737833,7531456,3737,174602,22229,18625875
1790115172768416255,7738564,7531748,3737,175027,22237,18625875
1790115172882656319,7739285,7531990,3737,175487,22251,18625875
1790115172998879527,7740007,7532225,3737,175968,22265,18625875
1790115173116396558,7740759,7532463,3737,176383,22351,18625875
1790115173230478938,7741480,7532721,3737,176825,22365,18625875
1790115173346571220,7742206,7532971,3737,177282,22383,18625875
1790115173462914609,7742912,7533224,3737,177743,22397,18625875
1790115173580655201,7743641,7533470,3737,178219,22411,18625875
1790115173694451628,7744336,7533699,3737,178691,22424,18625875
1790115173811059132,7745071,7533960,3737,179148,22436,18625875
1790115173927140506,7745790,7534241,3737,179579,22451,18625875
1790115174040630311,7746515,7534526,3737,179992,22465,18625875
1790115174156304781,7747236,7534778,3737,180446,22481,18625875
1790115174273251455,7747993,7535043,3737,180903,22493,18625875
1790115174389864880,7748755,7535263,3737,181412,22496,18625875
1790115174506554370,7749503,7535494,3737,181810,22596,18625875
1790115174621167166,7750216,7535751,3737,182256,22611,18625875
1790115174737523208,7750953,7535998,3737,182720,22628,18625875
1790115174853430589,7751684,7536252,3737,183180,22640,18625875
1790115174967473099,7752395,7536517,3737,183619,22652,18625875
1790115175084231347,7753140,7536743,3737,184116,22660,18625875
1790115175201934592,7753879,7536994,3737,184591,22673,18625875
1790115175317341578,7754609,7537285,3737,185010,22688,18625875
1790115175433767292,7755359,7537535,3737,185469,22702,18625875
1790115175549504814,7756078,7537794,3737,185920,22716,18625875
1790115175663757909,7756795,7538047,3737,186369,22731,18625875
1790115175778546466,7757523,7538276,3737,186857,22739,18625875
1790115175894480288,7758268,7538514,3737,187249,22834,18625875
1790115176009439765,7758988,7538816,3737,187653,22847,18625875
1790115176123909660,7759711,7539081,3737,188089,22862,18625875
1790115176239181232,7760428,7539343,3737,188536,22874,18625875
1790115176356473781,7761168,7539602,3737,189003,22889,18625875
1790115176472233738,7761890,7539835,3737,189480,22900,18625875
1790115176588730457,7762614,7540106,3737,189925,22913,18625875
1790115176705250092,7763336,7540379,3737,190369,22925,18625875
1790115176821066022,7764058,7540635,3737,190825,22942,18625875
1790115176938260248,7764802,7540900,3737,191277,22956,18625875
1790115177054182649,7765547,7541165,3737,191727,22967,18625875
1790115177168348326,7766280,7541404,3737,192199,22973,18625875
1790115177283741655,7766999,7541635,3737,192603,23062,18625875
1790115177399824657,7767738,7541898,3737,193052,23075,18625875
1790115177515113777,7768457,7542145,3737,193512,23089,18625875
1790115177631295470,7769211,7542403,3737,193968,23107,18625875
1790115177747707994,7769933,7542664,3737,194420,23119,18625875
1790115177862791410,7770640,7542891,3737,194907,23131,18625875
1790115177978291576,7771368,7543167,3737,195337,23148,18625875
1790115178092216918,7772063,7543412,3737,195790,23162,18625875
1790115178207177579,7772774,7543665,3737,196238,23179,18625875
1790115178324394728,7773496,7543917,3737,196706,23194,18625875
1790115178440017425,7774234,7544166,3737,197175,23201,18625875
1790115178558219035,7774980,7544422,3737,197652,23211,18625875
1790115178673871589,7775731,7544649,3737,198052,23307,18625875
1790115178790000766,7776441,7544901,3737,198511,23323,18625875
1790115178905837799,7777172,7545169,3737,198954,23339,18625875
1790115179019905661,7777885,7545438,3737,199387,23352,18625875
1790115179135554278,7778618,7545680,3737,199855,23363,18625875
1790115179252932810,7779369,7545921,3737,200347,23369,18625875
1790115179369206517,7780094,7546193,3737,200783,23386,18625875
1790115179486216001,7780811,7546441,3737,201253,23398,18625875
1790115179602544264,7781540,7546733,3737,201677,23411,18625875
1790115179719075566,7782273,7546973,3737,202156,23422,18625875
1790115179834250724,7783000,7547214,3737,202628,23436,18625875
1790115179955268331,7783762,7547449,3737,203131,23450,18625875
1790115180071284920,7784488,7547699,3737,203525,23534,18625875
1790115180188368269,7785220,7547954,3737,203988,23548,18625875
1790115180305432826,7785963,7548216,3737,204443,23565,18625875
1790115180421597410,7786704,7548465,3737,204908,23576,18625875
1790115180538588803,7787451,7548708,3737,205395,23585,18625875
1790115180656226808,7788162,7548988,3737,205833,23600,18625875
1790115180771390444,7788875,7549248,3737,206280,23615,18625875
1790115180886225618,7789592,7549517,3737,206716,23631,18625875
1790115181002372579,7790325,7549782,3737,207160,23646,18625875
1790115181116338610,7791048,7550024,3737,207621,23656,18625875
1790115181233870241,7791794,7550243,3737,208128,23673,18625875
1790115181347979325,7792501,7550494,3737,208573,23687,18625875
1790115181464473418,7793241,7550732,3737,208972,23781,18625875
1790115181578613652,7793962,7550983,3737,209422,23793,18625875
1790115181694388069,7794700,7551234,3737,209878,23809,18625875
1790115181810430278,7795435,7551483,3737,210342,23827,18625875
1790115181924515659,7796140,7551698,3737,210829,23840,18625875
1790115182042319663,7796870,7551969,3737,211281,23852,18625875
1790115182157428892,7797602,7552241,3737,211658,23926,18625875
1790115182272554285,7798307,7552489,3737,212112,23944,18625875
1790115182388125423,7799012,7552734,3737,212579,23957,18625875
1790115182502150854,7799743,7552986,3737,213029,23967,18625875
1790115182619410631,7800483,7553212,3737,213533,23977,18625875
1790115182732981822,7801182,7553448,3737,213991,23991,18625875
1790115182847861522,7801885,7553696,3737,214445,24007,18625875
1790115182964700545,7802613,7553956,3737,214904,24021,18625875
1790115183081601213,7803327,7554227,3737,215345,24038,18625875
1790115183196253992,7804056,7554472,3737,215805,24051,18625875
1790115183310758177,7804778,7554697,3737,216288,24062,18625875
1790115183428243676,7805493,7554949,3737,216756,24081,18625875
1790115183542976053,7806213,7555214,3737,217191,24094,18625875
1790115183657528887,7806939,7555453,3737,217660,24105,18625875
1790115183773111442,7807655,7555703,3737,218122,24115,18625875
1790115183889751290,7808394,7555949,3737,218594,24127,18625875
1790115184006502128,7809123,7556188,3737,219076,24138,18625875
1790115184120835162,7809831,7556428,3737,219542,24152,18625875
1790115184237191348,7810550,7556651,3737,219961,24236,18625875
1790115184353088949,7811281,7556910,3737,220414,24248,18625875
1790115184468553970,7811986,7557159,3737,220869,24266,18625875
1790115184585645751,7812740,7557423,3737,221324,24279,18625875
1790115184699777542,7813480,7557651,3737,221802,24290,18625875
1790115184817545645,7814224,7557917,3737,222258,24306,18625875
1790115184932451464,7814956,7558172,3737,222627,24403,18625875
1790115185048544537,7815682,7558424,3737,223082,24422,18625875
1790115185165211957,7816418,7558686,3737,223539,24434,18625875
1790115185279215701,7817149,7558937,3737,223981,24454,18625875
1790115185395138914,7817903,7559173,3737,224467,24459,18625875
1790115185509460775,7818617,7559429,3737,224912,24476,18625875
1790115185624390678,7819328,7559701,3737,225340,24491,18625875
1790115185739821191,7820043,7559959,3737,225794,24506,18625875
1790115185854539120,7820774,7560216,3737,226245,24518,18625875
1790115185970963866,7821505,7560463,3737,226709,24531,18625875
1790115186088072415,7822246,7560688,3737,227209,24541,18625875
1790115186201533814,7822966,7560944,3737,227649,24556,18625875
1790115186316890691,7823675,7561195,3737,228042,24635,18625875
1790115186430164052,7824399,7561464,3737,228470,24649,18625875
1790115186547218598,7825161,7561713,3737,228946,24658,18625875
1790115186663549020,7825895,7561967,3737,229408,24670,18625875
1790115186780973885,7826638,7562200,3737,229902,24679,18625875
1790115186897321523,7827360,7562453,3737,230364,24694,18625875
1790115187013614427,7828098,7562722,3737,230815,24703,18625875
1790115187128272144,7828796,7562979,3737,231253,24723,18625875
1790115187243331836,7829533,7563251,3737,231689,24737,18625875
1790115187359612578,7830269,7563505,3737,232148,24749,18625875
1790115187472263409,7830956,7563737,3737,232620,24759,18625875
1790115187588354788,7831711,7563987,3737,233077,24774,18625875
1790115187703622173,7832454,7564217,3737,233487,24859,18625875
1790115187817280373,7833159,7564477,3737,233917,24876,18625875
1790115187933382024,7833893,7564733,3737,234377,24885,18625875
1790115188050140186,7834638,7564995,3737,234832,24901,18625875
1790115188166590535,7835372,7565222,3737,235322,24915,18625875
1790115188283693449,7836107,7565475,3737,235789,24927,18625875
1790115188399068364,7836842,7565718,3737,236256,24940,18625875
1790115188513461019,7837554,7565976,3737,236694,24960,18625875
1790115188629889870,7838288,7566222,3737,237164,24973,18625875
1790115188745071765,7839006,7566480,3737,237613,24986,18625875
1790115188861363072,7839746,7566746,3737,238067,24995,18625875
1790115188975175583,7840467,7567014,3737,238497,25011,18625875
1790115189088001046,7841156,7567251,3737,238891,25091,18625875
1790115189204046916,7841883,7567559,3737,239293,25105,18625875
1790115189320738234,7842600,7567814,3737,239757,25115,18625875
1790115189435763792,7843306,7568056,3737,240217,25132,18625875
1790115189551056773,7844025,7568267,3737,240721,25143,18625875
1790115189667030928,7844754,7568523,3737,241177,25158,18625875
1790115189783857042,7845485,7568783,3737,241636,25169,18625875
1790115189900280665,7846221,7569058,3737,242084,25182,18625875
1790115190016629271,7846955,7569315,3737,242538,25193,18625875
1790115190133173964,7847692,7569627,3737,242945,25205,18625875
1790115190245905576,7848417,7569867,3737,243408,25213,18625875
1790115190362007992,7849139,7570117,3737,243870,25227,18625875
1790115190481649294,7849882,7570346,3737,244305,25311,18625875
1790115190596715866,7850595,7570623,3737,244730,25329,18625875
1790115190713430725,7851321,7570873,3737,245193,25345,18625875
1790115190829968148,7852068,7571121,3737,245665,25356,18625875
1790115190944459288,7852793,7571350,3737,246147,25364,18625875
1790115191059940593,7853516,7571617,3737,246593,25376,18625875
1790115191175758257,7854262,7571887,3737,247033,25390,18625875
1790115191291968718,7854994,7572139,3737,247496,25403,18625875
1790115191407866214,7855693,7572384,3737,247955,25422,18625875
1790115191524071932,7856419,7572633,3737,248423,25434,18625875
1790115191638535910,7857172,7572847,3737,248921,25440,18625875
1790115191752662716,7857886,7573094,3737,249381,25451,18625875
1790115191871152033,7858616,7573336,3737,249790,25538,18625875
1790115191987223477,7859362,7573597,3737,250246,25551,18625875
1790115192102450870,7860073,7573849,3737,250698,25563,18625875
1790115192218736705,7860797,7574104,3737,251161,25577,18625875
1790115192335215288,7861518,7574348,3737,251631,25590,18625875
1790115192450800949,7862249,7574604,3737,252083,25607,18625875
1790115192567411542,7862978,7574858,3737,252537,25627,18625875
1790115192683940187,7863715,7575112,3737,252997,25642,18625875
1790115192800614231,7864454,7575375,3737,253453,25656,18625875
1790115192915621438,7865178,7575611,3737,253927,25668,18625875
1790115193036449913,7865956,7575857,3737,254425,25680,18625875
1790115193153289747,7866700,7576112,3737,254823,25761,18625875
1790115193268097496,7867408,7576388,3737,255255,25772,18625875
1790115193382820244,7868136,7576637,3737,255708,25786,18625875
1790115193499651640,7868886,7576891,3737,256174,25796,18625875
1790115193614957803,7869630,7577140,3737,256644,25805,18625875
1790115193734563429,7870376,7577390,3737,257123,25820,18625875
1790115193851014104,7871124,7577644,3737,257585,25834,18625875
1790115193968139807,7871847,7577902,3737,258046,25850,18625875
1790115194084765446,7872590,7578161,3737,258502,25862,18625875
1790115194200885969,7873321,7578443,3737,258938,25872,18625875
1790115194316633678,7874074,7578658,3737,259435,25885,18625875
1790115194430535990,7874787,7578918,3737,259876,25898,18625875
1790115194546380624,7875529,7579161,3737,260272,25986,18625875
1790115194662592209,7876250,7579411,3737,260731,26004,18625875
1790115194779477114,7876984,7579669,3737,261192,26016,18625875
1790115194894985818,7877720,7579921,3737,261649,26031,18625875
1790115195012506270,7878426,7580148,3737,262144,26043,18625875
1790115195127937307,7879145,7580386,3737,262616,26058,18625875
1790115195244633194,7879881,7580644,3737,263074,26072,18625875
1790115195360570628,7880595,7580928,3737,263502,26086,18625875
1790115195476985336,7881319,7581178,3737,263966,26100,18625875
1790115195593581311,7882059,7581422,3737,264436,26113,18625875
1790115195708752179,7882790,7581652,3737,264921,26122,18625875
1790115195826171493,7883543,7581906,3737,265396,26129,18625875
1790115195940052743,7884244,7582156,3737,265769,26222,18625875
1790115196056959192,7884964,7582395,3737,266244,26237,18625875
1790115196174227411,7885690,7582648,3737,266708,26254,18625875
1790115196291236803,7886447,7582897,3737,267176,26269,18625875
1790115196404722979,7887178,7583130,3737,267635,26288,18625875
1790115196518726870,7887881,7583389,3737,268077,26303,18625875
1790115196632599042,7888574,7583641,3737,268526,26316,18625875
1790115196747202431,7889286,7583906,3737,268963,26331,18625875
1790115196860861482,7890006,7584153,3737,269418,26342,18625875
1790115196977996436,7890758,7584410,3737,269886,26349,18625875
1790115197094688512,7891507,7584637,3737,270381,26360,18625875
1790115197210889895,7892228,7584887,3737,270846,26373,18625875
1790115197326774137,7892964,7585130,3737,271231,26469,18625875
1790115197442696173,7893683,7585399,3737,271675,26481,18625875
1790115197558435087,7894426,7585651,3737,272140,26493,18625875
1790115197673461089,7895152,7585900,3737,272592,26508,18625875
1790115197791995707,7895895,7586138,3737,273086,26518,18625875
1790115197906635687,7896629,7586376,3737,273558,26531,18625875
1790115198020634929,7897341,7586634,3737,274001,26544,18625875
1790115198133985019,7898036,7586934,3737,274394,26559,18625875
1790115198248388228,7898734,7587184,3737,274840,26577,18625875
1790115198363804380,7899466,7587429,3737,275308,26586,18625875
1790115198478672871,7900171,7587653,3737,275795,26601,18625875
1790115198595319894,7900916,7587906,3737,276259,26612,18625875
1790115198710305321,7901651,7588149,3737,276644,26704,18625875
1790115198824788381,7902359,7588402,3737,277097,26717,18625875
1790115198939389294,7903099,7588673,3737,277527,26735,18625875
1790115199053411966,7903802,7588934,3737,277957,26752,18625875
1790115199168281149,7904506,7589153,3737,278447,26766,18625875
1790115199281591100,7905234,7589409,3737,278888,26778,18625875
1790115199397568755,7905972,7589678,3737,279337,26788,18625875
1790115199513851178,7906692,7589935,3737,279795,26801,18625875
1790115199629710228,7907430,7590203,3737,280241,26809,18625875
1790115199742873692,7908140,7590441,3737,280695,26826,18625875
1790115199861088564,7908878,7590878,3737,280992,26835,18625875
1790115199973416702,7909595,7591575,3737,280994,26843,18659539
1790115200089838167,7910352,7591947,3737,281356,26843,18662355
1790115200208696619,7911110,7592040,3737,282022,26844,18662355
1790115200323024094,7911840,7592107,3737,282687,26844,18662355
1790115200438078343,7912582,7592200,3737,283324,26844,18662355
1790115200556169952,7913339,7592341,3737,283934,26844,18662355
1790115200671773990,7914080,7592374,3737,284635,26844,18662355
1790115200788351414,7914808,7592460,3737,285291,26845,18662355
1790115200904286823,7915553,7592567,3737,285923,26845,18662355
1790115201019697965,7916290,7592603,3737,286621,26845,18662355
1790115201135365247,7917037,7592728,3737,287231,26846,18662355
1790115201253776190,7917797,7592805,3737,287906,26846,18662355
1790115201368899081,7918535,7592863,3737,288580,26846,18662355
1790115201487277484,7919292,7592939,3737,289260,26846,18662355
1790115201605113231,7920047,7593013,3737,289938,26846,18662355
1790115201720413192,7920792,7593104,3737,290577,26847,18662355
1790115201838614975,7921554,7593276,3737,291162,26847,18662355
1790115201953921253,7922288,7593316,3737,291850,26847,18662355
1790115202069039692,7923023,7593416,3737,292487,26847,18662355
1790115202186983036,7923772,7593550,3737,293098,26847,18662355
1790115202302633500,7924514,7593571,3737,293821,26847,18662355
1790115202421836461,7925272,7593696,3737,294450,26848,18662355
1790115202538800202,7926025,7593784,3737,295104,26848,18662355
1790115202653688570,7926754,7593833,3737,295788,26848,18662355
1790115202770948059,7927494,7593994,3737,296368,26850,18662355
1790115202889003300,7928244,7594091,3737,297023,26850,18662355
1790115203004551165,7928983,7594147,3737,297705,26851,18662355
1790115203122089953,7929726,7594237,3737,298365,26851,18662355
1790115203239997280,7930480,7594320,3737,299030,26851,18662355
1790115203355037231,7931208,7594403,3737,299680,26853,18662355
1790115203473444147,7931960,7594557,3737,300277,26853,18662355
1790115203592127251,7932716,7594694,3737,300894,26854,18662355
1790115203709976315,7933469,7594844,3737,301495,26855,18662355
1790115203842539227,7934322,7595048,3737,302130,26855,18662355
1790115203960157551,7935061,7595148,3737,302780,26856,18662355
1790115204077968767,7935817,7595221,3737,303452,26856,18662355
1790115204192949907,7936550,7595299,3737,304105,26858,18662355
1790115204310294492,7937301,7595445,3737,304710,26858,18662355
1790115204428330367,7938062,7595657,3737,305248,26858,18662355
1790115204543639714,7938798,7595821,3737,305815,26858,18662355
1790115204661898832,7939555,7595914,3737,306477,26858,18662355
1790115204777784786,7940291,7596050,3737,307074,26859,18662355
1790115204893456423,7941033,7596206,3737,307657,26859,18662355
1790115205008982572,7941771,7596243,3737,308354,26859,18662355
1790115205124594502,7942518,7596368,3737,308965,26859,18662355
1790115205242555016,7943275,7596441,3737,309645,26859,18662355
1790115205358472430,7944017,7596609,3737,310214,26859,18662355
1790115205476814639,7944769,7596749,3737,310824,26860,18662355
1790115205594530274,7945524,7596887,3737,311435,26860,18662355
1790115205712438043,7946281,7597043,3737,312030,26860,18662355
1790115205827294295,7947010,7597069,3737,312737,26860,18662355
1790115205942671288,7947763,7597156,3737,313382,26860,18662355
1790115206060694977,7948520,7597317,3737,313971,26861,18662355
1790115206178555107,7949268,7597494,3737,314543,26862,18662355
1790115206296418588,7950017,7597586,3737,315202,26863,18662355
1790115206411156622,7950759,7597778,3737,315739,26863,18662355
1790115206522842268,7951471,7597890,3737,316335,26863,18662355
1790115206642580473,7952236,7597996,3737,316994,26863,18662355
1790115206757802592,7952963,7598088,3737,317629,26865,18662355
1790115206874074549,7953699,7598249,3737,318213,26866,18662355
1790115206992087921,7954453,7598408,3737,318804,26866,18662355
1790115207108591305,7955188,7598527,3737,319421,26868,18662355
1790115207226723330,7955945,7598657,3737,320045,26868,18662355
1790115207345132196,7956704,7598787,3737,320666,26868,18662355
1790115207463756419,7957462,7598890,3737,321317,26868,18662355
1790115207578642962,7958199,7598941,3737,321999,26869,18662355
1790115207694530269,7958940,7599041,3737,322633,26873,18662355
1790115207812558371,7959690,7599174,3737,323244,26881,18662355
1790115207929923383,7960445,7599284,3737,323834,26923,18662355
1790115208049293950,7961209,7599391,3737,324434,26981,18662355
1790115208167748119,7961968,7599518,3737,325015,27022,18662355
1790115208285789809,7962718,7599618,3737,325620,27069,18662355
1790115208400867740,7963455,7599640,3737,326332,27069,18662355
1790115208515992896,7964190,7599713,3737,326944,27121,18662355
1790115208634514481,7964949,7599828,3737,327532,27168,18662355
1790115208752347799,7965696,7599938,3737,328137,27205,18662355
1790115208869590716,7966446,7600015,3737,328748,27261,18662355
1790115208987848687,7967194,7600145,3737,329325,27308,18662355
1790115209103315048,7967927,7600282,3737,329879,27352,18662355
1790115209221685366,7968689,7600377,3737,330530,27357,18662355
1790115209336919852,7969428,7600454,3737,331188,27357,18662355
1790115209452427521,7970178,7600555,3737,331781,27398,18662355
1790115209570230047,7970929,7600679,3737,332408,27398,18662355
1790115209687813529,7971674,7600808,3737,333025,27399,18662355
1790115209804745560,7972425,7600902,3737,333673,27399,18662355
1790115209922520279,7973181,7601042,3737,334282,27401,18662355
1790115210040851739,7973933,7601212,3737,334861,27403,18662355
1790115210156423336,7974677,7601258,3737,335555,27403,18662355
1790115210275323370,7975442,7601386,3737,336180,27403,18662355
1790115210391122411,7976179,7601504,3737,336800,27403,18662355
1790115210509334709,7976938,7601669,3737,337385,27403,18662355
1790115210627464986,7977700,7601803,3737,338002,27403,18662355
1790115210745755156,7978445,7601953,3737,338600,27405,18662355
1790115210863677819,7979196,7602080,3737,339226,27405,18662355
1790115210979297048,7979936,7602134,3737,339909,27405,18662355
1790115211094834804,7980678,7602230,3737,340545,27405,18662355
1790115211212864722,7981428,7602394,3737,341131,27406,18662355
1790115211331131005,7982187,7602539,3737,341742,27406,18662355
1790115211449023772,7982942,7602646,3737,342385,27406,18662355
1790115211563443777,7983673,7602828,3737,342929,27407,18662355
1790115211680907475,7984421,7602965,3737,343536,27407,18662355
1790115211798856961,7985177,7603042,3737,344211,27407,18662355
1790115211914323664,7985907,7603106,3737,344883,27408,18662355
1790115212032137295,7986663,7603186,3737,345554,27409,18662355
1790115212148273565,7987403,7603381,3737,346095,27409,18662355
1790115212263179400,7988146,7603493,3737,346715,27409,18662355
1790115212381783023,7988905,7603605,3737,347356,27410,18662355
1790115212495616713,7989636,7603737,3737,347946,27410,18662355
1790115212612322148,7990380,7603873,3737,348555,27410,18662355
1790115212727888241,7991123,7603908,3737,349251,27410,18662355
1790115212842467979,7991865,7604043,3737,349846,27411,18662355
1790115212960309945,7992609,7604117,3737,350524,27411,18662355
1790115213076472609,7993357,7604288,3737,351089,27412,18662355
1790115213194886042,7994109,7604430,3737,351698,27412,18662355
1790115213313145926,7994867,7604582,3737,352301,27413,18662355
1790115213431322808,7995625,7604730,3737,352904,27413,18662355
1790115213546802168,7996367,7604770,3737,353597,27413,18662355
1790115213662692042,7997105,7604873,3737,354231,27414,18662355
1790115213781130766,7997858,7605042,3737,354819,27414,18662355
1790115213899006061,7998606,7605187,3737,355416,27416,18662355
1790115214017178635,7999364,7605341,3737,356018,27416,18662355
1790115214134564239,8000115,7605494,3737,356609,27417,18662355
1790115214252750746,8000865,7605620,3737,357233,27417,18662355
1790115214370763964,8001619,7605707,3737,357898,27418,18662355
1790115214485904395,8002340,7605812,3737,358522,27419,18662355
1790115214604001111,8003099,7605913,3737,359177,27419,18662355
1790115214719849122,8003843,7606066,3737,359760,27420,18662355
1790115214838159929,8004593,7606176,3737,360402,27421,18662355
1790115214956040102,8005348,7606318,3737,361008,27422,18662355
1790115215071392693,8006095,7606461,3737,361599,27422,18662355
1790115215189752799,8006850,7606565,3737,362246,27423,18662355
1790115215304735726,8007590,7606648,3737,362894,27423,18662355
1790115215423266815,8008336,7606733,3737,363566,27424,18662355
1790115215541049482,8009092,7606877,3737,364172,27424,18662355
1790115215656949343,8009832,7606988,3737,364793,27424,18662355
1790115215774972156,8010590,7607107,3737,365429,27426,18662355
1790115215893169737,8011339,7607224,3737,366061,27426,18662355
1790115216011259360,8012089,7607322,3737,366715,27427,18662355
1790115216126298137,8012824,7607374,3737,367396,27427,18662355
1790115216243085214,8013572,7607472,3737,368042,27427,18662355
1790115216361805866,8014332,7607609,3737,368657,27428,18662355
1790115216479141707,8015080,7607743,3737,369270,27429,18662355
1790115216596911757,8015838,7607840,3737,369920,27429,18662355
1790115216714889465,8016587,7607995,3737,370513,27430,18662355
1790115216833152490,8017345,7608121,3737,371144,27430,18662355
1790115216948676811,8018081,7608148,3737,371851,27430,18662355
1790115217066602617,8018837,7608263,3737,372485,27430,18662355
1790115217184973932,8019595,7608371,3737,373128,27430,18662355
1790115217302764314,8020359,7608514,3737,373734,27430,18662355
1790115217420707763,8021113,7608643,3737,374356,27430,18662355
1790115217538761911,8021866,7608767,3737,374981,27431,18662355
1790115217656532139,8022615,7608929,3737,375571,27431,18662355
1790115217771006560,8023346,7608951,3737,376275,27431,18662355
1790115217885977239,8024080,7609028,3737,376929,27431,18662355
1790115218004016967,8024835,7609148,3737,377567,27432,18662355
1790115218121938468,8025588,7609300,3737,378156,27433,18662355
1790115218239644146,8026344,7609421,3737,378793,27433,18662355
1790115218359164297,8027102,7609572,3737,379398,27433,18662355
1790115218477045460,8027854,7609661,3737,380059,27434,18662355
1790115218594446488,8028609,7609737,3737,380729,27434,18662355
1790115218709767326,8029345,7609813,3737,381383,27435,18662355
1790115218828107843,8030105,7609964,3737,381987,27435,18662355
1790115218939982415,8030820,7610128,3737,382534,27436,18662355
1790115219052142553,8031540,7610232,3737,383146,27436,18662355
1790115219169961393,8032288,7610362,3737,383761,27436,18662355
1790115219287448474,8033035,7610502,3737,384371,27437,18662355
1790115219405566617,8033791,7610609,3737,385015,27437,18662355
1790115219520716725,8034529,7610663,3737,385693,27437,18662355
1790115219637885677,8035270,7610782,3737,386317,27438,18662355
1790115219755730483,8036021,7610939,3737,386913,27439,18662355
1790115219873541290,8036772,7611049,3737,387551,27440,18662355
1790115219987561391,8037493,7611204,3737,388117,27441,18662355
1790115220105714995,8038239,7611406,3737,388664,27443,18662355
1790115220223952153,8038995,7611622,3737,389204,27444,18662355
1790115220339844212,8039736,7611666,3737,389893,27444,18662355
1790115220455121646,8040478,7611767,3737,390529,27444,18662355
1790115220573168124,8041234,7611931,3737,391116,27444,18662355
1790115220688708450,8041973,7611998,3737,391782,27445,18662355
1790115220806983997,8042727,7612147,3737,392384,27446,18662355
1790115220923130202,8043467,7612268,3737,393004,27446,18662355
1790115221049877885,8044280,7612330,3737,393744,27446,18662355
1790115221167477707,8045038,7612492,3737,394332,27446,18662355
1790115221299575777,8045878,7612603,3737,395061,27447,18662355
1790115221423788143,8046678,7612691,3737,395761,27447,18662355
1790115221547847659,8047475,7612814,3737,396427,27447,18662355
1790115221663411298,8048217,7612836,3737,397145,27447,18662355
1790115221779548731,8048967,7612919,3737,397799,27447,18662355
1790115221895475744,8049705,7613046,3737,398410,27447,18662355
1790115222010664286,8050445,7613073,3737,399118,27447,18662355
1790115222126573939,8051194,7613253,3737,399674,27447,18662355
1790115222244721793,8051950,7613390,3737,400288,27447,18662355
1790115222359811609,8052683,7613464,3737,400947,27447,18662355
1790115222477046812,8053432,7613608,3737,401553,27448,18662355
1790115222594984994,8054184,7613745,3737,402161,27448,18662355
1790115222710369747,8054927,7613825,3737,402818,27449,18662355
1790115222828207056,8055682,7613921,3737,403473,27449,18662355
1790115222945563058,8056436,7613996,3737,404144,27449,18662355
1790115223061050866,8057176,7614063,3737,404814,27449,18662355
1790115223178939608,8057934,7614219,3737,405408,27449,18662355
1790115223293340341,8058661,7614244,3737,406110,27449,18662355
1790115223407652787,8059402,7614378,3737,406700,27451,18662355
1790115223524814615,8060134,7614629,3737,407174,27462,18662355
1790115223640853554,8060862,7614885,3737,407623,27480,18662355
1790115223758556155,8061602,7615022,3737,407802,27906,18662355
1790115223878412760,8062353,7615182,3737,408073,28234,18662355
1790115223992291276,8063051,7615427,3737,408528,28245,18662355
1790115224110160054,8063786,7615702,3737,408970,28266,18662355
1790115224227323947,8064531,7615927,3737,409466,28280,18662355
1790115224344522844,8065273,7616185,3737,409925,28296,18662355
1790115224459571890,8065999,7616479,3737,410339,28311,18662355
1790115224575639102,8066742,7616705,3737,410764,28390,18662355
1790115224692577713,8067480,7616966,3737,411213,28404,18662355
1790115224809315663,8068219,7617205,3737,411693,28417,18662355
1790115224926295857,8068944,7617435,3737,412184,28433,18662355
1790115225041414739,8069674,7617693,3737,412628,28448,18662355
1790115225156658486,8070384,7617951,3737,413076,28463,18662355
1790115225272240964,8071114,7618237,3737,413496,28484,18662355
1790115225388403960,8071831,7618491,3737,413950,28502,18662355
1790115225504350916,8072572,7618746,3737,414403,28517,18662355
1790115225619241690,8073268,7618970,3737,414887,28529,18662355
1790115225737068660,8074012,7619211,3737,415372,28542,18662355
1790115225853384149,8074732,7619462,3737,415834,28556,18662355
1790115225969636408,8075465,7619702,3737,416241,28638,18662355
1790115226085710132,8076177,7619976,3737,416678,28653,18662355
1790115226200821640,8076905,7620246,3737,417114,28668,18662355
1790115226316478459,8077648,7620498,3737,417583,28674,18662355
1790115226433577871,8078387,7620772,3737,418032,28687,18662355
1790115226548629442,8079104,7621028,3737,418480,28699,18662355
1790115226661736258,8079808,7621263,3737,418871,28781,18662355
1790115226777305353,8080522,7621544,3737,419303,28792,18662355
1790115226897949919,8081250,7621801,3737,419787,28807,18662355
1790115227011992567,8081964,7622034,3737,420255,28820,18662355
1790115227127242641,8082702,7622289,3737,420706,28836,18662355
1790115227244295660,8083422,7622552,3737,421161,28850,18662355
1790115227358624506,8084155,7622813,3737,421600,28864,18662355
1790115227474327599,8084880,7623046,3737,422083,28876,18662355
1790115227590296765,8085611,7623292,3737,422550,28886,18662355
1790115227703834395,8086331,7623538,3737,423006,28901,18662355
1790115227820400441,8087072,7623790,3737,423469,28911,18662355
1790115227937023643,8087804,7624065,3737,423913,28923,18662355
1790115228053696989,8088521,7624293,3737,424329,29011,18662355
1790115228168668044,8089246,7624540,3737,424788,29025,18662355
1790115228284864016,8089991,7624786,3737,425255,29039,18662355
1790115228399109188,8090734,7625029,3737,425722,29046,18662355
1790115228514827910,8091469,7625287,3737,426173,29064,18662355
1790115228630209567,8092190,7625535,3737,426630,29079,18662355
1790115228744632909,8092904,7625799,3737,427068,29089,18662355
1790115228860794436,8093630,7626048,3737,427533,29104,18662355
1790115228977244612,8094389,7626279,3737,428023,29116,18662355
1790115229098414600,8095164,7626525,3737,428518,29127,18662355
1790115229213145244,8095884,7626796,3737,428955,29138,18662355
1790115229329265572,8096610,7627058,3737,429365,29193,18662355
1790115229445771404,8097363,7627308,3737,429789,29247,18662355
1790115229562948393,8098121,7627557,3737,430259,29262,18662355
1790115229678368670,8098838,7627786,3737,430744,29276,18662355
1790115229795790995,8099585,7628029,3737,431222,29288,18662355
1790115229911666787,8100312,7628280,3737,431681,29302,18662355
1790115230027871240,8101042,7628529,3737,432142,29317,18662355
1790115230142838113,8101759,7628794,3737,432588,29330,18662355
1790115230259396429,8102507,7629041,3737,433063,29339,18662355
1790115230375564045,8103230,7629271,3737,433546,29349,18662355
1790115230492046144,8103960,7629555,3737,433980,29362,18662355
1790115230608017429,8104663,7629800,3737,434445,29378,18662355
1790115230720686656,8105363,7630050,3737,434821,29454,18662355
1790115230836405803,8106081,7630300,3737,435281,29471,18662355
1790115230951174400,8106820,7630570,3737,435718,29485,18662355
1790115231064979241,8107539,7630797,3737,436187,29505,18662355
1790115231182088934,8108288,7631045,3737,436662,29514,18662355
1790115231297884621,8109024,7631301,3737,437116,29530,18662355
1790115231414161497,8109752,7631549,3737,437580,29544,18662355
1790115231530022608,8110485,7631800,3737,438041,29558,18662355
1790115231645078550,8111236,7632058,3737,438490,29574,18662355
1790115231761394888,8111973,7632296,3737,438969,29585,18662355
1790115231878810044,8112704,7632544,3737,439444,29599,18662355
1790115231993460429,8113404,7632821,3737,439867,29613,18662355
1790115232108128531,8114119,7633069,3737,440251,29701,18662355
1790115232223440665,8114854,7633349,3737,440681,29712,18662355
1790115232341533779,8115593,7633594,3737,441161,29729,18662355
1790115232456887501,8116316,7633824,3737,441640,29741,18662355
1790115232571617121,8117020,7634073,3737,442092,29760,18662355
1790115232688528123,8117766,7634353,3737,442530,29774,18662355
1790115232804553134,8118493,7634607,3737,442988,29789,18662355
1790115232921976228,8119194,7634851,3737,443465,29805,18662355
1790115233038173210,8119911,7635098,3737,443926,29822,18662355
1790115233152547582,8120589,7635321,3737,444405,29837,18662355
1790115233269080473,8121311,7635621,3737,444826,29849,18662355
1790115233385170625,8122027,7635879,3737,445283,29858,18662355
1790115233500962369,8122766,7636100,3737,445706,29940,18662355
1790115233618381021,8123500,7636371,3737,446156,29953,18662355
1790115233734506648,8124228,7636668,3737,446577,29963,18662355
1790115233849388560,8124978,7636943,3737,447018,29971,18662355
1790115233965322834,8125716,7637200,3737,447474,29982,18662355
1790115234080892450,8126437,7637488,3737,447894,29997,18662355
1790115234197066398,8127152,7637768,3737,448328,30010,18662355
1790115234314303066,8127905,7638021,3737,448796,30021,18662355
1790115234431709937,8128657,7638276,3737,449266,30034,18662355
1790115234548613710,8129388,7638544,3737,449718,30045,18662355
1790115234665979942,8130144,7638842,3737,450141,30058,18662355
1790115234780766202,8130850,7639109,3737,450583,30070,18662355
1790115234897058745,8131571,7639345,3737,450990,30150,18662355
1790115235011240839,8132291,7639609,3737,451435,30160,18662355
1790115235126853911,8133002,7639863,3737,451896,30170,18662355
1790115235243428267,8133724,7640161,3737,452324,30180,18662355
1790115235359183471,8134448,7640425,3737,452763,30195,18662355
1790115235476073421,8135190,7640674,3737,453224,30217,18662355
1790115235593117189,8135924,7640940,3737,453675,30233,18662355
1790115235709881098,8136650,7641211,3737,454124,30245,18662355
1790115235825058047,8137379,7641456,3737,454592,30254,18662355
1790115235943260781,8138110,7641702,3737,455074,30265,18662355
1790115236059335151,8138831,7641965,3737,455525,30277,18662355
1790115236174572072,8139565,7642242,3737,455961,30289,18662355
1790115236288503962,8140292,7642455,3737,456367,30380,18662355
1790115236402075135,8141013,7642689,3737,456829,30398,18662355
1790115236518890565,8141776,7642931,3737,457307,30409,18662355
1790115236639455547,8142560,7643165,3737,457813,30420,18662355
1790115236755532525,8143288,7643423,3737,458268,30432,18662355
1790115236872156652,8144038,7643679,3737,458728,30446,18662355
1790115236988310307,8144744,7643926,3737,459194,30459,18662355
1790115237104186787,8145463,7644186,3737,459647,30473,18662355
1790115237221791369,8146192,7644400,3737,460158,30484,18662355
1790115237338874417,8146933,7644673,3737,460609,30493,18662355
1790115237454610704,8147656,7644934,3737,461055,30510,18662355
1790115237570743654,8148393,7645196,3737,461489,30538,18662355
1790115237689229137,8149138,7645434,3737,461930,30604,18662355
1790115237805076926,8149865,7645693,3737,462383,30618,18662355
1790115237919420106,8150604,7645921,3737,462867,30627,18662355
1790115238036542510,8151347,7646175,3737,463332,30637,18662355
1790115238152881062,8152075,7646441,3737,463787,30648,18662355
1790115238268043486,8152779,7646716,3737,464215,30663,18662355
1790115238384069295,8153508,7646963,3737,464679,30677,18662355
1790115238499251840,8154224,7647202,3737,465151,30689,18662355
1790115238614152785,8154957,7647461,3737,465600,30702,18662355
1790115238729465494,8155675,7647730,3737,466037,30717,18662355
1790115238845450499,8156384,7647988,3737,466487,30734,18662355
1790115238958567425,8157111,7648247,3737,466892,30777,18662355
1790115239074299119,8157831,7648509,3737,467296,30840,18662355
1790115239188688850,8158558,7648752,3737,467760,30851,18662355
1790115239301508660,8159293,7648967,3737,468240,30859,18662355
1790115239414050299,8159996,7649213,3737,468691,30869,18662355
1790115239526926482,8160692,7649466,3737,469131,30881,18662355
1790115239642911194,8161398,7649724,3737,469587,30892,18662355
1790115239758817508,8162121,7649981,3737,470044,30907,18662355
1790115239874555500,8162846,7650246,3737,470487,30921,18662355
1790115239991830088,8163565,7650472,3737,470978,30940,18662355
1790115240105747117,8164281,7650725,3737,471421,30958,18662355
1790115240221333977,8164990,7650979,3737,471876,30972,18662355
1790115240333576669,8165705,7651259,3737,472277,30992,18662355
1790115240452703219,8166428,7651510,3737,472694,31075,18662355
1790115240568528163,8167154,7651760,3737,473154,31086,18662355
1790115240683140293,8167864,7651991,3737,473634,31096,18662355
1790115240800208504,8168607,7652248,3737,474099,31109,18662355
1790115240915883891,8169306,7652495,3737,474558,31128,18662355
1790115241033018157,8170052,7652748,3737,475020,31143,18662355
1790115241148387264,8170767,7653005,3737,475464,31164,18662355
1790115241266720146,8171520,7653273,3737,475922,31179,18662355
1790115241382073731,8172259,7653528,3737,476381,31187,18662355
1790115241500370211,8173016,7653834,3737,476801,31201,18662355
1790115241616312322,8173755,7654099,3737,477250,31218,18662355
1790115241733607441,8174479,7654346,3737,477665,31284,18662355
1790115241849223951,8175203,7654603,3737,478098,31320,18662355
1790115241966958027,8175921,7654865,3737,478562,31331,18662355
1790115242084244225,8176638,7655146,3737,479004,31345,18662355
1790115242198955948,8177358,7655397,3737,479456,31361,18662355
1790115242315989562,8178092,7655661,3737,479909,31375,18662355
1790115242432736133,8178829,7655940,3737,480347,31393,18662355
1790115242550129731,8179553,7656212,3737,480792,31406,18662355
1790115242666639074,8180290,7656455,3737,481265,31423,18662355
1790115242782151334,8181029,7656713,3737,481720,31432,18662355
1790115242899025146,8181770,7656973,3737,482175,31449,18662355
1790115243016838125,8182503,7657232,3737,482637,31464,18662355
1790115243132729883,8183226,7657473,3737,483041,31550,18662355
1790115243249661500,8183959,7657743,3737,483477,31570,18662355
1790115243364588156,8184695,7657994,3737,483939,31581,18662355
1790115243481032147,8185444,7658237,3737,484414,31593,18662355
1790115243598209714,8186168,7658495,3737,484877,31605,18662355
1790115243713844531,8186888,7658741,3737,485337,31623,18662355
1790115243828986132,8187604,7659006,3737,485782,31637,18662355
1790115243946123768,8188328,7659309,3737,486194,31653,18662355
1790115244063641769,8189074,7659573,3737,486660,31662,18662355
1790115244179673901,8189811,7659808,3737,487141,31674,18662355
1790115244295292044,8190533,7660080,3737,487578,31687,18662355
1790115244412124242,8191277,7660375,3737,488005,31698,18662355
1790115244526897007,8191997,7660601,3737,488414,31784,18662355
1790115244643674233,8192742,7660854,3737,488873,31800,18662355
1790115244759380687,8193455,7661089,3737,489348,31814,18662355
1790115244877576369,8194208,7661327,3737,489847,31823,18662355
1790115244995887791,8194937,7661578,3737,490317,31839,18662355
1790115245112214785,8195687,7661839,3737,490768,31854,18662355
1790115245229656984,8196424,7662092,3737,491234,31870,18662355
1790115245347226755,8197169,7662349,3737,491704,31880,18662355
1790115245463204752,8197912,7662577,3737,492193,31888,18662355
1790115245580362122,8198616,7662820,3737,492668,31902,18662355
1790115245697213150,8199342,7663101,3737,493105,31918,18662355
1790115245813533124,8200068,7663347,3737,493571,31931,18662355
1790115245931029372,8200809,7663591,3737,493974,32021,18662355
1790115246047415868,8201535,7663877,3737,494396,32040,18662355
1790115246164690886,8202285,7664110,3737,494890,32048,18662355
1790115246284296299,8203079,7664403,3737,495341,32059,18662355
1790115246399243774,8203803,7664659,3737,495782,32077,18662355
1790115246515098174,8204531,7664920,3737,496233,32091,18662355
1790115246632295053,8205283,7665170,3737,496631,32178,18662355
1790115246749008458,8206025,7665419,3737,497097,32195,18662355
1790115246866362194,8206748,7665648,3737,497591,32207,18662355
1790115246982314513,8207474,7665914,3737,498041,32220,18662355
1790115247096641571,8208187,7666171,3737,498484,32235,18662355
1790115247210675287,8208921,7666420,3737,498931,32253,18662355
1790115247326166503,8209625,7666678,3737,499385,32263,18662355
1790115247441521946,8210380,7666945,3737,499830,32275,18662355
1790115247559667086,8211135,7667167,3737,500343,32284,18662355
1790115247674963154,8211894,7667436,3737,500781,32298,18662355
1790115247791121512,8212606,7667708,3737,501222,32310,18662355
1790115247907004586,8213301,7667974,3737,501664,32327,18662355
1790115248023198189,8214035,7668204,3737,502079,32413,18662355
1790115248139639526,8214756,7668451,3737,502543,32429,18662355
1790115248255768541,8215484,7668697,3737,503019,32438,18662355
1790115248373170947,8216212,7668950,3737,503490,32450,18662355
1790115248489575706,8216951,7669230,3737,503920,32466,18662355
1790115248605598362,8217670,7669497,3737,504370,32478,18662355
1790115248722024623,8218380,7669747,3737,504833,32490,18662355
1790115248839428063,8219131,7670024,3737,505279,32502,18662355
1790115248954606732,8219868,7670356,3737,505662,32511,18662355
1790115249069133033,8220601,7670629,3737,506094,32526,18662355
1790115249183984207,8221314,7670902,3737,506527,32539,18662355
1790115249297042025,8222013,7671182,3737,506944,32552,18662355
1790115249412653249,8222745,7671424,3737,507342,32636,18662355
1790115249529603578,8223487,7671655,3737,507825,32650,18662355
1790115249644607573,8224189,7671890,3737,508302,32664,18662355
1790115249760351308,8224910,7672135,3737,508767,32680,18662355
1790115249875476811,8225635,7672385,3737,509220,32694,18662355
1790115249992859346,8226386,7672636,3737,509691,32705,18662355
1790115250110930850,8227123,7672907,3737,510150,32715,18662355
1790115250228046967,8227854,7673173,3737,510605,32728,18662355
1790115250342221766,8228579,7673406,3737,511078,32738,18662355
1790115250457145183,8229332,7673656,3737,511527,32760,18662355
1790115250572128825,8230053,7673919,3737,511963,32780,18662355
1790115250686447122,8230767,7674187,3737,512394,32795,18662355
1790115250805345522,8231509,7674470,3737,512768,32884,18662355
1790115250921570321,8232218,7674712,3737,513240,32897,18662355
1790115251034959978,8232935,7674988,3737,513669,32908,18662355
1790115251149101548,8233664,7675258,3737,514098,32923,18662355
1790115251264857157,8234398,7675528,3737,514540,32935,18662355
1790115251381518182,8235133,7675779,3737,515000,32950,18662355
1790115251497407174,8235874,7676045,3737,515446,32964,18662355
1790115251614167050,8236605,7676297,3737,515910,32981,18662355
1790115251729299474,8237344,7676542,3737,516375,32993,18662355
1790115251845996523,8238075,7676823,3737,516813,33005,18662355
1790115251963552471,8238792,7677100,3737,517249,33024,18662355
1790115252079285959,8239526,7677380,3737,517677,33040,18662355
1790115252196334585,8240281,7677610,3737,518096,33125,18662355
1790115252312271417,8241018,7677848,3737,518572,33139,18662355
1790115252429678379,8241781,7678068,3737,519079,33150,18662355
1790115252545328256,8242522,7678341,3737,519517,33162,18662355
1790115252661796538,8243257,7678589,3737,519983,33176,18662355
1790115252776703577,8243979,7678858,3737,520418,33188,18662355
1790115252894140341,8244692,7679106,3737,520892,33201,18662355
1790115253011629901,8245436,7679374,3737,521346,33217,18662355
1790115253130228805,8246190,7679597,3737,521852,33231,18662355
1790115253242762621,8246902,7679851,3737,522286,33245,18662355
1790115253358518115,8247654,7680110,3737,522737,33259,18662355
1790115253474251331,8248371,7680343,3737,523148,33341,18662355
1790115253587423907,8249076,7680589,3737,523602,33350,18662355
1790115253705786841,8249831,7680859,3737,524058,33367,18662355
1790115253821407323,8250572,7681161,3737,524468,33381,18662355
1790115253938431970,8251317,7681433,3737,524915,33396,18662355
1790115254053887495,8252021,7681705,3737,525350,33411,18662355
1790115254171253452,8252752,7681964,3737,525806,33430,18662355
1790115254286540362,8253496,7682231,3737,526250,33441,18662355
1790115254402169363,8254223,7682482,3737,526718,33453,18662355
1790115254521099108,8254983,7682754,3737,527178,33463,18662355
1790115254637039385,8255716,7683017,3737,527626,33477,18662355
1790115254751609831,8256421,7683309,3737,528042,33489,18662355
1790115254866298859,8257136,7683571,3737,528416,33573,18662355
1790115254980905473,8257860,7683827,3737,528861,33586,18662355
1790115255097351141,8258596,7684115,3737,529293,33597,18662355
1790115255214023066,8259317,7684374,3737,529753,33612,18662355
1790115255328256374,8260013,7684632,3737,530188,33632,18662355
1790115255445614719,8260759,7684895,3737,530648,33645,18662355
1790115255561551537,8261477,7685147,3737,531101,33659,18662355
1790115255676271158,8262200,7685397,3737,531560,33672,18662355
1790115255793272458,8262940,7685631,3737,532045,33686,18662355
1790115255910758435,8263680,7685876,3737,532519,33701,18662355
1790115256027054202,8264387,7686128,3737,532980,33714,18662355
1790115256143188669,8265107,7686382,3737,533438,33727,18662355
1790115256259168699,8265830,7686615,3737,533842,33817,18662355
1790115256375800332,8266560,7686886,3737,534289,33831,18662355
1790115256494034258,8267291,7687106,3737,534800,33842,18662355
1790115256611348513,8268003,7687346,3737,535279,33855,18662355
1790115256728052416,8268731,7687608,3737,535737,33869,18662355
1790115256844152352,8269448,7687890,3737,536166,33881,18662355
1790115256960983177,8270173,7688162,3737,536612,33895,18662355
1790115257077327336,8270893,7688456,3737,537032,33911,18662355
1790115257193997090,8271638,7688852,3737,537352,33925,18667859
1790115257307252436,8272362,7689555,3737,537356,33932,18697299
1790115257425521434,8273115,7689729,3737,537930,33934,18697299
1790115257541631959,8273856,7689894,3737,538504,33934,18697299
1790115257672218820,8274694,7689976,3737,539255,33934,18697299
1790115257789849438,8275443,7690081,3737,539894,33934,18697299
1790115257908074975,8276199,7690155,3737,540578,33934,18697299
1790115258023170674,8276932,7690240,3737,541223,33935,18697299
1790115258141878673,8277692,7690414,3737,541800,33935,18697299
1790115258257027012,8278429,7690482,3737,542472,33935,18697299
1790115258372835691,8279182,7690601,3737,543085,33935,18697299
1790115258489214234,8279924,7690770,3737,543659,33935,18697299
1790115258604071563,8280666,7690827,3737,544336,33935,18697299
1790115258719263582,8281410,7690965,3737,544929,33935,18697299
1790115258837591754,8282171,7691040,3737,545605,33935,18697299
1790115258952782669,8282919,7691103,3737,546277,33935,18697299
1790115259070047705,8283669,7691205,3737,546923,33935,18697299
1790115259185036664,8284409,7691307,3737,547554,33935,18697299
1790115259299886764,8285152,7691394,3737,548191,33936,18697299
1790115259418156153,8285905,7691512,3737,548830,33936,18697299
1790115259532446215,8286636,7691537,3737,549531,33936,18697299
1790115259649840146,8287394,7691661,3737,550151,33937,18697299
1790115259767998970,8288147,7691740,3737,550830,33937,18697299
1790115259882998474,8288881,7691807,3737,551494,33937,18697299
1790115260001297422,8289636,7691895,3737,552156,33938,18697299
1790115260119419772,8290395,7691968,3737,552834,33938,18697299
1790115260234834934,8291126,7692044,3737,553488,33939,18697299
1790115260353414769,8291889,7692170,3737,554119,33939,18697299
1790115260468170096,8292615,7692214,3737,554807,33940,18697299
1790115260586415841,8293378,7692323,3737,555449,33940,18697299
1790115260704556514,8294129,7692403,3737,556120,33941,18697299
1790115260820104148,8294857,7692542,3737,556716,33942,18697299
1790115260935467029,8295598,7692723,3737,557267,33942,18697299
1790115261053737230,8296352,7692878,3737,557861,33944,18697299
1790115261171872891,8297112,7692996,3737,558494,33944,18697299
1790115261286563620,8297845,7693022,3737,559201,33944,18697299
1790115261403030900,8298586,7693149,3737,559814,33945,18697299
1790115261521247722,8299344,7693258,3737,560455,33946,18697299
1790115261637909856,8300089,7693374,3737,561081,33946,18697299
1790115261752121699,8300815,7693488,3737,561694,33947,18697299
1790115261869835933,8301576,7693618,3737,562307,33947,18697299
1790115261987389625,8302337,7693740,3737,562936,33947,18697299
1790115262102093888,8303069,7693768,3737,563641,33947,18697299
1790115262215561849,8303798,7693893,3737,564234,33947,18697299
1790115262333815421,8304554,7694019,3737,564861,33947,18697299
1790115262452621808,8305318,7694175,3737,565460,33948,18697299
1790115262570570347,8306073,7694270,3737,566116,33948,18697299
1790115262690553326,8306844,7694402,3737,566745,33949,18697299
1790115262807559010,8307598,7694548,3737,567343,33950,18697299
1790115262929229007,8308370,7694599,3737,568069,33950,18697299
1790115263046555982,8309130,7694716,3737,568697,33950,18697299
1790115263170521764,8309929,7694865,3737,569337,33950,18697299
1790115263288625945,8310682,7694981,3737,569971,33951,18697299
1790115263406551581,8311434,7695120,3737,570580,33953,18697299
1790115263525552462,8312179,7695304,3737,571151,33955,18697299
1790115263647561842,8312961,7695425,3737,571807,33955,18697299
1790115263762394769,8313691,7695502,3737,572460,33957,18697299
1790115263882166274,8314456,7695648,3737,573078,33957,18697299
1790115264000318640,8315209,7695811,3737,573663,33959,18697299
1790115264118548843,8315969,7695928,3737,574294,33961,18697299
1790115264242949608,8316760,7696074,3737,574940,33962,18697299
1790115264358947340,8317501,7696187,3737,575561,33963,18697299
1790115264479950557,8318281,7696268,3737,576251,33963,18697299
1790115264595234956,8319014,7696345,3737,576911,33963,18697299
1790115264713053283,8319769,7696434,3737,577568,33964,18697299
1790115264829955170,8320509,7696577,3737,578165,33966,18697299
1790115264948255604,8321262,7696687,3737,578810,33966,18697299
1790115265066321271,8322022,7696853,3737,579393,33967,18697299
1790115265183724580,8322780,7696949,3737,580042,33967,18697299
1790115265301765085,8323531,7697065,3737,580677,33967,18697299
1790115265417179648,8324269,7697155,3737,581323,33968,18697299
1790115265535587287,8325029,7697285,3737,581946,33968,18697299
1790115265649970024,8325758,7697459,3737,582498,33968,18697299
1790115265769547552,8326527,7697567,3737,583151,33968,18697299
1790115265893731501,8327314,7697716,3737,583790,33968,18697299
1790115266011702334,8328064,7697823,3737,584434,33969,18697299
1790115266129658705,8328819,7697906,3737,585103,33969,18697299
1790115266244519188,8329547,7697998,3737,585740,33970,18697299
1790115266362471889,8330301,7698122,3737,586366,33971,18697299
1790115266480318252,8331055,7698252,3737,586986,33972,18697299
1790115266598645714,8331805,7698331,3737,587657,33973,18697299
1790115266714399377,8332547,7698477,3737,588248,33974,18697299
1790115266832450535,8333301,7698566,3737,588910,33974,18697299
1790115266950050766,8334057,7698640,3737,589588,33974,18697299
1790115267065349849,8334796,7698727,3737,590231,33975,18697299
1790115267183531030,8335563,7698847,3737,590861,33976,18697299
1790115267301539315,8336309,7698976,3737,591482,33977,18697299
1790115267419610130,8337063,7699092,3737,592116,33977,18697299
1790115267537420867,8337800,7699220,3737,592736,33979,18697299
1790115267655649909,8338560,7699339,3737,593376,33979,18697299
1790115267771565420,8339301,7699371,3737,594076,33979,18697299
1790115267886470665,8340037,7699457,3737,594720,33981,18697299
1790115268004316353,8340781,7699626,3737,595300,33982,18697299
1790115268122022660,8341546,7699763,3737,595913,33982,18697299
1790115268239995897,8342288,7699900,3737,596519,33983,18697299
1790115268357898658,8343039,7700041,3737,597128,33984,18697299
1790115268475849940,8343792,7700171,3737,597752,33985,18697299
1790115268591960198,8344535,7700221,3737,598439,33985,18697299
1790115268707340889,8345273,7700305,3737,599091,33985,18697299
1790115268825815261,8346027,7700439,3737,599707,33986,18697299
1790115268943366340,8346788,7700571,3737,600325,33986,18697299
1790115269061543265,8347547,7700717,3737,600931,33986,18697299
1790115269179438654,8348298,7700850,3737,601547,33986,18697299
1790115269297574483,8349053,7701034,3737,602117,33987,18697299
1790115269412124333,8349780,7701059,3737,602821,33987,18697299
1790115269527392860,8350519,7701128,3737,603482,33987,18697299
1790115269645556541,8351270,7701263,3737,604098,33988,18697299
1790115269770547722,8352074,7701395,3737,604760,33988,18697299
1790115269891123542,8352842,7701517,3737,605407,33988,18697299
1790115270020195343,8353664,7701687,3737,606056,33990,18697299
1790115270138472751,8354426,7701819,3737,606676,33990,18697299
1790115270254068192,8355161,7701847,3737,607387,33990,18697299
1790115270372845667,8355915,7701977,3737,608007,33991,18697299
1790115270491162822,8356663,7702100,3737,608640,33991,18697299
1790115270608966347,8357415,7702250,3737,609236,33993,18697299
1790115270724153092,8358147,7702373,3737,609848,33994,18697299
1790115270841545499,8358910,7702533,3737,610431,33994,18697299
1790115270959823747,8359665,7702663,3737,611052,33994,18697299
1790115271074555654,8360406,7702701,3737,611747,33994,18697299
1790115271189361190,8361127,7702858,3737,612321,33995,18697299
1790115271307513585,8361884,7702981,3737,612949,33995,18697299
1790115271422955051,8362623,7703109,3737,613551,33996,18697299
1790115271534596829,8363336,7703250,3737,614123,33996,18697299
1790115271652394594,8364082,7703371,3737,614750,33999,18697299
1790115271770309317,8364831,7703493,3737,615379,33999,18697299
1790115271885620522,8365575,7703527,3737,616078,33999,18697299
1790115272003143042,8366330,7703674,3737,616681,33999,18697299
1790115272121286141,8367081,7703778,3737,617328,34000,18697299
1790115272237570077,8367825,7703921,3737,617884,34039,18697299
1790115272361526556,8368621,7704016,3737,618517,34100,18697299
1790115272479542926,8369380,7704140,3737,619094,34149,18697299
1790115272598049232,8370131,7704251,3737,619703,34186,18697299
1790115272713661219,8370873,7704296,3737,620395,34186,18697299
1790115272833510242,8371637,7704401,3737,621007,34228,18697299
1790115272952469910,8372407,7704527,3737,621583,34283,18697299
1790115273070690659,8373164,7704642,3737,622170,34332,18697299
1790115273189226245,8373917,7704747,3737,622772,34382,18697299
1790115273307957391,8374676,7704878,3737,623350,34422,18697299
1790115273425890055,8375434,7704942,3737,623992,34471,18697299
1790115273540609115,8376168,7705014,3737,624650,34471,18697299
1790115273655548200,8376904,7705103,3737,625259,34504,18697299
1790115273773833846,8377660,7705220,3737,625840,34557,18697299
1790115273891951317,8378409,7705374,3737,626401,34595,18697299
1790115274009026846,8379161,7705453,3737,627011,34654,18697299
1790115274126653580,8379912,7705584,3737,627581,34700,18697299
1790115274244725294,8380672,7705667,3737,628189,34757,18697299
1790115274362729605,8381427,7705741,3737,628857,34768,18697299
1790115274477856906,8382156,7705814,3737,629500,34785,18697299
1790115274596264820,8382915,7705894,3737,630163,34797,18697299
1790115274709877278,8383652,7706069,3737,630702,34805,18697299
1790115274826983821,8384403,7706171,3737,631342,34805,18697299
1790115274945011410,8385155,7706326,3737,631938,34805,18697299
1790115275060925683,8385898,7706457,3737,632545,34805,18697299
1790115275179393168,8386657,7706538,3737,633221,34805,18697299
1790115275294452572,8387393,7706616,3737,633875,34806,18697299
1790115275412596596,8388144,7706790,3737,634452,34806,18697299
1790115275530547604,8388897,7707040,3737,634951,34806,18697299
1790115275645241179,8389628,7707269,3737,635452,34806,18697299
1790115275763320756,8390389,7707458,3737,636015,34806,18697299
1790115275877911804,8391121,7707669,3737,636529,34807,18697299
1790115275995279446,8391872,7707915,3737,637032,34808,18697299
1790115276110689456,8392609,7708032,3737,637649,34808,18697299
1790115276227549566,8393354,7708194,3737,638230,34809,18697299
1790115276347934284,8394117,7708336,3737,638854,34810,18697299
1790115276463201022,8394848,7708457,3737,639467,34811,18697299
1790115276579555667,8395593,7708622,3737,640039,34812,18697299
1790115276705553211,8396404,7708775,3737,640687,34812,18697299
1790115276826080699,8397170,7708906,3737,641326,34812,18697299
1790115276942861333,8397911,7708954,3737,642019,34813,18697299
1790115277059733926,8398651,7709071,3737,642643,34814,18697299
1790115277177839673,8399408,7709145,3737,643322,34814,18697299
1790115277292955120,8400144,7709219,3737,643979,34814,18697299
1790115277411065776,8400902,7709343,3737,644610,34815,18697299
1790115277525001711,8401626,7709413,3737,645268,34815,18697299
1790115277640002990,8402350,7709506,3737,645905,34816,18697299
1790115277758233966,8403113,7709633,3737,646528,34817,18697299
1790115277872657699,8403845,7709668,3737,647220,34817,18697299
1790115277989402017,8404592,7709800,3737,647830,34818,18697299
1790115278107580632,8405351,7709883,3737,648499,34818,18697299
1790115278222693797,8406087,7709960,3737,649153,34819,18697299
1790115278341137678,8406844,7710088,3737,649781,34820,18697299
1790115278457038686,8407584,7710172,3737,650435,34820,18697299
1790115278572199089,8408314,7710267,3737,651070,34821,18697299
1790115278690674064,8409077,7710394,3737,651694,34821,18697299
1790115278805727042,8409814,7710421,3737,652407,34821,18697299
1790115278924740814,8410564,7710545,3737,653032,34823,18697299
1790115279042820923,8411324,7710619,3737,653710,34823,18697299
1790115279157143958,8412046,7710683,3737,654377,34823,18697299
1790115279275683749,8412801,7710763,3737,655048,34824,18697299
1790115279394593633,8413556,7710832,3737,655736,34824,18697299
1790115279509170462,8414275,7710911,3737,656386,34827,18697299
1790115279627624042,8415046,7711031,3737,657016,34827,18697299
1790115279742428206,8415777,7711056,3737,657724,34828,18697299
1790115279860869752,8416539,7711248,3737,658276,34836,18697299
1790115279978807711,8417284,7711527,3737,658721,34845,18697299
1790115280095162182,8418023,7711794,3737,659172,34857,18697299
1790115280211203374,8418751,7712071,3737,659606,34870,18697299
1790115280325540706,8419468,7712363,3737,660010,34888,18697299
1790115280444067335,8420206,7712509,3737,660247,35254,18697299
1790115280559722586,8420927,7712741,3737,660730,35267,18697299
1790115280675459493,8421676,7713027,3737,661155,35279,18697299
1790115280789112314,8422386,7713289,3737,661587,35296,18697299
1790115280904682065,8423109,7713544,3737,662039,35313,18697299
1790115281019149046,8423832,7713803,3737,662485,35326,18697299
1790115281134188740,8424540,7714061,3737,662930,35339,18697299
1790115281252819477,8425303,7714294,3737,663435,35344,18697299
1790115281367722396,8426035,7714562,3737,663877,35355,18697299
1790115281484481547,8426748,7714810,3737,664352,35368,18697299
1790115281601070525,8427495,7715080,3737,664794,35380,18697299
1790115281716855336,8428231,7715325,3737,665261,35393,18697299
1790115281833038454,8428938,7715553,3737,665678,35474,18697299
1790115281947368323,8429645,7715795,3737,666146,35483,18697299
1790115282064671686,8430384,7716060,3737,666603,35496,18697299
1790115282179088037,8431121,7716325,3737,667039,35511,18697299
1790115282295199736,8431831,7716581,3737,667492,35527,18697299
1790115282411739841,8432563,7716830,3737,667958,35541,18697299
1790115282527339912,8433292,7717066,3737,668436,35553,18697299
1790115282643431716,8434016,7717311,3737,668905,35566,18697299
1790115282758826006,8434749,7717573,3737,669349,35585,18697299
1790115282874296667,8435476,7717819,3737,669808,35599,18697299
1790115282991049722,8436201,7718093,3737,670250,35613,18697299
1790115283107143899,8436922,7718343,3737,670715,35625,18697299
1790115283222751121,8437645,7718559,3737,671140,35706,18697299
1790115283337375560,8438371,7718774,3737,671637,35714,18697299
1790115283454324272,8439098,7719044,3737,672087,35726,18697299
1790115283571149737,8439836,7719313,3737,672537,35739,18697299
1790115283687552970,8440557,7719575,3737,672992,35750,18697299
1790115283803393680,8441271,7719848,3737,673432,35762,18697299
1790115283917182514,8441988,7720099,3737,673883,35774,18697299
1790115284032909796,8442717,7720339,3737,674355,35787,18697299
1790115284150434718,8443463,7720599,3737,674820,35800,18697299
1790115284267143366,8444202,7720859,3737,675274,35815,18697299
1790115284383795980,8444934,7721121,3737,675728,35829,18697299
1790115284501556552,8445694,7721365,3737,676156,35893,18697299
1790115284616475541,8446441,7721626,3737,676584,35928,18697299
1790115284732952800,8447183,7721893,3737,677034,35941,18697299
1790115284848885202,8447902,7722161,3737,677480,35952,18697299
1790115284966148789,8448643,7722430,3737,677930,35967,18697299
1790115285083389990,8449368,7722679,3737,678397,35983,18697299
1790115285200812477,8450090,7722939,3737,678859,35994,18697299
1790115285316013689,8450827,7723208,3737,679305,36004,18697299
1790115285439328087,8451595,7723465,3737,679807,36017,18697299
1790115285556130996,8452317,7723743,3737,680247,36029,18697299
1790115285670589538,8453028,7724002,3737,680691,36041,18697299
1790115285784292878,8453742,7724253,3737,681139,36055,18697299
1790115285901558542,8454505,7724488,3737,681535,36159,18697299
1790115286018816049,8455221,7724719,3737,682026,36174,18697299
1790115286135085656,8455932,7724982,3737,682475,36189,18697299
1790115286250910716,8456659,7725233,3737,682936,36202,18697299
1790115286367412684,8457397,7725490,3737,683394,36217,18697299
1790115286484040542,8458114,7725748,3737,683851,36231,18697299
1790115286601097886,8458847,7726018,3737,684302,36242,18697299
1790115286717779229,8459584,7726270,3737,684780,36248,18697299
1790115286835551382,8460334,7726565,3737,685208,36261,18697299
1790115286952317364,8461083,7726812,3737,685681,36271,18697299
1790115287069030634,8461828,7727080,3737,686126,36289,18697299
1790115287183150707,8462542,7727340,3737,686568,36301,18697299
1790115287300049844,8463282,7727569,3737,686982,36392,18697299
1790115287413890810,8464003,7727805,3737,687447,36404,18697299
1790115287532437188,8464747,7728067,3737,687908,36423,18697299
1790115287648425173,8465470,7728324,3737,688366,36437,18697299
1790115287763982142,8466167,7728585,3737,688812,36449,18697299
1790115287879975736,8466875,7728858,3737,689253,36462,18697299
1790115287995899760,8467618,7729103,3737,689655,36543,18697299
1790115288113525799,8468353,7729325,3737,690158,36552,18697299
1790115288230426272,8469087,7729570,3737,690638,36563,18697299
1790115288347170237,8469803,7729854,3737,691067,36579,18697299
1790115288462168675,8470516,7730097,3737,691528,36593,18697299
1790115288577436292,8471239,7730355,3737,691975,36607,18697299
1790115288691563694,8471966,7730591,3737,692441,36620,18697299
1790115288808998657,8472723,7730834,3737,692921,36633,18697299
1790115288926786549,8473456,7731102,3737,693373,36650,18697299
1790115289041861681,8474193,7731374,3737,693811,36662,18697299
1790115289157952764,8474923,7731620,3737,694281,36673,18697299
1790115289274238239,8475637,7731888,3737,694723,36689,18697299
1790115289393377273,8476398,7732124,3737,695144,36778,18697299
1790115289510952643,8477137,7732398,3737,695596,36790,18697299
1790115289623691827,8477836,7732660,3737,696028,36803,18697299
1790115289739374336,8478573,7732915,3737,696489,36814,18697299
1790115289855107621,8479288,7733163,3737,696946,36830,18697299
1790115289970011883,8480006,7733412,3737,697407,36838,18697299
1790115290086396671,8480753,7733668,3737,697874,36847,18697299
1790115290205306142,8481515,7733909,3737,698365,36861,18697299
1790115290320931526,8482245,7734163,3737,698820,36874,18697299
1790115290435697590,8482969,7734457,3737,699233,36886,18697299
1790115290551528940,8483679,7734747,3737,699654,36900,18697299
1790115290668457823,8484399,7734987,3737,700112,36939,18697299
1790115290785299177,8485126,7735213,3737,700558,36995,18697299
1790115290906776429,8485879,7735460,3737,701055,37011,18697299
1790115291021186357,8486598,7735717,3737,701496,37030,18697299
1790115291136328424,8487320,7735971,3737,701951,37042,18697299
1790115291251426557,8488031,7736231,3737,702397,37056,18697299
1790115291366826418,8488760,7736478,3737,702857,37072,18697299
1790115291483727630,8489504,7736715,3737,703343,37084,18697299
1790115291599042559,8490203,7736973,3737,703793,37098,18697299
1790115291716640433,8490946,7737253,3737,704237,37107,18697299
1790115291832853117,8491658,7737513,3737,704692,37121,18697299
1790115291947284206,8492361,7737764,3737,705147,37133,18697299
1790115292063576198,8493095,7738000,3737,705542,37226,18697299
1790115292177408251,8493801,7738224,3737,706022,37238,18697299
1790115292291143804,8494512,7738482,3737,706466,37249,18697299
1790115292405584229,8495232,7738729,3737,706920,37262,18697299
1790115292521010922,8495956,7738990,3737,707371,37275,18697299
1790115292636617630,8496682,7739260,3737,707810,37289,18697299
1790115292752617149,8497398,7739508,3737,708276,37303,18697299
1790115292870221095,8498152,7739745,3737,708766,37312,18697299
1790115292988434262,8498887,7740000,3737,709236,37324,18697299
1790115293105730401,8499632,7740256,3737,709697,37340,18697299
1790115293220204620,8500339,7740536,3737,710116,37359,18697299
1790115293336883557,8501061,7740790,3737,710577,37374,18697299
1790115293452930754,8501807,7741027,3737,710986,37457,18697299
1790115293567558749,8502546,7741254,3737,711465,37468,18697299
1790115293685436273,8503276,7741501,3737,711938,37486,18697299
1790115293799684149,8504002,7741771,3737,712374,37497,18697299
1790115293917113832,8504728,7742065,3737,712803,37508,18697299
1790115294033809722,8505457,7742316,3737,713271,37519,18697299
1790115294149123490,8506171,7742563,3737,713738,37527,18697299
1790115294264533790,8506902,7742811,3737,714202,37538,18697299
1790115294380362556,8507612,7743074,3737,714643,37558,18697299
1790115294496142882,8508340,7743337,3737,715086,37578,18697299
1790115294612712146,8509063,7743602,3737,715532,37593,18697299
1790115294729558690,8509787,7743853,3737,716003,37603,18697299
1790115294844363675,8510512,7744079,3737,716402,37699,18697299
1790115294961371607,8511240,7744303,3737,716897,37713,18697299
1790115295078322930,8511975,7744597,3737,717323,37727,18697299
1790115295194209069,8512701,7744860,3737,717765,37747,18697299
1790115295310651837,8513441,7745105,3737,718230,37764,18697299
1790115295425827113,8514145,7745368,3737,718673,37778,18697299
1790115295541798018,8514872,7745614,3737,719142,37790,18697299
1790115295657774098,8515598,7745841,3737,719631,37804,18697299
1790115295772545930,8516322,7746105,3737,720073,37812,18697299
1790115295888347785,8517037,7746354,3737,720533,37828,18697299
1790115296005886588,8517772,7746622,3737,720985,37842,18697299
1790115296122305305,8518517,7746859,3737,721455,37863,18697299
1790115296238480073,8519241,7747102,3737,721863,37947,18697299
1790115296359523336,8519982,7747350,3737,722364,37956,18697299
1790115296476238888,8520694,7747597,3737,722824,37973,18697299
1790115296592885678,8521412,7747844,3737,723290,37988,18697299
1790115296708909981,8522128,7748104,3737,723744,38004,18697299
1790115296823360141,8522860,7748355,3737,724187,38021,18697299
1790115296940290442,8523571,7748585,3737,724678,38034,18697299
1790115297054663329,8524275,7748833,3737,725132,38048,18697299
1790115297171126952,8525014,7749122,3737,725555,38064,18697299
1790115297286528010,8525728,7749393,3737,725994,38077,18697299
1790115297402720259,8526467,7749640,3737,726461,38092,18697299
1790115297519886690,8527205,7749863,3737,726892,38163,18697299
1790115297635378138,8527937,7750079,3737,727377,38198,18697299
1790115297748983069,8528659,7750329,3737,727824,38208,18697299
1790115297862176271,8529368,7750592,3737,728252,38225,18697299
1790115297978552685,8530101,7750866,3737,728693,38237,18697299
1790115298093371833,8530823,7751121,3737,729144,38249,18697299
1790115298208521549,8531545,7751374,3737,729599,38261,18697299
1790115298323896928,8532274,7751604,3737,730081,38273,18697299
1790115298436835547,8533002,7751868,3737,730516,38286,18697299
1790115298551799899,8533721,7752128,3737,730962,38299,18697299
1790115298667958546,8534443,7752376,3737,731430,38311,18697299
1790115298783098879,8535176,7752636,3737,731872,38325,18697299
1790115298899664112,8535916,7752868,3737,732281,38411,18697299
1790115299016100763,8536635,7753106,3737,732762,38427,18697299
1790115299131952946,8537364,7753359,3737,733216,38445,18697299
1790115299248655158,8538113,7753625,3737,733672,38454,18697299
1790115299365752921,8538863,7753891,3737,734123,38470,18697299
1790115299482133080,8539590,7754158,3737,734567,38486,18697299
1790115299599618285,8540337,7754412,3737,735037,38498,18697299
1790115299715857813,8541073,7754640,3737,735532,38508,18697299
1790115299833638403,8541839,7754911,3737,735981,38521,18697299
1790115299949468767,8542578,7755166,3737,736440,38533,18697299
1790115300066746988,8543310,7755421,3737,736901,38548,18697299
1790115300182672542,8544025,7755682,3737,737354,38560,18697299
1790115300297844091,8544742,7755920,3737,737757,38644,18697299
1790115300412875022,8545470,7756168,3737,738216,38655,18697299
1790115300530610613,8546195,7756458,3737,738654,38669,18697299
1790115300647744074,8546922,7756712,3737,739116,38681,18697299
1790115300765052313,8547654,7756966,3737,739583,38699,18697299
1790115300881382927,8548375,7757213,3737,740046,38712,18697299
1790115300996889790,8549093,7757448,3737,740521,38726,18697299
1790115301114952217,8549823,7757677,3737,741019,38737,18697299
1790115301231420263,8550556,7757936,3737,741475,38752,18697299
1790115301347662530,8551265,7758201,3737,741925,38764,18697299
1790115301463860028,8552002,7758474,3737,742365,38780,18697299
1790115301579750307,8552732,7758721,3737,742821,38795,18697299
1790115301697478212,8553485,7758942,3737,743266,38875,18697299
1790115301811866359,8554182,7759196,3737,743710,38889,18697299
1790115301926931540,8554907,7759466,3737,744149,38901,18697299
1790115302042443661,8555600,7759722,3737,744604,38913,18697299
1790115302158617708,8556332,7759971,3737,745064,38929,18697299
1790115302274149883,8557068,7760222,3737,745524,38944,18697299
1790115302391220111,8557825,7760441,3737,746028,38954,18697299
1790115302505179507,8558557,7760683,3737,746487,38966,18697299
1790115302619992877,8559274,7760944,3737,746930,38980,18697299
1790115302736062862,8560010,7761265,3737,747323,38994,18697299
1790115302852967837,8560737,7761528,3737,747779,39008,18697299
1790115302970019406,8561472,7761779,3737,748244,39022,18697299
1790115303088702410,8562228,7762000,3737,748688,39106,18697299
1790115303204007305,8562935,7762288,3737,749105,39119,18697299
1790115303319208917,8563674,7762563,3737,749542,39130,18697299
1790115303434751991,8564390,7762839,3737,749980,39141,18697299
1790115303550204565,8565100,7763090,3737,750430,39157,18697299
1790115303665969471,8565820,7763336,3737,750899,39166,18697299
1790115303781235614,8566555,7763564,3737,751393,39175,18697299
1790115303897546772,8567296,7763854,3737,751808,39195,18697299
1790115304012736634,8568040,7764149,3737,752215,39212,18697299
1790115304129920910,8568767,7764426,3737,752659,39223,18697299
1790115304247125933,8569502,7764690,3737,753118,39237,18697299
1790115304362798195,8570225,7764938,3737,753570,39255,18697299
1790115304480785260,8570972,7765142,3737,754036,39331,18697299
1790115304598737491,8571695,7765406,3737,754496,39346,18697299
1790115304714917692,8572409,7765675,3737,754934,39364,18697299
1790115304831620861,8573148,7765935,3737,755386,39383,18697299
1790115304948177594,8573875,7766188,3737,755847,39396,18697299
1790115305065881841,8574639,7766450,3737,756309,39412,18697299
1790115305180211393,8575342,7766721,3737,756752,39420,18697299
1790115305296297955,8576055,7767011,3737,757170,39434,18697299
1790115305412564572,8576787,7767297,3737,757602,39447,18697299
1790115305528469856,8577511,7767552,3737,758054,39462,18697299
1790115305643839615,8578244,7767796,3737,758517,39477,18697299
1790115305759544716,8578996,7768028,3737,758915,39575,18697299
1790115305876383051,8579731,7768262,3737,759401,39586,18697299
1790115305990457253,8580444,7768545,3737,759820,39597,18697299
1790115306104550955,8581162,7768803,3737,760260,39612,18697299
1790115306222565939,8581902,7769059,3737,760727,39628,18697299
1790115306339411239,8582635,7769318,3737,761184,39642,18697299
1790115306456002550,8583376,7769581,3737,761644,39651,18697299
1790115306584529181,8584203,7769889,3737,762128,39664,18697299
1790115306701611351,8584944,7770149,3737,762586,39679,18697299
1790115306817316838,8585653,7770396,3737,763049,39692,18697299
1790115306933603629,8586380,7770634,3737,763527,39704,18697299
1790115307050343058,8587091,7770919,3737,763958,39719,18697299
1790115307168833558,8587852,7771130,3737,764405,39804,18697299
1790115307283247425,8588589,7771387,3737,764855,39814,18697299
1790115307399743296,8589335,7771678,3737,765280,39832,18697299
1790115307516066805,8590052,7771949,3737,765718,39848,18697299
1790115307632753743,8590793,7772205,3737,766182,39861,18697299
1790115307748765588,8591512,7772461,3737,766641,39870,18697299
1790115307865406561,8592259,7772709,3737,767117,39878,18697299
1790115307981712028,8592997,7772992,3737,767552,39890,18697299
1790115308097594049,8593719,7773246,3737,768007,39903,18697299
1790115308215047507,8594458,7773530,3737,768446,39918,18697299
1790115308330342317,8595198,7773786,3737,768891,39934,18697299
1790115308447183206,8595953,7774035,3737,769364,39947,18697299
1790115308564979364,8596656,7774240,3737,769809,40035,18697299
1790115308682190920,8597391,7774496,3737,770276,40047,18697299
1790115308799675394,8598138,7774751,3737,770740,40061,18697299
1790115308916899939,8598875,7775030,3737,771185,40074,18697299
1790115309033276530,8599612,7775305,3737,771623,40088,18697299
1790115309149632902,8600329,7775581,3737,772065,40101,18697299
1790115309265449181,8601063,7775811,3737,772546,40116,18697299
1790115309380451994,8601797,7776085,3737,772980,40126,18697299
1790115309497334378,8602533,7776342,3737,773442,40141,18697299
1790115309613937875,8603274,7776601,3737,773898,40154,18697299
1790115309729849653,8603997,7776857,3737,774359,40164,18697299
1790115309846421166,8604740,7777099,3737,774828,40182,18697299
1790115309964761941,8605477,7777320,3737,775279,40257,18697299
1790115310081156704,8606194,7777576,3737,775736,40270,18697299
1790115310197297784,8606917,7777830,3737,776192,40287,18697299
1790115310313363801,8607648,7778107,3737,776627,40300,18697299
1790115310430275842,8608393,7778371,3737,777084,40313,18697299
1790115310545889506,8609120,7778623,3737,777541,40325,18697299
1790115310666234440,8609864,7778879,3737,778026,40340,18697299
1790115310781237311,8610589,7779123,3737,778488,40353,18697299
1790115310897081871,8611323,7779366,3737,778960,40364,18697299
1790115311012101735,8612053,7779636,3737,779400,40375,18697299
1790115311127116355,8612775,7779880,3737,779861,40389,18697299
1790115311245252507,8613520,7780108,3737,780359,40402,18697299
1790115311361878580,8614248,7780375,3737,780811,40414,18697299
1790115311477359091,8614968,7780638,3737,781252,40431,18697299
1790115311594292541,8615714,7780912,3737,781696,40444,18697299
1790115311711148057,8616447,7781176,3737,782152,40455,18697299
1790115311826751685,8617182,7781450,3737,782592,40467,18697299
1790115311945534561,8617950,7781679,3737,783096,40476,18697299
1790115312061780034,8618684,7782007,3737,783484,40488,18697299
1790115312179117472,8619410,7782260,3737,783955,40502,18697299
1790115312294293403,8620151,7782513,3737,784399,40522,18697299
1790115312410871616,8620885,7782772,3737,784849,40540,18697299
1790115312527472916,8621624,7783020,3737,785319,40553,18697299
1790115312645907473,8622371,7783269,3737,785804,40564,18697299
1790115312762392710,8623109,7783528,3737,786258,40578,18697299
1790115312877679057,8623830,7783787,3737,786706,40594,18697299
1790115312993565721,8624571,7784034,3737,787163,40611,18697299
1790115313108893992,8625273,7784306,3737,787601,40624,18697299
1790115313226102547,8626015,7784570,3737,788063,40636,18697299
1790115313342604877,8626766,7785041,3737,788313,40643,18713811
1790115313459984594,8627515,7785594,3737,788499,40647,18731091
1790115313579630258,8628281,7785683,3737,789169,40647,18731091
1790115313697580103,8629031,7785791,3737,789812,40647,18731091
1790115313812798063,8629769,7785856,3737,790481,40648,18731091
1790115313930140932,8630514,7785936,3737,791149,40649,18731091
1790115314044827462,8631258,7786031,3737,791781,40649,18731091
1790115314160258226,8631991,7786115,3737,792434,40650,18731091
1790115314278580343,8632747,7786244,3737,793055,40650,18731091
1790115314392991948,8633476,7786265,3737,793767,40650,18731091
1790115314512516071,8634244,7786398,3737,794390,40651,18731091
1790115314628022954,8634985,7786520,3737,795006,40651,18731091
1790115314742064084,8635718,7786575,3737,795677,40651,18731091
1790115314859574592,8636475,7786699,3737,796295,40652,18731091
1790115314977913061,8637228,7786807,3737,796939,40652,18731091
1790115315092211113,8637954,7786924,3737,797551,40653,18731091
1790115315208679508,8638702,7787052,3737,798162,40653,18731091
1790115315335129688,8639504,7787172,3737,798850,40653,18731091
1790115315449416427,8640246,7787268,3737,799479,40653,18731091
1790115315567672311,8640999,7787408,3737,800089,40654,18731091
1790115315682579785,8641734,7787429,3737,800802,40654,18731091
1790115315801382352,8642486,7787533,3737,801453,40656,18731091
1790115315916799834,8643228,7787662,3737,802055,40656,18731091
1790115316031124132,8643962,7787713,3737,802738,40656,18731091
1790115316148015125,8644705,7787864,3737,803329,40657,18731091
1790115316266688447,8645461,7787937,3737,804008,40657,18731091
1790115316381637258,8646190,7788001,3737,804675,40658,18731091
1790115316499177064,8646944,7788108,3737,805319,40658,18731091
1790115316616825174,8647701,7788205,3737,805968,40658,18731091
1790115316731741259,8648431,7788304,3737,806598,40659,18731091
1790115316849983900,8649186,7788435,3737,807224,40659,18731091
1790115316968158524,8649939,7788597,3737,807812,40660,18731091
1790115317086379873,8650700,7788705,3737,808455,40660,18731091
1790115317203590348,8651450,7788871,3737,809034,40660,18731091
1790115317317114050,8652169,7788976,3737,809653,40661,18731091
1790115317449898926,8653017,7789115,3737,810354,40661,18731091
1790115317564891432,8653757,7789238,3737,810960,40662,18731091
1790115317683408592,8654519,7789395,3737,811560,40662,18731091
1790115317801954671,8655272,7789529,3737,812177,40662,18731091
1790115317919644281,8656027,7789614,3737,812842,40662,18731091
1790115318037279147,8656766,7789768,3737,813438,40663,18731091
1790115318154944010,8657522,7789881,3737,814069,40663,18731091
1790115318272952620,8658280,7789954,3737,814748,40663,18731091
1790115318387909839,8659011,7790034,3737,815399,40664,18731091
1790115318506171597,8659773,7790156,3737,816033,40664,18731091
1790115318625405528,8660539,7790285,3737,816660,40665,18731091
1790115318743763081,8661287,7790416,3737,817280,40665,18731091
1790115318862105519,8662049,7790603,3737,817848,40667,18731091
1790115318979338142,8662806,7790708,3737,818487,40667,18731091
1790115319097379294,8663565,7790780,3737,819167,40667,18731091
1790115319212291344,8664308,7790858,3737,819821,40667,18731091
1790115319330740971,8665071,7790963,3737,820467,40667,18731091
1790115319445020883,8665801,7791168,3737,820993,40668,18731091
1790115319559334412,8666530,7791309,3737,821576,40669,18731091
1790115319677480593,8667283,7791454,3737,822181,40670,18731091
1790115319794306683,8668025,7791603,3737,822775,40672,18731091
1790115319912426729,8668787,7791693,3737,823437,40672,18731091
1790115320027049048,8669505,7791771,3737,824088,40673,18731091
1790115320145008129,8670259,7791896,3737,824715,40673,18731091
1790115320263120768,8671008,7792084,3737,825278,40673,18731091
1790115320380332476,8671752,7792225,3737,825881,40674,18731091
1790115320498533263,8672503,7792307,3737,826550,40674,18731091
1790115320614562957,8673247,7792454,3737,827140,40675,18731091
1790115320729958880,8673986,7792595,3737,827731,40675,18731091
1790115320844285841,8674719,7792636,3737,828423,40675,18731091
1790115320961062454,8675470,7792747,3737,829054,40675,18731091
1790115321079247009,8676222,7792867,3737,829685,40676,18731091
1790115321197526404,8676971,7792998,3737,830305,40677,18731091
1790115321316204577,8677727,7793082,3737,830978,40677,18731091
1790115321433433873,8678487,7793254,3737,831549,40677,18731091
1790115321551596586,8679236,7793411,3737,832142,40677,18731091
1790115321666213808,8679964,7793436,3737,832850,40678,18731091
1790115321783335737,8680719,7793569,3737,833462,40678,18731091
1790115321901458408,8681481,7793652,3737,834130,40678,18731091
1790115322019573705,8682243,7793780,3737,834752,40678,18731091
1790115322136817532,8682980,7793905,3737,835371,40678,18731091
1790115322254820682,8683744,7794038,3737,835989,40678,18731091
1790115322372941793,8684496,7794239,3737,836538,40679,18731091
1790115322488890518,8685237,7794283,3737,837234,40679,18731091
1790115322606063440,8685987,7794367,3737,837900,40679,18731091
1790115322719931741,8686713,7794506,3737,838480,40679,18731091
1790115322838041550,8687463,7794630,3737,839111,40681,18731091
1790115322956223237,8688215,7794784,3737,839707,40681,18731091
1790115323074202533,8688958,7794980,3737,840258,40684,18731091
1790115323192626252,8689722,7795073,3737,840919,40684,18731091
1790115323305833922,8690448,7795127,3737,841583,40684,18731091
1790115323420873912,8691198,7795201,3737,842240,40684,18731091
1790115323539005096,8691956,7795332,3737,842867,40684,18731091
1790115323657400122,8692716,7795479,3737,843468,40685,18731091
1790115323775750038,8693471,7795622,3737,844078,40685,18731091
1790115323895077787,8694239,7795776,3737,844684,40686,18731091
1790115324012738603,8694989,7795871,3737,845333,40687,18731091
1790115324130611570,8695746,7795989,3737,845967,40687,18731091
1790115324244988316,8696480,7796075,3737,846611,40687,18731091
1790115324363405350,8697242,7796196,3737,847241,40687,18731091
1790115324480969685,8697976,7796336,3737,847843,40690,18731091
1790115324598825817,8698735,7796426,3737,848504,40690,18731091
1790115324716559904,8699484,7796609,3737,849072,40691,18731091
1790115324832876327,8700227,7796747,3737,849671,40691,18731091
1790115324956575864,8701019,7796874,3737,850333,40691,18731091
1790115325082302280,8701823,7796963,3737,851044,40691,18731091
1790115325202428980,8702597,7797102,3737,851669,40692,18731091
1790115325320530641,8703354,7797233,3737,852288,40692,18731091
1790115325438673789,8704107,7797318,3737,852956,40692,18731091
1790115325553718775,8704846,7797476,3737,853526,40693,18731091
1790115325671703290,8705599,7797589,3737,854165,40693,18731091
1790115325789771192,8706353,7797668,3737,854838,40693,18731091
1790115325904375942,8707082,7797747,3737,855488,40694,18731091
1790115326023142026,8707839,7797897,3737,856098,40694,18731091
1790115326142196128,8708600,7798009,3737,856741,40694,18731091
1790115326260578704,8709362,7798135,3737,857366,40694,18731091
1790115326376208523,8710090,7798336,3737,857901,40695,18731091
1790115326493276509,8710835,7798446,3737,858535,40695,18731091
1790115326611249848,8711589,7798526,3737,859207,40695,18731091
1790115326726106167,8712317,7798611,3737,859852,40696,18731091
1790115326844260784,8713080,7798683,3737,860531,40697,18731091
1790115326956570125,8713800,7798848,3737,861079,40697,18731091
1790115327073654673,8714546,7798963,3737,861707,40698,18731091
1790115327192059931,8715304,7799128,3737,862299,40698,18731091
1790115327309225160,8716046,7799267,3737,862902,40700,18731091
1790115327427530826,8716804,7799349,3737,863572,40700,18731091
1790115327542753190,8717533,7799415,3737,864237,40700,18731091
1790115327661062363,8718283,7799502,3737,864907,40701,18731091
1790115327778972055,8719037,7799664,3737,865489,40701,18731091
1790115327891232220,8719758,7799820,3737,866051,40701,18731091
1790115328009392777,8720520,7799945,3737,866678,40702,18731091
1790115328127581793,8721268,7800090,3737,867282,40702,18731091
1790115328244002232,8722009,7800216,3737,867899,40703,18731091
1790115328358608119,8722738,7800243,3737,868600,40704,18731091
1790115328474097377,8723468,7800421,3737,869158,40705,18731091
1790115328592813531,8724221,7800529,3737,869802,40705,18731091
1790115328708897906,8724959,7800690,3737,870378,40706,18731091
1790115328827240872,8725714,7800821,3737,871003,40707,18731091
1790115328945610566,8726476,7800976,3737,871596,40708,18731091
1790115329063934252,8727231,7801135,3737,872187,40708,18731091
1790115329179080943,8727967,7801168,3737,872895,40708,18731091
1790115329294978053,8728699,7801246,3737,873548,40709,18731091
1790115329411353998,8729441,7801403,3737,874135,40710,18731091
1790115329529543094,8730201,7801557,3737,874729,40711,18731091
1790115329647661965,8730958,7801677,3737,875360,40712,18731091
1790115329766072375,8731711,7801798,3737,875995,40712,18731091
1790115329884071154,8732467,7801924,3737,876618,40712,18731091
1790115329998320697,8733195,7801985,3737,877286,40712,18731091
1790115330113385937,8733944,7802067,3737,877933,40713,18731091
1790115330231421459,8734699,7802185,3737,878566,40713,18731091
1790115330349532676,8735460,7802342,3737,879158,40713,18731091
1790115330473121496,8736253,7802498,3737,879790,40713,18731091
1790115330592418073,8737019,7802617,3737,880427,40714,18731091
1790115330710314399,8737770,7802746,3737,881051,40714,18731091
1790115330828904774,8738533,7802851,3737,881697,40714,18731091
1790115330943978130,8739265,7802949,3737,882330,40715,18731091
1790115331062307443,8740025,7803076,3737,882959,40715,18731091
1790115331180739808,8740782,7803200,3737,883585,40716,18731091
1790115331298794583,8741537,7803331,3737,884208,40716,18731091
1790115331413354916,8742274,7803506,3737,884762,40716,18731091
1790115331530680913,8743024,7803658,3737,885355,40716,18731091
1790115331649125506,8743776,7803740,3737,886031,40716,18731091
1790115331764024556,8744512,7803818,3737,886684,40717,18731091
1790115331882359718,8745275,7803947,3737,887314,40717,18731091
1790115332002011035,8746041,7804072,3737,887944,40717,18731091
1790115332120364166,8746803,7804175,3737,888593,40717,18731091
1790115332235843892,8747536,7804341,3737,889161,40717,18731091
1790115332353793554,8748284,7804457,3737,889791,40718,18731091
1790115332472291138,8749040,7804542,3737,890464,40719,18731091
1790115332586971909,8749767,7804625,3737,891106,40719,18731091
1790115332705088342,8750522,7804756,3737,891729,40720,18731091
1790115332819598368,8751258,7804949,3737,892263,40720,18731091
1790115332937461159,8752015,7805087,3737,892874,40722,18731091
1790115333055822461,8752767,7805251,3737,893462,40722,18731091
1790115333172599136,8753507,7805394,3737,894061,40723,18731091
1790115333290715213,8754260,7805473,3737,894733,40723,18731091
1790115333405767473,8754998,7805537,3737,895400,40724,18731091
1790115333523282186,8755738,7805624,3737,896064,40724,18731091
1790115333641702525,8756496,7805705,3737,896735,40724,18731091
1790115333756635577,8757241,7805789,3737,897382,40725,18731091
1790115333874663159,8757988,7805946,3737,897974,40725,18731091
1790115333989579280,8758724,7805968,3737,898686,40725,18731091
1790115334104439279,8759444,7806066,3737,899318,40727,18731091
1790115334221880910,8760191,7806229,3737,899899,40727,18731091
1790115334336613128,8760920,7806272,3737,900589,40728,18731091
1790115334452113027,8761664,7806428,3737,901167,40730,18731091
1790115334570286122,8762420,7806506,3737,901840,40730,18731091
1790115334684905626,8763157,7806562,3737,902510,40730,18731091
1790115334803567987,8763914,7806656,3737,903174,40730,18731091
1790115334921951321,8764670,7806732,3737,903850,40730,18731091
1790115335048294032,8765481,7806831,3737,904558,40731,18731091
1790115335166566417,8766240,7807032,3737,905107,40731,18731091
1790115335281414707,8766976,7807088,3737,905785,40731,18731091
1790115335397569321,8767718,7807182,3737,906428,40732,18731091
1790115335515580663,8768474,7807341,3737,907020,40732,18731091
1790115335633525578,8769233,7807384,3737,907730,40732,18731091
1790115335750272865,8769978,7807500,3737,908356,40733,18731091
1790115335868519677,8770737,7807613,3737,908996,40733,18731091
1790115335983569897,8771473,7807674,3737,909665,40733,18731091
1790115336101802669,8772231,7807764,3737,910326,40733,18731091
1790115336218587218,8772975,7807836,3737,910994,40739,18731091
1790115336333676209,8773718,7807945,3737,911591,40765,18731091
1790115336447818925,8774470,7808215,3737,912025,40777,18731091
1790115336565985201,8775203,7808503,3737,912464,40790,18731091
1790115336682304647,8775938,7808755,3737,912929,40801,18731091
1790115336799449975,8776691,7809017,3737,913383,40819,18731091
1790115336916474759,8777424,7809269,3737,913844,40834,18731091
1790115337031747051,8778157,7809476,3737,914354,40843,18731091
1790115337147204349,8778890,7809735,3737,914804,40853,18731091
1790115337264512439,8779617,7809988,3737,915270,40866,18731091
1790115337380572718,8780325,7810239,3737,915733,40879,18731091
1790115337497271278,8781053,7810502,3737,916185,40895,18731091
1790115337615517478,8781809,7810745,3737,916668,40907,18731091
1790115337732579530,8782550,7810980,3737,917155,40920,18731091
1790115337850433890,8783302,7811282,3737,917581,40932,18731091
1790115337965674734,8784015,7811535,3737,918034,40947,18731091
1790115338079512887,8784730,7811780,3737,918483,40963,18731091
1790115338195292696,8785455,7812042,3737,918933,40976,18731091
1790115338311728029,8786217,7812285,3737,919410,40986,18731091
1790115338428558020,8786961,7812528,3737,919888,40998,18731091
1790115338547512728,8787710,7812810,3737,920337,41012,18731091
1790115338664299432,8788433,7813079,3737,920790,41022,18731091
1790115338781195724,8789180,7813336,3737,921248,41037,18731091
1790115338898185955,8789917,7813586,3737,921715,41053,18731091
1790115339014694249,8790637,7813841,3737,922181,41065,18731091
1790115339137813897,8791446,7814088,3737,922683,41086,18731091
1790115339256326169,8792206,7814363,3737,923131,41101,18731091
1790115339372657761,8792935,7814636,3737,923573,41115,18731091
1790115339490282699,8793684,7814895,3737,924035,41130,18731091
1790115339606991405,8794397,7815151,3737,924495,41144,18731091
1790115339724348705,8795122,7815419,3737,924950,41156,18731091
1790115339840629376,8795852,7815660,3737,925427,41168,18731091
1790115339955413604,8796568,7815923,3737,925868,41180,18731091
1790115340071832714,8797301,7816188,3737,926313,41197,18731091
1790115340187628463,8798040,7816455,3737,926758,41212,18731091
1790115340303034275,8798765,7816709,3737,927213,41223,18731091
1790115340419669739,8799496,7816947,3737,927695,41237,18731091
1790115340537349774,8800245,7817194,3737,928170,41253,18731091
1790115340653877791,8800971,7817463,3737,928606,41273,18731091
1790115340771376692,8801713,7817721,3737,929067,41287,18731091
1790115340887723862,8802441,7817966,3737,929536,41303,18731091
1790115341004702309,8803167,7818210,3737,930016,41312,18731091
1790115341121936460,8803915,7818441,3737,930506,41324,18731091
1790115341238708704,8804662,7818701,3737,930959,41340,18731091
1790115341354321603,8805395,7818978,3737,931393,41352,18731091
1790115341470942538,8806126,7819244,3737,931845,41364,18731091
1790115341586592241,8806867,7819506,3737,932293,41378,18731091
1790115341702462752,8807587,7819747,3737,932763,41393,18731091
1790115341818681854,8808329,7819994,3737,933233,41406,18731091
1790115341935203497,8809064,7820249,3737,933684,41428,18731091
1790115342052119775,8809792,7820497,3737,934130,41463,18731091
1790115342168761875,8810533,7820765,3737,934572,41484,18731091
1790115342285432107,8811259,7821035,3737,935019,41497,18731091
1790115342403577968,8812022,7821267,3737,935526,41503,18731091
1790115342521607120,8812773,7821530,3737,935985,41515,18731091
1790115342637093866,8813493,7821795,3737,936431,41528,18731091
1790115342753987570,8814233,7822052,3737,936887,41543,18731091
1790115342872095204,8814960,7822300,3737,937365,41556,18731091
1790115342988052486,8815687,7822550,3737,937827,41570,18731091
1790115343106125799,8816415,7822771,3737,938334,41582,18731091
1790115343224346740,8817150,7823029,3737,938807,41594,18731091
1790115343342233999,8817885,7823295,3737,939262,41609,18731091
1790115343459532439,8818622,7823568,3737,939708,41620,18731091
1790115343576622015,8819364,7823826,3737,940168,41635,18731091
1790115343693848686,8820119,7824085,3737,940632,41649,18731091
1790115343811609749,8820887,7824312,3737,941129,41662,18731091
1790115343932912674,8821647,7824565,3737,941614,41680,18731091
1790115344046156819,8822345,7824836,3737,942036,41695,18731091
1790115344162588843,8823057,7825102,3737,942487,41709,18731091
1790115344277172423,8823772,7825353,3737,942938,41721,18731091
1790115344393807584,8824498,7825630,3737,943385,41729,18731091
1790115344512404355,8825223,7825870,3737,943876,41742,18731091
1790115344628388421,8825961,7826122,3737,944336,41756,18731091
1790115344743841646,8826675,7826369,3737,944798,41770,18731091
1790115344860656601,8827404,7826629,3737,945258,41782,18731091
1790115344976927921,8828126,7826904,3737,945695,41793,18731091
1790115345092752034,8828845,7827153,3737,946163,41807,18731091
1790115345210014869,8829584,7827425,3737,946613,41817,18731091
1790115345327666383,8830328,7827680,3737,947079,41833,18731091
1790115345445461800,8831057,7827936,3737,947550,41842,18731091
1790115345563285307,8831795,7828215,3737,947990,41860,18731091
1790115345678836551,8832558,7828492,3737,948415,41881,18731091
1790115345796668032,8833301,7828725,3737,948904,41899,18731091
1790115345911397444,8834028,7828992,3737,949340,41916,18731091
1790115346027859346,8834752,7829261,3737,949787,41930,18731091
1790115346143987449,8835478,7829521,3737,950236,41945,18731091
1790115346259994118,8836205,7829778,3737,950688,41964,18731091
1790115346375071643,8836921,7830049,3737,951124,41976,18731091
1790115346490177071,8837637,7830293,3737,951592,41987,18731091
1790115346606726080,8838377,7830573,3737,952030,41997,18731091
1790115346722561434,8839114,7830833,3737,952484,42011,18731091
1790115346839423557,8839823,7831120,3737,952916,42022,18731091
1790115346953590086,8840559,7831382,3737,953352,42035,18731091
1790115347070120198,8841295,7831636,3737,953809,42055,18731091
1790115347186015327,8842044,7831860,3737,954304,42062,18731091
1790115347302870688,8842760,7832117,3737,954762,42079,18731091
1790115347419726286,8843471,7832375,3737,955224,42089,18731091
1790115347535978075,8844184,7832655,3737,955657,42102,18731091
1790115347652942661,8844896,7832914,3737,956116,42114,18731091
1790115347772603891,8845634,7833160,3737,956608,42126,18731091
1790115347888772695,8846342,7833396,3737,957087,42138,18731091
1790115348002103075,8847058,7833650,3737,957528,42154,18731091
1790115348118388011,8847807,7833904,3737,957990,42167,18731091
1790115348233839367,8848528,7834153,3737,958447,42180,18731091
1790115348350343035,8849253,7834397,3737,958921,42190,18731091
1790115348466658349,8849973,7834648,3737,959389,42203,18731091
1790115348585106390,8850750,7834902,3737,959862,42216,18731091
1790115348701554728,8851485,7835160,3737,960321,42230,18731091
1790115348818444979,8852218,7835414,3737,960779,42247,18731091
1790115348934532342,8852931,7835682,3737,961228,42258,18731091
1790115349051400538,8853641,7835923,3737,961705,42271,18731091
1790115349167008742,8854371,7836145,3737,962195,42284,18731091
1790115349284659550,8855114,7836404,3737,962662,42297,18731091
1790115349399863125,8855832,7836667,3737,963105,42308,18731091
1790115349516213649,8856565,7836937,3737,963545,42325,18731091
1790115349632527293,8857311,7837202,3737,963990,42342,18731091
1790115349748517361,8858047,7837471,3737,964434,42356,18731091
1790115349866688820,8858800,7837664,3737,964891,42449,18731091
1790115349981404403,8859532,7837903,3737,965355,42465,18731091
1790115350098389895,8860273,7838153,3737,965823,42479,18731091
1790115350212384293,8860994,7838421,3737,966253,42493,18731091
1790115350329461647,8861713,7838686,3737,966708,42508,18731091
1790115350446991287,8862454,7838938,3737,967178,42521,18731091
1790115350561668609,8863171,7839174,3737,967650,42533,18731091
1790115350678840463,8863916,7839429,3737,968117,42544,18731091
1790115350795439406,8864650,7839687,3737,968572,42558,18731091
1790115350911939076,8865364,7839946,3737,969027,42572,18731091
1790115351028593716,8866106,7840191,3737,969499,42586,18731091
1790115351145794458,8866838,7840435,3737,969976,42600,18731091
1790115351261931004,8867559,7840675,3737,970456,42609,18731091
1790115351378931636,8868292,7840939,3737,970907,42626,18731091
1790115351493031557,8869011,7841224,3737,971326,42637,18731091
1790115351609785086,8869722,7841489,3737,971777,42653,18731091
1790115351726546834,8870465,7841759,3737,972227,42665,18731091
1790115351840323001,8871174,7842014,3737,972666,42679,18731091
1790115351957640277,8871890,7842275,3737,973127,42695,18731091
1790115352074168371,8872608,7842533,3737,973578,42716,18731091
1790115352189776465,8873327,7842802,3737,974024,42727,18731091
1790115352305115384,8874041,7843044,3737,974485,42744,18731091
1790115352419665406,8874766,7843304,3737,974928,42757,18731091
1790115352536068365,8875485,7843540,3737,975410,42768,18731091
1790115352653618561,8876230,7843822,3737,975857,42780,18731091
1790115352768976190,8876971,7844076,3737,976308,42792,18731091
1790115352885350272,8877716,7844324,3737,976773,42806,18731091
1790115353002309615,8878462,7844590,3737,977228,42817,18731091
1790115353118752722,8879170,7844840,3737,977693,42830,18731091
1790115353237773139,8879928,7845072,3737,978154,42884,18731091
1790115353353032078,8880640,7845313,3737,978595,42928,18731091
1790115353468459729,8881377,7845583,3737,979033,42940,18731091
1790115353585076265,8882094,7845862,3737,979471,42952,18731091
1790115353701328845,8882821,7846130,3737,979913,42971,18731091
1790115353816717594,8883542,7846378,3737,980379,42979,18731091
1790115353930383651,8884279,7846602,3737,980853,42993,18731091
1790115354047824169,8885011,7846863,3737,981317,43004,18731091
1790115354163061436,8885734,7847112,3737,981772,43019,18731091
1790115354276267576,8886433,7847376,3737,982202,43034,18731091
1790115354391355186,8887176,7847627,3737,982653,43051,18731091
1790115354505654893,8887897,7847896,3737,983089,43066,18731091
1790115354621917716,8888603,7848128,3737,983571,43080,18731091
1790115354739591701,8889336,7848377,3737,984042,43093,18731091
1790115354855623256,8890062,7848657,3737,984478,43105,18731091
1790115354971929573,8890807,7848926,3737,984920,43119,18731091
1790115355089069291,8891539,7849176,3737,985387,43133,18731091
1790115355203228120,8892254,7849426,3737,985839,43148,18731091
1790115355320349338,8892998,7849681,3737,986308,43160,18731091
1790115355436626410,8893716,7849947,3737,986755,43174,18731091
1790115355553694702,8894454,7850218,3737,987202,43187,18731091
1790115355667286782,8895179,7850476,3737,987641,43201,18731091
1790115355783618730,8895908,7850744,3737,988088,43218,18731091
1790115355898833745,8896615,7850992,3737,988551,43228,18731091
1790115356014659027,8897339,7851217,3737,988976,43302,18731091
1790115356131684983,8898071,7851468,3737,989439,43321,18731091
1790115356246103146,8898774,7851743,3737,989864,43336,18731091
1790115356362576179,8899509,7851996,3737,990325,43351,18731091
1790115356475642112,8900214,7852289,3737,990728,43363,18731091
1790115356590317726,8900933,7852546,3737,991179,43373,18731091
1790115356709733677,8901690,7852803,3737,991660,43385,18731091
1790115356824644779,8902384,7853083,3737,992085,43398,18731091
1790115356940475553,8903103,7853348,3737,992535,43409,18731091
1790115357060897087,8903829,7853615,3737,993005,43423,18731091
1790115357176701174,8904556,7853860,3737,993471,43441,18731091
1790115357293765510,8905326,7854086,3737,993967,43451,18731091
1790115357410828854,8906082,7854334,3737,994438,43465,18731091
1790115357526598716,8906817,7854626,3737,994856,43480,18731091
1790115357642549843,8907540,7854875,3737,995318,43493,18731091
1790115357758535691,8908245,7855137,3737,995768,43507,18731091
1790115357874813848,8908969,7855381,3737,996238,43521,18731091
1790115357992425079,8909708,7855601,3737,996679,43598,18731091
1790115358106832330,8910434,7855853,3737,997128,43615,18731091
1790115358222093876,8911160,7856131,3737,997554,43634,18731091
1790115358336659514,8911879,7856379,3737,998010,43647,18731091
1790115358452131544,8912590,7856633,3737,998461,43661,18731091
1790115358569101796,8913319,7856884,3737,998930,43672,18731091
1790115358682940549,8914038,7857173,3737,999349,43682,18731091
1790115358799093084,8914763,7857449,3737,999778,43701,18731091
1790115358915170973,8915508,7857698,3737,1000242,43717,18731091
1790115359030822420,8916247,7857945,3737,1000702,43732,18731091
1790115359146968196,8916980,7858197,3737,1001159,43748,18731091
1790115359263206087,8917712,7858439,3737,1001640,43759,18731091
1790115359378896368,8918430,7858669,3737,1002118,43771,18731091
1790115359495791638,8919176,7858919,3737,1002581,43787,18731091
1790115359611068682,8919899,7859167,3737,1003043,43800,18731091
1790115359726219536,8920630,7859445,3737,1003477,43813,18731091
1790115359842088273,8921342,7859690,3737,1003935,43828,18731091
1790115359957791140,8922084,7859940,3737,1004397,43840,18731091
1790115360076434080,8922850,7860180,3737,1004895,43849,18731091
1790115360192872522,8923555,7860430,3737,1005357,43862,18731091
1790115360309357705,8924287,7860679,3737,1005826,43874,18731091
1790115360425137798,8925020,7860937,3737,1006275,43889,18731091
1790115360540799162,8925760,7861203,3737,1006720,43904,18731091
1790115360657239285,8926488,7861444,3737,1007195,43919,18731091
1790115360771348398,8927187,7861670,3737,1007601,44004,18731091
1790115360887561877,8927909,7861943,3737,1008042,44016,18731091
1790115361002399352,8928652,7862204,3737,1008482,44032,18731091
1790115361118199553,8929383,7862468,3737,1008928,44047,18731091
1790115361234438417,8930110,7862728,3737,1009383,44060,18731091
1790115361352008871,8930862,7862958,3737,1009883,44068,18731091
1790115361468520723,8931570,7863220,3737,1010340,44078,18731091
1790115361583706849,8932299,7863474,3737,1010789,44094,18731091
1790115361699722286,8933018,7863740,3737,1011239,44106,18731091
1790115361814922396,8933759,7864014,3737,1011670,44121,18731091
1790115361931824567,8934473,7864279,3737,1012128,44133,18731091
1790115362047930233,8935204,7864501,3737,1012621,44144,18731091
1790115362164947411,8935920,7864744,3737,1013095,44157,18731091
1790115362280351752,8936650,7865008,3737,1013539,44171,18731091
1790115362395750357,8937390,7865265,3737,1013987,44187,18731091
1790115362509913501,8938092,7865517,3737,1014435,44201,18731091
1790115362623863346,8938800,7865767,3737,1014887,44216,18731091
1790115362737639160,8939510,7865986,3737,1015373,44224,18731091
1790115362854125554,8940243,7866246,3737,1015828,44239,18731091
1790115362967556207,8940966,7866500,3737,1016267,44255,18731091
1790115363086367346,8941704,7866772,3737,1016725,44268,18731091
1790115363202663825,8942434,7867036,3737,1017173,44284,18731091
1790115363319867293,8943173,7867296,3737,1017637,44297,18731091
1790115363435450814,8943898,7867511,3737,1018057,44384,18731091
1790115363552645156,8944656,7867782,3737,1018505,44400,18731091
1790115363668353598,8945363,7868029,3737,1018964,44414,18731091
1790115363784343845,8946090,7868283,3737,1019424,44427,18731091
1790115363899828624,8946796,7868533,3737,1019879,44442,18731091
1790115364015667780,8947518,7868794,3737,1020329,44456,18731091
1790115364130642173,8948236,7869030,3737,1020808,44466,18731091
1790115364246322554,8948966,7869304,3737,1021239,44481,18731091
1790115364362059948,8949688,7869572,3737,1021679,44498,18731091
1790115364477885292,8950426,7869844,3737,1022119,44512,18731091
1790115364593084392,8951137,7870125,3737,1022540,44529,18731091
1790115364710464962,8951874,7870399,3737,1022987,44542,18731091
1790115364830182228,8952613,7870647,3737,1023479,44557,18731091
1790115364945327784,8953342,7870893,3737,1023936,44571,18731091
1790115365061456659,8954066,7871148,3737,1024396,44582,18731091
1790115365177757133,8954795,7871406,3737,1024857,44591,18731091
1790115365292253926,8955527,7871668,3737,1025299,44603,18731091
1790115365410275206,8956293,7871909,3737,1025783,44617,18731091
1790115365524407520,8957020,7872155,3737,1026238,44631,18731091
1790115365641131898,8957751,7872450,3737,1026662,44645,18731091
1790115365757045906,8958469,7872713,3737,1027107,44659,18731091
1790115365872559636,8959201,7872976,3737,1027552,44673,18731091
1790115365989187840,8959921,7873264,3737,1027984,44687,18731091
1790115366107671657,8960671,7873520,3737,1028455,44700,18731091
1790115366222425808,8961383,7873746,3737,1028854,44797,18731091
1790115366338223976,8962107,7874010,3737,1029302,44812,18731091
1790115366454872875,8962863,7874267,3737,1029759,44828,18731091
1790115366570884407,8963587,7874525,3737,1030210,44840,18731091
1790115366687918493,8964328,7874784,3737,1030670,44857,18731091
1790115366804373024,8965058,7875007,3737,1031162,44871,18731091
1790115366922257895,8965812,7875303,3737,1031601,44882,18731091
1790115367039203044,8966551,7875575,3737,1032041,44895,18731091
1790115367156083087,8967307,7875831,3737,1032495,44917,18731091
1790115367273204491,8968074,7876086,3737,1032963,44926,18731091
1790115367388233689,8968803,7876331,3737,1033427,44937,18731091
1790115367504311451,8969530,7876553,3737,1033922,44948,18731091
1790115367618875291,8970245,7876799,3737,1034381,44961,18731091
1790115367735221132,8970967,7877060,3737,1034835,44974,18731091
1790115367850597587,8971688,7877334,3737,1035272,44983,18731091
1790115367966516353,8972387,7877619,3737,1035697,44998,18731091
1790115368083558711,8973128,7877891,3737,1036147,45010,18731091
1790115368199356287,8973883,7878159,3737,1036531,45086,18731091
1790115368313774179,8974598,7878414,3737,1036970,45109,18731091
1790115368429172111,8975333,7878664,3737,1037430,45121,18731091
1790115368544437721,8976048,7878922,3737,1037879,45135,18731091
1790115368658864171,8976770,7879171,3737,1038338,45146,18731091
1790115368775015835,8977501,7879430,3737,1038791,45160,18731091
1790115368889763902,8978234,7879668,3737,1039261,45171,18731091
1790115369006103137,8978956,7879923,3737,1039721,45186,18731091
1790115369121599650,8979682,7880174,3737,1040176,45201,18731091
1790115369236301655,8980400,7880428,3737,1040619,45221,18731091
1790115369350933914,8981124,7880676,3737,1041074,45235,18731091
1790115369468587641,8981850,7880936,3737,1041541,45244,18731091
1790115369585515804,8982591,7881542,3737,1041664,45251,18760275
1790115369700198864,8983326,7881929,3737,1042003,45253,18765011
1790115369816845482,8984075,7882029,3737,1042623,45271,18765011
1790115369934872955,8984833,7882104,3737,1043273,45298,18765011
1790115370049957306,8985570,7882201,3737,1043907,45299,18765011
1790115370168181149,8986330,7882363,3737,1044501,45299,18765011
1790115370283831192,8987069,7882430,3737,1045169,45299,18765011
1790115370398735679,8987815,7882542,3737,1045787,45299,18765011
1790115370516805530,8988571,7882710,3737,1046370,45299,18765011
1790115370631298557,8989301,7882800,3737,1047014,45299,18765011
1790115370749332057,8990060,7882917,3737,1047644,45301,18765011
1790115370865165283,8990793,7883032,3737,1048267,45302,18765011
1790115370979860530,8991527,7883089,3737,1048936,45302,18765011
1790115371096881930,8992281,7883203,3737,1049567,45302,18765011
1790115371214902726,8993036,7883282,3737,1050239,45302,18765011
1790115371329665806,8993767,7883355,3737,1050898,45303,18765011
1790115371447182926,8994520,7883439,3737,1051562,45303,18765011
1790115371565115836,8995280,7883518,3737,1052235,45303,18765011
1790115371679290118,8996022,7883597,3737,1052876,45308,18765011
1790115371797223036,8996784,7883712,3737,1053472,45349,18765011
1790115371911964238,8997517,7883751,3737,1054160,45349,18765011
1790115372026721735,8998245,7883838,3737,1054796,45356,18765011
1790115372144815265,8998996,7883972,3737,1055413,45357,18765011
1790115372259279182,8999724,7884008,3737,1056110,45357,18765011
1790115372377301061,9000482,7884131,3737,1056735,45358,18765011
1790115372493319758,9001223,7884243,3737,1057362,45358,18765011
1790115372607754355,9001958,7884283,3737,1058049,45358,18765011
1790115372724526773,9002708,7884394,3737,1058682,45358,18765011
1790115372842594266,9003461,7884479,3737,1059349,45359,18765011
1790115372957350013,9004201,7884541,3737,1060017,45359,18765011
1790115373075412773,9004956,7884638,3737,1060671,45360,18765011
1790115373193342108,9005710,7884817,3737,1061242,45360,18765011
1790115373308602959,9006454,7884944,3737,1061846,45361,18765011
1790115373426940906,9007212,7885034,3737,1062510,45361,18765011
1790115373542200474,9007959,7885148,3737,1063130,45361,18765011
1790115373659555143,9008710,7885271,3737,1063752,45361,18765011
1790115373774243831,9009435,7885305,3737,1064450,45361,18765011
1790115373888315746,9010162,7885422,3737,1065059,45362,18765011
1790115374006307958,9010921,7885498,3737,1065734,45362,18765011
1790115374122883750,9011662,7885628,3737,1066342,45363,18765011
1790115374240567069,9012415,7885760,3737,1066960,45363,18765011
1790115374364839269,9013205,7885887,3737,1067620,45365,18765011
1790115374485962946,9013978,7886078,3737,1068198,45365,18765011
1790115374602086068,9014721,7886150,3737,1068873,45365,18765011
1790115374718923358,9015467,7886274,3737,1069485,45366,18765011
1790115374832877312,9016195,7886394,3737,1070090,45366,18765011
1790115374950979578,9016962,7886520,3737,1070715,45366,18765011
1790115375069382239,9017721,7886666,3737,1071325,45366,18765011
1790115375187344402,9018473,7886784,3737,1071957,45367,18765011
1790115375305392193,9019228,7886870,3737,1072622,45367,18765011
1790115375419387506,9019958,7886939,3737,1073280,45367,18765011
1790115375534558842,9020696,7887022,3737,1073926,45367,18765011
1790115375652941599,9021451,7887170,3737,1074529,45367,18765011
1790115375771068451,9022209,7887316,3737,1075138,45368,18765011
1790115375887171251,9022951,7887404,3737,1075790,45368,18765011
1790115376005137972,9023695,7887602,3737,1076340,45369,18765011
1790115376122363152,9024445,7887744,3737,1076941,45370,18765011
1790115376240575013,9025200,7887826,3737,1077611,45370,18765011
1790115376355171385,9025930,7887890,3737,1078278,45370,18765011
1790115376473220890,9026683,7888014,3737,1078905,45370,18765011
1790115376591172499,9027437,7888179,3737,1079490,45371,18765011
1790115376707372559,9028189,7888308,3737,1080098,45372,18765011
1790115376825447212,9028938,7888382,3737,1080774,45373,18765011
1790115376943589769,9029705,7888508,3737,1081398,45373,18765011
1790115377060569203,9030456,7888656,3737,1081995,45373,18765011
1790115377181562826,9031229,7888687,3737,1082736,45373,18765011
1790115377295560381,9031959,7888815,3737,1083331,45375,18765011
1790115377413572274,9032713,7888914,3737,1083984,45375,18765011
1790115377531763850,9033466,7889063,3737,1084584,45376,18765011
1790115377652578729,9034240,7889203,3737,1085213,45376,18765011
1790115377770563409,9034991,7889368,3737,1085795,45378,18765011
1790115377888795664,9035743,7889495,3737,1086419,45379,18765011
1790115378005209809,9036486,7889517,3737,1087144,45379,18765011
1790115378120048121,9037223,7889596,3737,1087794,45380,18765011
1790115378237923651,9037981,7889730,3737,1088405,45380,18765011
1790115378356044927,9038741,7889855,3737,1089033,45383,18765011
1790115378474224851,9039501,7889974,3737,1089664,45383,18765011
1790115378591883338,9040253,7890118,3737,1090264,45383,18765011
1790115378710145939,9041007,7890207,3737,1090932,45383,18765011
1790115378828082456,9041759,7890279,3737,1091612,45383,18765011
1790115378942717297,9042480,7890367,3737,1092247,45385,18765011
1790115379060699721,9043232,7890498,3737,1092867,45386,18765011
1790115379178686089,9043977,7890655,3737,1093458,45387,18765011
1790115379297102864,9044738,7890781,3737,1094089,45387,18765011
1790115379415419946,9045488,7890951,3737,1094669,45388,18765011
1790115379533563807,9046249,7891057,3737,1095311,45390,18765011
1790115379655575026,9047030,7891140,3737,1096006,45390,18765011
1790115379782781917,9047846,7891244,3737,1096705,45394,18765011
1790115379907305149,9048648,7891374,3737,1097373,45394,18765011
1790115380026088133,9049410,7891523,3737,1097978,45394,18765011
1790115380144557375,9050170,7891610,3737,1098642,45395,18765011
1790115380264569811,9050922,7891746,3737,1099268,45396,18765011
1790115380382362589,9051687,7891851,3737,1099914,45396,18765011
1790115380502766224,9052453,7891949,3737,1100580,45396,18765011
1790115380624020157,9053232,7892039,3737,1101266,45396,18765011
1790115380745240783,9054006,7892166,3737,1101909,45396,18765011
1790115380864895484,9054770,7892294,3737,1102538,45398,18765011
1790115380984136964,9055525,7892383,3737,1103212,45398,18765011
1790115381106560758,9056317,7892543,3737,1103829,45398,18765011
1790115381223446663,9057072,7892663,3737,1104452,45399,18765011
1790115381348599142,9057869,7892772,3737,1105138,45399,18765011
1790115381469578156,9058642,7892867,3737,1105812,45399,18765011
1790115381587690198,9059399,7892980,3737,1106453,45399,18765011
1790115381707562790,9060175,7893108,3737,1107087,45399,18765011
1790115381826126017,9060925,7893200,3737,1107753,45400,18765011
1790115381944454016,9061694,7893368,3737,1108335,45400,18765011
1790115382061474419,9062446,7893472,3737,1108975,45400,18765011
1790115382179521033,9063200,7893547,3737,1109651,45401,18765011
1790115382294224666,9063939,7893600,3737,1110330,45401,18765011
1790115382412308251,9064690,7893690,3737,1110989,45402,18765011
1790115382530794562,9065455,7893833,3737,1111596,45402,18765011
1790115382647596157,9066198,7893933,3737,1112240,45403,18765011
1790115382765454378,9066948,7894064,3737,1112858,45404,18765011
1790115382882711791,9067702,7894183,3737,1113483,45404,18765011
1790115383000661624,9068459,7894259,3737,1114159,45404,18765011
1790115383115154073,9069189,7894313,3737,1114836,45404,18765011
1790115383232936754,9069946,7894412,3737,1115481,45405,18765011
1790115383351174321,9070700,7894532,3737,1116117,45405,18765011
1790115383465969276,9071431,7894668,3737,1116706,45406,18765011
1790115383583981882,9072188,7894736,3737,1117391,45406,18765011
1790115383702282244,9072944,7894862,3737,1118021,45406,18765011
1790115383819759058,9073697,7894986,3737,1118641,45407,18765011
1790115383933974668,9074431,7895013,3737,1119341,45407,18765011
1790115384049101885,9075175,7895136,3737,1119955,45408,18765011
1790115384167035133,9075932,7895209,3737,1120633,45408,18765011
1790115384282571139,9076672,7895349,3737,1121221,45409,18765011
1790115384399255168,9077418,7895480,3737,1121835,45409,18765011
1790115384517773631,9078186,7895667,3737,1122397,45409,18765011
1790115384635916318,9078934,7895804,3737,1123017,45410,18765011
1790115384750689606,9079670,7895837,3737,1123712,45410,18765011
1790115384865368337,9080399,7895917,3737,1124361,45411,18765011
1790115384983809122,9081152,7896054,3737,1124974,45412,18765011
1790115385101799659,9081908,7896209,3737,1125570,45412,18765011
1790115385220197640,9082664,7896331,3737,1126209,45412,18765011
1790115385338818526,9083407,7896466,3737,1126817,45414,18765011
1790115385456576092,9084159,7896577,3737,1127457,45415,18765011
1790115385574830439,9084912,7896683,3737,1128103,45415,18765011
1790115385689711507,9085637,7896795,3737,1128721,45415,18765011
1790115385807700182,9086393,7896932,3737,1129338,45415,18765011
1790115385925943824,9087145,7897056,3737,1129961,45416,18765011
1790115386043911421,9087902,7897142,3737,1130625,45416,18765011
1790115386162060712,9088653,7897284,3737,1131238,45417,18765011
1790115386279084212,9089400,7897405,3737,1131861,45418,18765011
1790115386397030605,9090155,7897515,3737,1132503,45418,18765011
1790115386511589914,9090889,7897594,3737,1133148,45419,18765011
1790115386629114837,9091639,7897701,3737,1133792,45420,18765011
1790115386747163981,9092388,7897858,3737,1134384,45421,18765011
1790115386862466709,9093139,7897961,3737,1135013,45421,18765011
1790115386980637727,9093893,7898073,3737,1135653,45421,18765011
1790115387097883163,9094652,7898185,3737,1136287,45421,18765011
1790115387214654448,9095403,7898288,3737,1136925,45421,18765011
1790115387329117583,9096132,7898338,3737,1137608,45421,18765011
1790115387445462794,9096882,7898438,3737,1138245,45422,18765011
1790115387563541125,9097641,7898567,3737,1138868,45422,18765011
1790115387682090218,9098402,7898672,3737,1139516,45422,18765011
1790115387796174126,9099128,7898793,3737,1140123,45422,18765011
1790115387914200953,9099887,7898934,3737,1140731,45423,18765011
1790115388032165492,9100639,7899055,3737,1141360,45423,18765011
1790115388147424219,9101381,7899095,3737,1142054,45424,18765011
1790115388266087639,9102135,7899185,3737,1142718,45425,18765011
1790115388380519405,9102875,7899301,3737,1143329,45425,18765011
1790115388498646742,9103628,7899424,3737,1143955,45426,18765011
1790115388616832075,9104382,7899544,3737,1144585,45426,18765011
1790115388734934773,9105125,7899676,3737,1145202,45428,18765011
1790115388853522659,9105885,7899794,3737,1145841,45429,18765011
1790115388968587877,9106621,7899818,3737,1146550,45429,18765011
1790115389083441962,9107360,7899895,3737,1147205,45429,18765011
1790115389201534192,9108116,7900007,3737,1147842,45429,18765011
1790115389319200879,9108865,7900163,3737,1148436,45430,18765011
1790115389437406796,9109624,7900266,3737,1149085,45430,18765011
1790115389555686207,9110374,7900383,3737,1149716,45431,18765011
1790115389672723738,9111130,7900478,3737,1150367,45431,18765011
1790115389789547144,9111878,7900598,3737,1150992,45431,18765011
1790115389904245153,9112610,7900684,3737,1151637,45431,18765011
1790115390022429267,9113374,7900813,3737,1152259,45431,18765011
1790115390137187656,9114104,7900836,3737,1152969,45431,18765011
1790115390252324941,9114836,7900953,3737,1153582,45433,18765011
1790115390370448082,9115598,7901091,3737,1154196,45433,18765011
1790115390484924549,9116331,7901130,3737,1154885,45433,18765011
1790115390603397384,9117093,7901299,3737,1155470,45433,18765011
1790115390721150056,9117850,7901418,3737,1156102,45433,18765011
1790115390836324102,9118581,7901487,3737,1156764,45433,18765011
1790115390953343181,9119335,7901608,3737,1157385,45436,18765011
1790115391071383763,9120098,7901682,3737,1158062,45436,18765011
1790115391186106605,9120836,7901763,3737,1158713,45436,18765011
1790115391304617396,9121594,7901845,3737,1159381,45436,18765011
1790115391421321457,9122343,7901941,3737,1160031,45436,18765011
1790115391536317381,9123068,7902033,3737,1160669,45437,18765011
1790115391654702604,9123829,7902167,3737,1161285,45438,18765011
1790115391769064593,9124558,7902200,3737,1161986,45438,18765011
1790115391884765951,9125299,7902321,3737,1162595,45438,18765011
1790115392002909584,9126054,7902471,3737,1163195,45438,18765011
1790115392117518828,9126785,7902498,3737,1163902,45438,18765011
1790115392233553289,9127522,7902627,3737,1164510,45439,18765011
1790115392351571720,9128273,7902701,3737,1165187,45439,18765011
1790115392466305296,9129007,7902757,3737,1165864,45439,18765011
1790115392583782740,9129760,7902872,3737,1166494,45439,18765011
1790115392701761275,9130516,7902964,3737,1167153,45440,18765011
1790115392817338491,9131255,7903073,3737,1167785,45441,18765011
1790115392940984978,9132028,7903295,3737,1168171,45603,18765011
1790115393057265655,9132776,7903421,3737,1168327,46059,18765011
1790115393171169325,9133488,7903654,3737,1168788,46077,18765011
1790115393287112292,9134222,7903899,3737,1169254,46091,18765011
1790115393401159944,9134931,7904146,3737,1169710,46106,18765011
1790115393516682047,9135656,7904408,3737,1170154,46118,18765011
1790115393632627668,9136374,7904662,3737,1170618,46126,18765011
1790115393746849985,9137080,7904918,3737,1170999,46207,18765011
1790115393863699935,9137829,7905183,3737,1171446,46226,18765011
1790115393979752901,9138546,7905461,3737,1171882,46240,18765011
1790115394095586181,9139290,7905716,3737,1172340,46249,18765011
1790115394210553494,9140021,7905988,3737,1172777,46260,18765011
1790115394326793509,9140748,7906236,3737,1173251,46271,18765011
1790115394442174297,9141481,7906488,3737,1173702,46289,18765011
1790115394558111017,9142227,7906746,3737,1174151,46306,18765011
1790115394674348138,9142971,7906986,3737,1174622,46321,18765011
1790115394789768597,9143693,7907259,3737,1175058,46334,18765011
1790115394905385017,9144408,7907510,3737,1175526,46344,18765011
1790115395021996260,9145149,7907733,3737,1176019,46355,18765011
1790115395139879801,9145866,7907987,3737,1176491,46367,18765011
1790115395256534262,9146598,7908240,3737,1176947,46384,18765011
1790115395372591134,9147331,7908492,3737,1177411,46394,18765011
1790115395488230228,9148043,7908759,3737,1177853,46408,18765011
1790115395604442731,9148775,7909007,3737,1178325,46420,18765011
1790115395720844019,9149505,7909270,3737,1178777,46433,18765011
1790115395835417835,9150249,7909539,3737,1179215,46446,18765011
1790115395951630090,9150977,7909798,3737,1179661,46468,18765011
1790115396068985658,9151723,7910094,3737,1180082,46481,18765011
1790115396186369121,9152449,7910378,3737,1180521,46492,18765011
1790115396302308103,9153171,7910628,3737,1180985,46506,18765011
1790115396418758475,9153920,7910858,3737,1181476,46518,18765011
1790115396534996073,9154661,7911083,3737,1181891,46605,18765011
1790115396651980305,9155398,7911345,3737,1182344,46620,18765011
1790115396768375825,9156129,7911594,3737,1182808,46634,18765011
1790115396884628161,9156842,7911868,3737,1183251,46648,18765011
1790115396999946586,9157561,7912120,3737,1183707,46658,18765011
1790115397116510111,9158290,7912371,3737,1184176,46671,18765011
1790115397233407263,9159022,7912629,3737,1184634,46685,18765011
1790115397349854068,9159779,7912877,3737,1185094,46705,18765011
1790115397466215190,9160525,7913127,3737,1185556,46723,18765011
1790115397582724309,9161250,7913376,3737,1186023,46735,18765011
1790115397703550171,9162015,7913623,3737,1186519,46747,18765011
1790115397818658772,9162727,7913868,3737,1186988,46758,18765011
1790115397935071568,9163460,7914152,3737,1187416,46775,18765011
1790115398051769900,9164203,7914423,3737,1187858,46789,18765011
1790115398168538134,9164954,7914690,3737,1188308,46801,18765011
1790115398283762367,9165680,7914949,3737,1188760,46812,18765011
1790115398402143428,9166422,7915172,3737,1189272,46819,18765011
1790115398518719532,9167181,7915398,3737,1189687,46910,18765011
1790115398635241848,9167930,7915665,3737,1190135,46923,18765011
1790115398751915565,9168670,7915926,3737,1190591,46938,18765011
1790115398867303392,9169393,7916207,3737,1191021,46949,18765011
1790115398982540828,9170099,7916457,3737,1191478,46963,18765011
1790115399099554670,9170826,7916680,3737,1191980,46972,18765011
1790115399217443008,9171569,7916929,3737,1192449,46989,18765011
1790115399333155844,9172288,7917190,3737,1192900,47003,18765011
1790115399448679104,9173018,7917462,3737,1193337,47018,18765011
1790115399563439606,9173727,7917724,3737,1193775,47033,18765011
1790115399680360653,9174476,7917995,3737,1194224,47045,18765011
1790115399799032193,9175210,7918232,3737,1194719,47057,18765011
1790115399916324518,9175936,7918476,3737,1195193,47073,18765011
1790115400032161699,9176642,7918731,3737,1195647,47087,18765011
1790115400148223575,9177362,7918985,3737,1196107,47100,18765011
1790115400263002857,9178090,7919260,3737,1196535,47116,18765011
1790115400380370180,9178817,7919512,3737,1196996,47137,18765011
1790115400496118237,9179547,7919754,3737,1197470,47149,18765011
1790115400612147301,9180285,7920010,3737,1197920,47167,18765011
1790115400727137215,9181003,7920276,3737,1198363,47179,18765011
1790115400842285877,9181712,7920533,3737,1198813,47191,18765011
1790115400958609703,9182455,7920815,3737,1199247,47203,18765011
1790115401075088354,9183199,7921047,3737,1199738,47212,18765011
1790115401191859058,9183931,7921297,3737,1200208,47226,18765011
1790115401307835382,9184652,7921560,3737,1200652,47243,18765011
1790115401425161075,9185374,7921823,3737,1201110,47254,18765011
1790115401541405633,9186115,7922092,3737,1201554,47266,18765011
1790115401657514049,9186842,7922350,3737,1202004,47285,18765011
1790115401773472559,9187566,7922601,3737,1202469,47298,18765011
1790115401890920788,9188304,7922882,3737,1202878,47342,18765011
1790115402006528642,9189029,7923128,3737,1203297,47404,18765011
1790115402122329609,9189768,7923377,3737,1203761,47416,18765011
1790115402238951387,9190514,7923647,3737,1204209,47430,18765011
1790115402353617899,9191242,7923914,3737,1204645,47445,18765011
1790115402470131097,9191985,7924171,3737,1205110,47452,18765011
1790115402587648475,9192728,7924446,3737,1205547,47477,18765011
1790115402702336856,9193427,7924726,3737,1205972,47491,18765011
1790115402818210882,9194156,7924988,3737,1206422,47504,18765011
1790115402933623195,9194873,7925243,3737,1206873,47522,18765011
1790115403049619201,9195590,7925496,3737,1207327,47538,18765011
1790115403166196323,9196322,7925795,3737,1207748,47549,18765011
1790115403282665548,9197051,7926042,3737,1208219,47559,18765011
1790115403399731616,9197772,7926308,3737,1208667,47575,18765011
1790115403516319482,9198502,7926562,3737,1209128,47590,18765011
1790115403633689189,9199220,7926808,3737,1209606,47602,18765011
1790115403750515640,9199954,7927075,3737,1210051,47618,18765011
1790115403868736319,9200711,7927322,3737,1210536,47629,18765011
1790115403985902794,9201439,7927563,3737,1210943,47715,18765011
1790115404102057908,9202169,7927822,3737,1211393,47731,18765011
1790115404217246023,9202873,7928079,3737,1211839,47748,18765011
1790115404331691146,9203585,7928347,3737,1212269,47766,18765011
1790115404448450939,9204322,7928605,3737,1212727,47782,18765011
1790115404566279192,9205059,7928841,3737,1213219,47793,18765011
1790115404684587383,9205818,7929086,3737,1213696,47810,18765011
1790115404801894066,9206548,7929340,3737,1214160,47830,18765011
1790115404918262257,9207293,7929601,3737,1214614,47842,18765011
1790115405034442073,9208015,7929864,3737,1215062,47857,18765011
1790115405150763265,9208756,7930127,3737,1215522,47866,18765011
1790115405272560025,9209506,7930379,3737,1216015,47881,18765011
1790115405389586778,9210236,7930640,3737,1216471,47896,18765011
1790115405505759650,9210956,7930887,3737,1216936,47911,18765011
1790115405622781353,9211688,7931145,3737,1217396,47926,18765011
1790115405739405671,9212411,7931404,3737,1217854,47942,18765011
1790115405855399398,9213142,7931689,3737,1218289,47952,18765011
1790115405971374082,9213848,7931946,3737,1218740,47966,18765011
1790115406088990708,9214608,7932240,3737,1219172,47978,18765011
1790115406204301944,9215349,7932499,3737,1219626,47987,18765011
1790115406320795845,9216069,7932778,3737,1220067,47997,18765011
1790115406433849855,9216791,7933061,3737,1220482,48008,18765011
1790115406550434990,9217551,7933324,3737,1220940,48015,18765011
1790115406667091117,9218289,7933566,3737,1221370,48073,18765011
1790115406781780547,9219032,7933808,3737,1221801,48119,18765011
1790115406898514286,9219759,7934057,3737,1222267,48136,18765011
1790115407015416031,9220494,7934345,3737,1222693,48152,18765011
1790115407130474091,9221219,7934590,3737,1223153,48167,18765011
1790115407245718416,9221941,7934828,3737,1223627,48179,18765011
1790115407363915083,9222675,7935092,3737,1224088,48196,18765011
1790115407481540164,9223401,7935368,3737,1224531,48210,18765011
1790115407598730436,9224157,7935642,3737,1224978,48223,18765011
1790115407713743817,9224906,7935897,3737,1225431,48234,18765011
1790115407828282102,9225623,7936126,3737,1225906,48247,18765011
1790115407944088509,9226368,7936370,3737,1226377,48262,18765011
1790115408060265964,9227100,7936645,3737,1226816,48273,18765011
1790115408177344159,9227842,7936903,3737,1227275,48288,18765011
1790115408292257936,9228567,7937169,3737,1227716,48300,18765011
1790115408408472227,9229305,7937432,3737,1228172,48311,18765011
1790115408524197375,9230038,7937677,3737,1228637,48322,18765011
1790115408639430036,9230786,7937909,3737,1229117,48333,18765011
1790115408755652930,9231510,7938158,3737,1229582,48346,18765011
1790115408871200074,9232217,7938423,3737,1230023,48362,18765011
1790115408987707943,9232938,7938691,3737,1230469,48378,18765011
1790115409103052520,9233672,7938938,3737,1230931,48392,18765011
1790115409218627701,9234395,7939193,3737,1231383,48407,18765011
1790115409334828963,9235114,7939454,3737,1231840,48420,18765011
1790115409450159417,9235846,7939684,3737,1232237,48515,18765011
1790115409566945664,9236563,7939948,3737,1232690,48528,18765011
1790115409683913257,9237295,7940217,3737,1233139,48541,18765011
1790115409799187969,9238034,7940461,3737,1233603,48554,18765011
1790115409916554781,9238762,7940716,3737,1234073,48565,18765011
1790115410033004114,9239501,7940974,3737,1234536,48575,18765011
1790115410149273377,9240235,7941230,3737,1234996,48590,18765011
1790115410265808861,9240957,7941503,3737,1235433,48604,18765011
1790115410380141924,9241689,7941771,3737,1235868,48618,18765011
1790115410496565982,9242421,7942032,3737,1236326,48627,18765011
1790115410611016929,9243129,7942256,3737,1236807,48639,18765011
1790115410726099584,9243867,7942497,3737,1237276,48651,18765011
1790115410841168935,9244583,7942789,3737,1237691,48663,18765011
1790115410959468712,9245320,7943033,3737,1238179,48675,18765011
1790115411075296769,9246040,7943286,3737,1238632,48689,18765011
1790115411192604092,9246766,7943544,3737,1239096,48702,18765011
1790115411308815034,9247500,7943793,3737,1239559,48718,18765011
1790115411426747677,9248227,7944042,3737,1239963,48803,18765011
1790115411542002403,9248935,7944315,3737,1240398,48817,18765011
1790115411659104263,9249695,7944581,3737,1240857,48828,18765011
1790115411773869817,9250420,7944824,3737,1241317,48841,18765011
1790115411891363849,9251155,7945078,3737,1241787,48852,18765011
1790115412007167054,9251894,7945301,3737,1242281,48864,18765011
1790115412124120081,9252650,7945562,3737,1242732,48879,18765011
1790115412239694787,9253385,7945816,3737,1243189,48891,18765011
1790115412355712441,9254112,7946070,3737,1243649,48903,18765011
1790115412469148436,9254818,7946310,3737,1244105,48916,18765011
1790115412581913492,9255522,7946559,3737,1244553,48929,18765011
1790115412698475903,9256258,7946786,3737,1245048,48938,18765011
1790115412814623667,9257000,7947035,3737,1245510,48952,18765011
1790115412930652940,9257718,7947302,3737,1245956,48969,18765011
1790115413046205628,9258424,7947566,3737,1246399,48980,18765011
1790115413162977198,9259150,7947829,3737,1246853,48996,18765011
1790115413280528986,9259886,7948077,3737,1247327,49007,18765011
1790115413393690167,9260600,7948357,3737,1247746,49019,18765011
1790115413509913048,9261313,7948604,3737,1248214,49032,18765011
1790115413626357996,9262032,7948857,3737,1248674,49046,18765011
1790115413742743513,9262773,7949122,3737,1249124,49059,18765011
1790115413859194752,9263512,7949404,3737,1249559,49071,18765011
1790115413974776076,9264228,7949645,3737,1250036,49080,18765011
1790115414094256674,9264986,7949896,3737,1250521,49091,18765011
1790115414211386326,9265742,7950128,3737,1250931,49185,18765011
1790115414328325880,9266484,7950386,3737,1251385,49201,18765011
1790115414444730260,9267201,7950630,3737,1251857,49212,18765011
1790115414561869271,9267941,7950913,3737,1252296,49226,18765011
1790115414679068807,9268666,7951133,3737,1252799,49237,18765011
1790115414796223525,9269403,7951394,3737,1253260,49247,18765011
1790115414911297300,9270111,7951648,3737,1253712,49260,18765011
1790115415027152601,9270853,7951949,3737,1254121,49276,18765011
1790115415143460907,9271590,7952228,3737,1254561,49287,18765011
1790115415259188284,9272321,7952484,3737,1255015,49299,18765011
1790115415376395909,9273044,7952723,3737,1255502,49311,18765011
1790115415493392292,9273779,7952973,3737,1255964,49330,18765011
1790115415607574622,9274510,7953235,3737,1256399,49348,18765011
1790115415723040726,9275222,7953499,3737,1256845,49361,18765011
1790115415838996346,9275934,7953760,3737,1257296,49374,18765011
1790115415955557870,9276684,7954046,3737,1257728,49387,18765011
1790115416073296864,9277411,7954286,3737,1258216,49398,18765011
1790115416189918918,9278151,7954546,3737,1258671,49411,18765011
1790115416306633946,9278889,7954832,3737,1259110,49421,18765011
1790115416421787123,9279603,7955085,3737,1259556,49441,18765011
1790115416537868745,9280321,7955366,3737,1259988,49455,18765011
1790115416652077537,9281059,7955626,3737,1260426,49471,18765011
1790115416768107652,9281789,7955856,3737,1260915,49482,18765011
1790115416883893681,9282519,7956089,3737,1261312,49575,18765011
1790115416998253590,9283219,7956344,3737,1261757,49591,18765011
1790115417114866671,9283963,7956649,3737,1262170,49604,18765011
1790115417230876349,9284685,7956942,3737,1262592,49619,18765011
1790115417346881407,9285398,7957193,3737,1263056,49631,18765011
1790115417462914626,9286105,7957438,3737,1263523,49642,18765011
1790115417579457920,9286869,7957723,3737,1263953,49656,18765011
1790115417695718568,9287594,7957981,3737,1264407,49671,18765011
1790115417811609749,9288333,7958245,3737,1264854,49686,18765011
1790115417926980689,9289062,7958529,3737,1265280,49700,18765011
1790115418042910593,9289800,7958829,3737,1265699,49707,18765011
1790115418156372066,9290530,7959071,3737,1266157,49720,18765011
1790115418275177435,9291266,7959339,3737,1266618,49732,18765011
1790115418391252810,9291989,7959609,3737,1267064,49742,18765011
1790115418506663431,9292712,7959865,3737,1267518,49755,18765011
1790115418620319240,9293431,7960125,3737,1267957,49765,18765011
1790115418736889684,9294163,7960364,3737,1268439,49776,18765011
1790115418857252767,9294933,7960618,3737,1268925,49788,18765011
1790115418975189241,9295672,7960892,3737,1269374,49804,18765011
1790115419090417597,9296400,7961137,3737,1269834,49817,18765011
1790115419203643323,9297125,7961391,3737,1270274,49833,18765011
1790115419319601037,9297853,7961641,3737,1270733,49850,18765011
1790115419436236365,9298568,7961873,3737,1271220,49862,18765011
1790115419551755319,9299289,7962119,3737,1271684,49874,18765011
1790115419666061889,9300026,7962371,3737,1272053,49972,18765011
1790115419780890013,9300742,7962656,3737,1272477,49982,18765011
1790115419896537346,9301459,7962922,3737,1272914,50000,18765011
1790115420013794974,9302186,7963183,3737,1273376,50012,18765011
1790115420130586239,9302935,7963403,3737,1273876,50024,18765011
1790115420246559209,9303676,7963660,3737,1274334,50038,18765011
1790115420363654111,9304412,7963916,3737,1274795,50053,18765011
1790115420480382728,9305132,7964194,3737,1275238,50062,18765011
1790115420596341213,9305861,7964470,3737,1275676,50073,18765011
1790115420712882768,9306600,7964731,3737,1276128,50091,18765011
1790115420830806642,9307341,7964966,3737,1276626,50099,18765011
1790115420947380691,9308082,7965238,3737,1277069,50109,18765011
1790115421063951315,9308819,7965498,3737,1277527,50122,18765011
1790115421179853000,9309546,7965750,3737,1277985,50139,18765011
1790115421296831298,9310282,7966013,3737,1278438,50151,18765011
1790115421411846493,9311010,7966263,3737,1278894,50164,18765011
1790115421526471686,9311731,7966526,3737,1279343,50176,18765011
1790115421642642319,9312475,7966793,3737,1279751,50221,18765011
1790115421758460303,9313193,7967042,3737,1280177,50276,18765011
1790115421873006273,9313916,7967312,3737,1280599,50295,18765011
1790115421990460489,9314640,7967565,3737,1281071,50307,18765011
1790115422105802035,9315343,7967853,3737,1281489,50322,18765011
1790115422224565467,9316092,7968083,3737,1281988,50337,18765011
1790115422342613842,9316817,7968362,3737,1282440,50348,18765011
1790115422458638499,9317538,7968620,3737,1282893,50363,18765011
1790115422575331996,9318279,7968894,3737,1283330,50377,18765011
1790115422692292797,9318996,7969169,3737,1283773,50390,18765011
1790115422809218955,9319740,7969416,3737,1284248,50401,18765011
1790115422925064712,9320476,7969654,3737,1284725,50413,18765011
1790115423042178342,9321204,7969932,3737,1285167,50427,18765011
1790115423159237551,9321935,7970196,3737,1285622,50439,18765011
1790115423276043488,9322649,7970457,3737,1286076,50453,18765011
1790115423392645762,9323367,7970705,3737,1286545,50467,18765011
1790115423509546486,9324097,7970934,3737,1287036,50479,18765011
1790115423627422390,9324838,7971219,3737,1287475,50497,18765011
1790115423742441038,9325561,7971496,3737,1287906,50510,18765011
1790115423858915769,9326296,7971752,3737,1288364,50524,18765011
1790115423974558867,9327020,7972029,3737,1288794,50536,18765011
1790115424088734569,9327719,7972296,3737,1289234,50549,18765011
1790115424204157728,9328432,7972547,3737,1289690,50565,18765011
1790115424320014213,9329164,7972796,3737,1290154,50577,18765011
1790115424436845536,9329890,7973035,3737,1290556,50667,18765011
1790115424554178139,9330624,7973369,3737,1290947,50681,18765011
1790115424670882191,9331368,7973621,3737,1291413,50693,18765011
1790115424785679450,9332092,7973861,3737,1291876,50705,18765011
1790115424903194648,9332853,7974082,3737,1292383,50716,18765011
1790115425019111820,9333576,7974344,3737,1292835,50727,18765011
1790115425134378163,9334303,7974592,3737,1293298,50740,18765011
1790115425251777548,9335048,7974848,3737,1293770,50749,18765011
1790115425366612101,9335765,7975113,3737,1294202,50765,18765011
1790115425480465906,9336482,7975379,3737,1294638,50776,18765011
1790115425596826175,9337229,7975625,3737,1295118,50783,18765011
1790115425712342979,9337964,7975865,3737,1295591,50796,18765011
1790115425828222640,9338684,7976107,3737,1296055,50812,18765011
1790115425943078064,9339398,7976374,3737,1296489,50827,18765011
1790115426059574100,9340130,7976643,3737,1296933,50843,18765011
1790115426177366421,9340880,7976930,3737,1297377,50855,18765011
1790115426293681724,9341611,7977342,3737,1297681,50863,18776403
1790115426408180651,9342344,7977987,3737,1297754,50869,18799699
1790115426524031694,9343091,7978099,3737,1298376,50869,18799699
1790115426638790861,9343819,7978205,3737,1298999,50870,18799699
1790115426753540492,9344562,7978264,3737,1299673,50870,18799699
1790115426870835238,9345310,7978402,3737,1300279,50870,18799699
1790115426988911811,9346065,7978482,3737,1300951,50870,18799699
1790115427103801522,9346810,7978570,3737,1301597,50870,18799699
1790115427222446660,9347567,7978692,3737,1302230,50870,18799699
1790115427339725339,9348311,7978790,3737,1302878,50870,18799699
1790115427454561990,9349043,7978907,3737,1303491,50870,18799699
1790115427572960632,9349799,7979060,3737,1304088,50870,18799699
1790115427687364491,9350535,7979082,3737,1304800,50870,18799699
1790115427806270689,9351298,7979213,3737,1305418,50876,18799699
1790115427924764397,9352056,7979292,3737,1306092,50876,18799699
1790115428039696831,9352790,7979352,3737,1306763,50877,18799699
1790115428157277407,9353533,7979454,3737,1307412,50877,18799699
1790115428275265965,9354285,7979526,3737,1308092,50877,18799699
1790115428390106598,9355009,7979611,3737,1308736,50879,18799699
1790115428508418231,9355771,7979739,3737,1309362,50879,18799699
1790115428623667187,9356510,7979775,3737,1310058,50879,18799699
1790115428738410403,9357237,7979852,3737,1310711,50880,18799699
1790115428856547846,9357989,7979978,3737,1311335,50881,18799699
1790115428970688162,9358714,7980005,3737,1312034,50881,18799699
1790115429086311773,9359451,7980182,3737,1312594,50882,18799699
1790115429204397182,9360214,7980252,3737,1313275,50882,18799699
1790115429319469045,9360957,7980315,3737,1313943,50882,18799699
1790115429436704996,9361704,7980444,3737,1314559,50882,18799699
1790115429554714133,9362459,7980534,3737,1315220,50882,18799699
1790115429669543378,9363193,7980615,3737,1315869,50884,18799699
1790115429787815145,9363937,7980731,3737,1316503,50884,18799699
1790115429905846397,9364695,7980885,3737,1317098,50885,18799699
1790115430023689832,9365450,7980992,3737,1317743,50885,18799699
1790115430141592777,9366201,7981174,3737,1318310,50886,18799699
1790115430258844526,9366953,7981296,3737,1318932,50886,18799699
1790115430376950673,9367710,7981368,3737,1319612,50886,18799699
1790115430491924569,9368449,7981451,3737,1320264,50887,18799699
1790115430610475572,9369211,7981539,3737,1320930,50887,18799699
1790115430725657244,9369936,7981684,3737,1321515,50888,18799699
1790115430844164940,9370689,7981770,3737,1322186,50889,18799699
1790115430962119361,9371442,7981922,3737,1322783,50889,18799699
1790115431079446139,9372197,7982044,3737,1323403,50892,18799699
1790115431197585943,9372949,7982138,3737,1324060,50892,18799699
1790115431312039759,9373679,7982210,3737,1324716,50893,18799699
1790115431427888744,9374423,7982294,3737,1325366,50893,18799699
1790115431544900825,9375169,7982451,3737,1325951,50894,18799699
1790115431662799214,9375918,7982543,3737,1326611,50895,18799699
1790115431780819196,9376677,7982677,3737,1327227,50895,18799699
1790115431895558317,9377419,7982848,3737,1327786,50896,18799699
1790115432013572817,9378169,7982933,3737,1328453,50896,18799699
1790115432127806790,9378906,7983014,3737,1329098,50896,18799699
1790115432245582296,9379659,7983114,3737,1329748,50897,18799699
1790115432363460158,9380412,7983278,3737,1330334,50898,18799699
1790115432476596770,9381133,7983449,3737,1330878,50901,18799699
1790115432595322177,9381889,7983556,3737,1331488,50939,18799699
1790115432713336398,9382654,7983689,3737,1332060,50983,18799699
1790115432831534027,9383411,7983814,3737,1332651,51018,18799699
1790115432947131580,9384150,7983854,3737,1333346,51023,18799699
1790115433065671066,9384908,7983929,3737,1333980,51067,18799699
1790115433181878704,9385647,7984064,3737,1334572,51075,18799699
1790115433300006195,9386403,7984225,3737,1335159,51077,18799699
1790115433421656985,9387188,7984354,3737,1335806,51077,18799699
1790115433539787225,9387941,7984477,3737,1336432,51078,18799699
1790115433657843261,9388690,7984600,3737,1337059,51079,18799699
1790115433772843928,9389426,7984633,3737,1337760,51079,18799699
1790115433888345355,9390159,7984729,3737,1338401,51080,18799699
1790115434006372070,9390915,7984892,3737,1338988,51080,18799699
1790115434124327750,9391663,7985026,3737,1339600,51083,18799699
1790115434242219452,9392415,7985151,3737,1340227,51083,18799699
1790115434360279017,9393176,7985320,3737,1340807,51084,18799699
1790115434478564277,9393928,7985463,3737,1341416,51084,18799699
1790115434593746851,9394667,7985574,3737,1342037,51084,18799699
1790115434708757822,9395402,7985676,3737,1342667,51085,18799699
1790115434826860260,9396154,7985870,3737,1343226,51085,18799699
1790115434945901848,9396908,7986018,3737,1343830,51085,18799699
1790115435064407728,9397664,7986104,3737,1344502,51085,18799699
1790115435182526615,9398410,7986283,3737,1345073,51086,18799699
1790115435300095536,9399151,7986433,3737,1345673,51086,18799699
1790115435418165856,9399905,7986510,3737,1346348,51086,18799699
1790115435532815019,9400647,7986569,3737,1347017,51087,18799699
1790115435649924575,9401397,7986660,3737,1347667,51087,18799699
1790115435768667610,9402160,7986834,3737,1348250,51089,18799699
1790115435886284702,9402913,7986927,3737,1348906,51089,18799699
1790115436004299502,9403678,7987087,3737,1349496,51089,18799699
1790115436120355361,9404418,7987222,3737,1350097,51091,18799699
1790115436238285585,9405168,7987294,3737,1350777,51091,18799699
1790115436352673442,9405902,7987356,3737,1351439,51092,18799699
1790115436470322877,9406655,7987484,3737,1352062,51092,18799699
1790115436588473033,9407414,7987630,3737,1352665,51092,18799699
1790115436701203363,9408130,7987808,3737,1353206,51093,18799699
1790115436819284345,9408878,7987958,3737,1353808,51093,18799699
1790115436932842761,9409606,7988116,3737,1354366,51096,18799699
1790115437050841428,9410356,7988272,3737,1354959,51097,18799699
1790115437165384604,9411096,7988302,3737,1355664,51097,18799699
1790115437281662843,9411839,7988454,3737,1356248,51097,18799699
1790115437399533853,9412589,7988525,3737,1356928,51098,18799699
1790115437515697271,9413325,7988686,3737,1357501,51101,18799699
1790115437633739327,9414078,7988812,3737,1358126,51101,18799699
1790115437751680343,9414838,7988947,3737,1358740,51102,18799699
1790115437870232485,9415595,7989079,3737,1359366,51102,18799699
1790115437985389252,9416337,7989122,3737,1360056,51102,18799699
1790115438104477565,9417094,7989233,3737,1360702,51103,18799699
1790115438221325313,9417839,7989325,3737,1361354,51103,18799699
1790115438337712684,9418576,7989452,3737,1361961,51106,18799699
1790115438456017741,9419328,7989607,3737,1362562,51106,18799699
1790115438573667065,9420084,7989728,3737,1363184,51107,18799699
1790115438691833378,9420839,7989866,3737,1363796,51108,18799699
1790115438806249288,9421570,7989888,3737,1364509,51108,18799699
1790115438922164016,9422315,7989965,3737,1365169,51108,18799699
1790115439039474684,9423062,7990123,3737,1365755,51109,18799699
1790115439157318921,9423809,7990248,3737,1366379,51110,18799699
1790115439275805729,9424563,7990413,3737,1366965,51110,18799699
1790115439393931121,9425327,7990565,3737,1367561,51112,18799699
1790115439512023854,9426080,7990699,3737,1368181,51112,18799699
1790115439628547658,9426825,7990772,3737,1368850,51112,18799699
1790115439743380760,9427549,7990858,3737,1369494,51114,18799699
1790115439861308476,9428288,7990985,3737,1370118,51115,18799699
1790115439979433392,9429048,7991120,3737,1370732,51116,18799699
1790115440097677411,9429800,7991293,3737,1371312,51116,18799699
1790115440215744496,9430554,7991425,3737,1371928,51116,18799699
1790115440333898333,9431311,7991520,3737,1372585,51116,18799699
1790115440451606371,9432066,7991627,3737,1373228,51117,18799699
1790115440565966334,9432805,7991704,3737,1373876,51118,18799699
1790115440684003624,9433557,7991863,3737,1374474,51118,18799699
1790115440802085945,9434311,7991986,3737,1375099,51120,18799699
1790115440918879259,9435058,7992107,3737,1375716,51120,18799699
1790115441035958823,9435805,7992251,3737,1376316,51120,18799699
1790115441153291352,9436561,7992398,3737,1376920,51120,18799699
1790115441271360124,9437322,7992501,3737,1377569,51120,18799699
1790115441386184966,9438050,7992609,3737,1378192,51121,18799699
1790115441504407531,9438808,7992703,3737,1378849,51121,18799699
1790115441618470434,9439539,7992869,3737,1379407,51122,18799699
1790115441736264718,9440284,7992960,3737,1380066,51122,18799699
1790115441854343075,9441048,7993092,3737,1380685,51123,18799699
1790115441969715522,9441791,7993247,3737,1381261,51123,18799699
1790115442087669723,9442548,7993321,3737,1381939,51123,18799699
1790115442202296530,9443276,7993376,3737,1382615,51124,18799699
1790115442320097043,9444031,7993479,3737,1383262,51125,18799699
1790115442437667378,9444788,7993667,3737,1383821,51125,18799699
1790115442551554482,9445511,7993770,3737,1384439,51126,18799699
1790115442669957033,9446259,7993892,3737,1385072,51126,18799699
1790115442785283845,9446997,7994010,3737,1385689,51126,18799699
1790115442899810371,9447732,7994132,3737,1386292,51127,18799699
1790115443014566266,9448466,7994176,3737,1386981,51127,18799699
1790115443129827011,9449191,7994278,3737,1387609,51128,18799699
1790115443247890432,9449941,7994396,3737,1388242,51129,18799699
1790115443365360211,9450691,7994522,3737,1388865,51131,18799699
1790115443484084171,9451448,7994604,3737,1389539,51131,18799699
1790115443602199626,9452195,7994727,3737,1390166,51131,18799699
1790115443718097105,9452934,7994880,3737,1390751,51131,18799699
1790115443834558512,9453677,7994909,3737,1391463,51132,18799699
1790115443946922641,9454400,7995074,3737,1392007,51133,18799699
1790115444065153837,9455153,7995154,3737,1392685,51133,18799699
1790115444178789036,9455886,7995311,3737,1393247,51133,18799699
1790115444297170422,9456641,7995497,3737,1393817,51134,18799699
1790115444415442603,9457399,7995651,3737,1394413,51134,18799699
1790115444533450153,9458153,7995779,3737,1395035,51135,18799699
1790115444648628495,9458889,7995800,3737,1395748,51135,18799699
1790115444764472884,9459625,7995887,3737,1396398,51136,18799699
1790115444880841116,9460365,7996049,3737,1396973,51136,18799699
1790115444999115078,9461121,7996215,3737,1397562,51138,18799699
1790115445117140358,9461875,7996397,3737,1398130,51138,18799699
1790115445236268938,9462631,7996538,3737,1398746,51138,18799699
1790115445354266491,9463391,7996661,3737,1399374,51139,18799699
1790115445472213253,9464141,7996735,3737,1400053,51139,18799699
1790115445586985062,9464880,7996826,3737,1400686,51140,18799699
1790115445704901582,9465626,7996989,3737,1401273,51140,18799699
1790115445822928954,9466386,7997136,3737,1401875,51141,18799699
1790115445940901385,9467136,7997239,3737,1402522,51141,18799699
1790115446058962264,9467898,7997391,3737,1403124,51142,18799699
1790115446176022113,9468645,7997522,3737,1403739,51142,18799699
1790115446294255483,9469398,7997619,3737,1404394,51143,18799699
1790115446409101125,9470130,7997706,3737,1405038,51144,18799699
1790115446527113802,9470887,7997787,3737,1405706,51144,18799699
1790115446640628079,9471617,7997849,3737,1406366,51145,18799699
1790115446755282078,9472346,7997931,3737,1407015,51145,18799699
1790115446873347889,9473097,7998082,3737,1407614,51145,18799699
1790115446987833235,9473831,7998105,3737,1408320,51145,18799699
1790115447106340998,9474588,7998227,3737,1408953,51145,18799699
1790115447224770018,9475347,7998311,3737,1409621,51145,18799699
1790115447339641293,9476079,7998363,3737,1410299,51146,18799699
1790115447457688345,9476834,7998466,3737,1410947,51146,18799699
1790115447575767096,9477590,7998544,3737,1411621,51147,18799699
1790115447690511022,9478320,7998620,3737,1412275,51148,18799699
1790115447808758836,9479075,7998756,3737,1412890,51148,18799699
1790115447923808769,9479811,7998789,3737,1413590,51148,18799699
1790115448038071591,9480546,7998885,3737,1414226,51148,18799699
1790115448156032271,9481297,7999052,3737,1414810,51148,18799699
1790115448270605283,9482028,7999088,3737,1415500,51148,18799699
1790115448388413928,9482795,7999211,3737,1416127,51149,18799699
1790115448506453038,9483552,7999295,3737,1416794,51149,18799699
1790115448621209055,9484284,7999376,3737,1417444,51149,18799699
1790115448739099770,9485043,7999462,3737,1418108,51151,18799699
1790115448857316235,9485802,7999545,3737,1418777,51151,18799699
1790115448972115523,9486541,7999619,3737,1419434,51152,18799699
1790115449089969452,9487289,7999740,3737,1420057,51152,18799699
1790115449204247897,9488018,7999761,3737,1420769,51152,18799699
1790115449320753272,9488770,7999929,3737,1421330,51160,18799699
1790115449435889221,9489471,8000169,3737,1421794,51175,18799699
1790115449552893791,9490213,8000345,3737,1422044,51487,18799699
1790115449671722004,9490975,8000541,3737,1422367,51715,18799699
1790115449791730508,9491721,8000808,3737,1422834,51731,18799699
1790115449908311267,9492455,8001071,3737,1423288,51745,18799699
1790115450023592053,9493181,8001349,3737,1423718,51761,18799699
1790115450139678029,9493927,8001585,3737,1424196,51778,18799699
1790115450256642595,9494674,8001861,3737,1424638,51791,18799699
1790115450373417765,9495403,8002129,3737,1425089,51803,18799699
1790115450490116458,9496121,8002391,3737,1425539,51818,18799699
1790115450606675441,9496861,8002634,3737,1426012,51830,18799699
1790115450722899020,9497582,8002848,3737,1426516,51841,18799699
1790115450837092074,9498294,8003085,3737,1426987,51849,18799699
1790115450951007887,9499011,8003342,3737,1427427,51865,18799699
1790115451067379159,9499735,8003608,3737,1427873,51880,18799699
1790115451183773813,9500473,8003858,3737,1428335,51898,18799699
1790115451300410726,9501190,8004117,3737,1428790,51910,18799699
1790115451413974187,9501908,8004370,3737,1429239,51922,18799699
1790115451532055268,9502654,8004619,3737,1429717,51934,18799699
1790115451648163924,9503381,8004854,3737,1430127,52017,18799699
1790115451764544251,9504119,8005103,3737,1430591,52032,18799699
1790115451880728387,9504847,8005360,3737,1431048,52045,18799699
1790115451997774136,9505585,8005605,3737,1431515,52064,18799699
1790115452113022459,9506326,8005852,3737,1431981,52076,18799699
1790115452229553675,9507043,8006113,3737,1432438,52090,18799699
1790115452345665840,9507767,8006371,3737,1432893,52105,18799699
1790115452461539983,9508517,8006632,3737,1433335,52122,18799699
1790115452576804621,9509246,8006897,3737,1433777,52135,18799699
1790115452691380323,9509970,8007151,3737,1434228,52147,18799699
1790115452805475676,9510697,8007365,3737,1434721,52158,18799699
1790115452919635579,9511396,8007626,3737,1435161,52171,18799699
1790115453036054253,9512122,8007889,3737,1435612,52185,18799699
1790115453151955606,9512851,8008135,3737,1436076,52202,18799699
1790115453267219984,9513579,8008384,3737,1436533,52216,18799699
1790115453381783140,9514289,8008630,3737,1436994,52229,18799699
1790115453497093834,9515015,8008873,3737,1437457,52243,18799699
1790115453612203756,9515736,8009129,3737,1437911,52256,18799699
1790115453736395873,9516522,8009408,3737,1438323,52344,18799699
1790115453854363724,9517282,8009678,3737,1438781,52354,18799699
1790115453970982269,9518004,8009935,3737,1439239,52370,18799699
1790115454086514740,9518732,8010202,3737,1439679,52383,18799699
1790115454205803877,9519512,8010442,3737,1440176,52398,18799699
1790115454322131108,9520221,8010691,3737,1440639,52411,18799699
1790115454438737140,9520931,8010942,3737,1441105,52424,18799699
1790115454553934306,9521631,8011186,3737,1441567,52438,18799699
1790115454670183250,9522359,8011454,3737,1442013,52451,18799699
1790115454785804369,9523093,8011702,3737,1442476,52463,18799699
1790115454902373876,9523839,8011955,3737,1442948,52472,18799699
1790115455018228614,9524546,8012212,3737,1443397,52487,18799699
1790115455133884716,9525270,8012477,3737,1443839,52506,18799699
1790115455247607699,9525979,8012725,3737,1444283,52522,18799699
1790115455363386156,9526708,8012976,3737,1444750,52532,18799699
1790115455480977560,9527439,8013222,3737,1445229,52541,18799699
1790115455597374399,9528162,8013499,3737,1445669,52553,18799699
1790115455713727162,9528897,8013773,3737,1446112,52566,18799699
1790115455830621516,9529627,8014038,3737,1446566,52579,18799699
1790115455947440907,9530343,8014314,3737,1447011,52589,18799699
1790115456062535652,9531048,8014573,3737,1447461,52604,18799699
1790115456179468929,9531759,8014811,3737,1447941,52616,18799699
1790115456296559072,9532504,8015083,3737,1448384,52633,18799699
1790115456411673270,9533252,8015312,3737,1448790,52722,18799699
1790115456525949541,9533971,8015589,3737,1449217,52732,18799699
1790115456642643157,9534708,8015855,3737,1449670,52747,18799699
1790115456758589902,9535437,8016106,3737,1450128,52761,18799699
1790115456877066626,9536165,8016333,3737,1450635,52770,18799699
1790115456994628480,9536895,8016583,3737,1451108,52781,18799699
1790115457109779854,9537606,8016837,3737,1451556,52799,18799699
1790115457226603625,9538340,8017100,3737,1452010,52814,18799699
1790115457341417650,9539069,8017368,3737,1452447,52829,18799699
1790115457457404329,9539794,8017619,3737,1452907,52845,18799699
1790115457575651754,9540539,8017840,3737,1453415,52856,18799699
1790115457691838141,9541268,8018105,3737,1453864,52871,18799699
1790115457806431817,9541996,8018362,3737,1454304,52888,18799699
1790115457922825274,9542735,8018652,3737,1454733,52897,18799699
1790115458038470215,9543465,8018909,3737,1455182,52915,18799699
1790115458155151314,9544215,8019133,3737,1455686,52924,18799699
1790115458272677376,9544959,8019389,3737,1456144,52939,18799699
1790115458389707452,9545681,8019641,3737,1456609,52955,18799699
1790115458507031265,9546416,8019884,3737,1457017,53039,18799699
1790115458624296662,9547181,8020168,3737,1457449,53057,18799699
1790115458740343845,9547898,8020423,3737,1457906,53072,18799699
1790115458856590819,9548641,8020684,3737,1458363,53081,18799699
1790115458974109541,9549364,8020945,3737,1458825,53093,18799699
1790115459090642052,9550097,8021191,3737,1459294,53107,18799699
1790115459206624355,9550823,8021445,3737,1459751,53118,18799699
1790115459321698451,9551533,8021692,3737,1460206,53137,18799699
1790115459437553071,9552260,8021943,3737,1460663,53152,18799699
1790115459555612915,9552993,8022181,3737,1461153,53166,18799699
1790115459672411705,9553712,8022452,3737,1461596,53183,18799699
1790115459795544898,9554499,8022730,3737,1462071,53198,18799699
1790115459909978427,9555226,8022982,3737,1462520,53214,18799699
1790115460032364896,9555990,8023252,3737,1463003,53226,18799699
1790115460147355532,9556697,8023522,3737,1463444,53237,18799699
1790115460263859617,9557445,8023779,3737,1463912,53245,18799699
1790115460379375457,9558181,8024077,3737,1464320,53261,18799699
1790115460495654591,9558915,8024346,3737,1464768,53271,18799699
1790115460612715506,9559648,8024610,3737,1465224,53284,18799699
1790115460729909248,9560391,8024878,3737,1465673,53299,18799699
1790115460846344114,9561123,8025146,3737,1466123,53310,18799699
1790115460963906543,9561858,8025382,3737,1466614,53319,18799699
1790115461080988913,9562579,8025677,3737,1467034,53337,18799699
1790115461196986556,9563304,8025937,3737,1467416,53421,18799699
1790115461313273599,9564029,8026193,3737,1467869,53437,18799699
1790115461430570834,9564754,8026453,3737,1468332,53449,18799699
1790115461545198149,9565481,8026697,3737,1468795,53460,18799699
1790115461663797685,9566238,8026927,3737,1469301,53467,18799699
1790115461780435502,9566969,8027175,3737,1469768,53481,18799699
1790115461894325597,9567667,8027427,3737,1470218,53493,18799699
1790115462008328824,9568381,8027705,3737,1470641,53505,18799699
1790115462123559382,9569116,8027958,3737,1471092,53523,18799699
1790115462241893063,9569875,8028213,3737,1471570,53535,18799699
1790115462356468670,9570596,8028458,3737,1472022,53553,18799699
1790115462472199338,9571310,8028708,3737,1472483,53567,18799699
1790115462588398338,9572051,8028958,3737,1472941,53584,18799699
1790115462704318423,9572781,8029209,3737,1473402,53595,18799699
1790115462819205954,9573490,8029467,3737,1473852,53608,18799699
1790115462936766463,9574233,8029704,3737,1474344,53619,18799699
1790115463054007032,9574943,8029984,3737,1474784,53630,18799699
1790115463168429034,9575675,8030235,3737,1475163,53717,18799699
1790115463283913539,9576407,8030500,3737,1475606,53732,18799699
1790115463400765199,9577134,8030802,3737,1476022,53745,18799699
1790115463517927418,9577849,8031061,3737,1476478,53762,18799699
1790115463632921643,9578593,8031303,3737,1476951,53768,18799699
1790115463747269858,9579322,8031575,3737,1477386,53778,18799699
1790115463863289909,9580051,8031850,3737,1477822,53794,18799699
1790115463979425703,9580780,8032112,3737,1478277,53803,18799699
1790115464095841629,9581507,8032362,3737,1478738,53820,18799699
1790115464210605343,9582243,8032602,3737,1479205,53831,18799699
1790115464327218208,9582948,8032840,3737,1479689,53840,18799699
1790115464444603239,9583694,8033101,3737,1480150,53854,18799699
1790115464561118721,9584438,8033379,3737,1480592,53866,18799699
1790115464677515406,9585164,8033628,3737,1481054,53882,18799699
1790115464791732577,9585886,8033891,3737,1481490,53896,18799699
1790115464909056645,9586629,8034193,3737,1481915,53906,18799699
1790115465021765668,9587354,8034473,3737,1482331,53918,18799699
1790115465140127632,9588112,8034762,3737,1482766,53935,18799699
1790115465256246849,9588826,8035022,3737,1483221,53947,18799699
1790115465373354006,9589553,8035308,3737,1483657,53959,18799699
1790115465489232319,9590274,8035578,3737,1484099,53971,18799699
1790115465604822484,9591000,8035834,3737,1484555,53981,18799699
1790115465720989675,9591716,8036056,3737,1485047,53995,18799699
1790115465837443479,9592464,8036315,3737,1485505,54008,18799699
1790115465952719364,9593193,8036584,3737,1485863,54103,18799699
1790115466066945589,9593910,8036861,3737,1486290,54115,18799699
1790115466182480907,9594641,8037109,3737,1486755,54129,18799699
1790115466297681312,9595353,8037365,3737,1487204,54141,18799699
1790115466416758413,9596120,8037614,3737,1487695,54153,18799699
1790115466533203098,9596844,8037877,3737,1488142,54167,18799699
1790115466650153140,9597571,8038131,3737,1488609,54180,18799699
1790115466765977731,9598299,8038398,3737,1489051,54192,18799699
1790115466880012946,9599003,8038671,3737,1489479,54205,18799699
1790115466997250852,9599744,8038898,3737,1489980,54216,18799699
1790115467115136718,9600500,8039148,3737,1490450,54233,18799699
1790115467230594507,9601231,8039400,3737,1490909,54247,18799699
1790115467346098727,9601969,8039655,3737,1491354,54267,18799699
1790115467461571814,9602699,8039909,3737,1491811,54279,18799699
1790115467576395429,9603420,8040158,3737,1492271,54288,18799699
1790115467692049366,9604146,8040377,3737,1492767,54300,18799699
1790115467807100121,9604881,8040632,3737,1493220,54311,18799699
1790115467922673377,9605609,8040911,3737,1493653,54326,18799699
1790115468037738636,9606325,8041186,3737,1494080,54340,18799699
1790115468153643548,9607042,8041448,3737,1494529,54356,18799699
1790115468270274710,9607779,8041695,3737,1494993,54372,18799699
1790115468386085850,9608504,8041927,3737,1495478,54382,18799699
1790115468502802990,9609251,8042190,3737,1495933,54398,18799699
1790115468618764095,9609962,8042417,3737,1496341,54486,18799699
1790115468735205238,9610686,8042665,3737,1496803,54503,18799699
1790115468852385211,9611409,8042934,3737,1497255,54514,18799699
1790115468968701231,9612121,8043193,3737,1497709,54527,18799699
1790115469084914464,9612850,8043430,3737,1498187,54543,18799699
1790115469200903451,9613586,8043691,3737,1498639,54554,18799699
1790115469318170188,9614319,8043945,3737,1499105,54566,18799699
1790115469434142698,9615029,8044195,3737,1499566,54580,18799699
1790115469548193412,9615740,8044448,3737,1500013,54594,18799699
1790115469663613429,9616447,8044694,3737,1500479,54604,18799699
1790115469777573131,9617156,8044919,3737,1500964,54615,18799699
1790115469893205254,9617875,8045173,3737,1501422,54628,18799699
1790115470008057376,9618587,8045435,3737,1501860,54640,18799699
1790115470124718761,9619319,8045711,3737,1502303,54651,18799699
1790115470241876753,9620057,8045977,3737,1502756,54668,18799699
1790115470358648596,9620769,8046223,3737,1503236,54677,18799699
1790115470474576582,9621505,8046485,3737,1503684,54690,18799699
1790115470590354451,9622242,8046744,3737,1504135,54703,18799699
1790115470707229831,9622981,8046987,3737,1504532,54797,18799699
1790115470821839995,9623694,8047263,3737,1504955,54813,18799699
1790115470938845970,9624426,8047522,3737,1505415,54827,18799699
1790115471055674237,9625174,8047757,3737,1505903,54838,18799699
1790115471169524957,9625875,8048014,3737,1506350,54851,18799699
1790115471286654489,9626590,8048261,3737,1506816,54867,18799699
1790115471401679248,9627305,8048512,3737,1507274,54879,18799699
1790115471515631777,9628024,8048766,3737,1507716,54896,18799699
1790115471632743060,9628774,8049012,3737,1508187,54909,18799699
1790115471746298066,9629492,8049252,3737,1508644,54922,18799699
1790115471863262062,9630233,8049512,3737,1509106,54934,18799699
1790115471977009525,9630939,8049761,3737,1509552,54951,18799699
1790115472091810306,9631662,8050037,3737,1509975,54968,18799699
1790115472207631648,9632378,8050286,3737,1510440,54982,18799699
1790115472322952206,9633099,8050538,3737,1510892,54995,18799699
1790115472439420686,9633832,8050769,3737,1511378,55009,18799699
1790115472554915904,9634585,8051044,3737,1511817,55020,18799699
1790115472671223500,9635323,8051283,3737,1512288,55037,18799699
1790115472785715438,9636026,8051536,3737,1512738,55050,18799699
1790115472901446146,9636761,8051806,3737,1513172,55066,18799699
1790115473016837259,9637481,8052057,3737,1513630,55080,18799699
1790115473131683686,9638183,8052297,3737,1514104,55090,18799699
1790115473248033928,9638926,8052568,3737,1514541,55107,18799699
1790115473363459521,9639668,8052800,3737,1514948,55190,18799699
1790115473476676700,9640372,8053053,3737,1515388,55205,18799699
1790115473592375095,9641077,8053300,3737,1515852,55218,18799699
1790115473708280085,9641816,8053539,3737,1516327,55230,18799699
1790115473824046028,9642537,8053774,3737,1516805,55244,18799699
1790115473940885828,9643289,8054031,3737,1517265,55258,18799699
1790115474059625712,9644026,8054295,3737,1517732,55273,18799699
1790115474175340253,9644748,8054560,3737,1518174,55285,18799699
1790115474290743449,9645457,8054812,3737,1518632,55297,18799699
1790115474407817150,9646196,8055048,3737,1519118,55313,18799699
1790115474526335099,9646924,8055297,3737,1519593,55328,18799699
1790115474642197514,9647660,8055563,3737,1520037,55345,18799699
1790115474758891131,9648402,8055818,3737,1520498,55357,18799699
1790115474876585318,9649142,8056077,3737,1520960,55371,18799699
1790115474992832130,9649866,8056333,3737,1521421,55381,18799699
1790115475111031194,9650593,8056561,3737,1521923,55393,18799699
1790115475226564212,9651318,8056822,3737,1522368,55410,18799699
1790115475342079712,9652043,8057083,3737,1522816,55424,18799699
1790115475456971541,9652777,8057348,3737,1523250,55443,18799699
1790115475574596601,9653527,8057597,3737,1523718,55458,18799699
1790115475692308095,9654268,8057850,3737,1524192,55469,18799699
1790115475810018080,9655036,8058078,3737,1524687,55485,18799699
1790115475926796266,9655733,8058328,3737,1525155,55497,18799699
1790115476042402916,9656469,8058580,3737,1525565,55559,18799699
1790115476157787934,9657185,8058855,3737,1525978,55594,18799699
1790115476272023728,9657908,8059119,3737,1526421,55605,18799699
1790115476387676025,9658646,8059382,3737,1526870,55616,18799699
1790115476502898748,9659393,8059619,3737,1527345,55626,18799699
1790115476620674399,9660127,8059869,3737,1527823,55638,18799699
1790115476737862345,9660864,8060126,3737,1528280,55653,18799699
1790115476854877958,9661603,8060396,3737,1528726,55670,18799699
1790115476971839862,9662323,8060693,3737,1529147,55683,18799699
1790115477086883907,9663048,8060955,3737,1529598,55693,18799699
1790115477202946359,9663792,8061187,3737,1530084,55703,18799699
1790115477319616157,9664520,8061437,3737,1530548,55717,18799699
1790115477435004165,9665231,8061691,3737,1531003,55731,18799699
1790115477551018837,9665972,8061944,3737,1531461,55743,18799699
1790115477665867070,9666698,8062196,3737,1531916,55758,18799699
1790115477781403409,9667425,8062488,3737,1532336,55769,18799699
1790115477897766097,9668125,8062748,3737,1532794,55779,18799699
1790115478013879455,9668869,8063015,3737,1533241,55793,18799699
1790115478130037519,9669620,8063270,3737,1533624,55884,18799699
1790115478246635668,9670356,8063543,3737,1534068,55896,18799699
1790115478362661067,9671085,8063813,3737,1534503,55917,18799699
1790115478479166628,9671826,8064076,3737,1534966,55925,18799699
1790115478597212332,9672555,8064345,3737,1535423,55937,18799699
1790115478712568711,9673277,8064607,3737,1535867,55952,18799699
1790115478827426531,9673998,8064864,3737,1536314,55965,18799699
1790115478943295656,9674714,8065136,3737,1536754,55977,18799699
1790115479059023848,9675469,8065397,3737,1537202,55993,18799699
1790115479175887384,9676209,8065671,3737,1537654,56001,18799699
1790115479295261317,9676972,8065927,3737,1538132,56014,18799699
1790115479410833523,9677699,8066182,3737,1538580,56031,18799699
1790115479527111235,9678433,8066437,3737,1539037,56048,18799699
1790115479644094610,9679162,8066696,3737,1539500,56060,18799699
1790115479760155095,9679875,8066961,3737,1539945,56073,18799699
1790115479876806345,9680605,8067206,3737,1540418,56087,18799699
1790115479992574876,9681345,8067476,3737,1540863,56100,18799699
1790115480108627438,9682080,8067734,3737,1541311,56122,18799699
1790115480225592763,9682805,8068018,3737,1541744,56132,18799699
1790115480341740236,9683541,8068280,3737,1542196,56150,18799699
1790115480456645675,9684265,8068529,3737,1542647,56167,18799699
1790115480574781928,9685013,8068782,3737,1543127,56175,18799699
1790115480691160390,9685747,8069025,3737,1543597,56189,18799699
1790115480806983650,9686469,8069273,3737,1544058,56204,18799699
1790115480925389336,9687211,8069509,3737,1544478,56292,18799699
1790115481041338127,9687947,8069794,3737,1544902,56308,18799699
1790115481156361583,9688659,8070043,3737,1545360,56321,18799699
1790115481274551539,9689386,8070266,3737,1545864,56336,18799699
1790115481392440988,9690114,8070535,3737,1546318,56352,18799699
1790115481507445747,9690836,8070818,3737,1546742,56365,18799699
1790115481623368150,9691587,8071094,3737,1547177,56379,18799699
1790115481738594102,9692294,8071360,3737,1547619,56390,18799699
1790115481854162216,9693016,8071626,3737,1548063,56404,18799699
1790115481969130358,9693746,8071876,3737,1548527,56415,18799699
1790115482086223292,9694487,8072150,3737,1548970,56428,18799699
1790115482202218893,9695205,8072407,3737,1549428,56440,18799699
1790115482319241841,9695938,8072685,3737,1549867,56452,18799699
1790115482436853550,9696687,8072945,3737,1550325,56470,18799699
1790115482552538756,9697408,8073200,3737,1550782,56484,18799699
1790115482669837566,9698156,8073817,3737,1550894,56492,18829139
1790115482785480673,9698899,8074189,3737,1551252,56493,18833747
1790115482903796656,9699651,8074279,3737,1551912,56495,18833747
1790115483020102834,9700391,8074377,3737,1552559,56495,18833747
1790115483135387568,9701125,8074462,3737,1553203,56497,18833747
1790115483253328057,9701874,8074540,3737,1553877,56497,18833747
1790115483370296548,9702620,8074645,3737,1554517,56497,18833747
1790115483485052663,9703349,8074726,3737,1555166,56498,18833747
1790115483603068758,9704106,8074853,3737,1555790,56498,18833747
1790115483717320344,9704836,8074874,3737,1556496,56498,18833747
1790115483832464239,9705568,8074960,3737,1557140,56499,18833747
1790115483950470306,9706325,8075103,3737,1557748,56499,18833747
1790115484065085481,9707056,8075125,3737,1558460,56499,18833747
1790115484181432064,9707809,8075216,3737,1559106,56500,18833747
1790115484299465307,9708555,8075352,3737,1559720,56501,18833747
1790115484414352659,9709285,8075400,3737,1560406,56501,18833747
1790115484532726219,9710049,8075529,3737,1561027,56501,18833747
1790115484651097768,9710805,8075647,3737,1561664,56502,18833747
1790115484765924195,9711544,8075703,3737,1562336,56502,18833747
1790115484881037391,9712280,8075813,3737,1562961,56502,18833747
1790115484999253914,9713031,8075889,3737,1563637,56502,18833747
1790115485113847752,9713766,8075945,3737,1564305,56503,18833747
1790115485231553234,9714518,8076041,3737,1564959,56504,18833747
1790115485349866171,9715275,8076125,3737,1565628,56504,18833747
1790115485464462390,9715999,8076191,3737,1566290,56505,18833747
1790115485582450737,9716754,8076288,3737,1566944,56506,18833747
1790115485700444113,9717508,8076367,3737,1567616,56506,18833747
1790115485815536976,9718236,8076448,3737,1568266,56507,18833747
1790115485933576192,9718987,8076541,3737,1568926,56507,18833747
1790115486049792325,9719728,8076592,3737,1569613,56507,18833747
1790115486164661410,9720462,8076682,3737,1570255,56508,18833747
1790115486282800464,9721215,8076812,3737,1570876,56508,18833747
1790115486400665553,9721971,8076952,3737,1571486,56508,18833747
1790115486518471819,9722732,8077056,3737,1572134,56508,18833747
1790115486636657181,9723485,8077230,3737,1572709,56508,18833747
1790115486752931597,9724225,8077352,3737,1573324,56509,18833747
1790115486870888202,9724979,8077426,3737,1574001,56510,18833747
1790115486985284564,9725708,8077472,3737,1574688,56510,18833747
1790115487102597080,9726463,8077583,3737,1575320,56510,18833747
1790115487220837392,9727220,8077699,3737,1575959,56510,18833747
1790115487335189107,9727952,8077829,3737,1576556,56512,18833747
1790115487453177705,9728704,8077955,3737,1577180,56512,18833747
1790115487571065072,9729461,8078127,3737,1577758,56513,18833747
1790115487689086480,9730220,8078231,3737,1578404,56513,18833747
1790115487804421520,9730960,8078323,3737,1579047,56513,18833747
1790115487919221580,9731683,8078401,3737,1579699,56514,18833747
1790115488037346062,9732440,8078533,3737,1580318,56515,18833747
1790115488153100606,9733175,8078691,3737,1580896,56516,18833747
1790115488270956237,9733932,8078812,3737,1581519,56516,18833747
1790115488389225219,9734695,8078960,3737,1582128,56516,18833747
1790115488507152160,9735453,8079080,3737,1582757,56517,18833747
1790115488624868514,9736209,8079170,3737,1583413,56518,18833747
1790115488739754829,9736937,8079216,3737,1584100,56518,18833747
1790115488854698503,9737673,8079319,3737,1584727,56518,18833747
1790115488972755602,9738420,8079406,3737,1585391,56519,18833747
1790115489091400964,9739180,8079563,3737,1585989,56520,18833747
1790115489209565761,9739930,8079685,3737,1586618,56520,18833747
1790115489327042283,9740678,8079826,3737,1587226,56521,18833747
1790115489445387722,9741436,8079931,3737,1587872,56522,18833747
1790115489558104590,9742155,8079973,3737,1588550,56522,18833747
1790115489672764634,9742883,8080068,3737,1589177,56523,18833747
1790115489790842513,9743630,8080189,3737,1589807,56523,18833747
1790115489908473368,9744380,8080349,3737,1590396,56524,18833747
1790115490026559165,9745130,8080453,3737,1591043,56525,18833747
1790115490144675554,9745896,8080606,3737,1591641,56525,18833747
1790115490261721464,9746645,8080728,3737,1592263,56526,18833747
1790115490379950451,9747403,8080813,3737,1592929,56526,18833747
1790115490494725419,9748140,8080859,3737,1593615,56526,18833747
1790115490610633590,9748882,8081004,3737,1594207,56527,18833747
1790115490729061203,9749639,8081099,3737,1594869,56527,18833747
1790115490847015857,9750383,8081259,3737,1595458,56529,18833747
1790115490965204850,9751137,8081407,3737,1596061,56529,18833747
1790115491083005157,9751892,8081542,3737,1596675,56530,18833747
1790115491201726957,9752656,8081671,3737,1597304,56530,18833747
1790115491317187971,9753391,8081720,3737,1597988,56530,18833747
1790115491431693933,9754115,8081825,3737,1598605,56531,18833747
1790115491550199870,9754865,8082015,3737,1599171,56531,18833747
1790115491668406329,9755622,8082203,3737,1599732,56532,18833747
1790115491787117239,9756378,8082305,3737,1600388,56532,18833747
1790115491905145264,9757132,8082431,3737,1601012,56533,18833747
1790115492021731503,9757883,8082569,3737,1601610,56535,18833747
1790115492139820093,9758632,8082649,3737,1602281,56535,18833747
1790115492254680077,9759369,8082703,3737,1602958,56535,18833747
1790115492371165609,9760108,8082819,3737,1603587,56536,18833747
1790115492489251226,9760868,8082925,3737,1604231,56536,18833747
1790115492602409011,9761589,8083058,3737,1604816,56538,18833747
1790115492720697340,9762340,8083190,3737,1605434,56539,18833747
1790115492838537082,9763091,8083361,3737,1606012,56540,18833747
1790115492956572678,9763846,8083482,3737,1606643,56540,18833747
1790115493073302204,9764588,8083581,3737,1607289,56540,18833747
1790115493188189160,9765317,8083662,3737,1607938,56542,18833747
1790115493306266133,9766072,8083786,3737,1608557,56549,18833747
1790115493424398934,9766829,8083916,3737,1609167,56560,18833747
1790115493543689666,9767593,8084007,3737,1609785,56609,18833747
1790115493662142106,9768350,8084154,3737,1610357,56644,18833747
1790115493780022547,9769100,8084256,3737,1610966,56686,18833747
1790115493897887783,9769856,8084371,3737,1611565,56716,18833747
1790115494012444797,9770588,8084409,3737,1612259,56719,18833747
1790115494130881877,9771342,8084490,3737,1612881,56766,18833747
1790115494248804341,9772096,8084618,3737,1613464,56805,18833747
1790115494367181727,9772852,8084748,3737,1614079,56817,18833747
1790115494485370717,9773608,8084880,3737,1614698,56817,18833747
1790115494603819676,9774372,8085037,3737,1615289,56818,18833747
1790115494721858898,9775132,8085149,3737,1615928,56819,18833747
1790115494840009004,9775883,8085222,3737,1616612,56819,18833747
1790115494954835752,9776618,8085287,3737,1617270,56820,18833747
1790115495072555951,9777366,8085407,3737,1617901,56822,18833747
1790115495190796807,9778120,8085571,3737,1618489,56822,18833747
1790115495303459396,9778841,8085697,3737,1619079,56822,18833747
1790115495421576203,9779594,8085781,3737,1619746,56823,18833747
1790115495539660173,9780350,8085928,3737,1620349,56823,18833747
1790115495657984411,9781111,8086072,3737,1620953,56824,18833747
1790115495772537076,9781846,8086114,3737,1621645,56824,18833747
1790115495889983096,9782593,8086189,3737,1622312,56825,18833747
1790115496008335926,9783343,8086309,3737,1622949,56825,18833747
1790115496126326209,9784103,8086444,3737,1623563,56826,18833747
1790115496244397011,9784863,8086574,3737,1624183,56826,18833747
1790115496362742824,9785611,8086695,3737,1624815,56827,18833747
1790115496480229505,9786365,8086792,3737,1625467,56827,18833747
1790115496596339433,9787112,8086869,3737,1626130,56827,18833747
1790115496711935259,9787843,8086946,3737,1626782,56829,18833747
1790115496830044823,9788599,8087048,3737,1627435,56829,18833747
1790115496949636635,9789357,8087169,3737,1628072,56830,18833747
1790115497068396273,9790124,8087270,3737,1628728,56830,18833747
1790115497186433814,9790889,8087400,3737,1629349,56830,18833747
1790115497302043290,9791622,8087562,3737,1629923,56831,18833747
1790115497420717340,9792382,8087652,3737,1630584,56832,18833747
1790115497553868115,9793232,8087721,3737,1631362,56833,18833747
1790115497672153335,9793989,8087808,3737,1632029,56833,18833747
1790115497790273142,9794746,8087940,3737,1632647,56833,18833747
1790115497906575374,9795487,8088071,3737,1633254,56835,18833747
1790115498024524022,9796237,8088159,3737,1633914,56836,18833747
1790115498142270385,9796971,8088295,3737,1634527,56837,18833747
1790115498260355327,9797734,8088405,3737,1635168,56837,18833747
1790115498374853108,9798464,8088426,3737,1635874,56837,18833747
1790115498493732120,9799236,8088518,3737,1636536,56838,18833747
1790115498610730794,9799987,8088661,3737,1637137,56839,18833747
1790115498729782782,9800753,8088839,3737,1637714,56840,18833747
1790115498848099923,9801509,8088965,3737,1638343,56841,18833747
1790115498966066825,9802266,8089111,3737,1638949,56841,18833747
1790115499083416751,9803013,8089202,3737,1639603,56841,18833747
1790115499201565408,9803767,8089275,3737,1640282,56841,18833747
1790115499316448764,9804500,8089347,3737,1640944,56841,18833747
1790115499435250009,9805258,8089420,3737,1641627,56841,18833747
1790115499552819834,9806017,8089605,3737,1642186,56841,18833747
1790115499667072040,9806749,8089717,3737,1642806,56842,18833747
1790115499785087436,9807506,8089793,3737,1643481,56842,18833747
1790115499903391693,9808267,8089972,3737,1644050,56844,18833747
1790115500021382613,9809019,8090111,3737,1644662,56844,18833747
1790115500136257958,9809749,8090142,3737,1645365,56844,18833747
1790115500254561649,9810506,8090248,3737,1646007,56844,18833747
1790115500371243980,9811249,8090401,3737,1646597,56844,18833747
1790115500489570601,9812011,8090580,3737,1647167,56844,18833747
1790115500607957542,9812770,8090692,3737,1647811,56845,18833747
1790115500726227856,9813520,8090829,3737,1648424,56845,18833747
1790115500844820184,9814279,8090930,3737,1649074,56845,18833747
1790115500962862072,9815036,8091009,3737,1649746,56845,18833747
1790115501077726238,9815770,8091089,3737,1650401,56846,18833747
1790115501194420499,9816517,8091185,3737,1651047,56846,18833747
1790115501312565442,9817274,8091374,3737,1651607,56847,18833747
1790115501425585253,9818002,8091514,3737,1652186,56847,18833747
1790115501543678499,9818761,8091601,3737,1652849,56848,18833747
1790115501661907498,9819515,8091742,3737,1653456,56850,18833747
1790115501780038291,9820265,8091866,3737,1654089,56850,18833747
1790115501894667881,9821001,8091888,3737,1654795,56850,18833747
1790115502013376805,9821760,8091971,3737,1655466,56851,18833747
1790115502131380999,9822515,8092099,3737,1656088,56852,18833747
1790115502249388981,9823247,8092256,3737,1656675,56858,18833747
1790115502367382722,9824000,8092395,3737,1657287,56858,18833747
1790115502485221398,9824748,8092515,3737,1657917,56858,18833747
1790115502603189574,9825504,8092620,3737,1658563,56858,18833747
1790115502721253428,9826264,8092706,3737,1659228,56858,18833747
1790115502835911398,9826995,8092791,3737,1659867,56859,18833747
1790115502954083290,9827749,8092882,3737,1660533,56859,18833747
1790115503070961815,9828503,8093031,3737,1661122,56859,18833747
1790115503188582199,9829261,8093153,3737,1661750,56860,18833747
1790115503306657487,9830019,8093306,3737,1662351,56860,18833747
1790115503424671868,9830777,8093409,3737,1662997,56861,18833747
1790115503541566143,9831524,8093534,3737,1663616,56861,18833747
1790115503655806591,9832249,8093561,3737,1664314,56861,18833747
1790115503771819783,9832987,8093695,3737,1664917,56862,18833747
1790115503889906601,9833745,8093787,3737,1665577,56862,18833747
1790115504004662509,9834482,8093836,3737,1666261,56862,18833747
1790115504122080604,9835231,8093946,3737,1666901,56862,18833747
1790115504240041335,9835985,8094020,3737,1667579,56862,18833747
1790115504354781472,9836718,8094081,3737,1668243,56862,18833747
1790115504473144791,9837472,8094163,3737,1668919,56863,18833747
1790115504591335317,9838228,8094237,3737,1669596,56863,18833747
1790115504706246220,9838958,8094323,3737,1670238,56865,18833747
1790115504824242325,9839717,8094396,3737,1670917,56865,18833747
1790115504941573701,9840472,8094474,3737,1671586,56865,18833747
1790115505072764198,9841298,8094555,3737,1672335,56867,18833747
1790115505190879479,9842054,8094687,3737,1672954,56867,18833747
1790115505304883760,9842783,8094709,3737,1673660,56867,18833747
1790115505422795162,9843539,8094796,3737,1674322,56868,18833747
1790115505541091185,9844294,8094930,3737,1674945,56868,18833747
1790115505655616637,9845032,8094956,3737,1675646,56868,18833747
1790115505771688326,9845759,8095080,3737,1676258,56869,18833747
1790115505889529707,9846516,8095155,3737,1676934,56870,18833747
1790115506004191331,9847243,8095204,3737,1677616,56870,18833747
1790115506121061368,9847990,8095351,3737,1678213,56871,18833747
1790115506239167830,9848746,8095470,3737,1678846,56871,18833747
1790115506354008500,9849483,8095563,3737,1679481,56871,18833747
1790115506471068233,9850229,8095665,3737,1680127,56871,18833747
1790115506589069468,9850984,8095752,3737,1680791,56872,18833747
1790115506704228632,9851717,8095819,3737,1681457,56872,18833747
1790115506819746190,9852472,8096091,3737,1681897,56884,18833747
1790115506937243210,9853217,8096341,3737,1682366,56899,18833747
1790115507055211279,9853967,8096603,3737,1682783,56957,18833747
1790115507173458751,9854721,8096751,3737,1682961,57378,18833747
1790115507289864318,9855447,8096993,3737,1683440,57389,18833747
1790115507405353324,9856179,8097260,3737,1683883,57399,18833747
1790115507521229316,9856928,8097480,3737,1684380,57411,18833747
1790115507638073738,9857653,8097736,3737,1684839,57426,18833747
1790115507753971196,9858382,8098036,3737,1685251,57441,18833747
1790115507870965346,9859137,8098291,3737,1685710,57457,18833747
1790115507989020455,9859882,8098539,3737,1686194,57467,18833747
1790115508104679927,9860608,8098824,3737,1686619,57478,18833747
1790115508221642210,9861347,8099059,3737,1687108,57490,18833747
1790115508339377748,9862090,8099342,3737,1687557,57500,18833747
1790115508454165976,9862795,8099596,3737,1688002,57516,18833747
1790115508569326376,9863509,8099855,3737,1688449,57527,18833747
1790115508684907520,9864240,8100119,3737,1688896,57541,18833747
1790115508801795310,9864951,8100382,3737,1689351,57556,18833747
1790115508919239178,9865705,8100620,3737,1689834,57569,18833747
1790115509035702235,9866421,8100911,3737,1690259,57584,18833747
1790115509150734850,9867137,8101192,3737,1690684,57597,18833747
1790115509268335825,9867871,8101443,3737,1691156,57609,18833747
1790115509385795215,9868638,8101700,3737,1691630,57618,18833747
1790115509501084920,9869371,8101971,3737,1692070,57627,18833747
1790115509619107348,9870115,8102234,3737,1692534,57640,18833747
1790115509736330417,9870850,8102481,3737,1693002,57658,18833747
1790115509850354354,9871579,8102781,3737,1693383,57691,18833747
1790115509966392551,9872312,8103038,3737,1693793,57756,18833747
1790115510082529922,9873050,8103321,3737,1694221,57767,18833747
1790115510199004823,9873792,8103567,3737,1694698,57778,18833747
1790115510315929915,9874524,8103839,3737,1695144,57790,18833747
1790115510430865329,9875249,8104101,3737,1695585,57805,18833747
1790115510546561849,9875947,8104358,3737,1696038,57822,18833747
1790115510662227851,9876683,8104611,3737,1696494,57833,18833747
1790115510778644070,9877416,8104855,3737,1696969,57844,18833747
1790115510893818425,9878159,8105092,3737,1697439,57859,18833747
1790115511011068550,9878889,8105339,3737,1697913,57872,18833747
1790115511127234739,9879626,8105590,3737,1698375,57884,18833747
1790115511242054667,9880347,8105830,3737,1698833,57903,18833747
1790115511357692491,9881069,8106092,3737,1699283,57914,18833747
1790115511473247443,9881807,8106389,3737,1699700,57927,18833747
1790115511588935363,9882499,8106616,3737,1700192,57937,18833747
1790115511705209578,9883219,8106880,3737,1700640,57949,18833747
1790115511820829181,9883934,8107174,3737,1701060,57959,18833747
1790115511936672332,9884687,8107456,3737,1701491,57972,18833747
1790115512053109747,9885414,8107705,3737,1701955,57986,18833747
1790115512169451166,9886153,8107952,3737,1702424,58000,18833747
1790115512285817553,9886884,8108218,3737,1702880,58008,18833747
1790115512402588216,9887612,8108503,3737,1703313,58020,18833747
1790115512518602126,9888321,8108757,3737,1703772,58032,18833747
1790115512635230425,9889077,8108998,3737,1704176,58119,18833747
1790115512750050985,9889794,8109273,3737,1704606,58133,18833747
1790115512865886312,9890525,8109517,3737,1705073,58149,18833747
1790115512982715731,9891274,8109757,3737,1705554,58162,18833747
1790115513099369417,9891993,8110031,3737,1705992,58175,18833747
1790115513216224047,9892723,8110301,3737,1706442,58187,18833747
1790115513333435329,9893437,8110588,3737,1706870,58206,18833747
1790115513450109805,9894165,8110853,3737,1707322,58218,18833747
1790115513565621118,9894897,8111090,3737,1707801,58229,18833747
1790115513680018373,9895625,8111326,3737,1708263,58245,18833747
1790115513795059281,9896340,8111580,3737,1708716,58257,18833747
1790115513912155886,9897080,8111854,3737,1709163,58268,18833747
1790115514025542885,9897787,8112141,3737,1709576,58281,18833747
1790115514141953914,9898519,8112424,3737,1710007,58291,18833747
1790115514257436895,9899245,8112677,3737,1710472,58302,18833747
1790115514378075779,9900010,8112937,3737,1710956,58310,18833747
1790115514494629082,9900751,8113193,3737,1711417,58324,18833747
1790115514609469108,9901472,8113447,3737,1711865,58337,18833747
1790115514725679637,9902206,8113670,3737,1712284,58427,18833747
1790115514840387299,9902926,8113925,3737,1712729,58441,18833747
1790115514958204111,9903645,8114150,3737,1713233,58450,18833747
1790115515076580293,9904386,8114405,3737,1713708,58466,18833747
1790115515191630398,9905113,8114674,3737,1714145,58480,18833747
1790115515307479662,9905859,8114933,3737,1714595,58492,18833747
1790115515423307027,9906577,8115197,3737,1715050,58504,18833747
1790115515539267688,9907308,8115450,3737,1715503,58517,18833747
1790115515654052391,9908021,8115680,3737,1715989,58525,18833747
1790115515771645075,9908781,8115970,3737,1716422,58537,18833747
1790115515887747826,9909511,8116240,3737,1716862,58555,18833747
1790115516004216278,9910245,8116496,3737,1717327,58566,18833747
1790115516120559786,9910967,8116774,3737,1717757,58581,18833747
1790115516237697654,9911719,8117027,3737,1718229,58591,18833747
1790115516352923341,9912436,8117273,3737,1718696,58600,18833747
1790115516469631048,9913172,8117529,3737,1719157,58614,18833747
1790115516585437188,9913900,8117786,3737,1719619,58621,18833747
1790115516701329600,9914623,8118034,3737,1720079,58639,18833747
1790115516817842838,9915369,8118298,3737,1720526,58654,18833747
1790115516932659797,9916090,8118545,3737,1720985,58667,18833747
1790115517050711723,9916866,8118788,3737,1721470,58679,18833747
1790115517168729765,9917593,8119058,3737,1721925,58696,18833747
1790115517285555556,9918328,8119337,3737,1722360,58714,18833747
1790115517401106654,9919036,8119581,3737,1722753,58797,18833747
1790115517517266716,9919784,8119842,3737,1723200,58814,18833747
1790115517633458766,9920509,8120106,3737,1723652,58827,18833747
1790115517751792735,9921260,8120336,3737,1724156,58838,18833747
1790115517869553972,9921998,8120592,3737,1724621,58851,18833747
1790115517985301940,9922734,8120843,3737,1725082,58862,18833747
1790115518101369259,9923473,8121105,3737,1725530,58879,18833747
1790115518217094364,9924200,8121379,3737,1725967,58893,18833747
1790115518337929414,9924963,8121633,3737,1726465,58901,18833747
1790115518457122048,9925724,8121883,3737,1726943,58918,18833747
1790115518573273961,9926452,8122147,3737,1727388,58935,18833747
1790115518689974950,9927193,8122414,3737,1727842,58947,18833747
1790115518808028709,9927928,8122666,3737,1728308,58964,18833747
1790115518923648559,9928673,8122929,3737,1728759,58978,18833747
1790115519040714518,9929383,8123157,3737,1729257,58987,18833747
1790115519158623094,9930097,8123420,3737,1729708,59009,18833747
1790115519273587219,9930839,8123713,3737,1730123,59020,18833747
1790115519389244016,9931545,8123971,3737,1730563,59045,18833747
1790115519506247354,9932299,8124214,3737,1730971,59126,18833747
1790115519621672676,9933037,8124462,3737,1731438,59139,18833747
1790115519737861488,9933786,8124692,3737,1731923,59149,18833747
1790115519854310591,9934515,8124945,3737,1732383,59165,18833747
1790115519969716040,9935240,8125208,3737,1732832,59178,18833747
1790115520083913886,9935968,8125485,3737,1733257,59190,18833747
1790115520201019836,9936707,8125767,3737,1733696,59202,18833747
1790115520316193946,9937412,8126038,3737,1734132,59214,18833747
1790115520434697946,9938169,8126280,3737,1734625,59225,18833747
1790115520551037342,9938906,8126543,3737,1735074,59238,18833747
1790115520668302949,9939656,8126806,3737,1735529,59254,18833747
1790115520785448734,9940413,8127066,3737,1735990,59266,18833747
1790115520904030928,9941177,8127351,3737,1736431,59282,18833747
1790115521019599721,9941928,8127612,3737,1736883,59294,18833747
1790115521137601549,9942658,8127862,3737,1737362,59306,18833747
1790115521252903564,9943360,8128139,3737,1737796,59315,18833747
1790115521368905516,9944068,8128390,3737,1738256,59329,18833747
1790115521484831942,9944771,8128652,3737,1738709,59339,18833747
1790115521601454245,9945495,8128950,3737,1739131,59354,18833747
1790115521716098424,9946202,8129199,3737,1739585,59366,18833747
1790115521830654329,9946933,8129436,3737,1740058,59377,18833747
1790115521947701496,9947667,8129711,3737,1740499,59390,18833747
1790115522062824574,9948374,8129966,3737,1740953,59402,18833747
1790115522178541163,9949083,8130214,3737,1741352,59480,18833747
1790115522294642851,9949804,8130491,3737,1741791,59491,18833747
1790115522410216880,9950519,8130751,3737,1742247,59505,18833747
1790115522526118307,9951232,8130998,3737,1742709,59519,18833747
1790115522643481181,9951959,8131260,3737,1743165,59534,18833747
1790115522760196458,9952681,8131523,3737,1743615,59550,18833747
1790115522877463870,9953421,8131814,3737,1744045,59562,18833747
1790115522992562182,9954133,8132070,3737,1744494,59578,18833747
1790115523109103536,9954854,8132314,3737,1744971,59589,18833747
1790115523232812230,9955657,8132564,3737,1745486,59601,18833747
1790115523350477870,9956374,8132829,3737,1745938,59616,18833747
1790115523467533603,9957115,8133091,3737,1746390,59635,18833747
1790115523584655759,9957857,8133344,3737,1746849,59654,18833747
1790115523700405115,9958598,8133599,3737,1747306,59668,18833747
1790115523815424327,9959317,8133848,3737,1747771,59676,18833747
1790115523931799221,9960038,8134114,3737,1748220,59688,18833747
1790115524048293575,9960779,8134387,3737,1748664,59702,18833747
1790115524164575925,9961517,8134639,3737,1749115,59724,18833747
1790115524282011472,9962253,8134884,3737,1749525,59808,18833747
1790115524397010906,9962968,8135136,3737,1749974,59826,18833747
1790115524513289279,9963708,8135383,3737,1750448,59838,18833747
1790115524631405269,9964443,8135636,3737,1750914,59854,18833747
1790115524747649021,9965177,8135894,3737,1751368,59869,18833747
1790115524864001163,9965896,8136177,3737,1751800,59883,18833747
1790115524980554519,9966619,8136434,3737,1752265,59895,18833747
1790115525095965083,9967358,8136703,3737,1752700,59911,18833747
1790115525209888662,9968088,8136926,3737,1753184,59920,18833747
1790115525326713323,9968817,8137209,3737,1753621,59933,18833747
1790115525443129758,9969527,8137465,3737,1754074,59949,18833747
1790115525558889122,9970233,8137734,3737,1754518,59964,18833747
1790115525674828038,9970973,8137981,3737,1754984,59975,18833747
1790115525790655024,9971712,8138226,3737,1755450,59987,18833747
1790115525908685940,9972454,8138469,3737,1755936,60002,18833747
1790115526026632600,9973202,8138725,3737,1756403,60018,18833747
1790115526141948690,9973921,8138990,3737,1756842,60032,18833747
1790115526258190372,9974632,8139248,3737,1757296,60048,18833747
1790115526374411242,9975370,8139563,3737,1757700,60059,18833747
1790115526490063265,9976083,8139835,3737,1758135,60075,18833747
1790115526608457115,9976829,8140077,3737,1758628,60086,18833747
1790115526724128056,9977527,8140329,3737,1759082,60101,18833747
1790115526839826902,9978250,8140571,3737,1759545,60117,18833747
1790115526955448872,9978985,8140799,3737,1759952,60208,18833747
1790115527071227186,9979698,8141053,3737,1760406,60223,18833747
1790115527186281641,9980411,8141337,3737,1760831,60236,18833747
1790115527305660403,9981150,8141572,3737,1761330,60250,18833747
1790115527423619338,9981867,8141824,3737,1761798,60269,18833747
1790115527540268014,9982577,8142077,3737,1762258,60282,18833747
1790115527657831984,9983330,8142344,3737,1762713,60295,18833747
1790115527774265550,9984057,8142614,3737,1763160,60309,18833747
1790115527892673500,9984802,8142854,3737,1763652,60318,18833747
1790115528009994793,9985532,8143114,3737,1764112,60334,18833747
1790115528126618528,9986275,8143428,3737,1764518,60348,18833747
1790115528242618235,9986999,8143694,3737,1764962,60360,18833747
1790115528359690701,9987740,8143976,3737,1765398,60373,18833747
1790115528475239839,9988486,8144245,3737,1765842,60383,18833747
1790115528601730024,9989277,8144507,3737,1766367,60393,18833747
1790115528718072957,9990017,8144765,3737,1766818,60409,18833747
1790115528835173772,9990752,8145036,3737,1767269,60421,18833747
1790115528950244875,9991486,8145284,3737,1767654,60508,18833747
1790115529065893570,9992191,8145551,3737,1768099,60519,18833747
1790115529182463257,9992921,8145798,3737,1768572,60531,18833747
1790115529299513935,9993684,8146039,3737,1769051,60542,18833747
1790115529416016418,9994407,8146298,3737,1769510,60556,18833747
1790115529531052276,9995124,8146554,3737,1769961,60570,18833747
1790115529647308678,9995877,8146809,3737,1770414,60586,18833747
1790115529762550259,9996607,8147057,3737,1770872,60602,18833747
1790115529878629401,9997356,8147329,3737,1771318,60611,18833747
1790115529994174193,9998083,8147579,3737,1771782,60620,18833747
1790115530110000605,9998840,8147826,3737,1772242,60638,18833747
1790115530226305514,9999577,8148075,3737,1772705,60653,18833747
1790115530341428182,10000312,8148340,3737,1773142,60673,18833747
1790115530457058138,10001033,8148584,3737,1773604,60690,18833747
1790115530573939151,10001779,8148848,3737,1774062,60700,18833747
1790115530690924736,10002492,8149109,3737,1774520,60714,18833747
1790115530807613960,10003220,8149388,3737,1774956,60731,18833747
1790115530923408081,10003957,8149630,3737,1775420,60749,18833747
1790115531040146861,10004693,8149881,3737,1775877,60768,18833747
1790115531155948330,10005419,8150140,3737,1776326,60787,18833747
1790115531275019248,10006158,8150386,3737,1776811,60801,18833747
1790115531389669209,10006901,8150642,3737,1777258,60815,18833747
1790115531506824012,10007641,8150898,3737,1777723,60829,18833747
1790115531624060010,10008380,8151167,3737,1778168,60844,18833747
1790115531739745422,10009114,8151399,3737,1778578,60926,18833747
1790115531855177582,10009838,8151663,3737,1779027,60936,18833747
1790115531970376318,10010566,8151877,3737,1779525,60948,18833747
1790115532086741948,10011301,8152121,3737,1780001,60959,18833747
1790115532202095847,10012024,8152381,3737,1780448,60970,18833747
1790115532317563732,10012773,8152641,3737,1780897,60983,18833747
1790115532434610006,10013510,8152903,3737,1781351,61001,18833747
1790115532548634079,10014232,8153143,3737,1781813,61014,18833747
1790115532665878601,10014960,8153392,3737,1782287,61027,18833747
1790115532781601966,10015693,8153654,3737,1782730,61044,18833747
1790115532895692151,10016420,8153934,3737,1783147,61062,18833747
1790115533010752723,10017111,8154193,3737,1783592,61075,18833747
1790115533126734377,10017835,8154436,3737,1784063,61086,18833747
1790115533241149775,10018571,8154668,3737,1784536,61100,18833747
1790115533358646258,10019320,8154893,3737,1785031,61114,18833747
1790115533475791818,10020051,8155140,3737,1785505,61127,18833747
1790115533591545108,10020746,8155413,3737,1785942,61140,18833747
1790115533707649194,10021478,8155667,3737,1786400,61155,18833747
1790115533824373640,10022202,8155918,3737,1786867,61168,18833747
1790115533939248857,10022922,8156184,3737,1787309,61180,18833747
1790115534054554216,10023639,8156435,3737,1787773,61190,18833747
1790115534167675068,10024352,8156693,3737,1788206,61207,18833747
1790115534283455652,10025076,8156952,3737,1788656,61222,18833747
1790115534397302505,10025793,8157179,3737,1789050,61315,18833747
1790115534514061379,10026518,8157438,3737,1789509,61325,18833747
1790115534628375444,10027244,8157687,3737,1789971,61338,18833747
1790115534749976622,10027990,8157966,3737,1790440,61348,18833747
1790115534866219410,10028725,8158230,3737,1790894,61358,18833747
1790115534981616394,10029457,8158486,3737,1791345,61373,18833747
1790115535097472314,10030177,8158733,3737,1791808,61386,18833747
1790115535212089001,10030886,8158990,3737,1792250,61403,18833747
1790115535329511678,10031617,8159216,3737,1792750,61415,18833747
1790115535446935652,10032365,8159504,3737,1793189,61424,18833747
1790115535564529651,10033102,8159781,3737,1793630,61439,18833747
1790115535680068423,10033818,8160069,3737,1794052,61453,18833747
1790115535795721077,10034540,8160350,3737,1794486,61463,18833747
1790115535913342554,10035280,8160624,3737,1794941,61474,18833747
1790115536029617003,10036018,8160895,3737,1795390,61481,18833747
1790115536145892362,10036769,8161169,3737,1795829,61497,18833747
1790115536263333797,10037505,8161421,3737,1796293,61514,18833747
1790115536378639004,10038212,8161670,3737,1796754,61525,18833747
1790115536497461675,10038960,8161907,3737,1797182,61604,18833747
1790115536612208482,10039684,8162156,3737,1797639,61616,18833747
1790115536728595716,10040382,8162388,3737,1798127,61627,18833747
1790115536845342112,10041115,8162642,3737,1798591,61639,18833747
1790115536961407542,10041860,8162891,3737,1799058,61651,18833747
1790115537077541230,10042593,8163169,3737,1799488,61667,18833747
1790115537193890423,10043338,8163418,3737,1799956,61677,18833747
1790115537308445882,10044048,8163669,3737,1800410,61691,18833747
1790115537423924912,10044764,8163913,3737,1800878,61703,18833747
1790115537538699245,10045511,8164184,3737,1801310,61717,18833747
1790115537654829408,10046241,8164457,3737,1801751,61730,18833747
1790115537771892822,10046984,8164729,3737,1802201,61742,18833747
1790115537889658669,10047710,8164980,3737,1802667,61757,18833747
1790115538004901422,10048430,8165215,3737,1803141,61770,18833747
1790115538129390897,10049196,8165462,3737,1803666,61780,18833747
1790115538244875610,10049930,8165723,3737,1804109,61795,18833747
1790115538361426885,10050662,8165979,3737,1804568,61810,18833747
1790115538477463078,10051394,8166256,3737,1805006,61820,18833747
1790115538593787062,10052122,8166530,3737,1805445,61835,18833747
1790115538708622087,10052830,8166766,3737,1805920,61845,18833747
1790115538824581782,10053569,8167020,3737,1806382,61856,18833747
1790115538941273878,10054290,8167276,3737,1806846,61867,18833747
1790115539057966583,10054996,8167531,3737,1807307,61879,18833747
1790115539174434508,10055729,8167761,3737,1807714,61970,18833747
1790115539289105376,10056440,8168011,3737,1808169,61986,18833747
1790115539406345139,10057177,8168253,3737,1808648,61998,18833747
1790115539524618838,10057920,8168525,3737,1809098,62016,18833747
1790115539639331719,10058641,8168781,3737,1809544,62032,18833747
1790115539755832889,10059372,8169041,3737,1809996,62049,18833747
1790115539871393540,10060104,8169288,3737,1810453,62065,18833747
1790115539987154370,10060829,8169529,3737,1810926,62077,18833747
1790115540104468794,10061577,8169989,3737,1811193,62087,18849619
1790115540218043103,10062304,8170590,3737,1811303,62091,18869459
1790115540337514219,10063076,8170692,3737,1811959,62094,18869459
1790115540455769292,10063830,8170773,3737,1812629,62094,18869459
1790115540570539116,10064561,8170850,3737,1813284,62095,18869459
1790115540688124313,10065311,8170941,3737,1813941,62095,18869459
1790115540802813162,10066051,8171025,3737,1814586,62095,18869459
1790115540917565585,10066788,8171103,3737,1815239,62095,18869459
1790115541035577346,10067544,8171222,3737,1815870,62095,18869459
1790115541149628400,10068268,8171259,3737,1816561,62095,18869459
1790115541266081767,10069005,8171380,3737,1817182,62096,18869459
1790115541384222185,10069759,8171477,3737,1817838,62096,18869459
1790115541498772531,10070493,8171574,3737,1818464,62097,18869459
1790115541616750874,10071249,8171708,3737,1819083,62097,18869459
1790115541730474966,10071975,8171788,3737,1819727,62098,18869459
1790115541845595381,10072703,8171876,3737,1820369,62099,18869459
1790115541963881883,10073453,8172021,3737,1820975,62099,18869459
1790115542078348443,10074186,8172093,3737,1821636,62099,18869459
1790115542193557949,10074928,8172217,3737,1822243,62100,18869459
1790115542311650906,10075683,8172297,3737,1822916,62100,18869459
1790115542426377248,10076416,8172378,3737,1823566,62101,18869459
1790115542544374864,10077168,8172515,3737,1824180,62101,18869459
1790115542658371975,10077899,8172550,3737,1824872,62101,18869459
1790115542773015510,10078624,8172649,3737,1825502,62102,18869459
1790115542890965230,10079380,8172794,3737,1826102,62102,18869459
1790115543005526663,10080114,8172840,3737,1826788,62103,18869459
1790115543121908790,10080864,8172950,3737,1827415,62104,18869459
1790115543239926063,10081618,8173027,3737,1828090,62104,18869459
1790115543355012680,10082364,8173101,3737,1828752,62105,18869459
1790115543473056775,10083118,8173238,3737,1829365,62106,18869459
1790115543591149858,10083867,8173403,3737,1829951,62106,18869459
1790115543709575526,10084627,8173492,3737,1830612,62106,18869459
1790115543826804383,10085383,8173647,3737,1831199,62107,18869459
1790115543945144669,10086134,8173753,3737,1831850,62108,18869459
1790115544060733809,10086876,8173856,3737,1832480,62108,18869459
1790115544175523293,10087603,8173966,3737,1833101,62108,18869459
1790115544293686463,10088365,8174134,3737,1833685,62108,18869459
1790115544411921842,10089108,8174265,3737,1834303,62109,18869459
1790115544530202806,10089861,8174380,3737,1834946,62109,18869459
1790115544648135733,10090618,8174526,3737,1835549,62109,18869459
1790115544766279028,10091380,8174642,3737,1836184,62110,18869459
1790115544880157493,10092107,8174721,3737,1836832,62110,18869459
1790115544994606645,10092831,8174806,3737,1837472,62110,18869459
1790115545112729177,10093583,8174932,3737,1838096,62110,18869459
1790115545230648121,10094326,8175067,3737,1838710,62112,18869459
1790115545349214971,10095073,8175184,3737,1839350,62112,18869459
1790115545467310622,10095823,8175321,3737,1839962,62112,18869459
1790115545585435364,10096580,8175475,3737,1840560,62113,18869459
1790115545699992623,10097310,8175519,3737,1841243,62113,18869459
1790115545818190247,10098076,8175669,3737,1841847,62113,18869459
1790115545933819398,10098811,8175811,3737,1842439,62114,18869459
1790115546051362922,10099561,8175985,3737,1843013,62115,18869459
1790115546170753373,10100325,8176104,3737,1843651,62115,18869459
1790115546288750139,10101083,8176261,3737,1844243,62116,18869459
1790115546406865277,10101838,8176399,3737,1844855,62116,18869459
1790115546521566791,10102569,8176439,3737,1845548,62116,18869459
1790115546637170179,10103292,8176558,3737,1846166,62117,18869459
1790115546755441885,10104049,8176715,3737,1846763,62117,18869459
1790115546874215050,10104812,8176880,3737,1847351,62118,18869459
1790115546992437994,10105564,8176991,3737,1847991,62118,18869459
1790115547109333774,10106308,8177129,3737,1848596,62119,18869459
1790115547224332615,10107048,8177230,3737,1849227,62119,18869459
1790115547339121856,10107783,8177284,3737,1849905,62119,18869459
1790115547453302498,10108518,8177422,3737,1850493,62120,18869459
1790115547571552742,10109281,8177579,3737,1851085,62121,18869459
1790115547687564916,10110016,8177718,3737,1851683,62122,18869459
1790115547805666519,10110770,8177818,3737,1852337,62122,18869459
1790115547922941941,10111514,8177966,3737,1852933,62123,18869459
1790115548037614611,10112252,8178075,3737,1853553,62123,18869459
1790115548152383178,10112990,8178128,3737,1854231,62124,18869459
1790115548270248441,10113739,8178231,3737,1854879,62125,18869459
1790115548388259299,10114485,8178403,3737,1855456,62125,18869459
1790115548500923138,10115208,8178519,3737,1856052,62126,18869459
1790115548619548881,10115967,8178656,3737,1856675,62127,18869459
1790115548737742996,10116723,8178770,3737,1857309,62127,18869459
1790115548855870949,10117474,8178841,3737,1857989,62127,18869459
1790115548970709658,10118210,8178903,3737,1858657,62128,18869459
1790115549088124673,10118962,8178986,3737,1859325,62128,18869459
1790115549206148345,10119727,8179142,3737,1859920,62128,18869459
1790115549323758997,10120475,8179242,3737,1860564,62129,18869459
1790115549441872967,10121224,8179401,3737,1861158,62129,18869459
1790115549559230429,10121973,8179497,3737,1861810,62130,18869459
1790115549677284581,10122729,8179571,3737,1862487,62130,18869459
1790115549791844920,10123468,8179653,3737,1863129,62130,18869459
1790115549909971391,10124220,8179770,3737,1863762,62131,18869459
1790115550027907809,10124963,8179914,3737,1864367,62132,18869459
1790115550145912034,10125717,8180027,3737,1865008,62133,18869459
1790115550263846908,10126474,8180153,3737,1865628,62133,18869459
1790115550381788508,10127228,8180251,3737,1866285,62133,18869459
1790115550495818598,10127964,8180297,3737,1866963,62133,18869459
1790115550610946553,10128701,8180371,3737,1867620,62133,18869459
1790115550728922937,10129456,8180498,3737,1868245,62133,18869459
1790115550846952760,10130204,8180651,3737,1868841,62134,18869459
1790115550965444290,10130965,8180778,3737,1869471,62134,18869459
1790115551083465814,10131722,8180938,3737,1870060,62135,18869459
1790115551201639602,10132470,8181063,3737,1870685,62135,18869459
1790115551316708575,10133207,8181096,3737,1871386,62135,18869459
1790115551433543693,10133953,8181202,3737,1872023,62136,18869459
1790115551547339497,10134679,8181347,3737,1872602,62136,18869459
1790115551665585320,10135447,8181518,3737,1873180,62137,18869459
1790115551783631068,10136203,8181635,3737,1873814,62137,18869459
1790115551901536291,10136956,8181791,3737,1874407,62138,18869459
1790115552020037541,10137709,8181922,3737,1875034,62138,18869459
1790115552134304641,10138439,8181970,3737,1875713,62138,18869459
1790115552252874623,10139196,8182114,3737,1876318,62139,18869459
1790115552370872283,10139946,8182220,3737,1876965,62139,18869459
1790115552484164882,10140671,8182377,3737,1877528,62141,18869459
1790115552601772206,10141425,8182513,3737,1878137,62141,18869459
1790115552720226142,10142191,8182658,3737,1878749,62141,18869459
1790115552838523358,10142947,8182791,3737,1879366,62141,18869459
1790115552953338701,10143677,8182829,3737,1880061,62141,18869459
1790115553067002869,10144404,8182953,3737,1880662,62142,18869459
1790115553185135918,10145157,8183076,3737,1881290,62142,18869459
1790115553302709832,10145917,8183198,3737,1881909,62147,18869459
1790115553420800075,10146669,8183307,3737,1882553,62147,18869459
1790115553536978141,10147420,8183435,3737,1883166,62148,18869459
1790115553655090390,10148171,8183507,3737,1883845,62148,18869459
1790115553769550064,10148892,8183561,3737,1884516,62148,18869459
1790115553888305074,10149648,8183652,3737,1885160,62170,18869459
1790115554006466873,10150411,8183818,3737,1885737,62177,18869459
1790115554124016208,10151157,8183914,3737,1886334,62233,18869459
1790115554242188088,10151915,8184030,3737,1886919,62283,18869459
1790115554360471672,10152675,8184142,3737,1887517,62324,18869459
1790115554479148877,10153430,8184214,3737,1888171,62354,18869459
1790115554593855781,10154164,8184269,3737,1888828,62371,18869459
1790115554711698148,10154923,8184383,3737,1889420,62413,18869459
1790115554830122564,10155681,8184509,3737,1890011,62454,18869459
1790115554945607220,10156428,8184636,3737,1890577,62492,18869459
1790115555063874046,10157181,8184722,3737,1891200,62536,18869459
1790115555181175894,10157927,8184858,3737,1891811,62538,18869459
1790115555299084501,10158677,8184980,3737,1892441,62538,18869459
1790115555413903863,10159415,8185044,3737,1893103,62538,18869459
1790115555531052897,10160158,8185170,3737,1893729,62538,18869459
1790115555649130395,10160919,8185353,3737,1894295,62539,18869459
1790115555760958816,10161628,8185479,3737,1894873,62539,18869459
1790115555879293720,10162375,8185611,3737,1895498,62540,18869459
1790115555997518025,10163137,8185738,3737,1896120,62541,18869459
1790115556115513039,10163891,8185843,3737,1896766,62542,18869459
1790115556230476255,10164619,8185936,3737,1897404,62543,18869459
1790115556348271079,10165370,8186029,3737,1898062,62543,18869459
1790115556467012856,10166137,8186198,3737,1898646,62543,18869459
1790115556578687644,10166850,8186334,3737,1899217,62543,18869459
1790115556697013411,10167603,8186510,3737,1899798,62544,18869459
1790115556814906770,10168363,8186639,3737,1900412,62545,18869459
1790115556933018201,10169112,8186725,3737,1901083,62545,18869459
1790115557047472046,10169852,8186794,3737,1901740,62545,18869459
1790115557165630537,10170598,8186883,3737,1902402,62546,18869459
1790115557283278107,10171359,8187044,3737,1902991,62546,18869459
1790115557401753725,10172127,8187128,3737,1903657,62546,18869459
1790115557519807381,10172877,8187292,3737,1904246,62547,18869459
1790115557637283327,10173620,8187381,3737,1904904,62548,18869459
1790115557755320056,10174373,8187451,3737,1905585,62548,18869459
1790115557869952246,10175103,8187528,3737,1906233,62548,18869459
1790115557987900314,10175861,8187641,3737,1906872,62549,18869459
1790115558106437080,10176612,8187780,3737,1907487,62549,18869459
1790115558224703665,10177369,8187909,3737,1908110,62550,18869459
1790115558342713787,10178128,8188074,3737,1908693,62550,18869459
1790115558460705590,10178883,8188172,3737,1909348,62550,18869459
1790115558574122937,10179606,8188219,3737,1910027,62550,18869459
1790115558689149512,10180334,8188302,3737,1910674,62551,18869459
1790115558807298462,10181086,8188426,3737,1911301,62552,18869459
1790115558925264948,10181836,8188554,3737,1911922,62553,18869459
1790115559043464508,10182599,8188671,3737,1912556,62553,18869459
1790115559161415469,10183350,8188829,3737,1913147,62553,18869459
1790115559279463813,10184103,8188963,3737,1913764,62553,18869459
1790115559393403199,10184833,8188996,3737,1914458,62553,18869459
1790115559511463753,10185583,8189127,3737,1915076,62555,18869459
1790115559629903972,10186338,8189206,3737,1915747,62555,18869459
1790115559744438165,10187073,8189269,3737,1916415,62556,18869459
1790115559862358444,10187821,8189373,3737,1917062,62558,18869459
1790115559979447680,10188573,8189456,3737,1917725,62558,18869459
1790115560094519621,10189321,8189537,3737,1918373,62559,18869459
1790115560212891013,10190070,8189667,3737,1918993,62559,18869459
1790115560327425895,10190805,8189706,3737,1919688,62560,18869459
1790115560444903694,10191549,8189822,3737,1920312,62563,18869459
1790115560562942934,10192309,8189892,3737,1920993,62563,18869459
1790115560677702319,10193036,8189947,3737,1921666,62564,18869459
1790115560794657611,10193789,8190029,3737,1922329,62564,18869459
1790115560910659611,10194538,8190110,3737,1922988,62564,18869459
1790115561025438803,10195261,8190191,3737,1923637,62565,18869459
1790115561143595197,10196018,8190332,3737,1924246,62565,18869459
1790115561258077283,10196746,8190370,3737,1924941,62566,18869459
1790115561374676776,10197486,8190500,3737,1925546,62567,18869459
1790115561492755203,10198241,8190586,3737,1926212,62567,18869459
1790115561607351051,10198975,8190674,3737,1926854,62568,18869459
1790115561719591753,10199695,8190784,3737,1927459,62568,18869459
1790115561839576576,10200463,8190929,3737,1928079,62568,18869459
1790115561954378056,10201202,8191032,3737,1928706,62569,18869459
1790115562072391184,10201954,8191158,3737,1929331,62569,18869459
1790115562187939962,10202689,8191195,3737,1930027,62569,18869459
1790115562304099061,10203410,8191402,3737,1930552,62575,18869459
1790115562422666220,10204150,8191691,3737,1930993,62587,18869459
1790115562539410984,10204882,8191949,3737,1931445,62604,18869459
1790115562654818100,10205605,8192198,3737,1931903,62617,18869459
1790115562770181887,10206330,8192399,3737,1932183,62862,18869459
1790115562886012465,10207052,8192636,3737,1932657,62878,18869459
1790115563002622487,10207796,8192868,3737,1933146,62886,18869459
1790115563119240157,10208529,8193138,3737,1933599,62896,18869459
1790115563235327021,10209242,8193407,3737,1934042,62909,18869459
1790115563352208101,10209946,8193682,3737,1934484,62923,18869459
1790115563466921879,10210670,8193928,3737,1934942,62938,18869459
1790115563581545961,10211383,8194169,3737,1935406,62950,18869459
1790115563697512464,10212127,8194409,3737,1935881,62963,18869459
1790115563812147020,10212837,8194656,3737,1936344,62972,18869459
1790115563929112623,10213581,8194916,3737,1936799,62987,18869459
1790115564046293126,10214297,8195175,3737,1937261,62999,18869459
1790115564163798728,10215022,8195436,3737,1937720,63013,18869459
1790115564281028540,10215757,8195681,3737,1938190,63031,18869459
1790115564399681469,10216481,8195924,3737,1938681,63041,18869459
1790115564514932088,10217204,8196181,3737,1939133,63055,18869459
1790115564629412721,10217932,8196446,3737,1939569,63069,18869459
1790115564744663720,10218643,8196720,3737,1940006,63082,18869459
1790115564861243397,10219387,8196972,3737,1940466,63096,18869459
1790115564978448145,10220132,8197241,3737,1940920,63107,18869459
1790115565095177754,10220879,8197488,3737,1941396,63117,18869459
1790115565211315692,10221618,8197756,3737,1941843,63130,18869459
1790115565327241193,10222338,8198014,3737,1942294,63143,18869459
1790115565443844401,10223071,8198254,3737,1942737,63186,18869459
1790115565561095240,10223809,8198499,3737,1943170,63252,18869459
1790115565676806656,10224540,8198735,3737,1943645,63260,18869459
1790115565793347938,10225267,8198995,3737,1944102,63273,18869459
1790115565911317862,10226010,8199270,3737,1944554,63284,18869459
1790115566026926812,10226738,8199522,3737,1945011,63299,18869459
1790115566141957896,10227434,8199749,3737,1945420,63382,18869459
1790115566259597366,10228182,8200003,3737,1945893,63395,18869459
1790115566375340173,10228925,8200237,3737,1946372,63406,18869459
1790115566492324793,10229669,8200532,3737,1946802,63414,18869459
1790115566608912705,10230375,8200784,3737,1947268,63426,18869459
1790115566724511029,10231106,8201072,3737,1947687,63439,18869459
1790115566841696336,10231840,8201325,3737,1948151,63452,18869459
1790115566958257259,10232579,8201576,3737,1948622,63462,18869459
1790115567076595617,10233310,8201798,3737,1949128,63475,18869459
1790115567193350369,10234041,8202053,3737,1949591,63487,18869459
1790115567310094679,10234760,8202306,3737,1950044,63509,18869459
1790115567426086614,10235484,8202582,3737,1950482,63523,18869459
1790115567541032846,10236213,8202837,3737,1950929,63539,18869459
1790115567657120945,10236925,8203099,3737,1951377,63555,18869459
1790115567774973643,10237683,8203362,3737,1951846,63566,18869459
1790115567890587783,10238414,8203611,3737,1952299,63583,18869459
1790115568007012417,10239135,8203861,3737,1952766,63596,18869459
1790115568122775518,10239879,8204121,3737,1953213,63612,18869459
1790115568238623476,10240593,8204377,3737,1953595,63702,18869459
1790115568354133427,10241340,8204608,3737,1954083,63709,18869459
1790115568470976292,10242056,8204838,3737,1954576,63719,18869459
1790115568587878896,10242793,8205111,3737,1955017,63736,18869459
1790115568703326907,10243522,8205368,3737,1955471,63745,18869459
1790115568818256056,10244247,8205619,3737,1955925,63758,18869459
1790115568932748960,10244962,8205871,3737,1956373,63773,18869459
1790115569049363071,10245704,8206111,3737,1956858,63785,18869459
1790115569166465562,10246449,8206372,3737,1957312,63798,18869459
1790115569282569782,10247159,8206637,3737,1957761,63814,18869459
1790115569399732157,10247910,8206913,3737,1958206,63825,18869459
1790115569514114499,10248628,8207168,3737,1958646,63842,18869459
1790115569629161411,10249339,8207442,3737,1959084,63853,18869459
1790115569745741713,10250081,8207669,3737,1959578,63863,18869459
1790115569862273799,10250794,8207923,3737,1960034,63880,18869459
1790115569979175007,10251534,8208170,3737,1960506,63893,18869459
1790115570094782405,10252273,8208420,3737,1960967,63909,18869459
1790115570209308880,10252990,8208692,3737,1961397,63919,18869459
1790115570325454600,10253723,8208930,3737,1961876,63931,18869459
1790115570443577890,10254473,8209191,3737,1962345,63946,18869459
1790115570560316159,10255192,8209458,3737,1962793,63961,18869459
1790115570675018466,10255935,8209716,3737,1963229,63982,18869459
1790115570792526501,10256681,8209978,3737,1963689,63997,18869459
1790115570908204548,10257397,8210247,3737,1964060,64082,18869459
1790115571026049806,10258149,8210514,3737,1964516,64100,18869459
1790115571142960182,10258883,8210767,3737,1964979,64113,18869459
1790115571259861880,10259619,8211029,3737,1965434,64127,18869459
1790115571377063182,10260363,8211309,3737,1965873,64143,18869459
1790115571492467496,10261086,8211578,3737,1966312,64158,18869459
1790115571609131758,10261827,8211853,3737,1966750,64172,18869459
1790115571724427634,10262538,8212113,3737,1967198,64185,18869459
1790115571840557517,10263261,8212401,3737,1967632,64194,18869459
1790115571957580684,10263991,8212672,3737,1968078,64213,18869459
1790115572074682598,10264721,8212942,3737,1968519,64229,18869459
1790115572192125695,10265434,8213225,3737,1968957,64245,18869459
1790115572307891893,10266151,8213486,3737,1969402,64261,18869459
1790115572424136791,10266885,8213699,3737,1969914,64273,18869459
1790115572540083351,10267603,8213955,3737,1970361,64288,18869459
1790115572656317183,10268339,8214230,3737,1970801,64304,18869459
1790115572773159997,10269062,8214484,3737,1971261,64319,18869459
1790115572889432347,10269818,8214773,3737,1971684,64334,18869459
1790115573006919372,10270561,8215050,3737,1972130,64347,18869459
1790115573124157040,10271301,8215293,3737,1972606,64363,18869459
1790115573246850836,10272071,8215593,3737,1973067,64376,18869459
1790115573362865299,10272797,8215841,3737,1973528,64387,18869459
1790115573477665164,10273520,8216109,3737,1973968,64400,18869459
1790115573591298334,10274223,8216392,3737,1974336,64459,18869459
1790115573706472834,10274944,8216652,3737,1974754,64503,18869459
1790115573822837977,10275691,8216895,3737,1975236,64510,18869459
1790115573939304569,10276423,8217141,3737,1975703,64525,18869459
1790115574054444139,10277138,8217427,3737,1976126,64537,18869459
1790115574170187014,10277873,8217678,3737,1976586,64552,18869459
1790115574285431362,10278596,8217951,3737,1977018,64566,18869459
1790115574402443280,10279347,8218205,3737,1977486,64577,18869459
1790115574519575625,10280074,8218428,3737,1977986,64589,18869459
1790115574638048866,10280838,8218670,3737,1978465,64610,18869459
1790115574754011202,10281566,8218928,3737,1978919,64623,18869459
1790115574869815539,10282312,8219186,3737,1979375,64635,18869459
1790115574985191604,10283040,8219464,3737,1979804,64647,18869459
1790115575101921411,10283774,8219730,3737,1980255,64662,18869459
1790115575218746397,10284530,8219959,3737,1980745,64676,18869459
1790115575334554676,10285239,8220225,3737,1981185,64692,18869459
1790115575450951901,10285982,8220475,3737,1981640,64714,18869459
1790115575566042991,10286705,8220728,3737,1982091,64731,18869459
1790115575682302954,10287420,8220988,3737,1982480,64813,18869459
1790115575797859502,10288149,8221265,3737,1982914,64826,18869459
1790115575915020840,10288888,8221501,3737,1983395,64841,18869459
1790115576030973198,10289619,8221762,3737,1983851,64854,18869459
1790115576148136826,10290334,8222037,3737,1984294,64867,18869459
1790115576263434231,10291061,8222284,3737,1984752,64882,18869459
1790115576379209252,10291764,8222569,3737,1985179,64896,18869459
1790115576495695171,10292516,8222801,3737,1985672,64903,18869459
1790115576613624700,10293257,8223048,3737,1986150,64915,18869459
1790115576730875122,10293988,8223327,3737,1986588,64932,18869459
1790115576847771852,10294719,8223594,3737,1987036,64945,18869459
1790115576965754152,10295476,8223869,3737,1987483,64961,18869459
1790115577082753840,10296209,8224138,3737,1987936,64976,18869459
1790115577200559494,10296948,8224376,3737,1988422,64989,18869459
1790115577318512592,10297695,8224631,3737,1988891,65001,18869459
1790115577434464402,10298419,8224911,3737,1989320,65018,18869459
1790115577550625725,10299136,8225194,3737,1989749,65033,18869459
1790115577666643077,10299856,8225442,3737,1990212,65048,18869459
1790115577783006015,10300587,8225712,3737,1990658,65059,18869459
1790115577897309579,10301295,8225960,3737,1991117,65071,18869459
1790115578014194723,10302013,8226211,3737,1991582,65088,18869459
1790115578131286804,10302733,8226470,3737,1992040,65103,18869459
1790115578248557488,10303471,8226734,3737,1992496,65118,18869459
1790115578363556288,10304188,8226963,3737,1992900,65202,18869459
1790115578480819154,10304943,8227215,3737,1993366,65219,18869459
1790115578597779106,10305679,8227462,3737,1993840,65230,18869459
1790115578715341738,10306448,8227707,3737,1994314,65246,18869459
1790115578831250413,10307155,8227968,3737,1994763,65262,18869459
1790115578948072449,10307882,8228221,3737,1995224,65278,18869459
1790115579063337019,10308615,8228468,3737,1995683,65294,18869459
1790115579178245320,10309320,8228713,3737,1996141,65309,18869459
1790115579296193994,10310062,8228946,3737,1996637,65319,18869459
1790115579410992859,10310777,8229185,3737,1997101,65334,18869459
1790115579527272215,10311511,8229435,3737,1997564,65350,18869459
1790115579643634375,10312237,8229692,3737,1998014,65368,18869459
1790115579758609459,10312947,8229949,3737,1998464,65380,18869459
1790115579872787269,10313689,8230187,3737,1998930,65392,18869459
1790115579990667969,10314430,8230445,3737,1999399,65404,18869459
1790115580106660479,10315159,8230700,3737,1999857,65420,18869459
1790115580221198067,10315879,8230981,3737,2000277,65434,18869459
1790115580337560131,10316612,8231249,3737,2000720,65451,18869459
1790115580454967362,10317334,8231480,3737,2001137,65541,18869459
1790115580570963924,10318069,8231765,3737,2001565,65554,18869459
1790115580690295030,10318831,8232020,3737,2002038,65571,18869459
1790115580805883956,10319553,8232268,3737,2002502,65582,18869459
1790115580919366484,10320276,8232527,3737,2002947,65593,18869459
1790115581034702686,10321003,8232774,3737,2003404,65609,18869459
1790115581151001012,10321721,8233043,3737,2003845,65624,18869459
1790115581268444691,10322459,8233281,3737,2004327,65637,18869459
1790115581384842626,10323196,8233519,3737,2004802,65652,18869459
1790115581501559802,10323924,8233780,3737,2005254,65666,18869459
1790115581617473938,10324654,8234034,3737,2005711,65681,18869459
1790115581733566475,10325372,8234283,3737,2006172,65696,18869459
1790115581850077446,10326106,8234525,3737,2006650,65709,18869459
1790115581968076779,10326851,8234761,3737,2007139,65722,18869459
1790115582084646135,10327602,8235022,3737,2007597,65735,18869459
1790115582202118626,10328337,8235288,3737,2008048,65750,18869459
1790115582316432639,10329061,8235574,3737,2008464,65764,18869459
1790115582431615546,10329798,8235842,3737,2008900,65780,18869459
1790115582549768342,10330525,8236102,3737,2009368,65797,18869459
1790115582665430029,10331238,8236353,3737,2009825,65810,18869459
1790115582782358192,10331986,8236618,3737,2010281,65825,18869459
1790115582899207419,10332718,8236882,3737,2010738,65835,18869459
1790115583014917024,10333431,8237139,3737,2011186,65847,18869459
1790115583130017721,10334159,8237391,3737,2011562,65942,18869459
1790115583248431190,10334919,8237623,3737,2012065,65949,18869459
1790115583364548023,10335637,8237877,3737,2012521,65965,18869459
1790115583481330385,10336364,8238133,3737,2012984,65978,18869459
1790115583596765798,10337079,8238405,3737,2013418,65993,18869459
1790115583713208135,10337786,8238708,3737,2013833,66006,18869459
1790115583829282698,10338510,8239021,3737,2014242,66016,18869459
1790115583946921304,10339244,8239246,3737,2014738,66030,18869459
1790115584062543958,10339977,8239526,3737,2015165,66048,18869459
1790115584177374630,10340684,8239783,3737,2015605,66065,18869459
1790115584293103703,10341417,8240043,3737,2016051,66085,18869459
1790115584409152294,10342148,8240298,3737,2016506,66098,18869459
1790115584523960101,10342868,8240542,3737,2016970,66113,18869459
1790115584640548344,10343599,8240788,3737,2017438,66127,18869459
1790115584758272524,10344339,8241056,3737,2017895,66140,18869459
1790115584875656493,10345063,8241331,3737,2018336,66155,18869459
1790115584991209551,10345791,8241619,3737,2018759,66167,18869459
1790115585107740734,10346513,8241879,3737,2019215,66180,18869459
1790115585222881320,10347252,8242131,3737,2019670,66193,18869459
1790115585337586018,10347967,8242375,3737,2020131,66206,18869459
1790115585454715796,10348707,8242644,3737,2020587,66220,18869459
1790115585569956288,10349429,8242897,3737,2021038,66231,18869459
1790115585685156644,10350150,8243171,3737,2021468,66248,18869459
1790115585801902556,10350887,8243413,3737,2021871,66335,18869459
1790115585916638259,10351625,8243652,3737,2022336,66348,18869459
1790115586031982870,10352371,8243866,3737,2022835,66358,18869459
1790115586146674430,10353110,8244113,3737,2023292,66369,18869459
1790115586261965923,10353847,8244360,3737,2023752,66386,18869459
1790115586377580743,10354571,8244602,3737,2024220,66397,18869459
1790115586494134185,10355319,8244864,3737,2024674,66412,18869459
1790115586608938056,10356042,8245115,3737,2025131,66424,18869459
1790115586727189824,10356796,8245382,3737,2025595,66435,18869459
1790115586845323037,10357522,8245639,3737,2026058,66451,18869459
1790115586961756464,10358259,8245890,3737,2026520,66464,18869459
1790115587077616067,10358971,8246144,3737,2026981,66475,18869459
1790115587194534057,10359713,8246431,3737,2027415,66487,18869459
1790115587312303539,10360464,8246663,3737,2027910,66497,18869459
1790115587430357140,10361212,8246907,3737,2028394,66508,18869459
1790115587546712313,10361939,8247167,3737,2028844,66525,18869459
1790115587661916558,10362650,8247439,3737,2029278,66538,18869459
1790115587777627987,10363381,8247699,3737,2029730,66550,18869459
1790115587895125237,10364119,8247957,3737,2030197,66563,18869459
1790115588011013301,10364829,8248187,3737,2030680,66574,18869459
1790115588127629057,10365579,8248493,3737,2031094,66584,18869459
1790115588242578764,10366313,8248761,3737,2031531,66599,18869459
1790115588357988562,10367045,8249015,3737,2031982,66616,18869459
1790115588474166466,10367768,8249308,3737,2032406,66628,18869459
1790115588592239838,10368514,8249560,3737,2032802,66720,18869459
1790115588709083943,10369263,8249797,3737,2033290,66728,18869459
1790115588827160731,10370000,8250079,3737,2033734,66741,18869459
1790115588944347492,10370742,8250331,3737,2034192,66761,18869459
1790115589062088065,10371499,8250590,3737,2034660,66773,18869459
1790115589178219882,10372218,8250872,3737,2035095,66782,18869459
1790115589294688712,10372936,8251119,3737,2035567,66794,18869459
1790115589409013592,10373648,8251357,3737,2036035,66805,18869459
1790115589525665523,10374394,8251638,3737,2036470,66818,18869459
1790115589641850583,10375119,8251891,3737,2036933,66828,18869459
1790115589757897702,10375835,8252153,3737,2037386,66839,18869459
1790115589873984314,10376563,8252415,3737,2037839,66851,18869459
1790115589989377680,10377300,8252662,3737,2038301,66865,18869459
1790115590104943987,10378033,8252893,3737,2038786,66877,18869459
1790115590221645721,10378771,8253179,3737,2039216,66890,18869459
1790115590337658164,10379508,8253430,3737,2039679,66901,18869459
1790115590452940254,10380232,8253694,3737,2040124,66912,18869459
1790115590568883423,10380956,8253937,3737,2040523,67000,18869459
1790115590684990336,10381678,8254190,3737,2040986,67011,18869459
1790115590799196505,10382371,8254428,3737,2041456,67019,18869459
1790115590914660530,10383103,8254683,3737,2041911,67036,18869459
1790115591030970050,10383828,8254964,3737,2042338,67054,18869459
1790115591145165160,10384558,8255310,3737,2042695,67065,18869459
1790115591261277895,10385267,8255568,3737,2043153,67078,18869459
1790115591376635435,10386004,8255823,3737,2043608,67092,18869459
1790115591493165076,10386749,8256054,3737,2044094,67104,18869459
1790115591609666260,10387483,8256340,3737,2044528,67117,18869459
1790115591723774657,10388183,8256602,3737,2044970,67127,18869459
1790115591839772366,10388908,8256894,3737,2045387,67141,18869459
1790115591956140196,10389666,8257135,3737,2045703,67315,18869459
1790115592071790942,10390386,8257380,3737,2046167,67330,18869459
1790115592188669737,10391139,8257623,3737,2046650,67341,18869459
1790115592305635442,10391865,8257877,3737,2047105,67358,18869459
1790115592420343582,10392576,8258150,3737,2047537,67371,18869459
1790115592534003258,10393298,8258400,3737,2047988,67382,18869459
1790115592650523773,10394029,8258654,3737,2048382,67466,18869459
1790115592765577307,10394723,8258891,3737,2048853,67475,18869459
1790115592879704667,10395430,8259170,3737,2049284,67487,18869459
1790115592993811721,10396125,8259430,3737,2049725,67499,18869459
1790115593109172850,10396861,8259685,3737,2050182,67513,18869459
1790115593224816021,10397583,8259955,3737,2050617,67528,18869459
1790115593342521228,10398324,8260267,3737,2051023,67545,18869459
1790115593458450976,10399042,8260523,3737,2051487,67558,18869459
1790115593575605028,10399783,8260787,3737,2051938,67576,18869459
1790115593692640023,10400527,8261089,3737,2052349,67593,18869459
1790115593808463048,10401245,8261360,3737,2052784,67610,18869459
1790115593923373741,10401971,8261619,3737,2053234,67621,18869459
1790115594037837846,10402674,8261865,3737,2053694,67630,18869459
1790115594154016057,10403388,8262101,3737,2054175,67642,18869459
1790115594270788176,10404112,8262355,3737,2054640,67657,18869459
1790115594387912868,10404851,8262640,3737,2055069,67673,18869459
1790115594501657008,10405570,8262897,3737,2055506,67692,18869459
1790115594616774765,10406310,8263156,3737,2055953,67705,18869459
1790115594733978321,10407044,8263425,3737,2056406,67715,18869459
1790115594849132218,10407767,8263665,3737,2056879,67726,18869459
1790115594966364063,10408488,8263946,3737,2057315,67740,18869459
1790115595081740579,10409214,8264213,3737,2057752,67759,18869459
1790115595197840120,10409949,8264482,3737,2058199,67772,18869459
1790115595313108841,10410656,8264749,3737,2058634,67788,18869459
1790115595429183331,10411408,8264989,3737,2059038,67875,18869459
1790115595546033230,10412157,8265383,3737,2059369,67882,18880083
1790115595662131544,10412899,8266027,3737,2059452,67888,18902995
1790115595788258274,10413700,8266169,3737,2060110,67889,18902995
1790115595906268586,10414456,8266247,3737,2060783,67889,18902995
1790115596021234729,10415195,8266301,3737,2061461,67889,18902995
1790115596138420367,10415953,8266423,3737,2062084,67889,18902995
1790115596256926376,10416707,8266519,3737,2062739,67889,18902995
1790115596371091429,10417433,8266604,3737,2063382,67891,18902995
1790115596489208625,10418186,8266680,3737,2064058,67891,18902995
1790115596606790814,10418939,8266759,3737,2064725,67891,18902995
1790115596721877147,10419673,8266833,3737,2065380,67893,18902995
1790115596840024786,10420426,8266961,3737,2066007,67894,18902995
1790115596954718349,10421162,8266992,3737,2066705,67894,18902995
1790115597070840412,10421916,8267086,3737,2067348,67895,18902995
1790115597188313066,10422661,8267254,3737,2067929,67896,18902995
1790115597302840940,10423394,8267280,3737,2068630,67896,18902995
1790115597420543968,10424148,8267402,3737,2069258,67896,18902995
1790115597537075939,10424889,8267495,3737,2069908,67897,18902995
1790115597651998277,10425627,8267542,3737,2070588,67897,18902995
1790115597769022429,10426374,8267651,3737,2071228,67898,18902995
1790115597887094412,10427123,8267734,3737,2071896,67898,18902995
1790115598001909092,10427854,8267790,3737,2072565,67899,18902995
1790115598119558245,10428604,8267880,3737,2073226,67899,18902995
1790115598237806624,10429359,8267959,3737,2073898,67900,18902995
1790115598352558551,10430082,8268037,3737,2074550,67901,18902995
1790115598471071234,10430843,8268166,3737,2075178,67901,18902995
1790115598585770690,10431578,8268194,3737,2075878,67901,18902995
1790115598700432286,10432300,8268291,3737,2076509,67903,18902995
1790115598818520040,10433051,8268458,3737,2077092,67903,18902995
1790115598933287376,10433781,8268480,3737,2077804,67903,18902995
1790115599049456368,10434531,8268558,3737,2078463,67903,18902995
1790115599167320443,10435286,8268679,3737,2079093,67904,18902995
1790115599285123127,10436041,8268849,3737,2079672,67904,18902995
1790115599403312041,10436801,8268990,3737,2080282,67904,18902995
1790115599521655370,10437554,8269141,3737,2080880,67905,18902995
1790115599640199675,10438308,8269258,3737,2081520,67906,18902995
1790115599758616028,10439070,8269346,3737,2082184,67906,18902995
1790115599873307593,10439793,8269425,3737,2082835,67907,18902995
1790115599991293342,10440551,8269532,3737,2083479,67907,18902995
1790115600106794135,10441286,8269692,3737,2084051,67907,18902995
1790115600224517191,10442039,8269802,3737,2084692,67907,18902995
1790115600342917527,10442790,8269948,3737,2085296,67908,18902995
1790115600459807749,10443534,8270110,3737,2085877,67909,18902995
1790115600577911798,10444289,8270206,3737,2086531,67910,18902995
1790115600692532350,10445019,8270276,3737,2087192,67911,18902995
1790115600810879509,10445786,8270413,3737,2087804,67912,18902995
1790115600928950526,10446541,8270553,3737,2088418,67912,18902995
1790115601044347386,10447264,8270673,3737,2089031,67914,18902995
1790115601159951346,10448009,8270803,3737,2089632,67915,18902995
1790115601277707448,10448762,8270963,3737,2090221,67916,18902995
1790115601395581685,10449517,8271088,3737,2090846,67916,18902995
1790115601510562314,10450252,8271109,3737,2091559,67916,18902995
1790115601625009706,10450979,8271191,3737,2092207,67917,18902995
1790115601743189762,10451736,8271329,3737,2092820,67917,18902995
1790115601861168635,10452474,8271501,3737,2093395,67919,18902995
1790115601979235222,10453234,8271604,3737,2094043,67919,18902995
1790115602096864759,10453973,8271772,3737,2094618,67920,18902995
1790115602214946554,10454732,8271863,3737,2095279,67920,18902995
1790115602333062257,10455484,8271941,3737,2095959,67920,18902995
1790115602448151979,10456213,8272022,3737,2096607,67921,18902995
1790115602566203557,10456968,8272097,3737,2097284,67921,18902995
1790115602683289107,10457717,8272297,3737,2097827,67921,18902995
1790115602800810963,10458481,8272415,3737,2098453,67922,18902995
1790115602918865900,10459237,8272591,3737,2099031,67922,18902995
1790115603037390653,10459988,8272706,3737,2099670,67922,18902995
1790115603151567990,10460719,8272835,3737,2100265,67923,18902995
1790115603266191418,10461446,8272860,3737,2100973,67923,18902995
1790115603381643406,10462188,8272990,3737,2101573,67925,18902995
1790115603499753756,10462944,8273075,3737,2102238,67925,18902995
1790115603614463203,10463675,8273249,3737,2102795,67926,18902995
1790115603732587042,10464436,8273430,3737,2103364,67926,18902995
1790115603850899198,10465194,8273611,3737,2103933,67927,18902995
1790115603968882076,10465947,8273702,3737,2104596,67927,18902995
1790115604085681587,10466697,8273779,3737,2105262,67927,18902995
1790115604200451605,10467438,8273879,3737,2105893,67927,18902995
1790115604318642953,10468193,8274073,3737,2106451,67927,18902995
1790115604436553331,10468950,8274240,3737,2107032,67928,18902995
1790115604554642361,10469708,8274338,3737,2107684,67928,18902995
1790115604672692144,10470452,8274506,3737,2108266,67930,18902995
1790115604789041768,10471196,8274627,3737,2108888,67930,18902995
1790115604906938570,10471954,8274701,3737,2109559,67930,18902995
1790115605021420038,10472693,8274753,3737,2110240,67931,18902995
1790115605138212202,10473430,8274865,3737,2110871,67931,18902995
1790115605256645792,10474192,8275001,3737,2111487,67931,18902995
1790115605372213615,10474923,8275143,3737,2112080,67933,18902995
1790115605490321565,10475675,8275227,3737,2112747,67933,18902995
1790115605607038800,10476424,8275375,3737,2113338,67937,18902995
1790115605724953176,10477182,8275503,3737,2113955,67937,18902995
1790115605839990343,10477918,8275527,3737,2114670,67937,18902995
1790115605958347447,10478674,8275621,3737,2115326,67938,18902995
1790115606074654248,10479422,8275724,3737,2115962,67938,18902995
1790115606192982606,10480172,8275893,3737,2116549,67938,18902995
1790115606311276837,10480929,8276025,3737,2117167,67938,18902995
1790115606429556872,10481695,8276169,3737,2117774,67938,18902995
1790115606547767950,10482446,8276275,3737,2118422,67938,18902995
1790115606661890905,10483176,8276339,3737,2119082,67938,18902995
1790115606776786926,10483909,8276421,3737,2119728,67941,18902995
1790115606894849981,10484667,8276567,3737,2120332,67941,18902995
1790115607012875179,10485426,8276689,3737,2120964,67941,18902995
1790115607131330188,10486181,8276777,3737,2121629,67942,18902995
1790115607248728073,10486936,8276932,3737,2122216,67943,18902995
1790115607366553516,10487690,8277026,3737,2122873,67944,18902995
1790115607484786700,10488447,8277115,3737,2123536,67944,18902995
1790115607599781798,10489175,8277197,3737,2124186,67945,18902995
1790115607718221320,10489927,8277271,3737,2124867,67945,18902995
1790115607833417745,10490668,8277426,3737,2125443,67946,18902995
1790115607951185203,10491420,8277534,3737,2126085,67947,18902995
1790115608069710346,10492183,8277699,3737,2126671,67947,18902995
1790115608187178048,10492925,8277832,3737,2127286,67948,18902995
1790115608305749047,10493691,8277929,3737,2127941,67948,18902995
1790115608420560855,10494424,8277997,3737,2128605,67949,18902995
1790115608537198432,10495160,8278123,3737,2129221,67950,18902995
1790115608655301415,10495918,8278245,3737,2129850,67950,18902995
1790115608773423338,10496688,8278337,3737,2130509,67950,18902995
1790115608890769881,10497437,8278446,3737,2131144,67950,18902995
1790115609009131986,10498191,8278614,3737,2131731,67951,18902995
1790115609127187997,10498943,8278744,3737,2132351,67952,18902995
1790115609241683114,10499678,8278765,3737,2133058,67952,18902995
1790115609357444923,10500403,8278846,3737,2133713,67953,18902995
1790115609474084260,10501143,8278970,3737,2134333,67953,18902995
1790115609591856888,10501891,8279094,3737,2134950,67955,18902995
1790115609709838326,10502647,8279221,3737,2135573,67956,18902995
1790115609827793452,10503405,8279367,3737,2136175,67957,18902995
1790115609945954096,10504158,8279475,3737,2136820,67958,18902995
1790115610060327698,10504887,8279561,3737,2137465,67958,18902995
1790115610175010723,10505628,8279643,3737,2138111,67959,18902995
1790115610292895502,10506384,8279775,3737,2138726,67959,18902995
1790115610410905554,10507142,8279925,3737,2139325,67961,18902995
1790115610529285137,10507886,8280012,3737,2139995,67961,18902995
1790115610647341362,10508639,8280179,3737,2140579,67961,18902995
1790115610763352381,10509389,8280304,3737,2141190,67961,18902995
1790115610881700604,10510149,8280392,3737,2141854,67961,18902995
1790115610996582522,10510874,8280461,3737,2142517,67962,18902995
1790115611114683190,10511632,8280593,3737,2143135,67963,18902995
1790115611232663129,10512390,8280780,3737,2143698,67963,18902995
1790115611349153044,10513128,8280924,3737,2144297,67964,18902995
1790115611467867125,10513885,8281016,3737,2144955,67964,18902995
1790115611586044516,10514640,8281146,3737,2145581,67964,18902995
1790115611704124425,10515394,8281277,3737,2146200,67964,18902995
1790115611818546606,10516124,8281315,3737,2146890,67965,18902995
1790115611935571214,10516869,8281429,3737,2147519,67966,18902995
1790115612053563972,10517630,8281519,3737,2148180,67966,18902995
1790115612171408761,10518386,8281686,3737,2148762,67966,18902995
1790115612289411435,10519144,8281812,3737,2149384,67966,18902995
1790115612407572107,10519899,8281972,3737,2149972,67969,18902995
1790115612525711206,10520655,8282083,3737,2150612,67970,18902995
1790115612640468284,10521395,8282151,3737,2151275,67970,18902995
1790115612755001307,10522123,8282235,3737,2151920,67970,18902995
1790115612873144964,10522878,8282447,3737,2152458,67970,18902995
1790115612991602965,10523630,8282616,3737,2153039,67971,18902995
1790115613110220288,10524383,8282712,3737,2153700,67971,18902995
1790115613228256691,10525138,8282863,3737,2154300,67971,18902995
1790115613344774882,10525892,8282986,3737,2154914,67971,18902995
1790115613463058891,10526643,8283072,3737,2155586,67971,18902995
1790115613577686476,10527381,8283134,3737,2156248,67972,18902995
1790115613696362699,10528137,8283224,3737,2156914,67973,18902995
1790115613814411724,10528892,8283357,3737,2157532,67973,18902995
1790115613928450415,10529628,8283471,3737,2158142,67974,18902995
1790115614046526294,10530383,8283560,3737,2158806,67974,18902995
1790115614160766125,10531104,8283730,3737,2159359,67975,18902995
1790115614278987576,10531856,8283859,3737,2159979,67976,18902995
1790115614393324766,10532583,8283884,3737,2160688,67976,18902995
1790115614510390617,10533347,8284005,3737,2161312,67976,18902995
1790115614628816289,10534101,8284113,3737,2161955,67976,18902995
1790115614746929726,10534847,8284240,3737,2162576,67978,18902995
1790115614864998482,10535601,8284373,3737,2163185,67992,18902995
1790115614982998858,10536359,8284539,3737,2163737,68018,18902995
1790115615101152600,10537114,8284604,3737,2164389,68059,18902995
1790115615217828429,10537860,8284685,3737,2165047,68059,18902995
1790115615332794281,10538600,8284773,3737,2165659,68091,18902995
1790115615451618436,10539357,8284884,3737,2166269,68129,18902995
1790115615569459621,10540115,8285005,3737,2166854,68173,18902995
1790115615687765805,10540872,8285067,3737,2167484,68230,18902995
1790115615806231847,10541622,8285186,3737,2168069,68283,18902995
1790115615923682341,10542376,8285267,3737,2168691,68326,18902995
1790115616038261270,10543103,8285370,3737,2169288,68356,18902995
1790115616153140250,10543842,8285405,3737,2169977,68365,18902995
1790115616269300257,10544585,8285521,3737,2170543,68421,18902995
1790115616387666228,10545350,8285620,3737,2171179,68437,18902995
1790115616502467965,10546082,8285665,3737,2171858,68445,18902995
1790115616618900005,10546820,8285781,3737,2172439,68485,18902995
1790115616737041009,10547572,8285856,3737,2173108,68500,18902995
1790115616851859018,10548318,8285925,3737,2173764,68500,18902995
1790115616970085027,10549075,8286026,3737,2174419,68500,18902995
1790115617088166513,10549829,8286102,3737,2175095,68501,18902995
1790115617203403142,10550576,8286184,3737,2175744,68501,18902995
1790115617321259614,10551325,8286273,3737,2176406,68502,18902995
1790115617433545580,10552045,8286379,3737,2177014,68502,18902995
1790115617548234407,10552772,8286486,3737,2177637,68503,18902995
1790115617666722082,10553534,8286642,3737,2178236,68503,18902995
1790115617782356495,10554277,8286692,3737,2178922,68503,18902995
1790115617896982580,10555017,8286786,3737,2179554,68503,18902995
1790115618015015903,10555776,8286940,3737,2180151,68503,18902995
1790115618129321871,10556508,8286961,3737,2180863,68503,18902995
1790115618245576170,10557262,8287036,3737,2181526,68503,18902995
1790115618363142002,10558007,8287167,3737,2182145,68503,18902995
1790115618477767288,10558740,8287192,3737,2182848,68503,18902995
1790115618594443658,10559498,8287326,3737,2183457,68503,18902995
1790115618712531649,10560254,8287426,3737,2184109,68503,18902995
1790115618827555999,10560998,8287514,3737,2184751,68504,18902995
1790115618945774996,10561750,8287638,3737,2185378,68504,18902995
1790115619064145844,10562506,8287725,3737,2186049,68504,18902995
1790115619179231001,10563251,8287807,3737,2186697,68504,18902995
1790115619296172881,10563980,8288061,3737,2187165,68518,18902995
1790115619410747226,10564683,8288337,3737,2187588,68533,18902995
1790115619527722514,10565424,8288585,3737,2188059,68546,18902995
1790115619645318344,10566175,8288851,3737,2188512,68563,18902995
1790115619762780832,10566926,8289111,3737,2188977,68575,18902995
1790115619878592485,10567666,8289359,3737,2189359,68669,18902995
1790115619996227753,10568427,8289631,3737,2189824,68677,18902995
1790115620113103431,10569156,8289893,3737,2190277,68689,18902995
1790115620230247601,10569917,8290149,3737,2190739,68705,18902995
1790115620346755018,10570646,8290415,3737,2191191,68713,18902995
1790115620463314429,10571376,8290690,3737,2191629,68730,18902995
1790115620580676819,10572123,8290924,3737,2192053,68814,18902995
1790115620697632478,10572879,8291202,3737,2192493,68830,18902995
1790115620816023666,10573620,8291461,3737,2192958,68843,18902995
1790115620931266370,10574334,8291726,3737,2193401,68855,18902995
1790115621045835818,10575056,8291978,3737,2193854,68867,18902995
1790115621162984992,10575791,8292228,3737,2194323,68881,18902995
1790115621280108386,10576544,8292476,3737,2194804,68888,18902995
1790115621395290514,10577279,8292726,3737,2195258,68908,18902995
1790115621512571219,10578034,8293061,3737,2195640,68922,18902995
1790115621626545913,10578753,8293452,3737,2195957,68931,18902995
1790115621741017423,10579492,8293719,3737,2196393,68946,18902995
1790115621857123688,10580208,8293999,3737,2196832,68956,18902995
1790115621973643972,10580959,8294227,3737,2197317,68969,18902995
1790115622089934112,10581680,8294479,3737,2197782,68982,18902995
1790115622205615426,10582414,8294742,3737,2198223,68999,18902995
1790115622321057940,10583132,8295016,3737,2198659,69013,18902995
1790115622436798804,10583852,8295265,3737,2199122,69023,18902995
1790115622553336651,10584592,8295510,3737,2199553,69077,18902995
1790115622671256134,10585338,8295739,3737,2200016,69126,18902995
1790115622787116152,10586084,8295998,3737,2200467,69143,18902995
1790115622903627042,10586808,8296253,3737,2200929,69155,18902995
1790115623019621084,10587536,8296514,3737,2201382,69169,18902995
1790115623135814440,10588259,8296776,3737,2201834,69181,18902995
1790115623253775853,10589011,8297028,3737,2202307,69195,18902995
1790115623370661058,10589749,8297256,3737,2202799,69208,18902995
1790115623487332897,10590486,8297539,3737,2203237,69220,18902995
1790115623604118402,10591218,8297809,3737,2203674,69240,18902995
1790115623718826760,10591942,8298086,3737,2204102,69251,18902995
1790115623833554722,10592661,8298356,3737,2204535,69267,18902995
1790115623950479842,10593407,8298649,3737,2204962,69280,18902995
1790115624063352262,10594115,8298927,3737,2205388,69288,18902995
1790115624179526239,10594828,8299177,3737,2205844,69309,18902995
1790115624294948794,10595546,8299482,3737,2206249,69320,18902995
1790115624413351950,10596278,8299759,3737,2206702,69331,18902995
1790115624528544394,10597007,8300034,3737,2207136,69343,18902995
1790115624646073288,10597743,8300276,3737,2207623,69355,18902995
1790115624766319940,10598510,8300553,3737,2208079,69368,18902995
1790115624883200506,10599234,8300816,3737,2208532,69384,18902995
1790115624998956600,10599968,8301109,3737,2208945,69403,18902995
1790115625116179400,10600706,8301410,3737,2209364,69417,18902995
1790115625231811374,10601444,8301672,3737,2209815,69428,18902995
1790115625349642161,10602194,8301875,3737,2210172,69608,18902995
1790115625467992513,10602950,8302112,3737,2210671,69615,18902995
1790115625584480638,10603679,8302374,3737,2211118,69632,18902995
1790115625700098031,10604409,8302628,3737,2211576,69644,18902995
1790115625816807545,10605131,8302881,3737,2212038,69658,18902995
1790115625933475230,10605849,8303167,3737,2212469,69672,18902995
1790115626052164419,10606582,8303421,3737,2212953,69681,18902995
1790115626167356885,10607321,8303668,3737,2213418,69694,18902995
1790115626283165563,10608032,8303934,3737,2213861,69704,18902995
1790115626400012554,10608761,8304190,3737,2214324,69716,18902995
1790115626515331734,10609479,8304471,3737,2214754,69728,18902995
1790115626631148863,10610217,8304735,3737,2215204,69740,18902995
1790115626747565179,10610944,8305009,3737,2215655,69748,18902995
1790115626863804106,10611654,8305278,3737,2216100,69760,18902995
1790115626979287378,10612382,8305532,3737,2216548,69778,18902995
1790115627095024013,10613106,8305780,3737,2217013,69791,18902995
1790115627211423959,10613831,8306039,3737,2217468,69802,18902995
1790115627327780259,10614544,8306294,3737,2217934,69814,18902995
1790115627444632385,10615274,8306535,3737,2218412,69825,18902995
1790115627561834390,10615990,8306799,3737,2218871,69836,18902995
1790115627676685783,10616699,8307059,3737,2219315,69847,18902995
1790115627793596793,10617435,8307326,3737,2219768,69859,18902995
1790115627910660786,10618162,8307580,3737,2220236,69868,18902995
1790115628026729301,10618881,8307856,3737,2220652,69903,18902995
1790115628143160263,10619602,8308100,3737,2221087,69957,18902995
1790115628260185019,10620341,8308388,3737,2221516,69973,18902995
1790115628376156702,10621052,8308681,3737,2221937,69985,18902995
1790115628491565417,10621767,8308943,3737,2222384,69999,18902995
1790115628607642954,10622497,8309227,3737,2222821,70008,18902995
1790115628724276132,10623236,8309482,3737,2223279,70024,18902995
1790115628839772401,10623947,8309722,3737,2223753,70036,18902995
1790115628955641341,10624686,8310010,3737,2224173,70051,18902995
1790115629071770361,10625398,8310355,3737,2224545,70064,18902995
1790115629188119738,10626126,8310639,3737,2224979,70075,18902995
1790115629304621991,10626835,8310897,3737,2225434,70088,18902995
1790115629421164821,10627554,8311144,3737,2225904,70100,18902995
1790115629539256468,10628316,8311367,3737,2226415,70113,18902995
1790115629654686527,10629024,8311620,3737,2226868,70127,18902995
1790115629770144055,10629748,8311878,3737,2227324,70137,18902995
1790115629884874140,10630451,8312133,3737,2227770,70149,18902995
1790115630002007358,10631170,8312404,3737,2228216,70163,18902995
1790115630118589085,10631905,8312647,3737,2228625,70242,18902995
1790115630235831258,10632656,8312962,3737,2229040,70252,18902995
1790115630351997069,10633357,8313241,3737,2229474,70265,18902995
1790115630468551734,10634081,8313497,3737,2229933,70277,18902995
1790115630584559296,10634814,8313744,3737,2230391,70297,18902995
1790115630701351282,10635569,8314003,3737,2230854,70311,18902995
1790115630817315883,10636289,8314234,3737,2231339,70319,18902995
1790115630933937087,10637019,8314479,3737,2231806,70335,18902995
1790115631049293403,10637733,8314745,3737,2232249,70349,18902995
1790115631166116238,10638426,8315004,3737,2232705,70364,18902995
1790115631279974680,10639148,8315252,3737,2233156,70378,18902995
1790115631396154391,10639868,8315503,3737,2233617,70392,18902995
1790115631515754541,10640633,8315730,3737,2234131,70401,18902995
1790115631631628582,10641352,8315987,3737,2234588,70413,18902995
1790115631747702609,10642076,8316244,3737,2235039,70431,18902995
1790115631863837863,10642812,8316502,3737,2235495,70442,18902995
1790115631979465395,10643538,8316762,3737,2235946,70454,18902995
1790115632093662303,10644256,8317008,3737,2236407,70463,18902995
1790115632210148010,10644993,8317235,3737,2236904,70473,18902995
1790115632326846694,10645728,8317516,3737,2237338,70487,18902995
1790115632443308345,10646477,8317787,3737,2237782,70500,18902995
1790115632559009893,10647211,8318048,3737,2238233,70512,18902995
1790115632674526053,10647922,8318295,3737,2238690,70529,18902995
1790115632790262417,10648638,8318521,3737,2239104,70615,18902995
1790115632905110207,10649372,8318762,3737,2239575,70626,18903123
1790115633021222024,10650087,8319035,3737,2240013,70642,18903123
1790115633137251104,10650818,8319292,3737,2240467,70655,18903123
1790115633253260658,10651553,8319541,3737,2240924,70673,18903123
1790115633369949639,10652274,8319808,3737,2241377,70686,18903123
1790115633485125319,10653002,8320043,3737,2241856,70699,18903123
1790115633602403116,10653728,8320300,3737,2242313,70713,18903123
1790115633719476668,10654432,8320562,3737,2242769,70729,18903123
1790115633835250116,10655181,8320842,3737,2243198,70744,18903123
1790115633952377875,10655932,8321116,3737,2243638,70763,18903123
1790115634066975956,10656656,8321377,3737,2244084,70772,18903123
1790115634184372742,10657422,8321616,3737,2244577,70781,18903123
1790115634302119634,10658158,8321864,3737,2245052,70795,18903123
1790115634418574902,10658876,8322160,3737,2245467,70809,18903123
1790115634534334331,10659633,8322425,3737,2245917,70819,18903123
1790115634649563658,10660342,8322682,3737,2246369,70831,18903123
1790115634765315632,10661078,8322927,3737,2246836,70844,18903123
1790115634884217652,10661823,8323177,3737,2247317,70859,18903123
1790115635002303103,10662601,8323429,3737,2247790,70874,18903123
1790115635117011669,10663330,8323682,3737,2248241,70886,18903123
1790115635233183889,10664053,8323937,3737,2248696,70904,18903123
1790115635350181215,10664795,8324189,3737,2249158,70922,18903123
1790115635466725951,10665518,8324427,3737,2249610,70957,18903123
1790115635583437225,10666267,8324686,3737,2250021,71022,18903123
1790115635697641141,10666984,8324934,3737,2250475,71038,18903123
1790115635813668403,10667718,8325195,3737,2250926,71050,18903123
1790115635930311408,10668413,8325456,3737,2251377,71066,18903123
1790115636047699114,10669178,8325731,3737,2251821,71082,18903123
1790115636164792978,10669927,8326015,3737,2252264,71091,18903123
1790115636284049614,10670678,8326253,3737,2252765,71102,18903123
1790115636399408436,10671427,8326508,3737,2253209,71122,18903123
1790115636515590011,10672152,8326771,3737,2253658,71136,18903123
1790115636631393729,10672863,8327057,3737,2254081,71152,18903123
1790115636748189113,10673588,8327327,3737,2254521,71171,18903123
1790115636866631356,10674327,8327560,3737,2255018,71188,18903123
1790115636984473629,10675086,8327808,3737,2255491,71201,18903123
1790115637099820379,10675803,8328054,3737,2255948,71216,18903123
1790115637213816744,10676521,8328313,3737,2256390,71229,18903123
1790115637331474711,10677235,8328568,3737,2256856,71242,18903123
1790115637447764622,10677954,8328821,3737,2257313,71258,18903123
1790115637565020733,10678710,8329040,3737,2257739,71351,18903123
1790115637681046713,10679425,8329288,3737,2258211,71360,18903123
1790115637798206313,10680180,8329545,3737,2258674,71373,18903123
1790115637913415126,10680896,8329807,3737,2259118,71384,18903123
1790115638030164000,10681622,8330104,3737,2259540,71399,18903123
1790115638145873123,10682347,8330353,3737,2260001,71413,18903123
1790115638263882192,10683102,8330589,3737,2260492,71423,18903123
1790115638380564106,10683825,8330846,3737,2260958,71434,18903123
1790115638496962268,10684567,8331125,3737,2261380,71458,18903123
1790115638613596940,10685310,8331397,3737,2261827,71472,18903123
1790115638729883491,10686053,8331647,3737,2262282,71490,18903123
1790115638846911647,10686775,8331916,3737,2262730,71506,18903123
1790115638964286062,10687520,8332169,3737,2263205,71515,18903123
1790115639079444268,10688251,8332417,3737,2263664,71529,18903123
1790115639194779585,10688969,8332730,3737,2264065,71537,18903123
1790115639310406241,10689688,8332987,3737,2264520,71550,18903123
1790115639425152989,10690390,8333256,3737,2264956,71562,18903123
1790115639541948048,10691109,8333505,3737,2265425,71577,18903123
1790115639658759551,10691832,8333754,3737,2265897,71588,18903123
1790115639772218964,10692534,8334021,3737,2266332,71597,18903123
1790115639886170868,10693232,8334286,3737,2266770,71609,18903123
1790115640001699908,10693944,8334542,3737,2267223,71619,18903123
1790115640114725591,10694662,8334792,3737,2267666,71634,18903123
1790115640231163209,10695394,8335049,3737,2268127,71645,18903123
1790115640347824928,10696142,8335275,3737,2268606,71673,18903123
1790115640464035070,10696858,8335528,3737,2269066,71687,18903123
1790115640579171133,10697573,8335787,3737,2269513,71700,18903123
1790115640694603080,10698291,8336034,3737,2269976,71711,18903123
1790115640809754072,10699020,8336328,3737,2270385,71729,18903123
1790115640926856447,10699769,8336562,3737,2270877,71740,18903123
1790115641044499573,10700494,8336816,3737,2271341,71756,18903123
1790115641160506586,10701223,8337071,3737,2271797,71770,18903123
1790115641276720526,10701937,8337319,3737,2272263,71782,18903123
1790115641393136443,10702676,8337597,3737,2272702,71794,18903123
1790115641510053681,10703437,8337855,3737,2273162,71807,18903123
1790115641626725728,10704177,8338074,3737,2273664,71816,18903123
1790115641742540896,10704905,8338331,3737,2274119,71829,18903123
1790115641855977762,10705606,8338595,3737,2274553,71844,18903123
1790115641972202945,10706329,8338848,3737,2275010,71858,18903123
1790115642087475643,10707031,8339098,3737,2275470,71868,18903123
1790115642204071034,10707758,8339346,3737,2275939,71881,18903123
1790115642320595001,10708490,8339579,3737,2276429,71890,18903123
1790115642437056196,10709221,8339862,3737,2276861,71904,18903123
1790115642552321053,10709943,8340118,3737,2277306,71921,18903123
1790115642667326944,10710656,8340384,3737,2277746,71937,18903123
1790115642783683845,10711368,8340651,3737,2278190,71951,18903123
1790115642899318561,10712117,8340903,3737,2278655,71961,18903123
1790115643014604889,10712859,8341141,3737,2279129,71971,18903123
1790115643131436817,10713593,8341390,3737,2279593,71987,18903123
1790115643247697286,10714315,8341645,3737,2280054,71998,18903123
1790115643363386512,10715041,8341907,3737,2280504,72010,18903123
1790115643478393417,10715756,8342158,3737,2280961,72021,18903123
1790115643594766149,10716463,8342393,3737,2281446,72034,18903123
1790115643712550107,10717219,8342650,3737,2281909,72048,18903123
1790115643829249736,10717946,8342911,3737,2282365,72063,18903123
1790115643943631290,10718660,8343166,3737,2282805,72082,18903123
1790115644059567248,10719403,8343437,3737,2283245,72094,18903123
1790115644176714826,10720137,8343694,3737,2283715,72106,18903123
1790115644293227850,10720877,8343928,3737,2284196,72118,18903123
1790115644409414147,10721593,8344224,3737,2284618,72129,18903123
1790115644524983406,10722289,8344470,3737,2285084,72142,18903123
1790115644642304058,10723023,8344728,3737,2285545,72156,18903123
1790115644756569084,10723717,8344991,3737,2285983,72168,18903123
1790115644872116450,10724430,8345258,3737,2286431,72180,18903123
1790115644988819890,10725180,8345522,3737,2286886,72192,18903123
1790115645105238091,10725911,8345777,3737,2287340,72209,18903123
1790115645220437382,10726633,8346040,3737,2287788,72221,18903123
1790115645336745626,10727348,8346293,3737,2288247,72236,18903123
1790115645453241305,10728074,8346545,3737,2288709,72251,18903123
1790115645567561136,10728789,8346806,3737,2289151,72264,18903123
1790115645683403249,10729507,8347066,3737,2289610,72276,18903123
1790115645800176346,10730231,8347318,3737,2290067,72294,18903123
1790115645915619786,10730954,8347607,3737,2290483,72310,18903123
1790115646031562486,10731678,8347862,3737,2290944,72322,18903123
1790115646147643650,10732369,8348127,3737,2291389,72334,18903123
1790115646264209371,10733077,8348375,3737,2291860,72345,18903123
1790115646380982017,10733800,8348640,3737,2292315,72358,18903123
1790115646496996201,10734532,8348933,3737,2292742,72367,18903123
1790115646612682102,10735266,8349180,3737,2293204,72381,18903123
1790115646728713759,10735982,8349433,3737,2293665,72392,18903123
1790115646842996296,10736680,8349683,3737,2294116,72405,18903123
1790115646959059362,10737429,8349929,3737,2294589,72413,18903123
1790115647075098931,10738184,8350175,3737,2295057,72427,18903123
1790115647191571322,10738908,8350426,3737,2295519,72441,18903123
1790115647306025399,10739638,8350686,3737,2295959,72458,18903123
1790115647422697072,10740372,8350948,3737,2296411,72473,18903123
1790115647539552141,10741104,8351221,3737,2296857,72488,18903123
1790115647658060364,10741846,8351467,3737,2297343,72498,18903123
1790115647772437312,10742571,8351724,3737,2297791,72511,18903123
1790115647887511640,10743291,8352003,3737,2298216,72524,18903123
1790115648003774124,10744027,8352307,3737,2298629,72535,18903123
1790115648118862951,10744756,8352572,3737,2299069,72550,18903123
1790115648234427092,10745502,8352820,3737,2299533,72562,18903123
1790115648351625766,10746265,8353041,3737,2300035,72573,18903123
1790115648467142479,10746993,8353295,3737,2300490,72587,18903123
1790115648583371699,10747734,8353551,3737,2300946,72601,18903123
1790115648699847022,10748477,8353814,3737,2301400,72613,18903123
1790115648815748543,10749195,8354065,3737,2301858,72628,18903123
1790115648931919252,10749903,8354318,3737,2302319,72641,18903123
1790115649049187881,10750665,8354550,3737,2302814,72649,18903123
1790115649164965744,10751391,8354816,3737,2303260,72665,18903123
1790115649281281815,10752141,8355080,3737,2303703,72685,18903123
1790115649396430626,10752853,8355335,3737,2304155,72697,18903123
1790115649511646928,10753579,8355596,3737,2304602,72711,18903123
1790115649627596443,10754322,8355848,3737,2305070,72722,18903123
1790115649743351986,10755063,8356116,3737,2305512,72737,18903123
1790115649860261104,10755796,8356368,3737,2305974,72751,18903123
1790115649976550900,10756538,8356662,3737,2306394,72764,18903123
1790115650092172566,10757273,8356919,3737,2306849,72778,18903123
1790115650208854651,10758004,8357181,3737,2307306,72789,18903123
1790115650326986278,10758768,8357400,3737,2307818,72798,18903123
1790115650443815435,10759474,8357643,3737,2308290,72812,18903123
1790115650559467315,10760206,8357900,3737,2308746,72824,18903123
1790115650675040151,10760908,8358148,3737,2309209,72837,18903123
1790115650791051135,10761627,8358405,3737,2309667,72848,18903123
1790115650906173577,10762354,8358654,3737,2310122,72866,18903123
1790115651022879517,10763108,8358893,3737,2310605,72873,18903123
1790115651141562618,10763851,8359149,3737,2311076,72888,18903123
1790115651258222106,10764581,8359398,3737,2311538,72905,18903123
1790115651373869999,10765314,8359655,3737,2311989,72919,18903123
1790115651490318446,10766037,8359919,3737,2312439,72933,18903123
1790115651607821649,10766775,8360191,3737,2312890,72946,18903123
1790115651725209342,10767526,8360435,3737,2313369,72960,18903123
1790115651843003703,10768279,8360736,3737,2313795,72972,18903123
1790115651958642166,10769016,8360990,3737,2314249,72984,18903123
1790115652074006668,10769758,8361248,3737,2314698,72999,18903123
1790115652190463802,10770524,8361493,3737,2315168,73013,18903123
1790115652306328409,10771265,8361725,3737,2315655,73025,18903123
1790115652425656500,10772023,8362413,3737,2315704,73032,18938195
1790115652539282634,10772741,8362725,3737,2316112,73033,18938195
1790115652661424244,10773530,8362784,3737,2316830,73033,18938195
1790115652779145392,10774281,8362864,3737,2317502,73033,18938195
1790115652893983568,10775006,8362948,3737,2318142,73034,18938195
1790115653012020540,10775762,8363111,3737,2318732,73034,18938195
1790115653127908971,10776504,8363164,3737,2319415,73034,18938195
1790115653242910325,10777226,8363251,3737,2320056,73035,18938195
1790115653361173736,10777980,8363385,3737,2320680,73036,18938195
1790115653475892986,10778716,8363425,3737,2321368,73036,18938195
1790115653590688586,10779458,8363509,3737,2322012,73038,18938195
1790115653709481245,10780219,8363643,3737,2322633,73038,18938195
1790115653824202860,10780950,8363665,3737,2323346,73038,18938195
1790115653941842039,10781705,8363749,3737,2324006,73039,18938195
1790115654058065361,10782446,8363880,3737,2324618,73039,18938195
1790115654172688947,10783180,8363907,3737,2325319,73040,18938195
1790115654290112430,10783932,8364024,3737,2325951,73040,18938195
1790115654408235608,10784688,8364096,3737,2326631,73040,18938195
1790115654523151030,10785420,8364144,3737,2327312,73041,18938195
1790115654640093601,10786172,8364252,3737,2327948,73042,18938195
1790115654758220886,10786924,8364330,3737,2328621,73042,18938195
1790115654873328322,10787661,8364395,3737,2329285,73046,18938195
1790115654991606851,10788428,8364488,3737,2329942,73046,18938195
1790115655109817174,10789182,8364593,3737,2330589,73046,18938195
1790115655224365926,10789913,8364672,3737,2331242,73046,18938195
1790115655342099302,10790652,8364760,3737,2331904,73047,18938195
1790115655460244056,10791408,8364856,3737,2332558,73049,18938195
1790115655574649286,10792139,8364955,3737,2333182,73049,18938195
1790115655692688272,10792895,8365025,3737,2333865,73049,18938195
1790115655811624054,10793651,8365119,3737,2334529,73049,18938195
1790115655926531174,10794392,8365202,3737,2335177,73050,18938195
1790115656044601829,10795145,8365331,3737,2335800,73051,18938195
1790115656159987770,10795869,8365467,3737,2336395,73052,18938195
1790115656277558651,10796620,8365574,3737,2337037,73052,18938195
1790115656395719225,10797378,8365715,3737,2337647,73053,18938195
1790115656512979695,10798133,8365835,3737,2338274,73053,18938195
1790115656627659720,10798866,8365947,3737,2338891,73053,18938195
1790115656742593444,10799598,8365975,3737,2339595,73053,18938195
1790115656857172056,10800326,8366106,3737,2340195,73055,18938195
1790115656975133624,10801083,8366187,3737,2340865,73055,18938195
1790115657093100041,10801832,8366338,3737,2341463,73056,18938195
1790115657211206190,10802583,8366467,3737,2342086,73056,18938195
1790115657329583683,10803348,8366604,3737,2342699,73056,18938195
1790115657447565924,10804105,8366687,3737,2343368,73056,18938195
1790115657563425613,10804844,8366773,3737,2344021,73056,18938195
1790115657677862264,10805575,8366859,3737,2344660,73057,18938195
1790115657795923053,10806333,8366948,3737,2345326,73057,18938195
1790115657911043028,10807068,8367090,3737,2345917,73059,18938195
1790115658028283894,10807821,8367201,3737,2346550,73059,18938195
1790115658146310106,10808580,8367341,3737,2347161,73060,18938195
1790115658264542442,10809334,8367444,3737,2347809,73060,18938195
1790115658377909511,10810058,8367557,3737,2348413,73061,18938195
1790115658492270075,10810783,8367585,3737,2349117,73062,18938195
1790115658608274186,10811526,8367703,3737,2349734,73062,18938195
1790115658726298971,10812281,8367807,3737,2350382,73062,18938195
1790115658844517998,10813052,8367989,3737,2350950,73063,18938195
1790115658962725690,10813810,8368130,3737,2351559,73063,18938195
1790115659080740698,10814566,8368281,3737,2352158,73063,18938195
1790115659198800446,10815317,8368372,3737,2352818,73063,18938195
1790115659316862750,10816071,8368451,3737,2353491,73063,18938195
1790115659431467590,10816798,8368536,3737,2354136,73064,18938195
1790115659549567954,10817555,8368613,3737,2354810,73064,18938195
1790115659666365159,10818296,8368806,3737,2355361,73064,18938195
1790115659782252894,10819029,8368925,3737,2355979,73064,18938195
1790115659900250148,10819785,8369012,3737,2356644,73064,18938195
1790115660017376491,10820523,8369152,3737,2357248,73065,18938195
1790115660135561996,10821265,8369288,3737,2357862,73066,18938195
1790115660250285048,10821995,8369321,3737,2358563,73066,18938195
1790115660368393717,10822742,8369417,3737,2359215,73068,18938195
1790115660486755424,10823490,8369605,3737,2359777,73068,18938195
1790115660604964810,10824250,8369796,3737,2360335,73069,18938195
1790115660723063146,10825004,8369882,3737,2361007,73069,18938195
1790115660839416649,10825749,8370041,3737,2361585,73069,18938195
1790115660956903114,10826491,8370148,3737,2362222,73070,18938195
1790115661075054281,10827244,8370252,3737,2362876,73070,18938195
1790115661189845923,10827972,8370340,3737,2363513,73071,18938195
1790115661308015170,10828717,8370428,3737,2364182,73071,18938195
1790115661426083890,10829478,8370556,3737,2364804,73072,18938195
1790115661538948743,10830199,8370678,3737,2365395,73072,18938195
1790115661657184958,10830954,8370758,3737,2366073,73072,18938195
1790115661775249420,10831705,8370905,3737,2366675,73072,18938195
1790115661893266881,10832454,8371030,3737,2367301,73073,18938195
1790115662009026120,10833195,8371051,3737,2368020,73073,18938195
1790115662125433179,10833937,8371129,3737,2368678,73074,18938195
1790115662242944835,10834686,8371250,3737,2369301,73074,18938195
1790115662361093032,10835446,8371425,3737,2369881,73074,18938195
1790115662479049403,10836204,8371535,3737,2370522,73074,18938195
1790115662593709027,10836935,8371706,3737,2371080,73075,18938195
1790115662711364091,10837684,8371801,3737,2371733,73075,18938195
1790115662829220261,10838429,8371876,3737,2372409,73075,18938195
1790115662944013824,10839161,8371936,3737,2373080,73076,18938195
1790115663062346833,10839918,8372028,3737,2373739,73076,18938195
1790115663180364272,10840679,8372167,3737,2374352,73076,18938195
1790115663293095681,10841394,8372325,3737,2374909,73078,18938195
1790115663424675503,10842241,8372481,3737,2375587,73078,18938195
1790115663542074329,10842989,8372610,3737,2376207,73079,18938195
1790115663660271055,10843744,8372734,3737,2376835,73079,18938195
1790115663774923322,10844480,8372757,3737,2377545,73079,18938195
1790115663893664442,10845239,8372843,3737,2378209,73080,18938195
1790115664009712391,10845980,8372953,3737,2378837,73080,18938195
1790115664127807585,10846730,8373119,3737,2379419,73081,18938195
1790115664245809007,10847479,8373237,3737,2380051,73082,18938195
1790115664363832131,10848235,8373349,3737,2380690,73083,18938195
1790115664481572398,10848980,8373441,3737,2381349,73083,18938195
1790115664599717885,10849737,8373531,3737,2382011,73083,18938195
1790115664714476118,10850478,8373616,3737,2382656,73084,18938195
1790115664832520216,10851236,8373711,3737,2383313,73084,18938195
1790115664946705672,10851957,8373889,3737,2383860,73085,18938195
1790115665063014987,10852702,8374003,3737,2384489,73085,18938195
1790115665181195673,10853457,8374096,3737,2385147,73086,18938195
1790115665294661262,10854188,8374262,3737,2385701,73086,18938195
1790115665412908052,10854943,8374417,3737,2386297,73086,18938195
1790115665527798730,10855678,8374455,3737,2386992,73086,18938195
1790115665645782595,10856429,8374561,3737,2387636,73086,18938195
1790115665761320968,10857163,8374702,3737,2388233,73086,18938195
1790115665879534009,10857927,8374854,3737,2388831,73086,18938195
1790115665997999416,10858682,8374979,3737,2389461,73086,18938195
1790115666116366521,10859439,8375164,3737,2390027,73088,18938195
1790115666233947695,10860183,8375304,3737,2390631,73089,18938195
1790115666351935241,10860936,8375400,3737,2391287,73089,18938195
1790115666466728747,10861669,8375480,3737,2391936,73090,18938195
1790115666584818723,10862420,8375567,3737,2392601,73090,18938195
1790115666702910526,10863176,8375733,3737,2393185,73091,18938195
1790115666820550080,10863931,8375828,3737,2393840,73091,18938195
1790115666934539882,10864662,8375958,3737,2394436,73091,18938195
1790115667052565765,10865422,8376123,3737,2395019,73092,18938195
1790115667170517909,10866175,8376284,3737,2395616,73092,18938195
1790115667286471209,10866917,8376334,3737,2396300,73092,18938195
1790115667401859992,10867652,8376437,3737,2396926,73093,18938195
1790115667519937776,10868401,8376546,3737,2397567,73094,18938195
1790115667637940121,10869153,8376700,3737,2398163,73095,18938195
1790115667755994285,10869917,8376801,3737,2398814,73095,18938195
1790115667873931879,10870663,8376970,3737,2399395,73095,18938195
1790115667990400067,10871404,8377092,3737,2400017,73096,18938195
1790115668108679300,10872163,8377169,3737,2400689,73096,18938195
1790115668223858315,10872896,8377216,3737,2401375,73096,18938195
1790115668340141454,10873640,8377343,3737,2401991,73097,18938195
1790115668458402865,10874402,8377434,3737,2402651,73097,18938195
1790115668572817035,10875124,8377640,3737,2403168,73098,18938195
1790115668690926839,10875879,8377808,3737,2403750,73098,18938195
1790115668809105897,10876629,8377967,3737,2404347,73099,18938195
1790115668927098422,10877384,8378082,3737,2404983,73099,18938195
1790115669044595397,10878137,8378164,3737,2405647,73099,18938195
1790115669159196288,10878862,8378245,3737,2406295,73100,18938195
1790115669277272756,10879621,8378348,3737,2406943,73100,18938195
1790115669391883777,10880343,8378531,3737,2407487,73101,18938195
1790115669508762713,10881094,8378676,3737,2408083,73102,18938195
1790115669627049626,10881850,8378812,3737,2408703,73102,18938195
1790115669741026382,10882567,8378944,3737,2409295,73103,18938195
1790115669858426708,10883326,8379070,3737,2409915,73103,18938195
1790115669972919621,10884058,8379096,3737,2410616,73103,18938195
1790115670090842785,10884818,8379190,3737,2411275,73104,18938195
1790115670207012015,10885563,8379292,3737,2411915,73104,18938195
1790115670325067218,10886312,8379412,3737,2412544,73105,18938195
1790115670443517255,10887073,8379535,3737,2413173,73105,18938195
1790115670561467433,10887825,8379685,3737,2413771,73106,18938195
1790115670677553424,10888568,8379792,3737,2414403,73106,18938195
1790115670796021402,10889322,8379879,3737,2415074,73106,18938195
1790115670910732895,10890053,8379956,3737,2415720,73107,18938195
1790115671028724684,10890808,8380036,3737,2416392,73107,18938195
1790115671142976869,10891547,8380224,3737,2416929,73107,18938195
1790115671260334794,10892293,8380341,3737,2417561,73108,18938195
1790115671378559967,10893060,8380440,3737,2418214,73108,18938195
1790115671494148501,10893797,8380589,3737,2418800,73109,18938195
1790115671612128861,10894548,8380733,3737,2419407,73110,18938195
1790115671726240678,10895278,8380789,3737,2420079,73110,18938195
1790115671844684976,10896041,8380892,3737,2420724,73110,18938195
1790115671960443481,10896782,8381029,3737,2421326,73110,18938195
1790115672078743842,10897533,8381192,3737,2421911,73111,18938195
1790115672197367169,10898291,8381300,3737,2422564,73111,18938195
1790115672315954589,10899050,8381419,3737,2423192,73112,18938195
1790115672433685595,10899801,8381515,3737,2423846,73113,18938195
1790115672551602902,10900557,8381604,3737,2424509,73113,18938195
1790115672666179826,10901284,8381691,3737,2425153,73114,18938195
1790115672784233659,10902041,8381762,3737,2425834,73114,18938195
1790115672900177183,10902780,8381910,3737,2426423,73114,18938195
1790115673017725585,10903527,8382029,3737,2427048,73114,18938195
1790115673135982250,10904277,8382149,3737,2427683,73114,18938195
1790115673249756375,10905006,8382283,3737,2428269,73115,18938195
1790115673366079952,10905751,8382422,3737,2428875,73115,18938195
1790115673481321122,10906490,8382459,3737,2429571,73115,18938195
1790115673599608139,10907252,8382557,3737,2430224,73116,18938195
1790115673715966693,10907994,8382668,3737,2430851,73116,18938195
1790115673830406794,10908735,8382704,3737,2431546,73116,18938195
1790115673946097259,10909465,8382831,3737,2432156,73117,18938195
1790115674064095483,10910216,8382907,3737,2432832,73117,18938195
1790115674178560820,10910956,8382955,3737,2433510,73117,18938195
1790115674295749419,10911696,8383073,3737,2434136,73118,18938195
1790115674413961975,10912453,8383200,3737,2434760,73118,18938195
1790115674528604240,10913180,8383276,3737,2435415,73120,18938195
1790115674646417946,10913932,8383411,3737,2436029,73120,18938195
1790115674764458322,10914685,8383485,3737,2436707,73120,18938195
1790115674879712462,10915421,8383547,3737,2437376,73121,18938195
1790115674997639614,10916169,8383648,3737,2438025,73121,18938195
1790115675115888917,10916924,8383724,3737,2438701,73122,18938195
1790115675230777864,10917667,8383802,3737,2439352,73123,18938195
1790115675348759135,10918419,8383902,3737,2440004,73123,18938195
1790115675465572401,10919167,8383986,3737,2440665,73123,18938195
1790115675580611219,10919906,8384070,3737,2441311,73124,18938195
1790115675698787342,10920658,8384191,3737,2441945,73124,18938195
1790115675813212379,10921388,8384218,3737,2442648,73125,18938195
1790115675927968760,10922108,8384300,3737,2443290,73126,18938195
1790115676046193929,10922864,8384430,3737,2443918,73126,18938195
1790115676160917582,10923600,8384451,3737,2444624,73126,18938195
1790115676276187023,10924341,8384526,3737,2445286,73127,18938195
1790115676394323214,10925098,8384647,3737,2445916,73127,18938195
1790115676509913479,10925841,8384669,3737,2446628,73127,18938195
1790115676628473739,10926593,8384849,3737,2447197,73131,18938195
1790115676745819890,10927334,8385135,3737,2447632,73145,18938195
1790115676861777304,10928064,8385373,3737,2448103,73160,18938195
1790115676976372874,10928788,8385624,3737,2448557,73171,18938195
1790115677091404455,10929509,8385884,3737,2449002,73186,18938195
1790115677207696811,10930244,8386150,3737,2449457,73196,18938195
1790115677324667196,10930969,8386378,3737,2449950,73208,18938195
1790115677440889802,10931691,8386634,3737,2450407,73220,18938195
1790115677557856046,10932420,8386902,3737,2450855,73236,18938195
1790115677675638629,10933178,8387206,3737,2451273,73249,18938195
1790115677789071411,10933880,8387458,3737,2451719,73263,18938195
1790115677905598995,10934610,8387718,3737,2452167,73280,18938195
1790115678021961853,10935351,8387952,3737,2452657,73290,18938195
1790115678137409985,10936102,8388229,3737,2453093,73302,18938195
1790115678252026301,10936824,8388482,3737,2453538,73316,18938195
1790115678367301144,10937559,8388748,3737,2453982,73328,18938195
1790115678482736966,10938279,8389017,3737,2454426,73338,18938195
1790115678599948252,10939025,8389247,3737,2454921,73346,18938195
1790115678717218711,10939787,8389557,3737,2455336,73360,18938195
1790115678831568802,10940479,8389813,3737,2455776,73377,18938195
1790115678947540431,10941205,8390147,3737,2456158,73390,18938195
1790115679063797838,10941947,8390418,3737,2456603,73404,18938195
1790115679181092264,10942676,8390655,3737,2457083,73416,18938195
1790115679298080615,10943389,8390887,3737,2457575,73427,18938195
1790115679415015081,10944102,8391141,3737,2458040,73440,18938195
1790115679530371464,10944820,8391400,3737,2458492,73454,18938195
1790115679645302778,10945539,8391673,3737,2458920,73465,18938195
1790115679761723842,10946291,8391936,3737,2459374,73479,18938195
1790115679878971068,10947033,8392193,3737,2459840,73490,18938195
1790115679996434738,10947761,8392431,3737,2460332,73500,18938195
1790115680114841255,10948518,8392702,3737,2460787,73514,18938195
1790115680229967565,10949242,8392946,3737,2461253,73525,18938195
1790115680343887722,10949948,8393207,3737,2461692,73536,18938195
1790115680459751527,10950674,8393463,3737,2462145,73551,18938195
1790115680575344268,10951404,8393716,3737,2462607,73566,18938195
1790115680690906783,10952131,8393965,3737,2463066,73580,18938195
1790115680808604273,10952876,8394216,3737,2463527,73603,18938195
1790115680925773916,10953601,8394465,3737,2463997,73614,18938195
1790115681042415997,10954335,8394720,3737,2464458,73629,18938195
1790115681158662622,10955069,8394995,3737,2464902,73640,18938195
1790115681273661899,10955786,8395228,3737,2465376,73654,18938195
1790115681396120138,10956559,8395467,3737,2465885,73669,18938195
1790115681513367201,10957296,8395721,3737,2466356,73682,18938195
1790115681628766096,10958017,8395975,3737,2466804,73698,18938195
1790115681745068987,10958740,8396241,3737,2467250,73712,18938195
1790115681862612279,10959487,8396515,3737,2467700,73724,18938195
1790115681978802564,10960223,8396758,3737,2468169,73741,18938195
1790115682095844863,10960948,8397027,3737,2468619,73754,18938195
1790115682211350538,10961671,8397279,3737,2469075,73767,18938195
1790115682327350728,10962382,8397530,3737,2469532,73782,18938195
1790115682443719762,10963134,8397786,3737,2469992,73795,18938195
1790115682559068003,10963864,8398029,3737,2470457,73810,18938195
1790115682676518995,10964599,8398273,3737,2470934,73824,18938195
1790115682791373635,10965313,8398531,3737,2471378,73839,18938195
1790115682907667341,10966028,8398786,3737,2471839,73851,18938195
1790115683023759888,10966757,8399044,3737,2472294,73865,18938195
1790115683140173468,10967492,8399302,3737,2472753,73877,18938195
1790115683255297835,10968219,8399545,3737,2473221,73887,18938195
1790115683370971849,10968952,8399785,3737,2473693,73900,18938195
1790115683488566523,10969702,8400050,3737,2474152,73911,18938195
1790115683606348844,10970443,8400323,3737,2474606,73922,18938195
1790115683723323170,10971192,8400577,3737,2475066,73938,18938195
1790115683840576864,10971926,8400841,3737,2475523,73952,18938195
1790115683958296948,10972638,8401061,3737,2476029,73963,18938195
1790115684076879117,10973372,8401318,3737,2476506,73976,18938195
1790115684191686506,10974108,8401580,3737,2476949,73985,18938195
1790115684305775332,10974820,8401842,3737,2477389,73999,18938195
1790115684426379733,10975588,8402124,3737,2477848,74010,18938195
1790115684540772718,10976298,8402401,3737,2478280,74021,18938195
1790115684657478314,10977025,8402706,3737,2478699,74031,18938195
1790115684775606278,10977771,8402979,3737,2479149,74046,18938195
1790115684888162262,10978463,8403236,3737,2479582,74063,18938195
1790115685005872403,10979188,8403487,3737,2480047,74079,18938195
1790115685122087352,10979924,8403741,3737,2480512,74088,18938195
1790115685236001536,10980633,8404001,3737,2480954,74100,18938195
1790115685348933957,10981359,8404234,3737,2481417,74113,18938195
1790115685463827012,10982083,8404511,3737,2481851,74125,18938195
1790115685579352739,10982803,8404767,3737,2482302,74136,18938195
1790115685695460274,10983532,8405045,3737,2482739,74148,18938195
1790115685811050703,10984273,8405307,3737,2483191,74159,18938195
1790115685927816913,10984988,8405560,3737,2483657,74171,18938195
1790115686043850864,10985719,8405791,3737,2484145,74181,18938195
1790115686159063807,10986443,8406044,3737,2484597,74193,18938195
1790115686274381712,10987154,8406294,3737,2485054,74206,18938195
1790115686388404849,10987883,8406543,3737,2485508,74217,18938195
1790115686504409199,10988594,8406793,3737,2485974,74228,18938195
1790115686620951527,10989321,8407021,3737,2486462,74244,18938195
1790115686739397849,10990055,8407283,3737,2486924,74258,18938195
1790115686855840397,10990796,8407561,3737,2487359,74277,18938195
1790115686971620103,10991524,8407818,3737,2487812,74290,18938195
1790115687086692239,10992243,8408072,3737,2488264,74302,18938195
1790115687202838240,10992978,8408341,3737,2488717,74312,18938195
1790115687319200617,10993695,8408591,3737,2489184,74323,18938195
1790115687436942151,10994430,8408898,3737,2489605,74334,18938195
1790115687553598035,10995155,8409153,3737,2490064,74348,18938195
1790115687669545532,10995891,8409407,3737,2490516,74364,18938195
1790115687784290676,10996595,8409677,3737,2490954,74376,18938195
1790115687898640736,10997324,8409947,3737,2491389,74386,18938195
1790115688015271332,10998040,8410196,3737,2491861,74397,18938195
1790115688133101201,10998789,8410467,3737,2492312,74413,18938195
1790115688250305731,10999510,8410718,3737,2492780,74426,18938195
1790115688365472375,11000248,8410970,3737,2493237,74442,18938195
1790115688481456424,11000972,8411232,3737,2493690,74452,18938195
1790115688597130131,11001684,8411473,3737,2494157,74463,18938195
1790115688711533541,11002414,8411738,3737,2494604,74471,18938195
1790115688828067793,11003156,8411982,3737,2495082,74480,18938195
1790115688943456928,11003867,8412239,3737,2495536,74491,18938195
1790115689059523323,11004586,8412503,3737,2495979,74507,18938195
1790115689175784174,11005327,8412762,3737,2496434,74521,18938195
1790115689292639913,11006078,8413019,3737,2496899,74530,18938195
1790115689411622638,11006840,8413278,3737,2497372,74545,18938195
1790115689528207030,11007555,8413544,3737,2497820,74562,18938195
1790115689642851885,11008261,8413818,3737,2498245,74577,18938195
1790115689759626580,11008986,8414067,3737,2498715,74588,18938195
1790115689874090774,11009704,8414325,3737,2499156,74605,18938195
1790115689989464744,11010439,8414563,3737,2499629,74617,18938195
1790115690106564251,11011188,8414805,3737,2500099,74637,18938195
1790115690222806002,11011914,8415051,3737,2500568,74650,18938195
1790115690338853877,11012640,8415312,3737,2501018,74665,18938195
1790115690454027237,11013357,8415572,3737,2501464,74678,18938195
1790115690569887945,11014071,8415815,3737,2501932,74693,18938195
1790115690686120626,11014828,8416030,3737,2502432,74705,18938195
1790115690802786161,11015563,8416279,3737,2502898,74719,18938195
1790115690918267657,11016279,8416528,3737,2503363,74729,18938195
1790115691032695186,11016998,8416776,3737,2503822,74741,18938195
1790115691147751987,11017736,8417021,3737,2504275,74758,18938195
1790115691264338444,11018451,8417278,3737,2504736,74771,18938195
1790115691377553873,11019173,8417526,3737,2505190,74780,18938195
1790115691492009835,11019874,8417784,3737,2505634,74795,18938195
1790115691606419514,11020590,8418051,3737,2506071,74806,18938195
1790115691720994411,11021314,8418301,3737,2506525,74819,18938195
1790115691837366451,11022038,8418545,3737,2506995,74832,18938195
1790115691954302259,11022769,8418794,3737,2507467,74847,18938195
1790115692071461775,11023511,8419042,3737,2507943,74860,18938195
1790115692186918148,11024235,8419319,3737,2508372,74874,18938195
1790115692302714547,11024964,8419603,3737,2508797,74889,18938195
1790115692418667285,11025699,8419863,3737,2509246,74904,18938195
1790115692535402078,11026438,8420118,3737,2509705,74921,18938195
1790115692651956016,11027197,8420365,3737,2510181,74929,18938195
1790115692769286053,11027950,8420616,3737,2510650,74944,18938195
1790115692885645891,11028696,8420874,3737,2511106,74957,18938195
1790115693002001831,11029421,8421153,3737,2511545,74970,18938195
1790115693117308444,11030159,8421419,3737,2511980,74987,18938195
1790115693233571717,11030873,8421692,3737,2512423,75002,18938195
1790115693349871380,11031602,8421909,3737,2512922,75015,18938195
1790115693464554510,11032310,8422177,3737,2513357,75030,18938195
1790115693579884477,11033042,8422437,3737,2513802,75045,18938195
1790115693695665366,11033764,8422707,3737,2514248,75057,18938195
1790115693812057061,11034485,8422968,3737,2514700,75068,18938195
1790115693928237927,11035208,8423227,3737,2515152,75088,18938195
1790115694045705406,11035920,8423458,3737,2515642,75101,18938195
1790115694162997204,11036652,8423722,3737,2516099,75116,18938195
1790115694276231028,11037362,8423980,3737,2516534,75131,18938195
1790115694390360862,11038083,8424231,3737,2516989,75144,18938195
1790115694507264544,11038810,8424478,3737,2517453,75159,18938195
1790115694623222143,11039544,8424735,3737,2517905,75175,18938195
1790115694739972695,11040271,8424992,3737,2518371,75187,18938195
1790115694857785474,11041026,8425252,3737,2518831,75201,18938195
1790115694974459263,11041750,8425503,3737,2519290,75220,18938195
1790115695090674305,11042474,8425764,3737,2519740,75236,18938195
1790115695206718794,11043202,8426025,3737,2520192,75249,18938195
1790115695323166394,11043943,8426266,3737,2520670,75260,18938195
1790115695441358098,11044677,8426535,3737,2521130,75271,18938195
1790115695558171864,11045424,8426808,3737,2521574,75286,18938195
1790115695674768993,11046149,8427065,3737,2522031,75303,18938195
1790115695790443032,11046889,8427319,3737,2522480,75320,18938195
1790115695908231646,11047621,8427597,3737,2522931,75331,18938195
1790115696025871273,11048347,8427838,3737,2523413,75343,18938195
1790115696142447122,11049104,8428094,3737,2523870,75361,18938195
1790115696258180448,11049844,8428354,3737,2524319,75375,18938195
1790115696374342668,11050569,8428609,3737,2524776,75389,18938195
1790115696490718165,11051295,8428860,3737,2525242,75401,18938195
1790115696606617085,11052031,8429153,3737,2525666,75413,18938195
1790115696723635561,11052752,8429387,3737,2526158,75423,18938195
1790115696840272412,11053470,8429649,3737,2526612,75437,18938195
1790115696955129117,11054217,8429915,3737,2527045,75454,18938195
1790115697070373202,11054963,8430162,3737,2527515,75464,18938195
1790115697185358613,11055687,8430426,3737,2527955,75474,18938195
1790115697300347994,11056408,8430675,3737,2528416,75486,18938195
1790115697416743219,11057141,8430908,3737,2528902,75497,18938195
1790115697530814818,11057851,8431159,3737,2529354,75510,18938195
1790115697645845115,11058577,8431408,3737,2529805,75527,18938195
1790115697760168293,11059285,8431669,3737,2530244,75541,18938195
1790115697874039245,11059987,8431927,3737,2530681,75558,18938195
1790115697989793712,11060706,8432163,3737,2531162,75569,18938195
1790115698122205530,11061564,8432425,3737,2531717,75579,18938195
1790115698235767861,11062299,8432687,3737,2532151,75595,18938195
1790115698350279985,11063026,8432942,3737,2532598,75608,18938195
1790115698465963461,11063742,8433193,3737,2533057,75620,18938195
1790115698582345474,11064473,8433451,3737,2533507,75639,18938195
1790115698699870457,11065223,8433684,3737,2534000,75650,18938195
1790115698817651447,11065972,8433969,3737,2534439,75666,18938195
1790115698932827508,11066691,8434224,3737,2534889,75681,18938195
1790115699048813179,11067434,8434499,3737,2535330,75689,18938195
1790115699165309077,11068163,8434775,3737,2535773,75704,18938195
1790115699281126446,11068874,8435053,3737,2536205,75715,18938195
1790115699397969397,11069606,8435282,3737,2536697,75728,18938195
1790115699516632679,11070359,8435559,3737,2537147,75743,18938195
1790115699632796047,11071090,8435819,3737,2537605,75755,18938195
1790115699747168391,11071797,8436064,3737,2538060,75769,18938195
1790115699862384775,11072506,8436333,3737,2538501,75782,18938195
1790115699977087657,11073227,8436561,3737,2538976,75795,18938195
1790115700092612874,11073936,8436807,3737,2539444,75805,18938195
1790115700209794377,11074638,8437060,3737,2539914,75818,18938195
1790115700325639254,11075384,8437341,3737,2540336,75836,18938195
1790115700442549278,11076111,8437598,3737,2540801,75849,18938195
1790115700558552162,11076842,8437850,3737,2541257,75861,18938195
1790115700674598540,11077596,8438073,3737,2541761,75868,18938195
1790115700790136949,11078314,8438379,3737,2542167,75878,18938195
1790115700904318453,11079039,8438651,3737,2542600,75890,18938195
1790115701020319786,11079761,8438928,3737,2543035,75899,18938195
1790115701137627257,11080499,8439202,3737,2543477,75916,18938195
1790115701254749317,11081231,8439456,3737,2543946,75927,18938195
1790115701371021309,11081982,8439687,3737,2544426,75945,18938195
1790115701488568189,11082715,8439975,3737,2544863,75959,18938195
1790115701604323977,11083452,8440227,3737,2545314,75976,18938195
1790115701718761224,11084164,8440481,3737,2545765,75989,18938195
1790115701835753214,11084915,8440764,3737,2546197,76004,18938195
1790115701953246428,11085630,8441031,3737,2546642,76025,18938195
1790115702071443849,11086386,8441261,3737,2547142,76037,18938195
1790115702187254380,11087104,8441515,3737,2547599,76052,18938195
1790115702303423292,11087831,8441781,3737,2548044,76065,18938195
1790115702418460285,11088561,8442033,3737,2548501,76076,18938195
1790115702534532378,11089275,8442290,3737,2548957,76088,18938195
1790115702650189393,11089990,8442548,3737,2549409,76101,18938195
1790115702767881342,11090722,8442776,3737,2549906,76115,18938195
1790115702884745392,11091449,8443046,3737,2550349,76132,18938195
1790115703001661734,11092172,8443312,3737,2550802,76144,18938195
1790115703118131970,11092913,8443576,3737,2551254,76158,18938195
1790115703234376526,11093631,8443850,3737,2551688,76175,18938195
1790115703350843618,11094366,8444107,3737,2552151,76187,18938195
1790115703473281874,11095155,8444355,3737,2552659,76196,18938195
1790115703588418101,11095889,8444625,3737,2553090,76214,18938195
1790115703705979836,11096619,8444882,3737,2553555,76228,18938195
1790115703823052572,11097345,8445134,3737,2554015,76247,18938195
1790115703940264416,11098081,8445395,3737,2554475,76258,18938195
1790115704056412923,11098807,8445633,3737,2554958,76268,18938195
1790115704174342834,11099537,8445877,3737,2555437,76282,18938195
1790115704291150284,11100262,8446152,3737,2555878,76296,18938195
1790115704406640891,11100992,8446404,3737,2556338,76306,18938195
1790115704521039622,11101711,8446685,3737,2556760,76321,18938195
1790115704638411031,11102447,8446959,3737,2557205,76336,18938195
1790115704756838806,11103192,8447220,3737,2557681,76344,18938195
1790115704873670379,11103930,8447521,3737,2558099,76358,18938195
1790115704990336781,11104667,8447785,3737,2558540,76380,18938195
1790115705106912365,11105399,8448052,3737,2558984,76399,18938195
1790115705222619438,11106117,8448341,3737,2559400,76415,18938195
1790115705337079744,11106824,8448584,3737,2559864,76426,18938195
1790115705454644446,11107551,8448826,3737,2560345,76440,18938195
1790115705570277124,11108287,8449093,3737,2560789,76453,18938195
1790115705686672717,11109022,8449357,3737,2561235,76468,18938195
1790115705804235646,11109763,8449641,3737,2561671,76484,18938195
1790115705919570156,11110510,8449895,3737,2562121,76499,18938195
1790115706034171828,11111220,8450138,3737,2562594,76509,18938195
1790115706157089366,11111988,8450384,3737,2563097,76524,18938195
1790115706273656748,11112710,8450641,3737,2563550,76542,18938195
1790115706390039771,11113437,8450886,3737,2564020,76556,18938195
1790115706505630264,11114151,8451131,3737,2564480,76573,18938195
1790115706621910278,11114869,8451379,3737,2564945,76588,18938195
1790115706738143251,11115598,8451621,3737,2565424,76597,18938195
1790115706853383669,11116317,8451933,3737,2565831,76606,18938195
1790115706969424834,11117046,8452192,3737,2566280,76618,18938195
1790115707086836895,11117764,8452444,3737,2566753,76630,18938195
1790115707203688362,11118504,8452717,3737,2567187,76651,18938195
1790115707320424607,11119228,8452969,3737,2567657,76661,18938195
1790115707439171568,11119959,8453200,3737,2568159,76672,18938195
1790115707553996121,11120667,8453464,3737,2568600,76684,18938195
1790115707670539696,11121386,8453714,3737,2569062,76700,18938195
1790115707787013473,11122098,8453975,3737,2569520,76713,18938195
1790115707902086949,11122827,8454238,3737,2569961,76724,18938195
1790115708018004916,11123561,8454482,3737,2570438,76733,18938195
1790115708133571179,11124267,8454704,3737,2570925,76746,18938195
1790115708249880947,11124999,8454969,3737,2571374,76761,18938195
1790115708366366466,11125712,8455241,3737,2571812,76777,18938195
1790115708482841143,11126445,8455503,3737,2572271,76786,18938195
1790115708598967159,11127175,8455767,3737,2572723,76798,18938195
1790115708715342451,11127916,8456035,3737,2573177,76808,18938195
1790115708837186002,11128677,8456295,3737,2573665,76819,18938195
1790115708952429585,11129420,8456543,3737,2574117,76839,18938195
1790115709067263907,11130140,8456790,3737,2574575,76851,18938195
1790115709183731540,11130887,8457034,3737,2575047,76864,18938195
1790115709299328086,11131624,8457279,3737,2575512,76876,18938195
1790115709417209117,11132355,8457627,3737,2575896,76883,18944723
1790115709529950559,11133075,8458327,3737,2575901,76889,18974035
1790115709645295401,11133811,8458496,3737,2576462,76893,18974877
1790115709763343204,11134578,8458620,3737,2577071,76910,18975645
1790115709878368840,11135315,8458642,3737,2577783,76910,18975645
1790115709993527558,11136047,8458736,3737,2578420,76912,18975645
1790115710111839990,11136800,8458882,3737,2579025,76912,18975645
1790115710226111942,11137529,8458903,3737,2579737,76912,18975645
1790115710340784505,11138267,8459014,3737,2580349,76914,18975645
1790115710458851303,11139018,8459155,3737,2580958,76914,18975645
1790115710573594282,11139754,8459188,3737,2581659,76914,18975645
1790115710688475334,11140493,8459294,3737,2582283,76915,18975645
1790115710806849959,11141246,8459483,3737,2582849,76915,18975645
1790115710921606349,11141975,8459557,3737,2583505,76915,18975645
1790115711036539328,11142702,8459665,3737,2584127,76916,18975645
1790115711154667955,11143455,8459802,3737,2584742,76916,18975645
1790115711272390552,11144209,8459905,3737,2585390,76916,18975645
1790115711387100543,11144952,8460014,3737,2586010,76917,18975645
1790115711505312935,11145712,8460096,3737,2586680,76917,18975645
1790115711619165567,11146438,8460180,3737,2587322,76917,18975645
1790115711733693904,11147171,8460265,3737,2587964,76918,18975645
1790115711852030501,11147928,8460346,3737,2588637,76918,18975645
1790115711967843743,11148666,8460401,3737,2589317,76918,18975645
1790115712082565235,11149391,8460488,3737,2589959,76920,18975645
1790115712200789884,11150150,8460618,3737,2590583,76921,18975645
1790115712315723059,11150882,8460702,3737,2591230,76921,18975645
1790115712430534501,11151600,8460787,3737,2591875,76922,18975645
1790115712548711020,11152359,8460877,3737,2592538,76922,18975645
1790115712663100981,11153088,8460939,3737,2593208,76922,18975645
1790115712778066888,11153825,8461021,3737,2593856,76923,18975645
1790115712896246784,11154580,8461131,3737,2594497,76923,18975645
1790115713010366085,11155313,8461172,3737,2595184,76923,18975645
1790115713125038618,11156040,8461249,3737,2595838,76924,18975645
1790115713243117580,11156790,8461372,3737,2596464,76924,18975645
1790115713358765612,11157528,8461530,3737,2597042,76924,18975645
1790115713476153180,11158279,8461637,3737,2597683,76924,18975645
1790115713594460224,11159045,8461714,3737,2598359,76925,18975645
1790115713711899649,11159796,8461865,3737,2598949,76927,18975645
1790115713828471824,11160547,8462060,3737,2599497,76927,18975645
1790115713943396400,11161282,8462093,3737,2600198,76927,18975645
1790115714058101400,11162016,8462194,3737,2600827,76928,18975645
1790115714176095808,11162764,8462366,3737,2601405,76929,18975645
1790115714293843051,11163515,8462485,3737,2602029,76930,18975645
1790115714412080770,11164270,8462587,3737,2602685,76930,18975645
1790115714530067851,11165014,8462723,3737,2603299,76931,18975645
1790115714647280929,11165762,8462856,3737,2603909,76932,18975645
1790115714763201199,11166500,8462969,3737,2604535,76932,18975645
1790115714877574467,11167232,8463005,3737,2605225,76933,18975645
1790115714993433895,11167963,8463111,3737,2605856,76933,18975645
1790115715109410544,11168718,8463210,3737,2606495,76933,18975645
1790115715227554478,11169478,8463348,3737,2607107,76934,18975645
1790115715345597849,11170229,8463491,3737,2607715,76934,18975645
1790115715464021192,11170982,8463649,3737,2608312,76935,18975645
1790115715582302496,11171737,8463752,3737,2608960,76935,18975645
1790115715700747854,11172494,8463828,3737,2609635,76936,18975645
1790115715815223504,11173225,8463898,3737,2610296,76936,18975645
1790115715933599102,11173985,8464042,3737,2610903,76936,18975645
1790115716051554160,11174737,8464171,3737,2611526,76936,18975645
1790115716164541065,11175460,8464266,3737,2612148,76937,18975645
1790115716282363535,11176220,8464399,3737,2612766,76937,18975645
1790115716400308835,11176966,8464583,3737,2613330,76939,18975645
1790115716518253091,11177721,8464704,3737,2613961,76939,18975645
1790115716636208154,11178475,8464825,3737,2614592,76939,18975645
1790115716750938480,11179207,8464894,3737,2615247,76939,18975645
1790115716868400521,11179957,8464974,3737,2615918,76940,18975645
1790115716986731972,11180709,8465119,3737,2616524,76940,18975645
1790115717098593848,11181420,8465237,3737,2617120,76940,18975645
1790115717211005709,11182137,8465377,3737,2617698,76940,18975645
1790115717329361618,11182898,8465512,3737,2618312,76941,18975645
1790115717447535321,11183650,8465628,3737,2618949,76941,18975645
1790115717561574338,11184383,8465710,3737,2619593,76941,18975645
1790115717697561729,11185242,8465813,3737,2620354,76942,18975645
1790115717819136364,11186020,8465952,3737,2620990,76942,18975645
1790115717945572881,11186830,8466093,3737,2621650,76943,18975645
1790115718063763510,11187583,8466168,3737,2622327,76943,18975645
1790115718181559817,11188335,8466320,3737,2622924,76944,18975645
1790115718299173304,11189073,8466453,3737,2623541,76944,18975645
1790115718417725677,11189835,8466559,3737,2624187,76944,18975645
1790115718532113362,11190565,8466630,3737,2624848,76945,18975645
1790115718648403673,11191313,8466739,3737,2625477,76945,18975645
1790115718766769460,11192074,8466826,3737,2626144,76945,18975645
1790115718884651727,11192831,8466960,3737,2626757,76945,18975645
1790115719002738780,11193584,8467090,3737,2627377,76946,18975645
1790115719120944416,11194337,8467222,3737,2627995,76946,18975645
1790115719239020563,11195086,8467342,3737,2628632,76946,18975645
1790115719357741519,11195850,8467422,3737,2629304,76946,18975645
1790115719472288979,11196573,8467506,3737,2629950,76947,18975645
1790115719590374880,11197333,8467594,3737,2630614,76947,18975645
1790115719709712084,11198096,8467756,3737,2631211,76947,18975645
1790115719826458965,11198848,8467879,3737,2631830,76948,18975645
1790115719944882911,11199608,8467970,3737,2632490,76948,18975645
1790115720062564479,11200356,8468119,3737,2633092,76948,18975645
1790115720179798439,11201099,8468303,3737,2633651,76949,18975645
1790115720294087290,11201829,8468338,3737,2634350,76949,18975645
1790115720410135598,11202567,8468434,3737,2634991,76950,18975645
1790115720528254621,11203319,8468610,3737,2635565,76950,18975645
1790115720646309504,11204077,8468728,3737,2636198,76950,18975645
1790115720763455834,11204834,8468817,3737,2636854,76950,18975645
1790115720881188281,11205578,8468956,3737,2637463,76950,18975645
1790115720996615761,11206323,8469085,3737,2638065,76951,18975645
1790115721114780692,11207080,8469166,3737,2638735,76951,18975645
1790115721229720914,11207815,8469205,3737,2639432,76951,18975645
1790115721344825732,11208550,8469325,3737,2640039,76951,18975645
1790115721462863802,11209306,8469410,3737,2640704,76952,18975645
1790115721580806124,11210064,8469554,3737,2641310,76953,18975645
1790115721699106337,11210829,8469697,3737,2641924,76953,18975645
1790115721817102104,11211587,8469822,3737,2642534,76954,18975645
1790115721932412989,11212332,8469936,3737,2643148,76954,18975645
1790115722050601461,11213088,8470014,3737,2643821,76955,18975645
1790115722165507715,11213822,8470079,3737,2644487,76956,18975645
1790115722283698153,11214573,8470176,3737,2645141,76956,18975645
1790115722401712651,11215326,8470314,3737,2645754,76956,18975645
1790115722516567237,11216061,8470436,3737,2646362,76957,18975645
1790115722633247199,11216808,8470549,3737,2646993,76957,18975645
1790115722751342561,11217567,8470709,3737,2647582,76957,18975645
1790115722869380990,11218326,8470839,3737,2648203,76957,18975645
1790115722984225442,11219057,8470861,3737,2648915,76957,18975645
1790115723098929449,11219790,8470939,3737,2649561,76958,18975645
1790115723217083174,11220543,8471090,3737,2650167,76958,18975645
1790115723334854034,11221293,8471207,3737,2650794,76958,18975645
1790115723453183991,11222042,8471301,3737,2651456,76959,18975645
1790115723571193582,11222799,8471435,3737,2652073,76959,18975645
1790115723688032070,11223552,8471556,3737,2652694,76959,18975645
1790115723804764555,11224298,8471692,3737,2653298,76960,18975645
1790115723919253908,11225025,8471719,3737,2654005,76960,18975645
1790115724036655615,11225790,8471816,3737,2654654,76960,18975645
1790115724150085798,11226509,8471969,3737,2655225,76960,18975645
1790115724268294924,11227262,8472152,3737,2655790,76961,18975645
1790115724386326638,11228020,8472264,3737,2656430,76961,18975645
1790115724503757212,11228779,8472441,3737,2656998,76962,18975645
1790115724620893678,11229522,8472554,3737,2657628,76962,18975645
1790115724738899470,11230276,8472636,3737,2658297,76962,18975645
1790115724853706176,11231021,8472695,3737,2658971,76963,18975645
1790115724971180235,11231765,8472849,3737,2659566,76963,18975645
1790115725089387173,11232519,8472939,3737,2660228,76964,18975645
1790115725206570235,11233262,8473079,3737,2660830,76965,18975645
1790115725324590856,11234014,8473212,3737,2661447,76966,18975645
1790115725442768449,11234768,8473348,3737,2662062,76966,18975645
1790115725560779018,11235521,8473420,3737,2662741,76966,18975645
1790115725678522516,11236273,8473497,3737,2663416,76966,18975645
1790115725793006689,11236999,8473580,3737,2664054,76969,18975645
1790115725911108183,11237755,8473661,3737,2664730,76970,18975645
1790115726027721796,11238501,8473819,3737,2665310,76970,18975645
1790115726145347411,11239258,8473932,3737,2665947,76971,18975645
1790115726263877881,11240011,8474057,3737,2666573,76971,18975645
1790115726381518734,11240763,8474211,3737,2667169,76971,18975645
1790115726499529695,11241513,8474346,3737,2667785,76972,18975645
1790115726614348156,11242247,8474368,3737,2668497,76972,18975645
1790115726729531311,11242987,8474455,3737,2669142,76972,18975645
1790115726847429169,11243740,8474585,3737,2669761,76973,18975645
1790115726965589510,11244491,8474747,3737,2670349,76973,18975645
1790115727083783934,11245245,8474856,3737,2670991,76974,18975645
1790115727200819110,11246001,8475037,3737,2671556,76974,18975645
1790115727315237386,11246733,8475200,3737,2672120,76975,18975645
1790115727433591562,11247493,8475341,3737,2672731,76976,18975645
1790115727548049829,11248221,8475381,3737,2673424,76976,18975645
1790115727665241326,11248973,8475498,3737,2674048,76977,18975645
1790115727783636663,11249742,8475635,3737,2674663,76978,18975645
1790115727901717364,11250497,8475820,3737,2675228,76978,18975645
1790115728020022515,11251252,8475935,3737,2675871,76978,18975645
1790115728136319163,11251998,8476094,3737,2676450,76978,18975645
1790115728253583082,11252755,8476202,3737,2677085,76979,18975645
1790115728371925343,11253507,8476285,3737,2677753,76979,18975645
1790115728486830515,11254233,8476337,3737,2678429,76980,18975645
1790115728604186073,11254977,8476473,3737,2679043,76981,18975645
1790115728722282318,11255738,8476568,3737,2679698,76981,18975645
1790115728838901873,11256492,8476709,3737,2680293,76982,18975645
1790115728957085047,11257243,8476875,3737,2680884,76983,18975645
1790115729075110299,11257996,8477011,3737,2681495,76984,18975645
1790115729193424351,11258756,8477086,3737,2682172,76985,18975645
1790115729311317572,11259512,8477162,3737,2682848,76985,18975645
1790115729425822063,11260230,8477240,3737,2683493,76986,18975645
1790115729544041950,11260984,8477336,3737,2684155,76986,18975645
1790115729662704290,11261747,8477528,3737,2684713,76987,18975645
1790115729779730491,11262492,8477638,3737,2685347,76987,18975645
1790115729897749429,11263247,8477734,3737,2686001,76988,18975645
1790115730015666118,11263999,8477893,3737,2686591,76988,18975645
1790115730133674345,11264751,8478024,3737,2687211,76988,18975645
1790115730247963302,11265482,8478046,3737,2687917,76988,18975645
1790115730363082991,11266211,8478160,3737,2688539,76989,18975645
1790115730481131763,11266969,8478320,3737,2689129,76989,18975645
1790115730599393562,11267711,8478452,3737,2689747,76991,18975645
1790115730717531983,11268474,8478576,3737,2690373,76991,18975645
1790115730835448970,11269234,8478712,3737,2690987,76992,18975645
1790115730951713023,11269983,8478855,3737,2691584,76993,18975645
1790115731067207041,11270715,8478962,3737,2692213,76993,18975645
1790115731181698435,11271450,8478988,3737,2692912,76993,18975645
1790115731298440578,11272192,8479101,3737,2693542,76994,18975645
1790115731415708101,11272936,8479195,3737,2694192,76994,18975645
1790115731530181944,11273669,8479221,3737,2694899,76994,18975645
1790115731645135751,11274400,8479353,3737,2695497,76994,18975645
1790115731763282748,11275159,8479433,3737,2696169,76994,18975645
1790115731878151595,11275899,8479459,3737,2696876,76994,18975645
1790115731992643748,11276639,8479583,3737,2697477,76995,18975645
1790115732110682781,11277393,8479699,3737,2698113,76995,18975645
1790115732225276297,11278126,8479726,3737,2698818,76995,18975645
1790115732341043613,11278870,8479882,3737,2699396,76996,18975645
1790115732458008156,11279612,8479990,3737,2700028,76997,18975645
1790115732572710530,11280352,8480019,3737,2700727,76997,18975645
1790115732689077577,11281088,8480150,3737,2701335,76999,18975645
1790115732807111713,11281840,8480278,3737,2701960,76999,18975645
1790115732921835891,11282572,8480305,3737,2702661,76999,18975645
1790115733038672053,11283320,8480434,3737,2703277,76999,18975645
1790115733153582394,11284054,8480549,3737,2703892,76999,18975645
1790115733268432088,11284789,8480589,3737,2704585,77000,18975645
1790115733385332167,11285533,8480716,3737,2705201,77000,18975645
1790115733500579460,11286276,8480845,3737,2705805,77000,18975645
1790115733615546965,11287015,8480871,3737,2706508,77001,18975645
1790115733733121948,11287771,8481000,3737,2707126,77002,18975645
1790115733851441021,11288528,8481103,3737,2707775,77003,18975645
1790115733966267580,11289260,8481131,3737,2708480,77003,18975645
1790115734082333148,11290001,8481276,3737,2709071,77005,18975645
1790115734199867439,11290751,8481371,3737,2709721,77005,18975645
1790115734315401454,11291497,8481399,3737,2710432,77005,18975645
1790115734430286283,11292215,8481602,3737,2710948,77011,18975645
1790115734545845640,11292953,8481859,3737,2711401,77026,18975645
1790115734661264928,11293671,8482196,3737,2711776,77039,18975645
1790115734778529180,11294409,8482473,3737,2712215,77055,18975645
1790115734894048381,11295117,8482738,3737,2712662,77068,18975645
1790115735010141116,11295866,8482999,3737,2713116,77077,18975645
1790115735126454696,11296569,8483232,3737,2713606,77085,18975645
1790115735242801714,11297303,8483479,3737,2714070,77101,18975645
1790115735360210300,11298026,8483737,3737,2714530,77116,18975645
1790115735476963579,11298763,8483993,3737,2714988,77134,18975645
1790115735593316007,11299507,8484240,3737,2715457,77145,18975645
1790115735709304304,11300216,8484496,3737,2715913,77157,18975645
1790115735826749755,11300931,8484744,3737,2716386,77169,18975645
1790115735942006086,11301647,8484992,3737,2716847,77181,18975645
1790115736056422699,11302361,8485238,3737,2717301,77197,18975645
1790115736172428214,11303080,8485481,3737,2717770,77209,18975645
1790115736286734566,11303794,8485730,3737,2718219,77225,18975645
1790115736403174382,11304527,8485954,3737,2718713,77243,18975645
1790115736520362643,11305247,8486221,3737,2719162,77257,18975645
1790115736636167317,11305980,8486471,3737,2719626,77269,18975645
1790115736751863674,11306701,8486726,3737,2720077,77285,18975645
1790115736867653814,11307434,8486989,3737,2720524,77301,18975645
1790115736982042307,11308153,8487242,3737,2720976,77312,18975645
1790115737098871541,11308900,8487464,3737,2721474,77326,18975645
1790115737212811863,11309620,8487720,3737,2721921,77336,18975645
1790115737328631553,11310369,8487972,3737,2722378,77352,18975645
1790115737442370937,11311090,8488231,3737,2722813,77366,18975645
1790115737557915215,11311800,8488477,3737,2723271,77385,18975645
1790115737672971762,11312512,8488733,3737,2723720,77400,18975645
1790115737789745072,11313258,8488975,3737,2724203,77410,18975645
1790115737905376395,11313979,8489219,3737,2724668,77423,18975645
1790115738022593536,11314717,8489467,3737,2725138,77437,18975645
1790115738138664217,11315442,8489721,3737,2725596,77450,18975645
1790115738255079416,11316188,8490004,3737,2726034,77461,18975645
1790115738370624406,11316914,8490259,3737,2726488,77473,18975645
1790115738488815885,11317652,8490498,3737,2726979,77487,18975645
1790115738604072737,11318382,8490751,3737,2727429,77502,18975645
1790115738718781528,11319093,8491010,3737,2727876,77514,18975645
1790115738834781149,11319834,8491282,3737,2728318,77526,18975645
1790115738950958192,11320558,8491535,3737,2728780,77539,18975645
1790115739065287536,11321253,8491756,3737,2729261,77552,18975645
1790115739178829820,11321961,8492019,3737,2729701,77563,18975645
1790115739293475612,11322666,8492307,3737,2730116,77575,18975645
1790115739410252243,11323390,8492562,3737,2730581,77587,18975645
1790115739526634736,11324120,8492813,3737,2731047,77598,18975645
1790115739640895525,11324847,8493078,3737,2731478,77615,18975645
1790115739756738709,11325579,8493317,3737,2731955,77631,18975645
1790115739874270734,11326322,8493589,3737,2732399,77646,18975645
1790115739989569121,11327052,8493837,3737,2732858,77660,18975645
1790115740105658461,11327783,8494089,3737,2733319,77673,18975645
1790115740220651303,11328510,8494336,3737,2733776,77688,18975645
1790115740334116352,11329223,8494598,3737,2734210,77703,18975645
1790115740452729911,11329972,8494830,3737,2734704,77718,18975645
1790115740568303984,11330697,8495114,3737,2735139,77730,18975645
1790115740683519808,11331412,8495383,3737,2735577,77742,18975645
1790115740799632707,11332156,8495630,3737,2736042,77755,18975645
1790115740915123115,11332875,8495894,3737,2736484,77769,18975645
1790115741032606266,11333616,8496153,3737,2736948,77780,18975645
1790115741149232991,11334367,8496402,3737,2737424,77792,18975645
1790115741264543182,11335102,8496670,3737,2737862,77803,18975645
1790115741380439470,11335838,8496930,3737,2738316,77816,18975645
1790115741495307902,11336553,8497189,3737,2738761,77830,18975645
1790115741611577853,11337285,8497449,3737,2739210,77848,18975645
1790115741726416418,11338018,8497726,3737,2739640,77861,18975645
1790115741843662112,11338759,8497999,3737,2740093,77873,18975645
1790115741959832226,11339499,8498291,3737,2740513,77886,18975645
1790115742075287587,11340227,8498536,3737,2740979,77899,18975645
1790115742191986897,11340968,8498788,3737,2741443,77912,18975645
1790115742308687195,11341697,8499043,3737,2741902,77927,18975645
1790115742424897959,11342432,8499268,3737,2742398,77936,18975645
1790115742541637076,11343166,8499528,3737,2742857,77951,18975645
1790115742657549717,11343885,8499808,3737,2743286,77964,18975645
1790115742775169271,11344643,8500066,3737,2743749,77978,18975645
1790115742892182313,11345377,8500330,3737,2744203,77992,18975645
1790115743009778001,11346108,8500584,3737,2744671,78006,18975645
1790115743128289716,11346847,8500826,3737,2745162,78019,18975645
1790115743246245258,11347583,8501092,3737,2745620,78033,18975645
1790115743360565246,11348305,8501354,3737,2746059,78045,18975645
1790115743475327422,11349025,8501614,3737,2746508,78056,18975645
1790115743591042255,11349754,8501870,3737,2746957,78074,18975645
1790115743707265915,11350485,8502139,3737,2747401,78088,18975645
1790115743822336478,11351209,8502384,3737,2747869,78101,18975645
1790115743939910645,11351931,8502643,3737,2748331,78112,18975645
1790115744056867943,11352642,8502937,3737,2748760,78122,18975645
1790115744172521375,11353388,8503217,3737,2749191,78134,18975645
1790115744287966929,11354101,8503475,3737,2749643,78148,18975645
1790115744403220861,11354826,8503739,3737,2750086,78162,18975645
1790115744520807137,11355590,8503981,3737,2750571,78174,18975645
1790115744638310725,11356331,8504243,3737,2751024,78192,18975645
1790115744754474234,11357067,8504504,3737,2751471,78210,18975645
1790115744871248158,11357819,8504759,3737,2751934,78223,18975645
1790115744985854140,11358538,8505018,3737,2752380,78233,18975645
1790115745104419126,11359281,8505247,3737,2752882,78246,18975645
1790115745222371992,11360012,8505495,3737,2753364,78257,18975645
1790115745340215140,11360734,8505784,3737,2753799,78268,18975645
1790115745457677326,11361464,8506041,3737,2754259,78289,18975645
1790115745574698167,11362197,8506322,3737,2754690,78304,18975645
1790115745690243683,11362916,8506583,3737,2755142,78318,18975645
1790115745807051889,11363642,8506816,3737,2755627,78330,18975645
1790115745924637097,11364368,8507075,3737,2756093,78342,18975645
1790115746040028745,11365080,8507342,3737,2756532,78358,18975645
1790115746157364897,11365815,8507602,3737,2756986,78376,18975645
1790115746273187205,11366552,8507856,3737,2757447,78387,18975645
1790115746390302580,11367276,8508098,3737,2757926,78399,18975645
1790115746507417477,11368006,8508342,3737,2758409,78410,18975645
1790115746625116986,11368743,8508615,3737,2758863,78418,18975645
1790115746741305470,11369450,8508862,3737,2759330,78429,18975645
1790115746857972754,11370184,8509118,3737,2759789,78443,18975645
1790115746974767136,11370927,8509380,3737,2760242,78458,18975645
1790115747090654920,11371655,8509635,3737,2760703,78473,18975645
1790115747213140195,11372386,8509906,3737,2761184,78483,18975645
1790115747330279247,11373115,8510171,3737,2761635,78500,18975645
1790115747447001935,11373859,8510437,3737,2762085,78514,18975645
1790115747562740164,11374598,8510690,3737,2762543,78530,18975645
1790115747680171816,11375322,8510962,3737,2762987,78545,18975645
1790115747797170351,11376063,8511209,3737,2763458,78559,18975645
1790115747915020167,11376787,8511464,3737,2763925,78574,18975645
1790115748031338502,11377518,8511719,3737,2764382,78590,18975645
1790115748146844284,11378227,8511969,3737,2764843,78604,18975645
1790115748262624807,11378937,8512235,3737,2765284,78618,18975645
1790115748378794954,11379666,8512490,3737,2765746,78630,18975645
1790115748496070983,11380426,8512725,3737,2766232,78643,18975645
1790115748612420595,11381166,8512978,3737,2766693,78661,18975645
1790115748729703635,11381900,8513242,3737,2767150,78671,18975645
1790115748843064324,11382607,8513509,3737,2767580,78682,18975645
1790115748960436286,11383359,8513773,3737,2768033,78700,18975645
1790115749075527058,11384096,8514035,3737,2768480,78711,18975645
1790115749189667660,11384813,8514266,3737,2768957,78721,18975645
1790115749306189485,11385558,8514531,3737,2769407,78733,18975645
1790115749422077200,11386290,8514778,3737,2769870,78747,18975645
1790115749537555137,11387011,8515037,3737,2770312,78767,18975645
1790115749653639769,11387753,8515291,3737,2770767,78784,18975645
1790115749767974115,11388447,8515517,3737,2771245,78799,18975645
1790115749888605182,11389224,8515761,3737,2771743,78813,18975645
1790115750002686457,11389942,8516017,3737,2772189,78825,18975645
1790115750118671091,11390660,8516266,3737,2772647,78839,18975645
1790115750232688626,11391378,8516519,3737,2773098,78852,18975645
1790115750347415435,11392119,8516798,3737,2773524,78865,18975645
1790115750463088774,11392840,8517037,3737,2773995,78877,18975645
1790115750577428354,11393583,8517286,3737,2774452,78889,18975645
1790115750693934856,11394298,8517540,3737,2774909,78907,18975645
1790115750809548941,11395027,8517804,3737,2775350,78921,18975645
1790115750923850929,11395746,8518041,3737,2775818,78933,18975645
1790115751039827895,11396455,8518278,3737,2776297,78944,18975645
1790115751155701854,11397190,8518542,3737,2776749,78956,18975645
1790115751270654676,11397905,8518786,3737,2777201,78975,18975645
1790115751387312900,11398633,8519047,3737,2777653,78992,18975645
1790115751502468975,11399356,8519303,3737,2778105,79003,18975645
1790115751618042756,11400080,8519564,3737,2778552,79018,18975645
1790115751733479013,11400805,8519845,3737,2778983,79029,18975645
1790115751849009245,11401533,8520095,3737,2779448,79040,18975645
1790115751963274930,11402268,8520369,3737,2779875,79055,18975645
1790115752080588514,11403005,8520643,3737,2780324,79068,18975645
1790115752196907550,11403748,8520941,3737,2780737,79083,18975645
1790115752313546818,11404481,8521184,3737,2781209,79095,18975645
1790115752429658874,11405214,8521489,3737,2781624,79103,18975645
1790115752549419222,11405956,8521789,3737,2782064,79115,18975645
1790115752665755713,11406672,8522054,3737,2782515,79127,18975645
1790115752783139902,11407384,8522320,3737,2782974,79140,18975645
1790115752899149968,11408110,8522602,3737,2783395,79159,18975645
1790115753016609932,11408854,8522857,3737,2783861,79177,18975645
1790115753133791090,11409573,8523125,3737,2784316,79186,18975645
1790115753248456667,11410287,8523373,3737,2784774,79196,18975645
1790115753364148055,11411032,8523640,3737,2785216,79212,18975645
1790115753480814064,11411744,8523933,3737,2785640,79227,18975645
1790115753597162770,11412465,8524192,3737,2786094,79239,18975645
1790115753713882884,11413194,8524459,3737,2786546,79252,18975645
1790115753830913157,11413911,8524699,3737,2787029,79263,18975645
1790115753948420821,11414670,8524953,3737,2787495,79276,18975645
1790115754064361517,11415394,8525229,3737,2787930,79290,18975645
1790115754180388157,11416116,8525480,3737,2788393,79302,18975645
1790115754296370089,11416846,8525750,3737,2788841,79315,18975645
1790115754412646063,11417570,8526021,3737,2789278,79331,18975645
1790115754527218820,11418298,8526249,3737,2789765,79338,18975645
1790115754642203228,11419000,8526499,3737,2790215,79355,18975645
1790115754757687292,11419726,8526775,3737,2790646,79371,18975645
1790115754875249778,11420486,8527030,3737,2791109,79386,18975645
1790115754990950781,11421202,8527289,3737,2791560,79398,18975645
1790115755106819698,11421936,8527526,3737,2792037,79413,18975645
1790115755230791358,11422700,8527796,3737,2792522,79431,18975645
1790115755347245577,11423415,8528057,3737,2792979,79442,18975645
1790115755462468261,11424141,8528314,3737,2793429,79456,18975645
1790115755577913541,11424859,8528567,3737,2793883,79471,18975645
1790115755695007471,11425594,8528824,3737,2794349,79482,18975645
1790115755812057742,11426323,8529063,3737,2794833,79493,18975645
1790115755928685699,11427041,8529343,3737,2795269,79506,18975645
1790115756046018642,11427773,8529617,3737,2795713,79523,18975645
1790115756161957201,11428493,8529864,3737,2796174,79538,18975645
1790115756275646111,11429190,8530106,3737,2796631,79550,18975645
1790115756391453730,11429929,8530368,3737,2797081,79563,18975645
1790115756509777522,11430707,8530616,3737,2797570,79569,18975645
1790115756625406099,11431431,8530887,3737,2798004,79588,18975645
1790115756741869263,11432165,8531152,3737,2798453,79603,18975645
1790115756857913100,11432880,8531413,3737,2798903,79617,18975645
1790115756975185411,11433604,8531672,3737,2799368,79626,18975645
1790115757092052253,11434366,8531927,3737,2799835,79638,18975645
1790115757208413158,11435097,8532171,3737,2800305,79652,18975645
1790115757325667160,11435836,8532436,3737,2800766,79662,18975645
1790115757443475560,11436583,8532704,3737,2801217,79678,18975645
1790115757560253857,11437307,8532956,3737,2801680,79691,18975645
1790115757677417951,11438058,8533211,3737,2802141,79708,18975645
1790115757793428921,11438788,8533465,3737,2802606,79719,18975645
1790115757908172676,11439490,8533704,3737,2803072,79731,18975645
1790115758021449425,11440184,8533995,3737,2803475,79745,18975645
1790115758136531411,11440902,8534299,3737,2803884,79753,18975645
1790115758251267579,11441627,8534546,3737,2804338,79770,18975645
1790115758367319244,11442362,8534813,3737,2804779,79786,18975645
1790115758484137902,11443077,8535058,3737,2805257,79797,18975645
1790115758601881483,11443815,8535300,3737,2805737,79812,18975645
1790115758718524167,11444540,8535555,3737,2806197,79826,18975645
1790115758833744428,11445285,8535804,3737,2806652,79844,18975645
1790115758949559857,11446036,8536048,3737,2807118,79858,18975645
1790115759064385875,11446744,8536319,3737,2807553,79874,18975645
1790115759183559993,11447489,8536553,3737,2808057,79884,18975645
1790115759300736175,11448212,8536801,3737,2808526,79899,18975645
1790115759416418330,11448940,8537068,3737,2808961,79918,18975645
1790115759532399802,11449648,8537335,3737,2809406,79932,18975645
1790115759649582756,11450410,8537587,3737,2809873,79948,18975645
1790115759766232144,11451145,8537856,3737,2810327,79958,18975645
1790115759884354639,11451882,8538108,3737,2810802,79972,18975645
1790115760000586000,11452618,8538369,3737,2811250,79987,18975645
1790115760116273626,11453348,8538648,3737,2811679,80005,18975645
1790115760230890116,11454063,8538917,3737,2812110,80020,18975645
1790115760347095319,11454781,8539190,3737,2812553,80033,18975645
1790115760462888516,11455523,8539453,3737,2813004,80043,18975645
1790115760576693578,11456237,8539693,3737,2813471,80052,18975645
1790115760692569971,11456951,8539946,3737,2813933,80063,18975645
1790115760807705146,11457649,8540205,3737,2814379,80078,18975645
1790115760925275124,11458382,8540466,3737,2814832,80095,18975645
1790115761038341046,11459090,8540714,3737,2815278,80107,18975645
1790115761154402253,11459806,8540941,3737,2815767,80119,18975645
1790115761271099794,11460529,8541178,3737,2816249,80131,18975645
1790115761388024686,11461282,8541427,3737,2816711,80152,18975645
1790115761504677425,11462025,8541679,3737,2817178,80164,18975645
1790115761620917604,11462755,8541971,3737,2817602,80177,18975645
1790115761736041127,11463466,8542207,3737,2818069,80190,18975645
1790115761852657065,11464227,8542436,3737,2818562,80203,18975645
1790115761968357606,11464940,8542698,3737,2819005,80220,18975645
1790115762086336181,11465689,8542964,3737,2819462,80235,18975645
1790115762203047863,11466404,8543220,3737,2819922,80248,18975645
1790115762320210129,11467135,8543488,3737,2820371,80263,18975645
1790115762435965921,11467870,8543738,3737,2820835,80274,18975645
1790115762554847937,11468647,8543981,3737,2821333,80281,18975645
1790115762673234039,11469385,8544237,3737,2821804,80292,18975645
1790115762788865496,11470097,8544490,3737,2822261,80307,18975645
1790115762905330684,11470838,8544748,3737,2822715,80321,18975645
1790115763021175218,11471576,8545006,3737,2823173,80331,18975645
1790115763135845148,11472280,8545256,3737,2823629,80345,18975645
1790115763254607061,11473022,8545514,3737,2824104,80354,18975645
1790115763371292507,11473738,8545777,3737,2824564,80363,18975645
1790115763487185471,11474473,8546034,3737,2825018,80375,18975645
1790115763602354104,11475186,8546314,3737,2825448,80385,18975645
1790115763718573652,11475914,8546614,3737,2825864,80396,18975645
1790115763834955073,11476644,8546854,3737,2826349,80406,18975645
1790115763954148351,11477408,8547114,3737,2826815,80422,18975645
1790115764070075826,11478147,8547374,3737,2827268,80435,18975645
1790115764186253699,11478891,8547637,3737,2827717,80448,18975645
1790115764302705316,11479605,8547892,3737,2828177,80464,18975645
1790115764418007593,11480328,8548136,3737,2828635,80479,18975645
1790115764536307633,11481073,8548416,3737,2829089,80489,18975645
1790115764653275361,11481798,8548668,3737,2829554,80501,18975645
1790115764769014185,11482524,8548924,3737,2830008,80515,18975645
1790115764884363249,11483238,8549205,3737,2830437,80529,18975645
1790115765001090692,11483958,8549453,3737,2830900,80546,18975645
1790115765117727900,11484686,8549707,3737,2831365,80560,18975645
1790115765234423451,11485431,8549934,3737,2831855,80571,18975645
1790115765349196227,11486152,8550193,3737,2832302,80586,18975645
1790115765466629813,11486885,8550442,3737,2832770,80601,18975645
1790115765582606711,11487632,8550687,3737,2833234,80615,18975645
1790115765698992920,11488382,8550952,3737,2833683,80629,18975645
1790115765814446765,11489112,8551240,3737,2834110,80642,18975645
1790115765931193849,11489850,8551482,3737,2834587,80651,18975645
1790115766047823049,11490581,8551730,3737,2835054,80665,18975645
1790115766165318380,11491311,8551994,3737,2835512,80680,18975645
1790115766281921865,11492038,8552250,3737,2835972,80693,18975645
1790115766397462350,11492763,8552500,3737,2836428,80710,18975645
1790115766514193348,11493504,8552772,3737,2836881,80716,18975645
1790115766628255123,11494233,8553031,3737,2837327,80731,18975645
1790115766743560482,11494943,8553307,3737,2837758,80743,18975645
1790115766857804901,11495658,8553564,3737,2838202,80757,18975645
1790115766973087018,11496386,8553821,3737,2838652,80771,18975645
1790115767089977302,11497131,8554074,3737,2839119,80782,18975645
1790115767205827894,11497847,8554406,3737,2839497,80797,18980125
1790115767318206464,11498564,8555103,3737,2839501,80803,19012509
1790115767432373650,11499301,8555301,3737,2840028,80804,19012509
1790115767550556407,11500057,8555414,3737,2840666,80804,19012509
1790115767666224607,11500791,8555459,3737,2841361,80804,19012509
1790115767784312835,11501539,8555595,3737,2841975,80804,19012509
1790115767902370474,11502297,8555675,3737,2842647,80805,19012509
1790115768016879871,11503015,8555751,3737,2843295,80805,19012509
1790115768134440168,11503772,8555899,3737,2843896,80806,19012509
1790115768252526275,11504525,8556024,3737,2844524,80806,19012509
1790115768367114733,11505257,8556118,3737,2845161,80806,19012509
1790115768485083767,11506014,8556229,3737,2845798,80807,19012509
1790115768598982582,11506744,8556267,3737,2846484,80807,19012509
1790115768714137849,11507478,8556344,3737,2847143,80808,19012509
1790115768832318933,11508237,8556463,3737,2847775,80808,19012509
1790115768946554065,11508975,8556490,3737,2848475,80808,19012509
1790115769063048781,11509713,8556658,3737,2849049,80809,19012509
1790115769181145013,11510471,8556742,3737,2849717,80810,19012509
1790115769295878753,11511197,8556804,3737,2850378,80811,19012509
1790115769413880182,11511954,8556889,3737,2851043,80812,19012509
1790115769531703004,11512712,8556969,3737,2851715,80812,19012509
1790115769646571011,11513450,8557049,3737,2852366,80813,19012509
1790115769765073609,11514203,8557209,3737,2852962,80813,19012509
1790115769879802943,11514939,8557239,3737,2853661,80813,19012509
1790115769997299506,11515682,8557335,3737,2854311,80815,19012509
1790115770113567817,11516425,8557479,3737,2854906,80815,19012509
1790115770228248421,11517155,8557525,3737,2855593,80816,19012509
1790115770345325205,11517912,8557632,3737,2856230,80816,19012509
1790115770463583730,11518676,8557711,3737,2856902,80816,19012509
1790115770578445085,11519417,8557790,3737,2857555,80816,19012509
1790115770696399966,11520174,8557894,3737,2858202,80816,19012509
1790115770811547376,11520906,8558046,3737,2858781,80817,19012509
1790115770930261884,11521660,8558152,3737,2859432,80817,19012509
1790115771048421175,11522420,8558327,3737,2860006,80818,19012509
1790115771174095507,11523219,8558484,3737,2860650,80818,19012509
1790115771292383268,11523977,8558578,3737,2861308,80818,19012509
1790115771406692863,11524703,8558704,3737,2861906,80819,19012509
1790115771524718866,11525459,8558852,3737,2862511,80819,19012509
1790115771643555078,11526228,8559020,3737,2863096,80820,19012509
1790115771761261512,11526970,8559149,3737,2863717,80821,19012509
1790115771879297912,11527718,8559351,3737,2864265,80821,19012509
1790115771997013052,11528484,8559503,3737,2864864,80821,19012509
1790115772115078964,11529235,8559624,3737,2865495,80821,19012509
1790115772229881027,11529970,8559694,3737,2866151,80822,19012509
1790115772348555318,11530726,8559817,3737,2866784,80822,19012509
1790115772466451040,11531478,8559986,3737,2867365,80823,19012509
1790115772584204711,11532228,8560131,3737,2867970,80823,19012509
1790115772702081466,11532988,8560301,3737,2868551,80823,19012509
1790115772820725095,11533748,8560461,3737,2869143,80824,19012509
1790115772937222163,11534495,8560584,3737,2869763,80824,19012509
1790115773051672110,11535224,8560650,3737,2870422,80824,19012509
1790115773169376189,11535985,8560791,3737,2871031,80824,19012509
1790115773287354330,11536739,8560936,3737,2871637,80825,19012509
1790115773404082339,11537487,8561069,3737,2872247,80825,19012509
1790115773522106530,11538248,8561156,3737,2872911,80825,19012509
1790115773639252275,11539012,8561290,3737,2873522,80825,19012509
1790115773752359414,11539741,8561442,3737,2874089,80825,19012509
1790115773867333695,11540470,8561478,3737,2874785,80826,19012509
1790115773981231897,11541197,8561609,3737,2875379,80827,19012509
1790115774099553198,11541955,8561723,3737,2876017,80827,19012509
1790115774217943514,11542707,8561853,3737,2876639,80828,19012509
1790115774333899797,11543455,8561990,3737,2877236,80828,19012509
1790115774452182806,11544207,8562134,3737,2877847,80829,19012509
1790115774570326710,11544965,8562292,3737,2878439,80829,19012509
1790115774685364021,11545705,8562319,3737,2879146,80829,19012509
1790115774801837551,11546444,8562468,3737,2879735,80830,19012509
1790115774920026226,11547202,8562577,3737,2880383,80830,19012509
1790115775038142360,11547947,8562723,3737,2880986,80832,19012509
1790115775156231742,11548698,8562843,3737,2881615,80833,19012509
1790115775274164068,11549438,8562982,3737,2882225,80833,19012509
1790115775392412407,11550197,8563141,3737,2882817,80834,19012509
1790115775506999783,11550926,8563174,3737,2883518,80834,19012509
1790115775625907739,11551683,8563301,3737,2884142,80835,19012509
1790115775741185570,11552409,8563421,3737,2884757,80835,19012509
1790115775858906807,11553161,8563551,3737,2885371,80836,19012509
1790115775977126142,11553912,8563675,3737,2886003,80836,19012509
1790115776094955371,11554665,8563804,3737,2886617,80837,19012509
1790115776213020252,11555418,8563932,3737,2887246,80838,19012509
1790115776327693770,11556150,8563957,3737,2887949,80838,19012509
1790115776445791870,11556907,8564084,3737,2888572,80839,19012509
1790115776564130986,11557666,8564158,3737,2889253,80839,19012509
1790115776680393862,11558408,8564314,3737,2889831,80842,19012509
1790115776797038095,11559151,8564447,3737,2890443,80842,19012509
1790115776914922793,11559908,8564567,3737,2891066,80843,19012509
1790115777032902158,11560657,8564725,3737,2891659,80843,19012509
1790115777148676680,11561397,8564747,3737,2892380,80843,19012509
1790115777267180752,11562150,8564884,3737,2892994,80844,19012509
1790115777381727704,11562885,8564995,3737,2893610,80844,19012509
1790115777499853082,11563632,8565136,3737,2894218,80845,19012509
1790115777617908790,11564387,8565266,3737,2894839,80845,19012509
1790115777735762505,11565145,8565402,3737,2895451,80848,19012509
1790115777853872182,11565900,8565558,3737,2896045,80848,19012509
1790115777969544784,11566643,8565584,3737,2896759,80848,19012509
1790115778085750771,11567387,8565667,3737,2897413,80848,19012509
1790115778200977356,11568115,8565831,3737,2897981,80848,19012509
1790115778319027692,11568874,8565956,3737,2898612,80848,19012509
1790115778437187087,11569631,8566079,3737,2899240,80848,19012509
1790115778555292363,11570385,8566208,3737,2899860,80850,19012509
1790115778673317315,11571139,8566380,3737,2900439,80850,19012509
1790115778787611838,11571870,8566428,3737,2901118,80850,19012509
1790115778904182064,11572612,8566530,3737,2901758,80851,19012509
1790115779020860136,11573359,8566687,3737,2902340,80851,19012509
1790115779139053802,11574109,8566812,3737,2902970,80852,19012509
1790115779257270500,11574861,8566929,3737,2903603,80852,19012509
1790115779375478028,11575627,8567044,3737,2904238,80852,19012509
1790115779493562827,11576383,8567157,3737,2904877,80853,19012509
1790115779609579286,11577125,8567179,3737,2905595,80853,19012509
1790115779726463671,11577863,8567261,3737,2906256,80854,19012509
1790115779843743743,11578612,8567379,3737,2906883,80854,19012509
1790115779961839331,11579368,8567518,3737,2907493,80854,19012509
1790115780080158545,11580123,8567687,3737,2908080,80855,19012509
1790115780198272875,11580871,8567833,3737,2908683,80856,19012509
1790115780316252975,11581627,8567954,3737,2909313,80857,19012509
1790115780432108605,11582368,8567975,3737,2910032,80857,19012509
1790115780551169015,11583139,8568085,3737,2910675,80857,19012509
1790115780667901000,11583883,8568177,3737,2911323,80857,19012509
1790115780785819634,11584633,8568318,3737,2911932,80858,19012509
1790115780903476692,11585384,8568440,3737,2912561,80858,19012509
1790115781021558581,11586132,8568565,3737,2913186,80859,19012509
1790115781139688271,11586886,8568690,3737,2913812,80859,19012509
1790115781254439661,11587621,8568725,3737,2914510,80859,19012509
1790115781370797413,11588359,8568880,3737,2915094,80860,19012509
1790115781489374535,11589121,8568956,3737,2915773,80860,19012509
1790115781606179948,11589858,8569112,3737,2916359,80860,19012509
1790115781724233270,11590610,8569267,3737,2916954,80861,19012509
1790115781842630155,11591373,8569406,3737,2917565,80861,19012509
1790115781961166579,11592128,8569526,3737,2918201,80861,19012509
1790115782076033467,11592866,8569558,3737,2918904,80861,19012509
1790115782194244547,11593621,8569680,3737,2919529,80862,19012509
1790115782310443687,11594361,8569771,3737,2920177,80863,19012509
1790115782428285165,11595098,8569899,3737,2920798,80863,19012509
1790115782546292505,11595853,8570051,3737,2921397,80863,19012509
1790115782664553916,11596604,8570170,3737,2922025,80866,19012509
1790115782782589949,11597358,8570291,3737,2922655,80866,19012509
1790115782896889969,11598084,8570326,3737,2923350,80867,19012509
1790115783014984290,11598832,8570453,3737,2923975,80867,19012509
1790115783133239102,11599587,8570523,3737,2924656,80867,19012509
1790115783251391940,11600352,8570674,3737,2925256,80867,19012509
1790115783366812762,11601078,8570833,3737,2925829,80867,19012509
1790115783485009109,11601831,8570979,3737,2926433,80868,19012509
1790115783603055686,11602590,8571133,3737,2927035,80869,19012509
1790115783718363459,11603328,8571156,3737,2927746,80869,19012509
1790115783836691184,11604078,8571298,3737,2928354,80870,19012509
1790115783954245940,11604819,8571389,3737,2929012,80870,19012509
1790115784072447785,11605587,8571547,3737,2929604,80871,19012509
1790115784188734226,11606331,8571676,3737,2930213,80871,19012509
1790115784306598058,11607096,8571811,3737,2930827,80871,19012509
1790115784424690168,11607845,8571987,3737,2931402,80871,19012509
1790115784540601367,11608587,8572020,3737,2932109,80871,19012509
1790115784659900369,11609351,8572141,3737,2932746,80872,19012509
1790115784773278250,11610075,8572282,3737,2933328,80873,19012509
1790115784891155314,11610826,8572432,3737,2933927,80874,19012509
1790115785009258438,11611583,8572633,3737,2934476,80874,19012509
1790115785127642535,11612338,8572778,3737,2935080,80875,19012509
1790115785245646310,11613090,8572909,3737,2935703,80875,19012509
1790115785359171723,11613815,8572984,3737,2936352,80876,19012509
1790115785473916459,11614557,8573074,3737,2936986,80876,19012509
1790115785591812630,11615317,8573212,3737,2937599,80876,19012509
1790115785710101695,11616060,8573352,3737,2938214,80877,19012509
1790115785828759594,11616823,8573508,3737,2938812,80877,19012509
1790115785946623028,11617580,8573622,3737,2939448,80877,19012509
1790115786063789348,11618329,8573735,3737,2940078,80877,19012509
1790115786180285549,11619067,8573842,3737,2940716,80877,19012509
1790115786295057211,11619803,8573939,3737,2941350,80878,19012509
1790115786413198996,11620550,8574150,3737,2941890,80878,19012509
1790115786531469662,11621314,8574282,3737,2942510,80878,19012509
1790115786648736783,11622061,8574393,3737,2943143,80878,19012509
1790115786765622495,11622811,8574571,3737,2943708,80880,19012509
1790115786884094020,11623561,8574683,3737,2944352,80880,19012509
1790115787005343907,11624337,8574763,3737,2945043,80880,19012509
1790115787126571485,11625116,8574850,3737,2945726,80881,19012509
1790115787247747347,11625892,8575007,3737,2946339,80881,19012509
1790115787362882805,11626630,8575035,3737,2947049,80881,19012509
1790115787481062296,11627385,8575158,3737,2947678,80881,19012509
1790115787599273394,11628139,8575237,3737,2948351,80881,19012509
1790115787713845103,11628875,8575300,3737,2949012,80881,19012509
1790115787831632879,11629634,8575428,3737,2949635,80882,19012509
1790115787949713627,11630386,8575506,3737,2950309,80882,19012509
1790115788064660832,11631118,8575580,3737,2950966,80882,19012509
1790115788183137068,11631872,8575758,3737,2951544,80882,19012509
1790115788297878727,11632604,8575828,3737,2952202,80882,19012509
1790115788412546162,11633343,8575920,3737,2952841,80883,19012509
1790115788530593325,11634094,8576087,3737,2953424,80883,19012509
1790115788645581234,11634831,8576116,3737,2954129,80883,19012509
1790115788763839995,11635583,8576234,3737,2954761,80883,19012509
1790115788881753936,11636335,8576342,3737,2955403,80883,19012509
1790115788996877724,11637071,8576397,3737,2956084,80884,19012509
1790115789114204822,11637824,8576528,3737,2956699,80885,19012509
1790115789232405583,11638588,8576603,3737,2957376,80885,19012509
1790115789347453755,11639323,8576683,3737,2958027,80885,19012509
1790115789465687892,11640072,8576819,3737,2958642,80886,19012509
1790115789580164919,11640801,8576864,3737,2959330,80886,19012509
1790115789694541885,11641536,8576951,3737,2959967,80886,19012509
1790115789812381926,11642288,8577142,3737,2960527,80887,19012509
1790115789927523278,11643017,8577168,3737,2961235,80887,19012509
1790115790044241940,11643752,8577364,3737,2961773,80890,19012509
1790115790161696167,11644456,8577622,3737,2962239,80905,19012509
1790115790276644066,11645165,8577891,3737,2962678,80916,19012509
1790115790392192110,11645893,8578137,3737,2963133,80935,19012509
1790115790507922284,11646635,8578420,3737,2963561,80946,19012509
1790115790625953083,11647392,8578679,3737,2964018,80969,19012509
1790115790742818424,11648123,8578912,3737,2964503,80984,19012509
1790115790858936716,11648858,8579157,3737,2964973,80996,19012509
1790115790974889388,11649593,8579408,3737,2965431,81010,19012509
1790115791090940971,11650305,8579653,3737,2965894,81027,19012509
1790115791206631995,11651036,8579913,3737,2966341,81043,19012509
1790115791323119882,11651758,8580162,3737,2966811,81055,19012509
1790115791442481824,11652525,8580424,3737,2967283,81070,19012509
1790115791557566283,11653249,8580686,3737,2967727,81085,19012509
1790115791672973611,11653941,8580939,3737,2968179,81098,19012509
1790115791790514575,11654698,8581212,3737,2968625,81113,19012509
1790115791905253658,11655391,8581458,3737,2969087,81124,19012509
1790115792020447688,11656127,8581686,3737,2969566,81140,19012509
1790115792137725417,11656882,8581946,3737,2970026,81154,19012509
1790115792253670928,11657592,8582219,3737,2970467,81167,19012509
1790115792369571923,11658316,8582485,3737,2970918,81180,19012509
1790115792484430376,11659031,8582749,3737,2971353,81193,19012509
1790115792601093073,11659777,8583014,3737,2971805,81207,19012509
1790115792715274587,11660497,8583289,3737,2972235,81218,19012509
1790115792831375015,11661218,8583568,3737,2972671,81232,19012509
1790115792948974875,11661964,8583851,3737,2973114,81243,19012509
1790115793064695327,11662701,8584098,3737,2973572,81258,19012509
1790115793181422974,11663428,8584364,3737,2974025,81271,19012509
1790115793294589904,11664139,8584651,3737,2974431,81286,19012509
1790115793408806459,11664864,8584883,3737,2974900,81301,19012509
1790115793524064831,11665588,8585163,3737,2975326,81318,19012509
1790115793639991146,11666297,8585426,3737,2975777,81330,19012509
1790115793756790693,11667027,8585686,3737,2976231,81345,19012509
1790115793873594003,11667748,8585936,3737,2976700,81358,19012509
1790115793989971309,11668461,8586220,3737,2977133,81371,19012509
1790115794110666114,11669216,8586491,3737,2977605,81383,19012509
1790115794228292536,11669950,8586754,3737,2978061,81399,19012509
1790115794344018101,11670699,8587002,3737,2978524,81414,19012509
1790115794462977515,11671450,8587254,3737,2978997,81431,19012509
1790115794580885360,11672183,8587509,3737,2979467,81445,19012509
1790115794697679791,11672910,8587724,3737,2979970,81457,19012509
1790115794814305958,11673623,8587974,3737,2980441,81469,19012509
1790115794929400425,11674368,8588220,3737,2980896,81486,19012509
1790115795044823873,11675079,8588515,3737,2981314,81496,19012509
1790115795161575436,11675807,8588763,3737,2981778,81514,19012509
1790115795278891000,11676559,8589016,3737,2982249,81525,19012509
1790115795394332521,11677283,8589250,3737,2982729,81535,19012509
1790115795509254368,11677992,8589508,3737,2983177,81550,19012509
1790115795626668289,11678727,8589757,3737,2983645,81563,19012509
1790115795742222806,11679457,8590018,3737,2984089,81579,19012509
1790115795858405809,11680193,8590262,3737,2984557,81592,19012509
1790115795974249532,11680919,8590515,3737,2985018,81605,19012509
1790115796093928994,11681675,8590790,3737,2985484,81616,19012509
1790115796210643611,11682418,8591045,3737,2985941,81632,19012509
1790115796327256349,11683163,8591302,3737,2986397,81648,19012509
1790115796443442574,11683918,8591554,3737,2986860,81661,19012509
1790115796559680975,11684660,8591812,3737,2987312,81677,19012509
1790115796674138588,11685363,8592042,3737,2987792,81689,19012509
1790115796790754337,11686105,8592321,3737,2988229,81701,19012509
1790115796906638419,11686821,8592576,3737,2988684,81718,19012509
1790115797021922677,11687539,8592827,3737,2989141,81729,19012509
1790115797138989451,11688266,8593091,3737,2989595,81741,19012509
1790115797255677047,11689000,8593348,3737,2990056,81753,19012509
1790115797374031740,11689737,8593602,3737,2990533,81767,19012509
1790115797492396681,11690490,8593861,3737,2990995,81785,19012509
1790115797607176979,11691211,8594137,3737,2991429,81797,19012509
1790115797724372424,11691963,8594400,3737,2991880,81811,19012509
1790115797840206919,11692670,8594644,3737,2992343,81828,19012509
1790115797956059448,11693388,8594920,3737,2992786,81836,19012509
1790115798072639721,11694139,8595164,3737,2993264,81849,19012509
1790115798189705769,11694858,8595422,3737,2993721,81865,19012509
1790115798304838441,11695594,8595672,3737,2994174,81881,19012509
1790115798420545479,11696310,8595932,3737,2994623,81894,19012509
1790115798535567658,11697034,8596210,3737,2995052,81907,19012509
1790115798651025054,11697767,8596465,3737,2995506,81921,19012509
1790115798769057441,11698520,8596700,3737,2996000,81934,19012509
1790115798885010191,11699236,8596994,3737,2996420,81947,19012509
1790115799001314823,11699967,8597290,3737,2996837,81958,19012509
1790115799118007291,11700700,8597545,3737,2997306,81969,19012509
1790115799235400604,11701427,8597803,3737,2997760,81986,19012509
1790115799350652070,11702171,8598046,3737,2998231,81997,19012509
1790115799465788822,11702878,8598291,3737,2998692,82014,19012509
1790115799582390802,11703617,8598549,3737,2999152,82027,19012509
1790115799698236577,11704330,8598803,3737,2999606,82040,19012509
1790115799814993987,11705063,8599087,3737,3000042,82052,19012509
1790115799930688524,11705789,8599337,3737,3000501,82066,19012509
1790115800048024889,11706519,8599574,3737,3000987,82079,19012509
1790115800165646855,11707263,8599857,3737,3001436,82087,19012509
1790115800282959182,11707982,8600118,3737,3001890,82104,19012509
1790115800399220507,11708716,8600374,3737,3002345,82119,19012509
1790115800516612141,11709458,8600645,3737,3002799,82130,19012509
1790115800632851947,11710182,8600898,3737,3003257,82143,19012509
1790115800751295018,11710930,8601118,3737,3003771,82155,19012509
1790115800868840569,11711688,8601399,3737,3004211,82167,19012509
1790115800984256122,11712399,8601664,3737,3004656,82178,19012509
1790115801100373145,11713123,8601917,3737,3005116,82193,19012509
1790115801217267187,11713850,8602172,3737,3005577,82208,19012509
1790115801333562802,11714561,8602441,3737,3006024,82218,19012509
1790115801449588848,11715285,8602693,3737,3006488,82231,19012509
1790115801566862853,11716021,8602952,3737,3006950,82243,19012509
1790115801683654420,11716751,8603221,3737,3007403,82255,19012509
1790115801798264201,11717478,8603481,3737,3007841,82270,19012509
1790115801913196220,11718203,8603729,3737,3008300,82283,19012509
1790115802029586609,11718947,8603975,3737,3008775,82293,19012509
1790115802146681909,11719694,8604230,3737,3009239,82307,19012509
1790115802263179998,11720432,8604488,3737,3009697,82322,19012509
1790115802378244548,11721149,8604743,3737,3010150,82335,19012509
1790115802496057730,11721896,8605005,3737,3010607,82352,19012509
1790115802612232610,11722633,8605244,3737,3011083,82366,19012509
1790115802729255108,11723361,8605489,3737,3011560,82377,19012509
1790115802846769921,11724099,8605732,3737,3012037,82391,19012509
1790115802962616585,11724830,8605982,3737,3012493,82407,19012509
1790115803075661205,11725554,8606239,3737,3012928,82422,19012509
1790115803191524433,11726300,8606492,3737,3013379,82441,19012509
1790115803307589639,11727019,8606737,3737,3013848,82453,19012509
1790115803423543471,11727769,8606969,3737,3014334,82462,19012509
1790115803540219338,11728501,8607232,3737,3014786,82476,19012509
1790115803655992905,11729230,8607484,3737,3015243,82489,19012509
1790115803770610790,11729970,8607742,3737,3015696,82499,19012509
1790115803886647966,11730683,8607998,3737,3016147,82518,19012509
1790115804003762874,11731407,8608288,3737,3016576,82531,19012509
1790115804121274507,11732138,8608544,3737,3017042,82544,19012509
1790115804237729765,11732867,8608826,3737,3017471,82559,19012509
1790115804354112395,11733589,8609098,3737,3017918,82570,19012509
1790115804470428694,11734319,8609346,3737,3018386,82585,19012509
1790115804586680741,11735039,8609584,3737,3018860,82596,19012509
1790115804703456171,11735756,8609827,3737,3019333,82611,19012509
1790115804821843480,11736492,8610109,3737,3019779,82626,19012509
1790115804937996686,11737219,8610355,3737,3020241,82642,19012509
1790115805053326071,11737936,8610599,3737,3020698,82662,19012509
1790115805169095512,11738653,8610855,3737,3021154,82672,19012509
1790115805285121803,11739406,8611146,3737,3021583,82681,19012509
1790115805402359135,11740156,8611395,3737,3022056,82693,19012509
1790115805518785346,11740886,8611653,3737,3022512,82706,19012509
1790115805634015078,11741603,8611905,3737,3022972,82718,19012509
1790115805750974549,11742353,8612194,3737,3023399,82735,19012509
1790115805865217741,11743075,8612453,3737,3023838,82751,19012509
1790115805980838142,11743797,8612689,3737,3024314,82762,19012509
1790115806098769806,11744551,8612942,3737,3024788,82772,19012509
1790115806217199192,11745296,8613204,3737,3025255,82784,19012509
1790115806332602801,11746030,8613457,3737,3025708,82799,19012509
1790115806448806843,11746754,8613741,3737,3026141,82811,19012509
1790115806564277568,11747480,8614001,3737,3026587,82826,19012509
1790115806680632242,11748223,8614251,3737,3027060,82835,19012509
1790115806801270771,11748996,8614502,3737,3027545,82850,19012509
1790115806919525867,11749739,8614761,3737,3028010,82865,19012509
1790115807034933976,11750443,8615007,3737,3028468,82882,19012509
1790115807149749684,11751163,8615244,3737,3028929,82904,19012509
1790115807264593571,11751881,8615489,3737,3029383,82920,19012509
1790115807382604519,11752619,8615801,3737,3029807,82926,19012509
1790115807498002772,11753356,8616055,3737,3030263,82940,19012509
1790115807614859499,11754075,8616346,3737,3030691,82952,19012509
1790115807730246163,11754791,8616615,3737,3031130,82965,19012509
1790115807845880356,11755525,8616887,3737,3031570,82977,19012509
1790115807961274493,11756274,8617148,3737,3032018,82995,19012509
1790115808079611397,11757015,8617391,3737,3032500,83008,19012509
1790115808197121276,11757753,8617661,3737,3032953,83023,19012509
1790115808314058797,11758468,8617905,3737,3033425,83036,19012509
1790115808429871060,11759184,8618167,3737,3033875,83047,19012509
1790115808545737425,11759917,8618433,3737,3034318,83063,19012509
1790115808660697567,11760640,8618718,3737,3034743,83080,19012509
1790115808777469052,11761400,8618953,3737,3035227,83088,19012509
1790115808891905334,11762124,8619215,3737,3035671,83101,19012509
1790115809007841951,11762864,8619495,3737,3036099,83116,19012509
1790115809124246764,11763606,8619765,3737,3036545,83129,19012509
1790115809239565697,11764348,8620015,3737,3036998,83148,19012509
1790115809354703611,11765076,8620280,3737,3037434,83167,19012509
1790115809469621025,11765801,8620532,3737,3037892,83179,19012509
1790115809585735242,11766519,8620810,3737,3038325,83197,19012509
1790115809702153445,11767259,8621101,3737,3038744,83215,19012509
1790115809815972144,11767971,8621344,3737,3039199,83231,19012509
1790115809930127937,11768686,8621602,3737,3039639,83244,19012509
1790115810046181613,11769405,8621821,3737,3040135,83255,19012509
1790115810164860201,11770137,8622082,3737,3040605,83272,19012509
1790115810280618531,11770869,8622350,3737,3041051,83281,19012509
1790115810396140847,11771592,8622623,3737,3041490,83291,19012509
1790115810512566446,11772330,8622886,3737,3041943,83305,19012509
1790115810628571136,11773040,8623132,3737,3042406,83318,19012509
1790115810742791787,11773776,8623371,3737,3042880,83325,19012509
1790115810858967732,11774498,8623636,3737,3043326,83338,19012509
1790115810975598736,11775230,8623893,3737,3043782,83355,19012509
1790115811091535782,11775963,8624146,3737,3044242,83366,19012509
1790115811207817604,11776680,8624412,3737,3044693,83379,19012509
1790115811324251342,11777424,8624670,3737,3045149,83392,19012509
1790115811439963445,11778146,8624903,3737,3045632,83406,19012509
1790115811555820120,11778886,8625156,3737,3046087,83418,19012509
1790115811671177191,11779589,8625414,3737,3046537,83433,19012509
1790115811786345925,11780308,8625673,3737,3046982,83450,19012509
1790115811903305046,11781023,8625924,3737,3047449,83462,19012509
1790115812020921481,11781775,8626176,3737,3047922,83473,19012509
1790115812139644859,11782514,8626407,3737,3048427,83482,19012509
1790115812256981244,11783266,8626661,3737,3048894,83494,19012509
1790115812373424777,11783987,8626930,3737,3049337,83510,19012509
1790115812489528091,11784716,8627198,3737,3049789,83518,19012509
1790115812606744325,11785436,8627451,3737,3050256,83532,19012509
1790115812723178093,11786157,8627719,3737,3050706,83545,19012509
1790115812840160887,11786874,8627967,3737,3051174,83558,19012509
1790115812956330134,11787596,8628216,3737,3051639,83571,19012509
1790115813073637554,11788348,8628501,3737,3052070,83587,19012509
1790115813191178453,11789088,8628794,3737,3052499,83602,19012509
1790115813307606932,11789810,8629046,3737,3052963,83618,19012509
1790115813423970173,11790539,8629362,3737,3053368,83627,19012509
1790115813538903771,11791259,8629614,3737,3053819,83642,19012509
1790115813655481386,11792000,8629880,3737,3054267,83656,19012509
1790115813772443610,11792740,8630170,3737,3054698,83668,19012509
1790115813888697769,11793471,8630419,3737,3055163,83682,19012509
1790115814004988510,11794191,8630666,3737,3055633,83697,19012509
1790115814122011941,11794947,8630894,3737,3056122,83710,19012509
1790115814238886385,11795686,8631151,3737,3056587,83722,19012509
1790115814354782425,11796426,8631398,3737,3057049,83735,19012509
1790115814472029779,11797160,8631653,3737,3057511,83750,19012509
1790115814588482018,11797898,8631923,3737,3057958,83762,19012509
1790115814703123428,11798592,8632167,3737,3058419,83776,19012509
1790115814820082633,11799345,8632409,3737,3058898,83789,19012509
1790115814937255699,11800087,8632672,3737,3059352,83804,19012509
1790115815053657756,11800824,8632934,3737,3059804,83820,19012509
1790115815169809396,11801573,8633192,3737,3060255,83837,19012509
1790115815285911620,11802318,8633457,3737,3060703,83853,19012509
1790115815404999016,11803103,8633702,3737,3061197,83861,19012509
1790115815522148675,11803835,8633968,3737,3061655,83871,19012509
1790115815637243024,11804580,8634230,3737,3062094,83889,19012509
1790115815753437425,11805307,8634500,3737,3062535,83903,19012509
1790115815869244875,11806027,8634764,3737,3062983,83915,19012509
1790115815985718257,11806753,8635011,3737,3063451,83926,19012509
1790115816103086400,11807480,8635246,3737,3063946,83938,19012509
1790115816219214111,11808212,8635518,3737,3064385,83951,19012509
1790115816336255063,11808944,8635765,3737,3064857,83965,19012509
1790115816452036542,11809670,8636032,3737,3065301,83982,19012509
1790115816566703171,11810388,8636289,3737,3065743,83997,19012509
1790115816681975374,11811125,8636596,3737,3066151,84006,19012509
1790115816797866674,11811851,8636897,3737,3066567,84018,19012509
1790115816914887514,11812581,8637141,3737,3067040,84032,19012509
1790115817031394527,11813313,8637396,3737,3067500,84045,19012509
1790115817146705282,11814034,8637653,3737,3067951,84059,19012509
1790115817262473888,11814777,8637909,3737,3068407,84072,19012509
1790115817377380523,11815512,8638172,3737,3068849,84087,19012509
1790115817496120312,11816252,8638406,3737,3069347,84100,19012509
1790115817612582406,11816983,8638659,3737,3069811,84111,19012509
1790115817728659761,11817704,8638920,3737,3070262,84125,19012509
1790115817843481968,11818424,8639166,3737,3070723,84136,19012509
1790115817959359755,11819140,8639410,3737,3071195,84145,19012509
1790115818077742845,11819867,8639640,3737,3071694,84157,19012509
1790115818195449359,11820632,8639894,3737,3072164,84169,19012509
1790115818310887079,11821369,8640144,3737,3072620,84186,19012509
1790115818427059510,11822082,8640413,3737,3073066,84200,19012509
1790115818542943209,11822814,8640677,3737,3073508,84215,19012509
1790115818659831982,11823541,8640935,3737,3073972,84226,19012509
1790115818777627037,11824303,8641174,3737,3074462,84236,19012509
1790115818896545256,11825035,8641479,3737,3074883,84251,19012509
1790115819010442651,11825762,8641721,3737,3075337,84268,19012509
1790115819123202112,11826474,8641993,3737,3075760,84279,19012509
1790115819239875630,11827194,8642259,3737,3076212,84291,19012509
1790115819354966473,11827912,8642503,3737,3076674,84306,19012509
1790115819471259221,11828635,8642725,3737,3077170,84316,19012509
1790115819587945557,11829349,8642984,3737,3077625,84331,19012509
1790115819704441220,11830084,8643229,3737,3078095,84343,19012509
1790115819820182527,11830787,8643487,3737,3078551,84356,19012509
1790115819936445685,11831529,8643747,3737,3079007,84368,19012509
1790115820051083829,11832261,8644003,3737,3079457,84379,19012509
1790115820168695516,11832990,8644255,3737,3079932,84392,19012509
1790115820283261727,11833685,8644527,3737,3080358,84407,19012509
1790115820399259260,11834425,8644780,3737,3080818,84420,19012509
1790115820515511745,11835154,8645037,3737,3081269,84438,19012509
1790115820630123471,11835882,8645292,3737,3081720,84450,19012509
1790115820744994542,11836621,8645523,3737,3082202,84461,19012509
1790115820860367805,11837337,8645765,3737,3082666,84474,19012509
1790115820973679984,11838058,8646015,3737,3083105,84494,19012509
1790115821089136429,11838800,8646264,3737,3083562,84510,19012509
1790115821205853630,11839543,8646527,3737,3084016,84525,19012509
1790115821321003958,11840260,8646832,3737,3084420,84536,19012509
1790115821437444213,11840990,8647055,3737,3084913,84550,19012509
1790115821554465782,11841735,8647296,3737,3085390,84565,19012509
1790115821670659002,11842480,8647552,3737,3085850,84577,19012509
1790115821787366746,11843203,8647820,3737,3086295,84591,19012509
1790115821903576263,11843926,8648093,3737,3086729,84610,19012509
1790115822019606618,11844642,8648331,3737,3087203,84626,19012509
1790115822134105269,11845376,8648579,3737,3087664,84638,19012509
1790115822250445104,11846102,8648838,3737,3088117,84650,19012509
1790115822365784238,11846833,8649093,3737,3088565,84673,19012509
1790115822482236947,11847569,8649366,3737,3089004,84687,19012509
1790115822598830896,11848307,8649630,3737,3089452,84702,19012509
1790115822714745697,11849019,8649886,3737,3089905,84722,19012509
1790115822834241036,11849780,8650526,3737,3090007,84728,19044381
1790115822947713276,11850510,8650880,3737,3090368,84730,19046301
1790115823068146506,11851281,8650983,3737,3091035,84730,19046301
1790115823183881215,11852024,8651016,3737,3091736,84730,19046301
1790115823302564551,11852777,8651137,3737,3092369,84731,19046301
1790115823420846582,11853530,8651248,3737,3093010,84731,19046301
1790115823535830578,11854270,8651303,3737,3093687,84731,19046301
1790115823653743164,11855024,8651392,3737,3094350,84731,19046301
1790115823771834133,11855780,8651475,3737,3095018,84732,19046301
1790115823886888116,11856506,8651552,3737,3095672,84733,19046301
1790115824004882086,11857255,8651688,3737,3096287,84733,19046301
1790115824119259287,11857986,8651752,3737,3096956,84733,19046301
1790115824237003744,11858738,8651862,3737,3097596,84734,19046301
1790115824355145084,11859496,8651938,3737,3098273,84734,19046301
1790115824469908193,11860232,8652022,3737,3098913,84734,19046301
1790115824587889875,11860988,8652140,3737,3099546,84734,19046301
1790115824702666615,11861725,8652165,3737,3100254,84734,19046301
1790115824819920130,11862478,8652292,3737,3100871,84735,19046301
1790115824937914421,11863228,8652363,3737,3101551,84735,19046301
1790115825052688311,11863970,8652439,3737,3102206,84736,19046301
1790115825170664629,11864728,8652545,3737,3102853,84736,19046301
1790115825284642486,11865456,8652584,3737,3103539,84736,19046301
1790115825399683252,11866191,8652658,3737,3104196,84736,19046301
1790115825517291980,11866933,8652779,3737,3104826,84736,19046301
1790115825632543615,11867670,8652831,3737,3105505,84737,19046301
1790115825750326565,11868411,8652919,3737,3106168,84737,19046301
1790115825868466832,11869173,8652999,3737,3106840,84737,19046301
1790115825983418122,11869905,8653103,3737,3107466,84739,19046301
1790115826101767443,11870660,8653235,3737,3108083,84739,19046301
1790115826219858922,11871427,8653364,3737,3108703,84739,19046301
1790115826337860465,11872181,8653480,3737,3109337,84740,19046301
1790115826455893958,11872932,8653598,3737,3109968,84740,19046301
1790115826573926222,11873687,8653716,3737,3110601,84740,19046301
1790115826689574728,11874427,8653742,3737,3111315,84741,19046301
1790115826806828525,11875180,8653880,3737,3111920,84741,19046301
1790115826924911372,11875933,8653997,3737,3112557,84741,19046301
1790115827038454534,11876672,8654113,3737,3113164,84741,19046301
1790115827156754289,11877424,8654224,3737,3113803,84742,19046301
1790115827274639440,11878175,8654375,3737,3114401,84743,19046301
1790115827391127261,11878917,8654496,3737,3115024,84744,19046301
1790115827505994331,11879658,8654540,3737,3115711,84744,19046301
1790115827622817312,11880405,8654660,3737,3116330,84745,19046301
1790115827740993819,11881155,8654817,3737,3116923,84746,19046301
1790115827854761774,11881874,8654934,3737,3117529,84748,19046301
1790115827973245792,11882623,8655059,3737,3118161,84749,19046301
1790115828090382520,11883371,8655193,3737,3118770,84749,19046301
1790115828208563717,11884134,8655274,3737,3119440,84750,19046301
1790115828323606751,11884868,8655350,3737,3120097,84750,19046301
1790115828441194130,11885614,8655449,3737,3120747,84751,19046301
1790115828555472303,11886339,8655598,3737,3121321,84752,19046301
1790115828674011790,11887097,8655706,3737,3121971,84752,19046301
1790115828791818636,11887844,8655863,3737,3122557,84752,19046301
1790115828909878052,11888603,8655943,3737,3123226,84753,19046301
1790115829027915735,11889364,8656032,3737,3123889,84753,19046301
1790115829142785280,11890092,8656134,3737,3124517,84754,19046301
1790115829260840910,11890846,8656268,3737,3125132,84754,19046301
1790115829378915248,11891591,8656389,3737,3125760,84755,19046301
1790115829497395719,11892352,8656505,3737,3126402,84755,19046301
1790115829615660994,11893114,8656656,3737,3127000,84756,19046301
1790115829733576946,11893875,8656777,3737,3127629,84756,19046301
1790115829848125003,11894608,8656806,3737,3128334,84756,19046301
1790115829966371526,11895373,8656915,3737,3128973,84756,19046301
1790115830084426700,11896125,8657026,3737,3129613,84757,19046301
1790115830201978327,11896857,8657163,3737,3130225,84758,19046301
1790115830320246250,11897612,8657248,3737,3130890,84758,19046301
1790115830435533983,11898343,8657398,3737,3131472,84758,19046301
1790115830552141521,11899081,8657503,3737,3132110,84758,19046301
1790115830666996401,11899818,8657575,3737,3132764,84758,19046301
1790115830785560788,11900583,8657661,3737,3133437,84758,19046301
1790115830906773381,11901353,8657842,3737,3134026,84759,19046301
1790115831024683870,11902104,8657931,3737,3134687,84760,19046301
1790115831142791979,11902854,8658107,3737,3135264,84760,19046301
1790115831258406807,11903594,8658221,3737,3135884,84760,19046301
1790115831377011449,11904349,8658308,3737,3136555,84761,19046301
1790115831491641821,11905083,8658390,3737,3137196,84762,19046301
1790115831609813293,11905833,8658513,3737,3137823,84762,19046301
1790115831728031415,11906582,8658681,3737,3138410,84764,19046301
1790115831845886645,11907335,8658797,3737,3139039,84764,19046301
1790115831963739365,11908092,8658928,3737,3139658,84765,19046301
1790115832081735470,11908847,8659040,3737,3140299,84765,19046301
1790115832197374641,11909593,8659067,3737,3141009,84765,19046301
1790115832313345538,11910336,8659146,3737,3141667,84766,19046301
1790115832429912631,11911084,8659263,3737,3142287,84766,19046301
1790115832546369041,11911834,8659421,3737,3142873,84767,19046301
1790115832664265573,11912582,8659541,3737,3143504,84767,19046301
1790115832782106208,11913330,8659690,3737,3144104,84767,19046301
1790115832900084017,11914083,8659813,3737,3144732,84767,19046301
1790115833015276302,11914823,8659848,3737,3145430,84767,19046301
1790115833130803778,11915556,8659964,3737,3146044,84768,19046301
1790115833249211411,11916317,8660117,3737,3146648,84769,19046301
1790115833365844280,11917063,8660257,3737,3147250,84770,19046301
1790115833484809516,11917819,8660337,3737,3147925,84770,19046301
1790115833600324829,11918555,8660473,3737,3148524,84770,19046301
1790115833714525550,11919281,8660590,3737,3149133,84771,19046301
1790115833828985022,11920007,8660640,3737,3149809,84771,19046301
1790115833946214995,11920754,8660760,3737,3150439,84771,19046301
1790115834064216372,11921502,8660898,3737,3151052,84772,19046301
1790115834180290530,11922238,8660996,3737,3151692,84772,19046301
1790115834298803160,11923001,8661129,3737,3152311,84773,19046301
1790115834416532880,11923751,8661227,3737,3152960,84774,19046301
1790115834534918524,11924513,8661297,3737,3153642,84774,19046301
1790115834649528651,11925235,8661378,3737,3154290,84775,19046301
1790115834767646323,11925990,8661495,3737,3154925,84775,19046301
1790115834885689954,11926733,8661656,3737,3155513,84776,19046301
1790115835003664529,11927491,8661771,3737,3156152,84776,19046301
1790115835121781463,11928245,8661895,3737,3156775,84776,19046301
1790115835239785381,11929000,8662032,3737,3157391,84777,19046301
1790115835354424349,11929737,8662110,3737,3158044,84777,19046301
1790115835469318310,11930462,8662215,3737,3158668,84777,19046301
1790115835585580746,11931210,8662333,3737,3159289,84777,19046301
1790115835703560718,11931968,8662486,3737,3159885,84779,19046301
1790115835821559868,11932727,8662604,3737,3160517,84779,19046301
1790115835939541873,11933466,8662772,3737,3161098,84780,19046301
1790115836057547652,11934217,8662927,3737,3161694,84780,19046301
1790115836171999281,11934946,8662971,3737,3162383,84780,19046301
1790115836294605347,11935737,8663126,3737,3163003,84781,19046301
1790115836412564254,11936485,8663234,3737,3163646,84781,19046301
1790115836527835770,11937214,8663372,3737,3164240,84782,19046301
1790115836643687121,11937948,8663473,3737,3164875,84783,19046301
1790115836762006018,11938697,8663599,3737,3165505,84783,19046301
1790115836876878640,11939428,8663721,3737,3166109,84784,19046301
1790115836991471598,11940155,8663779,3737,3166782,84784,19046301
1790115837108932311,11940908,8663899,3737,3167407,84785,19046301
1790115837226883221,11941658,8664079,3737,3167977,84785,19046301
1790115837343906968,11942401,8664182,3737,3168618,84785,19046301
1790115837462048213,11943149,8664334,3737,3169222,84786,19046301
1790115837578245095,11943885,8664462,3737,3169832,84786,19046301
1790115837696217764,11944641,8664538,3737,3170507,84786,19046301
1790115837810992460,11945377,8664607,3737,3171160,84788,19046301
1790115837928960687,11946130,8664719,3737,3171806,84788,19046301
1790115838046820674,11946883,8664848,3737,3172420,84788,19046301
1790115838163902386,11947638,8664940,3737,3173077,84789,19046301
1790115838279603825,11948379,8665130,3737,3173619,84789,19046301
1790115838397379657,11949132,8665247,3737,3174254,84790,19046301
1790115838515740924,11949886,8665332,3737,3174920,84790,19046301
1790115838630415000,11950617,8665410,3737,3175572,84791,19046301
1790115838748556634,11951371,8665564,3737,3176168,84791,19046301
1790115838866782505,11952141,8665694,3737,3176788,84792,19046301
1790115838984694080,11952896,8665808,3737,3177425,84792,19046301
1790115839102977614,11953641,8665977,3737,3178005,84793,19046301
1790115839221328340,11954396,8666105,3737,3178633,84794,19046301
1790115839336202988,11955130,8666127,3737,3179346,84794,19046301
1790115839455565794,11955894,8666252,3737,3179976,84794,19046301
1790115839573461494,11956646,8666335,3737,3180645,84794,19046301
1790115839689461599,11957388,8666462,3737,3181255,84795,19046301
1790115839806185239,11958134,8666557,3737,3181904,84795,19046301
1790115839922255065,11958889,8666726,3737,3182471,84796,19046301
1790115840039656948,11959644,8666851,3737,3183092,84796,19046301
1790115840154161581,11960379,8666896,3737,3183778,84797,19046301
1790115840270761275,11961130,8666993,3737,3184419,84797,19046301
1790115840388944743,11961891,8667150,3737,3185012,84798,19046301
1790115840501347736,11962616,8667262,3737,3185619,84798,19046301
1790115840619684072,11963369,8667380,3737,3186251,84799,19046301
1790115840737023122,11964122,8667506,3737,3186875,84799,19046301
1790115840855166965,11964877,8667596,3737,3187537,84799,19046301
1790115840969782762,11965612,8667679,3737,3188182,84799,19046301
1790115841086252253,11966360,8667771,3737,3188832,84800,19046301
1790115841200897236,11967089,8667924,3737,3189404,84801,19046301
1790115841319153600,11967845,8668010,3737,3190076,84801,19046301
1790115841435787092,11968583,8668158,3737,3190665,84801,19046301
1790115841553998868,11969343,8668243,3737,3191332,84801,19046301
1790115841672155689,11970094,8668312,3737,3192020,84802,19046301
1790115841786702728,11970831,8668385,3737,3192672,84803,19046301
1790115841904609278,11971583,8668502,3737,3193305,84803,19046301
1790115842019496560,11972313,8668562,3737,3193980,84803,19046301
1790115842136162656,11973054,8668678,3737,3194604,84804,19046301
1790115842254383152,11973819,8668762,3737,3195272,84804,19046301
1790115842369571986,11974559,8668839,3737,3195925,84805,19046301
1790115842487642316,11975314,8668959,3737,3196556,84806,19046301
1790115842602917617,11976049,8669014,3737,3197240,84806,19046301
1790115842721850682,11976816,8669145,3737,3197859,84806,19046301
1790115842840028666,11977567,8669249,3737,3198513,84806,19046301
1790115842955109809,11978304,8669345,3737,3199148,84806,19046301
1790115843073096470,11979057,8669433,3737,3199811,84807,19046301
1790115843188933059,11979800,8669502,3737,3200475,84807,19046301
1790115843303916139,11980531,8669589,3737,3201119,84808,19046301
1790115843422142391,11981288,8669709,3737,3201756,84808,19046301
1790115843537187096,11982026,8669763,3737,3202435,84809,19046301
1790115843654034720,11982764,8669879,3737,3203063,84809,19046301
1790115843772141916,11983517,8669976,3737,3203718,84809,19046301
1790115843887039290,11984246,8670057,3737,3204367,84810,19046301
1790115844005093752,11985001,8670259,3737,3204915,84810,19046301
1790115844119449359,11985737,8670329,3737,3205573,84810,19046301
1790115844235438507,11986468,8670432,3737,3206205,84812,19046301
1790115844349819258,11987199,8670535,3737,3206828,84812,19046301
1790115844465163604,11987944,8670603,3737,3207498,84812,19046301
1790115844583134877,11988699,8670831,3737,3207998,84827,19046301
1790115844704326495,11989468,8671088,3737,3208484,84842,19046301
1790115844821084439,11990196,8671345,3737,3208941,84857,19046301
1790115844937305918,11990898,8671609,3737,3209389,84871,19046301
1790115845055347168,11991652,8671894,3737,3209834,84883,19046301
1790115845169182416,11992355,8672131,3737,3210301,84897,19046301
1790115845286965060,11993087,8672374,3737,3210774,84913,19046301
1790115845402536338,11993821,8672623,3737,3211226,84935,19046301
1790115845518401576,11994540,8672883,3737,3211681,84946,19046301
1790115845634758135,11995278,8673130,3737,3212141,84965,19046301
1790115845751179838,11996008,8673375,3737,3212619,84977,19046301
1790115845866360819,11996743,8673615,3737,3213087,84985,19046301
1790115845983714857,11997463,8673853,3737,3213572,84997,19046301
1790115846099749650,11998210,8674124,3737,3214019,85008,19046301
1790115846215955418,11998939,8674382,3737,3214466,85029,19046301
1790115846331390574,11999678,8674643,3737,3214910,85045,19046301
1790115846448571623,12000419,8674892,3737,3215375,85063,19046301
1790115846566608474,12001168,8675125,3737,3215871,85073,19046301
1790115846684759871,12001914,8675401,3737,3216324,85088,19046301
1790115846799395087,12002631,8675655,3737,3216768,85103,19046301
1790115846915983536,12003366,8675916,3737,3217226,85117,19046301
1790115847033103466,12004093,8676171,3737,3217690,85128,19046301
1790115847148684612,12004797,8676432,3737,3218140,85141,19046301
1790115847267928743,12005564,8676667,3737,3218639,85157,19046301
1790115847383236535,12006275,8676918,3737,3219094,85169,19046301
1790115847498360281,12006993,8677176,3737,3219540,85184,19046301
1790115847614126361,12007719,8677426,3737,3219998,85203,19046301
1790115847731026466,12008442,8677686,3737,3220453,85218,19046301
1790115847846612203,12009168,8677903,3737,3220951,85230,19046301
1790115847962835052,12009890,8678157,3737,3221405,85248,19046301
1790115848077695863,12010633,8678403,3737,3221859,85262,19046301
1790115848192426118,12011339,8678667,3737,3222297,85278,19046301
1790115848308654066,12012050,8678926,3737,3222753,85292,19046301
1790115848424567363,12012774,8679204,3737,3223187,85303,19046301
1790115848538709728,12013514,8679478,3737,3223620,85315,19046301
1790115848653531869,12014256,8679731,3737,3224073,85327,19046301
1790115848768967718,12014989,8679994,3737,3224521,85338,19046301
1790115848885812642,12015703,8680252,3737,3224981,85352,19046301
1790115849001577654,12016424,8680498,3737,3225444,85366,19046301
1790115849117539277,12017120,8680764,3737,3225891,85379,19046301
1790115849235547788,12017862,8681009,3737,3226374,85391,19046301
1790115849350081583,12018595,8681291,3737,3226797,85406,19046301
1790115849465076983,12019306,8681556,3737,3227235,85419,19046301
1790115849581989685,12020037,8681819,3737,3227688,85433,19046301
1790115849698655040,12020789,8682075,3737,3228145,85449,19046301
1790115849813993213,12021501,8682311,3737,3228625,85461,19046301
1790115849930776172,12022227,8682553,3737,3229098,85475,19046301
1790115850045515900,12022951,8682835,3737,3229519,85490,19046301
1790115850161051180,12023668,8683097,3737,3229963,85505,19046301
1790115850276088098,12024375,8683355,3737,3230412,85516,19046301
1790115850391350726,12025078,8683602,3737,3230873,85530,19046301
1790115850507567668,12025813,8683846,3737,3231346,85541,19046301
1790115850624958517,12026550,8684124,3737,3231787,85556,19046301
1790115850740262825,12027293,8684373,3737,3232246,85570,19046301
1790115850856336050,12028020,8684650,3737,3232682,85584,19046301
1790115850971906994,12028725,8684900,3737,3233140,85600,19046301
1790115851087875035,12029478,8685149,3737,3233605,85615,19046301
1790115851206653230,12030220,8685388,3737,3234092,85632,19046301
1790115851323141329,12030942,8685657,3737,3234534,85649,19046301
1790115851437447855,12031645,8685904,3737,3234987,85668,19046301
1790115851552358533,12032382,8686151,3737,3235447,85681,19046301
1790115851669548162,12033119,8686402,3737,3235913,85694,19046301
1790115851786079049,12033838,8686648,3737,3236378,85708,19046301
1790115851905443295,12034580,8686897,3737,3236869,85717,19046301
1790115852020942783,12035300,8687181,3737,3237297,85731,19046301
1790115852137906310,12036035,8687430,3737,3237763,85747,19046301
1790115852253361560,12036768,8687688,3737,3238216,85758,19046301
1790115852369310055,12037494,8687949,3737,3238662,85776,19046301
1790115852486139265,12038217,8688188,3737,3239142,85790,19046301
1790115852601479709,12038931,8688427,3737,3239609,85805,19046301
1790115852717855102,12039665,8688701,3737,3240052,85818,19046301
1790115852833425758,12040401,8688964,3737,3240502,85828,19046301
1790115852948914012,12041127,8689214,3737,3240960,85841,19046301
1790115853064855546,12041847,8689456,3737,3241427,85856,19046301
1790115853181573108,12042617,8689682,3737,3241925,85867,19046301
1790115853298413135,12043356,8689931,3737,3242385,85885,19046301
1790115853414097545,12044056,8690196,3737,3242833,85898,19046301
1790115853528763227,12044796,8690460,3737,3243271,85910,19046301
1790115853645220859,12045519,8690727,3737,3243719,85928,19046301
1790115853760668231,12046245,8690959,3737,3244193,85940,19046301
1790115853875853377,12046970,8691191,3737,3244665,85958,19046301
1790115853992836233,12047672,8691457,3737,3245115,85974,19046301
1790115854110475154,12048423,8691716,3737,3245575,85991,19046301
1790115854225869334,12049138,8691969,3737,3246030,86004,19046301
1790115854342564838,12049890,8692214,3737,3246497,86019,19046301
1790115854459619482,12050629,8692431,3737,3247009,86029,19046301
1790115854576037712,12051372,8692676,3737,3247479,86040,19046301
1790115854691975025,12052111,8692927,3737,3247938,86056,19046301
1790115854807206295,12052835,8693171,3737,3248400,86067,19046301
1790115854923721378,12053559,8693421,3737,3248862,86084,19046301
1790115855038803301,12054280,8693667,3737,3249322,86098,19046301
1790115855157524093,12055007,8693894,3737,3249830,86107,19046301
1790115855273928094,12055723,8694161,3737,3250281,86117,19046301
1790115855390871968,12056434,8694414,3737,3250749,86132,19046301
1790115855505106114,12057176,8694659,3737,3251201,86148,19046301
1790115855620298751,12057895,8694921,3737,3251640,86164,19046301
1790115855737301495,12058642,8695208,3737,3252073,86178,19046301
1790115855851128982,12059352,8695502,3737,3252479,86191,19046301
1790115855968437750,12060076,8695760,3737,3252937,86208,19046301
1790115856083654439,12060788,8696021,3737,3253389,86217,19046301
1790115856198943125,12061518,8696280,3737,3253837,86231,19046301
1790115856312386876,12062238,8696533,3737,3254286,86239,19046301
1790115856429143655,12062985,8696775,3737,3254762,86253,19046301
1790115856547822313,12063721,8697015,3737,3255248,86270,19046301
1790115856664294406,12064457,8697283,3737,3255690,86284,19046301
1790115856781252115,12065212,8697564,3737,3256129,86298,19046301
1790115856898195611,12065923,8697823,3737,3256587,86310,19046301
1790115857015070984,12066658,8698092,3737,3257045,86323,19046301
1790115857131739219,12067393,8698342,3737,3257512,86331,19046301
1790115857246237986,12068106,8698616,3737,3257938,86346,19046301
1790115857362110091,12068823,8698867,3737,3258402,86357,19046301
1790115857479451226,12069577,8699169,3737,3258822,86368,19046301
1790115857594580698,12070312,8699412,3737,3259283,86384,19046301
1790115857710731692,12071037,8699674,3737,3259731,86402,19046301
1790115857826082600,12071765,8699924,3737,3260198,86409,19046301
1790115857943673956,12072532,8700218,3737,3260629,86423,19046301
1790115858060929119,12073281,8700505,3737,3261062,86435,19046301
1790115858176555892,12074019,8700760,3737,3261517,86448,19046301
1790115858293287285,12074744,8701026,3737,3261969,86460,19046301
1790115858408879176,12075479,8701300,3737,3262408,86471,19046301
1790115858525317847,12076220,8701546,3737,3262890,86478,19046301
1790115858641940943,12076923,8701809,3737,3263339,86492,19046301
1790115858757356087,12077638,8702054,3737,3263799,86507,19046301
1790115858873140297,12078378,8702304,3737,3264257,86524,19046301
1790115858989150200,12079101,8702567,3737,3264707,86538,19046301
1790115859105433796,12079856,8702818,3737,3265169,86556,19046301
1790115859224613577,12080607,8703070,3737,3265648,86571,19046301
1790115859341576666,12081334,8703321,3737,3266110,86585,19046301
1790115859457356322,12082044,8703580,3737,3266563,86597,19046301
1790115859573556210,12082774,8703843,3737,3267017,86608,19046301
1790115859690676887,12083500,8704142,3737,3267437,86621,19046301
1790115859808622909,12084235,8704394,3737,3267912,86634,19046301
1790115859926452520,12084972,8704659,3737,3268370,86648,19046301
1790115860042549689,12085698,8704907,3737,3268829,86667,19046301
1790115860157164537,12086404,8705179,3737,3269262,86680,19046301
1790115860272754028,12087110,8705444,3737,3269707,86696,19046301
1790115860388607382,12087851,8705688,3737,3270175,86710,19046301
1790115860506232713,12088605,8705907,3737,3270685,86720,19046301
1790115860622882867,12089325,8706165,3737,3271137,86733,19046301
1790115860739016314,12090048,8706429,3737,3271581,86752,19046301
1790115860855312976,12090771,8706701,3737,3272025,86763,19046301
1790115860971099959,12091485,8706997,3737,3272443,86774,19046301
1790115861087380296,12092216,8707249,3737,3272908,86786,19046301
1790115861204300650,12092931,8707481,3737,3273394,86799,19046301
1790115861322197474,12093652,8707731,3737,3273863,86822,19046301
1790115861438628752,12094375,8707987,3737,3274325,86832,19046301
1790115861553646997,12095091,8708254,3737,3274760,86846,19046301
1790115861669835849,12095834,8708515,3737,3275208,86864,19046301
1790115861787053452,12096577,8708773,3737,3275672,86877,19046301
1790115861905195513,12097307,8709027,3737,3276147,86887,19046301
1790115862019261022,12098023,8709283,3737,3276589,86902,19046301
1790115862135681192,12098746,8709544,3737,3277040,86919,19046301
1790115862252012981,12099467,8709810,3737,3277490,86932,19046301
1790115862369217421,12100198,8710056,3737,3277964,86944,19046301
1790115862484880774,12100909,8710328,3737,3278409,86955,19046301
1790115862600810718,12101646,8710583,3737,3278867,86967,19046301
1790115862716562631,12102383,8710836,3737,3279322,86981,19046301
1790115862831012527,12103100,8711096,3737,3279768,86991,19046301
1790115862947166827,12103832,8711368,3737,3280206,87007,19046301
1790115863062190500,12104566,8711626,3737,3280657,87016,19046301
1790115863178718772,12105308,8711911,3737,3281093,87027,19046301
1790115863295311427,12106037,8712170,3737,3281548,87043,19046301
1790115863412149589,12106779,8712448,3737,3281991,87053,19046301
1790115863528084359,12107518,8712704,3737,3282444,87068,19046301
1790115863644346890,12108254,8712975,3737,3282886,87084,19046301
1790115863758683624,12108990,8713208,3737,3283352,87100,19046301
1790115863874008179,12109715,8713468,3737,3283807,87109,19046301
1790115863988793608,12110459,8713746,3737,3284235,87122,19046301
1790115864105524868,12111184,8714008,3737,3284695,87133,19046301
1790115864222418849,12111933,8714286,3737,3285133,87147,19046301
1790115864337789702,12112636,8714563,3737,3285562,87161,19046301
1790115864452154844,12113333,8714835,3737,3285994,87175,19046301
1790115864567843567,12114066,8715137,3737,3286411,87185,19046301
1790115864684271799,12114814,8715385,3737,3286874,87200,19046301
1790115864801404167,12115565,8715652,3737,3287320,87218,19046301
1790115864917983693,12116295,8715911,3737,3287773,87234,19046301
1790115865034314994,12117037,8716149,3737,3288251,87245,19046301
1790115865149726087,12117789,8716370,3737,3288744,87254,19046301
1790115865265652346,12118529,8716615,3737,3289214,87269,19046301
1790115865381032760,12119270,8716874,3737,3289665,87280,19046301
1790115865496688720,12120001,8717119,3737,3290128,87291,19046301
1790115865611994987,12120719,8717381,3737,3290575,87306,19046301
1790115865726390446,12121436,8717645,3737,3291012,87318,19046301
1790115865844790369,12122196,8717904,3737,3291486,87327,19046301
1790115865960510451,12122914,8718159,3737,3291945,87337,19046301
1790115866078684668,12123663,8718440,3737,3292389,87351,19046301
1790115866194346473,12124392,8718689,3737,3292853,87363,19046301
1790115866310718197,12125134,8718932,3737,3293322,87376,19046301
1790115866427046677,12125854,8719172,3737,3293803,87385,19046301
1790115866542545244,12126563,8719398,3737,3294288,87397,19046301
1790115866656633687,12127294,8719651,3737,3294735,87414,19046301
1790115866771921067,12128047,8719941,3737,3295147,87431,19046301
1790115866888522136,12128810,8720193,3737,3295608,87445,19046301
1790115867003012601,12129503,8720440,3737,3296060,87462,19046301
1790115867116815231,12130224,8720675,3737,3296528,87471,19046301
1790115867230481009,12130925,8720913,3737,3296994,87482,19046301
1790115867344165060,12131630,8721161,3737,3297443,87494,19046301
1790115867458905099,12132361,8721402,3737,3297904,87509,19046301
1790115867575072437,12133079,8721657,3737,3298363,87523,19046301
1790115867691890987,12133812,8721914,3737,3298821,87538,19046301
1790115867809991814,12134537,8722145,3737,3299324,87548,19046301
1790115867926990918,12135272,8722402,3737,3299781,87565,19046301
1790115868041792313,12135994,8722662,3737,3300218,87587,19046301
1790115868156786327,12136715,8722929,3737,3300653,87605,19046301
1790115868272683188,12137423,8723186,3737,3301102,87621,19046301
1790115868388729835,12138147,8723423,3737,3301575,87636,19046301
1790115868507056339,12138875,8723656,3737,3302080,87644,19046301
1790115868624555283,12139627,8723908,3737,3302548,87657,19046301
1790115868742708269,12140378,8724169,3737,3303016,87669,19046301
1790115868857743729,12141108,8724463,3737,3303425,87683,19046301
1790115868974038741,12141835,8724721,3737,3303883,87697,19046301
1790115869091434599,12142594,8724979,3737,3304347,87709,19046301
1790115869208089568,12143344,8725249,3737,3304798,87719,19046301
1790115869323610644,12144060,8725491,3737,3305259,87738,19046301
1790115869437979343,12144783,8725760,3737,3305697,87749,19046301
1790115869553272247,12145510,8726013,3737,3306152,87765,19046301
1790115869668860139,12146221,8726264,3737,3306606,87779,19046301
1790115869785676408,12146936,8726523,3737,3307072,87787,19046301
1790115869902716843,12147685,8726773,3737,3307539,87802,19046301
1790115870019932902,12148404,8727027,3737,3308008,87816,19046301
1790115870136411324,12149122,8727274,3737,3308475,87828,19046301
1790115870253131043,12149819,8727527,3737,3308938,87841,19046301
1790115870369771718,12150560,8727777,3737,3309405,87857,19046301
1790115870486511618,12151270,8728023,3737,3309874,87870,19046301
1790115870603632563,12152014,8728280,3737,3310332,87889,19046301
1790115870719781650,12152730,8728542,3737,3310782,87903,19046301
1790115870836617719,12153455,8728790,3737,3311252,87914,19046301
1790115870952172200,12154169,8729049,3737,3311705,87928,19046301
1790115871066855744,12154886,8729305,3737,3312144,87948,19046301
1790115871181690479,12155576,8729545,3737,3312614,87958,19046301
1790115871297996972,12156330,8729794,3737,3313084,87969,19046301
1790115871414156291,12157054,8730123,3737,3313472,87981,19046301
1790115871529977305,12157787,8730373,3737,3313937,87991,19046301
1790115871644555814,12158510,8730620,3737,3314391,88004,19046301
1790115871761372545,12159274,8730886,3737,3314849,88014,19046301
1790115871880715148,12160038,8731135,3737,3315331,88032,19046301
1790115871996018276,12160756,8731397,3737,3315770,88052,19046301
1790115872111759006,12161485,8731650,3737,3316228,88065,19046301
1790115872227076196,12162190,8731897,3737,3316691,88075,19046301
1790115872342571802,12162902,8732173,3737,3317127,88086,19046301
1790115872460476419,12163639,8732453,3737,3317576,88099,19046301
1790115872578580019,12164397,8732741,3737,3318017,88109,19046301
1790115872692324208,12165099,8733009,3737,3318446,88125,19046301
1790115872805643282,12165802,8733271,3737,3318879,88136,19046301
1790115872924329049,12166561,8733550,3737,3319332,88153,19046301
1790115873040187492,12167292,8733795,3737,3319796,88165,19046301
1790115873157267567,12168055,8734053,3737,3320263,88172,19046301
1790115873271377164,12168756,8734294,3737,3320727,88182,19046301
1790115873386279299,12169490,8734542,3737,3321186,88196,19046301
1790115873501055637,12170203,8734791,3737,3321638,88211,19046301
1790115873617760762,12170925,8735056,3737,3322093,88225,19046301
1790115873735014884,12171648,8735338,3737,3322530,88236,19046301
1790115873852360735,12172409,8735572,3737,3323024,88245,19046301
1790115873969376107,12173139,8735835,3737,3323479,88259,19046301
1790115874085758913,12173860,8736092,3737,3323938,88275,19046301
1790115874201950815,12174601,8736423,3737,3324316,88289,19046301
1790115874318766739,12175340,8736682,3737,3324776,88300,19046301
1790115874435979965,12176070,8736941,3737,3325241,88312,19046301
1790115874553140252,12176826,8737177,3737,3325727,88325,19046301
1790115874669410225,12177572,8737429,3737,3326186,88339,19046301
1790115874786924112,12178314,8737689,3737,3326653,88349,19046301
1790115874904620844,12179041,8737945,3737,3327117,88364,19046301
1790115875019294259,12179754,8738206,3737,3327559,88379,19046301
1790115875135648914,12180504,8738428,3737,3328056,88389,19046301
1790115875250876848,12181234,8738684,3737,3328506,88403,19046301
1790115875367112539,12181959,8738939,3737,3328966,88414,19046301
1790115875483407289,12182686,8739192,3737,3329428,88427,19046301
1790115875600340046,12183411,8739470,3737,3329870,88440,19046301
1790115875716366816,12184120,8739730,3737,3330324,88453,19046301
1790115875834160851,12184882,8740015,3737,3330767,88464,19046301
1790115875951886124,12185627,8740263,3737,3331236,88481,19046301
1790115876068287235,12186346,8740511,3737,3331708,88494,19046301
1790115876183923292,12187059,8740803,3737,3332121,88507,19046301
1790115876299482103,12187785,8741081,3737,3332554,88519,19046301
1790115876416395410,12188528,8741348,3737,3333009,88531,19046301
1790115876531432130,12189257,8741565,3737,3333502,88542,19046301
1790115876646270848,12189948,8741826,3737,3333947,88554,19046301
1790115876761373994,12190654,8742102,3737,3334381,88564,19046301
1790115876875912067,12191368,8742354,3737,3334835,88577,19046301
1790115876993296747,12192104,8742613,3737,3335298,88589,19046301
1790115877108651562,12192814,8742877,3737,3335739,88602,19046301
1790115877224151082,12193547,8743454,3737,3335883,88608,19073565
1790115877338125608,12194275,8743845,3737,3336214,88609,19078941
1790115877454126325,12195012,8743929,3737,3336869,88610,19078941
1790115877573771338,12195778,8744001,3737,3337554,88610,19078941
1790115877688454520,12196507,8744071,3737,3338215,88611,19078941
1790115877806566454,12197260,8744198,3737,3338839,88611,19078941
1790115877920769285,12197993,8744224,3737,3339540,88611,19078941
1790115878038007084,12198746,8744351,3737,3340157,88612,19078941
1790115878156389008,12199502,8744423,3737,3340842,88612,19078941
1790115878270763548,12200225,8744483,3737,3341506,88613,19078941
1790115878388726884,12200985,8744564,3737,3342177,88613,19078941
1790115878506448727,12201737,8744636,3737,3342857,88613,19078941
1790115878621235368,12202455,8744709,3737,3343514,88613,19078941
1790115878739257863,12203204,8744836,3737,3344138,88614,19078941
1790115878853967996,12203943,8744874,3737,3344827,88614,19078941
1790115878970886301,12204693,8745018,3737,3345425,88616,19078941
1790115879088938775,12205446,8745092,3737,3346102,88616,19078941
1790115879203698580,12206181,8745151,3737,3346774,88616,19078941
1790115879322015749,12206929,8745254,3737,3347428,88617,19078941
1790115879438990006,12207677,8745338,3737,3348082,88618,19078941
1790115879554041548,12208409,8745431,3737,3348725,88619,19078941
1790115879672598270,12209175,8745594,3737,3349312,88619,19078941
1790115879787378528,12209911,8745637,3737,3350002,88619,19078941
1790115879906791812,12210661,8745772,3737,3350626,88620,19078941
1790115880024697582,12211415,8745889,3737,3351257,88620,19078941
1790115880139832700,12212159,8745951,3737,3351927,88620,19078941
1790115880256772722,12212908,8746082,3737,3352539,88620,19078941
1790115880375011865,12213667,8746155,3737,3353224,88620,19078941
1790115880489928831,12214404,8746232,3737,3353869,88622,19078941
1790115880608134590,12215161,8746356,3737,3354502,88622,19078941
1790115880725990113,12215918,8746517,3737,3355084,88623,19078941
1790115880843844434,12216676,8746607,3737,3355745,88624,19078941
1790115880961813166,12217427,8746767,3737,3356334,88625,19078941
1790115881080155705,12218188,8746853,3737,3357005,88625,19078941
1790115881198182694,12218939,8746927,3737,3357683,88625,19078941
1790115881313146544,12219679,8747009,3737,3358330,88627,19078941
1790115881431065998,12220427,8747137,3737,3358953,88627,19078941
1790115881549604663,12221189,8747277,3737,3359561,88630,19078941
1790115881667576592,12221945,8747392,3737,3360197,88630,19078941
1790115881785373476,12222699,8747537,3737,3360800,88632,19078941
1790115881903316332,12223449,8747653,3737,3361436,88632,19078941
1790115882020863512,12224198,8747749,3737,3362085,88632,19078941
1790115882135811020,12224930,8747835,3737,3362728,88634,19078941
1790115882253678223,12225687,8747959,3737,3363355,88634,19078941
1790115882371967682,12226425,8748080,3737,3363984,88635,19078941
1790115882489957619,12227178,8748195,3737,3364619,88636,19078941
1790115882608071945,12227926,8748334,3737,3365234,88637,19078941
1790115882726177495,12228687,8748466,3737,3365854,88638,19078941
1790115882840804123,12229420,8748492,3737,3366555,88638,19078941
1790115882955999544,12230149,8748564,3737,3367216,88638,19078941
1790115883073914693,12230904,8748683,3737,3367846,88638,19078941
1790115883191573342,12231659,8748850,3737,3368428,88639,19078941
1790115883309946192,12232414,8748995,3737,3369033,88639,19078941
1790115883428039260,12233162,8749140,3737,3369644,88640,19078941
1790115883546200884,12233923,8749263,3737,3370273,88640,19078941
1790115883661569813,12234665,8749294,3737,3370975,88640,19078941
1790115883777085710,12235403,8749397,3737,3371610,88640,19078941
1790115883893246021,12236145,8749555,3737,3372190,88640,19078941
1790115884011262763,12236904,8749687,3737,3372806,88642,19078941
1790115884129298222,12237654,8749831,3737,3373413,88643,19078941
1790115884247452224,12238418,8749988,3737,3374006,88644,19078941
1790115884365330541,12239165,8750123,3737,3374622,88644,19078941
1790115884480303478,12239902,8750169,3737,3375310,88644,19078941
1790115884597388693,12240652,8750270,3737,3375951,88646,19078941
1790115884713759906,12241392,8750405,3737,3376555,88646,19078941
1790115884831707530,12242141,8750561,3737,3377146,88647,19078941
1790115884950001556,12242890,8750717,3737,3377747,88648,19078941
1790115885068178120,12243642,8750863,3737,3378350,88649,19078941
1790115885186218222,12244393,8751023,3737,3378941,88649,19078941
1790115885301573478,12245134,8751056,3737,3379646,88649,19078941
1790115885420863054,12245886,8751179,3737,3380275,88652,19078941
1790115885539416908,12246652,8751278,3737,3380929,88652,19078941
1790115885657157008,12247402,8751428,3737,3381528,88653,19078941
1790115885774463664,12248154,8751540,3737,3382161,88653,19078941
1790115885892559317,12248911,8751661,3737,3382789,88653,19078941
1790115886010595538,12249670,8751783,3737,3383419,88653,19078941
1790115886124782520,12250397,8751808,3737,3384120,88653,19078941
1790115886241402258,12251142,8751972,3737,3384699,88654,19078941
1790115886359656832,12251904,8752050,3737,3385372,88654,19078941
1790115886475466083,12252647,8752197,3737,3385962,88654,19078941
1790115886592183771,12253384,8752350,3737,3386552,88654,19078941
1790115886710576189,12254147,8752475,3737,3387178,88655,19078941
1790115886828596081,12254899,8752600,3737,3387804,88655,19078941
1790115886943586870,12255635,8752624,3737,3388512,88655,19078941
1790115887060719592,12256372,8752765,3737,3389113,88656,19078941
1790115887178562825,12257125,8752857,3737,3389774,88656,19078941
1790115887292119003,12257845,8752987,3737,3390366,88658,19078941
1790115887408377791,12258597,8753139,3737,3390953,88658,19078941
1790115887526573019,12259349,8753274,3737,3391567,88658,19078941
1790115887644636826,12260107,8753402,3737,3392191,88658,19078941
1790115887758984110,12260836,8753427,3737,3392898,88659,19078941
1790115887875757501,12261582,8753565,3737,3393497,88660,19078941
1790115887993776747,12262341,8753669,3737,3394144,88660,19078941
1790115888107949986,12263068,8753819,3737,3394716,88663,19078941
1790115888225059262,12263814,8753939,3737,3395346,88663,19078941
1790115888342953397,12264570,8754070,3737,3395959,88663,19078941
1790115888460928443,12265327,8754183,3737,3396597,88664,19078941
1790115888575455924,12266062,8754211,3737,3397302,88664,19078941
1790115888691115194,12266801,8754387,3737,3397862,88666,19078941
1790115888809182214,12267549,8754490,3737,3398510,88666,19078941
1790115888925996433,12268295,8754625,3737,3399112,88667,19078941
1790115889043372739,12269049,8754746,3737,3399741,88667,19078941
1790115889161586792,12269794,8754885,3737,3400352,88669,19078941
1790115889279707628,12270542,8755004,3737,3400983,88669,19078941
1790115889394583235,12271281,8755031,3737,3401690,88669,19078941
1790115889510344604,12272023,8755176,3737,3402281,88670,19078941
1790115889628439081,12272783,8755284,3737,3402925,88670,19078941
1790115889741613501,12273498,8755416,3737,3403510,88671,19078941
1790115889859075202,12274248,8755536,3737,3404140,88672,19078941
1790115889977278781,12275007,8755694,3737,3404733,88672,19078941
1790115890095341030,12275768,8755818,3737,3405360,88672,19078941
1790115890209776019,12276500,8755843,3737,3406061,88672,19078941
1790115890326098820,12277255,8755959,3737,3406689,88672,19078941
1790115890444260706,12278007,8756058,3737,3407341,88672,19078941
1790115890560082801,12278739,8756180,3737,3407954,88674,19078941
1790115890674565859,12279476,8756332,3737,3408530,88675,19078941
1790115890801571201,12280289,8756497,3737,3409172,88675,19078941
1790115890918327396,12281028,8756618,3737,3409797,88675,19078941
1790115891033006124,12281765,8756644,3737,3410503,88675,19078941
1790115891146833541,12282504,8756775,3737,3411090,88675,19078941
1790115891265069958,12283263,8756904,3737,3411716,88675,19078941
1790115891383393258,12284028,8757049,3737,3412324,88675,19078941
1790115891501823842,12284781,8757183,3737,3412940,88675,19078941
1790115891619099287,12285527,8757370,3737,3413502,88677,19078941
1790115891737237286,12286280,8757524,3737,3414097,88678,19078941
1790115891852041204,12287014,8757565,3737,3414776,88691,19078941
1790115891967725565,12287763,8757677,3737,3415363,88725,19078941
1790115892085818716,12288518,8757748,3737,3416011,88757,19078941
1790115892203729811,12289263,8757879,3737,3416628,88759,19078941
1790115892318339478,12289989,8757998,3737,3417241,88759,19078941
1790115892436580011,12290751,8758122,3737,3417866,88760,19078941
1790115892554550226,12291507,8758275,3737,3418464,88760,19078941
1790115892669205472,12292236,8758302,3737,3419171,88760,19078941
1790115892783627133,12292969,8758424,3737,3419772,88761,19078941
1790115892901541188,12293720,8758524,3737,3420422,88763,19078941
1790115893016832233,12294460,8758636,3737,3421043,88763,19078941
1790115893131934484,12295199,8758779,3737,3421629,88763,19078941
1790115893249938314,12295942,8758906,3737,3422252,88764,19078941
1790115893367997900,12296695,8759027,3737,3422882,88765,19078941
1790115893482907989,12297429,8759052,3737,3423590,88765,19078941
1790115893596986687,12298153,8759181,3737,3424186,88765,19078941
1790115893714824402,12298902,8759278,3737,3424842,88765,19078941
1790115893829730025,12299647,8759381,3737,3425468,88766,19078941
1790115893942716143,12300367,8759527,3737,3426040,88766,19078941
1790115894060656276,12301119,8759647,3737,3426670,88767,19078941
1790115894178780973,12301876,8759777,3737,3427291,88767,19078941
1790115894293257129,12302607,8759815,3737,3427986,88767,19078941
1790115894408060042,12303345,8759943,3737,3428587,88769,19078941
1790115894525992458,12304102,8760043,3737,3429236,88769,19078941
1790115894640363037,12304829,8760146,3737,3429859,88771,19078941
1790115894754898300,12305560,8760261,3737,3430469,88771,19078941
1790115894872986646,12306302,8760385,3737,3431094,88772,19078941
1790115894990978277,12307050,8760503,3737,3431727,88773,19078941
1790115895105938618,12307782,8760538,3737,3432428,88773,19078941
1790115895219193018,12308500,8760649,3737,3433038,88774,19078941
1790115895337536201,12309255,8760770,3737,3433667,88774,19078941
1790115895455279155,12309998,8760900,3737,3434287,88776,19078941
1790115895573395490,12310757,8760984,3737,3434954,88776,19078941
1790115895689824132,12311485,8761118,3737,3435558,88777,19078941
1790115895806171612,12312224,8761238,3737,3436180,88777,19078941
1790115895920959082,12312954,8761295,3737,3436849,88777,19078941
1790115896037574264,12313701,8761408,3737,3437479,88778,19078941
1790115896155854995,12314463,8761561,3737,3438077,88778,19078941
1790115896270794560,12315207,8761691,3737,3438675,88780,19078941
1790115896388885478,12315966,8761797,3737,3439324,88780,19078941
1790115896506076189,12316721,8761943,3737,3439923,88781,19078941
1790115896622674609,12317469,8762053,3737,3440553,88781,19078941
1790115896737323233,12318199,8762103,3737,3441235,88782,19078941
1790115896854855015,12318951,8762222,3737,3441861,88782,19078941
1790115896972899440,12319710,8762344,3737,3442491,88782,19078941
1790115897087763747,12320455,8762430,3737,3443135,88782,19078941
1790115897205868371,12321211,8762554,3737,3443766,88782,19078941
1790115897320557568,12321945,8762578,3737,3444471,88782,19078941
1790115897436116231,12322670,8762667,3737,3445118,88784,19078941
1790115897554212045,12323421,8762819,3737,3445716,88784,19078941
1790115897668948055,12324159,8762873,3737,3446393,88785,19078941
1790115897782564390,12324875,8762992,3737,3446994,88786,19078941
1790115897900836673,12325626,8763063,3737,3447674,88786,19078941
1790115898014889567,12326354,8763131,3737,3448333,88786,19078941
1790115898132283899,12327104,8763212,3737,3449002,88787,19078941
1790115898246585503,12327836,8763274,3737,3449665,88787,19078941
1790115898361377444,12328564,8763349,3737,3450320,88788,19078941
1790115898479409924,12329322,8763472,3737,3450948,88788,19078941
1790115898594311131,12330049,8763497,3737,3451655,88788,19078941
1790115898711113755,12330799,8763612,3737,3452283,88788,19078941
1790115898829123123,12331551,8763706,3737,3452940,88789,19078941
1790115898943417062,12332281,8763779,3737,3453592,88789,19078941
1790115899061522416,12333039,8763885,3737,3454237,88789,19078941
1790115899178574130,12333783,8763962,3737,3454906,88790,19078941
1790115899293283648,12334517,8764036,3737,3455562,88790,19078941
1790115899411553883,12335282,8764157,3737,3456192,88790,19078941
1790115899526963151,12336017,8764182,3737,3456901,88790,19078941
1790115899644658478,12336782,8764376,3737,3457442,88804,19078941
1790115899761873015,12337522,8764638,3737,3457890,88826,19078941
1790115899878746449,12338246,8764894,3737,3458348,88841,19078941
1790115899994298987,12338959,8765159,3737,3458786,88860,19078941
1790115900110474744,12339713,8765413,3737,3459233,88884,19078941
1790115900226942422,12340423,8765675,3737,3459687,88899,19078941
1790115900343872580,12341147,8765895,3737,3460185,88915,19078941
1790115900457515808,12341854,8766176,3737,3460599,88930,19078941
1790115900574585660,12342602,8766421,3737,3461066,88950,19078941
1790115900690833987,12343321,8766673,3737,3461530,88963,19078941
1790115900806583827,12344065,8766919,3737,3461993,88975,19078941
1790115900922320511,12344782,8767163,3737,3462456,88990,19078941
1790115901041279962,12345556,8767389,3737,3462966,89001,19078941
1790115901156795355,12346291,8767651,3737,3463413,89016,19078941
1790115901272270289,12347006,8767981,3737,3463799,89025,19078941
1790115901388582801,12347728,8768258,3737,3464239,89038,19078941
1790115901504524551,12348458,8768523,3737,3464689,89048,19078941
1790115901622264219,12349207,8768777,3737,3465160,89058,19078941
1790115901740880522,12349969,8769023,3737,3465638,89075,19078941
1790115901857447953,12350712,8769277,3737,3466102,89086,19078941
1790115901971929983,12351431,8769537,3737,3466547,89100,19078941
1790115902087544902,12352144,8769796,3737,3466990,89119,19078941
1790115902204030970,12352884,8770052,3737,3467455,89129,19078941
1790115902319401345,12353630,8770275,3737,3467946,89141,19078941
1790115902436260337,12354375,8770543,3737,3468386,89159,19078941
1790115902552715498,12355117,8770820,3737,3468823,89175,19078941
1790115902668652963,12355840,8771086,3737,3469267,89190,19078941
1790115902783658741,12356557,8771351,3737,3469710,89199,19078941
1790115902900106455,12357273,8771625,3737,3470157,89210,19078941
1790115903015761470,12357990,8771868,3737,3470626,89222,19078941
1790115903132219341,12358721,8772122,3737,3471085,89235,19078941
1790115903249319710,12359451,8772391,3737,3471534,89250,19078941
1790115903366642034,12360185,8772637,3737,3472002,89269,19078941
1790115903483252757,12360885,8772889,3737,3472463,89283,19078941
1790115903599120242,12361616,8773142,3737,3472918,89304,19078941
1790115903714901405,12362341,8773377,3737,3473381,89330,19078941
1790115903830940576,12363050,8773631,3737,3473842,89340,19078941
1790115903947837331,12363794,8773876,3737,3474310,89355,19078941
1790115904064420940,12364521,8774137,3737,3474765,89369,19078941
1790115904180024557,12365234,8774387,3737,3475213,89392,19078941
1790115904296792416,12365978,8774608,3737,3475716,89402,19078941
1790115904411886878,12366711,8774880,3737,3476152,89415,19078941
1790115904527881618,12367430,8775154,3737,3476590,89431,19078941
1790115904644120134,12368184,8775461,3737,3477000,89447,19078941
1790115904760908583,12368905,8775755,3737,3477418,89460,19078941
1790115904878770643,12369652,8776027,3737,3477877,89468,19078941
1790115904995025782,12370393,8776276,3737,3478344,89480,19078941
1790115905109270235,12371106,8776513,3737,3478809,89494,19078941
1790115905225198935,12371825,8776761,3737,3479268,89513,19078941
1790115905340760022,12372553,8777023,3737,3479706,89532,19078941
1790115905455180011,12373276,8777272,3737,3480156,89550,19078941
1790115905568286444,12373993,8777531,3737,3480592,89563,19078941
1790115905685739758,12374727,8777788,3737,3481062,89576,19078941
1790115905802333566,12375473,8778049,3737,3481512,89592,19078941
1790115905915835948,12376187,8778310,3737,3481946,89606,19078941
1790115906032436117,12376926,8778582,3737,3482389,89620,19078941
1790115906147725469,12377661,8778841,3737,3482834,89637,19078941
1790115906264139501,12378390,8779115,3737,3483274,89654,19078941
1790115906378986699,12379145,8779393,3737,3483708,89664,19078941
1790115906497235534,12379881,8779652,3737,3484172,89679,19078941
1790115906614376235,12380640,8779899,3737,3484642,89694,19078941
1790115906728386354,12381358,8780184,3737,3485062,89708,19078941
1790115906843873884,12382069,8780472,3737,3485480,89720,19078941
1790115906959537701,12382797,8780711,3737,3485950,89736,19078941
1790115907076834073,12383548,8780927,3737,3486378,89826,19078941
1790115907193377926,12384271,8781178,3737,3486846,89839,19078941
1790115907308990903,12384982,8781448,3737,3487284,89852,19078941
1790115907425527153,12385706,8781698,3737,3487747,89866,19078941
1790115907542285725,12386426,8781962,3737,3488199,89880,19078941
1790115907658672158,12387156,8782194,3737,3488684,89895,19078941
1790115907774749122,12387886,8782437,3737,3489152,89906,19078941
1790115907898655295,12388663,8782720,3737,3489631,89919,19078941
1790115908014767630,12389391,8782978,3737,3490086,89932,19078941
1790115908131624670,12390120,8783245,3737,3490539,89944,19078941
1790115908248191885,12390857,8783498,3737,3490996,89961,19078941
1790115908366174684,12391610,8783765,3737,3491457,89975,19078941
1790115908481866887,12392330,8784027,3737,3491908,89987,19078941
1790115908598443519,12393087,8784346,3737,3492305,90002,19078941
1790115908714765213,12393798,8784607,3737,3492757,90015,19078941
1790115908831887555,12394539,8784870,3737,3493213,90029,19078941
1790115908945978824,12395253,8785149,3737,3493639,90042,19078941
1790115909062916800,12395985,8785409,3737,3494102,90052,19078941
1790115909181366081,12396750,8785677,3737,3494562,90066,19078941
1790115909297379523,12397470,8785931,3737,3495016,90081,19078941
1790115909412583913,12398202,8786184,3737,3495469,90096,19078941
1790115909528231077,12398915,8786448,3737,3495912,90110,19078941
1790115909644459319,12399644,8786707,3737,3496368,90123,19078941
1790115909759792665,12400358,8786937,3737,3496852,90137,19078941
1790115909876274961,12401096,8787235,3737,3497266,90154,19078941
1790115909992114577,12401832,8787507,3737,3497703,90168,19078941
1790115910107875107,12402549,8787766,3737,3498156,90180,19078941
1790115910223685474,12403268,8788023,3737,3498608,90193,19078941
1790115910340577635,12403978,8788266,3737,3499087,90207,19078941
1790115910460301474,12404743,8788498,3737,3499513,90295,19078941
1790115910576667704,12405481,8788765,3737,3499964,90306,19078941
1790115910693461495,12406215,8789015,3737,3500431,90320,19078941
1790115910809473833,12406969,8789275,3737,3500881,90336,19078941
1790115910925743353,12407699,8789519,3737,3501348,90350,19078941
1790115911043825975,12408431,8789744,3737,3501847,90365,19078941
1790115911159629446,12409151,8790009,3737,3502294,90381,19078941
1790115911276612668,12409870,8790271,3737,3502747,90397,19078941
1790115911394107956,12410624,8790524,3737,3503220,90408,19078941
1790115911510562688,12411361,8790782,3737,3503674,90425,19078941
1790115911627545992,12412100,8791047,3737,3504125,90437,19078941
1790115911744471780,12412839,8791300,3737,3504594,90448,19078941
1790115911861416389,12413580,8791558,3737,3505055,90463,19078941
1790115911977761693,12414310,8791810,3737,3505518,90475,19078941
1790115912094135805,12415022,8792068,3737,3505974,90488,19078941
1790115912210544335,12415731,8792329,3737,3506425,90504,19078941
1790115912326355182,12416482,8792567,3737,3506904,90515,19078941
1790115912443609723,12417182,8792804,3737,3507390,90527,19078941
1790115912560059960,12417904,8793058,3737,3507853,90539,19078941
1790115912677045253,12418661,8793316,3737,3508309,90555,19078941
1790115912792198130,12419378,8793586,3737,3508749,90566,19078941
1790115912909775382,12420119,8793851,3737,3509197,90585,19078941
1790115913027603365,12420849,8794091,3737,3509682,90601,19078941
1790115913144715029,12421582,8794340,3737,3510146,90618,19078941
1790115913266977842,12422356,8794617,3737,3510625,90631,19078941
1790115913384218870,12423091,8794889,3737,3511073,90642,19078941
1790115913500784473,12423838,8795167,3737,3511511,90656,19078941
1790115913616237586,12424553,8795472,3737,3511914,90671,19078941
1790115913734525319,12425291,8795719,3737,3512397,90682,19078941
1790115913849092685,12426020,8796004,3737,3512807,90703,19078941
1790115913963506207,12426719,8796261,3737,3513254,90717,19078941
1790115914080014254,12427457,8796515,3737,3513713,90730,19078941
1790115914195966346,12428170,8796769,3737,3514172,90743,19078941
1790115914309089557,12428886,8797017,3737,3514615,90760,19078941
1790115914426915706,12429628,8797220,3737,3515058,90856,19078941
1790115914543272324,12430352,8797498,3737,3515493,90869,19078941
1790115914659419729,12431098,8797753,3737,3515956,90877,19078941
1790115914775019319,12431824,8798005,3737,3516416,90891,19078941
1790115914890466880,12432554,8798270,3737,3516857,90904,19078941
1790115915007618581,12433276,8798509,3737,3517337,90917,19078941
1790115915124082926,12433997,8798750,3737,3517817,90927,19078941
1790115915241073792,12434727,8799003,3737,3518281,90943,19078941
1790115915355357382,12435436,8799255,3737,3518731,90959,19078941
1790115915472161754,12436169,8799526,3737,3519167,90977,19078941
1790115915588002555,12436901,8799790,3737,3519620,90989,19078941
1790115915706247155,12437637,8800058,3737,3520077,91001,19078941
1790115915820611348,12438349,8800309,3737,3520537,91012,19078941
1790115915936787625,12439077,8800575,3737,3520978,91029,19078941
1790115916052953955,12439800,8800833,3737,3521431,91044,19078941
1790115916169600845,12440534,8801107,3737,3521868,91059,19078941
1790115916286018549,12441273,8801373,3737,3522316,91073,19078941
1790115916403941461,12442015,8801601,3737,3522813,91087,19078941
1790115916521149636,12442763,8801846,3737,3523289,91101,19078941
1790115916637395374,12443485,8802107,3737,3523738,91117,19078941
1790115916753782681,12444230,8802371,3737,3524192,91131,19078941
1790115916870776864,12444961,8802635,3737,3524645,91144,19078941
1790115916985388239,12445691,8802902,3737,3525085,91158,19078941
1790115917101692983,12446425,8803134,3737,3525508,91228,19078941
1790115917219155336,12447174,8803383,3737,3525958,91265,19078941
1790115917335574974,12447918,8803655,3737,3526400,91281,19078941
1790115917451964468,12448648,8803911,3737,3526844,91309,19078941
1790115917566948448,12449360,8804210,3737,3527250,91323,19078941
1790115917683265607,12450082,8804485,3737,3527689,91338,19078941
1790115917798012251,12450811,8804708,3737,3528179,91346,19078941
1790115917913632562,12451539,8804987,3737,3528613,91359,19078941
1790115918029535471,12452278,8805229,3737,3529081,91371,19078941
1790115918144814681,12453002,8805488,3737,3529533,91382,19078941
1790115918260686907,12453735,8805764,3737,3529968,91393,19078941
1790115918377126738,12454470,8806028,3737,3530421,91409,19078941
1790115918495175877,12455201,8806249,3737,3530921,91425,19078941
1790115918612361746,12455944,8806513,3737,3531373,91441,19078941
1790115918728133481,12456675,8806770,3737,3531829,91452,19078941
1790115918844099616,12457413,8807020,3737,3532288,91468,19078941
1790115918959548896,12458144,8807275,3737,3532744,91479,19078941
1790115919075139102,12458870,8807529,3737,3533204,91489,19078941
1790115919193563742,12459621,8807773,3737,3533698,91498,19078941
1790115919311416759,12460369,8808032,3737,3534153,91515,19078941
1790115919427315521,12461097,8808296,3737,3534601,91529,19078941
1790115919543426043,12461821,8808563,3737,3535047,91542,19078941
1790115919659241021,12462552,8808844,3737,3535476,91556,19078941
1790115919774821582,12463295,8809078,3737,3535958,91566,19078941
1790115919891450864,12464022,8809361,3737,3536392,91580,19078941
1790115920007019762,12464752,8809640,3737,3536824,91592,19078941
1790115920121287160,12465452,8809937,3737,3537235,91602,19078941
1790115920237803178,12466181,8810200,3737,3537679,91622,19078941
1790115920353468264,12466905,8810459,3737,3538128,91639,19078941
1790115920471665588,12467648,8810696,3737,3538618,91653,19078941
1790115920589672543,12468387,8810942,3737,3539025,91743,19078941
1790115920705204154,12469100,8811215,3737,3539460,91757,19078941
1790115920820410599,12469836,8811512,3737,3539864,91775,19078941
1790115920934481480,12470549,8811771,3737,3540309,91790,19078941
1790115921050184287,12471280,8812023,3737,3540763,91804,19078941
1790115921167841531,12472013,8812265,3737,3541243,91822,19078941
1790115921283552645,12472725,8812535,3737,3541684,91833,19078941
1790115921399430088,12473458,8812779,3737,3542152,91846,19078941
1790115921515027018,12474186,8813023,3737,3542618,91858,19078941
1790115921630861267,12474913,8813288,3737,3543064,91871,19078941
1790115921745991838,12475603,8813563,3737,3543501,91884,19078941
1790115921863824107,12476352,8813795,3737,3543993,91895,19078941
1790115921981068388,12477110,8814062,3737,3544443,91913,19078941
1790115922098440182,12477863,8814316,3737,3544910,91926,19078941
1790115922215054665,12478602,8814624,3737,3545319,91941,19078941
1790115922331597700,12479336,8814907,3737,3545745,91957,19078941
1790115922446832718,12480063,8815149,3737,3546213,91973,19078941
1790115922562699184,12480789,8815391,3737,3546688,91983,19078941
1790115922680458701,12481530,8815651,3737,3547152,91994,19078941
1790115922795610752,12482259,8815907,3737,3547598,92009,19078941
1790115922910631082,12482976,8816200,3737,3548014,92023,19078941
1790115923024963343,12483697,8816466,3737,3548449,92035,19078941
1790115923142604357,12484442,8816722,3737,3548915,92050,19078941
1790115923260704453,12485177,8816972,3737,3549393,92062,19078941
1790115923377126663,12485916,8817219,3737,3549862,92076,19078941
1790115923492636925,12486653,8817472,3737,3550315,92091,19078941
1790115923607145611,12487369,8817752,3737,3550736,92106,19078941
1790115923725075712,12488118,8818027,3737,3551179,92126,19078941
1790115923843477733,12488885,8818283,3737,3551651,92142,19078941
1790115923959940389,12489620,8818528,3737,3552044,92234,19078941
1790115924077057117,12490347,8818811,3737,3552476,92252,19078941
1790115924193148218,12491083,8819083,3737,3552918,92264,19078941
1790115924309891355,12491807,8819338,3737,3553383,92276,19078941
1790115924426645567,12492517,8819602,3737,3553835,92288,19078941
1790115924544639571,12493225,8819829,3737,3554335,92300,19078941
1790115924662351427,12493955,8820107,3737,3554780,92316,19078941
1790115924777350961,12494667,8820367,3737,3555226,92329,19078941
1790115924892910302,12495399,8820641,3737,3555663,92342,19078941
1790115925009098942,12496134,8820899,3737,3556116,92356,19078941
1790115925123069970,12496868,8821187,3737,3556535,92365,19078941
1790115925238129096,12497607,8821412,3737,3557019,92376,19078941
1790115925351614080,12498321,8821701,3737,3557428,92391,19078941
1790115925469424610,12499038,8821990,3737,3557862,92404,19078941
1790115925583661576,12499746,8822263,3737,3558296,92416,19078941
1790115925700718332,12500482,8822526,3737,3558749,92429,19078941
1790115925817154059,12501207,8822809,3737,3559182,92443,19078941
1790115925935217782,12501962,8823049,3737,3559674,92453,19078941
1790115926050696641,12502681,8823289,3737,3560138,92469,19078941
1790115926166392941,12503406,8823555,3737,3560583,92484,19078941
1790115926280847009,12504113,8823805,3737,3561033,92498,19078941
1790115926395981098,12504852,8824069,3737,3561476,92512,19078941
1790115926511814426,12505586,8824315,3737,3561943,92522,19078941
1790115926628022391,12506324,8824545,3737,3562426,92540,19078941
1790115926745326510,12507063,8824796,3737,3562892,92556,19078941
1790115926861669693,12507790,8825053,3737,3563345,92571,19078941
1790115926977854608,12508519,8825305,3737,3563807,92585,19078941
1790115927091628632,12509234,8825578,3737,3564231,92598,19078941
1790115927206356491,12509944,8825819,3737,3564701,92612,19078941
1790115927328968400,12510711,8826044,3737,3565158,92696,19078941
1790115927443415832,12511447,8826308,3737,3565589,92715,19078941
1790115927558873176,12512158,8826573,3737,3566036,92725,19078941
1790115927675732610,12512876,8826830,3737,3566498,92738,19078941
1790115927790363755,12513598,8827082,3737,3566950,92750,19078941
1790115927907867734,12514320,8827305,3737,3567457,92758,19078941
1790115928024629058,12515054,8827560,3737,3567917,92774,19078941
1790115928140643748,12515757,8827819,3737,3568368,92789,19078941
1790115928256636804,12516481,8828089,3737,3568810,92804,19078941
1790115928373610484,12517223,8828354,3737,3569262,92820,19078941
1790115928489922501,12517962,8828614,3737,3569714,92836,19078941
1790115928605861591,12518693,8828858,3737,3570184,92851,19078941
1790115928722943400,12519440,8829122,3737,3570633,92868,19078941
1790115928836390520,12520168,8829384,3737,3571066,92881,19078941
1790115928951074499,12520902,8829643,3737,3571509,92897,19078941
1790115929067700272,12521630,8829896,3737,3571973,92911,19078941
1790115929183986299,12522360,8830179,3737,3572410,92922,19078941
1790115929299994330,12523084,8830404,3737,3572902,92932,19078941
1790115929417157325,12523814,8830671,3737,3573348,92948,19078941
1790115929531912439,12524547,8830926,3737,3573799,92959,19078941
1790115929648239426,12525291,8831187,3737,3574249,92978,19078941
1790115929763387823,12526003,8831501,3737,3574645,92989,19078941
1790115929878085855,12526736,8831805,3737,3575043,93006,19078941
1790115929992939930,12527439,8832052,3737,3575509,93018,19078941
1790115930110019379,12528160,8832327,3737,3575952,93029,19078941
1790115930225410456,12528868,8832593,3737,3576395,93042,19078941
1790115930341238004,12529569,8832845,3737,3576857,93053,19078941
1790115930455867943,12530291,8833111,3737,3577295,93065,19078941
1790115930573639378,12531034,8833375,3737,3577756,93078,19078941
1790115930689982153,12531769,8833637,3737,3578137,93166,19078941
1790115930807349209,12532515,8833918,3737,3578575,93183,19078941
1790115930923000974,12533216,8834179,3737,3579024,93196,19078941
1790115931037881149,12533929,8834433,3737,3579483,93204,19078941
1790115931154535990,12534663,8834721,3737,3579910,93216,19078941
1790115931269231389,12535377,8834974,3737,3580362,93230,19078941
1790115931390434865,12536129,8835237,3737,3580847,93242,19078941
1790115931505808068,12536843,8835499,3737,3581295,93254,19078941
1790115931622000215,12537575,8835756,3737,3581751,93266,19078941
1790115931738963321,12538307,8836030,3737,3582196,93279,19078941
1790115931854140021,12539019,8836288,3737,3582651,93289,19078941
1790115931970915021,12539768,8836509,3737,3583148,93300,19078941
1790115932084553094,12540485,8836763,3737,3583595,93317,19078941
1790115932200251943,12541213,8837026,3737,3584038,93330,19078941
1790115932313057370,12541913,8837323,3737,3584435,93343,19078941
1790115932430240447,12542627,8837576,3737,3584892,93363,19078941
1790115932547456539,12543358,8837828,3737,3585363,93374,19078941
1790115932666108517,12544100,8838261,3737,3585667,93381,19092509
1790115932786575795,12544867,8838874,3737,3585807,93385,19112733
1790115932911100551,12545660,8838979,3737,3586495,93387,19112733
1790115933029567997,12546424,8839058,3737,3587168,93387,19112733
1790115933144516207,12547146,8839125,3737,3587831,93388,19112733
1790115933261785206,12547895,8839248,3737,3588453,93388,19112733
1790115933380128105,12548654,8839356,3737,3589103,93388,19112733
1790115933495345362,12549396,8839457,3737,3589732,93389,19112733
1790115933612794153,12550145,8839535,3737,3590399,93389,19112733
1790115933730805751,12550897,8839634,3737,3591051,93389,19112733
1790115933845559578,12551645,8839746,3737,3591670,93390,19112733
1790115933964001108,12552398,8839876,3737,3592295,93390,19112733
1790115934078154147,12553128,8839954,3737,3592947,93390,19112733
1790115934192724369,12553863,8840068,3737,3593556,93391,19112733
1790115934310871073,12554618,8840263,3737,3594116,93391,19112733
1790115934425420096,12555351,8840324,3737,3594783,93392,19112733
1790115934540466093,12556089,8840425,3737,3595413,93393,19112733
1790115934658552276,12556844,8840560,3737,3596029,93393,19112733
1790115934772917756,12557573,8840582,3737,3596735,93393,19112733
1790115934888810264,12558309,8840700,3737,3597341,93406,19112733
1790115935006300441,12559058,8840808,3737,3597951,93439,19112733
1790115935120561980,12559790,8840842,3737,3598647,93439,19112733
1790115935239558565,12560547,8840962,3737,3599277,93444,19112733
1790115935353805941,12561271,8841067,3737,3599897,93444,19112733
1790115935468147206,12562006,8841097,3737,3600600,93444,19112733
1790115935583958813,12562747,8841259,3737,3601168,93445,19112733
1790115935702010705,12563504,8841364,3737,3601820,93445,19112733
1790115935816755875,12564246,8841443,3737,3602468,93445,19112733
1790115935933958682,12564989,8841604,3737,3603050,93446,19112733
1790115936052137073,12565740,8841716,3737,3603696,93446,19112733
1790115936166755913,12566479,8841818,3737,3604318,93448,19112733
1790115936284906921,12567230,8841917,3737,3604969,93449,19112733
1790115936403025240,12567983,8842068,3737,3605574,93449,19112733
1790115936520746893,12568737,8842181,3737,3606207,93450,19112733
1790115936638779575,12569493,8842285,3737,3606852,93450,19112733
1790115936757061792,12570246,8842459,3737,3607433,93451,19112733
1790115936875295346,12570998,8842600,3737,3608043,93451,19112733
1790115936990262125,12571732,8842648,3737,3608728,93451,19112733
1790115937105444857,12572478,8842742,3737,3609364,93452,19112733
1790115937223857638,12573235,8842867,3737,3609991,93452,19112733
1790115937342163437,12573992,8843026,3737,3610587,93452,19112733
1790115937460151479,12574748,8843116,3737,3611248,93452,19112733
1790115937578345348,12575512,8843254,3737,3611861,93452,19112733
1790115937696677349,12576269,8843348,3737,3612518,93452,19112733
1790115937814775439,12577022,8843426,3737,3613192,93453,19112733
1790115937929519387,12577761,8843509,3737,3613840,93453,19112733
1790115938047589288,12578521,8843582,3737,3614518,93453,19112733
1790115938165207888,12579265,8843736,3737,3615114,93453,19112733
1790115938282399723,12580016,8843833,3737,3615761,93454,19112733
1790115938400308376,12580760,8843969,3737,3616376,93454,19112733
1790115938518531802,12581509,8844075,3737,3617021,93454,19112733
1790115938632744114,12582240,8844185,3737,3617636,93455,19112733
1790115938747650615,12582975,8844213,3737,3618339,93455,19112733
1790115938860724927,12583700,8844330,3737,3618941,93457,19112733
1790115938978823102,12584456,8844413,3737,3619608,93457,19112733
1790115939095427156,12585197,8844544,3737,3620220,93458,19112733
1790115939213414146,12585955,8844663,3737,3620852,93458,19112733
1790115939331684003,12586715,8844857,3737,3621407,93459,19112733
1790115939449745263,12587468,8844926,3737,3622089,93460,19112733
1790115939566165285,12588210,8845005,3737,3622755,93460,19112733
1790115939681295350,12588942,8845095,3737,3623396,93461,19112733
1790115939799331688,12589702,8845246,3737,3623996,93461,19112733
1790115939917301596,12590463,8845407,3737,3624585,93461,19112733
1790115940036047960,12591221,8845507,3737,3625243,93461,19112733
1790115940154044996,12591980,8845637,3737,3625862,93461,19112733
1790115940268026178,12592702,8845762,3737,3626463,93462,19112733
1790115940386238119,12593456,8845842,3737,3627135,93462,19112733
1790115940500760880,12594189,8845898,3737,3627808,93463,19112733
1790115940618334905,12594940,8846007,3737,3628447,93463,19112733
1790115940736347948,12595692,8846147,3737,3629057,93463,19112733
1790115940852198914,12596434,8846251,3737,3629691,93464,19112733
1790115940968974487,12597183,8846374,3737,3630306,93464,19112733
1790115941086899246,12597942,8846543,3737,3630887,93464,19112733
1790115941205050165,12598706,8846669,3737,3631518,93464,19112733
1790115941319822232,12599440,8846695,3737,3632219,93464,19112733
1790115941434596878,12600168,8846773,3737,3632872,93464,19112733
1790115941552806089,12600923,8846897,3737,3633497,93465,19112733
1790115941670653946,12601676,8847047,3737,3634097,93465,19112733
1790115941788302970,12602422,8847163,3737,3634732,93465,19112733
1790115941906363451,12603172,8847368,3737,3635277,93466,19112733
1790115942018392208,12603890,8847480,3737,3635877,93467,19112733
1790115942136436285,12604647,8847582,3737,3636526,93467,19112733
1790115942251139609,12605370,8847647,3737,3637191,93467,19112733
1790115942368762584,12606127,8847759,3737,3637826,93467,19112733
1790115942486763862,12606876,8847897,3737,3638438,93468,19112733
1790115942604169982,12607623,8847992,3737,3639091,93469,19112733
1790115942718172560,12608354,8848120,3737,3639690,93469,19112733
1790115942836121988,12609112,8848337,3737,3640220,93471,19112733
1790115942954364605,12609875,8848473,3737,3640837,93471,19112733
1790115943069779886,12610610,8848500,3737,3641543,93471,19112733
1790115943184428964,12611340,8848577,3737,3642193,93473,19112733
1790115943302619131,12612092,8848696,3737,3642824,93473,19112733
1790115943420863042,12612843,8848845,3737,3643428,93474,19112733
1790115943537883475,12613595,8848932,3737,3644082,93474,19112733
1790115943655827476,12614356,8849131,3737,3644637,93474,19112733
1790115943770168815,12615081,8849276,3737,3645219,93475,19112733
1790115943888309742,12615838,8849359,3737,3645888,93475,19112733
1790115944002780465,12616565,8849410,3737,3646565,93476,19112733
1790115944119787699,12617310,8849548,3737,3647168,93477,19112733
1790115944237777449,12618071,8849693,3737,3647779,93477,19112733
1790115944356326332,12618830,8849806,3737,3648417,93478,19112733
1790115944470248498,12619554,8849974,3737,3648975,93478,19112733
1790115944588512867,12620308,8850170,3737,3649527,93480,19112733
1790115944706600326,12621068,8850342,3737,3650109,93480,19112733
1790115944821031020,12621794,8850406,3737,3650775,93480,19112733
1790115944936001985,12622537,8850493,3737,3651420,93480,19112733
1790115945054559056,12623302,8850619,3737,3652044,93480,19112733
1790115945172763804,12624054,8850776,3737,3652637,93480,19112733
1790115945290192775,12624806,8850867,3737,3653298,93480,19112733
1790115945407929225,12625561,8851027,3737,3653882,93481,19112733
1790115945525261646,12626314,8851129,3737,3654530,93482,19112733
1790115945643614498,12627082,8851208,3737,3655203,93482,19112733
1790115945758529034,12627818,8851268,3737,3655874,93482,19112733
1790115945876397169,12628562,8851354,3737,3656538,93483,19112733
1790115945994456283,12629325,8851498,3737,3657145,93483,19112733
1790115946109720745,12630057,8851634,3737,3657742,93484,19112733
1790115946227130901,12630804,8851722,3737,3658403,93484,19112733
1790115946345041366,12631549,8851860,3737,3659014,93485,19112733
1790115946463110067,12632300,8851986,3737,3659638,93485,19112733
1790115946577293097,12633030,8852006,3737,3660345,93485,19112733
1790115946695884107,12633779,8852089,3737,3661010,93486,19112733
1790115946814068464,12634532,8852251,3737,3661604,93487,19112733
1790115946932348488,12635293,8852414,3737,3662191,93487,19112733
1790115947050635745,12636048,8852535,3737,3662823,93487,19112733
1790115947170558794,12636807,8852671,3737,3663446,93489,19112733
1790115947288296243,12637551,8852772,3737,3664096,93489,19112733
1790115947406268190,12638309,8852850,3737,3664770,93489,19112733
1790115947520831195,12639040,8852928,3737,3665415,93491,19112733
1790115947638862340,12639792,8852999,3737,3666095,93491,19112733
1790115947755220090,12640522,8853164,3737,3666673,93492,19112733
1790115947872301202,12641276,8853268,3737,3667313,93493,19112733
1790115947990360769,12642035,8853412,3737,3667920,93493,19112733
1790115948105148958,12642748,8853523,3737,3668540,93494,19112733
1790115948221208605,12643490,8853675,3737,3669125,93494,19112733
1790115948335933639,12644222,8853701,3737,3669827,93495,19112733
1790115948453259909,12644972,8853799,3737,3670477,93495,19112733
1790115948569543527,12645716,8853894,3737,3671121,93496,19112733
1790115948687579461,12646479,8854038,3737,3671726,93496,19112733
1790115948805736107,12647230,8854185,3737,3672330,93497,19112733
1790115948924037364,12647983,8854331,3737,3672939,93498,19112733
1790115949041960981,12648740,8854404,3737,3673612,93498,19112733
1790115949157885200,12649484,8854483,3737,3674273,93498,19112733
1790115949272574054,12650205,8854576,3737,3674910,93499,19112733
1790115949390595501,12650953,8854700,3737,3675537,93499,19112733
1790115949508323159,12651704,8854818,3737,3676170,93500,19112733
1790115949626104252,12652459,8854893,3737,3676846,93500,19112733
1790115949744255717,12653206,8855040,3737,3677449,93501,19112733
1790115949861244076,12653960,8855135,3737,3678097,93501,19112733
1790115949979315626,12654719,8855219,3737,3678765,93501,19112733
1790115950094296305,12655456,8855281,3737,3679435,93502,19112733
1790115950212801044,12656223,8855404,3737,3680063,93502,19112733
1790115950330831113,12656971,8855542,3737,3680675,93502,19112733
1790115950445523321,12657702,8855674,3737,3681274,93504,19112733
1790115950563567643,12658457,8855751,3737,3681949,93504,19112733
1790115950681237782,12659202,8855919,3737,3682528,93506,19112733
1790115950799441524,12659957,8856047,3737,3683151,93506,19112733
1790115950915209672,12660692,8856080,3737,3683858,93506,19112733
1790115951033121589,12661445,8856192,3737,3684494,93507,19112733
1790115951148340065,12662182,8856407,3737,3685009,93508,19112733
1790115951266269329,12662934,8856582,3737,3685584,93509,19112733
1790115951384329100,12663687,8856665,3737,3686252,93509,19112733
1790115951501594834,12664439,8856849,3737,3686814,93509,19112733
1790115951619389516,12665185,8856956,3737,3687455,93510,19112733
1790115951737518789,12665942,8857038,3737,3688125,93511,19112733
1790115951852090434,12666674,8857119,3737,3688774,93511,19112733
1790115951969387517,12667428,8857216,3737,3689421,93511,19112733
1790115952087395528,12668186,8857390,3737,3689998,93511,19112733
1790115952204964681,12668937,8857497,3737,3690638,93512,19112733
1790115952322140178,12669688,8857595,3737,3691288,93512,19112733
1790115952440192955,12670452,8857721,3737,3691910,93513,19112733
1790115952558178486,12671212,8857890,3737,3692491,93514,19112733
1790115952672546659,12671946,8857944,3737,3693165,93514,19112733
1790115952787851294,12672679,8858040,3737,3693799,93515,19112733
1790115952905986785,12673435,8858174,3737,3694421,93515,19112733
1790115953023894658,12674189,8858305,3737,3695033,93517,19112733
1790115953142459705,12674952,8858428,3737,3695670,93517,19112733
1790115953261114974,12675706,8858582,3737,3696269,93518,19112733
1790115953378872217,12676457,8858676,3737,3696918,93519,19112733
1790115953497038302,12677216,8858767,3737,3697585,93519,19112733
1790115953612288366,12677953,8858875,3737,3698206,93521,19112733
1790115953730868578,12678711,8858962,3737,3698871,93521,19112733
1790115953847073199,12679456,8859036,3737,3699543,93521,19112733
1790115953962271313,12680200,8859122,3737,3700187,93522,19112733
1790115954080389800,12680963,8859252,3737,3700808,93522,19112733
1790115954195837965,12681699,8859274,3737,3701520,93522,19112733
1790115954310519380,12682429,8859382,3737,3702141,93523,19112733
1790115954428649582,12683183,8859554,3737,3702720,93523,19112733
1790115954543909035,12683919,8859610,3737,3703398,93523,19112733
1790115954659945743,12684664,8859706,3737,3704039,93524,19112733
1790115954777441986,12685424,8859841,3737,3704654,93524,19112733
1790115954892406818,12686159,8859877,3737,3705348,93524,19112733
1790115955010036404,12686907,8860006,3737,3705968,93525,19112733
1790115955128442818,12687663,8860104,3737,3706620,93525,19112733
1790115955243524534,12688403,8860151,3737,3707307,93525,19112733
1790115955359895342,12689152,8860245,3737,3707949,93525,19112733
1790115955478079396,12689905,8860323,3737,3708629,93526,19112733
1790115955592936053,12690648,8860383,3737,3709293,93526,19112733
1790115955711402665,12691403,8860512,3737,3709921,93527,19112733
1790115955829579683,12692159,8860609,3737,3710576,93527,19112733
1790115955944266471,12692888,8860707,3737,3711207,93529,19112733
1790115956062387704,12693649,8860775,3737,3711891,93529,19112733
1790115956180532469,12694404,8860858,3737,3712559,93530,19112733
1790115956295147623,12695130,8860942,3737,3713204,93532,19112733
1790115956413200878,12695886,8861069,3737,3713828,93532,19112733
1790115956529011410,12696629,8861102,3737,3714535,93532,19112733
1790115956643919406,12697345,8861260,3737,3715102,93535,19112733
1790115956759763850,12698078,8861448,3737,3715386,93791,19112733
1790115956875952025,12698798,8861636,3737,3715644,94078,19112733
1790115956991327168,12699540,8861898,3737,3716089,94093,19112733
1790115957107261915,12700271,8862172,3737,3716527,94108,19112733
1790115957224432935,12701022,8862450,3737,3716962,94127,19112733
1790115957341432821,12701742,8862702,3737,3717432,94138,19112733
1790115957457948733,12702497,8862932,3737,3717922,94145,19112733
1790115957574555675,12703237,8863187,3737,3718380,94162,19112733
1790115957691761330,12703966,8863459,3737,3718828,94177,19112733
1790115957808316091,12704697,8863728,3737,3719277,94189,19112733
1790115957925512180,12705431,8863986,3737,3719732,94208,19112733
1790115958042447611,12706181,8864258,3737,3720179,94224,19112733
1790115958160376434,12706924,8864552,3737,3720610,94237,19112733
1790115958277241476,12707642,8864823,3737,3721055,94250,19112733
1790115958392891884,12708371,8865082,3737,3721509,94263,19112733
1790115958508402753,12709095,8865349,3737,3721949,94277,19112733
1790115958624267353,12709822,8865605,3737,3722400,94293,19112733
1790115958742783161,12710576,8865842,3737,3722898,94302,19112733
1790115958859906886,12711316,8866117,3737,3723344,94314,19112733
1790115958974705233,12712041,8866374,3737,3723796,94327,19112733
1790115959091000179,12712764,8866663,3737,3724214,94345,19112733
1790115959206762552,12713484,8866962,3737,3724625,94358,19112733
1790115959323380573,12714223,8867229,3737,3725076,94370,19112733
1790115959438631502,12714940,8867455,3737,3725569,94379,19112733
1790115959555877914,12715690,8867687,3737,3725977,94472,19112733
1790115959672138840,12716427,8867943,3737,3726421,94497,19112733
1790115959788085588,12717152,8868224,3737,3726852,94510,19112733
1790115959908047833,12717890,8868497,3737,3727316,94523,19112733
1790115960024694521,12718620,8868746,3737,3727782,94538,19112733
1790115960141295958,12719349,8868980,3737,3728269,94549,19112733
1790115960258215487,12720076,8869257,3737,3728711,94564,19112733
1790115960375243272,12720788,8869519,3737,3729164,94578,19112733
1790115960492162383,12721549,8869815,3737,3729593,94586,19112733
1790115960608076116,12722287,8870082,3737,3730038,94598,19112733
1790115960724681816,12723022,8870332,3737,3730502,94616,19112733
1790115960839874727,12723736,8870556,3737,3730993,94626,19112733
1790115960956843204,12724469,8870794,3737,3731470,94640,19112733
1790115961071455778,12725183,8871037,3737,3731931,94656,19112733
1790115961185862733,12725875,8871299,3737,3732369,94668,19112733
1790115961303318400,12726618,8871570,3737,3732818,94682,19112733
1790115961420611783,12727360,8871834,3737,3733274,94695,19112733
1790115961540003320,12728116,8872054,3737,3733789,94708,19112733
1790115961654920218,12728845,8872315,3737,3734233,94725,19112733
1790115961769628649,12729565,8872596,3737,3734657,94738,19112733
1790115961884672084,12730288,8872861,3737,3735096,94755,19112733
1790115962001002324,12731012,8873136,3737,3735528,94773,19112733
1790115962119020251,12731753,8873384,3737,3736008,94785,19112733
1790115962236928012,12732498,8873656,3737,3736467,94797,19112733
1790115962352958503,12733220,8873959,3737,3736873,94812,19112733
1790115962470997421,12733955,8874219,3737,3737333,94830,19112733
1790115962586399355,12734699,8874473,3737,3737788,94844,19112733
1790115962702412092,12735422,8874734,3737,3738235,94857,19112733
1790115962820381245,12736174,8874973,3737,3738719,94874,19112733
1790115962938547205,12736913,8875235,3737,3739109,94964,19112733
1790115963054532438,12737635,8875491,3737,3739559,94984,19112733
1790115963170907796,12738375,8875748,3737,3740016,94997,19112733
1790115963287833194,12739095,8876018,3737,3740463,95010,19112733
1790115963403574673,12739823,8876297,3737,3740895,95025,19112733
1790115963521946551,12740561,8876524,3737,3741399,95035,19112733
1790115963639949076,12741299,8876795,3737,3741857,95048,19112733
1790115963756460174,12742036,8877066,3737,3742299,95061,19112733
1790115963873561177,12742758,8877333,3737,3742753,95072,19112733
1790115963990445646,12743490,8877608,3737,3743194,95088,19112733
1790115964106595775,12744224,8877852,3737,3743660,95103,19112733
1790115964225583515,12744945,8878110,3737,3744138,95114,19112733
1790115964343679410,12745692,8878368,3737,3744603,95131,19112733
1790115964459402426,12746424,8878628,3737,3745050,95147,19112733
1790115964575704297,12747155,8878889,3737,3745503,95159,19112733
1790115964690434722,12747878,8879144,3737,3745956,95171,19112733
1790115964807391447,12748603,8879415,3737,3746402,95184,19112733
1790115964925931088,12749361,8879667,3737,3746881,95195,19112733
1790115965042428602,12750090,8879926,3737,3747337,95209,19112733
1790115965158168070,12750818,8880193,3737,3747781,95222,19112733
1790115965272816726,12751525,8880468,3737,3748204,95240,19112733
1790115965390199823,12752252,8880729,3737,3748662,95255,19112733
1790115965504908705,12752996,8880960,3737,3749145,95262,19112733
1790115965621885251,12753734,8881226,3737,3749600,95276,19112733
1790115965742627047,12754498,8881466,3737,3750024,95364,19112733
1790115965857672603,12755214,8881740,3737,3750454,95380,19112733
1790115965973651952,12755958,8882000,3737,3750909,95391,19112733
1790115966090148653,12756678,8882260,3737,3751367,95401,19112733
1790115966205723421,12757402,8882501,3737,3751840,95412,19112733
1790115966323614390,12758150,8882757,3737,3752306,95426,19112733
1790115966439355904,12758878,8883006,3737,3752771,95440,19112733
1790115966555814736,12759593,8883280,3737,3753213,95452,19112733
1790115966671095598,12760329,8883544,3737,3753652,95467,19112733
1790115966787382606,12761064,8883781,3737,3754132,95481,19112733
1790115966902983098,12761799,8884025,3737,3754599,95493,19112733
1790115967019199189,12762526,8884322,3737,3755016,95506,19112733
1790115967134633088,12763249,8884591,3737,3755459,95519,19112733
1790115967250258376,12763966,8884850,3737,3755909,95533,19112733
1790115967367301914,12764690,8885102,3737,3756367,95550,19112733
1790115967483843631,12765436,8885345,3737,3756843,95560,19112733
1790115967602139329,12766183,8885581,3737,3757341,95571,19112733
1790115967720124772,12766903,8885834,3737,3757814,95582,19112733
1790115967835628372,12767625,8886081,3737,3758278,95595,19112733
1790115967951951889,12768356,8886324,3737,3758745,95610,19112733
1790115968066817534,12769058,8886567,3737,3759209,95624,19112733
1790115968182634085,12769779,8886801,3737,3759683,95637,19112733
1790115968301432095,12770519,8887057,3737,3760157,95650,19112733
1790115968418473193,12771250,8887320,3737,3760614,95663,19112733
1790115968534201313,12771986,8887590,3737,3761056,95674,19112733
1790115968650559130,12772711,8887849,3737,3761507,95692,19112733
1790115968766827342,12773447,8888115,3737,3761957,95703,19112733
1790115968883868063,12774202,8888378,3737,3762421,95711,19112733
1790115968999968564,12774938,8888653,3737,3762860,95724,19112733
1790115969117078686,12775651,8888926,3737,3763311,95736,19112733
1790115969233208010,12776379,8889189,3737,3763764,95747,19112733
1790115969349296048,12777084,8889469,3737,3764192,95762,19112733
1790115969465855908,12777807,8889717,3737,3764657,95776,19112733
1790115969583978576,12778538,8889952,3737,3765152,95790,19112733
1790115969701610133,12779287,8890181,3737,3765573,95877,19112733
1790115969816628059,12780010,8890443,3737,3766013,95892,19112733
1790115969932675695,12780747,8890714,3737,3766458,95902,19112733
1790115970048835606,12781477,8890988,3737,3766902,95914,19112733
1790115970164206113,12782205,8891264,3737,3767338,95924,19112733
1790115970282298674,12782948,8891507,3737,3767827,95932,19112733
1790115970400709128,12783691,8891812,3737,3768255,95943,19112733
1790115970516723013,12784419,8892057,3737,3768719,95954,19112733
1790115970632865020,12785147,8892319,3737,3769168,95970,19112733
1790115970749026030,12785879,8892567,3737,3769631,95984,19112733
1790115970865452224,12786641,8892813,3737,3770100,95998,19112733
1790115970982079006,12787372,8893053,3737,3770584,96007,19112733
1790115971097641244,12788101,8893331,3737,3771012,96024,19112733
1790115971212563927,12788839,8893586,3737,3771461,96038,19112733
1790115971328262513,12789570,8893855,3737,3771902,96054,19112733
1790115971444910162,12790293,8894133,3737,3772342,96065,19112733
1790115971561136755,12791021,8894402,3737,3772797,96075,19112733
1790115971680785800,12791764,8894650,3737,3773280,96087,19112733
1790115971796269766,12792496,8894913,3737,3773732,96101,19112733
1790115971911939881,12793226,8895184,3737,3774161,96119,19112733
1790115972028634315,12793972,8895461,3737,3774603,96131,19112733
1790115972145383565,12794715,8895714,3737,3775064,96146,19112733
1790115972261114393,12795444,8895945,3737,3775547,96158,19112733
1790115972376619439,12796182,8896183,3737,3776022,96168,19112733
1790115972493081014,12796902,8896440,3737,3776475,96183,19112733
1790115972609745327,12797624,8896721,3737,3776909,96197,19112733
1790115972725776316,12798366,8896997,3737,3777351,96208,19112733
1790115972842000838,12799087,8897238,3737,3777820,96225,19112733
1790115972957178438,12799789,8897460,3737,3778305,96236,19112733
1790115973073267631,12800523,8897695,3737,3778706,96327,19112733
1790115973188550224,12801262,8897974,3737,3779136,96338,19112733
1790115973305997385,12801999,8898243,3737,3779586,96355,19112733
1790115973423582902,12802734,8898487,3737,3780061,96371,19112733
1790115973540261576,12803449,8898734,3737,3780525,96390,19112733
1790115973655455279,12804177,8898982,3737,3780992,96400,19112733
1790115973772046830,12804905,8899245,3737,3781440,96414,19112733
1790115973888026225,12805623,8899501,3737,3781892,96430,19112733
1790115974003407532,12806339,8899756,3737,3782341,96447,19112733
1790115974118923099,12807072,8900004,3737,3782800,96464,19112733
1790115974234733872,12807807,8900267,3737,3783250,96479,19112733
1790115974353365126,12808565,8900546,3737,3783704,96490,19112733
1790115974468096846,12809284,8900807,3737,3784147,96503,19112733
1790115974584363126,12810019,8901064,3737,3784607,96514,19112733
1790115974700449338,12810734,8901326,3737,3785055,96528,19112733
1790115974816215829,12811466,8901576,3737,3785516,96541,19112733
1790115974933021302,12812188,8901826,3737,3785991,96554,19112733
1790115975049623221,12812909,8902085,3737,3786446,96567,19112733
1790115975166470109,12813665,8902373,3737,3786872,96585,19112733
1790115975284313696,12814397,8902630,3737,3787335,96598,19112733
1790115975400418017,12815126,8902922,3737,3787761,96608,19112733
1790115975516722917,12815855,8903223,3737,3788178,96622,19112733
1790115975635467063,12816593,8903450,3737,3788683,96633,19112733
1790115975752269333,12817322,8903713,3737,3789133,96650,19112733
1790115975868428091,12818062,8903985,3737,3789572,96667,19112733
1790115975985906280,12818822,8904252,3737,3790020,96684,19112733
1790115976102237257,12819536,8904508,3737,3790481,96695,19112733
1790115976218046040,12820248,8904748,3737,3790959,96707,19112733
1790115976334835911,12820988,8905002,3737,3791425,96717,19112733
1790115976451793877,12821744,8905232,3737,3791831,96811,19112733
1790115976567760615,12822459,8905479,3737,3792298,96823,19112733
1790115976683710729,12823193,8905727,3737,3792764,96834,19112733
1790115976801594175,12823936,8906007,3737,3793207,96850,19112733
1790115976917637674,12824665,8906269,3737,3793657,96867,19112733
1790115977033636617,12825403,8906494,3737,3794139,96884,19112733
1790115977148959264,12826123,8906780,3737,3794566,96895,19112733
1790115977263206731,12826844,8907060,3737,3794985,96910,19112733
1790115977380370308,12827585,8907312,3737,3795457,96921,19112733
1790115977497616556,12828338,8907555,3737,3795930,96935,19112733
1790115977613876066,12829064,8907787,3737,3796418,96946,19112733
1790115977731541614,12829797,8908044,3737,3796881,96962,19112733
1790115977847142817,12830510,8908298,3737,3797341,96971,19112733
1790115977962895439,12831241,8908547,3737,3797794,96992,19112733
1790115978079268321,12831971,8908793,3737,3798262,97006,19112733
1790115978195158458,12832696,8909044,3737,3798721,97020,19112733
1790115978307884510,12833406,8909284,3737,3799180,97031,19112733
1790115978424309186,12834140,8909537,3737,3799637,97049,19112733
1790115978539113951,12834875,8909787,3737,3800091,97062,19112733
1790115978655043538,12835623,8910027,3737,3800557,97079,19112733
1790115978771447215,12836354,8910285,3737,3801018,97091,19112733
1790115978888388809,12837073,8910559,3737,3801459,97105,19112733
1790115979003128619,12837807,8910816,3737,3801914,97114,19112733
1790115979119286903,12838532,8911056,3737,3802381,97132,19112733
1790115979234618913,12839249,8911303,3737,3802845,97146,19112733
1790115979350658381,12839980,8911548,3737,3803309,97159,19112733
1790115979465708376,12840680,8911805,3737,3803759,97171,19112733
1790115979582859038,12841415,8912069,3737,3804213,97186,19112733
1790115979699997605,12842168,8912302,3737,3804702,97203,19112733
1790115979817972974,12842899,8912535,3737,3805126,97286,19112733
1790115979934228459,12843625,8912801,3737,3805573,97298,19112733
1790115980050094668,12844346,8913083,3737,3806005,97310,19112733
1790115980167646316,12845096,8913346,3737,3806464,97324,19112733
1790115980282792772,12845819,8913589,3737,3806930,97336,19112733
1790115980406901772,12846620,8913845,3737,3807433,97355,19112733
1790115980523601462,12847365,8914091,3737,3807901,97368,19112733
1790115980640207762,12848103,8914339,3737,3808375,97380,19112733
1790115980756202555,12848812,8914596,3737,3808825,97391,19112733
1790115980871782633,12849516,8914857,3737,3809275,97407,19112733
1790115980988088274,12850262,8915103,3737,3809741,97422,19112733
1790115981103364022,12850978,8915360,3737,3810192,97435,19112733
1790115981218584399,12851700,8915634,3737,3810623,97451,19112733
1790115981335099751,12852412,8915906,3737,3811066,97466,19112733
1790115981452021299,12853125,8916162,3737,3811527,97479,19112733
1790115981568568128,12853842,8916406,3737,3812000,97491,19112733
1790115981683277413,12854552,8916632,3737,3812479,97506,19112733
1790115981800369163,12855329,8916904,3737,3812927,97521,19112733
1790115981916676461,12856060,8917171,3737,3813375,97535,19112733
1790115982033812735,12856800,8917422,3737,3813840,97548,19112733
1790115982150416009,12857533,8917702,3737,3814276,97563,19112733
1790115982266422715,12858273,8917969,3737,3814725,97573,19112733
1790115982381191252,12858992,8918263,3737,3815143,97581,19112733
1790115982497312086,12859741,8918528,3737,3815589,97597,19112733
1790115982612536534,12860462,8918784,3737,3816042,97610,19112733
1790115982726634544,12861185,8919051,3737,3816475,97622,19112733
1790115982842374962,12861919,8919331,3737,3816908,97636,19112733
1790115982959084161,12862638,8919598,3737,3817357,97653,19112733
1790115983077029483,12863378,8919847,3737,3817833,97664,19112733
1790115983194448805,12864128,8920102,3737,3818232,97750,19112733
1790115983312572648,12864868,8920355,3737,3818699,97764,19112733
1790115983428383050,12865598,8920605,3737,3819163,97775,19112733
1790115983545317811,12866312,8920877,3737,3819608,97788,19112733
1790115983661625802,12867039,8921104,3737,3820103,97800,19112733
1790115983781437369,12867790,8921352,3737,3820589,97813,19112733
1790115983897282888,12868513,8921603,3737,3821046,97829,19112733
1790115984013315442,12869246,8921864,3737,3821496,97844,19112733
1790115984130107508,12869985,8922138,3737,3821937,97860,19112733
1790115984246029696,12870703,8922396,3737,3822398,97869,19112733
1790115984362838340,12871437,8922612,3737,3822900,97880,19112733
1790115984479320338,12872143,8922891,3737,3823331,97898,19112733
1790115984594665266,12872862,8923145,3737,3823789,97909,19112733
1790115984710554153,12873562,8923399,3737,3824247,97920,19112733
1790115984826238766,12874298,8923662,3737,3824696,97931,19112733
1790115984941998049,12875038,8923918,3737,3825152,97948,19112733
1790115985059927425,12875772,8924144,3737,3825650,97961,19112733
1790115985176051500,12876495,8924404,3737,3826107,97974,19112733
1790115985291670975,12877222,8924664,3737,3826557,97984,19112733
1790115985406623963,12877946,8924921,3737,3827003,98000,19112733
1790115985523158038,12878673,8925176,3737,3827464,98014,19112733
1790115985639772132,12879388,8925420,3737,3827936,98026,19112733
1790115985756566118,12880122,8925667,3737,3828412,98035,19112733
1790115985873105859,12880838,8925944,3737,3828845,98054,19112733
1790115985987697710,12881560,8926229,3737,3829260,98071,19112733
1790115986101886554,12882269,8926495,3737,3829697,98084,19112733
1790115986217538964,12882991,8926787,3737,3830114,98099,19112733
1790115986333085007,12883710,8927042,3737,3830570,98111,19112733
1790115986452902311,12884455,8927276,3737,3831077,98123,19112733
1790115986568450351,12885158,8927516,3737,3831478,98207,19112733
1790115986682641330,12885884,8927769,3737,3831918,98226,19112733
1790115986798084497,12886620,8928079,3737,3832320,98238,19112733
1790115986915120888,12887351,8928366,3737,3832752,98252,19112733
1790115987031409237,12888075,8928693,3737,3833140,98266,19112733
1790115987150365264,12888837,8928935,3737,3833632,98279,19112733
1790115987265531791,12889544,8929190,3737,3834085,98293,19112733
1790115987381687987,12890262,8929444,3737,3834533,98315,19112733
1790115987497598725,12890983,8929711,3737,3834980,98326,19112733
1790115987612689577,12891701,8929957,3737,3835442,98338,19112733
1790115987729129110,12892442,8930215,3737,3835904,98347,19112733
1790115987845815522,12893178,8930483,3737,3836346,98365,19112733
1790115987961684171,12893908,8930727,3737,3836807,98383,19112733
1790115988077098812,12894614,8930982,3737,3837261,98396,19112733
1790115988192864107,12895336,8931230,3737,3837721,98414,19112733
1790115988308754369,12896085,8931500,3737,3838160,98429,19112733
1790115988426203516,12896803,8931732,3737,3838646,98443,19112733
1790115988543132110,12897559,8932000,3737,3839093,98460,19112733
1790115988659545423,12898274,8932247,3737,3839558,98476,19112733
1790115988775614443,12899000,8932549,3737,3839971,98488,19112733
1790115988890355090,12899722,8932807,3737,3840419,98501,19112733
1790115989006476987,12900465,8933054,3737,3840886,98513,19112733
1790115989123875178,12901165,8933283,3737,3841384,98524,19112733
1790115989240183502,12901885,8933563,3737,3841824,98534,19112733
1790115989355262855,12902616,8933819,3737,3842269,98550,19112733
1790115989471130126,12903346,8934069,3737,3842729,98563,19112733
1790115989586664885,12904102,8934315,3737,3843187,98579,19112733
1790115989701626743,12904838,8934555,3737,3843658,98592,19112733
1790115989818090017,12905579,8935094,3737,3843839,98600,19136285
1790115989936153072,12906320,8935591,3737,3844085,98603,19148317
1790115990057529866,12907099,8935691,3737,3844750,98607,19148317
1790115990175403600,12907853,8935777,3737,3845416,98607,19148317
1790115990290575360,12908585,8935842,3737,3846082,98608,19148317
1790115990408993536,12909330,8935952,3737,3846722,98609,19148317
1790115990527272537,12910086,8936034,3737,3847398,98609,19148317
1790115990642226787,12910820,8936097,3737,3848066,98610,19148317
1790115990759928871,12911571,8936210,3737,3848698,98610,19148317
1790115990877946500,12912328,8936312,3737,3849347,98610,19148317
1790115990992414576,12913065,8936374,3737,3850016,98610,19148317
1790115991109774723,12913812,8936470,3737,3850665,98611,19148317
1790115991227951561,12914568,8936549,3737,3851338,98611,19148317
1790115991342930356,12915292,8936635,3737,3851981,98612,19148317
1790115991461045432,12916044,8936714,3737,3852660,98613,19148317
1790115991577670313,12916794,8936813,3737,3853299,98614,19148317
1790115991692451729,12917527,8936923,3737,3853920,98614,19148317
1790115991810549083,12918286,8937021,3737,3854573,98615,19148317
1790115991925063184,12919018,8937135,3737,3855191,98615,19148317
1790115992039774404,12919756,8937237,3737,3855813,98616,19148317
1790115992157904560,12920510,8937319,3737,3856482,98616,19148317
1790115992273836784,12921251,8937397,3737,3857144,98616,19148317
1790115992388571331,12921984,8937494,3737,3857777,98617,19148317
1790115992506644156,12922736,8937581,3737,3858444,98617,19148317
1790115992621640590,12923476,8937650,3737,3859107,98617,19148317
1790115992736215182,12924203,8937728,3737,3859759,98618,19148317
1790115992854436600,12924960,8937841,3737,3860398,98618,19148317
1790115992969222100,12925688,8937875,3737,3861097,98618,19148317
1790115993084020274,12926424,8937962,3737,3861740,98620,19148317
1790115993201967773,12927180,8938102,3737,3862350,98621,19148317
1790115993317816607,12927923,8938124,3737,3863063,98621,19148317
1790115993432273852,12928648,8938213,3737,3863703,98622,19148317
1790115993550521188,12929410,8938368,3737,3864299,98623,19148317
1790115993668479979,12930158,8938484,3737,3864933,98623,19148317
1790115993786591829,12930919,8938585,3737,3865584,98623,19148317
1790115993904648700,12931680,8938721,3737,3866198,98623,19148317
1790115994020886503,12932432,8938862,3737,3866798,98624,19148317
1790115994136169472,12933168,8938992,3737,3867403,98624,19148317
1790115994250871192,12933901,8939027,3737,3868095,98624,19148317
1790115994367190312,12934642,8939131,3737,3868733,98625,19148317
1790115994486566659,12935409,8939227,3737,3869395,98625,19148317
1790115994608565014,12936194,8939367,3737,3870031,98626,19148317
1790115994739364479,12937033,8939508,3737,3870723,98626,19148317
1790115994858591885,12937784,8939645,3737,3871341,98627,19148317
1790115994981064737,12938569,8939756,3737,3872012,98627,19148317
1790115995094381124,12939295,8939816,3737,3872675,98627,19148317
1790115995209315186,12940034,8939905,3737,3873315,98629,19148317
1790115995327682538,12940793,8940015,3737,3873958,98629,19148317
1790115995443944396,12941530,8940145,3737,3874565,98631,19148317
1790115995561845651,12942286,8940251,3737,3875193,98645,19148317
1790115995680180868,12943049,8940371,3737,3875802,98672,19148317
1790115995794727669,12943776,8940508,3737,3876362,98701,19148317
1790115995912897435,12944530,8940647,3737,3876944,98731,19148317
1790115996027731281,12945266,8940671,3737,3877654,98731,19148317
1790115996142219313,12945986,8940758,3737,3878258,98772,19148317
1790115996260664556,12946741,8940900,3737,3878861,98777,19148317
1790115996378877651,12947506,8941035,3737,3879476,98778,19148317
1790115996494859940,12948242,8941137,3737,3880113,98778,19148317
1790115996612877769,12948992,8941278,3737,3880722,98779,19148317
1790115996729101955,12949739,8941426,3737,3881316,98780,19148317
1790115996847181804,12950496,8941515,3737,3881978,98781,19148317
1790115996962322535,12951227,8941564,3737,3882662,98781,19148317
1790115997076563928,12951964,8941688,3737,3883263,98781,19148317
1790115997194748215,12952721,8941812,3737,3883890,98781,19148317
1790115997313325328,12953470,8941954,3737,3884502,98783,19148317
1790115997431630079,12954223,8942087,3737,3885120,98783,19148317
1790115997549606808,12954983,8942226,3737,3885732,98784,19148317
1790115997667149542,12955732,8942351,3737,3886358,98784,19148317
1790115997785189614,12956484,8942429,3737,3887031,98784,19148317
1790115997899879770,12957217,8942494,3737,3887692,98785,19148317
1790115998017990730,12957967,8942593,3737,3888343,98785,19148317
1790115998136211094,12958720,8942734,3737,3888957,98786,19148317
1790115998250369135,12959461,8942879,3737,3889536,98788,19148317
1790115998368584594,12960219,8942954,3737,3890213,98788,19148317
1790115998486764849,12960963,8943102,3737,3890812,98790,19148317
1790115998604814532,12961720,8943296,3737,3891368,98791,19148317
1790115998719672501,12962455,8943351,3737,3892046,98791,19148317
1790115998834135463,12963173,8943447,3737,3892681,98791,19148317
1790115998952595574,12963933,8943573,3737,3893306,98792,19148317
1790115999070817380,12964688,8943703,3737,3893926,98792,19148317
1790115999188696886,12965448,8943827,3737,3894554,98792,19148317
1790115999306824846,12966201,8943996,3737,3895135,98792,19148317
1790115999422820091,12966945,8944136,3737,3895732,98793,19148317
1790115999540946178,12967696,8944218,3737,3896401,98794,19148317
1790115999655896114,12968427,8944258,3737,3897096,98795,19148317
1790115999769927726,12969157,8944376,3737,3897701,98795,19148317
1790115999887982547,12969916,8944452,3737,3898375,98795,19148317
1790116000005906613,12970674,8944604,3737,3898971,98797,19148317
1790116000123962306,12971433,8944740,3737,3899587,98797,19148317
1790116000241933026,12972184,8944862,3737,3900218,98797,19148317
1790116000357132797,12972919,8944965,3737,3900850,98798,19148317
1790116000475378181,12973684,8945062,3737,3901506,98798,19148317
1790116000590253837,12974418,8945164,3737,3902133,98799,19148317
1790116000707576881,12975170,8945336,3737,3902706,98800,19148317
1790116000825785415,12975925,8945525,3737,3903270,98800,19148317
1790116000939401110,12976664,8945681,3737,3903836,98801,19148317
1790116001057688930,12977421,8945793,3737,3904474,98801,19148317
1790116001175748121,12978179,8945946,3737,3905072,98801,19148317
1790116001293773221,12978933,8946105,3737,3905663,98801,19148317
1790116001409625569,12979675,8946159,3737,3906349,98801,19148317
1790116001524533658,12980414,8946275,3737,3906963,98802,19148317
1790116001642566425,12981166,8946412,3737,3907576,98803,19148317
1790116001760594923,12981923,8946554,3737,3908184,98804,19148317
1790116001878682084,12982673,8946649,3737,3908840,98804,19148317
1790116001996711747,12983435,8946795,3737,3909444,98804,19148317
1790116002113014256,12984179,8946967,3737,3910013,98805,19148317
1790116002229929192,12984930,8947092,3737,3910630,98805,19148317
1790116002344357051,12985659,8947141,3737,3911313,98805,19148317
1790116002459477051,12986396,8947273,3737,3911914,98805,19148317
1790116002576835431,12987153,8947397,3737,3912534,98805,19148317
1790116002695009790,12987909,8947574,3737,3913113,98806,19148317
1790116002812963110,12988660,8947702,3737,3913736,98806,19148317
1790116002930775436,12989414,8947815,3737,3914366,98808,19148317
1790116003049310805,12990174,8947910,3737,3915028,98808,19148317
1790116003167450243,12990934,8947999,3737,3915689,98808,19148317
1790116003282034027,12991667,8948064,3737,3916354,98809,19148317
1790116003400114015,12992417,8948149,3737,3917019,98810,19148317
1790116003518328744,12993168,8948326,3737,3917593,98810,19148317
1790116003633701835,12993917,8948444,3737,3918209,98811,19148317
1790116003751992402,12994674,8948570,3737,3918835,98811,19148317
1790116003870154817,12995433,8948726,3737,3919431,98811,19148317
1790116003988100743,12996191,8948899,3737,3920009,98812,19148317
1790116004103582262,12996931,8948928,3737,3920715,98812,19148317
1790116004218582163,12997667,8949008,3737,3921364,98813,19148317
1790116004336521162,12998424,8949139,3737,3921984,98813,19148317
1790116004454214479,12999172,8949261,3737,3922611,98815,19148317
1790116004572892223,12999930,8949367,3737,3923257,98815,19148317
1790116004690995823,13000690,8949498,3737,3923877,98815,19148317
1790116004807243583,13001419,8949627,3737,3924492,98815,19148317
1790116004925540726,13002184,8949718,3737,3925152,98816,19148317
1790116005040323307,13002918,8949756,3737,3925846,98816,19148317
1790116005152393089,13003639,8949900,3737,3926413,98816,19148317
1790116005267057702,13004376,8950020,3737,3927025,98816,19148317
1790116005385021459,13005134,8950152,3737,3927642,98818,19148317
1790116005502938159,13005884,8950298,3737,3928244,98819,19148317
1790116005620394588,13006637,8950459,3737,3928828,98820,19148317
1790116005738413524,13007383,8950590,3737,3929449,98820,19148317
1790116005856588258,13008138,8950695,3737,3930096,98820,19148317
1790116005971186864,13008870,8950759,3737,3930763,98820,19148317
1790116006089470868,13009637,8950879,3737,3931394,98820,19148317
1790116006207728441,13010390,8951051,3737,3931973,98820,19148317
1790116006325907184,13011143,8951162,3737,3932612,98821,19148317
1790116006439657995,13011869,8951339,3737,3933159,98822,19148317
1790116006568758697,13012693,8951513,3737,3933804,98823,19148317
1790116006687035556,13013450,8951609,3737,3934464,98823,19148317
1790116006803010540,13014192,8951679,3737,3935135,98823,19148317
1790116006917828956,13014929,8951770,3737,3935768,98824,19148317
1790116007036071508,13015686,8951905,3737,3936388,98825,19148317
1790116007151633451,13016423,8952069,3737,3936956,98826,19148317
1790116007270561824,13017187,8952180,3737,3937602,98827,19148317
1790116007401555304,13018024,8952323,3737,3938292,98827,19148317
1790116007521215529,13018790,8952456,3737,3938922,98827,19148317
1790116007639388507,13019549,8952548,3737,3939581,98828,19148317
1790116007758539396,13020306,8952593,3737,3940297,98828,19148317
1790116007872651887,13021034,8952727,3737,3940886,98829,19148317
1790116007992566438,13021806,8952826,3737,3941550,98829,19148317
1790116008113685976,13022578,8952985,3737,3942160,98830,19148317
1790116008231787275,13023335,8953125,3737,3942770,98830,19148317
1790116008358433279,13024151,8953302,3737,3943400,98831,19148317
1790116008476554701,13024908,8953384,3737,3944069,98831,19148317
1790116008593924576,13025656,8953458,3737,3944741,98831,19148317
1790116008708417983,13026387,8953576,3737,3945354,98832,19148317
1790116008826554911,13027145,8953693,3737,3945988,98832,19148317
1790116008942854086,13027883,8953863,3737,3946555,98833,19148317
1790116009060021465,13028626,8953970,3737,3947199,98833,19148317
1790116009178071417,13029372,8954058,3737,3947863,98833,19148317
1790116009295926496,13030132,8954199,3737,3948465,98834,19148317
1790116009413762139,13030887,8954330,3737,3949085,98835,19148317
1790116009528775310,13031624,8954351,3737,3949797,98835,19148317
1790116009646763391,13032379,8954446,3737,3950451,98836,19148317
1790116009764683274,13033135,8954574,3737,3951073,98837,19148317
1790116009882409441,13033892,8954741,3737,3951656,98837,19148317
1790116010000547598,13034645,8954849,3737,3952299,98837,19148317
1790116010118563587,13035397,8955038,3737,3952862,98837,19148317
1790116010234679491,13036131,8955162,3737,3953474,98838,19148317
1790116010352709734,13036890,8955240,3737,3954147,98839,19148317
1790116010467158341,13037616,8955289,3737,3954829,98840,19148317
1790116010583016051,13038347,8955419,3737,3955436,98840,19148317
1790116010701095716,13039102,8955508,3737,3956099,98840,19148317
1790116010819051003,13039859,8955644,3737,3956712,98841,19148317
1790116010937056694,13040617,8955777,3737,3957330,98842,19148317
1790116011055007414,13041362,8955918,3737,3957933,98842,19148317
1790116011173047963,13042116,8955991,3737,3958618,98842,19148317
1790116011289281228,13042856,8956080,3737,3959267,98842,19148317
1790116011404064926,13043579,8956165,3737,3959913,98843,19148317
1790116011522094919,13044332,8956265,3737,3960562,98843,19148317
1790116011636742808,13045070,8956347,3737,3961210,98843,19148317
1790116011751813163,13045813,8956432,3737,3961853,98844,19148317
1790116011870131859,13046571,8956542,3737,3962499,98845,19148317
1790116011983713898,13047300,8956586,3737,3963177,98845,19148317
1790116012098231813,13048038,8956664,3737,3963831,98845,19148317
1790116012216312142,13048800,8956788,3737,3964459,98845,19148317
1790116012331845128,13049540,8956820,3737,3965160,98845,19148317
1790116012446565138,13050274,8956898,3737,3965810,98847,19148317
1790116012564720427,13051030,8957058,3737,3966408,98847,19148317
1790116012680554118,13051772,8957086,3737,3967113,98847,19148317
1790116012795254265,13052504,8957174,3737,3967753,98848,19148317
1790116012913711104,13053266,8957336,3737,3968347,98849,19148317
1790116013029198130,13054002,8957378,3737,3969040,98849,19148317
1790116013143299834,13054729,8957507,3737,3969632,98850,19148317
1790116013261422853,13055491,8957661,3737,3970230,98851,19148317
1790116013375820046,13056219,8957726,3737,3970892,98851,19148317
1790116013490865332,13056962,8957817,3737,3971531,98852,19148317
1790116013608734821,13057717,8957982,3737,3972119,98853,19148317
1790116013724468902,13058461,8958012,3737,3972827,98853,19148317
1790116013839264990,13059199,8958093,3737,3973476,98853,19148317
1790116013957320050,13059953,8958234,3737,3974087,98853,19148317
1790116014073159366,13060694,8958256,3737,3974805,98853,19148317
1790116014187963762,13061423,8958333,3737,3975450,98856,19148317
1790116014306193319,13062181,8958461,3737,3976080,98856,19148317
1790116014421539170,13062922,8958482,3737,3976792,98856,19148317
1790116014536452637,13063641,8958634,3737,3977366,98858,19148317
1790116014654760734,13064362,8958906,3737,3977821,98872,19148317
1790116014771211400,13065083,8959073,3737,3978077,99183,19148317
1790116014890697719,13065836,8959311,3737,3978450,99321,19148317
1790116015005875646,13066556,8959567,3737,3978897,99340,19148317
1790116015121389169,13067289,8959831,3737,3979343,99350,19148317
1790116015236435762,13068008,8960077,3737,3979800,99368,19148317
1790116015353653428,13068728,8960327,3737,3980272,99380,19148317
1790116015470406255,13069461,8960607,3737,3980707,99397,19148317
1790116015586128090,13070180,8960872,3737,3981152,99412,19148317
1790116015701983497,13070893,8961135,3737,3981597,99427,19148317
1790116015817643088,13071617,8961408,3737,3982033,99441,19148317
1790116015932985701,13072368,8961645,3737,3982510,99452,19148317
1790116016051040565,13073118,8961917,3737,3982963,99464,19148317
1790116016167586864,13073859,8962187,3737,3983363,99524,19148317
1790116016284193102,13074583,8962449,3737,3983794,99561,19148317
1790116016400730028,13075317,8962713,3737,3984245,99576,19148317
1790116016516675002,13076045,8962976,3737,3984697,99588,19148317
1790116016632454789,13076785,8963236,3737,3985146,99609,19148317
1790116016753415802,13077547,8963487,3737,3985636,99621,19148317
1790116016867287029,13078262,8963767,3737,3986060,99632,19148317
1790116016983627955,13078992,8964032,3737,3986505,99646,19148317
1790116017100050131,13079719,8964292,3737,3986965,99657,19148317
1790116017216915899,13080454,8964543,3737,3987431,99671,19148317
1790116017332805334,13081200,8964764,3737,3987923,99683,19148317
1790116017451621506,13081968,8965023,3737,3988398,99694,19148317
1790116017566699663,13082692,8965275,3737,3988853,99707,19148317
1790116017682380552,13083422,8965550,3737,3989286,99719,19148317
1790116017798760614,13084151,8965795,3737,3989752,99736,19148317
1790116017915400465,13084897,8966056,3737,3990209,99748,19148317
1790116018029264018,13085615,8966284,3737,3990686,99764,19148317
1790116018145897759,13086344,8966549,3737,3991129,99782,19148317
1790116018261823926,13087067,8966806,3737,3991580,99799,19148317
1790116018377754322,13087796,8967061,3737,3992037,99809,19148317
1790116018494004141,13088531,8967329,3737,3992478,99828,19148317
1790116018611868635,13089269,8967584,3737,3992948,99839,19148317
1790116018729610749,13090026,8967813,3737,3993444,99851,19148317
1790116018848223634,13090767,8968113,3737,3993873,99864,19148317
1790116018964954612,13091505,8968393,3737,3994308,99881,19148317
1790116019082174890,13092241,8968683,3737,3994738,99893,19148317
1790116019197096428,13092949,8968952,3737,3995175,99905,19148317
1790116019313758099,13093671,8969216,3737,3995629,99921,19148317
1790116019427614219,13094404,8969440,3737,3996111,99931,19148317
1790116019543794304,13095118,8969715,3737,3996544,99945,19148317
1790116019662566505,13095865,8969968,3737,3996952,100032,19148317
1790116019778311688,13096595,8970236,3737,3997396,100043,19148317
1790116019894820550,13097334,8970514,3737,3997831,100057,19148317
1790116020009633746,13098056,8970775,3737,3998277,100073,19148317
1790116020125577879,13098786,8971000,3737,3998770,100081,19148317
1790116020243815584,13099544,8971267,3737,3999224,100099,19148317
1790116020358679625,13100250,8971550,3737,3999649,100112,19148317
1790116020475312583,13100984,8971816,3737,4000095,100128,19148317
1790116020593171391,13101743,8972066,3737,4000568,100143,19148317
1790116020709212952,13102478,8972318,3737,4001033,100152,19148317
1790116020826636961,13103219,8972567,3737,4001506,100168,19148317
1790116020941956971,13103941,8972824,3737,4001952,100184,19148317
1790116021058975167,13104666,8973109,3737,4002388,100194,19148317
1790116021175543687,13105383,8973364,3737,4002853,100205,19148317
1790116021290398696,13106081,8973611,3737,4003310,100218,19148317
1790116021405197864,13106812,8973864,3737,4003767,100229,19148317
1790116021522323250,13107547,8974128,3737,4004224,100241,19148317
1790116021636912524,13108281,8974400,3737,4004657,100254,19148317
1790116021755261065,13109026,8974661,3737,4005121,100269,19148317
1790116021870654893,13109747,8974913,3737,4005578,100285,19148317
1790116021985997359,13110477,8975176,3737,4006022,100298,19148317
1790116022103207541,13111203,8975413,3737,4006507,100309,19148317
1790116022220884284,13111944,8975673,3737,4006969,100326,19148317
1790116022336331345,13112687,8975961,3737,4007388,100340,19148317
1790116022452130226,13113416,8976214,3737,4007841,100358,19148317
1790116022566558779,13114148,8976485,3737,4008270,100373,19148317
1790116022684021329,13114881,8976730,3737,4008745,100391,19148317
1790116022799005393,13115611,8976955,3737,4009234,100400,19148317
1790116022916322990,13116356,8977247,3737,4009658,100416,19148317
1790116023031105997,13117081,8977472,3737,4010060,100509,19148317
1790116023147151721,13117796,8977730,3737,4010511,100525,19148317
1790116023262964978,13118531,8978003,3737,4010948,100541,19148317
1790116023379422732,13119259,8978259,3737,4011410,100551,19148317
1790116023495704674,13119989,8978489,3737,4011902,100562,19148317
1790116023614452981,13120759,8978751,3737,4012362,100580,19148317
1790116023730551198,13121498,8979007,3737,4012817,100596,19148317
1790116023846132363,13122232,8979270,3737,4013266,100607,19148317
1790116023961847303,13122980,8979544,3737,4013698,100625,19148317
1790116024076570838,13123682,8979812,3737,4014137,100636,19148317
1790116024190894324,13124428,8980071,3737,4014594,100643,19148317
1790116024306790908,13125165,8980333,3737,4015041,100655,19148317
1790116024421536935,13125888,8980606,3737,4015472,100668,19148317
1790116024537901779,13126620,8980871,3737,4015921,100683,19148317
1790116024654184538,13127359,8981130,3737,4016378,100695,19148317
1790116024769455492,13128070,8981369,3737,4016849,100705,19148317
1790116024886515216,13128802,8981622,3737,4017313,100721,19148317
1790116025003883923,13129547,8981894,3737,4017761,100736,19148317
1790116025121436116,13130278,8982170,3737,4018207,100750,19148317
1790116025237751533,13131005,8982420,3737,4018670,100762,19148317
1790116025354660953,13131756,8982666,3737,4019134,100782,19148317
1790116025471155267,13132483,8982904,3737,4019617,100792,19148317
1790116025587376327,13133186,8983161,3737,4020075,100807,19148317
1790116025702332881,13133905,8983417,3737,4020526,100819,19148317
1790116025817566542,13134627,8983695,3737,4020954,100829,19148317
1790116025933031796,13135357,8983952,3737,4021407,100845,19148317
1790116026050013121,13136076,8984207,3737,4021875,100854,19148317
1790116026165667567,13136802,8984437,3737,4022353,100868,19148317
1790116026283676858,13137536,8984705,3737,4022814,100881,19148317
1790116026399323924,13138280,8984956,3737,4023180,100985,19148317
1790116026515271164,13139002,8985237,3737,4023614,100996,19148317
1790116026631387415,13139747,8985529,3737,4024034,101012,19148317
1790116026748673446,13140474,8985805,3737,4024486,101022,19148317
1790116026864962300,13141213,8986042,3737,4024965,101033,19148317
1790116026979741750,13141956,8986303,3737,4025405,101050,19148317
1790116027094274399,13142698,8986560,3737,4025853,101063,19148317
1790116027210797319,13143422,8986847,3737,4026283,101075,19148317
1790116027325519058,13144148,8987129,3737,4026705,101088,19148317
1790116027443292376,13144911,8987383,3737,4027176,101100,19148317
1790116027562630824,13145674,8987633,3737,4027660,101114,19148317
1790116027679129747,13146411,8987907,3737,4028100,101130,19148317
1790116027794250353,13147128,8988175,3737,4028536,101147,19148317
1790116027909632465,13147866,8988438,3737,4028980,101160,19148317
1790116028023608620,13148588,8988694,3737,4029421,101177,19148317
1790116028141153228,13149326,8988930,3737,4029911,101187,19148317
1790116028259798766,13150072,8989180,3737,4030393,101198,19148317
1790116028375204199,13150792,8989436,3737,4030843,101213,19148317
1790116028490571142,13151513,8989702,3737,4031284,101226,19148317
1790116028606529476,13152235,8989986,3737,4031710,101242,19148317
1790116028722525826,13152939,8990237,3737,4032173,101254,19148317
1790116028839081210,13153666,8990464,3737,4032668,101263,19148317
1790116028953778385,13154380,8990726,3737,4033114,101275,19148317
1790116029070155375,13155082,8990998,3737,4033556,101288,19148317
1790116029186608763,13155809,8991256,3737,4034014,101300,19148317
1790116029302238352,13156531,8991517,3737,4034459,101317,19148317
1790116029419074407,13157267,8991801,3737,4034895,101329,19148317
1790116029535897365,13157995,8992036,3737,4035382,101340,19148317
1790116029652973916,13158727,8992307,3737,4035831,101353,19148317
1790116029767337550,13159458,8992545,3737,4036228,101438,19148317
1790116029884474731,13160185,8992821,3737,4036666,101455,19148317
1790116029999418868,13160905,8993080,3737,4037109,101467,19148317
1790116030114980873,13161639,8993318,3737,4037583,101478,19148317
1790116030231884422,13162391,8993563,3737,4038063,101487,19148317
1790116030346664398,13163099,8993810,3737,4038518,101502,19148317
1790116030463793373,13163824,8994113,3737,4038937,101515,19148317
1790116030578791223,13164538,8994366,3737,4039390,101529,19148317
1790116030694376059,13165263,8994626,3737,4039837,101542,19148317
1790116030810788936,13165984,8994893,3737,4040286,101555,19148317
1790116030927936873,13166740,8995113,3737,4040794,101563,19148317
1790116031043885701,13167476,8995357,3737,4041257,101577,19148317
1790116031160050685,13168192,8995604,3737,4041719,101596,19148317
1790116031275822070,13168922,8995856,3737,4042175,101609,19148317
1790116031391317004,13169646,8996106,3737,4042629,101628,19148317
1790116031506314775,13170361,8996336,3737,4043113,101643,19148317
1790116031622320275,13171065,8996580,3737,4043572,101661,19148317
1790116031737351824,13171792,8996849,3737,4044006,101676,19148317
1790116031853371375,13172516,8997108,3737,4044455,101693,19148317
1790116031968410239,13173251,8997379,3737,4044892,101706,19148317
1790116032084985710,13173984,8997631,3737,4045354,101721,19148317
1790116032200878130,13174722,8997871,3737,4045831,101731,19148317
1790116032317366364,13175462,8998146,3737,4046278,101743,19148317
1790116032433059291,13176171,8998412,3737,4046720,101755,19148317
1790116032548886966,13176907,8998683,3737,4047164,101768,19148317
1790116032665527650,13177640,8998936,3737,4047621,101783,19148317
1790116032781195416,13178359,8999202,3737,4048069,101797,19148317
1790116032898721846,13179088,8999433,3737,4048560,101808,19148317
1790116033016647232,13179859,8999702,3737,4049017,101825,19148317
1790116033132163006,13180575,8999946,3737,4049404,101914,19148317
1790116033247643356,13181294,9000233,3737,4049828,101927,19148317
1790116033364135725,13182031,9000512,3737,4050262,101942,19148317
1790116033480131579,13182782,9000771,3737,4050715,101956,19148317
1790116033597047920,13183541,9001007,3737,4051198,101969,19148317
1790116033713851087,13184269,9001258,3737,4051666,101982,19148317
1790116033829466148,13185014,9001523,3737,4052111,101999,19148317
1790116033945337813,13185736,9001792,3737,4052552,102010,19148317
1790116034061452185,13186464,9002055,3737,4052998,102026,19148317
1790116034178585806,13187187,9002313,3737,4053457,102042,19148317
1790116034296271638,13187932,9002566,3737,4053926,102058,19148317
1790116034413542858,13188657,9002824,3737,4054383,102076,19148317
1790116034530796914,13189417,9003095,3737,4054831,102091,19148317
1790116034648372009,13190159,9003352,3737,4055297,102105,19148317
1790116034764537884,13190898,9003614,3737,4055748,102118,19148317
1790116034882636909,13191656,9003857,3737,4056237,102127,19148317
1790116034999138023,13192383,9004128,3737,4056686,102136,19148317
1790116035115409176,13193117,9004386,3737,4057136,102153,19148317
1790116035231451292,13193847,9004644,3737,4057592,102168,19148317
1790116035347097700,13194562,9004898,3737,4058045,102180,19148317
1790116035464219484,13195271,9005147,3737,4058513,102196,19148317
1790116035579177636,13196042,9005366,3737,4059009,102204,19148317
1790116035694138978,13196754,9005648,3737,4059433,102216,19148317
1790116035808815767,13197477,9005879,3737,4059831,102311,19148317
1790116035923458456,13198209,9006136,3737,4060273,102326,19148317
1790116036039100088,13198952,9006393,3737,4060725,102339,19148317
1790116036155718000,13199697,9006645,3737,4061188,102356,19148317
1790116036274072687,13200427,9006886,3737,4061674,102370,19148317
1790116036391559507,13201165,9007139,3737,4062133,102392,19148317
1790116036507306360,13201882,9007402,3737,4062581,102405,19148317
1790116036623685666,13202602,9007680,3737,4063013,102423,19148317
1790116036740278126,13203341,9007941,3737,4063466,102438,19148317
1790116036857559376,13204097,9008209,3737,4063921,102451,19148317
1790116036975019059,13204847,9008435,3737,4064420,102461,19148317
1790116037091995114,13205589,9008696,3737,4064878,102472,19148317
1790116037207368733,13206297,9008938,3737,4065346,102485,19148317
1790116037322829554,13207002,9009187,3737,4065806,102498,19148317
1790116037439126600,13207743,9009449,3737,4066252,102516,19148317
1790116037555378646,13208468,9009698,3737,4066715,102531,19148317
1790116037674275259,13209209,9009944,3737,4067207,102540,19148317
1790116037790157041,13209901,9010201,3737,4067657,102554,19148317
1790116037905306295,13210650,9010464,3737,4068102,102565,19148317
1790116038021125168,13211376,9010716,3737,4068563,102576,19148317
1790116038136581874,13212097,9010976,3737,4069009,102593,19148317
1790116038250903444,13212841,9011243,3737,4069445,102606,19148317
1790116038365521293,13213582,9011513,3737,4069885,102614,19148317
1790116038481554242,13214318,9011780,3737,4070334,102625,19148317
1790116038596828918,13215039,9012044,3737,4070774,102643,19148317
1790116038712443755,13215773,9012310,3737,4071223,102655,19148317
1790116038828263326,13216497,9012566,3737,4071676,102667,19148317
1790116038946198084,13217239,9012795,3737,4072170,102683,19148317
1790116039061132685,13217963,9013054,3737,4072617,102701,19148317
1790116039177237551,13218688,9013297,3737,4073006,102795,19148317
1790116039291721735,13219422,9013553,3737,4073456,102804,19148317
1790116039408096323,13220149,9013823,3737,4073900,102818,19148317
1790116039525686050,13220885,9014112,3737,4074335,102827,19148317
1790116039642852038,13221614,9014349,3737,4074822,102839,19148317
1790116039761657504,13222356,9014622,3737,4075279,102853,19148317
1790116039877312466,13223075,9014917,3737,4075688,102872,19148317
1790116039994013657,13223812,9015181,3737,4076139,102888,19148317
1790116040111353722,13224552,9015433,3737,4076606,102901,19148317
1790116040228184791,13225291,9015707,3737,4077045,102919,19148317
1790116040346761234,13226054,9015969,3737,4077512,102934,19148317
1790116040462850997,13226778,9016260,3737,4077932,102950,19148317
1790116040578787519,13227502,9016513,3737,4078398,102960,19148317
1790116040696267903,13228224,9016778,3737,4078858,102970,19148317
1790116040811225127,13228933,9017030,3737,4079312,102980,19148317
1790116040926148781,13229623,9017267,3737,4079783,102993,19148317
1790116041039907426,13230338,9017517,3737,4080236,103005,19148317
1790116041157279426,13231052,9017762,3737,4080715,103016,19148317
1790116041273027822,13231783,9018026,3737,4081161,103028,19148317
1790116041389278541,13232520,9018293,3737,4081604,103043,19148317
1790116041506596953,13233242,9018596,3737,4082025,103053,19148317
1790116041622479500,13233979,9018827,3737,4082515,103060,19148317
1790116041735772360,13234678,9019086,3737,4082952,103073,19148317
1790116041851705437,13235410,9019346,3737,4083409,103086,19148317
1790116041966846603,13236107,9019604,3737,4083859,103098,19148317
1790116042083903398,13236852,9019903,3737,4084278,103109,19148317
1790116042199456068,13237563,9020168,3737,4084720,103124,19148317
1790116042317615991,13238300,9020398,3737,4085223,103133,19148317
1790116042435661343,13239030,9020681,3737,4085670,103141,19148317
1790116042552032222,13239739,9020935,3737,4086066,103221,19148317
1790116042666193153,13240453,9021201,3737,4086489,103244,19148317
1790116042782824550,13241171,9021462,3737,4086942,103261,19148317
1790116042899314205,13241911,9021718,3737,4087402,103278,19148317
1790116043017677470,13242657,9021961,3737,4087891,103286,19148317
1790116043136232853,13243368,9022222,3737,4088353,103301,19148317
1790116043252340738,13244085,9022479,3737,4088814,103311,19148317
1790116043368357762,13244790,9022744,3737,4089259,103325,19148317
1790116043484890843,13245538,9023002,3737,4089713,103342,19148317
1790116043601705131,13246275,9023250,3737,4090183,103354,19148317
1790116043717420690,13247013,9023508,3737,4090647,103363,19148317
1790116043835062151,13247756,9023802,3737,4091070,103379,19148317
1790116043952080853,13248489,9024114,3737,4091479,103392,19148317
1790116044067819880,13249203,9024383,3737,4091917,103408,19148317
1790116044182702916,13249920,9024639,3737,4092366,103421,19148317
1790116044296717113,13250645,9024897,3737,4092801,103442,19148317
1790116044411139182,13251385,9025145,3737,4093271,103450,19148317
1790116044526703183,13252119,9025412,3737,4093709,103462,19148317
1790116044642300956,13252844,9025656,3737,4094173,103477,19148317
1790116044756674030,13253569,9025913,3737,4094618,103490,19148317
1790116044873675513,13254303,9026175,3737,4095078,103503,19148317
1790116044990851357,13255037,9026452,3737,4095525,103514,19148317
1790116045108470056,13255772,9026742,3737,4095966,103522,19148317
1790116045224153544,13256480,9027007,3737,4096409,103535,19148317
1790116045339780916,13257208,9027255,3737,4096874,103546,19148317
1790116045454942769,13257928,9027509,3737,4097323,103561,19148317
1790116045570292157,13258656,9027809,3737,4097733,103574,19148317
1790116045685316874,13259397,9028057,3737,4098196,103587,19148317
1790116045801916527,13260104,9028322,3737,4098653,103595,19148317
1790116045916856588,13260831,9028601,3737,4099079,103611,19148317
1790116046034127294,13261567,9028851,3737,4099482,103694,19148317
1790116046150245174,13262319,9029158,3737,4099887,103707,19148317
1790116046266532589,13263031,9029418,3737,4100336,103724,19148317
1790116046383693702,13263777,9029645,3737,4100834,103735,19148317
1790116046500104093,13264518,9029905,3737,4101291,103747,19148317
1790116046616128164,13265236,9030161,3737,4101748,103760,19148317
1790116046732791868,13265951,9030407,3737,4102218,103775,19148317
1790116046848360903,13266675,9030666,3737,4102666,103787,19148317
1790116046964421685,13267401,9030921,3737,4103121,103804,19148317
1790116047082994242,13268148,9031168,3737,4103614,103811,19148317
1790116047199034509,13268841,9031415,3737,4104077,103824,19148317
1790116047316373084,13269573,9031685,3737,4104527,103836,19148317
1790116047432351387,13270300,9031949,3737,4104970,103855,19148317
1790116047546472305,13271024,9032212,3737,4105408,103869,19148317
1790116047662547215,13271747,9032507,3737,4105829,103881,19148317
1790116047779733474,13272485,9032983,3737,4106080,103887,19165469
1790116047893931529,13273217,9033585,3737,4106194,103891,19185053
1790116048020720083,13274033,9033691,3737,4106890,103893,19185053
1790116048138987853,13274788,9033772,3737,4107560,103894,19185053
1790116048253715919,13275520,9033861,3737,4108202,103894,19185053
1790116048371652406,13276275,9034010,3737,4108802,103896,19185053
1790116048489732418,13277030,9034120,3737,4109444,103896,19185053
1790116048603963304,13277769,9034220,3737,4110069,103897,19185053
1790116048721914081,13278529,9034374,3737,4110664,103897,19185053
1790116048836813975,13279264,9034395,3737,4111377,103897,19185053
1790116048952676679,13280006,9034489,3737,4112019,103898,19185053
1790116049067717656,13280740,9034651,3737,4112588,103899,19185053
1790116049182759655,13281481,9034688,3737,4113284,103899,19185053
1790116049298176675,13282214,9034808,3737,4113897,103904,19185053
1790116049416588345,13282968,9034914,3737,4114542,103904,19185053
1790116049531366852,13283698,9034975,3737,4115214,103904,19185053
1790116049649126024,13284452,9035086,3737,4115855,103904,19185053
1790116049767100200,13285205,9035186,3737,4116506,103904,19185053
1790116049881612941,13285938,9035280,3737,4117135,103905,19185053
1790116050000038833,13286692,9035455,3737,4117717,103905,19185053
1790116050115575010,13287435,9035511,3737,4118395,103905,19185053
1790116050231560766,13288183,9035596,3737,4119050,103905,19185053
1790116050346783376,13288913,9035717,3737,4119658,103906,19185053
1790116050461208733,13289645,9035759,3737,4120349,103906,19185053
1790116050577654210,13290384,9035909,3737,4120934,103906,19185053
1790116050695890166,13291138,9035982,3737,4121613,103906,19185053
1790116050810347768,13291877,9036051,3737,4122276,103906,19185053
1790116050928562980,13292632,9036126,3737,4122951,103907,19185053
1790116051044932661,13293377,9036199,3737,4123617,103907,19185053
1790116051159464046,13294104,9036286,3737,4124261,103908,19185053
1790116051277480847,13294867,9036438,3737,4124859,103908,19185053
1790116051395878052,13295622,9036601,3737,4125445,103909,19185053
1790116051513972176,13296375,9036718,3737,4126080,103909,19185053
1790116051631879834,13297131,9036840,3737,4126709,103910,19185053
1790116051748756336,13297884,9036970,3737,4127321,103911,19185053
1790116051865149606,13298626,9037064,3737,4127973,103911,19185053
1790116051979695725,13299366,9037153,3737,4128604,103912,19185053
1790116052097680431,13300121,9037271,3737,4129237,103913,19185053
1790116052215735775,13300874,9037405,3737,4129853,103913,19185053
1790116052333857827,13301629,9037526,3737,4130483,103913,19185053
1790116052451652756,13302380,9037635,3737,4131125,103914,19185053
1790116052569044711,13303129,9037731,3737,4131779,103914,19185053
1790116052684701067,13303869,9037804,3737,4132440,103914,19185053
1790116052799458172,13304611,9037887,3737,4133087,103914,19185053
1790116052917542774,13305365,9038011,3737,4133711,103915,19185053
1790116053035556039,13306117,9038141,3737,4134332,103915,19185053
1790116053154029246,13306868,9038266,3737,4134963,103915,19185053
1790116053272215289,13307628,9038423,3737,4135556,103915,19185053
1790116053388264768,13308363,9038538,3737,4136181,103915,19185053
1790116053504516444,13309109,9038665,3737,4136792,103916,19185053
1790116053619424710,13309841,9038755,3737,4137429,103920,19185053
1790116053737452866,13310597,9038959,3737,4137976,103920,19185053
1790116053855738580,13311352,9039082,3737,4138603,103920,19185053
1790116053973208711,13312101,9039206,3737,4139230,103920,19185053
1790116054090123241,13312844,9039379,3737,4139800,103921,19185053
1790116054207159118,13313599,9039479,3737,4140445,103921,19185053
1790116054325248168,13314357,9039556,3737,4141119,103922,19185053
1790116054440441158,13315097,9039632,3737,4141774,103922,19185053
1790116054558522686,13315855,9039739,3737,4142418,103922,19185053
1790116054676352954,13316609,9039893,3737,4143012,103923,19185053
1790116054793368550,13317359,9040004,3737,4143645,103924,19185053
1790116054911330845,13318111,9040179,3737,4144221,103925,19185053
1790116055026747162,13318859,9040351,3737,4144780,103925,19185053
1790116055144664221,13319611,9040450,3737,4145432,103925,19185053
1790116055259060323,13320344,9040525,3737,4146086,103926,19185053
1790116055375752190,13321085,9040633,3737,4146716,103927,19185053
1790116055493670687,13321837,9040782,3737,4147316,103928,19185053
1790116055610825164,13322566,9040901,3737,4147940,103929,19185053
1790116055728804696,13323311,9041058,3737,4148533,103931,19185053
1790116055846357926,13324066,9041195,3737,4149145,103932,19185053
1790116055964537801,13324825,9041267,3737,4149824,103932,19185053
1790116056079119889,13325550,9041325,3737,4150495,103934,19185053
1790116056197284686,13326297,9041415,3737,4151156,103935,19185053
1790116056315245452,13327053,9041560,3737,4151761,103935,19185053
1790116056431817991,13327801,9041658,3737,4152367,103970,19185053
1790116056550234838,13328560,9041747,3737,4152989,104016,19185053
1790116056664061612,13329288,9041857,3737,4153552,104070,19185053
1790116056780416285,13330037,9041977,3737,4154137,104102,19185053
1790116056895007913,13330763,9042014,3737,4154827,104109,19185053
1790116057009951961,13331487,9042156,3737,4155394,104126,19185053
1790116057128159006,13332243,9042244,3737,4156063,104126,19185053
1790116057246546374,13333003,9042385,3737,4156671,104126,19185053
1790116057362325863,13333740,9042507,3737,4157287,104126,19185053
1790116057480291314,13334492,9042632,3737,4157912,104127,19185053
1790116057598518072,13335256,9042752,3737,4158542,104127,19185053
1790116057713205054,13335980,9042777,3737,4159250,104127,19185053
1790116057830686441,13336726,9042936,3737,4159833,104130,19185053
1790116057948986034,13337484,9043030,3737,4160494,104131,19185053
1790116058067098684,13338241,9043186,3737,4161088,104131,19185053
1790116058185127173,13338998,9043362,3737,4161663,104131,19185053
1790116058303340565,13339759,9043499,3737,4162276,104131,19185053
1790116058421471010,13340521,9043661,3737,4162865,104132,19185053
1790116058537054261,13341258,9043698,3737,4163568,104132,19185053
1790116058653160827,13341993,9043784,3737,4164218,104133,19185053
1790116058769527041,13342741,9043901,3737,4164839,104133,19185053
1790116058887730862,13343501,9044043,3737,4165446,104134,19185053
1790116059005810122,13344257,9044181,3737,4166058,104134,19185053
1790116059123961912,13345008,9044343,3737,4166646,104135,19185053
1790116059242050740,13345764,9044466,3737,4167280,104135,19185053
1790116059357127858,13346500,9044487,3737,4167992,104135,19185053
1790116059472771206,13347247,9044586,3737,4168625,104135,19185053
1790116059596814595,13348037,9044781,3737,4169217,104136,19185053
1790116059714843012,13348787,9044932,3737,4169816,104137,19185053
1790116059832888408,13349543,9045101,3737,4170397,104137,19185053
1790116059951139367,13350300,9045231,3737,4171022,104138,19185053
1790116060069685680,13351062,9045388,3737,4171623,104139,19185053
1790116060185598786,13351809,9045415,3737,4172329,104139,19185053
1790116060300314457,13352533,9045514,3737,4172961,104139,19185053
1790116060418444577,13353293,9045649,3737,4173576,104140,19185053
1790116060536576303,13354039,9045779,3737,4174194,104141,19185053
1790116060654399266,13354799,9045980,3737,4174744,104141,19185053
1790116060772192203,13355549,9046120,3737,4175354,104142,19185053
1790116060890234041,13356297,9046213,3737,4176012,104143,19185053
1790116061007733098,13357058,9046284,3737,4176687,104143,19185053
1790116061122161048,13357794,9046382,3737,4177319,104143,19185053
1790116061240332231,13358554,9046507,3737,4177944,104144,19185053
1790116061358296826,13359309,9046631,3737,4178570,104144,19185053
1790116061476407503,13360068,9046763,3737,4179189,104145,19185053
1790116061593703181,13360824,9046885,3737,4179809,104145,19185053
1790116061711609402,13361578,9046984,3737,4180461,104145,19185053
1790116061827789639,13362319,9047058,3737,4181127,104145,19185053
1790116061942536422,13363057,9047143,3737,4181772,104146,19185053
1790116062060583443,13363811,9047265,3737,4182401,104147,19185053
1790116062178804762,13364567,9047393,3737,4183024,104147,19185053
1790116062296971378,13365323,9047496,3737,4183671,104147,19185053
1790116062414796481,13366076,9047642,3737,4184274,104147,19185053
1790116062528144339,13366796,9047765,3737,4184877,104148,19185053
1790116062646555892,13367554,9047875,3737,4185518,104148,19185053
1790116062761464379,13368276,9047949,3737,4186173,104149,19185053
1790116062879599216,13369031,9048066,3737,4186808,104149,19185053
1790116062997340409,13369781,9048194,3737,4187429,104151,19185053
1790116063115553617,13370531,9048267,3737,4188109,104151,19185053
1790116063229794698,13371266,9048410,3737,4188689,104151,19185053
1790116063348086429,13372025,9048516,3737,4189341,104151,19185053
1790116063466107897,13372781,9048640,3737,4189968,104152,19185053
1790116063580923945,13373510,9048721,3737,4190612,104153,19185053
1790116063699403344,13374270,9048884,3737,4191206,104153,19185053
1790116063818981615,13375032,9049009,3737,4191837,104153,19185053
1790116063936954101,13375780,9049101,3737,4192497,104154,19185053
1790116064054019524,13376529,9049284,3737,4193064,104154,19185053
1790116064171315234,13377283,9049398,3737,4193693,104155,19185053
1790116064289611038,13378037,9049504,3737,4194337,104156,19185053
1790116064404263154,13378779,9049594,3737,4194980,104156,19185053
1790116064525135732,13379549,9049722,3737,4195622,104156,19185053
1790116064638205311,13380273,9049908,3737,4196154,104156,19185053
1790116064755604591,13381031,9050041,3737,4196766,104156,19185053
1790116064873548633,13381787,9050171,3737,4197386,104156,19185053
1790116064990560894,13382535,9050342,3737,4197959,104157,19185053
1790116065108786902,13383291,9050449,3737,4198604,104157,19185053
1790116065222916083,13384019,9050519,3737,4199259,104157,19185053
1790116065340946539,13384773,9050610,3737,4199918,104158,19185053
1790116065458954797,13385522,9050755,3737,4200523,104158,19185053
1790116065574566885,13386266,9050858,3737,4201158,104159,19185053
1790116065692469521,13387017,9051014,3737,4201753,104159,19185053
1790116065810426566,13387780,9051146,3737,4202370,104159,19185053
1790116065928420594,13388534,9051259,3737,4203007,104160,19185053
1790116066043044612,13389256,9051313,3737,4203685,104160,19185053
1790116066160113975,13390005,9051426,3737,4204317,104161,19185053
1790116066278257774,13390759,9051566,3737,4204926,104161,19185053
1790116066392320826,13391487,9051725,3737,4205491,104162,19185053
1790116066510829644,13392247,9051801,3737,4206166,104163,19185053
1790116066627398358,13393000,9051944,3737,4206767,104163,19185053
1790116066742991926,13393731,9052103,3737,4207340,104163,19185053
1790116066857559847,13394465,9052127,3737,4208048,104163,19185053
1790116066971697653,13395194,9052288,3737,4208612,104163,19185053
1790116067089845961,13395942,9052371,3737,4209279,104164,19185053
1790116067204091212,13396674,9052525,3737,4209857,104164,19185053
1790116067322115477,13397433,9052689,3737,4210442,104165,19185053
1790116067440148145,13398187,9052823,3737,4211058,104165,19185053
1790116067558327544,13398938,9052981,3737,4211650,104166,19185053
1790116067673071293,13399673,9053005,3737,4212359,104166,19185053
1790116067789205877,13400411,9053081,3737,4213019,104167,19185053
1790116067905370165,13401158,9053209,3737,4213630,104168,19185053
1790116068019611664,13401890,9053274,3737,4214291,104168,19185053
1790116068136036120,13402637,9053396,3737,4214913,104168,19185053
1790116068253886288,13403393,9053516,3737,4215538,104168,19185053
1790116068368596165,13404126,9053600,3737,4216186,104169,19185053
1790116068484935121,13404865,9053723,3737,4216801,104169,19185053
1790116068603010194,13405616,9053792,3737,4217489,104169,19185053
1790116068717944757,13406355,9053867,3737,4218138,104171,19185053
1790116068836407658,13407115,9054024,3737,4218739,104171,19185053
1790116068950858904,13407845,9054045,3737,4219445,104171,19185053
1790116069066917531,13408595,9054129,3737,4220101,104171,19185053
1790116069180621700,13409326,9054296,3737,4220656,104171,19185053
1790116069295863527,13410063,9054327,3737,4221362,104171,19185053
1790116069410553937,13410801,9054461,3737,4221954,104172,19185053
1790116069528917835,13411555,9054550,3737,4222617,104172,19185053
1790116069643522796,13412294,9054620,3737,4223277,104172,19185053
1790116069761598690,13413054,9054710,3737,4223938,104173,19185053
1790116069876629744,13413784,9054808,3737,4224573,104173,19185053
1790116069991313900,13414514,9054899,3737,4225210,104176,19185053
1790116070109530265,13415271,9055041,3737,4225818,104176,19185053
1790116070224649804,13416007,9055086,3737,4226508,104176,19185053
1790116070341190021,13416741,9055245,3737,4227090,104177,19185053
1790116070453589571,13417463,9055447,3737,4227601,104178,19185053
1790116070569190440,13418194,9055506,3737,4228279,104178,19185053
1790116070684967045,13418942,9055715,3737,4228798,104181,19185053
1790116070798398296,13419652,9055982,3737,4229223,104197,19185053
1790116070914248847,13420371,9056231,3737,4229608,104289,19185053
1790116071033537370,13421126,9056400,3737,4229884,104595,19185053
1790116071149032576,13421852,9056657,3737,4230336,104610,19185053
1790116071263533808,13422577,9056955,3737,4230739,104622,19185053
1790116071378475871,13423302,9057197,3737,4231208,104635,19185053
1790116071495365618,13424030,9057441,3737,4231679,104649,19185053
1790116071611743901,13424752,9057691,3737,4232137,104666,19185053
1790116071728321710,13425478,9057956,3737,4232586,104682,19185053
1790116071844884105,13426182,9058224,3737,4233034,104694,19185053
1790116071961113914,13426919,9058484,3737,4233488,104709,19185053
1790116072079416692,13427666,9058726,3737,4233977,104720,19185053
1790116072194551611,13428404,9058970,3737,4234438,104731,19185053
1790116072310081398,13429117,9059224,3737,4234890,104746,19185053
1790116072426543294,13429858,9059496,3737,4235335,104756,19185053
1790116072541253742,13430585,9059740,3737,4235799,104772,19185053
1790116072658075442,13431316,9060017,3737,4236237,104784,19185053
1790116072773424855,13432065,9060255,3737,4236708,104796,19185053
1790116072888024911,13432775,9060512,3737,4237148,104815,19185053
1790116073003067079,13433504,9060780,3737,4237591,104825,19185053
1790116073118628903,13434225,9061041,3737,4238045,104835,19185053
1790116073231304283,13434916,9061302,3737,4238472,104850,19185053
1790116073352606574,13435681,9061544,3737,4238978,104866,19185053
1790116073473400942,13436436,9061792,3737,4239470,104878,19185053
1790116073589765305,13437167,9062055,3737,4239925,104888,19185053
1790116073706425579,13437918,9062340,3737,4240359,104902,19185053
1790116073824094121,13438652,9062605,3737,4240816,104913,19185053
1790116073942082453,13439400,9062859,3737,4241290,104924,19185053
1790116074057414912,13440134,9063129,3737,4241732,104939,19185053
1790116074173019093,13440879,9063393,3737,4242167,104958,19185053
1790116074289452919,13441599,9063641,3737,4242635,104971,19185053
1790116074404675129,13442342,9063868,3737,4243043,105059,19185053
1790116074520076405,13443057,9064112,3737,4243512,105070,19185053
1790116074635139406,13443784,9064359,3737,4243970,105084,19185053
1790116074751323800,13444526,9064600,3737,4244446,105095,19185053
1790116074867058927,13445261,9064881,3737,4244872,105112,19185053
1790116074983401855,13445991,9065133,3737,4245333,105125,19185053
1790116075100337387,13446727,9065387,3737,4245801,105136,19185053
1790116075216413743,13447453,9065634,3737,4246268,105148,19185053
1790116075333410880,13448194,9065886,3737,4246737,105158,19185053
1790116075450102757,13448952,9066123,3737,4247220,105172,19185053
1790116075566905852,13449669,9066383,3737,4247678,105183,19185053
1790116075683280175,13450399,9066666,3737,4248113,105193,19185053
1790116075800092167,13451140,9066926,3737,4248571,105205,19185053
1790116075915100041,13451875,9067184,3737,4249018,105219,19185053
1790116076031206154,13452610,9067432,3737,4249494,105229,19185053
1790116076153664554,13453383,9067720,3737,4249955,105241,19185053
1790116076267610430,13454112,9067980,3737,4250397,105251,19185053
1790116076383409060,13454843,9068233,3737,4250855,105263,19185053
1790116076499643956,13455574,9068507,3737,4251294,105278,19185053
1790116076616983681,13456299,9068768,3737,4251754,105291,19185053
1790116076733670896,13457028,9069049,3737,4252194,105302,19185053
1790116076848675382,13457762,9069303,3737,4252650,105311,19185053
1790116076964603023,13458472,9069557,3737,4253102,105331,19185053
1790116077081243707,13459194,9069810,3737,4253563,105345,19185053
1790116077197620252,13459893,9070062,3737,4254025,105359,19185053
1790116077313991963,13460614,9070346,3737,4254463,105369,19185053
1790116077430130243,13461361,9070604,3737,4254927,105376,19185053
1790116077546337164,13462091,9070900,3737,4255341,105394,19185053
1790116077662983961,13462819,9071163,3737,4255792,105409,19185053
1790116077780039218,13463550,9071403,3737,4256197,105496,19185053
1790116077894643484,13464259,9071650,3737,4256655,105510,19185053
1790116078011213678,13464970,9071898,3737,4257117,105523,19185053
1790116078129193214,13465719,9072149,3737,4257595,105536,19185053
1790116078247979884,13466455,9072429,3737,4258043,105552,19185053
1790116078365214583,13467204,9072716,3737,4258475,105568,19185053
1790116078481069991,13467930,9072973,3737,4258926,105583,19185053
1790116078597011110,13468666,9073228,3737,4259384,105594,19185053
1790116078713376541,13469400,9073478,3737,4259850,105606,19185053
1790116078829668567,13470126,9073711,3737,4260334,105618,19185053
1790116078945601739,13470855,9073958,3737,4260791,105638,19185053
1790116079062563676,13471597,9074205,3737,4261259,105654,19185053
1790116079178607675,13472342,9074463,3737,4261709,105671,19185053
1790116079295925635,13473077,9074723,3737,4262162,105689,19185053
1790116079413181160,13473802,9074945,3737,4262666,105701,19185053
1790116079530979174,13474528,9075224,3737,4263110,105714,19185053
1790116079646337616,13475252,9075495,3737,4263547,105727,19185053
1790116079762268194,13475972,9075750,3737,4264003,105742,19185053
1790116079877591004,13476697,9076001,3737,4264457,105755,19185053
1790116079992643986,13477429,9076242,3737,4264928,105763,19185053
1790116080109632981,13478169,9076464,3737,4265430,105772,19185053
1790116080227709848,13478911,9076704,3737,4265914,105785,19185053
1790116080343354875,13479622,9076961,3737,4266367,105798,19185053
1790116080459952061,13480363,9077223,3737,4266822,105810,19185053
1790116080575422141,13481085,9077474,3737,4267279,105824,19185053
1790116080692308275,13481839,9077746,3737,4267722,105843,19185053
1790116080808751006,13482579,9077999,3737,4268187,105853,19185053
1790116080925062271,13483307,9078273,3737,4268633,105862,19185053
1790116081042608741,13484061,9078542,3737,4269062,105897,19185053
1790116081159568418,13484800,9078786,3737,4269483,105966,19185053
1790116081275539300,13485523,9079031,3737,4269950,105979,19185053
1790116081390934325,13486246,9079313,3737,4270380,105992,19185053
1790116081509256206,13487004,9079551,3737,4270875,106005,19185053
1790116081625542908,13487724,9079805,3737,4271331,106018,19185053
1790116081741547087,13488438,9080051,3737,4271792,106034,19185053
1790116081857382086,13489159,9080303,3737,4272251,106047,19185053
1790116081971775299,13489868,9080546,3737,4272706,106065,19185053
1790116082087307264,13490606,9080812,3737,4273159,106077,19185053
1790116082206365657,13491343,9081067,3737,4273637,106090,19185053
1790116082324217897,13492085,9081325,3737,4274098,106103,19185053
1790116082439994671,13492833,9081571,3737,4274562,106118,19185053
1790116082555463216,13493562,9081818,3737,4275020,106133,19185053
1790116082671169205,13494284,9082108,3737,4275437,106149,19185053
1790116082789704328,13495021,9082354,3737,4275921,106163,19185053
1790116082908475029,13495767,9082637,3737,4276370,106175,19185053
1790116083023854167,13496496,9082882,3737,4276829,106191,19185053
1790116083140295045,13497224,9083132,3737,4277293,106206,19185053
1790116083256769949,13497944,9083390,3737,4277750,106219,19185053
1790116083373098326,13498689,9083642,3737,4278211,106236,19185053
1790116083488999599,13499423,9083894,3737,4278672,106249,19185053
1790116083603805667,13500142,9084149,3737,4279121,106262,19185053
1790116083720248446,13500887,9084412,3737,4279571,106279,19185053
1790116083838731834,13501628,9084691,3737,4280014,106295,19185053
1790116083955778245,13502357,9084945,3737,4280475,106313,19185053
1790116084072329440,13503104,9085210,3737,4280929,106325,19185053
1790116084190068510,13503812,9085447,3737,4281415,106339,19185053
1790116084304148633,13504534,9085693,3737,4281869,106352,19185053
1790116084419351043,13505257,9085917,3737,4282275,106442,19185053
1790116084534647122,13505975,9086185,3737,4282714,106458,19185053
1790116084649941057,13506696,9086439,3737,4283162,106476,19185053
1790116084765848386,13507432,9086714,3737,4283597,106492,19185053
1790116084882423868,13508158,9086985,3737,4284050,106502,19185053
1790116084999180061,13508912,9087260,3737,4284488,106519,19185053
1790116085116413229,13509645,9087541,3737,4284925,106535,19185053
1790116085231149581,13510354,9087797,3737,4285367,106551,19185053
1790116085346840102,13511069,9088063,3737,4285813,106564,19185053
1790116085463114471,13511788,9088290,3737,4286300,106578,19185053
1790116085581587317,13512535,9088549,3737,4286766,106596,19185053
1790116085698169312,13513252,9088811,3737,4287219,106611,19185053
1790116085814917402,13513974,9089081,3737,4287668,106622,19185053
1790116085931550895,13514726,9089348,3737,4288118,106637,19185053
1790116086046672011,13515461,9089599,3737,4288568,106654,19185053
1790116086163515058,13516197,9089841,3737,4289048,106665,19185053
1790116086277769277,13516894,9090103,3737,4289486,106678,19185053
1790116086394235280,13517635,9090358,3737,4289948,106690,19185053
1790116086509685062,13518342,9090644,3737,4290368,106705,19185053
1790116086626011624,13519071,9090892,3737,4290835,106718,19185053
1790116086743044857,13519802,9091133,3737,4291309,106736,19185053
1790116086859177926,13520547,9091366,3737,4291794,106747,19185053
1790116086973580076,13521254,9091646,3737,4292217,106758,19185053
1790116087089057411,13521985,9091921,3737,4292651,106774,19185053
1790116087205430225,13522718,9092216,3737,4293069,106787,19185053
1790116087321176418,13523445,9092479,3737,4293520,106798,19185053
1790116087436203405,13524147,9092727,3737,4293978,106812,19185053
1790116087552017175,13524846,9092966,3737,4294457,106824,19185053
1790116087669058978,13525571,9093224,3737,4294913,106838,19185053
1790116087784619619,13526316,9093463,3737,4295345,106888,19185053
1790116087900879654,13527028,9093720,3737,4295772,106937,19185053
1790116088017957853,13527770,9093995,3737,4296210,106953,19185053
1790116088133095047,13528474,9094234,3737,4296682,106965,19185053
1790116088248952994,13529209,9094469,3737,4297160,106978,19185053
1790116088364915395,13529930,9094725,3737,4297610,106998,19185053
1790116088481727053,13530667,9094979,3737,4298074,107009,19185053
1790116088599090714,13531385,9095236,3737,4298535,107024,19185053
1790116088714947148,13532110,9095508,3737,4298976,107035,19185053
1790116088831274964,13532849,9095750,3737,4299453,107046,19185053
1790116088945990291,13533568,9096027,3737,4299885,107056,19185053
1790116089060926719,13534301,9096278,3737,4300335,107072,19185053
1790116089177505799,13535043,9096553,3737,4300773,107089,19185053
1790116089291795741,13535761,9096822,3737,4301209,107102,19185053
1790116089409831610,13536498,9097097,3737,4301655,107116,19185053
1790116089524950794,13537238,9097354,3737,4302107,107131,19185053
1790116089641921788,13537984,9097611,3737,4302567,107144,19185053
1790116089757535290,13538698,9097902,3737,4302989,107155,19185053
1790116089874819700,13539420,9098163,3737,4303450,107168,19185053
1790116089991773438,13540146,9098414,3737,4303917,107182,19185053
1790116090107676928,13540865,9098675,3737,4304365,107196,19185053
1790116090224666220,13541627,9098934,3737,4304827,107210,19185053
1790116090342105111,13542388,9099231,3737,4305250,107224,19185053
1790116090457809889,13543125,9099486,3737,4305704,107239,19185053
1790116090573242716,13543845,9099760,3737,4306138,107254,19185053
1790116090689914280,13544576,9100050,3737,4306560,107272,19185053
1790116090808279132,13545313,9100366,3737,4306967,107289,19185053
1790116090926185336,13546045,9100610,3737,4307454,107299,19185053
1790116091043692903,13546777,9100891,3737,4307894,107311,19185053
1790116091160555131,13547500,9101158,3737,4308347,107323,19185053
1790116091278395694,13548225,9101390,3737,4308776,107402,19185053
1790116091393015840,13548958,9101654,3737,4309209,107420,19185053
1790116091509173117,13549692,9101902,3737,4309672,107436,19185053
1790116091626479431,13550429,9102132,3737,4310174,107444,19185053
1790116091741751437,13551159,9102399,3737,4310614,107458,19185053
1790116091857581737,13551869,9102688,3737,4311036,107470,19185053
1790116091973411795,13552604,9102940,3737,4311493,107481,19185053
1790116092090141574,13553317,9103197,3737,4311956,107492,19185053
1790116092206609205,13554051,9103427,3737,4312446,107502,19185053
1790116092324901461,13554762,9103705,3737,4312898,107514,19185053
1790116092441071483,13555470,9103963,3737,4313354,107527,19185053
1790116092556707990,13556212,9104213,3737,4313812,107543,19185053
1790116092672321521,13556931,9104466,3737,4314266,107555,19185053
1790116092788841179,13557657,9104731,3737,4314722,107567,19185053
1790116092910763947,13558436,9104978,3737,4315228,107576,19185053
1790116093025247170,13559136,9105262,3737,4315648,107589,19185053
1790116093142096546,13559874,9105507,3737,4316115,107609,19185053
1790116093256458975,13560583,9105779,3737,4316545,107624,19185053
1790116093373092930,13561334,9106058,3737,4316985,107637,19185053
1790116093488657352,13562078,9106367,3737,4317385,107651,19185053
1790116093605620104,13562833,9106618,3737,4317856,107661,19185053
1790116093722528244,13563575,9106866,3737,4318327,107672,19185053
1790116093838996697,13564325,9107124,3737,4318782,107686,19185053
1790116093955954118,13565059,9107457,3737,4319170,107699,19185053
1790116094070255104,13565776,9107717,3737,4319608,107716,19185053
1790116094186728758,13566494,9107971,3737,4320067,107732,19185053
1790116094302694539,13567201,9108207,3737,4320551,107742,19185053
1790116094418722335,13567912,9108471,3737,4320996,107754,19185053
1790116094534211665,13568631,9108727,3737,4321447,107769,19185053
1790116094654513892,13569414,9108973,3737,4321851,107872,19185053
1790116094770976347,13570149,9109240,3737,4322299,107885,19185053
1790116094887086443,13570867,9109510,3737,4322741,107901,19185053
1790116095001924522,13571579,9109734,3737,4323225,107911,19185053
1790116095117175677,13572295,9109993,3737,4323676,107924,19185053
1790116095232365136,13573021,9110242,3737,4324132,107939,19185053
1790116095347960462,13573746,9110488,3737,4324596,107952,19185053
1790116095461646025,13574477,9110763,3737,4325017,107966,19185053
1790116095580241464,13575220,9111002,3737,4325509,107977,19185053
1790116095698119697,13575949,9111256,3737,4325978,107994,19185053
1790116095814214298,13576676,9111531,3737,4326413,108007,19185053
1790116095930838445,13577388,9111793,3737,4326871,108018,19185053
1790116096047549770,13578115,9112050,3737,4327322,108036,19185053
1790116096163563212,13578868,9112307,3737,4327779,108047,19185053
1790116096280544327,13579609,9112530,3737,4328278,108060,19185053
1790116096396195415,13580321,9112786,3737,4328733,108073,19185053
1790116096510317533,13581027,9113048,3737,4329176,108085,19185053
1790116096627526584,13581746,9113304,3737,4329640,108095,19185053
1790116096743654631,13582449,9113559,3737,4330097,108108,19185053
1790116096859249328,13583178,9113821,3737,4330547,108122,19185053
1790116096976209374,13583925,9114067,3737,4331022,108133,19185053
1790116097090339078,13584644,9114338,3737,4331446,108153,19185053
1790116097206208487,13585382,9114612,3737,4331885,108166,19185053
1790116097322389523,13586110,9114859,3737,4332279,108251,19185053
1790116097438555391,13586834,9115116,3737,4332736,108263,19185053
1790116097554696264,13587545,9115352,3737,4333212,108278,19185053
1790116097670539441,13588273,9115578,3737,4333701,108291,19185053
1790116097785519664,13589011,9115843,3737,4334146,108302,19185053
1790116097901241602,13589736,9116100,3737,4334601,108316,19185053
1790116098017428731,13590450,9116355,3737,4335053,108331,19185053
1790116098132756412,13591173,9116606,3737,4335507,108346,19185053
1790116098248551773,13591905,9116843,3737,4335986,108357,19185053
1790116098367742304,13592640,9117090,3737,4336475,108369,19185053
1790116098484339441,13593376,9117340,3737,4336943,108381,19185053
1790116098599260714,13594085,9117586,3737,4337399,108395,19185053
1790116098713830887,13594806,9117836,3737,4337856,108407,19185053
1790116098829557191,13595548,9118086,3737,4338313,108421,19185053
1790116098947903935,13596290,9118327,3737,4338797,108440,19185053
1790116099065170285,13596990,9118608,3737,4339237,108452,19185053
1790116099180922306,13597720,9118871,3737,4339685,108468,19185053
1790116099297143719,13598444,9119123,3737,4340146,108482,19185053
1790116099411807539,13599183,9119376,3737,4340596,108493,19185053
1790116099525149456,13599903,9119629,3737,4341038,108511,19185053
1790116099640985918,13600634,9119870,3737,4341511,108522,19185053
1790116099758294795,13601368,9120122,3737,4341981,108536,19185053
1790116099873562927,13602082,9120367,3737,4342443,108549,19185053
1790116099989325146,13602789,9120620,3737,4342901,108563,19185053
1790116100104330406,13603509,9120885,3737,4343345,108573,19185053
1790116100219858744,13604247,9121141,3737,4343796,108589,19185053
1790116100336204462,13604979,9121387,3737,4344263,108605,19185053
1790116100453603177,13605716,9121671,3737,4344704,108617,19185053
1790116100569421768,13606451,9121937,3737,4345147,108635,19185053
1790116100686080969,13607178,9122171,3737,4345552,108722,19185053
1790116100803281154,13607942,9122450,3737,4345990,108740,19185053
1790116100919118198,13608696,9122701,3737,4346452,108754,19185053
1790116101033370923,13609390,9122961,3737,4346894,108767,19185053
1790116101150857088,13610128,9123221,3737,4347349,108787,19185053
1790116101266964475,13610851,9123479,3737,4347803,108801,19185053
1790116101384155742,13611579,9123731,3737,4348271,108816,19185053
1790116101500375689,13612317,9123992,3737,4348725,108827,19185053
1790116101617311603,13613055,9124235,3737,4349204,108842,19185053
1790116101734672761,13613816,9124484,3737,4349671,108856,19185053
1790116101849853217,13614522,9124775,3737,4350094,108865,19185053
1790116101966668763,13615272,9125037,3737,4350544,108884,19185053
1790116102081975684,13615990,9125291,3737,4350994,108899,19185053
1790116102199551559,13616720,9125565,3737,4351441,108913,19185053
1790116102315116587,13617429,9125779,3737,4351944,108921,19185053
1790116102431875531,13618178,9126044,3737,4352398,108933,19185053
1790116102547731072,13618933,9126308,3737,4352843,108950,19185053
1790116102664222235,13619666,9126566,3737,4353298,108964,19185053
1790116102779953680,13620397,9126822,3737,4353757,108974,19185053
1790116102895804791,13621123,9127091,3737,4354200,108986,19185053
1790116103012311788,13621858,9127325,3737,4354689,108996,19185053
1790116103128194405,13622579,9127571,3737,4355148,109011,19185053
1790116103244118865,13623298,9127859,3737,4355574,109025,19185053
1790116103359067330,13624031,9128126,3737,4356011,109037,19185053
1790116103475419349,13624770,9128398,3737,4356455,109052,19185053
1790116103591416759,13625497,9128674,3737,4356890,109063,19185053
1790116103707415684,13626232,9129225,3737,4357061,109070,19207837
1790116103821781150,13626960,9129710,3737,4357292,109074,19218973
1790116103944172491,13627740,9129810,3737,4357973,109075,19218973
1790116104057396825,13628468,9129866,3737,4358638,109075,19218973
1790116104173353922,13629210,9129991,3737,4359251,109076,19218973
1790116104291603456,13629974,9130075,3737,4359919,109076,19218973
1790116104406298278,13630704,9130160,3737,4360565,109076,19218973
1790116104524728663,13631461,9130337,3737,4361139,109077,19218973
1790116104639597858,13632192,9130374,3737,4361834,109077,19218973
1790116104756718686,13632932,9130508,3737,4362442,109078,19218973
1790116104874720367,13633681,9130586,3737,4363116,109078,19218973
1790116104989861788,13634416,9130663,3737,4363770,109079,19218973
1790116105108049041,13635166,9130780,3737,4364410,109079,19218973
1790116105222640671,13635901,9130824,3737,4365093,109080,19218973
1790116105339728503,13636651,9130916,3737,4365746,109080,19218973
1790116105457612976,13637403,9130988,3737,4366426,109080,19218973
1790116105572378201,13638142,9131055,3737,4367089,109080,19218973
1790116105689550403,13638886,9131190,3737,4367699,109081,19218973
1790116105804193615,13639611,9131255,3737,4368365,109081,19218973
1790116105921867806,13640369,9131392,3737,4368977,109081,19218973
1790116106035050906,13641092,9131456,3737,4369636,109082,19218973
1790116106150148887,13641821,9131558,3737,4370264,109082,19218973
1790116106267221990,13642572,9131668,3737,4370901,109082,19218973
1790116106381477073,13643299,9131732,3737,4371562,109083,19218973
1790116106499545198,13644053,9131842,3737,4372203,109083,19218973
1790116106614466891,13644795,9131871,3737,4372908,109083,19218973
1790116106732055590,13645550,9131999,3737,4373528,109084,19218973
1790116106850194149,13646304,9132164,3737,4374113,109084,19218973
1790116106965635391,13647051,9132314,3737,4374694,109086,19218973
1790116107083700868,13647808,9132468,3737,4375289,109087,19218973
1790116107199890198,13648549,9132620,3737,4375874,109087,19218973
1790116107317875402,13649302,9132710,3737,4376535,109087,19218973
1790116107432709071,13650031,9132784,3737,4377192,109088,19218973
1790116107550918650,13650780,9132930,3737,4377797,109088,19218973
1790116107668787112,13651539,9133047,3737,4378427,109091,19218973
1790116107786823366,13652290,9133228,3737,4378996,109092,19218973
1790116107904982130,13653055,9133366,3737,4379605,109093,19218973
1790116108023086554,13653805,9133533,3737,4380195,109094,19218973
1790116108138532424,13654549,9133615,3737,4380845,109094,19218973
1790116108257890067,13655315,9133736,3737,4381480,109094,19218973
1790116108376006440,13656070,9133886,3737,4382085,109095,19218973
1790116108493866415,13656826,9134007,3737,4382708,109095,19218973
1790116108612807419,13657586,9134187,3737,4383282,109095,19218973
1790116108727971289,13658321,9134310,3737,4383893,109096,19218973
1790116108843138417,13659058,9134395,3737,4384546,109096,19218973
1790116108957960396,13659798,9134472,3737,4385194,109097,19218973
1790116109072957820,13660531,9134593,3737,4385805,109097,19218973
1790116109190253488,13661269,9134777,3737,4386370,109099,19218973
1790116109305286625,13662002,9134888,3737,4386990,109099,19218973
1790116109420356409,13662738,9135055,3737,4387554,109100,19218973
1790116109538436392,13663492,9135127,3737,4388233,109100,19218973
1790116109653192875,13664225,9135196,3737,4388895,109100,19218973
1790116109771455033,13664985,9135338,3737,4389504,109101,19218973
1790116109889349288,13665744,9135467,3737,4390123,109102,19218973
1790116110007753540,13666506,9135612,3737,4390728,109103,19218973
1790116110125889162,13667268,9135726,3737,4391365,109103,19218973
1790116110243865122,13668018,9135840,3737,4392002,109103,19218973
1790116110358836802,13668758,9135901,3737,4392673,109104,19218973
1790116110475058323,13669499,9136039,3737,4393278,109105,19218973
1790116110593158555,13670254,9136213,3737,4393855,109105,19218973
1790116110710002465,13671001,9136310,3737,4394496,109105,19218973
1790116110828073514,13671753,9136459,3737,4395101,109106,19218973
1790116110946866023,13672512,9136544,3737,4395768,109106,19218973
1790116111063561254,13673262,9136615,3737,4396444,109106,19218973
1790116111185290478,13674033,9136730,3737,4397101,109109,19218973
1790116111300412654,13674772,9136832,3737,4397733,109109,19218973
1790116111412053527,13675489,9136980,3737,4398293,109110,19218973
1790116111527053204,13676218,9137096,3737,4398912,109110,19218973
1790116111643585591,13676967,9137267,3737,4399477,109112,19218973
1790116111762298053,13677727,9137357,3737,4400144,109112,19218973
1790116111877556566,13678473,9137451,3737,4400779,109114,19218973
1790116111998809941,13679255,9137574,3737,4401425,109114,19218973
1790116112117368487,13680015,9137705,3737,4402051,109115,19218973
1790116112235324405,13680767,9137847,3737,4402659,109115,19218973
1790116112353260377,13681522,9137968,3737,4403288,109116,19218973
1790116112471468913,13682290,9138077,3737,4403929,109116,19218973
1790116112586366471,13683028,9138118,3737,4404621,109116,19218973
1790116112701017106,13683760,9138232,3737,4405240,109116,19218973
1790116112818891306,13684517,9138391,3737,4405824,109117,19218973
1790116112936596494,13685264,9138485,3737,4406480,109118,19218973
1790116113053400031,13686010,9138667,3737,4407041,109118,19218973
1790116113171565267,13686764,9138744,3737,4407718,109119,19218973
1790116113287306219,13687500,9138814,3737,4408384,109119,19218973
1790116113402965170,13688234,9138926,3737,4409005,109120,19218973
1790116113521656041,13688991,9139061,3737,4409626,109120,19218973
1790116113636020475,13689713,9139217,3737,4410197,109123,19218973
1790116113754322062,13690475,9139331,3737,4410834,109123,19218973
1790116113872579085,13691232,9139448,3737,4411465,109124,19218973
1790116113990707029,13691990,9139527,3737,4412137,109126,19218973
1790116114105533934,13692728,9139601,3737,4412763,109156,19218973
1790116114223531541,13693485,9139696,3737,4413372,109205,19218973
1790116114342209334,13694244,9139805,3737,4413966,109257,19218973
1790116114460589430,13695005,9139907,3737,4414559,109313,19218973
1790116114578914308,13695750,9140062,3737,4415118,109349,19218973
1790116114697010564,13696500,9140203,3737,4415733,109350,19218973
1790116114813275482,13697237,9140235,3737,4416441,109350,19218973
1790116114928748829,13697988,9140345,3737,4417062,109351,19218973
1790116115046715814,13698742,9140500,3737,4417657,109352,19218973
1790116115162110822,13699480,9140615,3737,4418279,109352,19218973
1790116115280128615,13700228,9140760,3737,4418885,109352,19218973
1790116115395846253,13700968,9140880,3737,4419496,109353,19218973
1790116115514341537,13701720,9140974,3737,4420159,109353,19218973
1790116115629372546,13702460,9141054,3737,4420810,109353,19218973
1790116115747408693,13703209,9141176,3737,4421438,109354,19218973
1790116115865425255,13703972,9141303,3737,4422060,109356,19218973
1790116115983474582,13704719,9141417,3737,4422697,109356,19218973
1790116116101318895,13705463,9141542,3737,4423322,109357,19218973
1790116116215324365,13706192,9141660,3737,4423928,109357,19218973
1790116116329948228,13706922,9141719,3737,4424594,109358,19218973
1790116116447659120,13707675,9141842,3737,4425224,109358,19218973
1790116116565713170,13708435,9141960,3737,4425854,109358,19218973
1790116116683763735,13709191,9142100,3737,4426465,109358,19218973
1790116116801763175,13709944,9142228,3737,4427085,109360,19218973
1790116116919802542,13710700,9142364,3737,4427700,109360,19218973
1790116117035561200,13711447,9142404,3737,4428400,109361,19218973
1790116117149878998,13712186,9142549,3737,4428977,109361,19218973
1790116117267753091,13712939,9142697,3737,4429580,109361,19218973
1790116117382349335,13713669,9142809,3737,4430198,109363,19218973
1790116117500337790,13714415,9142937,3737,4430819,109363,19218973
1790116117617519976,13715161,9143038,3737,4431461,109364,19218973
1790116117735616199,13715915,9143142,3737,4432109,109365,19218973
1790116117850348953,13716655,9143214,3737,4432768,109365,19218973
1790116117968398451,13717415,9143359,3737,4433374,109365,19218973
1790116118086566319,13718155,9143470,3737,4434012,109367,19218973
1790116118204423372,13718915,9143595,3737,4434638,109367,19218973
1790116118322437101,13719666,9143746,3737,4435236,109367,19218973
1790116118436450899,13720395,9143880,3737,4435829,109367,19218973
1790116118556578979,13721159,9143972,3737,4436500,109368,19218973
1790116118674559178,13721906,9144090,3737,4437133,109368,19218973
1790116118792636332,13722653,9144230,3737,4437742,109369,19218973
1790116118911010032,13723403,9144341,3737,4438387,109370,19218973
1790116119029366389,13724167,9144462,3737,4439016,109370,19218973
1790116119147620373,13724918,9144615,3737,4439614,109370,19218973
1790116119262813789,13725651,9144665,3737,4440297,109370,19218973
1790116119378791766,13726390,9144773,3737,4440927,109371,19218973
1790116119496816254,13727152,9144914,3737,4441540,109371,19218973
1790116119614366924,13727907,9145011,3737,4442189,109371,19218973
1790116119732281847,13728646,9145178,3737,4442772,109372,19218973
1790116119850043607,13729399,9145264,3737,4443438,109372,19218973
1790116119966466632,13730145,9145334,3737,4444107,109372,19218973
1790116120081863809,13730872,9145435,3737,4444738,109373,19218973
1790116120197576146,13731612,9145560,3737,4445348,109373,19218973
1790116120314977058,13732365,9145748,3737,4445906,109374,19218973
1790116120431602231,13733108,9145899,3737,4446498,109374,19218973
1790116120547136516,13733845,9146069,3737,4447060,109376,19218973
1790116120662743769,13734589,9146161,3737,4447703,109376,19218973
1790116120777702897,13735324,9146239,3737,4448360,109376,19218973
1790116120895824593,13736076,9146361,3737,4448985,109376,19218973
1790116121013586414,13736835,9146522,3737,4449574,109377,19218973
1790116121131626296,13737585,9146669,3737,4450176,109378,19218973
1790116121249583159,13738330,9146827,3737,4450768,109379,19218973
1790116121367543622,13739079,9146982,3737,4451364,109379,19218973
1790116121482251726,13739809,9147020,3737,4452059,109379,19218973
1790116121599434601,13740557,9147160,3737,4452660,109381,19218973
1790116121717735124,13741313,9147266,3737,4453306,109381,19218973
1790116121832684911,13742038,9147365,3737,4453938,109383,19218973
1790116121950838944,13742792,9147517,3737,4454537,109383,19218973
1790116122065905485,13743530,9147587,3737,4455199,109383,19218973
1790116122182531981,13744290,9147724,3737,4455806,109383,19218973
1790116122300655642,13745042,9147798,3737,4456483,109384,19218973
1790116122415572173,13745775,9147865,3737,4457147,109384,19218973
1790116122533586673,13746524,9148010,3737,4457752,109385,19218973
1790116122648252110,13747260,9148060,3737,4458434,109385,19218973
1790116122765060028,13748006,9148178,3737,4459062,109385,19218973
1790116122883439588,13748764,9148244,3737,4459748,109385,19218973
1790116122998288045,13749497,9148317,3737,4460406,109385,19218973
1790116123115577036,13750248,9148430,3737,4461037,109386,19218973
1790116123230418494,13750974,9148502,3737,4461697,109387,19218973
1790116123347913899,13751732,9148636,3737,4462312,109387,19218973
1790116123463829869,13752473,9148674,3737,4463007,109387,19218973
1790116123582088075,13753220,9148835,3737,4463602,109388,19218973
1790116123700368646,13753980,9148918,3737,4464271,109388,19218973
1790116123815361951,13754714,9149005,3737,4464914,109389,19218973
1790116123933428777,13755464,9149149,3737,4465520,109389,19218973
1790116124047992478,13756190,9149185,3737,4466212,109389,19218973
1790116124163920284,13756933,9149398,3737,4466729,109397,19218973
1790116124279385817,13757659,9149660,3737,4467167,109415,19218973
1790116124396371741,13758378,9149911,3737,4467638,109428,19218973
1790116124511893804,13759104,9150113,3737,4467942,109649,19218973
1790116124629127615,13759829,9150375,3737,4468397,109662,19218973
1790116124746204403,13760545,9150635,3737,4468853,109680,19218973
1790116124862766608,13761292,9150888,3737,4469323,109688,19218973
1790116124979129025,13762011,9151139,3737,4469780,109706,19218973
1790116125095289891,13762743,9151392,3737,4470243,109717,19218973
1790116125211325027,13763464,9151644,3737,4470704,109730,19218973
1790116125326863911,13764184,9151898,3737,4471158,109744,19218973
1790116125443287903,13764903,9152152,3737,4471626,109754,19218973
1790116125560104995,13765623,9152398,3737,4472101,109764,19218973
1790116125677853439,13766370,9152651,3737,4472574,109777,19218973
1790116125793509939,13767091,9152895,3737,4473033,109795,19218973
1790116125908813214,13767823,9153151,3737,4473478,109816,19218973
1790116126024324277,13768549,9153437,3737,4473903,109829,19218973
1790116126140457481,13769266,9153680,3737,4474382,109839,19218973
1790116126262580068,13770046,9153936,3737,4474873,109853,19218973
1790116126378428867,13770774,9154219,3737,4475301,109866,19218973
1790116126495166068,13771514,9154515,3737,4475727,109875,19218973
1790116126614861781,13772254,9154780,3737,4476193,109890,19218973
1790116126730153275,13772987,9155048,3737,4476632,109907,19218973
1790116126847151996,13773737,9155279,3737,4477117,109923,19218973
1790116126962146157,13774464,9155533,3737,4477571,109936,19218973
1790116127079117318,13775190,9155832,3737,4477987,109951,19218973
1790116127196627823,13775927,9156093,3737,4478417,109994,19218973
1790116127314764575,13776663,9156334,3737,4478857,110053,19218973
1790116127430306157,13777382,9156582,3737,4479317,110069,19218973
1790116127547186437,13778116,9156822,3737,4479799,110082,19218973
1790116127661828030,13778829,9157107,3737,4480219,110093,19218973
1790116127775572294,13779532,9157376,3737,4480650,110106,19218973
1790116127890590648,13780243,9157633,3737,4481100,110120,19218973
1790116128006439913,13780982,9157885,3737,4481556,110137,19218973
1790116128122070169,13781716,9158137,3737,4482015,110147,19218973
1790116128239077819,13782444,9158413,3737,4482462,110161,19218973
1790116128354404864,13783177,9158689,3737,4482889,110177,19218973
1790116128469690320,13783898,9158949,3737,4483334,110194,19218973
1790116128585047208,13784624,9159221,3737,4483773,110204,19218973
1790116128700698138,13785338,9159510,3737,4484190,110222,19218973
1790116128816459924,13786069,9159766,3737,4484645,110237,19218973
1790116128934150877,13786813,9160017,3737,4485119,110250,19218973
1790116129048874804,13787522,9160287,3737,4485552,110264,19218973
1790116129166449040,13788266,9160554,3737,4486011,110276,19218973
1790116129283289280,13788998,9160810,3737,4486469,110288,19218973
1790116129399605265,13789731,9161064,3737,4486928,110303,19218973
1790116129516592345,13790459,9161292,3737,4487423,110312,19218973
1790116129634618022,13791193,9161555,3737,4487891,110323,19218973
1790116129750831887,13791912,9161807,3737,4488350,110337,19218973
1790116129866647338,13792653,9162069,3737,4488799,110349,19218973
1790116129982205902,13793373,9162343,3737,4489240,110363,19218973
1790116130098171987,13794086,9162593,3737,4489698,110374,19218973
1790116130216558637,13794803,9162834,3737,4490190,110384,19218973
1790116130333984396,13795530,9163094,3737,4490652,110398,19218973
1790116130449345279,13796246,9163355,3737,4491098,110410,19218973
1790116130566029945,13796994,9163580,3737,4491510,110506,19218973
1790116130681172279,13797707,9163839,3737,4491961,110519,19218973
1790116130798115745,13798430,9164081,3737,4492437,110530,19218973
1790116130913801592,13799178,9164305,3737,4492925,110541,19218973
1790116131030161771,13799915,9164556,3737,4493392,110552,19218973
1790116131146978462,13800651,9164810,3737,4493845,110575,19218973
1790116131263023315,13801367,9165062,3737,4494308,110586,19218973
1790116131380063750,13802106,9165348,3737,4494739,110600,19218973
1790116131495412428,13802833,9165588,3737,4495206,110617,19218973
1790116131610460820,13803583,9165808,3737,4495689,110631,19218973
1790116131728249005,13804301,9166071,3737,4496148,110645,19218973
1790116131845340909,13805042,9166332,3737,4496604,110662,19218973
1790116131960357327,13805725,9166583,3737,4497059,110674,19218973
1790116132076635661,13806447,9166835,3737,4497523,110686,19218973
1790116132192898596,13807170,9167056,3737,4498025,110694,19218973
1790116132307532178,13807889,9167304,3737,4498478,110707,19218973
1790116132421422952,13808595,9167593,3737,4498890,110722,19218973
1790116132538721118,13809344,9167893,3737,4499307,110735,19218973
1790116132655980354,13810082,9168187,3737,4499735,110750,19218973
1790116132772006787,13810809,9168431,3737,4500205,110761,19218973
1790116132888617775,13811525,9168693,3737,4500665,110772,19218973
1790116133005664609,13812249,9168948,3737,4501129,110783,19218973
1790116133121675978,13812972,9169204,3737,4501585,110797,19218973
1790116133236560754,13813699,9169458,3737,4501996,110848,19218973
1790116133353385952,13814446,9169708,3737,4502424,110903,19218973
1790116133469152419,13815167,9169969,3737,4502881,110917,19218973
1790116133586633347,13815898,9170204,3737,4503368,110929,19218973
1790116133703809913,13816649,9170467,3737,4503818,110947,19218973
1790116133817427187,13817359,9170743,3737,4504243,110957,19218973
1790116133935320874,13818106,9171029,3737,4504680,110971,19218973
1790116134052395617,13818837,9171317,3737,4505112,110982,19218973
1790116134169906719,13819571,9171581,3737,4505573,110993,19218973
1790116134287358015,13820300,9171816,3737,4506065,111005,19218973
1790116134402439341,13821016,9172066,3737,4506524,111017,19218973
1790116134516222177,13821729,9172322,3737,4506963,111031,19218973
1790116134631015104,13822456,9172568,3737,4507421,111044,19218973
1790116134744301675,13823178,9172817,3737,4507862,111062,19218973
1790116134859905032,13823919,9173062,3737,4508331,111077,19218973
1790116134978251602,13824639,9173306,3737,4508818,111084,19218973
1790116135092919299,13825377,9173552,3737,4509277,111098,19218973
1790116135208812646,13826093,9173818,3737,4509719,111117,19218973
1790116135324143618,13826801,9174072,3737,4510172,111129,19218973
1790116135440052788,13827514,9174325,3737,4510628,111144,19218973
1790116135558627467,13828262,9174588,3737,4511098,111155,19218973
1790116135673635512,13829000,9174846,3737,4511546,111169,19218973
1790116135789924595,13829734,9175099,3737,4512007,111184,19218973
1790116135906283519,13830458,9175354,3737,4512460,111201,19218973
1790116136022203354,13831191,9175623,3737,4512901,111215,19218973
1790116136138592277,13831925,9175888,3737,4513350,111228,19218973
1790116136254016880,13832658,9176143,3737,4513812,111238,19218973
1790116136372220305,13833406,9176405,3737,4514275,111252,19218973
1790116136488141275,13834146,9176682,3737,4514714,111263,19218973
1790116136602792321,13834862,9176935,3737,4515121,111314,19218973
1790116136719436442,13835591,9177186,3737,4515550,111365,19218973
1790116136836888995,13836325,9177440,3737,4516016,111380,19218973
1790116136953979329,13837080,9177682,3737,4516498,111390,19218973
1790116137072172393,13837818,9177937,3737,4516969,111406,19218973
1790116137186800722,13838536,9178213,3737,4517397,111418,19218973
1790116137302437379,13839255,9178475,3737,4517845,111436,19218973
1790116137418765498,13840000,9178737,3737,4518294,111449,19218973
1790116137536682894,13840718,9179006,3737,4518745,111466,19218973
1790116137654722676,13841475,9179266,3737,4519216,111475,19218973
1790116137771060655,13842199,9179545,3737,4519652,111488,19218973
1790116137887320171,13842940,9179834,3737,4520076,111503,19218973
1790116138001518930,13843651,9180089,3737,4520521,111515,19218973
1790116138117535966,13844382,9180375,3737,4520952,111530,19218973
1790116138233060217,13845088,9180609,3737,4521428,111539,19218973
1790116138347649208,13845803,9180833,3737,4521910,111551,19218973
1790116138462977815,13846518,9181078,3737,4522370,111566,19218973
1790116138577785272,13847256,9181346,3737,4522808,111578,19218973
1790116138694382597,13847975,9181611,3737,4523259,111592,19218973
1790116138809027140,13848703,9181886,3737,4523680,111612,19218973
1790116138925281785,13849435,9182120,3737,4524160,111627,19218973
1790116139042865376,13850174,9182370,3737,4524638,111638,19218973
1790116139164814559,13850941,9182703,3737,4525053,111650,19218973
1790116139281857529,13851674,9182980,3737,4525496,111661,19218973
1790116139397835536,13852403,9183253,3737,4525929,111681,19218973
1790116139513712724,13853125,9183504,3737,4526391,111694,19218973
1790116139629645707,13853866,9183745,3737,4526869,111702,19218973
1790116139745756270,13854572,9184013,3737,4527315,111714,19218973
1790116139862891578,13855324,9184292,3737,4527750,111729,19218973
1790116139979148408,13856036,9184569,3737,4528174,111756,19218973
1790116140096055405,13856786,9184828,3737,4528573,111833,19218973
1790116140211091796,13857526,9185091,3737,4529012,111849,19218973
1790116140329680294,13858270,9185328,3737,4529507,111860,19218973
1790116140445911404,13859007,9185573,3737,4529974,111873,19218973
1790116140561637838,13859717,9185843,3737,4530414,111887,19218973
1790116140677767513,13860439,9186098,3737,4530874,111899,19218973
1790116140793047549,13861151,9186378,3737,4531301,111914,19218973
1790116140908662221,13861886,9186634,3737,4531758,111926,19218973
1790116141025451829,13862607,9186884,3737,4532228,111941,19218973
1790116141142867421,13863331,9187142,3737,4532688,111953,19218973
1790116141258979117,13864055,9187397,3737,4533149,111966,19218973
1790116141374516988,13864780,9187696,3737,4533556,111980,19218973
1790116141490428490,13865520,9187962,3737,4534002,111993,19218973
1790116141607374664,13866242,9188257,3737,4534430,112006,19218973
1790116141725582781,13866980,9188493,3737,4534919,112018,19218973
1790116141841809366,13867697,9188745,3737,4535375,112039,19218973
1790116141958817541,13868418,9188999,3737,4535841,112051,19218973
1790116142075056595,13869147,9189262,3737,4536287,112062,19218973
1790116142190631960,13869885,9189533,3737,4536728,112073,19218973
1790116142309035794,13870619,9189774,3737,4537215,112089,19218973
1790116142426037756,13871366,9190035,3737,4537669,112104,19218973
1790116142541915667,13872102,9190278,3737,4538130,112124,19218973
1790116142658268907,13872836,9190520,3737,4538598,112139,19218973
1790116142774525449,13873573,9190766,3737,4539061,112157,19218973
1790116142890447565,13874285,9191018,3737,4539520,112170,19218973
1790116143007410686,13875039,9191248,3737,4540013,112182,19218973
1790116143122225688,13875731,9191517,3737,4540448,112196,19218973
1790116143238630520,13876449,9191797,3737,4540887,112205,19218973
1790116143355303565,13877181,9192068,3737,4541333,112218,19218973
1790116143473865974,13877914,9192304,3737,4541754,112305,19218973
1790116143590261037,13878650,9192549,3737,4542228,112317,19218973
1790116143708775521,13879387,9192816,3737,4542693,112329,19218973
1790116143825309274,13880129,9193090,3737,4543133,112340,19218973
1790116143940951404,13880829,9193348,3737,4543587,112351,19218973
1790116144056918389,13881544,9193592,3737,4544054,112366,19218973
1790116144172359356,13882263,9193855,3737,4544494,112383,19218973
1790116144289316599,13882990,9194099,3737,4544969,112398,19218973
1790116144405061394,13883688,9194320,3737,4545462,112410,19218973
1790116144519376198,13884379,9194598,3737,4545886,112422,19218973
1790116144635348991,13885113,9194860,3737,4546330,112439,19218973
1790116144752796093,13885838,9195118,3737,4546790,112455,19218973
1790116144869918293,13886558,9195368,3737,4547260,112467,19218973
1790116144988025866,13887284,9195604,3737,4547756,112477,19218973
1790116145104981457,13888040,9195859,3737,4548219,112491,19218973
1790116145221369408,13888778,9196116,3737,4548672,112508,19218973
1790116145339601639,13889521,9196391,3737,4549128,112520,19218973
1790116145455873153,13890234,9196654,3737,4549571,112537,19218973
1790116145570939762,13890979,9196912,3737,4550020,112551,19218973
1790116145688812281,13891728,9197164,3737,4550493,112567,19218973
1790116145805949639,13892498,9197413,3737,4550954,112588,19218973
1790116145922081866,13893233,9197663,3737,4551422,112599,19218973
1790116146037474999,13893961,9197911,3737,4551886,112612,19218973
1790116146153470591,13894691,9198177,3737,4552325,112628,19218973
1790116146271290079,13895443,9198450,3737,4552784,112637,19218973
1790116146387917216,13896154,9198674,3737,4553280,112648,19218973
1790116146503780736,13896891,9198968,3737,4553694,112665,19218973
1790116146620197824,13897621,9199271,3737,4554109,112675,19218973
1790116146738160443,13898387,9199547,3737,4554484,112763,19218973
1790116146852895428,13899091,9199821,3737,4554919,112773,19218973
1790116146971241068,13899841,9200088,3737,4555383,112788,19218973
1790116147085669250,13900563,9200336,3737,4555837,112797,19218973
1790116147201091361,13901285,9200589,3737,4556294,112809,19218973
1790116147318381117,13902009,9200863,3737,4556737,112826,19218973
1790116147433777803,13902735,9201139,3737,4557174,112838,19218973
1790116147550665162,13903453,9201410,3737,4557620,112852,19218973
1790116147666524639,13904169,9201670,3737,4558068,112869,19218973
1790116147785181243,13904910,9201901,3737,4558569,112881,19218973
1790116147901585303,13905641,9202157,3737,4559024,112895,19218973
1790116148018415508,13906376,9202412,3737,4559489,112905,19218973
1790116148134610148,13907113,9202664,3737,4559949,112918,19218973
1790116148251260447,13907847,9202920,3737,4560414,112929,19218973
1790116148367347433,13908598,9203147,3737,4560896,112945,19218973
1790116148484743186,13909316,9203392,3737,4561378,112958,19218973
1790116148601713521,13910040,9203657,3737,4561829,112971,19218973
1790116148717163726,13910766,9203922,3737,4562271,112986,19218973
1790116148833938988,13911498,9204211,3737,4562697,112999,19218973
1790116148949278990,13912226,9204494,3737,4563128,113010,19218973
1790116149068226052,13912983,9204719,3737,4563635,113021,19218973
1790116149185056419,13913695,9204969,3737,4564105,113035,19218973
1790116149300916827,13914412,9205243,3737,4564537,113052,19218973
1790116149418066800,13915132,9205495,3737,4565003,113067,19218973
1790116149533607617,13915857,9205765,3737,4565437,113082,19218973
1790116149650565136,13916593,9206011,3737,4565910,113095,19218973
1790116149766385903,13917316,9206282,3737,4566359,113104,19218973
1790116149881269698,13918021,9206533,3737,4566809,113118,19218973
1790116149997653190,13918750,9206784,3737,4567270,113134,19218973
1790116150113551841,13919480,9207018,3737,4567672,113224,19218973
1790116150230060724,13920224,9207266,3737,4568140,113239,19218973
1790116150347050833,13920951,9207526,3737,4568602,113249,19218973
1790116150463562830,13921695,9207760,3737,4569087,113260,19218973
1790116150577849241,13922427,9208012,3737,4569537,113273,19218973
1790116150693732044,13923158,9208286,3737,4569977,113287,19218973
1790116150810621625,13923882,9208586,3737,4570397,113298,19218973
1790116150926298194,13924611,9208836,3737,4570853,113314,19218973
1790116151041309616,13925359,9209090,3737,4571308,113326,19218973
1790116151158097876,13926074,9209336,3737,4571779,113340,19218973
1790116151274184242,13926811,9209599,3737,4572227,113355,19218973
1790116151390553052,13927532,9209855,3737,4572680,113372,19218973
1790116151507429689,13928276,9210160,3737,4573094,113386,19218973
1790116151624037117,13929014,9210462,3737,4573509,113400,19218973
1790116151739605259,13929752,9210696,3737,4573987,113413,19218973
1790116151855307124,13930490,9210952,3737,4574436,113433,19218973
1790116151970086505,13931215,9211222,3737,4574870,113447,19218973
1790116152086637190,13931939,9211480,3737,4575325,113460,19218973
1790116152201295758,13932661,9211724,3737,4575777,113482,19218973
1790116152317907341,13933394,9212009,3737,4576213,113493,19218973
1790116152436824209,13934142,9212253,3737,4576702,113503,19218973
1790116152553608822,13934894,9212504,3737,4577168,113518,19218973
1790116152670004606,13935622,9212769,3737,4577618,113530,19218973
1790116152784103363,13936343,9213021,3737,4578031,113579,19218973
1790116152901131214,13937067,9213265,3737,4578469,113628,19218973
1790116153016295103,13937785,9213543,3737,4578898,113643,19218973
1790116153133187169,13938514,9213793,3737,4579373,113653,19218973
1790116153250520449,13939243,9214095,3737,4579793,113664,19218973
1790116153366150773,13939978,9214359,3737,4580242,113675,19218973
1790116153480995305,13940716,9214633,3737,4580677,113686,19218973
1790116153594078188,13941415,9214886,3737,4581118,113700,19218973
1790116153708439775,13942141,9215129,3737,4581584,113710,19218973
1790116153827856667,13942893,9215381,3737,4582064,113726,19218973
1790116153943626307,13943627,9215657,3737,4582503,113737,19218973
1790116154059303177,13944363,9215915,3737,4582955,113749,19218973
1790116154174826903,13945082,9216179,3737,4583398,113762,19218973
1790116154290838727,13945806,9216433,3737,4583859,113772,19218973
1790116154408941606,13946552,9216705,3737,4584321,113781,19218973
1790116154525932343,13947297,9216971,3737,4584773,113794,19218973
1790116154641978220,13948026,9217220,3737,4585236,113808,19218973
1790116154758695768,13948776,9217468,3737,4585706,113820,19218973
1790116154876343924,13949533,9217735,3737,4586156,113839,19218973
1790116154989561557,13950243,9217988,3737,4586600,113851,19218973
1790116155106384957,13950980,9218225,3737,4587085,113862,19218973
1790116155224106670,13951724,9218493,3737,4587540,113875,19218973
1790116155340135413,13952457,9218749,3737,4587996,113886,19218973
1790116155454763139,13953192,9218995,3737,4588458,113899,19218973
1790116155570479564,13953927,9219247,3737,4588914,113911,19218973
1790116155686579845,13954662,9219499,3737,4589381,113921,19218973
1790116155802798245,13955365,9219727,3737,4589865,113933,19218973
1790116155919142656,13956087,9219983,3737,4590326,113946,19218973
1790116156036228345,13956820,9220252,3737,4590774,113961,19218973
1790116156153556074,13957578,9220490,3737,4591178,114052,19218973
1790116156269589221,13958303,9220743,3737,4591636,114067,19218973
1790116156387075464,13959046,9220990,3737,4592111,114084,19218973
1790116156505239330,13959789,9221229,3737,4592597,114097,19218973
1790116156621782243,13960523,9221481,3737,4593064,114110,19218973
1790116156738319799,13961243,9221757,3737,4593500,114127,19218973
1790116156853642775,13961956,9222003,3737,4593963,114140,19218973
1790116156970369104,13962695,9222246,3737,4594434,114154,19218973
1790116157087078874,13963428,9222560,3737,4594839,114164,19222045
1790116157198846537,13964140,9223247,3737,4594854,114170,19249437
1790116157316795285,13964888,9223336,3737,4595506,114171,19249437
1790116157433104287,13965632,9223454,3737,4596132,114171,19249437
1790116157547710399,13966363,9223486,3737,4596827,114171,19249437
1790116157664936184,13967117,9223627,3737,4597431,114172,19249437
1790116157782374305,13967868,9223718,3737,4598088,114173,19249437
1790116157897018591,13968600,9223769,3737,4598766,114173,19249437
1790116158013454017,13969335,9223930,3737,4599345,114174,19249437
1790116158132038121,13970092,9224112,3737,4599919,114174,19249437
1790116158246562598,13970823,9224253,3737,4600504,114174,19249437
1790116158363447038,13971565,9224415,3737,4601084,114176,19249437
1790116158481562911,13972323,9224527,3737,4601723,114176,19249437
1790116158596144206,13973055,9224622,3737,4602359,114177,19249437
1790116158714781573,13973809,9224737,3737,4602995,114177,19249437
1790116158832870143,13974563,9224835,3737,4603650,114177,19249437
1790116158947198466,13975287,9224940,3737,4604273,114179,19249437
1790116159065133922,13976040,9225013,3737,4604953,114179,19249437
1790116159181755975,13976784,9225090,3737,4605615,114179,19249437
1790116159296253052,13977516,9225174,3737,4606261,114180,19249437
1790116159414157838,13978265,9225293,3737,4606893,114180,19249437
1790116159529043716,13979000,9225324,3737,4607596,114180,19249437
1790116159643516665,13979737,9225403,3737,4608241,114182,19249437
1790116159761861339,13980490,9225545,3737,4608849,114182,19249437
1790116159876443973,13981227,9225577,3737,4609552,114182,19249437
1790116159995134320,13981974,9225695,3737,4610186,114183,19249437
1790116160109277551,13982698,9225829,3737,4610780,114183,19249437
1790116160223859230,13983439,9225869,3737,4611466,114183,19249437
1790116160338472062,13984170,9226006,3737,4612057,114184,19249437
1790116160461576788,13984956,9226097,3737,4612749,114185,19249437
1790116160579848798,13985714,9226161,3737,4613439,114186,19249437
1790116160699564057,13986478,9226289,3737,4614069,114187,19249437
1790116160823776995,13987268,9226476,3737,4614672,114187,19249437
1790116160939469958,13988013,9226599,3737,4615287,114187,19249437
1790116161057657425,13988768,9226675,3737,4615962,114187,19249437
1790116161175556299,13989514,9226851,3737,4616534,114189,19249437
1790116161293746257,13990268,9227007,3737,4617129,114189,19249437
1790116161408399257,13991004,9227061,3737,4617808,114189,19249437
1790116161526098395,13991757,9227151,3737,4618469,114189,19249437
1790116161644573445,13992518,9227306,3737,4619064,114190,19249437
1790116161774926834,13993354,9227476,3737,4619720,114190,19249437
1790116161896438809,13994132,9227621,3737,4620351,114191,19249437
1790116162014610074,13994887,9227781,3737,4620940,114191,19249437
1790116162132832793,13995644,9227859,3737,4621614,114192,19249437
1790116162249375932,13996391,9227934,3737,4622285,114192,19249437
1790116162364186826,13997115,9228023,3737,4622926,114193,19249437
1790116162482187575,13997876,9228158,3737,4623542,114193,19249437
1790116162599917073,13998634,9228308,3737,4624136,114193,19249437
1790116162721565121,13999413,9228412,3737,4624808,114194,19249437
1790116162845182886,14000201,9228571,3737,4625437,114194,19249437
1790116162962626594,14000946,9228691,3737,4626061,114195,19249437
1790116163085572858,14001734,9228789,3737,4626746,114195,19249437
1790116163203771811,14002489,9228872,3737,4627414,114195,19249437
1790116163319589719,14003235,9228960,3737,4628064,114195,19249437
1790116163437550930,14003987,9229124,3737,4628651,114196,19249437
1790116163554527114,14004739,9229258,3737,4629260,114196,19249437
1790116163672624754,14005490,9229382,3737,4629889,114197,19249437
1790116163788450255,14006228,9229544,3737,4630463,114198,19249437
1790116163906571778,14006979,9229685,3737,4631072,114198,19249437
1790116164021557307,14007718,9229712,3737,4631778,114198,19249437
1790116164138785235,14008467,9229809,3737,4632427,114199,19249437
1790116164254238435,14009210,9229911,3737,4633061,114199,19249437
1790116164372445590,14009966,9230093,3737,4633627,114201,19249437
1790116164490356784,14010718,9230212,3737,4634258,114201,19249437
1790116164608124586,14011468,9230362,3737,4634857,114202,19249437
1790116164725867258,14012222,9230509,3737,4635456,114202,19249437
1790116164844101944,14012976,9230624,3737,4636099,114202,19249437
1790116164958322742,14013710,9230715,3737,4636732,114202,19249437
1790116165076279856,14014465,9230808,3737,4637389,114203,19249437
1790116165189325069,14015178,9231011,3737,4637905,114204,19249437
1790116165306589221,14015933,9231114,3737,4638545,114204,19249437
1790116165424797081,14016687,9231218,3737,4639196,114204,19249437
1790116165537736415,14017411,9231358,3737,4639772,114205,19249437
1790116165655824138,14018169,9231489,3737,4640391,114205,19249437
1790116165788664841,14019015,9231545,3737,4641182,114205,19249437
1790116165901917359,14019737,9231708,3737,4641735,114206,19249437
1790116166020009979,14020489,9231836,3737,4642365,114206,19249437
1790116166135868085,14021237,9232023,3737,4642908,114207,19249437
1790116166253913331,14021992,9232180,3737,4643503,114207,19249437
1790116166372118689,14022749,9232338,3737,4644100,114208,19249437
1790116166490322020,14023501,9232459,3737,4644730,114209,19249437
1790116166603411467,14024232,9232587,3737,4645322,114209,19249437
1790116166718024610,14024963,9232701,3737,4645937,114211,19249437
1790116166836551905,14025723,9232813,3737,4646577,114211,19249437
1790116166954764548,14026469,9232959,3737,4647180,114211,19249437
1790116167071315018,14027213,9233072,3737,4647811,114211,19249437
1790116167189320171,14027971,9233204,3737,4648430,114212,19249437
1790116167306462658,14028714,9233339,3737,4649038,114213,19249437
1790116167424390234,14029469,9233416,3737,4649713,114213,19249437
1790116167539082777,14030197,9233462,3737,4650398,114214,19249437
1790116167656380279,14030957,9233566,3737,4651039,114214,19249437
1790116167774315416,14031705,9233699,3737,4651657,114214,19249437
1790116167891820288,14032464,9233807,3737,4652294,114216,19249437
1790116168006978749,14033202,9233921,3737,4652909,114216,19249437
1790116168125039767,14033957,9234057,3737,4653529,114217,19249437
1790116168243052626,14034713,9234179,3737,4654157,114217,19249437
1790116168358084060,14035450,9234213,3737,4654857,114217,19249437
1790116168475043755,14036201,9234328,3737,4655485,114217,19249437
1790116168591962086,14036943,9234465,3737,4656092,114218,19249437
1790116168709822490,14037704,9234602,3737,4656698,114219,19249437
1790116168827697339,14038466,9234747,3737,4657304,114219,19249437
1790116168945852874,14039212,9234902,3737,4657898,114220,19249437
1790116169063924016,14039968,9234996,3737,4658556,114220,19249437
1790116169182069575,14040724,9235073,3737,4659237,114220,19249437
1790116169296520183,14041460,9235164,3737,4659866,114222,19249437
1790116169414617607,14042215,9235259,3737,4660525,114222,19249437
1790116169528890627,14042953,9235442,3737,4661066,114222,19249437
1790116169646557182,14043702,9235584,3737,4661673,114223,19249437
1790116169764545001,14044452,9235723,3737,4662286,114223,19249437
1790116169879303184,14045184,9235829,3737,4662910,114225,19249437
1790116169997393941,14045948,9235947,3737,4663542,114226,19249437
1790116170112084156,14046675,9235973,3737,4664248,114226,19249437
1790116170225371048,14047408,9236108,3737,4664833,114226,19249437
1790116170343433688,14048165,9236184,3737,4665507,114226,19249437
1790116170461326004,14048915,9236336,3737,4666103,114229,19249437
1790116170579476949,14049679,9236465,3737,4666725,114230,19249437
1790116170697574859,14050425,9236629,3737,4667309,114231,19249437
1790116170815751356,14051184,9236706,3737,4667986,114231,19249437
1790116170933058710,14051930,9236800,3737,4668641,114231,19249437
1790116171047658613,14052663,9236880,3737,4669285,114232,19249437
1790116171165731430,14053417,9237028,3737,4669889,114232,19249437
1790116171283481790,14054174,9237184,3737,4670482,114233,19249437
1790116171401580117,14054925,9237285,3737,4671131,114234,19249437
1790116171519577523,14055686,9237467,3737,4671700,114234,19249437
1790116171636131456,14056431,9237596,3737,4672314,114235,19249437
1790116171754297474,14057182,9237688,3737,4672974,114235,19249437
1790116171868881747,14057925,9237742,3737,4673646,114235,19249437
1790116171984579582,14058666,9237850,3737,4674275,114235,19249437
1790116172102563198,14059420,9237984,3737,4674893,114236,19249437
1790116172220794297,14060178,9238073,3737,4675545,114245,19249437
1790116172338080115,14060927,9238188,3737,4676124,114301,19249437
1790116172456388585,14061687,9238326,3737,4676700,114338,19249437
1790116172574980332,14062442,9238427,3737,4677310,114382,19249437
1790116172690193065,14063173,9238471,3737,4678001,114382,19249437
1790116172804557132,14063906,9238547,3737,4678609,114422,19249437
1790116172922667523,14064661,9238656,3737,4679205,114469,19249437
1790116173041815065,14065423,9238768,3737,4679807,114512,19249437
1790116173159474368,14066180,9238845,3737,4680445,114548,19249437
1790116173277594531,14066936,9238970,3737,4681069,114549,19249437
1790116173393124646,14067670,9239092,3737,4681685,114550,19249437
1790116173511091222,14068431,9239170,3737,4682358,114550,19249437
1790116173625804261,14069171,9239217,3737,4683037,114550,19249437
1790116173743362263,14069919,9239366,3737,4683636,114552,19249437
1790116173861277568,14070670,9239508,3737,4684245,114552,19249437
1790116173978423198,14071410,9239638,3737,4684859,114553,19249437
1790116174094421939,14072150,9239777,3737,4685458,114553,19249437
1790116174212253296,14072891,9239942,3737,4686041,114555,19249437
1790116174330322312,14073646,9240069,3737,4686665,114555,19249437
1790116174446530804,14074396,9240096,3737,4687378,114555,19249437
1790116174561522978,14075134,9240188,3737,4688016,114556,19249437
1790116174679619898,14075889,9240343,3737,4688612,114556,19249437
1790116174797735811,14076647,9240506,3737,4689201,114556,19249437
1790116174915720510,14077404,9240599,3737,4689858,114556,19249437
1790116175033315375,14078145,9240786,3737,4690421,114556,19249437
1790116175149740524,14078895,9240904,3737,4691040,114557,19249437
1790116175268034094,14079646,9241003,3737,4691698,114558,19249437
1790116175382709975,14080383,9241082,3737,4692347,114558,19249437
1790116175500743634,14081136,9241179,3737,4692998,114558,19249437
1790116175618729487,14081895,9241317,3737,4693610,114559,19249437
1790116175733721999,14082623,9241442,3737,4694216,114560,19249437
1790116175851754286,14083376,9241523,3737,4694886,114561,19249437
1790116175969635338,14084129,9241688,3737,4695468,114562,19249437
1790116176087772016,14084883,9241821,3737,4696087,114562,19249437
1790116176202145893,14085612,9241842,3737,4696799,114562,19249437
1790116176320904189,14086373,9241922,3737,4697469,114563,19249437
1790116176438055805,14087127,9242050,3737,4698090,114563,19249437
1790116176555971170,14087875,9242226,3737,4698657,114564,19249437
1790116176673995276,14088623,9242363,3737,4699272,114565,19249437
1790116176791731146,14089376,9242508,3737,4699875,114565,19249437
1790116176910052930,14090132,9242614,3737,4700527,114565,19249437
1790116177028159794,14090890,9242706,3737,4701187,114566,19249437
1790116177142840916,14091625,9242793,3737,4701825,114566,19249437
1790116177260701188,14092377,9242880,3737,4702492,114567,19249437
1790116177375288814,14093101,9243044,3737,4703056,114567,19249437
1790116177493105244,14093853,9243148,3737,4703702,114568,19249437
1790116177611156777,14094609,9243273,3737,4704329,114569,19249437
1790116177728620055,14095365,9243412,3737,4704936,114569,19249437
1790116177847102008,14096118,9243526,3737,4705577,114569,19249437
1790116177961583638,14096850,9243575,3737,4706257,114570,19249437
1790116178078334918,14097591,9243675,3737,4706898,114571,19249437
1790116178196522397,14098352,9243752,3737,4707572,114571,19249437
1790116178311274098,14099081,9243810,3737,4708246,114571,19249437
1790116178430055678,14099843,9243918,3737,4708895,114572,19249437
1790116178548106126,14100602,9243995,3737,4709570,114572,19249437
1790116178662994054,14101333,9244086,3737,4710202,114573,19249437
1790116178781119639,14102087,9244178,3737,4710865,114573,19249437
1790116178896768681,14102828,9244248,3737,4711530,114573,19249437
1790116179012014792,14103552,9244323,3737,4712192,114574,19249437
1790116179130239458,14104300,9244451,3737,4712815,114574,19249437
1790116179244651857,14105036,9244481,3737,4713512,114574,19249437
1790116179360194108,14105768,9244575,3737,4714155,114575,19249437
1790116179478189911,14106517,9244713,3737,4714767,114575,19249437
1790116179593198225,14107249,9244750,3737,4715461,114576,19249437
1790116179711765120,14108014,9244888,3737,4716075,114576,19249437
1790116179829994574,14108773,9244970,3737,4716742,114576,19249437
1790116179944779806,14109506,9245021,3737,4717424,114577,19249437
1790116180061912760,14110253,9245127,3737,4718062,114577,19249437
1790116180179880946,14111012,9245234,3737,4718706,114577,19249437
1790116180294305924,14111739,9245312,3737,4719355,114583,19249437
1790116180411457798,14112494,9245412,3737,4720000,114583,19249437
1790116180529445584,14113247,9245492,3737,4720671,114584,19249437
1790116180644249276,14113971,9245574,3737,4721320,114584,19249437
1790116180762354280,14114726,9245671,3737,4721974,114584,19249437
1790116180878758834,14115471,9245756,3737,4722629,114584,19249437
1790116180993630049,14116191,9245869,3737,4723245,114587,19249437
1790116181108266279,14116894,9246137,3737,4723684,114597,19249437
1790116181225379603,14117638,9246378,3737,4724159,114611,19249437
1790116181341913958,14118344,9246642,3737,4724613,114625,19249437
1790116181458142287,14119062,9246850,3737,4724985,114773,19249437
1790116181575279828,14119799,9247078,3737,4725387,114878,19249437
1790116181690637827,14120533,9247315,3737,4725862,114886,19249437
1790116181812761322,14121302,9247569,3737,4726363,114901,19249437
1790116181928742211,14122030,9247821,3737,4726824,114913,19249437
1790116182044110827,14122745,9248074,3737,4727272,114930,19249437
1790116182159976417,14123462,9248342,3737,4727714,114946,19249437
1790116182277204930,14124211,9248587,3737,4728186,114961,19249437
1790116182394187034,14124933,9248824,3737,4728671,114972,19249437
1790116182509151443,14125646,9249068,3737,4729132,114988,19249437
1790116182624788092,14126373,9249336,3737,4729572,115002,19249437
1790116182741970515,14127106,9249581,3737,4730048,115015,19249437
1790116182857275956,14127831,9249848,3737,4730485,115030,19249437
1790116182973880256,14128556,9250121,3737,4730929,115043,19249437
1790116183088962343,14129301,9250363,3737,4731397,115055,19249437
1790116183207785034,14130039,9250615,3737,4731874,115070,19249437
1790116183322456377,14130753,9250887,3737,4732303,115085,19249437
1790116183438639101,14131503,9251180,3737,4732725,115099,19249437
1790116183554324541,14132227,9251438,3737,4733175,115113,19249437
1790116183671222614,14132965,9251695,3737,4733638,115124,19249437
1790116183788108710,14133698,9251925,3737,4734136,115135,19249437
1790116183904183118,14134431,9252188,3737,4734571,115157,19249437
1790116184020203238,14135168,9252456,3737,4735011,115175,19249437
1790116184136079831,14135891,9252733,3737,4735442,115191,19249437
1790116184255966754,14136637,9252973,3737,4735871,115274,19249437
1790116184370722221,14137383,9253207,3737,4736342,115290,19249437
1790116184491070840,14138113,9253458,3737,4736834,115300,19249437
1790116184608163611,14138840,9253764,3737,4737248,115313,19249437
1790116184724613530,14139576,9254042,3737,4737677,115330,19249437
1790116184838875692,14140300,9254305,3737,4738116,115344,19249437
1790116184955126030,14141027,9254561,3737,4738579,115358,19249437
1790116185071724076,14141763,9254809,3737,4739043,115370,19249437
1790116185189295110,14142498,9255069,3737,4739505,115385,19249437
1790116185307109245,14143234,9255336,3737,4739958,115402,19249437
1790116185422706913,14143968,9255575,3737,4740424,115418,19249437
1790116185538410223,14144695,9255823,3737,4740882,115436,19249437
1790116185655030276,14145442,9256062,3737,4741363,115449,19249437
1790116185771087042,14146152,9256305,3737,4741833,115460,19249437
1790116185890218254,14146905,9256600,3737,4742273,115471,19249437
1790116186006436901,14147648,9256855,3737,4742727,115490,19249437
1790116186122122177,14148374,9257117,3737,4743176,115503,19249437
1790116186237931836,14149100,9257369,3737,4743636,115514,19249437
1790116186353328897,14149828,9257620,3737,4744092,115529,19249437
1790116186469974129,14150573,9257855,3737,4744578,115542,19249437
1790116186586883994,14151314,9258108,3737,4745042,115556,19249437
1790116186700948430,14152024,9258356,3737,4745492,115568,19249437
1790116186818214474,14152759,9258673,3737,4745896,115582,19249437
1790116186933684457,14153482,9258926,3737,4746272,115677,19249437
1790116187050623982,14154218,9259176,3737,4746737,115694,19249437
1790116187166995578,14154962,9259404,3737,4747227,115708,19249437
1790116187283438971,14155713,9259661,3737,4747674,115729,19249437
1790116187398645302,14156439,9259915,3737,4748125,115748,19249437
1790116187513595784,14157167,9260162,3737,4748573,115767,19249437
1790116187631123466,14157886,9260421,3737,4749037,115779,19249437
1790116187748296183,14158612,9260646,3737,4749532,115791,19249437
1790116187864380558,14159348,9260943,3737,4749954,115802,19249437
1790116187979563011,14160085,9261200,3737,4750404,115818,19249437
1790116188095431932,14160835,9261453,3737,4750856,115836,19249437
1790116188212202524,14161551,9261713,3737,4751311,115849,19249437
1790116188328083673,14162286,9261981,3737,4751753,115863,19249437
1790116188442594439,14163003,9262199,3737,4752236,115879,19249437
1790116188556515694,14163714,9262464,3737,4752671,115890,19249437
1790116188670413528,14164421,9262744,3737,4753095,115900,19249437
1790116188786887929,14165146,9262996,3737,4753558,115913,19249437
1790116188902550851,14165877,9263244,3737,4754016,115928,19249437
1790116189017130880,14166602,9263495,3737,4754477,115935,19249437
1790116189132452457,14167316,9263724,3737,4754967,115943,19249437
1790116189248349070,14168041,9263988,3737,4755412,115957,19249437
1790116189364717898,14168750,9264255,3737,4755858,115969,19249437
1790116189481210815,14169493,9264509,3737,4756322,115982,19249437
1790116189596819088,14170216,9264773,3737,4756769,115993,19249437
1790116189712618328,14170942,9265028,3737,4757224,116006,19249437
1790116189828673347,14171665,9265279,3737,4757698,116013,19249437
1790116189942381205,14172382,9265531,3737,4758138,116028,19249437
1790116190058548465,14173090,9265795,3737,4758588,116040,19249437
1790116190175042678,14173803,9266091,3737,4759008,116054,19249437
1790116190290579955,14174515,9266368,3737,4759438,116070,19249437
1790116190406768202,14175258,9266613,3737,4759915,116079,19249437
1790116190530186447,14176031,9266881,3737,4760408,116090,19249437
1790116190646423587,14176776,9267163,3737,4760836,116108,19249437
1790116190762405276,14177517,9267414,3737,4761303,116118,19249437
1790116190878706994,14178235,9267678,3737,4761709,116171,19249437
1790116190994679790,14178963,9267913,3737,4762149,116222,19249437
1790116191110952063,14179705,9268228,3737,4762553,116233,19249437
1790116191228551429,14180435,9268504,3737,4762998,116247,19249437
1790116191345065105,14181163,9268768,3737,4763448,116267,19249437
1790116191461342756,14181904,9269031,3737,4763902,116275,19249437
1790116191576870262,14182613,9269279,3737,4764365,116287,19249437
1790116191692726414,14183345,9269519,3737,4764837,116300,19249437
1790116191809148196,14184070,9269752,3737,4765318,116313,19249437
1790116191924889704,14184789,9270021,3737,4765762,116325,19249437
1790116192041633088,14185533,9270310,3737,4766188,116341,19249437
1790116192157614067,14186267,9270601,3737,4766615,116351,19249437
1790116192274520914,14187008,9270863,3737,4767070,116363,19249437
1790116192391605644,14187739,9271117,3737,4767537,116375,19249437
1790116192510303359,14188484,9271389,3737,4767995,116387,19249437
1790116192629011317,14189196,9271642,3737,4768475,116397,19249437
1790116192745624092,14189906,9271896,3737,4768935,116411,19249437
1790116192861832810,14190619,9272170,3737,4769372,116425,19249437
1790116192976910611,14191331,9272413,3737,4769840,116437,19249437
1790116193093031807,14192078,9272686,3737,4770281,116447,19249437
1790116193208954632,14192827,9272947,3737,4770737,116459,19249437
1790116193326396890,14193563,9273251,3737,4771153,116473,19249437
1790116193442048435,14194298,9273511,3737,4771603,116488,19249437
1790116193558896628,14195006,9273766,3737,4772061,116503,19249437
1790116193671654870,14195709,9273992,3737,4772455,116591,19249437
1790116193787669272,14196410,9274268,3737,4772897,116602,19249437
1790116193903725630,14197146,9274503,3737,4773376,116616,19249437
1790116194019423023,14197854,9274757,3737,4773836,116627,19249437
1790116194133439651,14198559,9275011,3737,4774282,116639,19249437
1790116194248693694,14199265,9275278,3737,4774721,116650,19249437
1790116194365155288,14199988,9275544,3737,4775174,116660,19249437
1790116194481240271,14200726,9275789,3737,4775646,116671,19249437
1790116194600665919,14201506,9276035,3737,4776133,116685,19249437
1790116194716916834,14202220,9276291,3737,4776584,116703,19249437
1790116194830824688,14202939,9276559,3737,4777021,116713,19249437
1790116194948154033,14203658,9276823,3737,4777471,116730,19249437
1790116195064719581,14204407,9277101,3737,4777907,116746,19249437
1790116195183864000,14205149,9277337,3737,4778404,116760,19249437
1790116195300225682,14205875,9277595,3737,4778860,116776,19249437
1790116195415757041,14206608,9277851,3737,4779307,116796,19249437
1790116195529979579,14207331,9278154,3737,4779701,116811,19249437
1790116195646478183,14208075,9278490,3737,4780086,116820,19249437
1790116195762216737,14208797,9278760,3737,4780529,116831,19249437
1790116195880931896,14209549,9279013,3737,4781006,116846,19249437
1790116195996747509,14210280,9279273,3737,4781455,116861,19249437
1790116196111305599,14210991,9279540,3737,4781892,116875,19249437
1790116196228267750,14211713,9279796,3737,4782354,116885,19249437
1790116196346545791,14212443,9280051,3737,4782832,116897,19249437
1790116196462127603,14213151,9280300,3737,4783289,116911,19249437
1790116196578828727,14213882,9280545,3737,4783765,116920,19249437
1790116196691328550,14214599,9280809,3737,4784191,116935,19249437
1790116196807302561,14215345,9281139,3737,4784576,116947,19249437
1790116196924531786,14216074,9281401,3737,4785033,116960,19249437
1790116197040569443,14216806,9281629,3737,4785449,117045,19249437
1790116197155849830,14217531,9281883,3737,4785905,117055,19249437
1790116197270390489,14218255,9282169,3737,4786334,117062,19249437
1790116197386728315,14219009,9282448,3737,4786760,117082,19249437
1790116197503369479,14219739,9282703,3737,4787223,117095,19249437
1790116197620022091,14220460,9282973,3737,4787668,117107,19249437
1790116197736230030,14221183,9283250,3737,4788107,117124,19249437
1790116197852733856,14221915,9283484,3737,4788587,117135,19249437
1790116197971200936,14222661,9283739,3737,4789057,117152,19249437
1790116198087553556,14223389,9283999,3737,4789514,117162,19249437
1790116198203542263,14224102,9284264,3737,4789957,117179,19249437
1790116198320975889,14224830,9284517,3737,4790428,117191,19249437
1790116198437779192,14225565,9284772,3737,4790893,117201,19249437
1790116198556593671,14226302,9285009,3737,4791392,117211,19249437
1790116198674474653,14227054,9285250,3737,4791871,117227,19249437
1790116198790572523,14227822,9285509,3737,4792324,117243,19249437
1790116198905946002,14228544,9285756,3737,4792785,117255,19249437
1790116199022069843,14229270,9286016,3737,4793237,117269,19249437
1790116199137857846,14229986,9286272,3737,4793695,117283,19249437
1790116199255263293,14230728,9286510,3737,4794180,117293,19249437
1790116199370705834,14231458,9286760,3737,4794636,117309,19249437
1790116199487637379,14232197,9287026,3737,4795086,117323,19249437
1790116199605071575,14232950,9287331,3737,4795507,117337,19249437
1790116199720580544,14233674,9287590,3737,4795955,117351,19249437
1790116199836617232,14234429,9287813,3737,4796451,117358,19249437
1790116199954210989,14235173,9288059,3737,4796931,117369,19249437
1790116200069567518,14235884,9288345,3737,4797354,117381,19249437
1790116200186170263,14236623,9288604,3737,4797817,117390,19249437
1790116200301714948,14237345,9288858,3737,4798273,117406,19249437
1790116200420274408,14238088,9289121,3737,4798672,117484,19249437
1790116200535303068,14238828,9289351,3737,4799154,117493,19249437
1790116200650555761,14239564,9289602,3737,4799612,117507,19249437
1790116200766688138,14240284,9289852,3737,4800079,117517,19249437
1790116200882431633,14241017,9290102,3737,4800536,117533,19249437
1790116200998688374,14241755,9290370,3737,4800987,117545,19249437
1790116201114590502,14242485,9290619,3737,4801449,117560,19249437
1790116201233161792,14243214,9290848,3737,4801951,117570,19249437
1790116201351516415,14243947,9291120,3737,4802405,117582,19249437
1790116201466894884,14244656,9291387,3737,4802843,117598,19249437
1790116201583554842,14245387,9291641,3737,4803308,117609,19249437
1790116201700262069,14246112,9291954,3737,4803712,117625,19249437
1790116201815592730,14246837,9292186,3737,4804181,117644,19249437
1790116201931384080,14247569,9292422,3737,4804663,117655,19249437
1790116202046011793,14248284,9292676,3737,4805111,117670,19249437
1790116202161649421,14249012,9292947,3737,4805549,117685,19249437
1790116202277940552,14249754,9293221,3737,4805992,117695,19249437
1790116202394294676,14250497,9293489,3737,4806441,117708,19249437
1790116202510026711,14251216,9293742,3737,4806902,117717,19249437
1790116202632007668,14251978,9294002,3737,4807397,117729,19249437
1790116202748782006,14252698,9294283,3737,4807832,117742,19249437
1790116202866234665,14253430,9294546,3737,4808286,117757,19249437
1790116202982105246,14254153,9294816,3737,4808726,117773,19249437
1790116203099278395,14254901,9295076,3737,4809188,117786,19249437
1790116203215347648,14255623,9295316,3737,4809661,117797,19249437
1790116203332280109,14256363,9295602,3737,4810097,117810,19249437
1790116203447649784,14257097,9295894,3737,4810517,117822,19249437
1790116203564574982,14257833,9296187,3737,4810937,117836,19249437
1790116203680250484,14258567,9296435,3737,4811367,117884,19249437
1790116203796227534,14259290,9296709,3737,4811772,117932,19249437
1790116203913985338,14260017,9296937,3737,4812267,117950,19249437
1790116204031152656,14260741,9297190,3737,4812727,117966,19249437
1790116204146941225,14261463,9297503,3737,4813127,117979,19249437
1790116204263104182,14262199,9297762,3737,4813580,117993,19249437
1790116204380382095,14262935,9298037,3737,4814024,118009,19249437
1790116204496348921,14263664,9298305,3737,4814465,118027,19249437
1790116204614065798,14264409,9298531,3737,4814964,118040,19249437
1790116204730670311,14265140,9298798,3737,4815410,118057,19249437
1790116204847298761,14265881,9299087,3737,4815841,118069,19249437
1790116204962946901,14266591,9299384,3737,4816257,118078,19249437
1790116205077181649,14267307,9299665,3737,4816679,118090,19249437
1790116205193352804,14268036,9299911,3737,4817147,118105,19249437
1790116205309685360,14268770,9300157,3737,4817624,118113,19249437
1790116205427801342,14269510,9300413,3737,4818088,118130,19249437
1790116205542914185,14270228,9300675,3737,4818533,118146,19249437
1790116205658742244,14270951,9300966,3737,4818952,118159,19249437
1790116205772130950,14271661,9301242,3737,4819368,118177,19249437
1790116205886616436,14272383,9301517,3737,4819796,118191,19249437
1790116206005188611,14273109,9301758,3737,4820289,118206,19249437
1790116206121406969,14273844,9302021,3737,4820736,118218,19249437
1790116206236809521,14274568,9302309,3737,4821155,118233,19249437
1790116206353386344,14275297,9302601,3737,4821578,118247,19249437
1790116206469155159,14276033,9302855,3737,4822043,118257,19249437
1790116206585030621,14276761,9303109,3737,4822500,118269,19249437
1790116206702251298,14277486,9303362,3737,4822968,118281,19249437
1790116206818633135,14278200,9303640,3737,4823407,118293,19249437
1790116206935626665,14278939,9303902,3737,4823861,118308,19249437
1790116207051072184,14279663,9304173,3737,4824298,118321,19249437
1790116207169800042,14280431,9304435,3737,4824689,118416,19249437
1790116207285625279,14281147,9304662,3737,4825174,118427,19249437
1790116207403135361,14281903,9304931,3737,4825623,118446,19249437
1790116207518670255,14282622,9305184,3737,4826083,118458,19249437
1790116207633709918,14283336,9305426,3737,4826547,118471,19249437
1790116207750996803,14284059,9305683,3737,4827009,118482,19249437
1790116207867915410,14284775,9305933,3737,4827480,118493,19249437
1790116207984963050,14285514,9306152,3737,4827987,118501,19249437
1790116208100087198,14286248,9306406,3737,4828435,118518,19249437
1790116208215958319,14286987,9306712,3737,4828839,118532,19249437
1790116208330433724,14287711,9306966,3737,4829288,118547,19249437
1790116208445977648,14288422,9307224,3737,4829735,118561,19249437
1790116208561946010,14289169,9307482,3737,4830196,118572,19249437
1790116208679135415,14289927,9307763,3737,4830639,118586,19249437
1790116208795304515,14290631,9308025,3737,4831089,118598,19249437
1790116208911629282,14291383,9308277,3737,4831549,118613,19249437
1790116209028262166,14292115,9308535,3737,4832008,118625,19249437
1790116209145165232,14292824,9308815,3737,4832444,118641,19249437
1790116209261889203,14293572,9309101,3737,4832881,118652,19249437
1790116209382031956,14294346,9309375,3737,4833352,118660,19249437
1790116209500370674,14295092,9309625,3737,4833827,118678,19249437
1790116209614759002,14295793,9309885,3737,4834263,118695,19249437
1790116209730914116,14296510,9310149,3737,4834710,118708,19249437
1790116209847138653,14297256,9310410,3737,4835090,118797,19249437
1790116209963961787,14297981,9310621,3737,4835596,118812,19249437
1790116210080447495,14298706,9310866,3737,4836068,118822,19249437
1790116210195079804,14299420,9311132,3737,4836503,118841,19249437
1790116210311129049,14300149,9311390,3737,4836956,118854,19249437
1790116210427256674,14300877,9311649,3737,4837406,118868,19249437
1790116210543811682,14301596,9311908,3737,4837863,118881,19249437
1790116210662241883,14302347,9312142,3737,4838359,118892,19249437
1790116210779879711,14303075,9312405,3737,4838818,118907,19249437
1790116210896658253,14303817,9312674,3737,4839260,118928,19249437
1790116211013569135,14304548,9312921,3737,4839727,118944,19249437
1790116211130092709,14305261,9313195,3737,4840171,118956,19249437
1790116211247077490,14306015,9313463,3737,4840620,118971,19249437
1790116211364385065,14306744,9313719,3737,4841091,118980,19249437
1790116211482616010,14307500,9313978,3737,4841555,118995,19249437
1790116211597328359,14308222,9314250,3737,4841987,119008,19249437
1790116211712609500,14308944,9314508,3737,4842434,119023,19249437
1790116211828265660,14309664,9314755,3737,4842897,119037,19249437
1790116211944435303,14310397,9315015,3737,4843347,119055,19249437
1790116212063545314,14311149,9315248,3737,4843855,119066,19249437
1790116212178766804,14311887,9315515,3737,4844288,119083,19249437
1790116212295350724,14312614,9315796,3737,4844721,119099,19249437
1790116212409771768,14313330,9316055,3737,4845166,119112,19249437
1790116212525219864,14314050,9316306,3737,4845621,119125,19249437
1790116212641673903,14314775,9316544,3737,4846101,119141,19249437
1790116212757770982,14315522,9316818,3737,4846541,119153,19249437
1790116212874452857,14316242,9317076,3737,4846991,119173,19249437
1790116212990798653,14316966,9317364,3737,4847421,119183,19249437
1790116213107108705,14317707,9317649,3737,4847854,119194,19249437
1790116213224216610,14318445,9317883,3737,4848271,119276,19249437
1790116213340634893,14319180,9318103,3737,4848773,119285,19249437
1790116213457780083,14319918,9318351,3737,4849247,119298,19249437
1790116213573293855,14320633,9318609,3737,4849701,119308,19249437
1790116213689808733,14321349,9318874,3737,4850148,119326,19249437
1790116213806396096,14322085,9319141,3737,4850593,119340,19249437
1790116213923133634,14322828,9319396,3737,4851054,119354,19249437
1790116214039316282,14323558,9319856,3737,4851313,119365,19263901
1790116214152110980,14324277,9320467,3737,4851410,119369,19285021
1790116214266903093,14325005,9320584,3737,4852020,119372,19285021
1790116214392082382,14325804,9320664,3737,4852737,119372,19285021
1790116214506653269,14326537,9320719,3737,4853408,119373,19285021
1790116214624611725,14327293,9320822,3737,4854053,119374,19285021
1790116214742578539,14328045,9320939,3737,4854687,119374,19285021
1790116214857185268,14328774,9321022,3737,4855334,119375,19285021
1790116214975110755,14329528,9321091,3737,4856016,119375,19285021
1790116215090650306,14330268,9321166,3737,4856674,119376,19285021
1790116215205172546,14330991,9321244,3737,4857327,119376,19285021
1790116215323564575,14331752,9321392,3737,4857930,119376,19285021
1790116215438189033,14332480,9321424,3737,4858631,119376,19285021
1790116215554530500,14333233,9321550,3737,4859241,119378,19285021
1790116215671066244,14333973,9321730,3737,4859806,119378,19285021
1790116215786046175,14334710,9321796,3737,4860471,119379,19285021
1790116215902255891,14335457,9321930,3737,4861073,119379,19285021
1790116216020345945,14336217,9322014,3737,4861740,119379,19285021
1790116216134718623,14336947,9322071,3737,4862408,119380,19285021
1790116216252320098,14337695,9322189,3737,4863040,119381,19285021
1790116216370587829,14338455,9322272,3737,4863708,119381,19285021
1790116216485987470,14339180,9322358,3737,4864353,119382,19285021
1790116216603845963,14339933,9322448,3737,4865016,119382,19285021
1790116216717569927,14340661,9322504,3737,4865685,119382,19285021
1790116216832236426,14341398,9322586,3737,4866332,119383,19285021
1790116216950417469,14342163,9322712,3737,4866957,119383,19285021
1790116217065010482,14342893,9322734,3737,4867663,119383,19285021
1790116217183938512,14343642,9322843,3737,4868311,119385,19285021
1790116217298646656,14344375,9322970,3737,4868913,119385,19285021
1790116217413457745,14345108,9323012,3737,4869604,119385,19285021
1790116217528181730,14345837,9323128,3737,4870217,119386,19285021
1790116217646352435,14346592,9323222,3737,4870874,119386,19285021
1790116217760744769,14347329,9323336,3737,4871485,119387,19285021
1790116217877440423,14348070,9323463,3737,4872103,119388,19285021
1790116217995428739,14348823,9323627,3737,4872688,119389,19285021
1790116218113822553,14349575,9323786,3737,4873279,119389,19285021
1790116218228636987,14350311,9323859,3737,4873940,119389,19285021
1790116218344721025,14351062,9323940,3737,4874596,119389,19285021
1790116218462020710,14351813,9324061,3737,4875226,119389,19285021
1790116218580010266,14352577,9324228,3737,4875808,119389,19285021
1790116218698022238,14353330,9324375,3737,4876412,119390,19285021
1790116218816305047,14354082,9324559,3737,4876976,119391,19285021
1790116218934357622,14354841,9324670,3737,4877618,119391,19285021
1790116219048319959,14355567,9324809,3737,4878205,119391,19285021
1790116219169898387,14356352,9324915,3737,4878868,119392,19285021
1790116219291086116,14357134,9325073,3737,4879486,119392,19285021
1790116219409556446,14357899,9325215,3737,4880094,119393,19285021
1790116219524958328,14358639,9325328,3737,4880713,119393,19285021
1790116219643557705,14359400,9325545,3737,4881252,119393,19285021
1790116219759035864,14360134,9325665,3737,4881869,119394,19285021
1790116219882090773,14360920,9325755,3737,4882563,119394,19285021
1790116219999562002,14361675,9325828,3737,4883234,119395,19285021
1790116220118563817,14362431,9325973,3737,4883846,119395,19285021
1790116220239637907,14363197,9326171,3737,4884416,119396,19285021
1790116220355622089,14363936,9326285,3737,4885038,119397,19285021
1790116220473579750,14364689,9326417,3737,4885657,119398,19285021
1790116220591234268,14365435,9326556,3737,4886267,119398,19285021
1790116220707663972,14366182,9326671,3737,4886891,119399,19285021
1790116220822277574,14366915,9326717,3737,4887577,119399,19285021
1790116220936263502,14367651,9326857,3737,4888162,119399,19285021
1790116221054272378,14368411,9326960,3737,4888811,119400,19285021
1790116221168054703,14369141,9327079,3737,4889417,119400,19285021
1790116221283719001,14369881,9327203,3737,4890025,119401,19285021
1790116221401921941,14370631,9327368,3737,4890608,119402,19285021
1790116221519880555,14371388,9327532,3737,4891196,119402,19285021
1790116221634753920,14372123,9327560,3737,4891900,119402,19285021
1790116221749564557,14372869,9327642,3737,4892549,119403,19285021
1790116221867709616,14373619,9327782,3737,4893160,119403,19285021
1790116221985807436,14374361,9327939,3737,4893752,119404,19285021
1790116222103807953,14375112,9328092,3737,4894352,119404,19285021
1790116222221754441,14375872,9328236,3737,4894955,119405,19285021
1790116222350373584,14376691,9328379,3737,4895633,119405,19285021
1790116222467054412,14377429,9328514,3737,4896242,119406,19285021
1790116222596671016,14378255,9328651,3737,4896922,119408,19285021
1790116222714677138,14379010,9328828,3737,4897495,119408,19285021
1790116222832299970,14379752,9328973,3737,4898098,119409,19285021
1790116222950307999,14380504,9329069,3737,4898753,119410,19285021
1790116223068319446,14381265,9329224,3737,4899350,119410,19285021
1790116223185346149,14382011,9329365,3737,4899951,119411,19285021
1790116223303432473,14382770,9329479,3737,4900589,119411,19285021
1790116223418702173,14383505,9329585,3737,4901214,119412,19285021
1790116223536042642,14384249,9329712,3737,4901838,119412,19285021
1790116223654138726,14385012,9329897,3737,4902404,119412,19285021
1790116223771605378,14385761,9330007,3737,4903037,119413,19285021
1790116223889473021,14386509,9330166,3737,4903629,119414,19285021
1790116224008091793,14387273,9330285,3737,4904263,119415,19285021
1790116224123890020,14388012,9330414,3737,4904868,119415,19285021
1790116224238161790,14388741,9330454,3737,4905559,119415,19285021
1790116224351055522,14389463,9330553,3737,4906179,119416,19285021
1790116224469387057,14390223,9330667,3737,4906817,119416,19285021
1790116224583906309,14390950,9330788,3737,4907421,119417,19285021
1790116224699893867,14391695,9330909,3737,4908035,119417,19285021
1790116224817763217,14392441,9331068,3737,4908626,119418,19285021
1790116224936257736,14393196,9331192,3737,4909258,119418,19285021
1790116225051272828,14393931,9331214,3737,4909971,119418,19285021
1790116225169982640,14394698,9331293,3737,4910640,119420,19285021
1790116225282757653,14395423,9331440,3737,4911211,119421,19285021
1790116225400745413,14396177,9331618,3737,4911782,119422,19285021
1790116225518836868,14396932,9331795,3737,4912355,119422,19285021
1790116225637099874,14397698,9331916,3737,4912991,119422,19285021
1790116225754745188,14398452,9332001,3737,4913651,119422,19285021
1790116225872805376,14399200,9332078,3737,4914325,119422,19285021
1790116225987575951,14399949,9332155,3737,4914979,119423,19285021
1790116226105551631,14400707,9332280,3737,4915606,119423,19285021
1790116226223336368,14401455,9332425,3737,4916209,119424,19285021
1790116226341307874,14402213,9332522,3737,4916863,119424,19285021
1790116226458056421,14402961,9332728,3737,4917395,119424,19285021
1790116226575137335,14403702,9332889,3737,4917982,119425,19285021
1790116226693376360,14404463,9333004,3737,4918619,119425,19285021
1790116226807981096,14405189,9333091,3737,4919261,119425,19285021
1790116226926193088,14405945,9333214,3737,4919890,119427,19285021
1790116227044349427,14406696,9333365,3737,4920489,119427,19285021
1790116227157850216,14407420,9333542,3737,4921031,119427,19285021
1790116227276086709,14408175,9333665,3737,4921665,119428,19285021
1790116227393339363,14408928,9333815,3737,4922259,119428,19285021
1790116227511408427,14409691,9333983,3737,4922841,119429,19285021
1790116227626263449,14410421,9334037,3737,4923520,119429,19285021
1790116227746368654,14411184,9334148,3737,4924171,119430,19285021
1790116227863327639,14411930,9334267,3737,4924796,119430,19285021
1790116227981564344,14412680,9334402,3737,4925409,119432,19285021
1790116228099575978,14413433,9334527,3737,4926035,119432,19285021
1790116228217866224,14414191,9334652,3737,4926660,119432,19285021
1790116228335774169,14414947,9334774,3737,4927287,119433,19285021
1790116228451477283,14415690,9334796,3737,4928006,119433,19285021
1790116228567669112,14416429,9334882,3737,4928656,119434,19285021
1790116228685621899,14417181,9335012,3737,4929277,119434,19285021
1790116228803763925,14417933,9335141,3737,4929897,119435,19285021
1790116228921733206,14418687,9335266,3737,4930522,119435,19285021
1790116229039719991,14419439,9335390,3737,4931148,119436,19285021
1790116229157708313,14420194,9335487,3737,4931804,119436,19285021
1790116229272917754,14420927,9335572,3737,4932451,119436,19285021
1790116229387440359,14421670,9335648,3737,4933104,119437,19285021
1790116229505359175,14422422,9335806,3737,4933697,119437,19285021
1790116229623035845,14423166,9335952,3737,4934300,119438,19285021
1790116229740623642,14423914,9336049,3737,4934947,119440,19285021
1790116229858664993,14424669,9336200,3737,4935545,119441,19285021
1790116229975570703,14425417,9336315,3737,4936173,119441,19285021
1790116230093797576,14426176,9336399,3737,4936838,119441,19285021
1790116230208559860,14426910,9336456,3737,4937511,119442,19285021
1790116230326637028,14427666,9336545,3737,4938173,119442,19285021
1790116230442589922,14428417,9336694,3737,4938763,119442,19285021
1790116230564560967,14429205,9336810,3737,4939423,119443,19285021
1790116230685802969,14429975,9336963,3737,4940038,119444,19285021
1790116230801584708,14430729,9337084,3737,4940654,119445,19285021
1790116230919571054,14431481,9337159,3737,4941331,119445,19285021
1790116231034387319,14432215,9337218,3737,4942003,119445,19285021
1790116231153158432,14432977,9337316,3737,4942662,119445,19285021
1790116231271274990,14433733,9337449,3737,4943279,119446,19285021
1790116231385779183,14434472,9337579,3737,4943874,119447,19285021
1790116231503835471,14435230,9337702,3737,4944501,119447,19285021
1790116231621950180,14435988,9337841,3737,4945111,119448,19285021
1790116231738786807,14436736,9337968,3737,4945728,119448,19285021
1790116231853449947,14437469,9337994,3737,4946436,119448,19285021
1790116231968215330,14438197,9338153,3737,4947006,119449,19285021
1790116232086435733,14438955,9338256,3737,4947627,119478,19285021
1790116232204796638,14439705,9338390,3737,4948208,119513,19285021
1790116232323143053,14440460,9338504,3737,4948805,119559,19285021
1790116232441468735,14441218,9338632,3737,4949377,119609,19285021
1790116232559558726,14441973,9338694,3737,4950011,119665,19285021
1790116232677466942,14442728,9338766,3737,4950690,119665,19285021
1790116232792401411,14443456,9338849,3737,4951306,119697,19285021
1790116232911210696,14444212,9338963,3737,4951909,119736,19285021
1790116233030658500,14444976,9339101,3737,4952488,119777,19285021
1790116233148061323,14445724,9339222,3737,4953103,119791,19285021
1790116233266089165,14446471,9339403,3737,4953672,119793,19285021
1790116233383589869,14447231,9339505,3737,4954314,119793,19285021
1790116233501566532,14447983,9339578,3737,4954992,119793,19285021
1790116233616563611,14448715,9339651,3737,4955648,119795,19285021
1790116233734934042,14449470,9339795,3737,4956255,119795,19285021
1790116233853058436,14450231,9340009,3737,4956798,119795,19285021
1790116233969082699,14450973,9340147,3737,4957398,119796,19285021
1790116234087126203,14451727,9340224,3737,4958071,119796,19285021
1790116234204721865,14452487,9340383,3737,4958655,119797,19285021
1790116234322921608,14453238,9340507,3737,4959281,119798,19285021
1790116234437599722,14453977,9340532,3737,4959990,119798,19285021
1790116234554827534,14454726,9340650,3737,4960614,119799,19285021
1790116234672967033,14455484,9340762,3737,4961254,119799,19285021
1790116234787673992,14456217,9340807,3737,4961941,119800,19285021
1790116234905275985,14456967,9340947,3737,4962550,119800,19285021
1790116235023248469,14457724,9341025,3737,4963223,119801,19285021
1790116235138546120,14458468,9341091,3737,4963886,119802,19285021
1790116235255082655,14459217,9341187,3737,4964536,119802,19285021
1790116235371635281,14459971,9341273,3737,4965189,119802,19285021
1790116235486588010,14460693,9341349,3737,4965841,119804,19285021
1790116235604549372,14461442,9341469,3737,4966471,119805,19285021
1790116235719128719,14462172,9341491,3737,4967184,119805,19285021
1790116235835556615,14462922,9341570,3737,4967841,119806,19285021
1790116235951006049,14463660,9341689,3737,4968459,119806,19285021
1790116236066205101,14464393,9341715,3737,4969166,119807,19285021
1790116236182559612,14465149,9341838,3737,4969779,119808,19285021
1790116236300530532,14465904,9341917,3737,4970451,119808,19285021
1790116236414873653,14466634,9341975,3737,4971119,119809,19285021
1790116236533143160,14467384,9342083,3737,4971767,119809,19285021
1790116236651073379,14468137,9342164,3737,4972437,119809,19285021
1790116236765567753,14468876,9342238,3737,4973086,119810,19285021
1790116236883507408,14469626,9342345,3737,4973732,119810,19285021
1790116236997531472,14470358,9342383,3737,4974420,119810,19285021
1790116237112600452,14471090,9342468,3737,4975066,119811,19285021
1790116237230644763,14471842,9342599,3737,4975686,119811,19285021
1790116237345278821,14472572,9342643,3737,4976375,119811,19285021
1790116237461721714,14473302,9342842,3737,4976908,119815,19285021
1790116237579616400,14474033,9343106,3737,4977363,119832,19285021
1790116237694060182,14474729,9343346,3737,4977832,119841,19285021
1790116237809567755,14475472,9343617,3737,4978270,119853,19285021
1790116237925323515,14476222,9343900,3737,4978701,119866,19285021
1790116238041400975,14476954,9344106,3737,4979048,120039,19285021
1790116238156681048,14477687,9344321,3737,4979548,120046,19285021
1790116238271898994,14478401,9344602,3737,4979976,120061,19285021
1790116238388341941,14479150,9344871,3737,4980420,120075,19285021
1790116238505186191,14479865,9345123,3737,4980883,120090,19285021
1790116238622240224,14480610,9345384,3737,4981340,120103,19285021
1790116238738002806,14481300,9345642,3737,4981794,120114,19285021
1790116238853558078,14482013,9345876,3737,4982275,120125,19285021
1790116238970667735,14482752,9346151,3737,4982717,120140,19285021
1790116239085966845,14483457,9346415,3737,4983161,120153,19285021
1790116239201334327,14484177,9346696,3737,4983586,120167,19285021
1790116239317293338,14484907,9346958,3737,4984039,120180,19285021
1790116239434735141,14485641,9347226,3737,4984491,120196,19285021
1790116239550012752,14486374,9347452,3737,4984974,120209,19285021
1790116239665331145,14487071,9347716,3737,4985417,120222,19285021
1790116239781364826,14487788,9347962,3737,4985886,120232,19285021
1790116239896232802,14488509,9348219,3737,4986332,120246,19285021
1790116240013318291,14489250,9348475,3737,4986793,120262,19285021
1790116240128876729,14489975,9348702,3737,4987281,120275,19285021
1790116240244591435,14490709,9348963,3737,4987738,120283,19285021
1790116240360326896,14491447,9349229,3737,4988177,120300,19285021
1790116240476614594,14492186,9349500,3737,4988615,120316,19285021
1790116240591766868,14492887,9349757,3737,4989069,120328,19285021
1790116240708134583,14493621,9350005,3737,4989457,120418,19285021
1790116240824941266,14494353,9350226,3737,4989961,120430,19285021
1790116240942204310,14495087,9350481,3737,4990426,120442,19285021
1790116241058542773,14495825,9350747,3737,4990874,120456,19285021
1790116241174439920,14496561,9350994,3737,4991336,120473,19285021
1790116241289419873,14497284,9351240,3737,4991795,120486,19285021
1790116241405047728,14497999,9351481,3737,4992266,120497,19285021
1790116241520376872,14498730,9351710,3737,4992748,120508,19285021
1790116241636845983,14499446,9351982,3737,4993187,120527,19285021
1790116241753673553,14500159,9352267,3737,4993618,120540,19285021
1790116241868072001,14500879,9352556,3737,4994031,120558,19285021
1790116241984108788,14501589,9352818,3737,4994483,120569,19285021
1790116242099928556,14502321,9353061,3737,4994950,120581,19285021
1790116242216590984,14503056,9353321,3737,4995409,120593,19285021
1790116242332132197,14503771,9353582,3737,4995862,120605,19285021
1790116242448519996,14504507,9353855,3737,4996303,120619,19285021
1790116242565022769,14505237,9354110,3737,4996760,120636,19285021
1790116242682702466,14505959,9354370,3737,4997223,120649,19285021
1790116242799277929,14506709,9354626,3737,4997684,120662,19285021
1790116242921430296,14507484,9354897,3737,4998164,120676,19285021
1790116243036831104,14508196,9355174,3737,4998600,120688,19285021
1790116243152983038,14508910,9355452,3737,4999032,120701,19285021
1790116243269255788,14509646,9355722,3737,4999478,120713,19285021
1790116243384629672,14510380,9356029,3737,4999878,120727,19285021
1790116243501614738,14511127,9356263,3737,5000370,120738,19285021
1790116243617472887,14511841,9356527,3737,5000817,120750,19285021
1790116243733906767,14512559,9356807,3737,5001254,120763,19285021
1790116243850574092,14513315,9357068,3737,5001710,120778,19285021
1790116243965720273,14514033,9357318,3737,5002160,120792,19285021
1790116244081917822,14514782,9357540,3737,5002572,120889,19285021
1790116244197986641,14515513,9357778,3737,5003051,120901,19285021
1790116244315101317,14516237,9358032,3737,5003511,120916,19285021
1790116244431154636,14516974,9358281,3737,5003971,120934,19285021
1790116244546985889,14517699,9358562,3737,5004396,120951,19285021
1790116244661695299,14518411,9358845,3737,5004812,120969,19285021
1790116244778881830,14519144,9359093,3737,5005284,120985,19285021
1790116244903089545,14519897,9359331,3737,5005812,120997,19285021
1790116245019124463,14520632,9359594,3737,5006253,121016,19285021
1790116245134569852,14521347,9359857,3737,5006701,121029,19285021
1790116245249622698,14522063,9360157,3737,5007103,121045,19285021
1790116245365450444,14522786,9360436,3737,5007540,121056,19285021
1790116245480669386,14523525,9360708,3737,5007976,121069,19285021
1790116245597458720,14524250,9360995,3737,5008411,121080,19285021
1790116245717228717,14525006,9361256,3737,5008878,121100,19285021
1790116245833150460,14525720,9361546,3737,5009302,121113,19285021
1790116245949340207,14526460,9361819,3737,5009742,121125,19285021
1790116246063402896,14527189,9362068,3737,5010190,121140,19285021
1790116246178863818,14527927,9362297,3737,5010678,121150,19285021
1790116246294402454,14528639,9362551,3737,5011133,121162,19285021
1790116246408954339,14529355,9362801,3737,5011581,121181,19285021
1790116246525334859,14530094,9363070,3737,5012022,121199,19285021
1790116246639914758,14530797,9363312,3737,5012470,121223,19285021
1790116246755999396,14531520,9363574,3737,5012923,121236,19285021
1790116246872396974,14532254,9363841,3737,5013378,121246,19285021
1790116246989118349,14533003,9364102,3737,5013829,121262,19285021
1790116247105184437,14533737,9364355,3737,5014288,121275,19285021
1790116247219958324,14534454,9364601,3737,5014744,121291,19285021
1790116247335036638,14535172,9364857,3737,5015195,121304,19285021
1790116247452110612,14535912,9365080,3737,5015616,121391,19285021
1790116247568665700,14536649,9365334,3737,5016085,121399,19285021
1790116247685621630,14537378,9365609,3737,5016535,121408,19285021
1790116247800353383,14538107,9365868,3737,5016977,121422,19285021
1790116247915891775,14538844,9366125,3737,5017434,121435,19285021
1790116248031931522,14539566,9366384,3737,5017887,121448,19285021
1790116248148032203,14540306,9366633,3737,5018351,121459,19285021
1790116248266774905,14541052,9366867,3737,5018848,121472,19285021
1790116248384041026,14541778,9367123,3737,5019312,121484,19285021
1790116248500354053,14542501,9367381,3737,5019767,121499,19285021
1790116248617021921,14543217,9367648,3737,5020217,121512,19285021
1790116248732950905,14543928,9367913,3737,5020663,121527,19285021
1790116248848412655,14544635,9368231,3737,5021057,121537,19285021
1790116248964851480,14545375,9368473,3737,5021533,121550,19285021
1790116249078895637,14546081,9368762,3737,5021940,121567,19285021
1790116249196007182,14546819,9369034,3737,5022388,121580,19285021
1790116249313221222,14547559,9369300,3737,5022845,121591,19285021
1790116249430000533,14548299,9369555,3737,5023307,121604,19285021
1790116249547037473,14549002,9369783,3737,5023800,121616,19285021
1790116249664617185,14549742,9370032,3737,5024278,121629,19285021
1790116249780027763,14550460,9370300,3737,5024716,121642,19285021
1790116249895533987,14551191,9370562,3737,5025162,121656,19285021
1790116250011337756,14551926,9370816,3737,5025616,121672,19285021
1790116250127153838,14552664,9371069,3737,5026076,121687,19285021
1790116250243364555,14553401,9371307,3737,5026555,121696,19285021
1790116250358968340,14554135,9371559,3737,5027014,121710,19285021
1790116250476253392,14554886,9371828,3737,5027465,121723,19285021
1790116250592053217,14555605,9372073,3737,5027930,121736,19285021
1790116250708255327,14556326,9372359,3737,5028359,121748,19285021
1790116250822939406,14557049,9372587,3737,5028764,121837,19285021
1790116250940092979,14557773,9372855,3737,5029222,121843,19285021
1790116251058181441,14558532,9373137,3737,5029665,121857,19285021
1790116251174008314,14559245,9373410,3737,5030106,121867,19285021
1790116251289722604,14559984,9373665,3737,5030559,121882,19285021
1790116251405297440,14560706,9373923,3737,5031015,121891,19285021
1790116251519622670,14561442,9374190,3737,5031447,121909,19285021
1790116251636018224,14562158,9374412,3737,5031942,121920,19285021
1790116251752558844,14562886,9374673,3737,5032399,121933,19285021
1790116251868473571,14563635,9374934,3737,5032845,121952,19285021
1790116251986385789,14564368,9375229,3737,5033275,121965,19285021
1790116252103613875,14565104,9375492,3737,5033730,121977,19285021
1790116252219376524,14565828,9375749,3737,5034191,121991,19285021
1790116252337377588,14566551,9376006,3737,5034660,122004,19285021
1790116252453263501,14567280,9376250,3737,5035121,122019,19285021
1790116252568903512,14568007,9376506,3737,5035571,122036,19285021
1790116252685067391,14568729,9376784,3737,5036005,122049,19285021
1790116252798773988,14569426,9377039,3737,5036448,122063,19285021
1790116252912624557,14570140,9377265,3737,5036928,122071,19285021
1790116253027867231,14570864,9377510,3737,5037389,122086,19285021
1790116253145174733,14571607,9377769,3737,5037845,122104,19285021
1790116253261427341,14572325,9378029,3737,5038299,122120,19285021
1790116253378928436,14573038,9378305,3737,5038743,122131,19285021
1790116253494926273,14573757,9378551,3737,5039140,122215,19285021
1790116253610825459,14574511,9378799,3737,5039614,122220,19285021
1790116253726303065,14575225,9379046,3737,5040082,122231,19285021
1790116253842031487,14575959,9379343,3737,5040489,122249,19285021
1790116253959562267,14576702,9379622,3737,5040933,122263,19285021
1790116254076480760,14577414,9379880,3737,5041393,122275,19285021
1790116254192324436,14578152,9380148,3737,5041834,122289,19285021
1790116254309915599,14578909,9380397,3737,5042313,122300,19285021
1790116254426477419,14579638,9380669,3737,5042755,122317,19285021
1790116254542507601,14580361,9380945,3737,5043191,122329,19285021
1790116254658101390,14581095,9381248,3737,5043602,122340,19285021
1790116254773940215,14581834,9381499,3737,5044056,122362,19285021
1790116254889049183,14582542,9381751,3737,5044511,122372,19285021
1790116255006233701,14583270,9381996,3737,5044983,122392,19285021
1790116255123669139,14584018,9382261,3737,5045439,122404,19285021
1790116255239223815,14584733,9382532,3737,5045871,122424,19285021
1790116255355211264,14585447,9382783,3737,5046330,122438,19285021
1790116255471351762,14586175,9383032,3737,5046796,122450,19285021
1790116255587613376,14586897,9383325,3737,5047225,122461,19285021
1790116255710128076,14587645,9383571,3737,5047725,122478,19285021
1790116255825711996,14588377,9383818,3737,5048191,122491,19285021
1790116255941619899,14589105,9384087,3737,5048632,122505,19285021
1790116256057613050,14589826,9384365,3737,5049067,122516,19285021
1790116256173459139,14590542,9384616,3737,5049527,122531,19285021
1790116256290028431,14591284,9384885,3737,5049979,122541,19285021
1790116256407881238,14592030,9385142,3737,5050444,122554,19285021
1790116256521662749,14592734,9385417,3737,5050867,122567,19285021
1790116256638951899,14593461,9385721,3737,5051287,122582,19285021
1790116256754558119,14594187,9385991,3737,5051723,122596,19285021
1790116256871427778,14594940,9386257,3737,5052176,122610,19285021
1790116256988473205,14595673,9386495,3737,5052654,122627,19285021
1790116257104652778,14596379,9386776,3737,5053089,122639,19285021
1790116257220858199,14597105,9387038,3737,5053544,122650,19285021
1790116257337748155,14597849,9387286,3737,5054006,122667,19285021
1790116257453621080,14598570,9387532,3737,5054470,122682,19285021
1790116257569446569,14599304,9387765,3737,5054874,122770,19285021
1790116257685762885,14600020,9387986,3737,5055370,122783,19285021
1790116257802841875,14600765,9388240,3737,5055833,122798,19285021
1790116257920476360,14601508,9388504,3737,5056291,122812,19285021
1790116258036112423,14602227,9388760,3737,5056744,122826,19285021
1790116258151989097,14602949,9389051,3737,5057170,122838,19285021
1790116258268245684,14603698,9389315,3737,5057621,122849,19285021
1790116258384593352,14604434,9389548,3737,5058106,122860,19285021
1790116258500394490,14605163,9389800,3737,5058566,122872,19285021
1790116258616937623,14605898,9390081,3737,5059002,122886,19285021
1790116258733696970,14606631,9390372,3737,5059429,122898,19285021
1790116258848688546,14607342,9390681,3737,5059826,122913,19285021
1790116258964908602,14608065,9390927,3737,5060292,122928,19285021
1790116259083806788,14608808,9391176,3737,5060778,122939,19285021
1790116259199543453,14609521,9391439,3737,5061226,122953,19285021
1790116259314719260,14610249,9391697,3737,5061669,122973,19285021
1790116259429748398,14610973,9391943,3737,5062124,122989,19285021
1790116259545628104,14611691,9392225,3737,5062558,122999,19285021
1790116259661406593,14612425,9392447,3737,5063051,123009,19285021
1790116259776602620,14613137,9392724,3737,5063490,123019,19285021
1790116259892444538,14613863,9392996,3737,5063927,123034,19285021
1790116260009778489,14614598,9393269,3737,5064370,123048,19285021
1790116260127549816,14615343,9393556,3737,5064807,123063,19285021
1790116260242027260,14616045,9393812,3737,5065227,123103,19285021
1790116260359226401,14616792,9394023,3737,5065690,123165,19285021
1790116260477053240,14617522,9394290,3737,5066144,123179,19285021
1790116260592644786,14618264,9394560,3737,5066578,123197,19285021
1790116260707707112,14618990,9394817,3737,5067027,123214,19285021
1790116260821667277,14619682,9395069,3737,5067473,123225,19285021
1790116260938941454,14620437,9395317,3737,5067946,123237,19285021
1790116261054575065,14621185,9395601,3737,5068383,123246,19285021
1790116261172214806,14621928,9395854,3737,5068846,123262,19285021
1790116261286428415,14622641,9396103,3737,5069294,123278,19285021
1790116261400245677,14623385,9396361,3737,5069734,123294,19285021
1790116261515204898,14624107,9396626,3737,5070174,123305,19285021
1790116261632671930,14624839,9396878,3737,5070640,123322,19285021
1790116261751318653,14625598,9397113,3737,5071139,123332,19285021
1790116261869436656,14626356,9397378,3737,5071593,123350,19285021
1790116261986575989,14627104,9397664,3737,5072026,123364,19285021
1790116262102252800,14627818,9397921,3737,5072480,123377,19285021
1790116262217984157,14628528,9398186,3737,5072923,123392,19285021
1790116262333322329,14629219,9398432,3737,5073383,123407,19285021
1790116262448684602,14629949,9398651,3737,5073883,123415,19285021
1790116262564102187,14630681,9398930,3737,5074310,123430,19285021
1790116262679332962,14631417,9399217,3737,5074727,123446,19285021
1790116262794887548,14632154,9399498,3737,5075159,123457,19285021
1790116262911255250,14632881,9399777,3737,5075593,123471,19285021
1790116263027326114,14633627,9400040,3737,5076052,123482,19285021
1790116263150335881,14634408,9400320,3737,5076524,123498,19285021
1790116263267327335,14635152,9400570,3737,5076989,123512,19285021
1790116263382866370,14635885,9400847,3737,5077419,123531,19285021
1790116263499633338,14636612,9401098,3737,5077886,123544,19285021
1790116263613452762,14637330,9401351,3737,5078328,123557,19285021
1790116263729579565,14638066,9401569,3737,5078752,123644,19285021
1790116263846204798,14638805,9401850,3737,5079190,123656,19285021
1790116263961744883,14639540,9402109,3737,5079644,123668,19285021
1790116264077654299,14640282,9402380,3737,5080079,123686,19285021
1790116264192214318,14640995,9402652,3737,5080510,123699,19285021
1790116264308034883,14641718,9402905,3737,5080971,123710,19285021
1790116264424838455,14642477,9403128,3737,5081474,123717,19285021
1790116264540700245,14643218,9403374,3737,5081943,123727,19285021
1790116264657527315,14643949,9403650,3737,5082386,123739,19285021
1790116264771353872,14644673,9403918,3737,5082810,123757,19285021
1790116264887985586,14645397,9404182,3737,5083266,123767,19285021
1790116265002675908,14646109,9404437,3737,5083716,123780,19285021
1790116265120330635,14646855,9404671,3737,5084209,123791,19285021
1790116265236416581,14647575,9404932,3737,5084661,123803,19285021
1790116265352632277,14648310,9405187,3737,5085121,123814,19285021
1790116265470309312,14649062,9405446,3737,5085582,123831,19285021
1790116265587072116,14649789,9405722,3737,5086029,123842,19285021
1790116265702816814,14650521,9405959,3737,5086502,123854,19285021
1790116265818847107,14651263,9406217,3737,5086957,123870,19285021
1790116265936300672,14651994,9406476,3737,5087412,123887,19285021
1790116266052466038,14652708,9406743,3737,5087860,123901,19285021
1790116266170031986,14653447,9406996,3737,5088326,123916,19285021
1790116266285382649,14654183,9407260,3737,5088765,123932,19285021
1790116266402780841,14654944,9407511,3737,5089246,123942,19285021
1790116266520363795,14655698,9407771,3737,5089703,123957,19285021
1790116266636437389,14656443,9408035,3737,5090151,123970,19285021
1790116266752175762,14657182,9408290,3737,5090612,123983,19285021
1790116266867942632,14657913,9408548,3737,5091057,124001,19285021
1790116266983099038,14658620,9408825,3737,5091488,124013,19285021
1790116267101058549,14659351,9409035,3737,5091933,124102,19285021
1790116267217991505,14660071,9409280,3737,5092405,124114,19285021
1790116267334051054,14660793,9409553,3737,5092845,124126,19285021
1790116267451594731,14661551,9409822,3737,5093295,124143,19285021
1790116267568250709,14662298,9410080,3737,5093750,124159,19285021
1790116267684927014,14663009,9410340,3737,5094205,124174,19285021
1790116267800627446,14663743,9410590,3737,5094669,124184,19285021
1790116267917708921,14664489,9410846,3737,5095134,124199,19285021
1790116268034190812,14665208,9411102,3737,5095592,124212,19285021
1790116268150853088,14665926,9411365,3737,5096046,124224,19285021
1790116268267026482,14666649,9411625,3737,5096495,124239,19285021
1790116268382989217,14667376,9411869,3737,5096955,124260,19285021
1790116268500897980,14668117,9412098,3737,5097463,124267,19285021
1790116268617972567,14668839,9412360,3737,5097915,124281,19285021
1790116268734447365,14669572,9412610,3737,5098379,124295,19285021
1790116268850912670,14670303,9412875,3737,5098829,124308,19285021
1790116268965975005,14671025,9413127,3737,5099287,124321,19285021
1790116269081558584,14671741,9413388,3737,5099737,124336,19285021
1790116269203393588,14672504,9413633,3737,5100235,124351,19285021
1790116269317971391,14673223,9413907,3737,5100666,124362,19285021
1790116269434128755,14673953,9414177,3737,5101111,124375,19285021
1790116269551011483,14674701,9414490,3737,5101513,124392,19285021
1790116269667638317,14675441,9414752,3737,5101965,124407,19285021
1790116269784739642,14676190,9414999,3737,5102439,124418,19285021
1790116269901776363,14676906,9415244,3737,5102916,124433,19285021
1790116270018756874,14677633,9415522,3737,5103351,124449,19285021
1790116270133456322,14678361,9415794,3737,5103780,124464,19285021
1790116270249795121,14679099,9416046,3737,5104240,124479,19285021
1790116270365329895,14679804,9416300,3737,5104694,124494,19285021
