timestamp_ns,cpu_total_jiffies,cpu_idle_jiffies,pid,proc_utime_jiffies,proc_stime_jiffies,proc_rss_pages
1790129541873238090,12571921,12531702,3460,20436,13827,18626384
1790129542001273656,12572737,12531787,3460,21108,13884,18626384
1790129542119324856,12573489,12531854,3460,21794,13888,18626384
1790129542233986554,12574226,12531915,3460,22446,13901,18626384
1790129542350862429,12574980,12532022,3460,23029,13954,18626384
1790129542469180953,12575738,12532116,3460,23681,13960,18626384
1790129542583860068,12576474,12532188,3460,24324,13976,18626384
1790129542702527487,12577229,12532274,3460,24937,14035,18626384
1790129542820997989,12577990,12532356,3460,25600,14042,18626384
1790129542936122644,12578729,12532419,3460,26258,14052,18626384
1790129543053970423,12579484,12532515,3460,26864,14101,18626384
1790129543172249471,12580239,12532590,3460,27536,14112,18626384
1790129543287089117,12580976,12532669,3460,28177,14117,18626384
1790129543405484312,12581733,12532786,3460,28766,14167,18626384
1790129543523560686,12582487,12532855,3460,29433,14183,18626384
1790129543638095424,12583221,12532913,3460,30078,14205,18626384
1790129543756098616,12583969,12532999,3460,30695,14253,18626384
1790129543874401689,12584724,12533082,3460,31360,14264,18626384
1790129543988854665,12585458,12533168,3460,31995,14270,18626384
1790129544107092814,12586217,12533245,3460,32608,14329,18626384
1790129544225304528,12586966,12533333,3460,33261,14347,18626384
1790129544339459695,12587697,12533385,3460,33925,14353,18626384
1790129544456634578,12588450,12533491,3460,34513,14404,18626384
1790129544575641722,12589210,12533576,3460,35143,14446,18626384
1790129544694750353,12589977,12533685,3460,35752,14484,18626384
1790129544813058689,12590736,12533788,3460,36360,14524,18626384
1790129544931714563,12591496,12533915,3460,36954,14559,18626384
1790129545048370962,12592241,12533996,3460,37561,14616,18626384
1790129545166580951,12592996,12534070,3460,38235,14620,18626384
1790129545281542878,12593736,12534128,3460,38893,14636,18626384
1790129545399894265,12594495,12534216,3460,39503,14689,18626384
1790129545518241261,12595247,12534358,3460,40078,14729,18626384
1790129545633829751,12595997,12534453,3460,40674,14770,18626384
1790129545752643503,12596760,12534574,3460,41257,14823,18626384
1790129545871150720,12597516,12534704,3460,41839,14864,18626384
1790129545987912970,12598264,12534789,3460,42443,14916,18626384
1790129546106133410,12599015,12534860,3460,43118,14923,18626384
1790129546220882947,12599751,12534926,3460,43762,14945,18626384
1790129546338568560,12600497,12535009,3460,44374,15000,18626384
1790129546456865028,12601249,12535134,3460,44955,15046,18626384
1790129546574694841,12602003,12535209,3460,45593,15084,18626384
1790129546693173863,12602755,12535322,3460,46184,15130,18626384
1790129546810906074,12603500,12535499,3460,46724,15164,18626384
1790129546929376368,12604257,12535592,3460,47337,15213,18626384
1790129547047366849,12605015,12535688,3460,47989,15218,18626384
1790129547165195105,12605769,12535752,3460,48656,15235,18626384
1790129547283378971,12606529,12535834,3460,49271,15288,18626384
1790129547401614853,12607288,12535959,3460,49848,15340,18626384
1790129547519565551,12608044,12536030,3460,50478,15390,18626384
1790129547634422900,12608784,12536169,3460,51023,15438,18626384
1790129547753112342,12609557,12536310,3460,51596,15475,18626384
1790129547871722263,12610313,12536385,3460,52227,15526,18626384
1790129547990565304,12611066,12536478,3460,52883,15535,18626384
1790129548104503628,12611790,12536535,3460,53523,15564,18626384
1790129548221295702,12612538,12536647,3460,54100,15614,18626384
1790129548339464729,12613297,12536793,3460,54676,15648,18626384
1790129548457516807,12614059,12536887,3460,55286,15696,18626384
1790129548575552964,12614806,12537009,3460,55868,15742,18626384
1790129548694108664,12615568,12537155,3460,56427,15788,18626384
1790129548812345209,12616319,12537238,3460,57044,15846,18626384
1790129548930316594,12617073,12537330,3460,57699,15852,18626384
1790129549044866585,12617805,12537414,3460,58316,15876,18626384
1790129549163054365,12618552,12537546,3460,58891,15919,18626384
1790129549281198363,12619309,12537670,3460,59483,15957,18626384
1790129549395395137,12620042,12537805,3460,60025,16004,18626384
1790129549507032040,12620757,12537953,3460,60559,16041,18626384
1790129549627093006,12621527,12538094,3460,61137,16080,18626384
1790129549745027397,12622285,12538208,3460,61715,16137,18626384
1790129549863374544,12623040,12538279,3460,62386,16152,18626384
1790129549979938423,12623787,12538331,3460,63059,16166,18626384
1790129550096246716,12624526,12538448,3460,63639,16207,18626384
1790129550214491155,12625282,12538523,3460,64280,16248,18626384
1790129550333053850,12626039,12538677,3460,64845,16280,18626384
1790129550451710115,12626791,12538802,3460,65423,16334,18626384
1790129550570428672,12627547,12538908,3460,66042,16366,18626384
1790129550688930511,12628305,12539000,3460,66649,16417,18626384
1790129550807072737,12629057,12539087,3460,67301,16430,18626384
1790129550921410263,12629780,12539157,3460,67950,16443,18626384
1790129551039325064,12630536,12539249,3460,68550,16503,18626384
1790129551157778625,12631299,12539317,3460,69184,16551,18626384
1790129551273407659,12632035,12539447,3460,69742,16602,18626384
1790129551392266849,12632798,12539577,3460,70301,16663,18626384
1790129551510929912,12633564,12539726,3460,70872,16701,18626384
1790129551628591635,12634314,12539823,3460,71459,16766,18626384
1790129551747507832,12635075,12539901,3460,72123,16782,18626384
1790129551862242929,12635809,12539946,3460,72794,16791,18626384
1790129551979959578,12636567,12540069,3460,73378,16834,18626384
1790129552098274400,12637320,12540151,3460,74002,16879,18626384
1790129552217410324,12638082,12540300,3460,74564,16930,18626384
1790129552335997741,12638841,12540397,3460,75173,16977,18626384
1790129552455101198,12639598,12540577,3460,75710,17016,18626384
1790129552572537967,12640348,12540681,3460,76307,17066,18626384
1790129552690713585,12641110,12540786,3460,76938,17082,18626384
1790129552805586991,12641843,12540829,3460,77620,17090,18626384
1790129552918173818,12642561,12540926,3460,78194,17135,18626384
1790129553034235586,12643303,12541016,3460,78783,17192,18626384
1790129553152931919,12644063,12541171,3460,79350,17226,18626384
1790129553271178515,12644817,12541243,3460,79984,17272,18626384
1790129553387691072,12645553,12541394,3460,80542,17308,18626384
1790129553506243708,12646295,12541524,3460,81122,17351,18626384
1790129553625111386,12647056,12541623,3460,81751,17377,18626384
1790129553739510891,12647785,12541670,3460,82435,17379,18626384
1790129553856170906,12648533,12541744,3460,83050,17428,18626384
1790129553980458251,12649330,12541868,3460,83664,17485,18626384
1790129554099220518,12650080,12542012,3460,84226,17529,18626384
1790129554217751640,12650837,12542082,3460,84860,17582,18626384
1790129554332481460,12651576,12542221,3460,85405,17630,18626384
1790129554446696412,12652304,12542336,3460,85976,17670,18626384
1790129554565503085,12653057,12542415,3460,86622,17703,18626384
1790129554680120730,12653797,12542452,3460,87305,17710,18626384
1790129554793888123,12654527,12542534,3460,87898,17760,18626384
1790129554912681116,12655291,12542655,3460,88479,17815,18626384
1790129555031011684,12656046,12542818,3460,89026,17854,18626384
1790129555149136182,12656803,12542893,3460,89651,17906,18626384
1790129555267127511,12657561,12543029,3460,90225,17947,18626384
1790129555381507985,12658299,12543133,3460,90807,17992,18626384
1790129555494084120,12659021,12543280,3460,91340,18026,18626384
1790129555608594232,12659751,12543301,3460,92053,18026,18626384
1790129555727450180,12660508,12543386,3460,92672,18078,18626384
1790129555844349255,12661257,12543498,3460,93257,18126,18626384
1790129555963007647,12662014,12543634,3460,93844,18154,18626384
1790129556081399527,12662767,12543713,3460,94476,18200,18626384
1790129556199505606,12663518,12543880,3460,95016,18244,18626384
1790129556317221846,12664270,12543962,3460,95632,18290,18626384
1790129556431446783,12664997,12544089,3460,96210,18317,18626384
1790129556546069284,12665733,12544122,3460,96904,18317,18626384
1790129556665091563,12666503,12544193,3460,97532,18374,18626384
1790129556783345441,12667247,12544318,3460,98116,18422,18626384
1790129556901393263,12668008,12544452,3460,98685,18470,18626384
1790129557019765827,12668766,12544539,3460,99299,18521,18626384
1790129557137855307,12669525,12544648,3460,99892,18570,18626384
1790129557254280111,12670261,12544764,3460,100475,18613,18626384
1790129557369432095,12671000,12544861,3460,101081,18645,18626384
1790129557484458292,12671738,12544887,3460,101786,18648,18626384
1790129557601516203,12672495,12544963,3460,102407,18696,18626384
1790129557720663892,12673262,12545075,3460,103001,18748,18626384
1790129557839041540,12674021,12545202,3460,103582,18789,18626384
1790129557957373277,12674778,12545267,3460,104228,18835,18626384
1790129558075447432,12675533,12545409,3460,104792,18881,18626384
1790129558188681020,12676259,12545534,3460,105351,18916,18626384
1790129558306198805,12677011,12545620,3460,105984,18943,18626384
1790129558420733588,12677749,12545647,3460,106681,18951,18626384
1790129558536245843,12678480,12545729,3460,107290,18995,18626384
1790129558650528620,12679211,12545835,3460,107868,19040,18626384
1790129558769211115,12679972,12545986,3460,108419,19087,18626384
1790129558887326763,12680730,12546086,3460,109037,19128,18626384
1790129559005323513,12681486,12546226,3460,109605,19169,18626384
1790129559120436004,12682216,12546353,3460,110173,19204,18626384
1790129559238731843,12682977,12546423,3460,110831,19229,18626384
1790129559352679268,12683710,12546449,3460,111521,19238,18626384
1790129559467598236,12684440,12546533,3460,112124,19282,18626384
1790129559582117484,12685176,12546646,3460,112693,19327,18626384
1790129559700490483,12685932,12546814,3460,113231,19376,18626384
1790129559818939297,12686695,12546914,3460,113832,19426,18626384
1790129559937352914,12687448,12547041,3460,114411,19477,18626384
1790129560053883334,12688198,12547127,3460,115027,19516,18626384
1790129560169551052,12688935,12547252,3460,115607,19547,18626384
1790129560284130948,12689668,12547278,3460,116307,19548,18626384
1790129560402264532,12690424,12547355,3460,116935,19594,18626384
1790129560521570874,12691189,12547464,3460,117540,19643,18626384
1790129560640043315,12691951,12547598,3460,118106,19693,18626384
1790129560758226995,12692705,12547672,3460,118729,19749,18626384
1790129560876359372,12693462,12547813,3460,119301,19792,18626384
1790129560992151756,12694199,12547923,3460,119871,19847,18626384
1790129561109651619,12694948,12548024,3460,120481,19884,18626384
1790129561224270576,12695683,12548061,3460,121166,19889,18626384
1790129561340886183,12696429,12548149,3460,121783,19929,18626384
1790129561457188443,12697169,12548271,3460,122346,19983,18626384
1790129561575678715,12697917,12548417,3460,122912,20027,18626384
1790129561693746486,12698672,12548491,3460,123531,20085,18626384
1790129561810778335,12699429,12548632,3460,124092,20128,18626384
1790129561926546511,12700171,12548742,3460,124671,20176,18626384
1790129562043393789,12700915,12548849,3460,125279,20207,18626384
1790129562157833643,12701653,12548897,3460,125952,20213,18626384
1790129562275079072,12702399,12548975,3460,126575,20256,18626384
1790129562390989511,12703143,12549106,3460,127131,20306,18626384
1790129562509236285,12703895,12549242,3460,127698,20353,18626384
1790129562627408118,12704648,12549326,3460,128332,20393,18626384
1790129562745879035,12705402,12549455,3460,128901,20445,18626384
1790129562862041243,12706143,12549553,3460,129494,20495,18626384
1790129562978601791,12706890,12549647,3460,130114,20523,18626384
1790129563092954687,12707629,12549696,3460,130786,20530,18626384
1790129563209716544,12708374,12549811,3460,131379,20566,18626384
1790129563328517352,12709134,12549933,3460,131954,20626,18626384
1790129563442918171,12709865,12549961,3460,132646,20634,18626384
1790129563561486907,12710627,12550063,3460,133254,20678,18626384
1790129563679860154,12711382,12550196,3460,133815,20734,18626384
1790129563794678431,12712119,12550218,3460,134528,20734,18626384
1790129563911609954,12712855,12550308,3460,135137,20777,18626384
1790129564030179603,12713615,12550442,3460,135727,20804,18626384
1790129564144865491,12714351,12550475,3460,136428,20804,18626384
1790129564260444870,12715080,12550558,3460,137044,20842,18626384
1790129564378521557,12715835,12550673,3460,137641,20882,18626384
1790129564493142495,12716571,12550694,3460,138347,20882,18626384
1790129564608544721,12717296,12550772,3460,138964,20924,18626384
1790129564727129104,12718057,12550895,3460,139554,20962,18626384
1790129564841365776,12718786,12550928,3460,140255,20962,18626384
1790129564956381630,12719524,12551011,3460,140854,21011,18626384
1790129565074686983,12720286,12551113,3460,141466,21048,18626384
1790129565189233755,12721015,12551134,3460,142171,21048,18626384
1790129565303945211,12721735,12551218,3460,142784,21082,18626384
1790129565422446584,12722495,12551330,3460,143389,21123,18626384
1790129565537052443,12723231,12551363,3460,144084,21123,18626384
1790129565651600149,12723963,12551442,3460,144699,21160,18626384
1790129565769987011,12724724,12551551,3460,145291,21212,18626384
1790129565884350132,12725454,12551585,3460,145990,21212,18626384
1790129565999154927,12726196,12551673,3460,146592,21245,18626384
1790129566117159833,12726950,12551787,3460,147185,21292,18626384
1790129566230683688,12727682,12551841,3460,147855,21292,18626384
1790129566345487446,12728419,12551924,3460,148403,21393,18626384
1790129566461073957,12729155,12552264,3460,148566,21618,18626384
1790129566580644573,12729915,12552409,3460,148737,22067,18626384
1790129566697337297,12730662,12552586,3460,148905,22456,18626384
1790129566814850621,12731407,12552853,3460,149351,22479,18626384
1790129566931492467,12732125,12553125,3460,149790,22498,18626384
1790129567048908507,12732864,12553388,3460,150250,22514,18626384
1790129567165477230,12733589,12553636,3460,150706,22534,18626384
1790129567282918781,12734339,12553867,3460,151203,22546,18626384
1790129567400542039,12735101,12554093,3460,151628,22633,18626384
1790129567517266413,12735844,12554375,3460,152060,22650,18626384
1790129567633940038,12736564,12554628,3460,152523,22664,18626384
1790129567751343454,12737305,12554874,3460,152999,22675,18626384
1790129567867651460,12738052,12555130,3460,153462,22685,18626384
1790129567983940106,12738775,12555380,3460,153934,22698,18626384
1790129568101362350,12739502,12555623,3460,154358,22766,18626384
1790129568217212020,12740230,12555882,3460,154797,22792,18626384
1790129568334120249,12740966,12556129,3460,155268,22809,18626384
1790129568450832876,12741716,12556401,3460,155713,22821,18626384
1790129568566912164,12742469,12556656,3460,156172,22831,18626384
1790129568680746833,12743193,12556874,3460,156664,22841,18626384
1790129568799900906,12743936,12557107,3460,157161,22854,18626384
1790129568915997537,12744676,12557363,3460,157619,22868,18626384
1790129569031119066,12745384,12557621,3460,158065,22887,18626384
1790129569145480537,12746105,12557881,3460,158501,22903,18626384
1790129569262220891,12746845,12558134,3460,158968,22914,18626384
1790129569378440920,12747587,12558413,3460,159414,22920,18626384
1790129569494585769,12748336,12558646,3460,159823,23007,18626384
1790129569610335681,12749070,12558905,3460,160276,23019,18626384
1790129569727664348,12749783,12559154,3460,160750,23030,18626384
1790129569843754431,12750509,12559419,3460,161197,23043,18626384
1790129569959158565,12751222,12559654,3460,161676,23055,18626384
1790129570072709857,12751933,12559938,3460,162093,23067,18626384
1790129570191518600,12752676,12560178,3460,162583,23078,18626384
1790129570307405828,12753388,12560433,3460,163034,23096,18626384
1790129570424301602,12754126,12560687,3460,163502,23108,18626384
1790129570541342172,12754861,12560933,3460,163971,23121,18626384
1790129570654928122,12755567,12561182,3460,164419,23138,18626384
1790129570770179485,12756302,12561452,3460,164869,23143,18626384
1790129570888440619,12757035,12561692,3460,165288,23225,18626384
1790129571004339436,12757752,12561943,3460,165752,23238,18626384
1790129571119391179,12758462,12562176,3460,166222,23252,18626384
1790129571235143429,12759201,12562424,3460,166687,23264,18626384
1790129571349295963,12759903,12562670,3460,167138,23279,18626384
1790129571464567857,12760642,12562893,3460,167636,23288,18626384
1790129571580228365,12761370,12563151,3460,168084,23302,18626384
1790129571695665507,12762097,12563411,3460,168529,23317,18626384
1790129571811371086,12762840,12563659,3460,169000,23327,18626384
1790129571926489546,12763549,12563927,3460,169437,23340,18626384
1790129572039850983,12764260,12564191,3460,169864,23358,18626384
1790129572154889308,12764987,12564435,3460,170335,23369,18626384
1790129572272834914,12765719,12564659,3460,170785,23430,18626384
1790129572388405440,12766454,12564922,3460,171214,23468,18626384
1790129572502696199,12767156,12565190,3460,171641,23484,18626384
1790129572616839421,12767861,12565447,3460,172084,23499,18626384
1790129572730814620,12768566,12565720,3460,172508,23514,18626384
1790129572844143964,12769281,12565970,3460,172968,23523,18626384
1790129572958466037,12769958,12566209,3460,173424,23540,18626384
1790129573074698860,12770709,12566461,3460,173884,23555,18626384
1790129573190544483,12771428,12566737,3460,174316,23572,18626384
1790129573305779621,12772137,12566984,3460,174775,23587,18626384
1790129573420890091,12772874,12567219,3460,175249,23599,18626384
1790129573535812071,12773614,12567440,3460,175741,23607,18626384
1790129573649296813,12774340,12567676,3460,176214,23616,18626384
1790129573768019131,12775102,12567921,3460,176629,23695,18626384
1790129573882019929,12775826,12568162,3460,177091,23706,18626384
1790129573996383753,12776534,12568405,3460,177551,23719,18626384
1790129574111990930,12777244,12568661,3460,178004,23732,18626384
1790129574225684082,12777949,12568935,3460,178438,23744,18626384
1790129574346060819,12778698,12569166,3460,178938,23762,18626384
1790129574462156733,12779441,12569425,3460,179392,23776,18626384
1790129574578618413,12780182,12569700,3460,179835,23789,18626384
1790129574694598987,12780905,12569946,3460,180298,23804,18626384
1790129574810233661,12781628,12570217,3460,180738,23818,18626384
1790129574927513449,12782368,12570474,3460,181204,23832,18626384
1790129575044128121,12783090,12570718,3460,181675,23846,18626384
1790129575167931986,12783859,12570976,3460,182109,23932,18626384
1790129575284357805,12784581,12571238,3460,182561,23943,18626384
1790129575400843057,12785315,12571490,3460,183027,23957,18626384
1790129575515848460,12786042,12571734,3460,183485,23973,18626384
1790129575631941716,12786788,12571968,3460,183973,23984,18626384
1790129575750306777,12787541,12572214,3460,184450,24000,18626384
1790129575868586339,12788277,12572490,3460,184881,24031,18626384
1790129575984027998,12788999,12572745,3460,185331,24048,18626384
1790129576100421437,12789741,12572992,3460,185798,24063,18626384
1790129576215856778,12790474,12573223,3460,186274,24078,18626384
1790129576329457922,12791183,12573428,3460,186774,24087,18626384
1790129576444860238,12791920,12573655,3460,187195,24161,18626384
1790129576561265918,12792660,12573911,3460,187652,24179,18626384
1790129576674540845,12793382,12574158,3460,188100,24191,18626384
1790129576790399494,12794090,12574401,3460,188571,24203,18626384
1790129576906874608,12794814,12574646,3460,189040,24219,18626384
1790129577024876859,12795576,12574849,3460,189572,24228,18626384
1790129577139968769,12796289,12575107,3460,189977,24281,18626384
1790129577254130811,12797006,12575364,3460,190395,24322,18626384
1790129577369982369,12797734,12575618,3460,190851,24336,18626384
1790129577484781201,12798456,12575876,3460,191298,24352,18626384
1790129577601073756,12799176,12576130,3460,191758,24363,18626384
1790129577713840528,12799858,12576375,3460,192209,24377,18626384
1790129577831560334,12800586,12576628,3460,192682,24388,18626384
1790129577947309673,12801327,12576887,3460,193142,24398,18626384
1790129578063730647,12802084,12577139,3460,193608,24406,18626384
1790129578178856164,12802815,12577410,3460,194045,24417,18626384
1790129578293659746,12803541,12577673,3460,194495,24426,18626384
1790129578410780870,12804274,12577897,3460,194998,24435,18626384
1790129578525613140,12804996,12578141,3460,195460,24449,18626384
1790129578643849257,12805724,12578383,3460,195866,24540,18626384
1790129578760369401,12806453,12578633,3460,196332,24554,18626384
1790129578876126218,12807177,12578885,3460,196785,24572,18626384
1790129578993271045,12807906,12579139,3460,197249,24587,18626384
1790129579110592139,12808638,12579363,3460,197750,24599,18626384
1790129579227567466,12809358,12579615,3460,198219,24610,18626384
1790129579343408494,12810096,12579881,3460,198662,24626,18626384
1790129579459105979,12810805,12580123,3460,199132,24640,18626384
1790129579576026534,12811531,12580369,3460,199603,24654,18626384
1790129579691138222,12812248,12580622,3460,200046,24674,18626384
1790129579805859489,12812986,12580868,3460,200511,24683,18626384
1790129579923065885,12813709,12581104,3460,200946,24745,18626384
1790129580037182708,12814414,12581366,3460,201371,24777,18626384
1790129580152377684,12815124,12581615,3460,201831,24789,18626384
1790129580269158106,12815853,12581862,3460,202298,24804,18626384
1790129580385832342,12816595,12582115,3460,202764,24815,18626384
1790129580500963109,12817341,12582321,3460,203278,24821,18626384
1790129580617270883,12818067,12582558,3460,203755,24832,18626384
1790129580732848790,12818768,12582819,3460,204206,24845,18626384
1790129580848200249,12819495,12583071,3460,204659,24857,18626384
1790129580964323714,12820209,12583340,3460,205109,24869,18626384
1790129581080231215,12820938,12583579,3460,205578,24881,18626384
1790129581193383312,12821651,12583831,3460,206032,24890,18626384
1790129581308621811,12822372,12584075,3460,206453,24945,18626384
1790129581424658480,12823103,12584322,3460,206897,24983,18626384
1790129581541214375,12823834,12584571,3460,207362,24997,18626384
1790129581657133597,12824562,12584821,3460,207822,25011,18626384
1790129581774727650,12825293,12585137,3460,208231,25023,18626384
1790129581892280543,12826027,12585446,3460,208650,25035,18626384
1790129582010315952,12826756,12585690,3460,209124,25056,18626384
1790129582122682103,12827472,12585951,3460,209551,25070,18626384
1790129582238604755,12828205,12586216,3460,209993,25090,18626384
1790129582353974396,12828929,12586457,3460,210456,25110,18626384
1790129582469544229,12829655,12586688,3460,210933,25123,18626384
1790129582584960430,12830348,12586915,3460,211419,25139,18626384
1790129582701867276,12831084,12587153,3460,211871,25176,18626384
1790129582818307307,12831806,12587422,3460,212281,25230,18626384
1790129582933732891,12832537,12587691,3460,212722,25243,18626384
1790129583049879697,12833277,12587935,3460,213197,25254,18626384
1790129583164835225,12834002,12588194,3460,213643,25265,18626384
1790129583283453529,12834730,12588438,3460,214135,25277,18626384
1790129583399411565,12835467,12588703,3460,214583,25289,18626384
1790129583516007609,12836206,12588964,3460,215037,25304,18626384
1790129583633828096,12836951,12589239,3460,215481,25320,18626384
1790129583751271211,12837684,12589496,3460,215939,25339,18626384
1790129583863820377,12838377,12589749,3460,216379,25351,18626384
1790129583978017341,12839098,12590004,3460,216831,25363,18626384
1790129584095080687,12839849,12590264,3460,217296,25373,18626384
1790129584212322571,12840586,12590499,3460,217703,25463,18626384
1790129584327346576,12841308,12590745,3460,218165,25476,18626384
1790129584442510981,12842046,12590987,3460,218628,25490,18626384
1790129584557873022,12842768,12591237,3460,219095,25500,18626384
1790129584672729894,12843513,12591442,3460,219598,25509,18626384
1790129584787245100,12844234,12591676,3460,220067,25523,18626384
1790129584902038193,12844943,12591938,3460,220505,25538,18626384
1790129585017251209,12845650,12592186,3460,220968,25551,18626384
1790129585134831012,12846387,12592437,3460,221436,25564,18626384
1790129585249870535,12847094,12592688,3460,221890,25578,18626384
1790129585368124885,12847827,12592943,3460,222368,25589,18626384
1790129585481899019,12848536,12593175,3460,222833,25603,18626384
1790129585595271072,12849231,12593399,3460,223241,25683,18626384
1790129585711221549,12849953,12593650,3460,223696,25701,18626384
1790129585826068876,12850678,12593908,3460,224144,25714,18626384
1790129585942660106,12851397,12594156,3460,224615,25728,18626384
1790129586058136694,12852107,12594423,3460,225064,25736,18626384
1790129586175890683,12852847,12594694,3460,225522,25748,18626384
1790129586291739147,12853572,12594935,3460,225922,25832,18626384
1790129586407470516,12854296,12595195,3460,226368,25847,18626384
1790129586523964052,12855017,12595442,3460,226835,25862,18626384
1790129586640727532,12855742,12595713,3460,227284,25874,18626384
1790129586757172748,12856470,12595965,3460,227757,25883,18626384
1790129586872342766,12857213,12596214,3460,228218,25891,18626384
1790129586988325454,12857949,12596461,3460,228682,25908,18626384
1790129587103663326,12858679,12596704,3460,229147,25922,18626384
1790129587219069070,12859407,12596953,3460,229603,25939,18626384
1790129587334161758,12860131,12597210,3460,230057,25950,18626384
1790129587451809041,12860898,12597445,3460,230553,25958,18626384
1790129587565582411,12861603,12597794,3460,230903,25977,18626384
1790129587681069999,12862329,12598049,3460,231287,26059,18626384
1790129587797624170,12863043,12598310,3460,231739,26075,18626384
1790129587913199294,12863763,12598561,3460,232197,26091,18626384
1790129588026747672,12864472,12598812,3460,232646,26103,18626384
1790129588140969412,12865180,12599078,3460,233084,26112,18626384
1790129588260452202,12865960,12599325,3460,233585,26116,18626384
1790129588375527943,12866702,12599577,3460,234039,26129,18626384
1790129588492219025,12867434,12599821,3460,234513,26141,18626384
1790129588609775739,12868179,12600084,3460,234973,26156,18626384
1790129588725067659,12868889,12600347,3460,235418,26166,18626384
1790129588841530952,12869627,12600623,3460,235866,26173,18626384
1790129588959690983,12870378,12600861,3460,236354,26189,18626384
1790129589075195607,12871102,12601098,3460,236758,26271,18626384
1790129589191887431,12871845,12601341,3460,237230,26283,18626384
1790129589306488438,12872564,12601580,3460,237691,26299,18626384
1790129589422926864,12873297,12601827,3460,238156,26313,18626384
1790129589540188563,12874021,12602065,3460,238642,26326,18626384
1790129589658971107,12874777,12602313,3460,239130,26336,18626384
1790129589775164252,12875483,12602578,3460,239570,26356,18626384
1790129589892054042,12876217,12602841,3460,240021,26369,18626384
1790129590008774343,12876953,12603111,3460,240469,26383,18626384
1790129590126392638,12877670,12603366,3460,240939,26394,18626384
1790129590243540009,12878422,12603579,3460,241452,26403,18626384
1790129590361161061,12879156,12603851,3460,241904,26416,18626384
1790129590476419253,12879879,12604077,3460,242320,26499,18626384
1790129590592095715,12880609,12604329,3460,242778,26511,18626384
1790129590706817617,12881323,12604576,3460,243232,26526,18626384
1790129590820951858,12882051,12604805,3460,243711,26537,18626384
1790129590936679891,12882760,12605033,3460,244189,26553,18626384
1790129591053651353,12883500,12605302,3460,244642,26563,18626384
1790129591170530735,12884227,12605555,3460,245107,26575,18626384
1790129591286325936,12884947,12605804,3460,245573,26586,18626384
1790129591401935727,12885676,12606070,3460,246012,26602,18626384
1790129591517869544,12886390,12606340,3460,246454,26617,18626384
1790129591635157402,12887152,12606574,3460,246948,26627,18626384
1790129591752865007,12887880,12606830,3460,247413,26641,18626384
1790129591870953433,12888606,12607078,3460,247828,26721,18626384
1790129591986604952,12889329,12607340,3460,248270,26738,18626384
1790129592100008002,12890040,12607605,3460,248704,26749,18626384
1790129592216093395,12890777,12607867,3460,249158,26762,18626384
1790129592332738484,12891538,12608133,3460,249616,26771,18626384
1790129592450601957,12892298,12608387,3460,250090,26779,18626384
1790129592566857559,12893018,12608638,3460,250555,26791,18626384
1790129592684116471,12893741,12608901,3460,251013,26803,18626384
1790129592799656052,12894464,12609178,3460,251446,26816,18626384
1790129592915007501,12895208,12609435,3460,251906,26827,18626384
1790129593030770959,12895918,12609654,3460,252398,26839,18626384
1790129593145592412,12896646,12609898,3460,252861,26853,18626384
1790129593260183644,12897348,12610125,3460,253259,26943,18626384
1790129593376412390,12898082,12610382,3460,253718,26956,18626384
1790129593491466319,12898805,12610650,3460,254153,26972,18626384
1790129593606452702,12899521,12610897,3460,254611,26988,18626384
1790129593720480139,12900241,12611140,3460,255073,27002,18626384
1790129593835242450,12900954,12611385,3460,255535,27016,18626384
1790129593951236433,12901689,12611660,3460,255967,27030,18626384
1790129594068046669,12902412,12611925,3460,256419,27044,18626384
1790129594184086849,12903163,12612167,3460,256888,27058,18626384
1790129594298867116,12903869,12612408,3460,257351,27072,18626384
1790129594413953766,12904587,12612651,3460,257822,27083,18626384
1790129594530316253,12905312,12612918,3460,258269,27098,18626384
1790129594647600142,12906048,12613157,3460,258686,27175,18626384
1790129594763226484,12906760,12613441,3460,259111,27192,18626384
1790129594876819600,12907484,12613686,3460,259558,27210,18626384
1790129594990593056,12908203,12613945,3460,259998,27223,18626384
1790129595105847765,12908919,12614188,3460,260465,27235,18626384
1790129595219639665,12909602,12614425,3460,260928,27249,18626384
1790129595335563433,12910316,12614664,3460,261325,27337,18626384
1790129595451570784,12911052,12614918,3460,261787,27347,18626384
1790129595568239884,12911789,12615166,3460,262255,27360,18626384
1790129595684506311,12912525,12615428,3460,262708,27375,18626384
1790129595798469115,12913264,12615707,3460,263137,27383,18626384
1790129595916030625,12914020,12615960,3460,263607,27400,18626384
1790129596033169901,12914736,12616208,3460,264076,27416,18626384
1790129596148961996,12915472,12616458,3460,264528,27435,18626384
1790129596263730530,12916190,12616702,3460,264984,27453,18626384
1790129596380814395,12916932,12616965,3460,265441,27466,18626384
1790129596497383183,12917685,12617208,3460,265925,27473,18626384
1790129596614850058,12918424,12617461,3460,266391,27491,18626384
1790129596731843826,12919151,12617716,3460,266790,27569,18626384
1790129596847142691,12919879,12617984,3460,267232,27582,18626384
1790129596962935564,12920610,12618235,3460,267696,27594,18626384
1790129597077105461,12921311,12618505,3460,268122,27611,18626384
1790129597193671101,12922055,12618754,3460,268594,27620,18626384
1790129597312136742,12922818,12619002,3460,269079,27632,18626384
1790129597426111085,12923520,12619257,3460,269522,27648,18626384
1790129597541906804,12924236,12619506,3460,269979,27664,18626384
1790129597656586823,12924968,12619765,3460,270425,27676,18626384
1790129597772378908,12925678,12620020,3460,270883,27687,18626384
1790129597889583279,12926428,12620250,3460,271379,27698,18626384
1790129598007506433,12927164,12620492,3460,271860,27711,18626384
1790129598123989871,12927891,12620720,3460,272275,27798,18626384
1790129598239962806,12928624,12620972,3460,272739,27810,18626384
1790129598357122259,12929378,12621226,3460,273200,27828,18626384
1790129598474344863,12930121,12621489,3460,273659,27840,18626384
1790129598591272743,12930894,12621707,3460,274169,27844,18626384
1790129598709935196,12931673,12621951,3460,274655,27857,18626384
1790129598827592304,12932416,12622218,3460,275104,27877,18626384
1790129598942603865,12933134,12622480,3460,275554,27888,18626384
1790129599057914096,12933851,12622727,3460,276012,27900,18626384
1790129599173658010,12934558,12622985,3460,276468,27916,18626384
1790129599290586994,12935262,12623227,3460,276941,27931,18626384
1790129599408466406,12936008,12623490,3460,277402,27944,18626384
1790129599523918055,12936730,12623712,3460,277816,28034,18626384
1790129599639825783,12937463,12623955,3460,278283,28047,18626384
1790129599754270578,12938178,12624199,3460,278748,28057,18626384
1790129599869762523,12938899,12624454,3460,279200,28069,18626384
1790129599983889188,12939627,12624682,3460,279682,28076,18626384
1790129600102752317,12940380,12624935,3460,280161,28091,18626384
1790129600219345283,12941126,12625224,3460,280587,28104,18626384
1790129600335082319,12941854,12625488,3460,281035,28116,18626384
1790129600450757879,12942585,12625736,3460,281503,28125,18626384
1790129600568457385,12943306,12626003,3460,281957,28142,18626384
1790129600684210301,12944045,12626534,3460,282150,28145,18626384
1790129600797917437,12944772,12627241,3460,282153,28152,18660432
1790129600912584465,12945509,12627643,3460,282475,28154,18662736
1790129601032639449,12946277,12627739,3460,283144,28154,18662736
1790129601147897909,12947017,12627820,3460,283795,28154,18662736
1790129601262169488,12947756,12627896,3460,284444,28155,18662736
1790129601379968212,12948510,12628063,3460,285029,28155,18662736
1790129601495579683,12949248,12628087,3460,285744,28155,18662736
1790129601610175089,12949989,12628166,3460,286390,28155,18662736
1790129601728374435,12950744,12628304,3460,287010,28155,18662736
1790129601843392007,12951483,12628330,3460,287717,28155,18662736
1790129601960122987,12952226,12628453,3460,288331,28155,18662736
1790129602078175390,12952984,12628527,3460,289008,28155,18662736
1790129602192285457,12953725,12628583,3460,289682,28155,18662736
1790129602304002948,12954433,12628704,3460,290270,28155,18662736
1790129602422090418,12955186,12628779,3460,290947,28155,18662736
1790129602536414230,12955910,12628846,3460,291608,28157,18662736
1790129602654066691,12956662,12628933,3460,292268,28157,18662736
1790129602769080695,12957396,12629066,3460,292868,28157,18662736
1790129602883143307,12958126,12629147,3460,293512,28157,18662736
1790129603001183447,12958879,12629310,3460,294102,28158,18662736
1790129603117231630,12959623,12629373,3460,294776,28158,18662736
1790129603231737064,12960356,12629473,3460,295406,28158,18662736
1790129603350004814,12961118,12629605,3460,296026,28158,18662736
1790129603464338512,12961848,12629626,3460,296738,28158,18662736
1790129603583347028,12962605,12629747,3460,297371,28158,18662736
1790129603695522993,12963320,12629832,3460,298001,28158,18662736
1790129603809402183,12964050,12629880,3460,298679,28159,18662736
1790129603926500535,12964797,12629979,3460,299323,28160,18662736
1790129604044372085,12965552,12630068,3460,299986,28160,18662736
1790129604158992975,12966292,12630147,3460,300633,28160,18662736
1790129604277135722,12967043,12630235,3460,301295,28160,18662736
1790129604395226394,12967796,12630382,3460,301898,28160,18662736
1790129604512406661,12968541,12630492,3460,302538,28161,18662736
1790129604630467300,12969297,12630628,3460,303153,28161,18662736
1790129604746640992,12970045,12630800,3460,303720,28161,18662736
1790129604865151782,12970804,12630923,3460,304348,28161,18662736
1790129604979433198,12971529,12631015,3460,304984,28161,18662736
1790129605091223345,12972246,12631163,3460,305544,28163,18662736
1790129605209336511,12973004,12631314,3460,306149,28164,18662736
1790129605324832755,12973739,12631452,3460,306742,28165,18662736
1790129605439739136,12974475,12631647,3460,307279,28165,18662736
1790129605557887726,12975226,12631825,3460,307851,28166,18662736
1790129605675754513,12975983,12631990,3460,308437,28166,18662736
1790129605790066540,12976712,12632038,3460,309115,28166,18662736
1790129605904352650,12977446,12632135,3460,309749,28166,18662736
1790129606022318062,12978198,12632261,3460,310374,28166,18662736
1790129606140708735,12978952,12632425,3460,310957,28168,18662736
1790129606258922683,12979704,12632557,3460,311577,28169,18662736
1790129606378367176,12980468,12632712,3460,312183,28169,18662736
1790129606496596568,12981225,12632807,3460,312841,28169,18662736
1790129606614599145,12981979,12632890,3460,313509,28169,18662736
1790129606728776397,12982719,12632969,3460,314155,28169,18662736
1790129606846943858,12983473,12633098,3460,314776,28169,18662736
1790129606965151374,12984223,12633217,3460,315408,28170,18662736
1790129607081875231,12984975,12633306,3460,316063,28170,18662736
1790129607199773243,12985727,12633486,3460,316634,28170,18662736
1790129607316712359,12986479,12633586,3460,317277,28170,18662736
1790129607434712424,12987236,12633675,3460,317941,28170,18662736
1790129607548856953,12987970,12633751,3460,318590,28170,18662736
1790129607667012719,12988724,12633843,3460,319249,28170,18662736
1790129607784776014,12989473,12633997,3460,319844,28171,18662736
1790129607901265937,12990219,12634104,3460,320475,28171,18662736
1790129608019226141,12990978,12634245,3460,321085,28171,18662736
1790129608136142355,12991721,12634385,3460,321689,28172,18662736
1790129608254278328,12992480,12634508,3460,322316,28172,18662736
1790129608368568710,12993213,12634561,3460,322996,28172,18662736
1790129608486245129,12993970,12634673,3460,323628,28172,18662736
1790129608604349202,12994727,12634838,3460,324221,28172,18662736
1790129608722331663,12995472,12634946,3460,324861,28172,18662736
1790129608838962329,12996219,12635023,3460,325506,28191,18662736
1790129608955837213,12996968,12635189,3460,326047,28228,18662736
1790129609074233298,12997725,12635311,3460,326645,28259,18662736
1790129609189266447,12998461,12635343,3460,327346,28259,18662736
1790129609305425173,12999195,12635420,3460,327966,28305,18662736
1790129609422719327,12999947,12635529,3460,328551,28356,18662736
1790129609540824531,13000705,12635675,3460,329115,28396,18662736
1790129609658836211,13001461,12635734,3460,329753,28451,18662736
1790129609776167491,13002205,12635891,3460,330300,28491,18662736
1790129609893859071,13002956,12635993,3460,330898,28541,18662736
1790129610011843463,13003710,12636070,3460,331558,28556,18662736
1790129610126409250,13004433,12636129,3460,332217,28568,18662736
1790129610245858048,13005195,12636226,3460,332840,28606,18662736
1790129610363772690,13005956,12636348,3460,333437,28639,18662736
1790129610477470308,13006680,12636467,3460,334041,28640,18662736
1790129610595561839,13007431,12636585,3460,334675,28640,18662736
1790129610715659240,13008197,12636742,3460,335279,28642,18662736
1790129610833725869,13008951,12636915,3460,335856,28642,18662736
1790129610947674989,13009683,12636964,3460,336535,28642,18662736
1790129611065850938,13010437,12637118,3460,337131,28643,18662736
1790129611181430783,13011175,12637291,3460,337696,28643,18662736
1790129611299417566,13011926,12637430,3460,338306,28643,18662736
1790129611417527490,13012685,12637557,3460,338930,28643,18662736
1790129611535431980,13013440,12637716,3460,339521,28644,18662736
1790129611653410277,13014195,12637820,3460,340168,28644,18662736
1790129611766620580,13014913,12637893,3460,340815,28644,18662736
1790129611881326736,13015654,12637969,3460,341469,28644,18662736
1790129611999351776,13016403,12638150,3460,342038,28645,18662736
1790129612117402641,13017157,12638295,3460,342643,28645,18662736
1790129612237859945,13017936,12638397,3460,343305,28645,18662736
1790129612354381504,13018679,12638554,3460,343891,28645,18662736
1790129612471734412,13019440,12638663,3460,344528,28645,18662736
1790129612589934580,13020194,12638755,3460,345186,28645,18662736
1790129612704310696,13020932,12638843,3460,345829,28645,18662736
1790129612825858972,13021714,12638936,3460,346507,28645,18662736
1790129612944819231,13022468,12639148,3460,347051,28646,18662736
1790129613060977793,13023212,12639271,3460,347666,28646,18662736
1790129613178951281,13023968,12639450,3460,348239,28647,18662736
1790129613297289133,13024720,12639582,3460,348859,28647,18662736
1790129613413022045,13025462,12639687,3460,349489,28647,18662736
1790129613527366632,13026189,12639744,3460,350158,28648,18662736
1790129613643333456,13026929,12639846,3460,350799,28648,18662736
1790129613761200110,13027686,12639988,3460,351405,28648,18662736
1790129613878207294,13028441,12640097,3460,352036,28649,18662736
1790129613994033062,13029180,12640216,3460,352656,28649,18662736
1790129614111827636,13029929,12640377,3460,353243,28650,18662736
1790129614229766207,13030685,12640553,3460,353818,28650,18662736
1790129614344886730,13031420,12640585,3460,354520,28650,18662736
1790129614461323052,13032159,12640654,3460,355193,28651,18662736
1790129614579085808,13032917,12640779,3460,355813,28651,18662736
1790129614697552801,13033667,12640919,3460,356428,28651,18662736
1790129614816061738,13034435,12641043,3460,357055,28651,18662736
1790129614934356302,13035180,12641175,3460,357679,28651,18662736
1790129615052407374,13035937,12641297,3460,358307,28651,18662736
1790129615167070384,13036671,12641323,3460,359009,28651,18662736
1790129615283857195,13037422,12641415,3460,359660,28653,18662736
1790129615401767289,13038173,12641576,3460,360248,28654,18662736
1790129615519685523,13038934,12641747,3460,360826,28655,18662736
1790129615637997459,13039690,12641878,3460,361452,28655,18662736
1790129615756836947,13040450,12642029,3460,362050,28656,18662736
1790129615877677254,13041214,12642127,3460,362721,28656,18662736
1790129615995000644,13041965,12642203,3460,363390,28656,18662736
1790129616108961629,13042687,12642279,3460,364038,28658,18662736
1790129616227079292,13043441,12642405,3460,364664,28658,18662736
1790129616345270925,13044193,12642522,3460,365300,28659,18662736
1790129616462611432,13044935,12642608,3460,365961,28659,18662736
1790129616581345992,13045703,12642788,3460,366537,28659,18662736
1790129616698728314,13046467,12642917,3460,367152,28659,18662736
1790129616816503425,13047217,12642993,3460,367827,28660,18662736
1790129616930592022,13047947,12643059,3460,368486,28660,18662736
1790129617048638344,13048694,12643146,3460,369150,28661,18662736
1790129617165024546,13049446,12643328,3460,369706,28661,18662736
1790129617283867711,13050214,12643500,3460,370290,28661,18662736
1790129617403277659,13050974,12643668,3460,370883,28661,18662736
1790129617517632573,13051700,12643794,3460,371485,28661,18662736
1790129617634776941,13052458,12643915,3460,372107,28662,18662736
1790129617749359850,13053189,12643942,3460,372814,28662,18662736
1790129617861724054,13053915,12644086,3460,373382,28663,18662736
1790129617979579822,13054663,12644177,3460,374042,28664,18662736
1790129618097979583,13055422,12644353,3460,374613,28667,18662736
1790129618216094585,13056177,12644509,3460,375208,28667,18662736
1790129618334145164,13056933,12644691,3460,375775,28668,18662736
1790129618452250835,13057681,12644822,3460,376395,28669,18662736
1790129618566908498,13058417,12644843,3460,377106,28669,18662736
1790129618681884390,13059155,12644925,3460,377755,28669,18662736
1790129618798830010,13059903,12645091,3460,378333,28669,18662736
1790129618916682643,13060657,12645251,3460,378922,28669,18662736
1790129619034578886,13061411,12645372,3460,379553,28669,18662736
1790129619147144889,13062132,12645520,3460,380119,28670,18662736
1790129619258769346,13062854,12645664,3460,380685,28670,18662736
1790129619376617511,13063600,12645790,3460,381311,28671,18662736
1790129619491062336,13064330,12645868,3460,381958,28671,18662736
1790129619609381041,13065081,12645997,3460,382585,28671,18662736
1790129619727198334,13065837,12646154,3460,383172,28672,18662736
1790129619843147014,13066580,12646276,3460,383787,28672,18662736
1790129619960958221,13067329,12646362,3460,384454,28673,18662736
1790129620076933070,13068059,12646474,3460,385077,28674,18662736
1790129620192143790,13068795,12646633,3460,385651,28674,18662736
1790129620306323695,13069518,12646661,3460,386355,28674,18662736
1790129620420700532,13070262,12646776,3460,386965,28674,18662736
1790129620538825585,13071014,12646873,3460,387619,28675,18662736
1790129620653297991,13071734,12647003,3460,388213,28677,18662736
1790129620771295684,13072492,12647149,3460,388824,28677,18662736
1790129620889845137,13073248,12647279,3460,389443,28678,18662736
1790129621008248751,13073999,12647410,3460,390062,28678,18662736
1790129621123262044,13074736,12647455,3460,390752,28678,18662736
1790129621240325376,13075485,12647532,3460,391422,28679,18662736
1790129621352743943,13076207,12647690,3460,391980,28679,18662736
1790129621467520326,13076934,12647715,3460,392687,28679,18662736
1790129621583599348,13077669,12647839,3460,393299,28680,18662736
1790129621701555771,13078424,12647915,3460,393974,28680,18662736
1790129621815589016,13079156,12647985,3460,394628,28682,18662736
1790129621933680644,13079920,12648078,3460,395286,28682,18662736
1790129622051626830,13080668,12648151,3460,395964,28682,18662736
1790129622166184921,13081398,12648223,3460,396616,28684,18662736
1790129622283985367,13082153,12648338,3460,397255,28684,18662736
1790129622398508516,13082882,12648367,3460,397958,28684,18662736
1790129622512713146,13083622,12648442,3460,398607,28685,18662736
1790129622630611796,13084369,12648569,3460,399231,28685,18662736
1790129622744749358,13085101,12648594,3460,399933,28685,18662736
1790129622862659636,13085855,12648732,3460,400544,28686,18662736
1790129622981000548,13086611,12648812,3460,401216,28686,18662736
1790129623095089409,13087338,12648885,3460,401871,28686,18662736
1790129623212166142,13088087,12648993,3460,402504,28687,18662736
1790129623330085149,13088839,12649070,3460,403178,28688,18662736
1790129623444335927,13089570,12649137,3460,403841,28688,18662736
1790129623561055453,13090316,12649247,3460,404471,28688,18662736
1790129623679101376,13091069,12649323,3460,405147,28688,18662736
1790129623793493216,13091803,12649395,3460,405808,28688,18662736
1790129623911578902,13092556,12649556,3460,406397,28689,18662736
1790129624026228682,13093291,12649577,3460,407103,28689,18662736
1790129624142161026,13094018,12649745,3460,407666,28694,18662736
1790129624257347510,13094740,12649995,3460,408125,28708,18662736
1790129624373451673,13095467,12650252,3460,408579,28721,18662736
1790129624490871182,13096217,12650402,3460,408765,29127,18662736
1790129624608680745,13096947,12650568,3460,408987,29483,18662736
1790129624723460728,13097688,12650823,3460,409440,29494,18662736
1790129624840499557,13098434,12651075,3460,409910,29505,18662736
1790129624957835255,13099171,12651323,3460,410391,29518,18662736
1790129625075615397,13099908,12651573,3460,410862,29531,18662736
1790129625190674833,13100631,12651820,3460,411321,29545,18662736
1790129625306542093,13101354,12652078,3460,411769,29563,18662736
1790129625422586497,13102092,12652348,3460,412212,29574,18662736
1790129625539904384,13102834,12652612,3460,412673,29588,18662736
1790129625653492523,13103548,12652828,3460,413153,29601,18662736
1790129625770775957,13104287,12653088,3460,413612,29617,18662736
1790129625886680217,13105023,12653356,3460,414062,29627,18662736
1790129626002539678,13105736,12653601,3460,414462,29705,18662736
1790129626118044241,13106460,12653854,3460,414918,29717,18662736
1790129626233390257,13107174,12654109,3460,415379,29727,18662736
1790129626347424009,13107905,12654377,3460,415817,29736,18662736
1790129626464395863,13108636,12654633,3460,416284,29751,18662736
1790129626579917813,13109376,12654888,3460,416732,29766,18662736
1790129626695943050,13110116,12655172,3460,417167,29774,18662736
1790129626810489079,13110840,12655425,3460,417618,29789,18662736
1790129626925552829,13111544,12655686,3460,418067,29800,18662736
1790129627043292320,13112258,12655910,3460,418568,29814,18662736
1790129627161756073,13112989,12656180,3460,419028,29830,18662736
1790129627278067452,13113725,12656443,3460,419473,29844,18662736
1790129627392826876,13114449,12656678,3460,419873,29930,18662736
1790129627509201159,13115169,12656932,3460,420332,29943,18662736
1790129627625527055,13115893,12657200,3460,420782,29956,18662736
1790129627741302507,13116643,12657437,3460,421270,29962,18662736
1790129627859812592,13117395,12657680,3460,421754,29972,18662736
1790129627975308491,13118120,12657943,3460,422199,29986,18662736
1790129628092433041,13118852,12658192,3460,422670,29998,18662736
1790129628211953273,13119605,12658453,3460,423141,30014,18662736
1790129628326404506,13120298,12658704,3460,423592,30027,18662736
1790129628440519501,13121031,12658958,3460,424047,30037,18662736
1790129628558080534,13121768,12659198,3460,424533,30047,18662736
1790129628673089509,13122475,12659480,3460,424957,30059,18662736
1790129628790042580,13123206,12659725,3460,425359,30146,18662736
1790129628906775075,13123946,12659980,3460,425816,30164,18662736
1790129629023658917,13124680,12660232,3460,426283,30177,18662736
1790129629137558705,13125412,12660457,3460,426765,30185,18662736
1790129629254019626,13126130,12660695,3460,427248,30195,18662736
1790129629369771588,13126851,12661030,3460,427625,30209,18662736
1790129629485847230,13127581,12661273,3460,428096,30219,18662736
1790129629600538519,13128315,12661522,3460,428556,30232,18662736
1790129629715870966,13129034,12661772,3460,429006,30247,18662736
1790129629833837663,13129765,12661991,3460,429523,30256,18662736
1790129629949324037,13130490,12662254,3460,429958,30275,18662736
1790129630066109032,13131227,12662524,3460,430407,30288,18662736
1790129630183212908,13131978,12662759,3460,430826,30370,18662736
1790129630300276982,13132714,12663024,3460,431276,30386,18662736
1790129630416441183,13133445,12663271,3460,431743,30398,18662736
1790129630531640947,13134157,12663493,3460,432236,30410,18662736
1790129630647894542,13134897,12663748,3460,432693,30423,18662736
1790129630761692268,13135643,12664029,3460,433115,30438,18662736
1790129630879277898,13136383,12664285,3460,433576,30451,18662736
1790129630994043366,13137092,12664551,3460,434017,30463,18662736
1790129631109909397,13137795,12664822,3460,434459,30477,18662736
1790129631224903636,13138507,12665061,3460,434929,30490,18662736
1790129631342451524,13139244,12665320,3460,435395,30504,18662736
1790129631457694359,13139956,12665575,3460,435846,30515,18662736
1790129631574284036,13140669,12665827,3460,436241,30599,18662736
1790129631691243545,13141404,12666078,3460,436710,30611,18662736
1790129631807517256,13142136,12666345,3460,437154,30628,18662736
1790129631925661189,13142862,12666576,3460,437659,30640,18662736
1790129632041570319,13143602,12666821,3460,438123,30650,18662736
1790129632157280745,13144324,12667067,3460,438582,30668,18662736
1790129632270960451,13145044,12667319,3460,439030,30681,18662736
1790129632387626905,13145785,12667568,3460,439496,30695,18662736
1790129632502256591,13146504,12667816,3460,439954,30708,18662736
1790129632616935538,13147230,12668117,3460,440361,30719,18662736
1790129632731857880,13147939,12668369,3460,440817,30732,18662736
1790129632848051949,13148690,12668619,3460,441277,30747,18662736
1790129632963259195,13149419,12668863,3460,441670,30833,18662736
1790129633078972190,13150127,12669117,3460,442127,30845,18662736
1790129633195445929,13150872,12669375,3460,442585,30860,18662736
1790129633312331709,13151614,12669590,3460,443094,30869,18662736
1790129633427288625,13152339,12669846,3460,443548,30881,18662736
1790129633543415300,13153061,12670092,3460,444014,30892,18662736
1790129633659280982,13153785,12670366,3460,444451,30909,18662736
1790129633774343372,13154509,12670615,3460,444913,30918,18662736
1790129633889499472,13155260,12670923,3460,445318,30927,18662736
1790129634004498752,13155974,12671139,3460,445821,30936,18662736
1790129634121948765,13156722,12671392,3460,446285,30948,18662736
1790129634238101660,13157452,12671652,3460,446732,30965,18662736
1790129634354458804,13158172,12671882,3460,447147,31049,18662736
1790129634471830438,13158921,12672142,3460,447609,31065,18662736
1790129634586903254,13159643,12672375,3460,448081,31077,18662736
1790129634703689851,13160360,12672610,3460,448569,31087,18662736
1790129634820378472,13161104,12672864,3460,449034,31098,18662736
1790129634937417447,13161841,12673134,3460,449483,31113,18662736
1790129635053683790,13162570,12673400,3460,449930,31125,18662736
1790129635168671396,13163320,12673650,3460,450388,31137,18662736
1790129635284232813,13164024,12673910,3460,450839,31150,18662736
1790129635400694490,13164774,12674134,3460,451337,31158,18662736
1790129635516297805,13165477,12674382,3460,451797,31175,18662736
1790129635632325600,13166180,12674630,3460,452254,31192,18662736
1790129635748928959,13166900,12674869,3460,452676,31267,18662736
1790129635864911284,13167641,12675133,3460,453122,31279,18662736
1790129635978983982,13168370,12675420,3460,453544,31286,18662736
1790129636094243004,13169088,12675657,3460,454020,31298,18662736
1790129636207438168,13169802,12675926,3460,454445,31312,18662736
1790129636321750728,13170530,12676182,3460,454891,31326,18662736
1790129636435306679,13171234,12676408,3460,455290,31413,18662736
1790129636550752697,13171965,12676656,3460,455744,31433,18662736
1790129636666151134,13172696,12676929,3460,456181,31447,18662736
1790129636784780782,13173446,12677151,3460,456693,31463,18662736
1790129636900358367,13174177,12677409,3460,457142,31475,18662736
1790129637016099957,13174902,12677657,3460,457609,31485,18662736
1790129637132626368,13175631,12677905,3460,458077,31496,18662736
1790129637246462981,13176328,12678163,3460,458516,31512,18662736
1790129637363259089,13177061,12678409,3460,458989,31528,18662736
1790129637479052926,13177798,12678633,3460,459479,31540,18662736
1790129637594616866,13178519,12678875,3460,459951,31552,18662736
1790129637710961589,13179239,12679130,3460,460409,31566,18662736
1790129637826523299,13179960,12679360,3460,460814,31654,18662736
1790129637940454568,13180701,12679627,3460,461248,31666,18662736
1790129638057184516,13181453,12679877,3460,461718,31678,18662736
1790129638177057356,13182222,12680106,3460,462229,31689,18662736
1790129638292984108,13182956,12680360,3460,462688,31701,18662736
1790129638409202469,13183679,12680667,3460,463098,31714,18662736
1790129638525403329,13184394,12680923,3460,463556,31725,18662736
1790129638642258148,13185117,12681195,3460,464000,31743,18662736
1790129638757083926,13185850,12681474,3460,464436,31752,18662736
1790129638881224665,13186626,12681720,3460,464953,31763,18662736
1790129638996412677,13187342,12681995,3460,465385,31776,18662736
1790129639112479715,13188074,12682268,3460,465827,31787,18662736
1790129639228346292,13188791,12682503,3460,466240,31865,18662736
1790129639345192480,13189550,12682771,3460,466691,31877,18662736
1790129639458972261,13190298,12683037,3460,467135,31886,18662736
1790129639581433708,13191060,12683291,3460,467632,31899,18662736
1790129639698004713,13191809,12683544,3460,468097,31909,18662736
1790129639813598358,13192519,12683792,3460,468558,31923,18662736
1790129639929218121,13193214,12684042,3460,469019,31937,18662736
1790129640044694034,13193930,12684300,3460,469470,31950,18662736
1790129640160891116,13194674,12684545,3460,469944,31959,18662736
1790129640277984406,13195404,12684800,3460,470411,31971,18662736
1790129640394554584,13196142,12685082,3460,470842,31989,18662736
1790129640510121900,13196869,12685332,3460,471303,32004,18662736
1790129640625525653,13197595,12685570,3460,471709,32083,18662736
1790129640741876679,13198338,12685812,3460,472180,32094,18662736
1790129640855238555,13199048,12686060,3460,472636,32106,18662736
1790129640970641192,13199773,12686297,3460,473107,32119,18662736
1790129641087418983,13200494,12686568,3460,473558,32129,18662736
1790129641204466311,13201223,12686817,3460,474029,32141,18662736
1790129641320313527,13201967,12687072,3460,474475,32165,18662736
1790129641435947960,13202691,12687317,3460,474932,32183,18662736
1790129641550903231,13203439,12687555,3460,475404,32195,18662736
1790129641665726412,13204175,12687824,3460,475840,32209,18662736
1790129641780066745,13204890,12688065,3460,476300,32225,18662736
1790129641896357826,13205594,12688314,3460,476764,32240,18662736
1790129642012715274,13206325,12688562,3460,477166,32320,18662736
1790129642126443112,13207039,12688812,3460,477612,32336,18662736
1790129642239690980,13207746,12689053,3460,478074,32348,18662736
1790129642355491247,13208481,12689292,3460,478541,32362,18662736
1790129642472343966,13209218,12689544,3460,479006,32376,18662736
1790129642588722289,13209923,12689789,3460,479477,32390,18662736
1790129642705917076,13210653,12690034,3460,479950,32401,18662736
1790129642823870824,13211406,12690284,3460,480423,32417,18662736
1790129642941389058,13212133,12690526,3460,480912,32427,18662736
1790129643060177553,13212850,12690785,3460,481383,32441,18662736
1790129643175085342,13213580,12691052,3460,481820,32452,18662736
1790129643290607721,13214289,12691300,3460,482283,32464,18662736
1790129643405947793,13215010,12691530,3460,482692,32553,18662736
1790129643521676249,13215714,12691798,3460,483130,32567,18662736
1790129643638952169,13216476,12692020,3460,483638,32574,18662736
1790129643756697202,13217236,12692277,3460,484100,32592,18662736
1790129643872559542,13217955,12692529,3460,484561,32605,18662736
1790129643986928657,13218668,12692782,3460,485013,32614,18662736
1790129644103561048,13219400,12693041,3460,485468,32634,18662736
1790129644219648384,13220137,12693295,3460,485926,32647,18662736
1790129644336012955,13220882,12693550,3460,486394,32654,18662736
1790129644454280351,13221622,12693826,3460,486851,32663,18662736
1790129644571152402,13222342,12694092,3460,487301,32677,18662736
1790129644688091890,13223076,12694352,3460,487746,32702,18662736
1790129644804826873,13223802,12694576,3460,488182,32775,18662736
1790129644918723626,13224515,12694818,3460,488645,32790,18662736
1790129645035696928,13225254,12695044,3460,489138,32800,18662736
1790129645152580331,13225984,12695306,3460,489594,32815,18662736
1790129645269347366,13226714,12695565,3460,490050,32829,18662736
1790129645387311487,13227458,12695827,3460,490515,32839,18662736
1790129645504387213,13228176,12696076,3460,490983,32854,18662736
1790129645621577086,13228915,12696327,3460,491453,32865,18662736
1790129645735715790,13229659,12696553,3460,491938,32872,18662736
1790129645853903177,13230417,12696808,3460,492407,32888,18662736
1790129645969111642,13231146,12697048,3460,492873,32903,18662736
1790129646084602799,13231860,12697293,3460,493267,32988,18662736
1790129646199037823,13232557,12697555,3460,493705,33001,18662736
1790129646315121940,13233273,12697831,3460,494142,33014,18662736
1790129646430307079,13233985,12698070,3460,494620,33024,18662736
1790129646545426188,13234719,12698321,3460,495071,33041,18662736
1790129646660116111,13235460,12698572,3460,495526,33053,18662736
1790129646776632240,13236193,12698830,3460,495985,33064,18662736
1790129646892436637,13236909,12699083,3460,496442,33079,18662736
1790129647006334207,13237639,12699356,3460,496864,33097,18662736
1790129647119825787,13238332,12699601,3460,497317,33111,18662736
1790129647234628440,13239050,12699880,3460,497746,33124,18662736
1790129647351094950,13239783,12700180,3460,498163,33138,18662736
1790129647466745228,13240525,12700436,3460,498594,33171,18662736
1790129647584268856,13241270,12700674,3460,499036,33230,18662736
1790129647700510682,13242004,12700910,3460,499516,33246,18662736
1790129647817924123,13242748,12701136,3460,500011,33256,18662736
1790129647935645386,13243464,12701391,3460,500476,33271,18662736
1790129648051855184,13244200,12701659,3460,500926,33282,18662736
1790129648167707570,13244914,12701908,3460,501388,33296,18662736
1790129648284316743,13245643,12702162,3460,501852,33310,18662736
1790129648399081456,13246373,12702408,3460,502311,33322,18662736
1790129648517219724,13247130,12702643,3460,502808,33334,18662736
1790129648633133721,13247850,12702896,3460,503266,33346,18662736
1790129648749039646,13248593,12703149,3460,503726,33357,18662736
1790129648863146488,13249321,12703385,3460,504122,33444,18662736
1790129648979205693,13250059,12703627,3460,504590,33458,18662736
1790129649095888701,13250802,12703874,3460,505063,33469,18662736
1790129649210417019,13251528,12704083,3460,505564,33479,18662736
1790129649327742687,13252256,12704347,3460,506020,33494,18662736
1790129649443946487,13252986,12704619,3460,506469,33503,18662736
1790129649559242831,13253711,12704879,3460,506916,33514,18662736
1790129649673747661,13254419,12705151,3460,507347,33528,18662736
1790129649791179227,13255166,12705410,3460,507815,33542,18662736
1790129649906978566,13255908,12705633,3460,508306,33555,18662736
1790129650025338729,13256659,12705893,3460,508771,33567,18662736
1790129650143851046,13257393,12706167,3460,509222,33583,18662736
1790129650261042723,13258114,12706411,3460,509626,33671,18662736
1790129650376670362,13258852,12706662,3460,510089,33681,18662736
1790129650492337101,13259550,12706914,3460,510549,33695,18662736
1790129650608429717,13260289,12707152,3460,511038,33703,18662736
1790129650725456929,13261006,12707414,3460,511485,33719,18662736
1790129650839969092,13261728,12707675,3460,511926,33733,18662736
1790129650954056431,13262448,12707935,3460,512304,33812,18662736
1790129651069321932,13263174,12708191,3460,512760,33823,18662736
1790129651183640554,13263890,12708434,3460,513224,33832,18662736
1790129651297558691,13264601,12708698,3460,513665,33843,18662736
1790129651412744154,13265325,12708980,3460,514094,33854,18662736
1790129651527158035,13266029,12709231,3460,514545,33872,18662736
1790129651640758444,13266755,12709504,3460,514969,33885,18662736
1790129651756709726,13267482,12709764,3460,515415,33902,18662736
1790129651871852904,13268216,12710010,3460,515877,33916,18662736
1790129651988887358,13268963,12710252,3460,516359,33927,18662736
1790129652105663997,13269695,12710510,3460,516824,33938,18662736
1790129652222387220,13270408,12710791,3460,517258,33952,18662736
1790129652338964700,13271153,12711041,3460,517688,33999,18662736
1790129652454930105,13271877,12711285,3460,518130,34040,18662736
1790129652569819912,13272596,12711571,3460,518554,34051,18662736
1790129652685850104,13273333,12711793,3460,519050,34062,18662736
1790129652804070808,13274061,12712063,3460,519509,34073,18662736
1790129652920960343,13274806,12712334,3460,519960,34083,18662736
1790129653036657465,13275535,12712598,3460,520408,34095,18662736
1790129653152891173,13276275,12712844,3460,520872,34110,18662736
1790129653266194499,13276980,12713122,3460,521291,34124,18662736
1790129653382429755,13277685,12713362,3460,521772,34136,18662736
1790129653500114596,13278430,12713613,3460,522237,34154,18662736
1790129653617313413,13279166,12713864,3460,522704,34168,18662736
1790129653734829202,13279897,12714113,3460,523113,34245,18662736
1790129653849939177,13280617,12714355,3460,523570,34269,18662736
1790129653964493391,13281334,12714591,3460,524041,34279,18662736
1790129654084368300,13282113,12714810,3460,524563,34289,18662736
1790129654200499271,13282858,12715063,3460,525021,34308,18662736
1790129654316243591,13283582,12715312,3460,525479,34321,18662736
1790129654432308044,13284301,12715569,3460,525935,34335,18662736
1790129654548161277,13285007,12715810,3460,526407,34347,18662736
1790129654663619142,13285730,12716030,3460,526904,34358,18662736
1790129654778158014,13286447,12716290,3460,527344,34374,18662736
1790129654893277662,13287167,12716541,3460,527800,34386,18662736
1790129655009501643,13287895,12716811,3460,528244,34399,18662736
1790129655123185543,13288604,12717046,3460,528637,34485,18662736
1790129655238475877,13289341,12717290,3460,529097,34499,18662736
1790129655354019622,13290074,12717534,3460,529564,34517,18662736
1790129655477631729,13290868,12717782,3460,530082,34523,18662736
1790129655592841376,13291591,12718062,3460,530507,34539,18662736
1790129655707947965,13292326,12718297,3460,530980,34550,18662736
1790129655823946535,13293064,12718547,3460,531446,34564,18662736
1790129655941588017,13293784,12718798,3460,531910,34580,18662736
1790129656056206308,13294503,12719026,3460,532395,34592,18662736
1790129656172930489,13295213,12719271,3460,532864,34603,18662736
1790129656289445322,13295942,12719531,3460,533323,34615,18662736
1790129656405217537,13296676,12719785,3460,533780,34630,18662736
1790129656520808380,13297415,12720010,3460,534199,34707,18662736
1790129656635923004,13298140,12720260,3460,534662,34715,18662736
1790129656751742313,13298882,12720479,3460,535163,34725,18662736
1790129656869937462,13299645,12720761,3460,535608,34737,18662736
1790129656985329391,13300372,12721008,3460,536069,34752,18662736
1790129657100967855,13301109,12721248,3460,536532,34769,18662736
1790129657216545496,13301847,12721500,3460,536988,34785,18662736
1790129657333434743,13302591,12721747,3460,537457,34800,18662736
1790129657451571913,13303334,12721971,3460,537964,34811,18662736
1790129657568211422,13304060,12722240,3460,538414,34823,18662736
1790129657684392703,13304793,12722499,3460,538875,34832,18662736
1790129657800737861,13305522,12722766,3460,539318,34848,18662736
1790129657915605343,13306233,12722997,3460,539728,34927,18662736
1790129658030428193,13306950,12723259,3460,540175,34940,18662736
1790129658148694798,13307701,12723641,3460,540526,34947,18671952
1790129658260674858,13308419,12724320,3460,540546,34954,18697680
1790129658378891986,13309166,12724413,3460,541203,34955,18697680
1790129658490774436,13309877,12724544,3460,541785,34955,18697680
1790129658604945845,13310612,12724596,3460,542460,34955,18697680
1790129658721085613,13311350,12724743,3460,543049,34956,18697680
1790129658839032668,13312100,12724836,3460,543708,34956,18697680
1790129658953584896,13312832,12724936,3460,544339,34956,18697680
1790129659071738379,13313593,12725066,3460,544960,34956,18697680
1790129659186446362,13314320,12725181,3460,545578,34956,18697680
1790129659301028381,13315062,12725308,3460,546174,34956,18697680
1790129659419087925,13315818,12725451,3460,546782,34956,18697680
1790129659533852375,13316555,12725488,3460,547479,34957,18697680
1790129659650922583,13317312,12725616,3460,548094,34957,18697680
1790129659769041446,13318066,12725701,3460,548759,34957,18697680
1790129659883514891,13318795,12725772,3460,549419,34958,18697680
1790129659999505466,13319534,12725959,3460,549970,34958,18697680
1790129660127874829,13320358,12726135,3460,550610,34958,18697680
1790129660242098937,13321083,12726253,3460,551216,34959,18697680
1790129660360155752,13321836,12726447,3460,551773,34959,18697680
1790129660474748301,13322573,12726482,3460,552472,34959,18697680
1790129660590822211,13323314,12726573,3460,553118,34959,18697680
1790129660708587780,13324060,12726693,3460,553749,34959,18697680
1790129660822741189,13324800,12726741,3460,554427,34959,18697680
1790129660940279588,13325552,12726843,3460,555070,34960,18697680
1790129661058268197,13326308,12726929,3460,555735,34960,18697680
1790129661172299992,13327036,12727007,3460,556386,34961,18697680
1790129661290624522,13327799,12727129,3460,557016,34961,18697680
1790129661405462302,13328534,12727150,3460,557728,34961,18697680
1790129661521092747,13329291,12727236,3460,558374,34961,18697680
1790129661637697385,13330042,12727384,3460,558970,34961,18697680
1790129661755942195,13330785,12727510,3460,559595,34962,18697680
1790129661874033844,13331543,12727630,3460,560226,34962,18697680
1790129661992260803,13332297,12727797,3460,560809,34962,18697680
1790129662110618349,13333043,12727917,3460,561445,34962,18697680
1790129662225427378,13333780,12727950,3460,562146,34962,18697680
1790129662341256948,13334501,12728062,3460,562763,34964,18697680
1790129662458244158,13335246,12728185,3460,563385,34964,18697680
1790129662576305953,13335994,12728314,3460,564012,34965,18697680
1790129662694303729,13336744,12728434,3460,564642,34965,18697680
1790129662812228298,13337485,12728559,3460,565260,34967,18697680
1790129662930458413,13338233,12728676,3460,565901,34967,18697680
1790129663045634462,13338974,12728703,3460,566607,34967,18697680
1790129663163141975,13339723,12728817,3460,567235,34967,18697680
1790129663281356987,13340483,12728919,3460,567891,34967,18697680
1790129663396646252,13341229,12729079,3460,568462,34967,18697680
1790129663514424368,13341986,12729199,3460,569093,34967,18697680
1790129663632500794,13342724,12729338,3460,569702,34970,18697680
1790129663750708380,13343480,12729483,3460,570308,34970,18697680
1790129663865307508,13344207,12729509,3460,571015,34970,18697680
1790129663982666177,13344957,12729664,3460,571600,34973,18697680
1790129664100671534,13345713,12729769,3460,572248,34973,18697680
1790129664216825648,13346458,12729914,3460,572839,34973,18697680
1790129664334100092,13347204,12730067,3460,573430,34974,18697680
1790129664451638672,13347947,12730205,3460,574040,34975,18697680
1790129664569880242,13348708,12730331,3460,574665,34976,18697680
1790129664684418112,13349430,12730361,3460,575366,34976,18697680
1790129664798599204,13350165,12730483,3460,575971,34976,18697680
1790129664916676425,13350924,12730630,3460,576576,34976,18697680
1790129665028411591,13351632,12730743,3460,577174,34978,18697680
1790129665144861878,13352381,12730866,3460,577789,34978,18697680
1790129665270857622,13353182,12731014,3460,578441,34979,18697680
1790129665389887612,13353946,12731174,3460,579038,34979,18697680
1790129665504480499,13354677,12731219,3460,579726,34979,18697680
1790129665616398953,13355380,12731387,3460,580269,34980,18697680
1790129665734494017,13356133,12731499,3460,580908,34981,18697680
1790129665848865061,13356867,12731621,3460,581511,34981,18697680
1790129665966864314,13357618,12731778,3460,582106,34981,18697680
1790129666087876247,13358391,12731914,3460,582738,34982,18697680
1790129666206223701,13359145,12732056,3460,583346,34983,18697680
1790129666320726165,13359884,12732083,3460,584053,34983,18697680
1790129666433453758,13360599,12732213,3460,584640,34983,18697680
1790129666560540142,13361412,12732365,3460,585296,34984,18697680
1790129666678279683,13362157,12732506,3460,585898,34985,18697680
1790129666796245307,13362913,12732610,3460,586549,34986,18697680
1790129666911190136,13363649,12732761,3460,587127,34988,18697680
1790129667024883186,13364378,12732899,3460,587712,34988,18697680
1790129667139640753,13365098,12732968,3460,588374,34988,18697680
1790129667256703934,13365856,12733122,3460,588964,34988,18697680
1790129667374888119,13366613,12733247,3460,589589,34988,18697680
1790129667490907820,13367358,12733406,3460,590168,34989,18697680
1790129667608774779,13368116,12733492,3460,590835,34989,18697680
1790129667726352658,13368858,12733629,3460,591445,34990,18697680
1790129667841025973,13369586,12733750,3460,592050,34990,18697680
1790129667955429115,13370315,12733790,3460,592742,34991,18697680
1790129668072752488,13371067,12733898,3460,593378,34991,18697680
1790129668191011945,13371828,12734030,3460,593997,34991,18697680
1790129668305588884,13372559,12734148,3460,594609,34992,18697680
1790129668423715305,13373317,12734261,3460,595248,34992,18697680
1790129668542857672,13374090,12734387,3460,595878,34992,18697680
1790129668660880777,13374839,12734465,3460,596551,34993,18697680
1790129668775034987,13375567,12734534,3460,597207,34993,18697680
1790129668891876752,13376313,12734638,3460,597847,34993,18697680
1790129669009927090,13377062,12734783,3460,598452,34994,18697680
1790129669127131466,13377809,12734896,3460,599083,34995,18697680
1790129669245677071,13378566,12735020,3460,599715,34995,18697680
1790129669361271046,13379314,12735175,3460,600291,34995,18697680
1790129669479133761,13380066,12735253,3460,600965,34995,18697680
1790129669593391147,13380792,12735312,3460,601637,34995,18697680
1790129669711249111,13381542,12735417,3460,602277,34996,18697680
1790129669828413513,13382289,12735577,3460,602864,34998,18697680
1790129669946772309,13383047,12735677,3460,603516,34998,18697680
1790129670064621081,13383796,12735820,3460,604123,34999,18697680
1790129670181965791,13384540,12735922,3460,604763,35001,18697680
1790129670300053193,13385291,12736037,3460,605399,35002,18697680
1790129670414485084,13386003,12736115,3460,606050,35003,18697680
1790129670532482878,13386757,12736218,3460,606700,35003,18697680
1790129670648608777,13387492,12736374,3460,607281,35003,18697680
1790129670767019398,13388251,12736465,3460,607941,35004,18697680
1790129670885466314,13389005,12736613,3460,608549,35004,18697680
1790129671002303439,13389755,12736727,3460,609179,35005,18697680
1790129671120958869,13390511,12736808,3460,609850,35005,18697680
1790129671235140225,13391253,12736905,3460,610477,35005,18697680
1790129671353212814,13392009,12737018,3460,611115,35005,18697680
1790129671470864505,13392771,12737159,3460,611723,35007,18697680
1790129671585162023,13393495,12737248,3460,612360,35007,18697680
1790129671703178466,13394242,12737428,3460,612932,35008,18697680
1790129671815176930,13394957,12737571,3460,613499,35008,18697680
1790129671933400359,13395715,12737646,3460,614182,35008,18697680
1790129672047681714,13396460,12737725,3460,614826,35009,18697680
1790129672165621937,13397208,12737817,3460,615485,35010,18697680
1790129672280963303,13397944,12737958,3460,616075,35010,18697680
1790129672399427059,13398702,12738048,3460,616742,35010,18697680
1790129672516614032,13399447,12738192,3460,617341,35011,18697680
1790129672634950519,13400207,12738291,3460,617991,35013,18697680
1790129672752865816,13400962,12738400,3460,618635,35013,18697680
1790129672867261278,13401681,12738503,3460,619256,35015,18697680
1790129672985745787,13402441,12738626,3460,619887,35015,18697680
1790129673103758009,13403199,12738744,3460,620519,35015,18697680
1790129673221581200,13403952,12738851,3460,621163,35015,18697680
1790129673341001639,13404715,12739004,3460,621749,35034,18697680
1790129673459591868,13405473,12739089,3460,622361,35094,18697680
1790129673578185418,13406239,12739164,3460,623033,35099,18697680
1790129673692212021,13406970,12739230,3460,623646,35145,18697680
1790129673810886914,13407730,12739326,3460,624252,35200,18697680
1790129673928857696,13408487,12739449,3460,624833,35247,18697680
1790129674047841253,13409249,12739530,3460,625448,35308,18697680
1790129674165837762,13410004,12739650,3460,626028,35360,18697680
1790129674282038339,13410746,12739748,3460,626616,35412,18697680
1790129674400403448,13411504,12739814,3460,627284,35434,18697680
1790129674514864818,13412240,12739874,3460,627932,35451,18697680
1790129674633147435,13412990,12739951,3460,628546,35513,18697680
1790129674751193773,13413740,12740082,3460,629118,35563,18697680
1790129674865479874,13414473,12740159,3460,629702,35631,18697680
1790129674983767607,13415234,12740226,3460,630332,35687,18697680
1790129675100971439,13415982,12740329,3460,630912,35746,18697680
1790129675216770252,13416723,12740457,3460,631484,35785,18697680
1790129675331168254,13417452,12740482,3460,632178,35793,18697680
1790129675445874593,13418190,12740588,3460,632745,35851,18697680
1790129675564010895,13418941,12740651,3460,633383,35900,18697680
1790129675682484111,13419694,12740782,3460,633963,35946,18697680
1790129675798984398,13420442,12740899,3460,634555,35974,18697680
1790129675917255902,13421191,12741019,3460,635176,35984,18697680
1790129676035250973,13421943,12741139,3460,635807,35984,18697680
1790129676149334983,13422670,12741165,3460,636515,35984,18697680
1790129676266639170,13423417,12741294,3460,637128,35985,18697680
1790129676384621148,13424178,12741383,3460,637790,35985,18697680
1790129676501633759,13424911,12741498,3460,638416,35988,18697680
1790129676613403165,13425620,12741657,3460,638970,35989,18697680
1790129676731192912,13426367,12741783,3460,639587,35990,18697680
1790129676849291251,13427116,12741904,3460,640217,35990,18697680
1790129676963124236,13427841,12741932,3460,640916,35990,18697680
1790129677079360204,13428575,12742051,3460,641538,35991,18697680
1790129677197449870,13429323,12742147,3460,642192,35992,18697680
1790129677309379327,13430039,12742278,3460,642774,35992,18697680
1790129677427023942,13430801,12742400,3460,643397,35992,18697680
1790129677544985187,13431551,12742556,3460,643989,35994,18697680
1790129677662969928,13432303,12742675,3460,644620,35994,18697680
1790129677777524631,13433030,12742700,3460,645329,35994,18697680
1790129677894229908,13433791,12742823,3460,645944,35994,18697680
1790129678012402891,13434542,12742911,3460,646613,35994,18697680
1790129678126667931,13435273,12742977,3460,647272,35995,18697680
1790129678244291957,13436027,12743064,3460,647932,35995,18697680
1790129678359881043,13436769,12743151,3460,648584,35995,18697680
1790129678474258323,13437505,12743236,3460,649223,35995,18697680
1790129678592260017,13438262,12743361,3460,649849,35995,18697680
1790129678706325254,13438993,12743387,3460,650557,35995,18697680
1790129678822971549,13439747,12743510,3460,651171,35995,18697680
1790129678941081780,13440500,12743583,3460,651850,35995,18697680
1790129679054866834,13441226,12743643,3460,652515,35995,18697680
1790129679172595026,13441979,12743732,3460,653177,35996,18697680
1790129679290641818,13442747,12743814,3460,653847,35996,18697680
1790129679405404880,13443479,12743917,3460,654474,35996,18697680
1790129679523427200,13444235,12744080,3460,655063,35996,18697680
1790129679637628645,13444960,12744149,3460,655721,35996,18697680
1790129679754515252,13445706,12744318,3460,656296,35997,18697680
1790129679872451372,13446459,12744417,3460,656948,35997,18697680
1790129679986724959,13447195,12744486,3460,657604,35997,18697680
1790129680104251834,13447939,12744605,3460,658236,35997,18697680
1790129680222326436,13448700,12744692,3460,658901,35997,18697680
1790129680337091437,13449423,12744769,3460,659547,35998,18697680
1790129680455543731,13450179,12744913,3460,660161,35999,18697680
1790129680569671930,13450914,12744935,3460,660866,35999,18697680
1790129680689298750,13451694,12745139,3460,661417,36001,18697680
1790129680806943169,13452426,12745400,3460,661881,36014,18697680
1790129680923221621,13453157,12745652,3460,662338,36028,18697680
1790129681038870486,13453889,12745894,3460,662803,36045,18697680
1790129681155640217,13454614,12746144,3460,663271,36057,18697680
1790129681273911668,13455363,12746322,3460,663548,36353,18697680
1790129681389466746,13456076,12746551,3460,664028,36364,18697680
1790129681506983650,13456813,12746808,3460,664500,36372,18697680
1790129681623827767,13457557,12747099,3460,664925,36390,18697680
1790129681739413163,13458282,12747389,3460,665347,36400,18697680
1790129681854668239,13459009,12747640,3460,665805,36414,18697680
1790129681969435857,13459719,12747860,3460,666217,36497,18697680
1790129682083897024,13460436,12748114,3460,666673,36507,18697680
1790129682201075259,13461182,12748378,3460,667130,36521,18697680
1790129682317245939,13461919,12748635,3460,667578,36542,18697680
1790129682432838699,13462642,12748885,3460,668035,36559,18697680
1790129682548460406,13463371,12749153,3460,668476,36574,18697680
1790129682665191420,13464125,12749408,3460,668939,36586,18697680
1790129682779168670,13464841,12749617,3460,669435,36597,18697680
1790129682895480463,13465556,12749875,3460,669889,36613,18697680
1790129683012386064,13466301,12750160,3460,670321,36629,18697680
1790129683128022685,13467008,12750407,3460,670787,36642,18697680
1790129683241410474,13467723,12750669,3460,671223,36651,18697680
1790129683357760426,13468424,12750916,3460,671629,36726,18697680
1790129683473613488,13469136,12751175,3460,672090,36734,18697680
1790129683591192256,13469894,12751426,3460,672564,36747,18697680
1790129683706899236,13470632,12751674,3460,673023,36764,18697680
1790129683821502356,13471344,12751925,3460,673482,36773,18697680
1790129683936142787,13472074,12752179,3460,673925,36791,18697680
1790129684053052628,13472810,12752436,3460,674388,36804,18697680
1790129684170717884,13473548,12752662,3460,674894,36814,18697680
1790129684288073724,13474277,12752927,3460,675348,36828,18697680
1790129684405229421,13475016,12753198,3460,675795,36842,18697680
1790129684520170258,13475725,12753454,3460,676246,36853,18697680
1790129684637027006,13476473,12753711,3460,676705,36869,18697680
1790129684752284763,13477203,12753960,3460,677091,36955,18697680
1790129684870187312,13477930,12754189,3460,677593,36966,18697680
1790129684986575919,13478676,12754427,3460,678070,36980,18697680
1790129685102943773,13479402,12754694,3460,678513,36995,18697680
1790129685219025259,13480131,12754966,3460,678958,37005,18697680
1790129685335081796,13480850,12755215,3460,679424,37018,18697680
1790129685450175523,13481570,12755463,3460,679878,37033,18697680
1790129685567665026,13482321,12755698,3460,680371,37045,18697680
1790129685684351777,13483051,12755959,3460,680822,37060,18697680
1790129685800441494,13483776,12756224,3460,681271,37075,18697680
1790129685916587965,13484513,12756486,3460,681715,37092,18697680
1790129686033663581,13485242,12756747,3460,682177,37103,18697680
1790129686146938517,13485931,12756964,3460,682585,37188,18697680
1790129686261683914,13486657,12757192,3460,683068,37197,18697680
1790129686377366595,13487387,12757471,3460,683501,37210,18697680
1790129686493105035,13488130,12757729,3460,683954,37224,18697680
1790129686610304269,13488853,12757984,3460,684418,37239,18697680
1790129686726035421,13489586,12758238,3460,684875,37253,18697680
1790129686841092243,13490317,12758497,3460,685325,37264,18697680
1790129686957049002,13491058,12758730,3460,685808,37275,18697680
1790129687074289937,13491775,12758989,3460,686266,37289,18697680
1790129687192302984,13492499,12759279,3460,686703,37303,18697680
1790129687308269023,13493236,12759545,3460,687151,37313,18697680
1790129687423761964,13493964,12759805,3460,687596,37329,18697680
1790129687541473546,13494696,12760017,3460,688039,37415,18697680
1790129687655333427,13495392,12760244,3460,688517,37425,18697680
1790129687771235480,13496103,12760499,3460,688971,37439,18697680
1790129687888567396,13496849,12760740,3460,689450,37457,18697680
1790129688003898403,13497561,12761002,3460,689895,37468,18697680
1790129688120330940,13498283,12761253,3460,690359,37482,18697680
1790129688237012416,13499027,12761509,3460,690824,37494,18697680
1790129688352608097,13499746,12761763,3460,691281,37506,18697680
1790129688467520926,13500461,12762036,3460,691716,37518,18697680
1790129688584587245,13501181,12762338,3460,692135,37529,18697680
1790129688700131222,13501911,12762601,3460,692584,37540,18697680
1790129688815986818,13502631,12762844,3460,693058,37552,18697680
1790129688930847133,13503352,12763083,3460,693459,37634,18697680
1790129689046206749,13504062,12763305,3460,693950,37642,18697680
1790129689162935990,13504807,12763549,3460,694417,37660,18697680
1790129689279315991,13505535,12763803,3460,694875,37676,18697680
1790129689394912177,13506268,12764050,3460,695337,37689,18697680
1790129689509482611,13506991,12764308,3460,695782,37703,18697680
1790129689625551510,13507713,12764582,3460,696218,37718,18697680
1790129689739005510,13508419,12764819,3460,696683,37730,18697680
1790129689853211764,13509134,12765086,3460,697115,37745,18697680
1790129689967741131,13509834,12765348,3460,697556,37761,18697680
1790129690082969333,13510559,12765614,3460,698000,37773,18697680
1790129690198970313,13511272,12765860,3460,698460,37790,18697680
1790129690312925263,13512007,12766103,3460,698851,37872,18697680
1790129690427947926,13512739,12766326,3460,699344,37880,18697680
1790129690545644722,13513475,12766595,3460,699795,37895,18697680
1790129690662541221,13514218,12766855,3460,700252,37911,18697680
1790129690776893281,13514945,12767119,3460,700689,37923,18697680
1790129690891892702,13515674,12767375,3460,701136,37937,18697680
1790129691006233628,13516390,12767669,3460,701549,37951,18697680
1790129691123568496,13517126,12767882,3460,702065,37960,18697680
1790129691239688435,13517848,12768144,3460,702509,37975,18697680
1790129691356740182,13518560,12768408,3460,702967,37987,18697680
1790129691472927596,13519287,12768669,3460,703417,38003,18697680
1790129691588737296,13520017,12768919,3460,703870,38021,18697680
1790129691707572057,13520780,12769147,3460,704309,38101,18697680
1790129691825844568,13521508,12769379,3460,704807,38114,18697680
1790129691942395245,13522229,12769633,3460,705268,38126,18697680
1790129692058648720,13522973,12769885,3460,705727,38143,18697680
1790129692173976846,13523664,12770131,3460,706189,38156,18697680
1790129692290482863,13524409,12770404,3460,706635,38166,18697680
1790129692407950406,13525152,12770664,3460,707026,38257,18697680
1790129692528441583,13525877,12770902,3460,707528,38268,18697680
1790129692644650935,13526600,12771185,3460,707955,38286,18697680
1790129692760387203,13527329,12771437,3460,708416,38299,18697680
1790129692876701527,13528064,12771696,3460,708865,38316,18697680
1790129692993250717,13528782,12771941,3460,709334,38329,18697680
1790129693107075320,13529503,12772162,3460,709824,38337,18697680
1790129693226227026,13530242,12772404,3460,710313,38349,18697680
1790129693341612361,13530971,12772648,3460,710778,38361,18697680
1790129693456410280,13531702,12772897,3460,711231,38380,18697680
1790129693571309540,13532399,12773182,3460,711649,38394,18697680
1790129693685121289,13533116,12773432,3460,712052,38452,18697680
1790129693800606865,13533825,12773643,3460,712525,38495,18697680
1790129693917997709,13534573,12773916,3460,712975,38508,18697680
1790129694035307432,13535319,12774199,3460,713414,38522,18697680
1790129694151119798,13536032,12774443,3460,713878,38535,18697680
1790129694266198406,13536759,12774696,3460,714332,38549,18697680
1790129694382002085,13537490,12774947,3460,714790,38564,18697680
1790129694500482831,13538207,12775192,3460,715273,38580,18697680
1790129694618946387,13538953,12775494,3460,715698,38594,18697680
1790129694731369351,13539644,12775816,3460,716072,38604,18697680
1790129694845905080,13540368,12776089,3460,716504,38617,18697680
1790129694961754677,13541084,12776359,3460,716947,38628,18697680
1790129695076949292,13541839,12776604,3460,717338,38710,18697680
1790129695191161959,13542540,12776820,3460,717817,38736,18697680
1790129695308939009,13543286,12777063,3460,718302,38750,18697680
1790129695425927481,13544022,12777344,3460,718737,38760,18697680
1790129695542881474,13544752,12777606,3460,719196,38771,18697680
1790129695659982056,13545482,12777856,3460,719660,38791,18697680
1790129695775899462,13546215,12778114,3460,720108,38809,18697680
1790129695889257733,13546908,12778351,3460,720573,38820,18697680
1790129696005411689,13547638,12778601,3460,721030,38839,18697680
1790129696121679031,13548388,12778852,3460,721490,38854,18697680
1790129696237814557,13549133,12779128,3460,721924,38870,18697680
1790129696352409607,13549874,12779374,3460,722390,38878,18697680
1790129696467759140,13550619,12779601,3460,722789,38972,18697680
1790129696581273504,13551316,12779828,3460,723264,38983,18697680
1790129696698074280,13552049,12780079,3460,723736,38993,18697680
1790129696813941469,13552791,12780332,3460,724195,39004,18697680
1790129696929365137,13553513,12780593,3460,724643,39018,18697680
1790129697044962310,13554254,12780851,3460,725092,39034,18697680
1790129697160107376,13554971,12781130,3460,725519,39049,18697680
1790129697278779295,13555702,12781416,3460,725970,39060,18697680
1790129697393173302,13556409,12781691,3460,726399,39072,18697680
1790129697508723094,13557128,12781942,3460,726857,39086,18697680
1790129697625638422,13557859,12782221,3460,727299,39099,18697680
1790129697741208644,13558582,12782497,3460,727732,39111,18697680
1790129697856820398,13559300,12782746,3460,728138,39179,18697680
1790129697970984621,13560034,12782987,3460,728591,39208,18697680
1790129698086572128,13560759,12783242,3460,729043,39222,18697680
1790129698203096912,13561490,12783502,3460,729498,39237,18697680
1790129698319941488,13562213,12783755,3460,729962,39252,18697680
1790129698434148811,13562913,12784021,3460,730397,39263,18697680
1790129698548969307,13563645,12784288,3460,730841,39278,18697680
1790129698665626902,13564372,12784518,3460,731326,39291,18697680
1790129698783673088,13565121,12784771,3460,731801,39302,18697680
1790129698899858518,13565852,12785030,3460,732255,39316,18697680
1790129699014953706,13566568,12785281,3460,732711,39333,18697680
1790129699129433494,13567283,12785556,3460,733135,39351,18697680
1790129699245121992,13568027,12785811,3460,733535,39420,18697680
1790129699360489564,13568759,12786030,3460,734022,39443,18697680
1790129699475758906,13569478,12786288,3460,734464,39459,18697680
1790129699590105770,13570185,12786553,3460,734902,39472,18697680
1790129699706074952,13570916,12786804,3460,735356,39489,18697680
1790129699822615968,13571655,12787060,3460,735818,39504,18697680
1790129699936452664,13572380,12787312,3460,736265,39516,18697680
1790129700049371617,13573074,12787573,3460,736697,39533,18697680
1790129700163247929,13573781,12787823,3460,737149,39543,18697680
1790129700276848231,13574484,12788070,3460,737598,39557,18697680
1790129700391164858,13575190,12788315,3460,738054,39572,18697680
1790129700505458064,13575915,12788584,3460,738486,39586,18697680
1790129700622229520,13576648,12788828,3460,738896,39660,18697680
1790129700738249921,13577333,12789058,3460,739379,39685,18697680
1790129700854517561,13578058,12789311,3460,739841,39697,18697680
1790129700969770996,13578777,12789570,3460,740284,39713,18697680
1790129701085577719,13579504,12789814,3460,740749,39726,18697680
1790129701201402756,13580219,12790060,3460,741211,39740,18697680
1790129701315718808,13580934,12790297,3460,741680,39753,18697680
1790129701433304177,13581671,12790514,3460,742185,39767,18697680
1790129701551276101,13582397,12790757,3460,742669,39781,18697680
1790129701667407511,13583129,12791027,3460,743109,39793,18697680
1790129701783365266,13583872,12791294,3460,743556,39804,18697680
1790129701899116294,13584594,12791555,3460,744006,39817,18697680
1790129702014692449,13585321,12791785,3460,744412,39907,18697680
1790129702132931100,13586054,12792017,3460,744911,39917,18697680
1790129702249746184,13586777,12792270,3460,745369,39939,18697680
1790129702366286733,13587489,12792524,3460,745831,39952,18697680
1790129702481257808,13588221,12792767,3460,746291,39965,18697680
1790129702597720092,13588948,12793014,3460,746757,39980,18697680
1790129702713962958,13589701,12793247,3460,747247,39989,18697680
1790129702835592917,13590451,12793507,3460,747734,40001,18697680
1790129702951189234,13591174,12793772,3460,748182,40013,18697680
1790129703066232263,13591901,12794043,3460,748615,40027,18697680
1790129703182117300,13592617,12794324,3460,749045,40042,18697680
1790129703298975950,13593348,12794571,3460,749513,40058,18697680
1790129703413884399,13594069,12794776,3460,749951,40142,18697680
1790129703531851555,13594815,12795035,3460,750415,40156,18697680
1790129703646580966,13595551,12795289,3460,750868,40166,18697680
1790129703764229039,13596290,12795557,3460,751325,40176,18697680
1790129703880293559,13597026,12795812,3460,751778,40195,18697680
1790129703996266855,13597748,12796075,3460,752225,40212,18697680
1790129704111935936,13598481,12796313,3460,752704,40222,18697680
1790129704230509186,13599223,12796561,3460,753190,40232,18697680
1790129704345666496,13599945,12796840,3460,753615,40246,18697680
1790129704463008528,13600666,12797111,3460,754063,40259,18697680
1790129704578559499,13601389,12797364,3460,754520,40273,18697680
1790129704694702373,13602127,12797625,3460,754974,40289,18697680
1790129704811577541,13602869,12797863,3460,755387,40371,18697680
1790129704929307665,13603608,12798116,3460,755859,40386,18697680
1790129705045318804,13604331,12798385,3460,756299,40401,18697680
1790129705162294296,13605049,12798627,3460,756773,40416,18697680
1790129705277454735,13605773,12798883,3460,757223,40431,18697680
1790129705393518752,13606493,12799127,3460,757693,40441,18697680
1790129705510255482,13607206,12799387,3460,758153,40456,18697680
1790129705624450661,13607941,12799681,3460,758565,40468,18697680
1790129705740033249,13608653,12799974,3460,758984,40481,18697680
1790129705855486339,13609351,12800221,3460,759443,40495,18697680
1790129705971107558,13610060,12800483,3460,759888,40510,18697680
1790129706087895625,13610789,12800729,3460,760356,40529,18697680
1790129706205381538,13611540,12800935,3460,760809,40608,18697680
1790129706324227685,13612262,12801176,3460,761290,40628,18697680
1790129706439870369,13612985,12801446,3460,761731,40642,18697680
1790129706555244313,13613717,12801704,3460,762181,40655,18697680
1790129706671217112,13614426,12801957,3460,762640,40669,18697680
1790129706786856425,13615154,12802211,3460,763097,40684,18697680
1790129706904519994,13615895,12802466,3460,763570,40694,18697680
1790129707020773527,13616626,12802735,3460,764015,40706,18697680
1790129707135816413,13617349,12802987,3460,764466,40724,18697680
1790129707249922562,13618074,12803232,3460,764920,40737,18697680
1790129707365462754,13618777,12803489,3460,765374,40748,18697680
1790129707482281947,13619514,12803742,3460,765842,40759,18697680
1790129707599375039,13620262,12803941,3460,766298,40844,18697680
1790129707717467894,13621020,12804210,3460,766751,40859,18697680
1790129707833865403,13621743,12804460,3460,767211,40878,18697680
1790129707950149585,13622469,12804704,3460,767682,40889,18697680
1790129708066905661,13623201,12804960,3460,768145,40901,18697680
1790129708183669375,13623951,12805244,3460,768575,40919,18697680
1790129708301609841,13624714,12805474,3460,769073,40933,18697680
1790129708416707422,13625436,12805731,3460,769520,40946,18697680
1790129708532754121,13626150,12805983,3460,769978,40962,18697680
1790129708649304368,13626863,12806240,3460,770437,40977,18697680
1790129708765198229,13627601,12806486,3460,770896,40993,18697680
1790129708881637030,13628331,12806732,3460,771356,41016,18697680
1790129708999588444,13629087,12806964,3460,771850,41031,18697680
1790129709116011385,13629827,12807243,3460,772289,41043,18697680
1790129709231479170,13630557,12807498,3460,772744,41054,18697680
1790129709349165327,13631297,12807752,3460,773209,41069,18697680
1790129709462252406,13632013,12808005,3460,773656,41079,18697680
1790129709579213973,13632731,12808230,3460,774155,41090,18697680
1790129709694392998,13633438,12808506,3460,774586,41103,18697680
1790129709811110306,13634157,12808768,3460,775045,41114,18697680
1790129709926875836,13634892,12809027,3460,775494,41127,18697680
1790129710041989397,13635608,12809288,3460,775943,41139,18697680
1790129710158650435,13636340,12809531,3460,776416,41150,18697680
1790129710272898312,13637060,12809793,3460,776862,41161,18697680
1790129710390622654,13637782,12810048,3460,777330,41175,18697680
1790129710506205479,13638523,12810311,3460,777777,41188,18697680
1790129710622400300,13639250,12810565,3460,778242,41199,18697680
1790129710736934218,13639960,12810819,3460,778694,41210,18697680
1790129710852670650,13640695,12811069,3460,779152,41226,18697680
1790129710967726951,13641388,12811297,3460,779632,41237,18697680
1790129711083587122,13642109,12811557,3460,780083,41252,18697680
1790129711200118443,13642856,12811819,3460,780540,41263,18697680
1790129711316522318,13643563,12812080,3460,780994,41277,18697680
1790129711430612845,13644288,12812364,3460,781409,41290,18697680
1790129711546757380,13645038,12812614,3460,781877,41300,18697680
1790129711659374704,13645752,12812872,3460,782316,41315,18697680
1790129711776249141,13646488,12813127,3460,782779,41325,18697680
1790129711892864087,13647233,12813421,3460,783203,41339,18697680
1790129712008868678,13647951,12813692,3460,783646,41349,18697680
1790129712126433892,13648686,12813940,3460,784112,41369,18697680
1790129712240447749,13649415,12814233,3460,784527,41377,18697680
1790129712358118139,13650140,12814470,3460,785016,41390,18697680
1790129712473405885,13650854,12814710,3460,785482,41405,18697680
1790129712588681158,13651575,12814974,3460,785920,41423,18697680
1790129712706319455,13652311,12815235,3460,786382,41436,18697680
1790129712822757446,13653056,12815499,3460,786831,41450,18697680
1790129712938353119,13653780,12815746,3460,787295,41463,18697680
1790129713053261545,13654523,12816014,3460,787741,41475,18697680
1790129713167888534,13655258,12816267,3460,788189,41493,18697680
1790129713282847083,13655981,12816521,3460,788637,41506,18697680
1790129713398097472,13656711,12816788,3460,789078,41520,18697680
1790129713514681621,13657425,12817045,3460,789535,41535,18697680
1790129713629857822,13658155,12817285,3460,789999,41553,18697680
1790129713745472531,13658895,12817519,3460,790482,41564,18697680
1790129713863010842,13659628,12817768,3460,790960,41574,18697680
1790129713978297458,13660336,12818044,3460,791391,41586,18697680
1790129714095290742,13661073,12818316,3460,791835,41602,18697680
1790129714209943425,13661784,12818587,3460,792268,41614,18697680
1790129714325883720,13662512,12818847,3460,792728,41624,18697680
1790129714442237785,13663246,12819410,3460,792885,41632,18722000
1790129714555997064,13663974,12819865,3460,793145,41635,18731472
1790129714673544398,13664725,12819941,3460,793820,41635,18731472
1790129714791655615,13665482,12820017,3460,794496,41635,18731472
1790129714906197602,13666208,12820100,3460,795138,41635,18731472
1790129715024327611,13666961,12820233,3460,795763,41635,18731472
1790129715139123312,13667697,12820254,3460,796469,41635,18731472
1790129715258610910,13668459,12820376,3460,797108,41635,18731472
1790129715376676992,13669217,12820486,3460,797750,41636,18731472
1790129715491184121,13669944,12820562,3460,798403,41636,18731472
1790129715608971180,13670698,12820668,3460,799044,41637,18731472
1790129715727038076,13671456,12820762,3460,799702,41637,18731472
1790129715841257339,13672180,12820845,3460,800343,41637,18731472
1790129715959445439,13672938,12820976,3460,800968,41637,18731472
1790129716074456355,13673669,12820999,3460,801680,41637,18731472
1790129716188621749,13674406,12821079,3460,802326,41638,18731472
1790129716306473554,13675160,12821199,3460,802957,41638,18731472
1790129716420863623,13675897,12821231,3460,803654,41638,18731472
1790129716535596065,13676629,12821355,3460,804260,41638,18731472
1790129716653751789,13677393,12821446,3460,804920,41639,18731472
1790129716768582869,13678133,12821522,3460,805575,41639,18731472
1790129716885425124,13678877,12821613,3460,806228,41639,18731472
1790129717001902550,13679623,12821721,3460,806859,41639,18731472
1790129717116488615,13680349,12821817,3460,807494,41640,18731472
1790129717234437511,13681102,12822026,3460,808035,41640,18731472
1790129717348630905,13681831,12822071,3460,808718,41640,18731472
1790129717463518469,13682570,12822193,3460,809327,41640,18731472
1790129717581619621,13683321,12822389,3460,809883,41640,18731472
1790129717696548424,13684052,12822473,3460,810532,41640,18731472
1790129717812110633,13684793,12822656,3460,811082,41641,18731472
1790129717929825522,13685544,12822775,3460,811712,41642,18731472
1790129718047472651,13686297,12822918,3460,812318,41642,18731472
1790129718163702748,13687048,12823046,3460,812928,41642,18731472
1790129718281869449,13687799,12823171,3460,813552,41643,18731472
1790129718399972024,13688552,12823292,3460,814182,41643,18731472
1790129718515081623,13689292,12823319,3460,814892,41643,18731472
1790129718633132714,13690043,12823445,3460,815517,41643,18731472
1790129718750748636,13690792,12823568,3460,816141,41643,18731472
1790129718867894846,13691544,12823727,3460,816725,41645,18731472
1790129718985703531,13692291,12823877,3460,817325,41645,18731472
1790129719118235934,13693128,12824026,3460,818014,41646,18731472
1790129719236246667,13693882,12824155,3460,818637,41646,18731472
1790129719350668678,13694619,12824198,3460,819327,41646,18731472
1790129719467494541,13695357,12824338,3460,819928,41647,18731472
1790129719579206457,13696065,12824451,3460,820523,41647,18731472
1790129719697300247,13696823,12824609,3460,821116,41647,18731472
1790129719815252303,13697581,12824766,3460,821708,41648,18731472
1790129719933275592,13698337,12824901,3460,822324,41648,18731472
1790129720051246328,13699092,12825024,3460,822952,41648,18731472
1790129720165777200,13699829,12825046,3460,823665,41648,18731472
1790129720280449987,13700555,12825140,3460,824301,41649,18731472
1790129720397914321,13701308,12825309,3460,824877,41649,18731472
1790129720515984585,13702066,12825448,3460,825488,41649,18731472
1790129720633856047,13702823,12825603,3460,826083,41649,18731472
1790129720751634517,13703563,12825737,3460,826699,41650,18731472
1790129720869867470,13704323,12825856,3460,827332,41650,18731472
1790129720983081034,13705048,12825978,3460,827930,41650,18731472
1790129721097697936,13705774,12826094,3460,828543,41652,18731472
1790129721216005862,13706522,12826287,3460,829101,41652,18731472
1790129721334521198,13707273,12826536,3460,829607,41653,18731472
1790129721451516892,13708020,12826707,3460,830181,41653,18731472
1790129721573747302,13708807,12826897,3460,830767,41653,18731472
1790129721686145522,13709516,12827046,3460,831330,41654,18731472
1790129721804112824,13710269,12827125,3460,832003,41654,18731472
1790129721918772177,13711003,12827201,3460,832658,41654,18731472
1790129722035031924,13711747,12827320,3460,833278,41654,18731472
1790129722152880969,13712507,12827462,3460,833887,41654,18731472
1790129722269412016,13713253,12827567,3460,834526,41654,18731472
1790129722387243572,13714005,12827713,3460,835129,41654,18731472
1790129722500709714,13714726,12827820,3460,835743,41655,18731472
1790129722612684366,13715451,12827963,3460,836313,41655,18731472
1790129722726991341,13716173,12828036,3460,836969,41656,18731472
1790129722841247111,13716908,12828142,3460,837591,41656,18731472
1790129722959615068,13717671,12828267,3460,838218,41656,18731472
1790129723078316358,13718429,12828382,3460,838857,41656,18731472
1790129723196631583,13719184,12828475,3460,839518,41656,18731472
1790129723314382978,13719934,12828611,3460,840132,41657,18731472
1790129723431235095,13720680,12828739,3460,840741,41657,18731472
1790129723545042484,13721408,12828779,3460,841431,41657,18731472
1790129723657733848,13722126,12828904,3460,842021,41658,18731472
1790129723775772839,13722875,12829014,3460,842662,41658,18731472
1790129723893745199,13723626,12829141,3460,843285,41659,18731472
1790129724009075739,13724364,12829303,3460,843853,41659,18731472
1790129724127172595,13725115,12829444,3460,844461,41660,18731472
1790129724245093511,13725875,12829612,3460,845044,41660,18731472
1790129724359481880,13726604,12829645,3460,845745,41660,18731472
1790129724474644938,13727339,12829750,3460,846370,41661,18731472
1790129724592612824,13728093,12829894,3460,846976,41662,18731472
1790129724710600491,13728845,12830036,3460,847583,41662,18731472
1790129724828946143,13729607,12830206,3460,848163,41662,18731472
1790129724947075528,13730363,12830330,3460,848789,41664,18731472
1790129725065353014,13731115,12830459,3460,849416,41664,18731472
1790129725180038211,13731851,12830492,3460,850110,41664,18731472
1790129725294475586,13732577,12830580,3460,850753,41665,18731472
1790129725412413372,13733327,12830706,3460,851377,41666,18731472
1790129725530419139,13734082,12830868,3460,851965,41666,18731472
1790129725648272812,13734832,12831026,3460,852552,41666,18731472
1790129725766255094,13735594,12831151,3460,853176,41666,18731472
1790129725884524683,13736350,12831233,3460,853850,41667,18731472
1790129725996666050,13737066,12831358,3460,854440,41667,18731472
1790129726110874591,13737798,12831456,3460,855066,41669,18731472
1790129726229490550,13738555,12831630,3460,855648,41669,18731472
1790129726347686760,13739313,12831768,3460,856260,41670,18731472
1790129726465826731,13740069,12831882,3460,856897,41670,18731472
1790129726581068773,13740800,12832039,3460,857473,41671,18731472
1790129726698956636,13741555,12832171,3460,858090,41671,18731472
1790129726816966596,13742309,12832255,3460,858757,41671,18731472
1790129726931847898,13743054,12832330,3460,859414,41671,18731472
1790129727049986154,13743807,12832437,3460,860058,41671,18731472
1790129727167715283,13744551,12832599,3460,860644,41672,18731472
1790129727285700291,13745307,12832717,3460,861276,41673,18731472
1790129727403638432,13746054,12832869,3460,861874,41674,18731472
1790129727519127068,13746799,12833002,3460,862470,41675,18731472
1790129727637212256,13747550,12833080,3460,863144,41676,18731472
1790129727751670961,13748279,12833139,3460,863816,41676,18731472
1790129727869360256,13749026,12833234,3460,864472,41677,18731472
1790129727985190149,13749773,12833390,3460,865050,41677,18731472
1790129728096869472,13750493,12833491,3460,865658,41677,18731472
1790129728214621129,13751241,12833634,3460,866266,41678,18731472
1790129728332047926,13751987,12833771,3460,866872,41679,18731472
1790129728450035174,13752743,12833851,3460,867543,41679,18731472
1790129728564455133,13753470,12833911,3460,868215,41679,18731472
1790129728683327673,13754230,12833993,3460,868890,41679,18731472
1790129728801670961,13754980,12834135,3460,869498,41680,18731472
1790129728918480634,13755727,12834242,3460,870135,41680,18731472
1790129729036294285,13756484,12834382,3460,870738,41681,18731472
1790129729153259361,13757225,12834513,3460,871350,41682,18731472
1790129729271263177,13757973,12834585,3460,872030,41682,18731472
1790129729385961471,13758716,12834642,3460,872705,41683,18731472
1790129729504293216,13759468,12834719,3460,873380,41683,18731472
1790129729622311752,13760223,12834881,3460,873968,41683,18731472
1790129729739027301,13760964,12834987,3460,874605,41684,18731472
1790129729856841747,13761722,12835108,3460,875235,41684,18731472
1790129729973177866,13762455,12835230,3460,875851,41685,18731472
1790129730091211326,13763207,12835342,3460,876489,41685,18731472
1790129730205452969,13763939,12835406,3460,877157,41685,18731472
1790129730323503596,13764689,12835491,3460,877823,41686,18731472
1790129730441423779,13765446,12835633,3460,878431,41686,18731472
1790129730555702909,13766180,12835777,3460,879012,41686,18731472
1790129730673746707,13766933,12835886,3460,879654,41686,18731472
1790129730790269624,13767681,12836003,3460,880276,41688,18731472
1790129730904578587,13768403,12836128,3460,880880,41688,18731472
1790129731018970603,13769140,12836182,3460,881552,41688,18731472
1790129731135678202,13769894,12836324,3460,882154,41688,18731472
1790129731253840812,13770651,12836453,3460,882778,41688,18731472
1790129731372431752,13771409,12836573,3460,883409,41689,18731472
1790129731487490320,13772140,12836683,3460,884034,41689,18731472
1790129731604568910,13772876,12836805,3460,884654,41691,18731472
1790129731722861680,13773633,12836935,3460,885275,41691,18731472
1790129731840514730,13774383,12836962,3460,886000,41691,18731472
1790129731953389986,13775110,12837100,3460,886581,41691,18731472
1790129732071367112,13775863,12837218,3460,887212,41691,18731472
1790129732183667224,13776597,12837362,3460,887783,41691,18731472
1790129732300513716,13777339,12837488,3460,888401,41692,18731472
1790129732418653130,13778099,12837616,3460,889022,41693,18731472
1790129732536825567,13778857,12837738,3460,889651,41693,18731472
1790129732651063047,13779590,12837763,3460,890353,41693,18731472
1790129732768951690,13780345,12837887,3460,890981,41694,18731472
1790129732887404117,13781102,12837958,3460,891665,41695,18731472
1790129733008561378,13781882,12838092,3460,892300,41695,18731472
1790129733124280720,13782624,12838249,3460,892879,41695,18731472
1790129733240192117,13783356,12838415,3460,893443,41697,18731472
1790129733359863268,13784126,12838554,3460,894068,41697,18731472
1790129733475493675,13784862,12838587,3460,894774,41697,18731472
1790129733593236740,13785607,12838688,3460,895419,41698,18731472
1790129733706706757,13786332,12838837,3460,895992,41698,18731472
1790129733824986944,13787084,12838980,3460,896599,41699,18731472
1790129733943207546,13787834,12839111,3460,897218,41700,18731472
1790129734062732811,13788599,12839244,3460,897838,41710,18731472
1790129734180964995,13789354,12839354,3460,898437,41750,18731472
1790129734294873529,13790084,12839377,3460,899121,41771,18731472
1790129734409674618,13790814,12839479,3460,899743,41778,18731472
1790129734527674031,13791570,12839681,3460,900291,41779,18731472
1790129734641755148,13792300,12839706,3460,900993,41779,18731472
1790129734760302572,13793054,12839834,3460,901618,41780,18731472
1790129734878734400,13793812,12839937,3460,902268,41780,18731472
1790129734992954962,13794542,12840002,3460,902930,41780,18731472
1790129735110590284,13795292,12840158,3460,903525,41780,18731472
1790129735229056080,13796052,12840268,3460,904167,41780,18731472
1790129735343708388,13796788,12840342,3460,904823,41781,18731472
1790129735461727081,13797545,12840451,3460,905466,41781,18731472
1790129735576873074,13798280,12840525,3460,906124,41781,18731472
1790129735691257042,13799013,12840607,3460,906765,41781,18731472
1790129735809441084,13799774,12840730,3460,907400,41781,18731472
1790129735923774563,13800507,12840755,3460,908100,41781,18731472
1790129736040687634,13801249,12840880,3460,908717,41783,18731472
1790129736158619662,13801994,12841009,3460,909339,41783,18731472
1790129736272860648,13802735,12841076,3460,909997,41783,18731472
1790129736390769566,13803491,12841170,3460,910654,41783,18731472
1790129736508715372,13804248,12841244,3460,911332,41783,18731472
1790129736623028706,13804976,12841323,3460,911977,41783,18731472
1790129736740908285,13805736,12841488,3460,912552,41797,18731472
1790129736855087489,13806463,12841513,3460,913251,41797,18731472
1790129736969357405,13807191,12841604,3460,913891,41798,18731472
1790129737087276429,13807950,12841761,3460,914479,41798,18731472
1790129737201478953,13808678,12841819,3460,915153,41798,18731472
1790129737317640318,13809419,12842050,3460,915650,41804,18731472
1790129737434674694,13810142,12842308,3460,916107,41819,18731472
1790129737551439417,13810875,12842569,3460,916561,41837,18731472
1790129737668893498,13811599,12842843,3460,917004,41850,18731472
1790129737785326970,13812336,12843099,3460,917469,41861,18731472
1790129737901570727,13813077,12843348,3460,917930,41876,18731472
1790129738016103774,13813801,12843580,3460,918412,41885,18731472
1790129738132383202,13814526,12843857,3460,918847,41898,18731472
1790129738247496270,13815243,12844106,3460,919305,41913,18731472
1790129738362892753,13815982,12844361,3460,919757,41926,18731472
1790129738478407762,13816691,12844605,3460,920226,41936,18731472
1790129738593032426,13817423,12844849,3460,920685,41950,18731472
1790129738706931002,13818171,12845079,3460,921157,41965,18731472
1790129738824099151,13818927,12845349,3460,921594,41990,18731472
1790129738938886686,13819655,12845643,3460,922008,42005,18731472
1790129739052957992,13820382,12845906,3460,922439,42025,18731472
1790129739167525817,13821098,12846169,3460,922874,42039,18731472
1790129739283191292,13821812,12846429,3460,923326,42053,18731472
1790129739397967039,13822507,12846656,3460,923809,42063,18731472
1790129739516483022,13823265,12846941,3460,924245,42086,18731472
1790129739632413609,13823989,12847201,3460,924684,42112,18731472
1790129739749158891,13824705,12847457,3460,925143,42126,18731472
1790129739866171792,13825446,12847731,3460,925585,42145,18731472
1790129739980578223,13826171,12848019,3460,925998,42160,18731472
1790129740098455182,13826900,12848257,3460,926492,42173,18731472
1790129740214417584,13827632,12848527,3460,926931,42183,18731472
1790129740330913649,13828386,12848786,3460,927391,42195,18731472
1790129740447775253,13829125,12849056,3460,927842,42206,18731472
1790129740562727152,13829868,12849302,3460,928298,42221,18731472
1790129740678866175,13830596,12849567,3460,928745,42235,18731472
1790129740797199644,13831348,12849793,3460,929255,42243,18731472
1790129740913592869,13832064,12850050,3460,929705,42262,18731472
1790129741029250810,13832790,12850303,3460,930157,42281,18731472
1790129741145269370,13833524,12850549,3460,930622,42296,18731472
1790129741260395507,13834229,12850799,3460,931079,42309,18731472
1790129741373684410,13834952,12851098,3460,931487,42318,18731472
1790129741492500841,13835694,12851340,3460,931974,42328,18731472
1790129741610935309,13836456,12851596,3460,932447,42340,18731472
1790129741725870034,13837189,12851861,3460,932891,42351,18731472
1790129741842460806,13837906,12852135,3460,933337,42363,18731472
1790129741958634164,13838641,12852411,3460,933760,42388,18731472
1790129742075293162,13839380,12852654,3460,934240,42400,18731472
1790129742192205233,13840073,12852905,3460,934709,42414,18731472
1790129742307690941,13840800,12853157,3460,935164,42427,18731472
1790129742422176015,13841522,12853407,3460,935618,42439,18731472
1790129742537688169,13842266,12853673,3460,936062,42453,18731472
1790129742653415897,13842978,12853944,3460,936503,42465,18731472
1790129742767375778,13843681,12854194,3460,936961,42475,18731472
1790129742883632479,13844409,12854464,3460,937397,42495,18731472
1790129743000302040,13845153,12854728,3460,937850,42508,18731472
1790129743117260173,13845890,12854984,3460,938310,42524,18731472
1790129743235356727,13846617,12855238,3460,938781,42536,18731472
1790129743352500173,13847351,12855537,3460,939205,42548,18731472
1790129743468657855,13848062,12855780,3460,939682,42557,18731472
1790129743585264960,13848776,12856042,3460,940135,42573,18731472
1790129743702144347,13849507,12856318,3460,940573,42590,18731472
1790129743817078590,13850224,12856569,3460,941030,42603,18731472
1790129743933444572,13850950,12856830,3460,941476,42621,18731472
1790129744049361305,13851699,12857097,3460,941925,42633,18731472
1790129744164926548,13852416,12857320,3460,942353,42706,18731472
1790129744278481380,13853122,12857569,3460,942807,42718,18731472
1790129744395321179,13853842,12857857,3460,943234,42732,18731472
1790129744511580753,13854588,12858105,3460,943699,42745,18731472
1790129744628045753,13855311,12858355,3460,944168,42757,18731472
1790129744744960395,13856058,12858599,3460,944638,42769,18731472
1790129744859439205,13856776,12858813,3460,945135,42781,18731472
1790129744976934279,13857520,12859050,3460,945615,42796,18731472
1790129745092937782,13858242,12859344,3460,946041,42807,18731472
1790129745208061609,13858980,12859586,3460,946504,42817,18731472
1790129745324194638,13859706,12859849,3460,946956,42828,18731472
1790129745439166895,13860417,12860100,3460,947411,42840,18731472
1790129745553266648,13861130,12860321,3460,947899,42850,18731472
1790129745671203095,13861881,12860581,3460,948360,42866,18731472
1790129745787833606,13862628,12860840,3460,948821,42877,18731472
1790129745903031793,13863356,12861086,3460,949279,42892,18731472
1790129746018884271,13864087,12861354,3460,949724,42906,18731472
1790129746134976299,13864809,12861630,3460,950159,42921,18731472
1790129746254247312,13865560,12861865,3460,950599,42997,18731472
1790129746370358327,13866298,12862135,3460,951041,43013,18731472
1790129746485865589,13867029,12862393,3460,951497,43024,18731472
1790129746600588819,13867761,12862641,3460,951951,43037,18731472
1790129746716839663,13868493,12862911,3460,952392,43051,18731472
1790129746832610083,13869233,12863168,3460,952853,43061,18731472
1790129746951073880,13869982,12863422,3460,953330,43071,18731472
1790129747067865218,13870722,12863699,3460,953770,43086,18731472
1790129747183760639,13871469,12864019,3460,954167,43095,18731472
1790129747300465924,13872196,12864293,3460,954612,43106,18731472
1790129747415360453,13872917,12864538,3460,955076,43117,18731472
1790129747530021555,13873647,12864775,3460,955551,43127,18731472
1790129747651292890,13874405,12865026,3460,956041,43141,18731472
1790129747769363289,13875146,12865290,3460,956501,43156,18731472
1790129747886649053,13875885,12865553,3460,956960,43169,18731472
1790129748002156884,13876630,12865814,3460,957410,43182,18731472
1790129748118748725,13877369,12866083,3460,957856,43195,18731472
1790129748232712880,13878077,12866322,3460,958323,43205,18731472
1790129748348038495,13878810,12866562,3460,958798,43214,18731472
1790129748462461649,13879505,12866829,3460,959235,43226,18731472
1790129748576258744,13880217,12867082,3460,959686,43236,18731472
1790129748690816890,13880931,12867329,3460,960140,43250,18731472
1790129748806519614,13881669,12867593,3460,960586,43262,18731472
1790129748921628735,13882400,12867853,3460,961015,43297,18731472
1790129749037710725,13883145,12868090,3460,961442,43362,18731472
1790129749154438351,13883873,12868348,3460,961898,43377,18731472
1790129749270258988,13884594,12868603,3460,962351,43393,18731472
1790129749385101798,13885309,12868850,3460,962805,43408,18731472
1790129749503354047,13886070,12869101,3460,963283,43419,18731472
1790129749619856292,13886796,12869316,3460,963786,43431,18731472
1790129749737317985,13887548,12869569,3460,964258,43443,18731472
1790129749852288360,13888282,12869833,3460,964700,43456,18731472
1790129749966722213,13889014,12870087,3460,965140,43476,18731472
1790129750081896574,13889736,12870346,3460,965591,43488,18731472
1790129750198679116,13890467,12870587,3460,966071,43499,18731472
1790129750314944494,13891210,12870809,3460,966562,43513,18731472
1790129750433320973,13891949,12871098,3460,967005,43523,18731472
1790129750550416136,13892692,12871350,3460,967476,43532,18731472
1790129750666900144,13893412,12871594,3460,967946,43547,18731472
1790129750783515926,13894129,12871841,3460,968416,43559,18731472
1790129750899128272,13894850,12872091,3460,968876,43571,18731472
1790129751014059966,13895521,12872344,3460,969334,43581,18731472
1790129751132237612,13896260,12872621,3460,969791,43591,18731472
1790129751247981123,13896985,12872877,3460,970244,43606,18731472
1790129751363654385,13897735,12873136,3460,970691,43620,18731472
1790129751479922163,13898474,12873382,3460,971161,43635,18731472
1790129751596775608,13899188,12873636,3460,971620,43649,18731472
1790129751710860091,13899897,12873845,3460,972050,43731,18731472
1790129751828957644,13900607,12874103,3460,972514,43745,18731472
1790129751945472299,13901316,12874354,3460,972977,43760,18731472
1790129752061459978,13902046,12874604,3460,973442,43771,18731472
1790129752177668820,13902786,12874879,3460,973884,43783,18731472
1790129752293914357,13903522,12875149,3460,974337,43791,18731472
1790129752412551483,13904277,12875393,3460,974824,43801,18731472
1790129752529547956,13905000,12875649,3460,975286,43814,18731472
1790129752645549001,13905724,12875920,3460,975730,43830,18731472
1790129752761700794,13906455,12876174,3460,976188,43840,18731472
1790129752878151191,13907196,12876428,3460,976649,43857,18731472
1790129752992819977,13907912,12876667,3460,977119,43866,18731472
1790129753110298837,13908638,12876926,3460,977591,43875,18731472
1790129753225302219,13909365,12877204,3460,978011,43892,18731472
1790129753341287297,13910088,12877458,3460,978470,43906,18731472
1790129753456739960,13910818,12877729,3460,978911,43919,18731472
1790129753572484705,13911520,12877976,3460,979372,43934,18731472
1790129753686489859,13912256,12878230,3460,979825,43941,18731472
1790129753801573871,13912958,12878472,3460,980230,44017,18731472
1790129753919405835,13913701,12878757,3460,980666,44033,18731472
1790129754035575061,13914433,12879022,3460,981111,44052,18731472
1790129754149176803,13915150,12879266,3460,981561,44065,18731472
1790129754265003280,13915887,12879535,3460,982005,44081,18731472
1790129754381023953,13916631,12879759,3460,982501,44090,18731472
1790129754495148297,13917340,12880036,3460,982924,44102,18731472
1790129754611607587,13918079,12880296,3460,983377,44118,18731472
1790129754726932799,13918824,12880551,3460,983822,44136,18731472
1790129754842510360,13919536,12880805,3460,984281,44148,18731472
1790129754959773419,13920282,12881056,3460,984748,44162,18731472
1790129755076760500,13921021,12881288,3460,985242,44170,18731472
1790129755193240467,13921766,12881549,3460,985701,44179,18731472
1790129755307195831,13922471,12881796,3460,986149,44197,18731472
1790129755422502893,13923196,12882048,3460,986607,44207,18731472
1790129755536565394,13923886,12882300,3460,987058,44219,18731472
1790129755652478500,13924607,12882554,3460,987516,44231,18731472
1790129755770516101,13925347,12882796,3460,987989,44262,18731472
1790129755889490048,13926099,12883042,3460,988412,44331,18731472
1790129756005141193,13926840,12883312,3460,988856,44345,18731472
1790129756119579741,13927560,12883557,3460,989309,44360,18731472
1790129756235176912,13928281,12883822,3460,989751,44374,18731472
1790129756351365280,13929014,12884068,3460,990222,44386,18731472
1790129756465260642,13929730,12884302,3460,990693,44397,18731472
1790129756580600186,13930461,12884552,3460,991150,44410,18731472
1790129756694710416,13931182,12884815,3460,991584,44425,18731472
1790129756812585038,13931913,12885085,3460,992035,44441,18731472
1790129756927884235,13932643,12885344,3460,992487,44452,18731472
1790129757044063055,13933371,12885601,3460,992947,44465,18731472
1790129757161444614,13934112,12885851,3460,993423,44474,18731472
1790129757276598839,13934838,12886120,3460,993867,44484,18731472
1790129757391987515,13935557,12886379,3460,994310,44500,18731472
1790129757506538534,13936270,12886624,3460,994767,44514,18731472
1790129757622168206,13936998,12886887,3460,995219,44526,18731472
1790129757738001582,13937727,12887122,3460,995700,44537,18731472
1790129757852618321,13938457,12887367,3460,996164,44544,18731472
1790129757971108628,13939206,12887660,3460,996605,44555,18731472
1790129758086337825,13939916,12887938,3460,997036,44564,18731472
1790129758200250143,13940631,12888219,3460,997455,44577,18731472
1790129758317417871,13941360,12888466,3460,997925,44592,18731472
1790129758434236078,13942090,12888705,3460,998401,44606,18731472
1790129758548339217,13942801,12888909,3460,998845,44677,18731472
1790129758662712048,13943537,12889159,3460,999291,44697,18731472
1790129758776049234,13944233,12889404,3460,999739,44711,18731472
1790129758889939378,13944965,12889643,3460,1000201,44727,18731472
1790129759006165440,13945671,12889918,3460,1000634,44741,18731472
1790129759120131440,13946384,12890157,3460,1001098,44753,18731472
1790129759238531787,13947133,12890377,3460,1001611,44764,18731472
1790129759353221949,13947854,12890637,3460,1002054,44776,18731472
1790129759467381235,13948567,12890890,3460,1002505,44788,18731472
1790129759583626353,13949292,12891142,3460,1002965,44803,18731472
1790129759700190727,13950026,12891395,3460,1003432,44812,18731472
1790129759817109937,13950750,12891660,3460,1003893,44823,18731472
1790129759934406214,13951494,12891940,3460,1004338,44831,18731472
1790129760051953247,13952233,12892206,3460,1004798,44843,18731472
1790129760169599819,13952972,12892477,3460,1005246,44859,18731472
1790129760284752356,13953697,12892741,3460,1005693,44871,18731472
1790129760400065247,13954420,12892989,3460,1006150,44888,18731472
1790129760517538761,13955154,12893260,3460,1006606,44898,18731472
1790129760633497532,13955898,12893482,3460,1007034,44975,18731472
1790129760750494250,13956627,12893728,3460,1007512,44988,18731472
1790129760865255827,13957344,12893982,3460,1007960,44999,18731472
1790129760979844659,13958067,12894255,3460,1008393,45009,18731472
1790129761092938734,13958786,12894526,3460,1008819,45024,18731472
1790129761208290161,13959512,12894766,3460,1009291,45033,18731472
1790129761326531877,13960247,12895022,3460,1009762,45048,18731472
1790129761441397438,13960958,12895271,3460,1010214,45064,18731472
1790129761557117287,13961680,12895519,3460,1010677,45076,18731472
1790129761670481674,13962406,12895772,3460,1011118,45091,18731472
1790129761787055459,13963123,12896033,3460,1011579,45102,18731472
1790129761902848595,13963866,12896303,3460,1012028,45110,18731472
1790129762020183866,13964597,12896547,3460,1012505,45122,18731472
1790129762134750446,13965319,12896816,3460,1012941,45136,18731472
1790129762251278566,13966048,12897070,3460,1013399,45150,18731472
1790129762367909235,13966772,12897322,3460,1013864,45161,18731472
1790129762484605119,13967509,12897565,3460,1014336,45176,18731472
1790129762598814675,13968248,12897791,3460,1014814,45190,18731472
1790129762714399716,13968965,12898033,3460,1015280,45205,18731472
1790129762828949423,13969676,12898291,3460,1015726,45216,18731472
1790129762945513245,13970402,12898537,3460,1016194,45231,18731472
1790129763061363367,13971121,12898798,3460,1016646,45244,18731472
1790129763176748394,13971831,12899059,3460,1017088,45261,18731472
1790129763290718624,13972560,12899304,3460,1017554,45270,18731472
1790129763411185003,13973322,12899542,3460,1017976,45365,18731472
1790129763526764616,13974050,12899789,3460,1018438,45377,18731472
1790129763642655745,13974770,12900047,3460,1018890,45390,18731472
1790129763758990756,13975494,12900312,3460,1019343,45404,18731472
1790129763874670867,13976232,12900576,3460,1019791,45415,18731472
1790129763990847504,13976980,12900808,3460,1020276,45426,18731472
1790129764106881277,13977707,12901064,3460,1020730,45442,18731472
1790129764222287948,13978423,12901336,3460,1021164,45457,18731472
1790129764339207401,13979147,12901599,3460,1021621,45471,18731472
1790129764454913031,13979867,12901851,3460,1022079,45487,18731472
1790129764571551426,13980598,12902104,3460,1022543,45496,18731472
1790129764688705502,13981337,12902336,3460,1023034,45509,18731472
1790129764806330928,13982062,12902591,3460,1023503,45524,18731472
1790129764923994066,13982812,12902854,3460,1023957,45537,18731472
1790129765040140083,13983549,12903102,3460,1024420,45552,18731472
1790129765157248628,13984285,12903383,3460,1024859,45565,18731472
1790129765273339141,13985022,12903638,3460,1025324,45577,18731472
1790129765393947112,13985804,12903859,3460,1025773,45663,18731472
1790129765509370930,13986554,12904115,3460,1026230,45673,18731472
1790129765623932772,13987289,12904363,3460,1026683,45688,18731472
1790129765738627175,13988024,12904622,3460,1027132,45698,18731472
1790129765851853771,13988735,12904898,3460,1027553,45710,18731472
1790129765968507385,13989460,12905120,3460,1028054,45724,18731472
1790129766082557010,13990190,12905366,3460,1028506,45737,18731472
1790129766200752056,13990940,12905622,3460,1028978,45750,18731472
1790129766316856257,13991662,12905905,3460,1029407,45764,18731472
1790129766433544531,13992402,12906160,3460,1029869,45775,18731472
1790129766550374916,13993138,12906422,3460,1030324,45791,18731472
1790129766664852645,13993847,12906715,3460,1030737,45805,18731472
1790129766781190493,13994592,12906962,3460,1031204,45818,18731472
1790129766897110371,13995307,12907219,3460,1031656,45834,18731472
1790129767013727545,13996036,12907464,3460,1032124,45850,18731472
1790129767127960649,13996734,12907731,3460,1032556,45864,18731472
1790129767243257658,13997455,12907990,3460,1033006,45878,18731472
1790129767360560134,13998188,12908222,3460,1033501,45886,18731472
1790129767477847485,13998922,12908474,3460,1033965,45904,18731472
1790129767592854557,13999635,12908737,3460,1034408,45918,18731472
1790129767708776177,14000356,12908981,3460,1034879,45929,18731472
1790129767824389847,14001070,12909246,3460,1035323,45941,18731472
1790129767939288592,14001801,12909522,3460,1035754,45954,18731472
1790129768052120089,14002509,12909768,3460,1036211,45963,18731472
1790129768168458961,14003243,12910010,3460,1036610,46048,18731472
1790129768281495966,14003974,12910264,3460,1037047,46065,18731472
1790129768397665022,14004727,12910516,3460,1037504,46082,18731472
1790129768513771743,14005462,12910771,3460,1037963,46095,18731472
1790129768630065360,14006174,12911012,3460,1038441,46106,18731472
1790129768747832628,14006931,12911260,3460,1038919,46118,18731472
1790129768864229995,14007646,12911535,3460,1039362,46130,18731472
1790129768980760966,14008346,12911786,3460,1039824,46145,18731472
1790129769097599286,14009078,12912032,3460,1040301,46156,18731472
1790129769213089593,14009816,12912281,3460,1040762,46167,18731472
1790129769329755476,14010559,12912529,3460,1041237,46178,18731472
1790129769444065051,14011271,12912750,3460,1041720,46187,18731472
1790129769562158858,14012000,12913007,3460,1042192,46200,18731472
1790129769679147706,14012715,12913264,3460,1042653,46213,18731472
1790129769795645726,14013448,12913526,3460,1043100,46229,18731472
1790129769911659201,14014178,12913781,3460,1043554,46244,18731472
1790129770028041469,14014896,12914053,3460,1044000,46255,18731472
1790129770145675198,14015643,12914278,3460,1044469,46300,18731472
1790129770260986106,14016341,12914524,3460,1044896,46352,18731472
1790129770377251345,14017061,12914801,3460,1045331,46368,18731472
1790129770494283452,14017799,12915060,3460,1045785,46384,18731472
1790129770609137227,14018520,12915314,3460,1046233,46400,18731472
1790129770725713955,14019245,12915569,3460,1046695,46413,18731472
1790129770840935614,14019978,12916159,3460,1046823,46420,18758352
1790129770954190432,14020695,12916578,3460,1047116,46422,18765520
1790129771072226109,14021456,12916664,3460,1047779,46423,18765520
1790129771190089303,14022212,12916758,3460,1048437,46423,18765520
1790129771304721050,14022958,12916847,3460,1049079,46423,18765520
1790129771422976694,14023713,12916970,3460,1049707,46423,18765520
1790129771537703519,14024449,12916991,3460,1050419,46423,18765520
1790129771652503650,14025175,12917086,3460,1051054,46425,18765520
1790129771770313431,14025935,12917216,3460,1051675,46425,18765520
1790129771885195423,14026671,12917254,3460,1052365,46425,18765520
1790129772000503565,14027416,12917380,3460,1052976,46425,18765520
1790129772118705934,14028182,12917459,3460,1053648,46425,18765520
1790129772233291043,14028909,12917524,3460,1054307,46427,18765520
1790129772351161386,14029666,12917629,3460,1054953,46427,18765520
1790129772469131621,14030423,12917709,3460,1055624,46427,18765520
1790129772583617679,14031148,12917800,3460,1056263,46428,18765520
1790129772701599624,14031907,12917946,3460,1056869,46428,18765520
1790129772815646346,14032636,12918040,3460,1057501,46428,18765520
1790129772929987802,14033357,12918145,3460,1058122,46429,18765520
1790129773048355376,14034104,12918263,3460,1058760,46429,18765520
1790129773162825210,14034841,12918285,3460,1059466,46429,18765520
1790129773281446880,14035604,12918397,3460,1060108,46429,18765520
1790129773411024683,14036435,12918528,3460,1060801,46429,18765520
1790129773525615326,14037161,12918608,3460,1061453,46429,18765520
1790129773642612042,14037910,12918725,3460,1062080,46430,18765520
1790129773760550549,14038662,12918846,3460,1062710,46430,18765520
1790129773874685861,14039390,12918921,3460,1063348,46442,18765520
1790129773992688106,14040145,12918985,3460,1063987,46492,18765520
1790129774111504094,14040898,12919067,3460,1064662,46493,18765520
1790129774226389801,14041631,12919149,3460,1065267,46535,18765520
1790129774344397836,14042384,12919294,3460,1065855,46552,18765520
1790129774462525424,14043140,12919402,3460,1066487,46564,18765520
1790129774580290510,14043896,12919501,3460,1067139,46564,18765520
1790129774698643011,14044652,12919664,3460,1067726,46564,18765520
1790129774815060130,14045407,12919782,3460,1068346,46564,18765520
1790129774933141903,14046164,12919876,3460,1069004,46564,18765520
1790129775047850409,14046899,12919951,3460,1069660,46564,18765520
1790129775165682903,14047643,12920037,3460,1070325,46564,18765520
1790129775282554359,14048389,12920205,3460,1070900,46564,18765520
1790129775399871177,14049153,12920311,3460,1071539,46564,18765520
1790129775517607271,14049909,12920457,3460,1072144,46564,18765520
1790129775634997306,14050666,12920566,3460,1072781,46564,18765520
1790129775748711274,14051395,12920684,3460,1073387,46564,18765520
1790129775863380569,14052128,12920728,3460,1074073,46564,18765520
1790129775977519733,14052854,12920832,3460,1074697,46564,18765520
1790129776095738086,14053613,12920931,3460,1075350,46564,18765520
1790129776210127891,14054346,12921053,3460,1075951,46566,18765520
1790129776326870268,14055094,12921179,3460,1076570,46566,18765520
1790129776444823654,14055843,12921360,3460,1077137,46568,18765520
1790129776562953819,14056600,12921519,3460,1077729,46568,18765520
1790129776677611416,14057330,12921564,3460,1078417,46568,18765520
1790129776791611130,14058061,12921670,3460,1079036,46568,18765520
1790129776909861698,14058819,12921791,3460,1079665,46569,18765520
1790129777027535495,14059562,12921918,3460,1080288,46570,18765520
1790129777145446275,14060319,12922044,3460,1080912,46570,18765520
1790129777263036917,14061071,12922198,3460,1081501,46570,18765520
1790129777381123868,14061822,12922312,3460,1082139,46570,18765520
1790129777498193871,14062568,12922436,3460,1082760,46570,18765520
1790129777630611248,14063410,12922520,3460,1083519,46571,18765520
1790129777748886257,14064170,12922641,3460,1084149,46571,18765520
1790129777866842962,14064928,12922802,3460,1084737,46571,18765520
1790129777984665370,14065682,12922872,3460,1085419,46571,18765520
1790129778101561744,14066420,12923017,3460,1086015,46573,18765520
1790129778219373289,14067177,12923124,3460,1086659,46574,18765520
1790129778337233866,14067939,12923206,3460,1087322,46574,18765520
1790129778451480908,14068674,12923277,3460,1087981,46574,18765520
1790129778569674224,14069432,12923399,3460,1088610,46575,18765520
1790129778684564285,14070171,12923555,3460,1089184,46576,18765520
1790129778802404074,14070928,12923654,3460,1089836,46576,18765520
1790129778920406283,14071684,12923824,3460,1090416,46576,18765520
1790129779037478217,14072441,12923955,3460,1091029,46577,18765520
1790129779155604754,14073194,12924035,3460,1091700,46577,18765520
1790129779269852010,14073921,12924093,3460,1092367,46578,18765520
1790129779387546846,14074667,12924197,3460,1093013,46578,18765520
1790129779505869966,14075435,12924363,3460,1093597,46578,18765520
1790129779623636329,14076185,12924497,3460,1094212,46580,18765520
1790129779735290429,14076898,12924631,3460,1094791,46580,18765520
1790129779853447752,14077650,12924758,3460,1095415,46580,18765520
1790129779971575611,14078402,12924884,3460,1096039,46580,18765520
1790129780086146148,14079137,12924909,3460,1096742,46580,18765520
1790129780204159169,14079885,12925003,3460,1097397,46582,18765520
1790129780319570064,14080627,12925133,3460,1098005,46582,18765520
1790129780437567971,14081381,12925298,3460,1098589,46583,18765520
1790129780555333746,14082143,12925422,3460,1099216,46583,18765520
1790129780673046882,14082904,12925585,3460,1099796,46583,18765520
1790129780790477945,14083645,12925680,3460,1100452,46583,18765520
1790129780910877907,14084416,12925765,3460,1101131,46584,18765520
1790129781036857385,14085214,12925850,3460,1101848,46584,18765520
1790129781159858494,14086005,12925987,3460,1102494,46584,18765520
1790129781280860098,14086775,12926120,3460,1103130,46584,18765520
1790129781400853963,14087535,12926253,3460,1103760,46585,18765520
1790129781525259248,14088332,12926419,3460,1104382,46585,18765520
1790129781643480213,14089088,12926512,3460,1105046,46585,18765520
1790129781756509613,14089814,12926605,3460,1105674,46585,18765520
1790129781870865967,14090557,12926699,3460,1106305,46585,18765520
1790129781989874073,14091316,12926820,3460,1106942,46586,18765520
1790129782114381854,14092118,12926987,3460,1107568,46586,18765520
1790129782232408706,14092870,12927087,3460,1108218,46586,18765520
1790129782346692661,14093606,12927261,3460,1108770,46587,18765520
1790129782463607240,14094344,12927359,3460,1109416,46587,18765520
1790129782587859212,14095142,12927467,3460,1110098,46588,18765520
1790129782722859671,14095996,12927580,3460,1110843,46589,18765520
1790129782852513405,14096811,12927731,3460,1111519,46589,18765520
1790129782972363815,14097578,12927872,3460,1112138,46592,18765520
1790129783090593010,14098338,12927991,3460,1112770,46592,18765520
1790129783208246688,14099099,12928134,3460,1113370,46592,18765520
1790129783325647145,14099857,12928238,3460,1114017,46593,18765520
1790129783443743578,14100618,12928347,3460,1114659,46593,18765520
1790129783558034717,14101336,12928429,3460,1115302,46594,18765520
1790129783675837492,14102092,12928544,3460,1115939,46594,18765520
1790129783791097197,14102839,12928702,3460,1116511,46594,18765520
1790129783908744244,14103598,12928803,3460,1117160,46594,18765520
1790129784027170321,14104357,12928974,3460,1117741,46594,18765520
1790129784145454682,14105106,12929111,3460,1118358,46595,18765520
1790129784264193507,14105858,12929202,3460,1119020,46596,18765520
1790129784378537198,14106594,12929276,3460,1119677,46596,18765520
1790129784496119980,14107345,12929385,3460,1120312,46596,18765520
1790129784614011713,14108107,12929549,3460,1120899,46596,18765520
1790129784732119528,14108864,12929652,3460,1121549,46597,18765520
1790129784848996820,14109608,12929780,3460,1122163,46597,18765520
1790129784967311478,14110363,12929942,3460,1122757,46597,18765520
1790129785085348925,14111114,12930086,3460,1123364,46597,18765520
1790129785200206881,14111850,12930130,3460,1124047,46597,18765520
1790129785317820011,14112611,12930206,3460,1124721,46597,18765520
1790129785432373517,14113343,12930325,3460,1125334,46597,18765520
1790129785550145519,14114097,12930490,3460,1125912,46597,18765520
1790129785668252484,14114850,12930623,3460,1126529,46598,18765520
1790129785786577432,14115603,12930788,3460,1127119,46599,18765520
1790129785904745909,14116361,12930927,3460,1127731,46600,18765520
1790129786021124525,14117101,12931033,3460,1128364,46600,18765520
1790129786135824171,14117839,12931143,3460,1128984,46601,18765520
1790129786253608407,14118591,12931261,3460,1129617,46601,18765520
1790129786371829528,14119350,12931375,3460,1130254,46602,18765520
1790129786488580831,14120092,12931469,3460,1130904,46602,18765520
1790129786604860853,14120842,12931686,3460,1131425,46602,18765520
1790129786720761161,14121581,12931803,3460,1132043,46603,18765520
1790129786839177955,14122332,12931876,3460,1132722,46604,18765520
1790129786953244442,14123061,12931940,3460,1133383,46604,18765520
1790129787070069102,14123807,12932048,3460,1134020,46604,18765520
1790129787188264346,14124557,12932231,3460,1134586,46605,18765520
1790129787301711667,14125284,12932358,3460,1135183,46606,18765520
1790129787419741556,14126033,12932486,3460,1135805,46607,18765520
1790129787537893637,14126781,12932661,3460,1136379,46608,18765520
1790129787655711625,14127537,12932803,3460,1136987,46608,18765520
1790129787770150047,14128265,12932850,3460,1137668,46608,18765520
1790129787887172085,14129022,12932976,3460,1138286,46609,18765520
1790129788005610033,14129777,12933074,3460,1138943,46610,18765520
1790129788123551625,14130533,12933198,3460,1139568,46610,18765520
1790129788241621456,14131293,12933319,3460,1140198,46610,18765520
1790129788359502724,14132040,12933483,3460,1140781,46611,18765520
1790129788477747040,14132808,12933606,3460,1141410,46611,18765520
1790129788593088809,14133544,12933628,3460,1142122,46611,18765520
1790129788707311217,14134263,12933706,3460,1142774,46612,18765520
1790129788825524884,14135025,12933828,3460,1143403,46612,18765520
1790129788943281440,14135772,12933960,3460,1144014,46613,18765520
1790129789061114385,14136527,12934082,3460,1144643,46613,18765520
1790129789179160552,14137291,12934227,3460,1145248,46613,18765520
1790129789297646398,14138052,12934328,3460,1145904,46613,18765520
1790129789415595836,14138807,12934421,3460,1146561,46614,18765520
1790129789530201493,14139534,12934500,3460,1147207,46614,18765520
1790129789648199738,14140292,12934629,3460,1147830,46614,18765520
1790129789766088454,14141041,12934769,3460,1148438,46616,18765520
1790129789884282494,14141798,12934862,3460,1149096,46616,18765520
1790129790002231845,14142559,12935023,3460,1149688,46616,18765520
1790129790119881188,14143317,12935128,3460,1150329,46617,18765520
1790129790237661703,14144072,12935211,3460,1150999,46618,18765520
1790129790351571018,14144787,12935280,3460,1151654,46619,18765520
1790129790469049319,14145547,12935369,3460,1152309,46619,18765520
1790129790587400745,14146302,12935519,3460,1152915,46619,18765520
1790129790703977148,14147044,12935621,3460,1153551,46620,18765520
1790129790821823310,14147797,12935746,3460,1154176,46621,18765520
1790129790939066748,14148548,12935863,3460,1154803,46621,18765520
1790129791056999102,14149306,12935957,3460,1155460,46621,18765520
1790129791171897290,14150041,12936014,3460,1156135,46621,18765520
1790129791290860253,14150798,12936100,3460,1156807,46622,18765520
1790129791414722568,14151595,12936178,3460,1157519,46622,18765520
1790129791533436767,14152339,12936264,3460,1158188,46623,18765520
1790129791673868479,14153247,12936421,3460,1158922,46624,18765520
1790129791791811445,14153999,12936449,3460,1159647,46624,18765520
1790129791907261582,14154739,12936584,3460,1160243,46624,18765520
1790129792025441221,14155492,12936666,3460,1160919,46624,18765520
1790129792139380952,14156224,12936728,3460,1161582,46625,18765520
1790129792256029038,14156967,12936858,3460,1162190,46626,18765520
1790129792374130623,14157719,12936930,3460,1162869,46626,18765520
1790129792488730685,14158461,12937005,3460,1163525,46626,18765520
1790129792606697161,14159211,12937109,3460,1164173,46626,18765520
1790129792721210681,14159938,12937134,3460,1164875,46626,18765520
1790129792835744789,14160680,12937214,3460,1165526,46627,18765520
1790129792953669634,14161430,12937337,3460,1166152,46628,18765520
1790129793068226116,14162165,12937363,3460,1166854,46628,18765520
1790129793184287035,14162893,12937485,3460,1167468,46628,18765520
1790129793302345763,14163646,12937559,3460,1168152,46628,18765520
1790129793416574141,14164371,12937618,3460,1168815,46631,18765520
1790129793534132795,14165124,12937701,3460,1169478,46631,18765520
1790129793651978157,14165873,12937803,3460,1170127,46631,18765520
1790129793766524242,14166606,12937886,3460,1170774,46633,18765520
1790129793884605645,14167366,12938019,3460,1171392,46633,18765520
1790129794000039334,14168103,12938058,3460,1172086,46633,18765520
1790129794114528763,14168817,12938212,3460,1172661,46639,18765520
1790129794230851611,14169518,12938408,3460,1173019,46808,18765520
1790129794350774349,14170273,12938555,3460,1173192,47247,18765520
1790129794466590860,14170991,12938808,3460,1173654,47258,18765520
1790129794581414331,14171710,12939060,3460,1174108,47268,18765520
1790129794698221301,14172436,12939301,3460,1174582,47283,18765520
1790129794813841289,14173153,12939583,3460,1175016,47292,18765520
1790129794928277860,14173869,12939801,3460,1175499,47310,18765520
1790129795044644668,14174632,12940068,3460,1175948,47323,18765520
1790129795160261563,14175347,12940320,3460,1176408,47333,18765520
1790129795276506093,14176072,12940582,3460,1176862,47345,18765520
1790129795392765564,14176805,12940852,3460,1177306,47360,18765520
1790129795509590461,14177542,12941146,3460,1177733,47373,18765520
1790129795627681242,14178298,12941376,3460,1178230,47386,18765520
1790129795743197758,14179025,12941619,3460,1178624,47477,18765520
1790129795857849627,14179760,12941955,3460,1178988,47492,18765520
1790129795972914130,14180475,12942201,3460,1179450,47505,18765520
1790129796088066056,14181184,12942444,3460,1179918,47517,18765520
1790129796202578584,14181909,12942679,3460,1180387,47527,18765520
1790129796316596647,14182618,12942917,3460,1180854,47538,18765520
1790129796435200604,14183364,12943193,3460,1181306,47554,18765520
1790129796549854948,14184081,12943461,3460,1181741,47566,18765520
1790129796664856252,14184803,12943744,3460,1182166,47580,18765520
1790129796778936516,14185525,12943997,3460,1182615,47590,18765520
1790129796894356233,14186247,12944247,3460,1183078,47602,18765520
1790129797011003724,14186971,12944504,3460,1183540,47614,18765520
1790129797129150980,14187722,12944766,3460,1184002,47627,18765520
1790129797245705415,14188449,12945017,3460,1184471,47638,18765520
1790129797362367067,14189180,12945267,3460,1184934,47653,18765520
1790129797478873917,14189914,12945523,3460,1185391,47669,18765520
1790129797595834989,14190650,12945766,3460,1185876,47679,18765520
1790129797712575196,14191351,12946023,3460,1186333,47691,18765520
1790129797828312593,14192097,12946285,3460,1186716,47774,18765520
1790129797944470688,14192823,12946553,3460,1187157,47790,18765520
1790129798058506996,14193536,12946802,3460,1187607,47804,18765520
1790129798172493753,14194251,12947049,3460,1188060,47819,18765520
1790129798288917335,14194983,12947297,3460,1188531,47834,18765520
1790129798411563313,14195732,12947573,3460,1189008,47846,18765520
1790129798527019628,14196459,12947846,3460,1189442,47862,18765520
1790129798643182025,14197176,12948127,3460,1189877,47876,18765520
1790129798759937670,14197915,12948403,3460,1190317,47890,18765520
1790129798875668936,14198648,12948662,3460,1190767,47903,18765520
1790129798991846602,14199367,12948896,3460,1191241,47922,18765520
1790129799108947591,14200093,12949149,3460,1191710,47934,18765520
1790129799224678281,14200815,12949406,3460,1192158,47953,18765520
1790129799337867434,14201528,12949655,3460,1192603,47966,18765520
1790129799453596654,14202262,12949932,3460,1193041,47977,18765520
1790129799570329894,14202990,12950180,3460,1193511,47988,18765520
1790129799684857441,14203693,12950420,3460,1193980,47998,18765520
1790129799801625229,14204419,12950667,3460,1194448,48014,18765520
1790129799918600149,14205161,12950931,3460,1194901,48029,18765520
1790129800034578984,14205899,12951192,3460,1195355,48044,18765520
1790129800151891300,14206636,12951464,3460,1195802,48057,18765520
1790129800267751282,14207364,12951729,3460,1196248,48071,18765520
1790129800382860228,14208090,12951962,3460,1196734,48079,18765520
1790129800500135793,14208817,12952205,3460,1197175,48126,18765520
1790129800616855448,14209546,12952444,3460,1197609,48184,18765520
1790129800731284746,14210265,12952702,3460,1198054,48199,18765520
1790129800847659804,14211015,12953008,3460,1198462,48213,18765520
1790129800965088990,14211749,12953309,3460,1198888,48225,18765520
1790129801080379950,14212507,12953530,3460,1199382,48235,18765520
1790129801195904654,14213231,12953763,3460,1199854,48250,18765520
1790129801310103333,14213923,12954004,3460,1200316,48264,18765520
1790129801426415563,14214655,12954263,3460,1200768,48277,18765520
1790129801541384210,14215378,12954517,3460,1201219,48289,18765520
1790129801657769391,14216126,12954794,3460,1201663,48297,18765520
1790129801772184221,14216841,12955040,3460,1202126,48308,18765520
1790129801887817683,14217550,12955320,3460,1202557,48321,18765520
1790129802003421489,14218300,12955577,3460,1203014,48333,18765520
1790129802119298144,14219038,12955834,3460,1203462,48352,18765520
1790129802232156345,14219731,12956089,3460,1203899,48365,18765520
1790129802349274439,14220448,12956362,3460,1204347,48379,18765520
1790129802464853893,14221170,12956592,3460,1204830,48394,18765520
1790129802582371447,14221902,12956816,3460,1205252,48481,18765520
1790129802699242318,14222637,12957068,3460,1205723,48492,18765520
1790129802813917668,14223367,12957316,3460,1206175,48506,18765520
1790129802930210791,14224081,12957576,3460,1206631,48520,18765520
1790129803045516891,14224815,12957827,3460,1207088,48532,18765520
1790129803160762295,14225553,12958046,3460,1207586,48544,18765520
1790129803277944320,14226293,12958293,3460,1208050,48559,18765520
1790129803392702724,14227000,12958557,3460,1208492,48572,18765520
1790129803505846396,14227721,12958840,3460,1208905,48584,18765520
1790129803621927115,14228443,12959088,3460,1209371,48595,18765520
1790129803736702678,14229175,12959349,3460,1209818,48606,18765520
1790129803853940765,14229914,12959581,3460,1210308,48620,18765520
1790129803970109725,14230640,12959830,3460,1210772,48634,18765520
1790129804085736283,14231365,12960079,3460,1211231,48649,18765520
1790129804202142953,14232100,12960329,3460,1211697,48660,18765520
1790129804317947209,14232818,12960582,3460,1212160,48669,18765520
1790129804434887400,14233541,12960807,3460,1212662,48679,18765520
1790129804551285781,14234277,12961085,3460,1213097,48692,18765520
1790129804667160672,14235009,12961341,3460,1213553,48709,18765520
1790129804781684948,14235733,12961607,3460,1213988,48721,18765520
1790129804895235048,14236422,12961860,3460,1214434,48734,18765520
1790129805010291527,14237157,12962122,3460,1214882,48744,18765520
1790129805128390142,14237900,12962381,3460,1215354,48757,18765520
1790129805244653183,14238657,12962615,3460,1215833,48772,18765520
1790129805360185633,14239390,12962847,3460,1216220,48874,18765520
1790129805476425347,14240130,12963110,3460,1216675,48888,18765520
1790129805592704933,14240864,12963369,3460,1217120,48908,18765520
1790129805708208961,14241555,12963620,3460,1217579,48919,18765520
1790129805825870774,14242276,12963865,3460,1218061,48935,18765520
1790129805942508254,14243017,12964107,3460,1218535,48946,18765520
1790129806059905543,14243735,12964367,3460,1218997,48958,18765520
1790129806176844281,14244479,12964617,3460,1219468,48968,18765520
1790129806293440773,14245198,12964892,3460,1219910,48980,18765520
1790129806408706260,14245946,12965139,3460,1220371,48994,18765520
1790129806524240965,14246678,12965420,3460,1220808,49002,18765520
1790129806640603039,14247394,12965661,3460,1221280,49015,18765520
1790129806756735812,14248124,12965903,3460,1221755,49027,18765520
1790129806871578806,14248853,12966162,3460,1222201,49038,18765520
1790129806988164045,14249573,12966423,3460,1222656,49055,18765520
1790129807103544577,14250297,12966682,3460,1223107,49066,18765520
1790129807221329696,14251073,12966900,3460,1223619,49073,18765520
1790129807339727409,14251819,12967162,3460,1224042,49130,18765520
1790129807454849814,14252546,12967419,3460,1224472,49166,18765520
1790129807572222674,14253267,12967676,3460,1224934,49180,18765520
1790129807689199744,14253992,12967954,3460,1225376,49192,18765520
1790129807805540979,14254713,12968209,3460,1225843,49200,18765520
1790129807919578381,14255417,12968449,3460,1226316,49207,18765520
1790129808035849135,14256140,12968695,3460,1226776,49223,18765520
1790129808152417329,14256869,12968997,3460,1227186,49240,18765520
1790129808269212736,14257589,12969261,3460,1227640,49254,18765520
1790129808384913335,14258313,12969534,3460,1228079,49269,18765520
1790129808498541096,14259015,12969797,3460,1228516,49277,18765520
1790129808615512481,14259739,12970035,3460,1229001,49289,18765520
1790129808731320331,14260482,12970288,3460,1229457,49302,18765520
1790129808848012315,14261206,12970530,3460,1229934,49316,18765520
1790129808962239445,14261906,12970784,3460,1230377,49330,18765520
1790129809078781234,14262653,12971072,3460,1230805,49344,18765520
1790129809194867920,14263373,12971339,3460,1231256,49355,18765520
1790129809310585724,14264086,12971572,3460,1231740,49366,18765520
1790129809427639733,14264812,12971814,3460,1232214,49380,18765520
1790129809544282425,14265532,12972070,3460,1232677,49392,18765520
1790129809661556768,14266264,12972376,3460,1233096,49401,18765520
1790129809776336281,14266981,12972647,3460,1233529,49414,18765520
1790129809892259821,14267721,12972921,3460,1233970,49426,18765520
1790129810015446949,14268528,12973230,3460,1234428,49433,18765520
1790129810132048930,14269263,12973494,3460,1234818,49512,18765520
1790129810249372284,14269984,12973757,3460,1235271,49528,18765520
1790129810366183613,14270712,12974033,3460,1235715,49539,18765520
1790129810479219745,14271422,12974292,3460,1236151,49552,18765520
1790129810595486935,14272191,12974519,3460,1236649,49562,18765520
1790129810715170216,14272959,12974789,3460,1237113,49574,18765520
1790129810830037100,14273669,12975033,3460,1237569,49588,18765520
1790129810944271257,14274395,12975284,3460,1238022,49601,18765520
1790129811058808926,14275107,12975540,3460,1238466,49617,18765520
1790129811171858191,14275815,12975788,3460,1238911,49630,18765520
1790129811286708783,14276537,12976061,3460,1239347,49644,18765520
1790129811401307510,14277271,12976302,3460,1239811,49657,18765520
1790129811515358285,14277971,12976545,3460,1240266,49672,18765520
1790129811630194432,14278694,12976791,3460,1240728,49683,18765520
1790129811744111322,14279396,12977038,3460,1241175,49698,18765520
1790129811858771108,14280118,12977286,3460,1241632,49711,18765520
1790129811975876562,14280845,12977550,3460,1242097,49721,18765520
1790129812094483499,14281574,12977817,3460,1242558,49732,18765520
1790129812209476687,14282282,12978053,3460,1242959,49815,18765520
1790129812323263351,14282993,12978297,3460,1243413,49830,18765520
1790129812438283944,14283701,12978557,3460,1243861,49841,18765520
1790129812554077038,14284443,12978822,3460,1244310,49855,18765520
1790129812671693412,14285193,12979063,3460,1244802,49862,18765520
1790129812787239418,14285949,12979327,3460,1245245,49876,18765520
1790129812903170550,14286669,12979593,3460,1245694,49886,18765520
1790129813017815378,14287397,12979848,3460,1246144,49900,18765520
1790129813134244409,14288156,12980113,3460,1246591,49916,18765520
1790129813250577637,14288884,12980383,3460,1247034,49936,18765520
1790129813368038295,14289633,12980602,3460,1247536,49945,18765520
1790129813483982313,14290356,12980880,3460,1247975,49956,18765520
1790129813599577683,14291086,12981140,3460,1248423,49971,18765520
1790129813713772421,14291787,12981397,3460,1248868,49984,18765520
1790129813830313532,14292507,12981648,3460,1249329,49998,18765520
1790129813946099541,14293233,12981902,3460,1249786,50014,18765520
1790129814062606764,14293981,12982154,3460,1250254,50023,18765520
1790129814180717931,14294716,12982409,3460,1250725,50037,18765520
1790129814297503852,14295457,12982662,3460,1251186,50052,18765520
1790129814413177507,14296170,12982918,3460,1251643,50063,18765520
1790129814529316132,14296890,12983173,3460,1252096,50080,18765520
1790129814644327998,14297624,12983432,3460,1252553,50087,18765520
1790129814758846486,14298347,12983667,3460,1253025,50097,18765520
1790129814875837192,14299081,12983926,3460,1253485,50109,18765520
1790129814991220224,14299777,12984173,3460,1253944,50123,18765520
1790129815104751002,14300501,12984441,3460,1254373,50138,18765520
1790129815220806588,14301214,12984695,3460,1254830,50154,18765520
1790129815338081608,14301956,12984956,3460,1255294,50164,18765520
1790129815450729288,14302673,12985214,3460,1255735,50173,18765520
1790129815567230110,14303395,12985457,3460,1256136,50259,18765520
1790129815682942014,14304122,12985720,3460,1256585,50272,18765520
1790129815798467739,14304853,12985985,3460,1257028,50287,18765520
1790129815912848216,14305568,12986239,3460,1257469,50305,18765520
1790129816029373747,14306293,12986488,3460,1257934,50319,18765520
1790129816143057740,14307009,12986733,3460,1258397,50328,18765520
1790129816260271160,14307723,12986983,3460,1258869,50338,18765520
1790129816377312293,14308464,12987246,3460,1259324,50353,18765520
1790129816493475811,14309190,12987505,3460,1259778,50368,18765520
1790129816607650900,14309918,12987755,3460,1260229,50379,18765520
1790129816724078369,14310646,12988008,3460,1260700,50389,18765520
1790129816844274662,14311410,12988261,3460,1261186,50403,18765520
1790129816959634392,14312134,12988507,3460,1261645,50417,18765520
1790129817077871021,14312852,12988761,3460,1262119,50432,18765520
1790129817192212263,14313571,12989012,3460,1262571,50443,18765520
1790129817308555231,14314298,12989282,3460,1263012,50456,18765520
1790129817426303597,14315039,12989506,3460,1263516,50470,18765520
1790129817543698052,14315779,12989768,3460,1263975,50482,18765520
1790129817660491378,14316520,12990011,3460,1264369,50577,18765520
1790129817775280421,14317240,12990283,3460,1264798,50595,18765520
1790129817887861577,14317944,12990566,3460,1265207,50607,18765520
1790129818005280244,14318679,12990851,3460,1265645,50620,18765520
1790129818121961204,14319396,12991119,3460,1266099,50634,18765520
1790129818240151175,14320131,12991377,3460,1266566,50646,18765520
1790129818357189041,14320876,12991633,3460,1267030,50657,18765520
1790129818473876758,14321597,12991883,3460,1267497,50670,18765520
1790129818589668526,14322307,12992129,3460,1267963,50681,18765520
1790129818706073689,14323048,12992420,3460,1268392,50693,18765520
1790129818822235423,14323774,12992677,3460,1268855,50702,18765520
1790129818939441893,14324519,12992923,3460,1269331,50712,18765520
1790129819054980120,14325242,12993187,3460,1269782,50723,18765520
1790129819171171484,14325975,12993444,3460,1270232,50740,18765520
1790129819285631500,14326715,12993725,3460,1270649,50759,18765520
1790129819401666470,14327432,12993971,3460,1271114,50774,18765520
1790129819518696690,14328195,12994190,3460,1271627,50782,18765520
1790129819634933585,14328932,12994452,3460,1272071,50798,18765520
1790129819752182558,14329658,12994716,3460,1272458,50882,18765520
1790129819868193237,14330380,12994976,3460,1272906,50901,18765520
1790129819984530559,14331100,12995244,3460,1273353,50912,18765520
1790129820100631622,14331851,12995506,3460,1273801,50931,18765520
1790129820217861407,14332578,12995763,3460,1274272,50943,18765520
1790129820335188334,14333317,12996042,3460,1274712,50956,18765520
1790129820450946906,14334050,12996295,3460,1275168,50969,18765520
1790129820566930892,14334776,12996548,3460,1275624,50986,18765520
1790129820683532221,14335520,12996796,3460,1276084,51007,18765520
1790129820798155234,14336239,12997044,3460,1276542,51018,18765520
1790129820913877216,14336966,12997255,3460,1277052,51029,18765520
1790129821029020505,14337670,12997513,3460,1277497,51042,18765520
1790129821144347672,14338408,12997779,3460,1277936,51056,18765520
1790129821260913794,14339131,12998042,3460,1278392,51068,18765520
1790129821375849107,14339846,12998305,3460,1278833,51081,18765520
1790129821492736651,14340578,12998571,3460,1279295,51091,18765520
1790129821609055099,14341326,12998803,3460,1279779,51099,18765520
1790129821722411610,14342026,12999061,3460,1280223,51109,18765520
1790129821836829799,14342746,12999314,3460,1280674,51119,18765520
1790129821954072377,14343474,12999580,3460,1281131,51131,18765520
1790129822069080138,14344187,12999849,3460,1281561,51148,18765520
1790129822184471648,14344902,13000096,3460,1282031,51158,18765520
1790129822302511091,14345627,13000343,3460,1282510,51169,18765520
1790129822419648457,14346379,13000593,3460,1282910,51257,18765520
1790129822535886764,14347102,13000849,3460,1283365,51270,18765520
1790129822652191060,14347836,13001102,3460,1283830,51280,18765520
1790129822766590086,14348544,13001351,3460,1284281,51294,18765520
1790129822880659389,14349268,13001641,3460,1284692,51309,18765520
1790129822996154223,14350018,13001873,3460,1285178,51316,18765520
1790129823112564407,14350738,13002141,3460,1285624,51330,18765520
1790129823229776181,14351463,13002411,3460,1286071,51348,18765520
1790129823346883650,14352193,13002671,3460,1286530,51359,18765520
1790129823461833750,14352903,13002936,3460,1286970,51373,18765520
1790129823578230212,14353637,13003178,3460,1287452,51382,18765520
1790129823695835992,14354411,13003434,3460,1287915,51398,18765520
1790129823813213236,14355134,13003693,3460,1288379,51411,18765520
1790129823928727678,14355859,13003972,3460,1288805,51427,18765520
1790129824045438883,14356583,13004226,3460,1289267,51442,18765520
1790129824161690826,14357330,13004482,3460,1289733,51453,18765520
1790129824279292826,14358078,13004731,3460,1290206,51464,18765520
1790129824395194876,14358792,13004978,3460,1290675,51475,18765520
1790129824509179976,14359494,13005227,3460,1291126,51487,18765520
1790129824627245360,14360229,13005491,3460,1291587,51504,18765520
1790129824742322337,14360949,13005771,3460,1292008,51521,18765520
1790129824858946546,14361691,13006039,3460,1292461,51534,18765520
1790129824975264757,14362421,13006266,3460,1292947,51548,18765520
1790129825092142576,14363153,13006512,3460,1293424,51561,18765520
1790129825208489795,14363885,13006745,3460,1293836,51644,18765520
1790129825324955694,14364626,13006994,3460,1294299,51659,18765520
1790129825439954160,14365324,13007249,3460,1294748,51673,18765520
1790129825556546262,14366064,13007526,3460,1295191,51683,18765520
1790129825670571881,14366770,13007769,3460,1295662,51691,18765520
1790129825786831789,14367506,13008024,3460,1296111,51710,18765520
1790129825901408011,14368205,13008275,3460,1296568,51719,18765520
1790129826017197012,14368926,13008534,3460,1297023,51731,18765520
1790129826132970057,14369643,13008776,3460,1297494,51741,18765520
1790129826250209881,14370378,13009063,3460,1297930,51753,18765520
1790129826368816620,14371134,13009295,3460,1298429,51765,18765520
1790129826484490050,14371867,13009541,3460,1298892,51779,18765520
1790129826601217539,14372616,13009824,3460,1299327,51792,18765520
1790129826717490024,14373348,13010096,3460,1299769,51805,18765520
1790129826834149004,14374074,13010353,3460,1300228,51818,18765520
1790129826948296804,14374777,13010621,3460,1300664,51831,18765520
1790129827063731917,14375468,13010854,3460,1301149,51843,18765520
1790129827180989121,14376201,13011109,3460,1301607,51856,18765520
1790129827297297264,14376908,13011344,3460,1302016,51941,18765520
1790129827413621232,14377635,13011602,3460,1302478,51951,18765520
1790129827529124654,14378364,13011865,3460,1302922,51964,18765520
1790129827645101987,14379106,13012098,3460,1303400,51981,18765520
1790129827762492412,14379853,13012595,3460,1303629,51991,18784720
1790129827877246001,14380578,13013136,3460,1303808,51995,18800208
1790129827998002444,14381353,13013231,3460,1304479,51996,18800208
1790129828116084897,14382109,13013323,3460,1305137,51996,18800208
1790129828230559797,14382841,13013408,3460,1305783,51997,18800208
1790129828348354537,14383597,13013524,3460,1306416,51997,18800208
1790129828461888982,14384324,13013560,3460,1307103,51997,18800208
1790129828576174665,14385047,13013653,3460,1307735,51998,18800208
1790129828694038486,14385798,13013815,3460,1308323,51998,18800208
1790129828808118456,14386520,13013852,3460,1309014,51999,18800208
1790129828924671419,14387270,13013976,3460,1309631,52000,18800208
1790129829042649493,14388022,13014094,3460,1310264,52000,18800208
1790129829157175443,14388759,13014147,3460,1310936,52001,18800208
1790129829274814720,14389515,13014277,3460,1311555,52002,18800208
1790129829392828405,14390267,13014357,3460,1312226,52002,18800208
1790129829507139572,14391001,13014440,3460,1312868,52003,18800208
1790129829625452666,14391758,13014563,3460,1313500,52003,18800208
1790129829740237670,14392489,13014589,3460,1314203,52003,18800208
1790129829854563400,14393214,13014689,3460,1314834,52004,18800208
1790129829972683940,14393975,13014836,3460,1315438,52004,18800208
1790129830086654137,14394699,13014874,3460,1316127,52004,18800208
1790129830203210815,14395448,13015050,3460,1316689,52005,18800208
1790129830321503795,14396202,13015139,3460,1317356,52005,18800208
1790129830435851069,14396942,13015213,3460,1318008,52005,18800208
1790129830553374656,14397684,13015285,3460,1318688,52005,18800208
1790129830671652610,14398440,13015378,3460,1319346,52005,18800208
1790129830786304434,14399169,13015484,3460,1319971,52006,18800208
1790129830904213390,14399923,13015617,3460,1320582,52006,18800208
1790129831018412769,14400652,13015661,3460,1321272,52006,18800208
1790129831134163708,14401382,13015749,3460,1321914,52007,18800208
1790129831252514023,14402133,13015893,3460,1322527,52007,18800208
1790129831370994759,14402890,13016038,3460,1323133,52008,18800208
1790129831488968225,14403644,13016168,3460,1323753,52008,18800208
1790129831606977588,14404401,13016303,3460,1324366,52010,18800208
1790129831725142255,14405157,13016485,3460,1324944,52010,18800208
1790129831840982925,14405901,13016513,3460,1325647,52010,18800208
1790129831955547134,14406629,13016586,3460,1326303,52011,18800208
1790129832073701694,14407402,13016693,3460,1326948,52012,18800208
1790129832191844224,14408155,13016848,3460,1327542,52012,18800208
1790129832309568174,14408895,13017009,3460,1328130,52013,18800208
1790129832427591770,14409649,13017135,3460,1328753,52014,18800208
1790129832545460484,14410404,13017214,3460,1329425,52014,18800208
1790129832660034634,14411140,13017283,3460,1330084,52014,18800208
1790129832774515417,14411872,13017363,3460,1330735,52015,18800208
1790129832892412454,14412616,13017492,3460,1331357,52016,18800208
1790129833010229010,14413366,13017628,3460,1331963,52017,18800208
1790129833128355003,14414118,13017770,3460,1332579,52017,18800208
1790129833245730461,14414874,13017889,3460,1333203,52018,18800208
1790129833363868628,14415630,13017969,3460,1333877,52018,18800208
1790129833480235516,14416372,13018055,3460,1334529,52018,18800208
1790129833595049894,14417109,13018131,3460,1335184,52018,18800208
1790129833713161284,14417854,13018284,3460,1335779,52019,18800208
1790129833831152964,14418603,13018409,3460,1336403,52020,18800208
1790129833949426163,14419359,13018549,3460,1337019,52020,18800208
1790129834064954595,14420099,13018677,3460,1337624,52020,18800208
1790129834182753051,14420853,13018767,3460,1338285,52020,18800208
1790129834300695453,14421602,13018876,3460,1338927,52021,18800208
1790129834415351337,14422333,13018958,3460,1339576,52021,18800208
1790129834533310640,14423087,13019068,3460,1340217,52021,18800208
1790129834651328286,14423834,13019208,3460,1340826,52022,18800208
1790129834768110430,14424581,13019305,3460,1341467,52023,18800208
1790129834884847678,14425321,13019458,3460,1342055,52025,18800208
1790129835002873266,14426071,13019557,3460,1342651,52082,18800208
1790129835120979682,14426829,13019635,3460,1343312,52094,18800208
1790129835235602866,14427556,13019711,3460,1343949,52113,18800208
1790129835353501650,14428304,13019804,3460,1344564,52156,18800208
1790129835470665799,14429049,13019944,3460,1345135,52189,18800208
1790129835588752766,14429806,13020048,3460,1345749,52223,18800208
1790129835711451316,14430580,13020175,3460,1346384,52243,18800208
1790129835828495019,14431326,13020303,3460,1347000,52243,18800208
1790129835951862698,14432118,13020390,3460,1347697,52243,18800208
1790129836069857904,14432867,13020447,3460,1348391,52244,18800208
1790129836191859491,14433649,13020547,3460,1349068,52244,18800208
1790129836308906424,14434382,13020710,3460,1349650,52245,18800208
1790129836425881669,14435125,13020853,3460,1350249,52245,18800208
1790129836543740727,14435879,13021027,3460,1350827,52245,18800208
1790129836658080296,14436620,13021136,3460,1351445,52245,18800208
1790129836772382887,14437344,13021283,3460,1352028,52245,18800208
1790129836886480231,14438076,13021322,3460,1352713,52246,18800208
1790129837000527209,14438804,13021427,3460,1353333,52247,18800208
1790129837130362895,14439630,13021601,3460,1353984,52248,18800208
1790129837248120407,14440385,13021769,3460,1354563,52249,18800208
1790129837363554975,14441115,13021899,3460,1355167,52250,18800208
1790129837481538045,14441876,13022028,3460,1355788,52250,18800208
1790129837599308154,14442639,13022130,3460,1356437,52250,18800208
1790129837713760008,14443369,13022156,3460,1357137,52251,18800208
1790129837827515655,14444080,13022277,3460,1357739,52252,18800208
1790129837945571538,14444836,13022373,3460,1358394,52252,18800208
1790129838060644853,14445575,13022474,3460,1359024,52253,18800208
1790129838173373824,14446295,13022648,3460,1359569,52253,18800208
1790129838291513757,14447037,13022780,3460,1360186,52255,18800208
1790129838410025539,14447801,13022910,3460,1360806,52255,18800208
1790129838524187297,14448531,13022942,3460,1361505,52256,18800208
1790129838642732240,14449292,13023067,3460,1362132,52257,18800208
1790129838759383860,14450041,13023150,3460,1362793,52257,18800208
1790129838875865747,14450795,13023268,3460,1363412,52257,18800208
1790129838995179577,14451551,13023403,3460,1364035,52257,18800208
1790129839115865039,14452316,13023548,3460,1364657,52260,18800208
1790129839239944683,14453106,13023747,3460,1365247,52260,18800208
1790129839354256759,14453835,13023768,3460,1365959,52260,18800208
1790129839473392716,14454593,13023892,3460,1366591,52260,18800208
1790129839588596347,14455324,13024034,3460,1367182,52260,18800208
1790129839706879618,14456086,13024171,3460,1367792,52263,18800208
1790129839824874443,14456850,13024309,3460,1368405,52263,18800208
1790129839942673550,14457596,13024435,3460,1369029,52263,18800208
1790129840060626558,14458344,13024560,3460,1369655,52263,18800208
1790129840174271423,14459072,13024603,3460,1370333,52263,18800208
1790129840289857113,14459810,13024692,3460,1370979,52265,18800208
1790129840404876254,14460552,13024861,3460,1371542,52265,18800208
1790129840522875671,14461308,13024991,3460,1372162,52266,18800208
1790129840641257403,14462060,13025163,3460,1372740,52266,18800208
1790129840759220232,14462818,13025288,3460,1373365,52267,18800208
1790129840877010073,14463571,13025390,3460,1374017,52267,18800208
1790129840990692219,14464306,13025431,3460,1374701,52267,18800208
1790129841104828324,14465034,13025515,3460,1375342,52267,18800208
1790129841222993108,14465787,13025666,3460,1375942,52268,18800208
1790129841340864054,14466541,13025831,3460,1376526,52268,18800208
1790129841458871062,14467293,13025966,3460,1377143,52268,18800208
1790129841575985678,14468042,13026105,3460,1377746,52269,18800208
1790129841693307018,14468789,13026219,3460,1378383,52270,18800208
1790129841811366838,14469543,13026328,3460,1379026,52270,18800208
1790129841925449522,14470274,13026406,3460,1379671,52271,18800208
1790129842043340776,14471031,13026513,3460,1380315,52271,18800208
1790129842161670106,14471791,13026661,3460,1380917,52272,18800208
1790129842279508802,14472538,13026768,3460,1381561,52273,18800208
1790129842396587265,14473278,13026934,3460,1382137,52274,18800208
1790129842515230190,14474046,13027046,3460,1382777,52274,18800208
1790129842633321578,14474797,13027164,3460,1383417,52274,18800208
1790129842747826815,14475534,13027281,3460,1384024,52274,18800208
1790129842866063869,14476288,13027429,3460,1384630,52274,18800208
1790129842982860614,14477036,13027561,3460,1385239,52275,18800208
1790129843101333302,14477788,13027652,3460,1385905,52275,18800208
1790129843218940942,14478535,13027834,3460,1386468,52275,18800208
1790129843334846911,14479273,13027967,3460,1387071,52276,18800208
1790129843452826975,14480028,13028104,3460,1387686,52276,18800208
1790129843567672759,14480765,13028212,3460,1388308,52277,18800208
1790129843685657589,14481517,13028308,3460,1388963,52277,18800208
1790129843801289135,14482257,13028457,3460,1389550,52278,18800208
1790129843920861749,14483025,13028564,3460,1390201,52278,18800208
1790129844041761588,14483797,13028699,3460,1390836,52278,18800208
1790129844155855332,14484526,13028855,3460,1391403,52280,18800208
1790129844289063050,14485377,13028959,3460,1392146,52280,18800208
1790129844405754858,14486122,13029041,3460,1392808,52281,18800208
1790129844523633733,14486873,13029134,3460,1393465,52282,18800208
1790129844638237247,14487600,13029287,3460,1394036,52283,18800208
1790129844755852125,14488350,13029404,3460,1394671,52283,18800208
1790129844873813355,14489099,13029555,3460,1395269,52284,18800208
1790129844990768787,14489843,13029659,3460,1395909,52284,18800208
1790129845108716327,14490597,13029743,3460,1396577,52284,18800208
1790129845223238274,14491316,13029840,3460,1397205,52288,18800208
1790129845341540238,14492072,13029909,3460,1397889,52288,18800208
1790129845456883156,14492813,13030083,3460,1398448,52290,18800208
1790129845574868268,14493560,13030219,3460,1399061,52290,18800208
1790129845692935149,14494319,13030377,3460,1399653,52290,18800208
1790129845808433156,14495047,13030525,3460,1400242,52291,18800208
1790129845926728666,14495803,13030627,3460,1400891,52291,18800208
1790129846041311427,14496523,13030714,3460,1401535,52292,18800208
1790129846159499280,14497280,13030796,3460,1402205,52292,18800208
1790129846278407480,14498045,13030955,3460,1402803,52292,18800208
1790129846390481592,14498760,13031074,3460,1403398,52293,18800208
1790129846508399734,14499516,13031215,3460,1404007,52293,18800208
1790129846625857596,14500271,13031354,3460,1404612,52293,18800208
1790129846743756395,14501026,13031430,3460,1405288,52293,18800208
1790129846857716825,14501751,13031497,3460,1405944,52294,18800208
1790129846976172651,14502506,13031599,3460,1406594,52294,18800208
1790129847094092778,14503258,13031766,3460,1407178,52295,18800208
1790129847207469278,14503969,13031884,3460,1407782,52296,18800208
1790129847325486284,14504726,13031992,3460,1408424,52297,18800208
1790129847440653270,14505461,13032101,3460,1409047,52298,18800208
1790129847555045171,14506186,13032211,3460,1409662,52298,18800208
1790129847669329192,14506924,13032257,3460,1410348,52298,18800208
1790129847786413420,14507676,13032393,3460,1410955,52299,18800208
1790129847904187783,14508431,13032468,3460,1411626,52299,18800208
1790129848018075405,14509163,13032552,3460,1412268,52302,18800208
1790129848136385675,14509919,13032631,3460,1412942,52302,18800208
1790129848250233190,14510645,13032748,3460,1413546,52302,18800208
1790129848364865997,14511385,13032837,3460,1414185,52306,18800208
1790129848483214122,14512133,13032949,3460,1414823,52307,18800208
1790129848598084378,14512867,13032975,3460,1415531,52307,18800208
1790129848715855239,14513631,13033098,3460,1416156,52307,18800208
1790129848833861623,14514389,13033170,3460,1416836,52307,18800208
1790129848948504083,14515115,13033232,3460,1417504,52308,18800208
1790129849067131497,14515873,13033327,3460,1418160,52309,18800208
1790129849185426411,14516626,13033397,3460,1418848,52309,18800208
1790129849299647564,14517350,13033468,3460,1419501,52309,18800208
1790129849417406183,14518103,13033614,3460,1420104,52310,18800208
1790129849531775713,14518838,13033658,3460,1420788,52310,18800208
1790129849647874310,14519577,13033742,3460,1421442,52311,18800208
1790129849763385019,14520313,13033907,3460,1422015,52311,18800208
1790129849877339023,14521043,13033947,3460,1422698,52311,18800208
1790129849993202703,14521784,13034112,3460,1423265,52312,18800208
1790129850111036745,14522543,13034185,3460,1423944,52313,18800208
1790129850225082995,14523263,13034242,3460,1424612,52313,18800208
1790129850342161415,14524013,13034332,3460,1425267,52313,18800208
1790129850460049142,14524765,13034411,3460,1425940,52313,18800208
1790129850574683566,14525489,13034531,3460,1426551,52315,18800208
1790129850692645326,14526221,13034776,3460,1427031,52328,18800208
1790129850809239708,14526951,13035012,3460,1427447,52399,18800208
1790129850927037561,14527714,13035159,3460,1427649,52800,18800208
1790129851043959272,14528477,13035414,3460,1428113,52812,18800208
1790129851159559993,14529181,13035661,3460,1428574,52825,18800208
1790129851276239522,14529911,13035899,3460,1429053,52838,18800208
1790129851392505188,14530642,13036117,3460,1429554,52849,18800208
1790129851510194724,14531374,13036360,3460,1430035,52862,18800208
1790129851625834840,14532109,13036617,3460,1430482,52879,18800208
1790129851739973122,14532821,13036870,3460,1430934,52892,18800208
1790129851855584381,14533544,13037132,3460,1431381,52904,18800208
1790129851971416972,14534283,13037394,3460,1431831,52917,18800208
1790129852087674429,14535010,13037638,3460,1432300,52932,18800208
1790129852205057319,14535739,13037890,3460,1432770,52946,18800208
1790129852322175123,14536457,13038131,3460,1433177,53033,18800208
1790129852437348447,14537191,13038400,3460,1433614,53047,18800208
1790129852550980160,14537887,13038664,3460,1434049,53057,18800208
1790129852664752193,14538604,13038954,3460,1434457,53073,18800208
1790129852779611113,14539304,13039200,3460,1434926,53082,18800208
1790129852894155865,14540007,13039457,3460,1435378,53092,18800208
1790129853010025706,14540730,13039713,3460,1435829,53106,18800208
1790129853125416887,14541458,13039963,3460,1436285,53121,18800208
1790129853240334285,14542172,13040222,3460,1436728,53135,18800208
1790129853355850857,14542892,13040521,3460,1437139,53148,18800208
1790129853474091581,14543616,13040758,3460,1437627,53164,18800208
1790129853590341440,14544343,13041011,3460,1438087,53177,18800208
1790129853707087158,14545076,13041257,3460,1438561,53189,18800208
1790129853822584411,14545803,13041511,3460,1439012,53204,18800208
1790129853935890999,14546512,13041770,3460,1439451,53215,18800208
1790129854053196229,14547256,13042041,3460,1439907,53224,18800208
1790129854168266579,14548005,13042268,3460,1440389,53240,18800208
1790129854284576014,14548724,13042523,3460,1440845,53252,18800208
1790129854400662872,14549456,13042767,3460,1441243,53340,18800208
1790129854516885594,14550190,13043027,3460,1441694,53359,18800208
1790129854632749152,14550920,13043281,3460,1442147,53372,18800208
1790129854749051454,14551647,13043520,3460,1442629,53381,18800208
1790129854869422524,14552420,13043797,3460,1443096,53394,18800208
1790129854985313952,14553149,13044051,3460,1443548,53412,18800208
1790129855100969966,14553876,13044314,3460,1443993,53426,18800208
1790129855216933057,14554592,13044577,3460,1444449,53436,18800208
1790129855331849850,14555341,13044833,3460,1444892,53458,18800208
1790129855447575454,14556064,13045043,3460,1445393,53469,18800208
1790129855565125982,14556790,13045291,3460,1445869,53484,18800208
1790129855682049458,14557516,13045543,3460,1446335,53496,18800208
1790129855798537796,14558244,13045799,3460,1446792,53511,18800208
1790129855914043196,14558977,13046052,3460,1447242,53525,18800208
1790129856028342650,14559695,13046290,3460,1447707,53539,18800208
1790129856144190670,14560439,13046519,3460,1448198,53545,18800208
1790129856262456259,14561189,13046777,3460,1448665,53562,18800208
1790129856378767983,14561941,13047058,3460,1449101,53574,18800208
1790129856495059444,14562657,13047312,3460,1449558,53589,18800208
1790129856610946219,14563392,13047612,3460,1449969,53603,18800208
1790129856726989357,14564104,13047876,3460,1450421,53617,18800208
1790129856842756143,14564810,13048128,3460,1450887,53629,18800208
1790129856958768718,14565532,13048402,3460,1451322,53641,18800208
1790129857075940082,14566258,13048648,3460,1451734,53723,18800208
1790129857192607796,14566981,13048892,3460,1452202,53738,18800208
1790129857307507714,14567681,13049146,3460,1452652,53754,18800208
1790129857423361627,14568408,13049387,3460,1453122,53768,18800208
1790129857539217611,14569146,13049619,3460,1453605,53781,18800208
1790129857656780516,14569895,13049885,3460,1454060,53793,18800208
1790129857772775505,14570612,13050138,3460,1454521,53805,18800208
1790129857889658902,14571346,13050406,3460,1454971,53819,18800208
1790129858004566482,14572059,13050654,3460,1455425,53832,18800208
1790129858121344826,14572788,13050893,3460,1455908,53843,18800208
1790129858238669816,14573525,13051118,3460,1456408,53852,18800208
1790129858355219817,14574256,13051379,3460,1456860,53871,18800208
1790129858469866142,14574981,13051636,3460,1457297,53890,18800208
1790129858585471603,14575710,13051893,3460,1457751,53902,18800208
1790129858701926949,14576448,13052142,3460,1458218,53915,18800208
1790129858820162556,14577177,13052416,3460,1458679,53925,18800208
1790129858937997562,14577928,13052660,3460,1459158,53939,18800208
1790129859054086231,14578681,13052924,3460,1459592,53963,18800208
1790129859169009980,14579413,13053180,3460,1459973,54049,18800208
1790129859285342651,14580133,13053442,3460,1460423,54063,18800208
1790129859401544145,14580856,13053699,3460,1460880,54075,18800208
1790129859517724453,14581604,13053966,3460,1461331,54087,18800208
1790129859634751739,14582323,13054217,3460,1461806,54098,18800208
1790129859749963642,14583045,13054468,3460,1462261,54108,18800208
1790129859865485521,14583766,13054733,3460,1462705,54122,18800208
1790129859981127644,14584479,13054984,3460,1463167,54135,18800208
1790129860097395907,14585208,13055223,3460,1463644,54143,18800208
1790129860211550009,14585932,13055438,3460,1464138,54149,18800208
1790129860326498666,14586648,13055698,3460,1464588,54163,18800208
1790129860442844433,14587373,13055972,3460,1465027,54175,18800208
1790129860558654264,14588098,13056240,3460,1465468,54188,18800208
1790129860673271469,14588818,13056487,3460,1465921,54204,18800208
1790129860788153142,14589558,13056775,3460,1466339,54217,18800208
1790129860901140232,14590249,13057012,3460,1466808,54227,18800208
1790129861018572547,14590995,13057261,3460,1467268,54246,18800208
1790129861134255766,14591737,13057525,3460,1467717,54258,18800208
1790129861249653139,14592464,13057779,3460,1468170,54273,18800208
1790129861365247565,14593191,13058032,3460,1468630,54283,18800208
1790129861482271322,14593924,13058266,3460,1469115,54295,18800208
1790129861599387136,14594659,13058507,3460,1469602,54307,18800208
1790129861717089764,14595401,13058782,3460,1470047,54322,18800208
1790129861833110437,14596124,13059039,3460,1470430,54410,18800208
1790129861949194234,14596853,13059298,3460,1470882,54423,18800208
1790129862064268027,14597568,13059550,3460,1471335,54437,18800208
1790129862181389790,14598307,13059819,3460,1471789,54452,18800208
1790129862297137054,14599064,13060083,3460,1472241,54461,18800208
1790129862412198086,14599796,13060348,3460,1472681,54476,18800208
1790129862528408348,14600527,13060630,3460,1473113,54489,18800208
1790129862644849982,14601263,13060903,3460,1473551,54507,18800208
1790129862761603671,14601989,13061157,3460,1474015,54520,18800208
1790129862878381683,14602728,13061406,3460,1474485,54531,18800208
1790129862992588150,14603447,13061656,3460,1474938,54544,18800208
1790129863110398931,14604166,13061910,3460,1475405,54561,18800208
1790129863227597541,14604904,13062176,3460,1475860,54572,18800208
1790129863344238409,14605640,13062434,3460,1476319,54585,18800208
1790129863462019956,14606386,13062689,3460,1476786,54600,18800208
1790129863579331347,14607122,13062922,3460,1477274,54614,18800208
1790129863694712843,14607856,13063221,3460,1477692,54626,18800208
1790129863810051110,14608585,13063476,3460,1478146,54638,18800208
1790129863925675545,14609314,13063738,3460,1478594,54652,18800208
1790129864042000487,14610047,13064029,3460,1479016,54666,18800208
1790129864158967104,14610793,13064280,3460,1479487,54677,18800208
1790129864275230124,14611511,13064510,3460,1479974,54688,18800208
1790129864393314916,14612256,13064791,3460,1480416,54703,18800208
1790129864509523830,14612987,13065041,3460,1480873,54722,18800208
1790129864626478591,14613722,13065285,3460,1481282,54803,18800208
1790129864741845620,14614450,13065556,3460,1481717,54817,18800208
1790129864858760684,14615201,13065802,3460,1482196,54829,18800208
1790129864974265315,14615947,13066015,3460,1482696,54837,18800208
1790129865093041164,14616690,13066287,3460,1483158,54850,18800208
1790129865209821327,14617431,13066560,3460,1483595,54869,18800208
1790129865327177049,14618170,13066816,3460,1484060,54882,18800208
1790129865441652087,14618886,13067074,3460,1484498,54902,18800208
1790129865557473397,14619612,13067369,3460,1484914,54918,18800208
1790129865672443256,14620346,13067605,3460,1485392,54927,18800208
1790129865787284117,14621071,13067876,3460,1485830,54939,18800208
1790129865903929459,14621795,13068137,3460,1486284,54952,18800208
1790129866019936978,14622537,13068417,3460,1486714,54966,18800208
1790129866136577302,14623259,13068662,3460,1487189,54979,18800208
1790129866251859848,14623995,13068911,3460,1487641,54998,18800208
1790129866369463856,14624715,13069167,3460,1488114,55009,18800208
1790129866487297446,14625472,13069427,3460,1488576,55025,18800208
1790129866604435581,14626223,13069715,3460,1489005,55039,18800208
1790129866722882102,14626969,13069961,3460,1489417,55123,18800208
1790129866838265844,14627681,13070207,3460,1489879,55134,18800208
1790129866954163363,14628425,13070460,3460,1490340,55147,18800208
1790129867069425292,14629124,13070705,3460,1490807,55158,18800208
1790129867186482612,14629858,13070969,3460,1491265,55168,18800208
1790129867302847430,14630580,13071221,3460,1491730,55178,18800208
1790129867418602937,14631317,13071473,3460,1492192,55191,18800208
1790129867533710051,14632040,13071718,3460,1492646,55208,18800208
1790129867649698492,14632755,13071953,3460,1493129,55223,18800208
1790129867765208195,14633479,13072172,3460,1493621,55231,18800208
1790129867882910842,14634227,13072427,3460,1494089,55244,18800208
1790129867999560527,14634940,13072676,3460,1494559,55254,18800208
1790129868114565392,14635662,13072923,3460,1495018,55269,18800208
1790129868228168637,14636381,13073176,3460,1495462,55283,18800208
1790129868345124236,14637126,13073420,3460,1495937,55294,18800208
1790129868460158781,14637844,13073654,3460,1496416,55306,18800208
1790129868577073961,14638583,13073905,3460,1496877,55323,18800208
1790129868693684747,14639332,13074160,3460,1497341,55335,18800208
1790129868808195787,14640056,13074417,3460,1497786,55348,18800208
1790129868924563517,14640793,13074664,3460,1498255,55359,18800208
1790129869042943198,14641544,13074932,3460,1498721,55373,18800208
1790129869162019452,14642296,13075212,3460,1499175,55383,18800208
1790129869278200463,14643013,13075482,3460,1499616,55399,18800208
1790129869393358972,14643737,13075715,3460,1500021,55483,18800208
1790129869510130528,14644457,13075965,3460,1500485,55499,18800208
1790129869627590953,14645188,13076213,3460,1500958,55511,18800208
1790129869742639140,14645905,13076430,3460,1501450,55522,18800208
1790129869860090109,14646650,13076683,3460,1501922,55534,18800208
1790129869976567100,14647377,13076938,3460,1502384,55548,18800208
1790129870092239157,14648110,13077196,3460,1502836,55559,18800208
1790129870208153903,14648816,13077445,3460,1503301,55571,18800208
1790129870325276769,14649556,13077705,3460,1503753,55593,18800208
1790129870442378297,14650279,13077964,3460,1504215,55605,18800208
1790129870557739173,14650996,13078209,3460,1504676,55623,18800208
1790129870673468335,14651724,13078465,3460,1505126,55637,18800208
1790129870789325151,14652449,13078714,3460,1505590,55649,18800208
1790129870903055556,14653177,13078962,3460,1506043,55661,18800208
1790129871019506784,14653923,13079202,3460,1506518,55677,18800208
1790129871136691324,14654633,13079439,3460,1507001,55690,18800208
1790129871252404663,14655350,13079689,3460,1507456,55709,18800208
1790129871368919467,14656081,13079953,3460,1507907,55721,18800208
1790129871484911782,14656816,13080217,3460,1508355,55734,18800208
1790129871600858745,14657531,13080493,3460,1508790,55748,18800208
1790129871717279576,14658262,13080749,3460,1509250,55763,18800208
1790129871833034612,14658995,13080976,3460,1509743,55770,18800208
1790129871949901173,14659729,13081226,3460,1510217,55781,18800208
1790129872067226653,14660451,13081470,3460,1510612,55873,18800208
1790129872184598171,14661191,13081751,3460,1511053,55887,18800208
1790129872300443583,14661907,13082008,3460,1511507,55902,18800208
1790129872416971427,14662642,13082256,3460,1511982,55910,18800208
1790129872533960797,14663369,13082487,3460,1512474,55919,18800208
1790129872650200240,14664082,13082734,3460,1512938,55933,18800208
1790129872765968510,14664812,13082999,3460,1513387,55948,18800208
1790129872880930647,14665527,13083256,3460,1513835,55959,18800208
1790129872996994979,14666261,13083505,3460,1514294,55975,18800208
1790129873111912870,14666991,13083759,3460,1514753,55985,18800208
1790129873231208745,14667744,13084042,3460,1515208,55993,18800208
1790129873345330678,14668452,13084310,3460,1515640,56006,18800208
1790129873460029220,14669168,13084552,3460,1516105,56016,18800208
1790129873573912226,14669877,13084792,3460,1516567,56026,18800208
1790129873689648183,14670598,13085050,3460,1517025,56037,18800208
1790129873804925020,14671321,13085300,3460,1517491,56045,18800208
1790129873921279153,14672048,13085567,3460,1517939,56056,18800208
1790129874038639579,14672771,13085821,3460,1518411,56068,18800208
1790129874154816626,14673494,13086061,3460,1518811,56154,18800208
1790129874269958340,14674192,13086307,3460,1519270,56166,18800208
1790129874385937767,14674914,13086559,3460,1519721,56185,18800208
1790129874503000588,14675651,13086775,3460,1520232,56194,18800208
1790129874618682026,14676377,13087038,3460,1520676,56211,18800208
1790129874735242323,14677130,13087312,3460,1521116,56227,18800208
1790129874850675597,14677858,13087563,3460,1521572,56241,18800208
1790129874967149662,14678587,13087826,3460,1522023,56256,18800208
1790129875083570108,14679320,13088074,3460,1522495,56264,18800208
1790129875198860932,14680039,13088302,3460,1522980,56279,18800208
1790129875313570591,14680752,13088565,3460,1523417,56292,18800208
1790129875429825913,14681481,13088827,3460,1523869,56305,18800208
1790129875544841564,14682225,13089078,3460,1524319,56323,18800208
1790129875659180426,14682945,13089331,3460,1524771,56334,18800208
1790129875774720777,14683676,13089590,3460,1525220,56348,18800208
1790129875891960329,14684432,13089859,3460,1525681,56356,18800208
1790129876007986780,14685169,13090107,3460,1526148,56370,18800208
1790129876124206969,14685884,13090365,3460,1526601,56383,18800208
1790129876239876669,14686606,13090636,3460,1527041,56396,18800208
1790129876355435735,14687329,13090907,3460,1527481,56410,18800208
1790129876471627046,14688069,13091153,3460,1527951,56420,18800208
1790129876585045737,14688819,13091382,3460,1528429,56425,18800208
1790129876700322028,14689551,13091645,3460,1528883,56434,18800208
1790129876817682437,14690290,13091900,3460,1529345,56450,18800208
1790129876935128047,14691025,13092151,3460,1529742,56535,18800208
1790129877051163092,14691756,13092394,3460,1530212,56546,18800208
1790129877168202419,14692496,13092664,3460,1530666,56559,18800208
1790129877285149908,14693241,13092917,3460,1531134,56575,18800208
1790129877400941891,14693990,13093181,3460,1531584,56586,18800208
1790129877517879356,14694712,13093477,3460,1532008,56597,18800208
1790129877632930499,14695441,13093738,3460,1532452,56614,18800208
1790129877748123291,14696148,13093994,3460,1532900,56628,18800208
1790129877865393308,14696875,13094251,3460,1533363,56642,18800208
1790129877981858967,14697621,13094481,3460,1533853,56652,18800208
1790129878100055488,14698351,13094741,3460,1534321,56663,18800208
1790129878217242086,14699071,13095011,3460,1534772,56675,18800208
1790129878330580513,14699792,13095272,3460,1535207,56689,18800208
1790129878446717129,14700534,13095513,3460,1535676,56704,18800208
1790129878563205871,14701261,13095786,3460,1536125,56715,18800208
1790129878681892331,14702003,13096015,3460,1536633,56725,18800208
1790129878798048250,14702724,13096278,3460,1537084,56735,18800208
1790129878915183367,14703455,13096528,3460,1537476,56826,18800208
1790129879030155948,14704180,13096787,3460,1537922,56841,18800208
1790129879144214248,14704905,13097035,3460,1538379,56850,18800208
1790129879260604709,14705654,13097278,3460,1538862,56859,18800208
1790129879384683884,14706444,13097524,3460,1539378,56868,18800208
1790129879501680647,14707181,13097798,3460,1539825,56879,18800208
1790129879619084183,14707927,13098055,3460,1540286,56895,18800208
1790129879737689097,14708669,13098331,3460,1540739,56908,18800208
1790129879851767309,14709397,13098575,3460,1541191,56924,18800208
1790129879966549159,14710116,13098794,3460,1541686,56937,18800208
1790129880083256890,14710842,13099062,3460,1542126,56956,18800208
1790129880200573416,14711587,13099324,3460,1542585,56968,18800208
1790129880317865002,14712354,13099584,3460,1543048,56980,18800208
1790129880434837796,14713086,13099845,3460,1543505,56992,18800208
1790129880547969340,14713794,13100116,3460,1543930,57005,18800208
1790129880665264681,14714538,13100337,3460,1544435,57015,18800208
1790129880781135860,14715276,13100581,3460,1544902,57031,18800208
1790129880897690738,14716005,13100845,3460,1545356,57043,18800208
1790129881014011591,14716717,13101108,3460,1545805,57055,18800208
1790129881129645975,14717430,13101368,3460,1546257,57068,18800208
1790129881247241377,14718159,13101633,3460,1546713,57080,18800208
1790129881361566631,14718888,13101869,3460,1547186,57091,18800208
1790129881479334099,14719621,13102117,3460,1547666,57100,18800208
1790129881597093190,14720359,13102380,3460,1548124,57115,18800208
1790129881714311296,14721099,13102644,3460,1548507,57202,18800208
1790129881829168649,14721820,13102893,3460,1548965,57216,18800208
1790129881945382203,14722555,13103149,3460,1549423,57229,18800208
1790129882059926196,14723278,13103368,3460,1549911,57239,18800208
1790129882176114030,14723997,13103637,3460,1550356,57253,18800208
1790129882292573724,14724734,13103904,3460,1550804,57266,18800208
1790129882406763091,14725446,13104156,3460,1551253,57279,18800208
1790129882520098942,14726166,13104426,3460,1551680,57292,18800208
1790129882636631467,14726885,13104675,3460,1552149,57304,18800208
1790129882756377152,14727630,13104931,3460,1552638,57313,18800208
1790129882873982784,14728362,13105192,3460,1553096,57327,18800208
1790129882988514191,14729081,13105437,3460,1553554,57341,18800208
1790129883103149369,14729818,13105696,3460,1553998,57357,18800208
1790129883219449620,14730541,13105964,3460,1554443,57369,18800208
1790129883336837183,14731287,13106187,3460,1554947,57379,18800208
1790129883450532640,14731998,13106430,3460,1555406,57392,18800208
1790129883566041063,14732732,13106675,3460,1555862,57407,18800208
1790129883681899440,14733487,13106919,3460,1556328,57425,18800208
1790129883797221281,14734207,13107178,3460,1556775,57443,18800208
1790129883914475340,14734937,13107437,3460,1557235,57455,18800208
1790129884032518015,14735682,13107736,3460,1557662,57467,18801872
1790129884145122719,14736400,13108435,3460,1557666,57474,18834256
1790129884260869141,14737143,13108644,3460,1558190,57475,18834256
1790129884378870597,14737895,13108776,3460,1558808,57476,18834256
1790129884493393515,14738625,13108797,3460,1559521,57476,18834256
1790129884607823943,14739365,13108877,3460,1560166,57476,18834256
1790129884725929313,14740121,13109016,3460,1560778,57476,18834256
1790129884839997903,14740849,13109043,3460,1561478,57476,18834256
1790129884958024714,14741608,13109129,3460,1562146,57476,18834256
1790129885071940056,14742340,13109248,3460,1562751,57476,18834256
1790129885186185987,14743064,13109286,3460,1563439,57477,18834256
1790129885302274606,14743799,13109439,3460,1564022,57478,18834256
1790129885420401832,14744550,13109578,3460,1564639,57478,18834256
1790129885534849990,14745281,13109659,3460,1565284,57479,18834256
1790129885650894922,14746028,13109816,3460,1565866,57479,18834256
1790129885768952833,14746783,13109924,3460,1566508,57479,18834256
1790129885883097705,14747519,13109998,3460,1567163,57479,18834256
1790129886000386880,14748261,13110108,3460,1567801,57479,18834256
1790129886118323194,14749020,13110216,3460,1568445,57479,18834256
1790129886232540380,14749753,13110304,3460,1569082,57480,18834256
1790129886350544355,14750508,13110399,3460,1569738,57480,18834256
1790129886468385566,14751261,13110476,3460,1570412,57480,18834256
1790129886582765226,14752003,13110559,3460,1571054,57480,18834256
1790129886700758267,14752756,13110654,3460,1571710,57482,18834256
1790129886816865943,14753500,13110742,3460,1572361,57482,18834256
1790129886938708204,14754281,13110820,3460,1573059,57482,18834256
1790129887056877060,14755038,13110942,3460,1573688,57482,18834256
1790129887171309861,14755767,13110963,3460,1574399,57482,18834256
1790129887287340227,14756505,13111044,3460,1575054,57483,18834256
1790129887405510600,14757263,13111192,3460,1575657,57483,18834256
1790129887519940706,14757994,13111231,3460,1576345,57483,18834256
1790129887637688058,14758744,13111346,3460,1576980,57484,18834256
1790129887755722169,14759503,13111449,3460,1577628,57484,18834256
1790129887874218019,14760255,13111619,3460,1578207,57485,18834256
1790129887992341900,14761012,13111755,3460,1578827,57485,18834256
1790129888110247111,14761767,13111902,3460,1579424,57485,18834256
1790129888228383241,14762520,13112018,3460,1580064,57487,18834256
1790129888346250540,14763274,13112154,3460,1580674,57487,18834256
1790129888460619099,14764009,13112264,3460,1581295,57487,18834256
1790129888578728882,14764771,13112333,3460,1581978,57487,18834256
1790129888695090011,14765505,13112504,3460,1582544,57487,18834256
1790129888806716930,14766223,13112613,3460,1583148,57487,18834256
1790129888924721479,14766977,13112688,3460,1583825,57487,18834256
1790129889040853903,14767712,13112862,3460,1584387,57489,18834256
1790129889158851726,14768464,13112989,3460,1585010,57489,18834256
1790129889273371683,14769194,13113010,3460,1585723,57489,18834256
1790129889391749527,14769949,13113119,3460,1586364,57490,18834256
1790129889507602763,14770688,13113267,3460,1586953,57490,18834256
1790129889625647784,14771442,13113436,3460,1587534,57490,18834256
1790129889743947401,14772199,13113551,3460,1588171,57490,18834256
1790129889858493163,14772927,13113717,3460,1588734,57492,18834256
1790129889976255439,14773683,13113841,3460,1589354,57492,18834256
1790129890094303893,14774431,13113962,3460,1589990,57493,18834256
1790129890208304734,14775162,13114067,3460,1590610,57493,18834256
1790129890326035156,14775921,13114219,3460,1591205,57493,18834256
1790129890444238777,14776684,13114411,3460,1591763,57493,18834256
1790129890561868569,14777435,13114541,3460,1592384,57494,18834256
1790129890677994812,14778185,13114681,3460,1592981,57494,18834256
1790129890805956231,14779001,13114858,3460,1593618,57494,18834256
1790129890924110390,14779758,13114986,3460,1594240,57495,18834256
1790129891039583751,14780495,13115015,3460,1594951,57495,18834256
1790129891157076239,14781248,13115108,3460,1595601,57496,18834256
1790129891273161494,14781990,13115249,3460,1596198,57496,18834256
1790129891391150232,14782740,13115422,3460,1596774,57497,18834256
1790129891509221459,14783492,13115546,3460,1597405,57497,18834256
1790129891625954603,14784242,13115690,3460,1597999,57499,18834256
1790129891743521423,14784992,13115801,3460,1598638,57500,18834256
1790129891861372282,14785751,13115881,3460,1599310,57500,18834256
1790129891975623629,14786481,13115962,3460,1599954,57501,18834256
1790129892094164664,14787236,13116038,3460,1600629,57501,18834256
1790129892211112528,14787986,13116222,3460,1601191,57501,18834256
1790129892324706030,14788723,13116335,3460,1601801,57502,18834256
1790129892442859533,14789475,13116415,3460,1602471,57503,18834256
1790129892559464113,14790214,13116546,3460,1603083,57503,18834256
1790129892677371908,14790968,13116669,3460,1603711,57503,18834256
1790129892791767574,14791708,13116696,3460,1604412,57503,18834256
1790129892909769882,14792459,13116794,3460,1605063,57505,18834256
1790129893024073674,14793189,13116904,3460,1605678,57505,18834256
1790129893142130458,14793939,13117076,3460,1606256,57505,18834256
1790129893260279729,14794697,13117206,3460,1606883,57505,18834256
1790129893378206463,14795457,13117376,3460,1607458,57505,18834256
1790129893495710025,14796204,13117465,3460,1608119,57505,18834256
1790129893613603211,14796958,13117542,3460,1608794,57505,18834256
1790129893727981867,14797691,13117618,3460,1609444,57506,18834256
1790129893846281097,14798447,13117700,3460,1610114,57506,18834256
1790129893963167020,14799187,13117887,3460,1610669,57507,18834256
1790129894079519784,14799931,13118004,3460,1611295,57507,18834256
1790129894197579725,14800683,13118111,3460,1611940,57508,18834256
1790129894315623388,14801426,13118278,3460,1612521,57509,18834256
1790129894433623569,14802181,13118407,3460,1613143,57509,18834256
1790129894548151816,14802917,13118437,3460,1613841,57509,18834256
1790129894666402693,14803671,13118523,3460,1614510,57509,18834256
1790129894782248646,14804413,13118640,3460,1615126,57510,18834256
1790129894900361241,14805171,13118822,3460,1615700,57510,18834256
1790129895018372252,14805925,13118954,3460,1616319,57511,18834256
1790129895136826180,14806681,13119109,3460,1616913,57511,18834256
1790129895255352386,14807434,13119200,3460,1617581,57511,18834256
1790129895373341269,14808195,13119276,3460,1618257,57511,18834256
1790129895487702336,14808924,13119351,3460,1618907,57511,18834256
1790129895605724888,14809678,13119424,3460,1619584,57511,18834256
1790129895723185824,14810424,13119569,3460,1620187,57512,18834256
1790129895841596418,14811175,13119678,3460,1620808,57535,18834256
1790129895959574625,14811929,13119752,3460,1621444,57577,18834256
1790129896072070838,14812647,13119895,3460,1621978,57613,18834256
1790129896190162792,14813407,13120010,3460,1622573,57654,18834256
1790129896304764580,14814143,13120031,3460,1623286,57654,18834256
1790129896423404404,14814895,13120137,3460,1623897,57693,18834256
1790129896541249562,14815647,13120259,3460,1624486,57728,18834256
1790129896659253291,14816394,13120402,3460,1625054,57767,18834256
1790129896777765302,14817154,13120480,3460,1625693,57808,18834256
1790129896897409663,14817911,13120623,3460,1626266,57854,18834256
1790129897015412136,14818660,13120728,3460,1626866,57899,18834256
1790129897133557934,14819418,13120808,3460,1627532,57906,18834256
1790129897247720650,14820149,13120883,3460,1628178,57907,18834256
1790129897364753817,14820895,13120993,3460,1628814,57907,18834256
1790129897482847633,14821647,13121147,3460,1629410,57907,18834256
1790129897601044594,14822398,13121240,3460,1630069,57908,18834256
1790129897715075062,14823129,13121361,3460,1630672,57908,18834256
1790129897833259729,14823883,13121543,3460,1631239,57909,18834256
1790129897951301029,14824645,13121672,3460,1631862,57909,18834256
1790129898066003739,14825381,13121693,3460,1632574,57909,18834256
1790129898180382183,14826103,13121782,3460,1633215,57910,18834256
1790129898298303125,14826856,13121902,3460,1633847,57910,18834256
1790129898416488980,14827616,13122060,3460,1634438,57910,18834256
1790129898533190019,14828361,13122177,3460,1635060,57910,18834256
1790129898651197551,14829116,13122355,3460,1635633,57910,18834256
1790129898766257243,14829864,13122491,3460,1636228,57911,18834256
1790129898884506839,14830619,13122598,3460,1636877,57912,18834256
1790129898998854279,14831360,13122665,3460,1637535,57912,18834256
1790129899115968722,14832113,13122777,3460,1638167,57913,18834256
1790129899234142386,14832868,13122893,3460,1638806,57913,18834256
1790129899349179793,14833600,13123015,3460,1639411,57914,18834256
1790129899466361227,14834345,13123136,3460,1640040,57914,18834256
1790129899584607863,14835099,13123267,3460,1640657,57916,18834256
1790129899702491357,14835850,13123407,3460,1641269,57916,18834256
1790129899817287422,14836586,13123451,3460,1641952,57916,18834256
1790129899931995832,14837323,13123533,3460,1642601,57916,18834256
1790129900049980357,14838085,13123654,3460,1643230,57917,18834256
1790129900168070594,14838837,13123811,3460,1643824,57918,18834256
1790129900286098126,14839593,13123889,3460,1644495,57918,18834256
1790129900403274030,14840338,13124039,3460,1645091,57919,18834256
1790129900520727327,14841083,13124146,3460,1645732,57919,18834256
1790129900638637741,14841832,13124224,3460,1646406,57919,18834256
1790129900753361353,14842567,13124292,3460,1647069,57920,18834256
1790129900872081340,14843328,13124387,3460,1647725,57920,18834256
1790129900990063536,14844078,13124517,3460,1648345,57920,18834256
1790129901104730911,14844810,13124647,3460,1648947,57920,18834256
1790129901223175244,14845567,13124721,3460,1649623,57921,18834256
1790129901341273863,14846326,13124867,3460,1650226,57922,18834256
1790129901459270785,14847082,13125000,3460,1650843,57922,18834256
1790129901573621197,14847812,13125022,3460,1651554,57922,18834256
1790129901691762574,14848573,13125109,3460,1652217,57923,18834256
1790129901808031578,14849315,13125247,3460,1652816,57923,18834256
1790129901927862003,14850073,13125381,3460,1653445,57923,18834256
1790129902048876775,14850849,13125521,3460,1654076,57923,18834256
1790129902166725338,14851607,13125630,3460,1654717,57923,18834256
1790129902284748251,14852362,13125719,3460,1655380,57923,18834256
1790129902402975319,14853112,13125788,3460,1656063,57924,18834256
1790129902517214625,14853843,13125882,3460,1656693,57924,18834256
1790129902635234041,14854595,13125996,3460,1657333,57924,18834256
1790129902749762847,14855323,13126127,3460,1657931,57925,18834256
1790129902867412947,14856066,13126241,3460,1658566,57926,18834256
1790129902985460261,14856816,13126369,3460,1659189,57926,18834256
1790129903102718504,14857565,13126485,3460,1659817,57928,18834256
1790129903220898423,14858327,13126613,3460,1660439,57928,18834256
1790129903334853998,14859054,13126639,3460,1661139,57928,18834256
1790129903447839923,14859781,13126762,3460,1661735,57929,18834256
1790129903565898602,14860531,13126856,3460,1662391,57930,18834256
1790129903684071909,14861288,13126999,3460,1662997,57930,18834256
1790129903802128222,14862047,13127126,3460,1663621,57930,18834256
1790129903920199452,14862803,13127248,3460,1664248,57931,18834256
1790129904038087909,14863556,13127332,3460,1664918,57931,18834256
1790129904151235847,14864280,13127395,3460,1665573,57931,18834256
1790129904265710700,14865006,13127499,3460,1666199,57933,18834256
1790129904383658598,14865757,13127659,3460,1666791,57933,18834256
1790129904501718489,14866506,13127799,3460,1667401,57934,18834256
1790129904619357420,14867257,13127891,3460,1668060,57934,18834256
1790129904737324208,14868007,13128013,3460,1668687,57934,18834256
1790129904853097050,14868745,13128143,3460,1669287,57935,18834256
1790129904971137496,14869502,13128223,3460,1669959,57936,18834256
1790129905085136135,14870222,13128289,3460,1670619,57936,18834256
1790129905202176551,14870966,13128447,3460,1671204,57936,18834256
1790129905320072899,14871718,13128560,3460,1671843,57936,18834256
1790129905434413706,14872440,13128647,3460,1672486,57938,18834256
1790129905552088871,14873193,13128743,3460,1673134,57938,18834256
1790129905670105573,14873946,13128859,3460,1673770,57938,18834256
1790129905784547138,14874676,13128945,3460,1674415,57939,18834256
1790129905901548150,14875424,13129079,3460,1675024,57940,18834256
1790129906019730537,14876184,13129162,3460,1675693,57940,18834256
1790129906134020698,14876904,13129255,3460,1676322,57943,18834256
1790129906251963468,14877657,13129352,3460,1676979,57943,18834256
1790129906367683787,14878401,13129444,3460,1677624,57944,18834256
1790129906482161244,14879126,13129535,3460,1678257,57945,18834256
1790129906600178484,14879880,13129664,3460,1678878,57946,18834256
1790129906715049677,14880616,13129686,3460,1679591,57946,18834256
1790129906829403507,14881337,13129799,3460,1680207,57946,18834256
1790129906947485096,14882094,13129949,3460,1680809,57946,18834256
1790129907061560480,14882824,13130005,3460,1681481,57946,18834256
1790129907179683591,14883575,13130127,3460,1682108,57948,18834256
1790129907294734263,14884314,13130267,3460,1682700,57948,18834256
1790129907409104069,14885042,13130307,3460,1683386,57948,18834256
1790129907525279567,14885775,13130431,3460,1683998,57949,18834256
1790129907643399358,14886526,13130540,3460,1684647,57949,18834256
1790129907758227577,14887260,13130584,3460,1685331,57949,18834256
1790129907875099234,14888007,13130700,3460,1685956,57949,18834256
1790129907992998803,14888763,13130800,3460,1686608,57949,18834256
1790129908107397821,14889492,13130884,3460,1687255,57949,18834256
1790129908225965897,14890241,13131142,3460,1687730,57963,18834256
1790129908343360966,14890968,13131397,3460,1688193,57978,18834256
1790129908459874890,14891691,13131657,3460,1688642,57995,18834256
1790129908574967314,14892416,13131829,3460,1688883,58307,18834256
1790129908690307824,14893148,13132084,3460,1689298,58365,18834256
1790129908804442221,14893857,13132345,3460,1689740,58377,18834256
1790129908919569822,14894589,13132581,3460,1690214,58386,18834256
1790129909036232400,14895351,13132847,3460,1690667,58399,18834256
1790129909151458180,14896076,13133095,3460,1691125,58412,18834256
1790129909268450790,14896810,13133354,3460,1691584,58428,18834256
1790129909384667367,14897542,13133604,3460,1692045,58441,18834256
1790129909501037266,14898269,13133860,3460,1692504,58453,18834256
1790129909613894150,14898967,13134096,3460,1692968,58467,18834256
1790129909729446327,14899699,13134351,3460,1693423,58479,18834256
1790129909846727509,14900430,13134599,3460,1693888,58497,18834256
1790129909961865221,14901147,13134869,3460,1694328,58509,18834256
1790129910077924171,14901879,13135141,3460,1694768,58525,18834256
1790129910194503996,14902609,13135401,3460,1695224,58535,18834256
1790129910309137269,14903342,13135620,3460,1695717,58544,18834256
1790129910427265522,14904094,13135868,3460,1696200,58554,18834256
1790129910542228742,14904824,13136132,3460,1696640,58569,18834256
1790129910657854716,14905565,13136407,3460,1697016,58642,18834256
1790129910773678617,14906283,13136671,3460,1697468,58652,18834256
1790129910887203411,14907015,13136924,3460,1697915,58665,18834256
1790129911002458150,14907741,13137147,3460,1698402,58678,18834256
1790129911120331575,14908490,13137436,3460,1698843,58694,18834256
1790129911235901488,14909219,13137688,3460,1699289,58711,18834256
1790129911350939979,14909960,13137934,3460,1699739,58734,18834256
1790129911467518271,14910682,13138189,3460,1700198,58748,18834256
1790129911582805342,14911424,13138417,3460,1700681,58759,18834256
1790129911699460160,14912181,13138645,3460,1701172,58771,18834256
1790129911815159506,14912908,13138906,3460,1701625,58783,18834256
1790129911930273058,14913633,13139206,3460,1702032,58795,18834256
1790129912047338033,14914352,13139463,3460,1702494,58809,18834256
1790129912162680816,14915072,13139720,3460,1702948,58819,18834256
1790129912277842735,14915799,13139933,3460,1703451,58830,18834256
1790129912392047952,14916517,13140184,3460,1703898,58844,18834256
1790129912508325389,14917258,13140433,3460,1704365,58857,18834256
1790129912624125558,14917992,13140696,3460,1704811,58870,18834256
1790129912739831824,14918746,13140972,3460,1705249,58880,18834256
1790129912855684187,14919461,13141232,3460,1705706,58893,18834256
1790129912971307857,14920180,13141477,3460,1706170,58903,18834256
1790129913085388347,14920888,13141737,3460,1706613,58915,18834256
1790129913201118814,14921615,13142010,3460,1707051,58928,18834256
1790129913316761636,14922331,13142262,3460,1707512,58941,18834256
1790129913432387980,14923081,13142498,3460,1707913,59029,18834256
1790129913548419686,14923799,13142746,3460,1708377,59042,18834256
1790129913665236883,14924546,13142986,3460,1708864,59051,18834256
1790129913782595763,14925277,13143243,3460,1709325,59066,18834256
1790129913896755297,14925986,13143499,3460,1709770,59079,18834256
1790129914013363572,14926726,13143758,3460,1710222,59096,18834256
1790129914130335141,14927464,13144012,3460,1710690,59108,18834256
1790129914244119893,14928155,13144307,3460,1711097,59119,18834256
1790129914362162973,14928897,13144538,3460,1711599,59126,18834256
1790129914480397841,14929649,13144804,3460,1712064,59138,18834256
1790129914596303515,14930381,13145062,3460,1712516,59152,18834256
1790129914712499153,14931117,13145316,3460,1712973,59166,18834256
1790129914828473268,14931840,13145570,3460,1713428,59183,18834256
1790129914944668690,14932571,13145806,3460,1713908,59196,18834256
1790129915060740469,14933310,13146045,3460,1714386,59204,18834256
1790129915179288429,14934063,13146307,3460,1714853,59217,18834256
1790129915295355256,14934815,13146569,3460,1715307,59230,18834256
1790129915411513164,14935561,13146825,3460,1715691,59318,18834256
1790129915528313858,14936302,13147087,3460,1716144,59334,18834256
1790129915645392243,14937031,13147340,3460,1716611,59349,18834256
1790129915761625423,14937790,13147560,3460,1717106,59360,18834256
1790129915879225861,14938550,13147824,3460,1717559,59380,18834256
1790129915993877105,14939278,13148066,3460,1718021,59393,18834256
1790129916107747873,14939996,13148317,3460,1718467,59410,18834256
1790129916223781760,14940701,13148577,3460,1718917,59426,18834256
1790129916340931703,14941432,13148843,3460,1719367,59442,18834256
1790129916456059572,14942157,13149073,3460,1719852,59452,18834256
1790129916570844539,14942898,13149324,3460,1720302,59467,18834256
1790129916688476281,14943639,13149599,3460,1720749,59483,18834256
1790129916805392443,14944373,13149853,3460,1721217,59492,18834256
1790129916919606959,14945098,13150115,3460,1721659,59506,18834256
1790129917035379343,14945809,13150368,3460,1722117,59520,18834256
1790129917153932097,14946548,13150629,3460,1722587,59532,18834256
1790129917270948643,14947294,13150885,3460,1723042,59552,18834256
1790129917386639330,14948022,13151143,3460,1723492,59566,18834256
1790129917503824199,14948739,13151395,3460,1723957,59582,18834256
1790129917620693110,14949487,13151647,3460,1724424,59594,18834256
1790129917737233364,14950220,13151899,3460,1724897,59602,18834256
1790129917854202376,14950961,13152149,3460,1725366,59613,18834256
1790129917970314461,14951674,13152400,3460,1725830,59625,18834256
1790129918086656242,14952415,13152666,3460,1726277,59639,18834256
1790129918203288329,14953140,13152911,3460,1726684,59720,18834256
1790129918318867317,14953863,13153160,3460,1727151,59729,18834256
1790129918435962689,14954607,13153382,3460,1727654,59736,18834256
1790129918551098346,14955335,13153649,3460,1728093,59750,18834256
1790129918667345527,14956059,13153895,3460,1728565,59760,18834256
1790129918783386510,14956797,13154150,3460,1729014,59781,18834256
1790129918899260068,14957531,13154419,3460,1729460,59792,18834256
1790129919014976852,14958266,13154665,3460,1729926,59802,18834256
1790129919130245724,14958994,13154882,3460,1730429,59811,18834256
1790129919247696585,14959727,13155168,3460,1730859,59826,18834256
1790129919363721164,14960469,13155416,3460,1731324,59839,18834256
1790129919479725197,14961206,13155672,3460,1731781,59850,18834256
1790129919595211365,14961927,13155922,3460,1732239,59867,18834256
1790129919707835074,14962619,13156154,3460,1732703,59878,18834256
1790129919823753889,14963342,13156378,3460,1733191,59888,18834256
1790129919942436035,14964069,13156629,3460,1733669,59904,18834256
1790129920058484597,14964786,13156882,3460,1734124,59920,18834256
1790129920173987240,14965521,13157126,3460,1734513,60008,18834256
1790129920287524730,14966232,13157379,3460,1734961,60020,18834256
1790129920404662500,14966986,13157625,3460,1735442,60032,18834256
1790129920521253142,14967698,13157848,3460,1735939,60041,18834256
1790129920639554198,14968445,13158110,3460,1736402,60054,18834256
1790129920756127563,14969163,13158389,3460,1736837,60069,18834256
1790129920872040485,14969890,13158653,3460,1737286,60080,18834256
1790129920987884745,14970608,13158901,3460,1737755,60092,18834256
1790129921103612742,14971336,13159137,3460,1738237,60103,18834256
1790129921226715867,14972129,13159377,3460,1738751,60115,18834256
1790129921344451637,14972857,13159655,3460,1739192,60133,18834256
1790129921461454115,14973594,13159918,3460,1739649,60145,18834256
1790129921574708362,14974322,13160172,3460,1740090,60157,18834256
1790129921689352435,14975053,13160414,3460,1740558,60166,18834256
1790129921803317171,14975781,13160662,3460,1741014,60178,18834256
1790129921918815129,14976513,13160914,3460,1741469,60194,18834256
1790129922034952772,14977222,13161190,3460,1741910,60207,18834256
1790129922152817276,14977946,13161453,3460,1742371,60216,18834256
1790129922268329179,14978660,13161714,3460,1742816,60232,18834256
1790129922383927053,14979398,13161983,3460,1743262,60244,18834256
1790129922498445078,14980115,13162221,3460,1743727,60257,18834256
1790129922616132750,14980855,13162483,3460,1744189,60269,18834256
1790129922731656282,14981594,13162736,3460,1744647,60284,18834256
1790129922846522764,14982321,13162989,3460,1745097,60298,18834256
1790129922960236517,14983032,13163221,3460,1745485,60392,18834256
1790129923074983399,14983749,13163461,3460,1745950,60407,18834256
1790129923189062826,14984473,13163696,3460,1746420,60421,18834256
1790129923305857554,14985218,13163956,3460,1746869,60440,18834256
1790129923421485476,14985940,13164215,3460,1747316,60456,18834256
1790129923537390853,14986664,13164470,3460,1747775,60467,18834256
1790129923653671946,14987396,13164739,3460,1748221,60480,18834256
1790129923769997071,14988141,13164974,3460,1748701,60492,18834256
1790129923885072686,14988867,13165205,3460,1749177,60508,18834256
1790129924003326764,14989590,13165483,3460,1749620,60527,18834256
1790129924119167174,14990323,13165734,3460,1750080,60542,18834256
1790129924234869168,14991060,13165992,3460,1750526,60559,18834256
1790129924349534992,14991794,13166258,3460,1750967,60572,18834256
1790129924466734989,14992533,13166500,3460,1751451,60584,18834256
1790129924581513136,14993264,13166722,3460,1751940,60594,18834256
1790129924698877359,14994006,13166976,3460,1752403,60607,18834256
1790129924814772732,14994742,13167274,3460,1752820,60619,18834256
1790129924929682816,14995469,13167512,3460,1753241,60678,18834256
1790129925044600259,14996190,13167772,3460,1753667,60713,18834256
1790129925159092317,14996887,13168007,3460,1754133,60726,18834256
1790129925273195341,14997599,13168231,3460,1754618,60737,18834256
1790129925390756628,14998349,13168503,3460,1755066,60752,18834256
1790129925506921525,14999062,13168752,3460,1755527,60767,18834256
1790129925622897845,14999788,13169009,3460,1755985,60780,18834256
1790129925738811148,15000504,13169267,3460,1756437,60792,18834256
1790129925855350066,15001254,13169555,3460,1756864,60807,18834256
1790129925971669515,15001981,13169829,3460,1757313,60817,18834256
1790129926089249971,15002727,13170082,3460,1757777,60834,18834256
1790129926205494694,15003457,13170353,3460,1758218,60849,18834256
1790129926322006222,15004189,13170599,3460,1758685,60862,18834256
1790129926439212003,15004917,13170867,3460,1759139,60874,18834256
1790129926555960750,15005679,13171085,3460,1759640,60886,18834256
1790129926671098110,15006396,13171344,3460,1760091,60903,18834256
1790129926787952873,15007141,13171593,3460,1760547,60926,18834256
1790129926904833522,15007884,13171842,3460,1761013,60938,18834256
1790129927019995948,15008602,13172104,3460,1761457,60955,18834256
1790129927136709862,15009339,13172365,3460,1761912,60967,18834256
1790129927252577069,15010076,13172661,3460,1762339,60976,18834256
1790129927369977028,15010823,13172902,3460,1762818,60989,18834256
1790129927486533289,15011544,13173148,3460,1763287,61003,18834256
1790129927603615322,15012278,13173410,3460,1763744,61017,18834256
1790129927719561357,15013012,13173644,3460,1764150,61103,18834256
1790129927835702813,15013741,13173903,3460,1764606,61115,18834256
1790129927952186642,15014489,13174189,3460,1765043,61122,18834256
1790129928069986218,15015227,13174439,3460,1765518,61137,18834256
1790129928185176206,15015960,13174691,3460,1765972,61149,18834256
1790129928300285915,15016668,13174953,3460,1766422,61159,18834256
1790129928416598413,15017410,13175220,3460,1766868,61171,18834256
1790129928531302204,15018127,13175488,3460,1767311,61179,18834256
1790129928649307248,15018848,13175746,3460,1767785,61191,18834256
1790129928767441979,15019586,13176041,3460,1768214,61204,18834256
1790129928885083292,15020331,13176308,3460,1768665,61221,18834256
1790129929003228366,15021051,13176582,3460,1769115,61236,18834256
1790129929120307118,15021793,13176840,3460,1769576,61251,18834256
1790129929236347053,15022522,13177108,3460,1770021,61265,18834256
1790129929352354183,15023237,13177357,3460,1770489,61278,18834256
1790129929468841595,15023970,13177628,3460,1770931,61292,18834256
1790129929583725076,15024685,13177879,3460,1771387,61305,18834256
1790129929698761016,15025405,13178156,3460,1771816,61318,18834256
1790129929811924667,15026129,13178525,3460,1772148,61327,18834256
1790129929925327372,15026831,13178763,3460,1772612,61338,18834256
1790129930042426968,15027580,13179000,3460,1773096,61350,18834256
1790129930160302588,15028317,13179257,3460,1773561,61364,18834256
1790129930276443109,15029042,13179512,3460,1774017,61378,18834256
1790129930392941286,15029792,13179784,3460,1774463,61391,18834256
1790129930511449655,15030522,13180014,3460,1774893,61471,18834256
1790129930626147869,15031241,13180262,3460,1775350,61484,18834256
1790129930741544550,15031962,13180509,3460,1775819,61493,18834256
1790129930859684587,15032705,13180764,3460,1776289,61506,18834256
1790129930974001981,15033440,13181033,3460,1776723,61518,18834256
1790129931087758936,15034147,13181287,3460,1777167,61531,18834256
1790129931202881128,15034873,13181540,3460,1777625,61540,18834256
1790129931319911360,15035609,13181795,3460,1778089,61553,18834256
1790129931434539360,15036318,13182011,3460,1778582,61563,18834256
1790129931551424118,15037054,13182255,3460,1779060,61574,18834256
1790129931667954535,15037793,13182510,3460,1779517,61589,18834256
1790129931784195441,15038531,13182765,3460,1779974,61605,18834256
1790129931900432735,15039278,13183013,3460,1780438,61618,18834256
1790129932017284254,15040017,13183245,3460,1780933,61625,18834256
1790129932133806388,15040761,13183522,3460,1781375,61635,18834256
1790129932248024612,15041471,13183803,3460,1781796,61648,18834256
1790129932363180586,15042183,13184067,3460,1782241,61659,18834256
1790129932476711971,15042875,13184293,3460,1782645,61742,18834256
1790129932589898351,15043575,13184537,3460,1783097,61755,18834256
1790129932705137880,15044308,13184777,3460,1783564,61770,18834256
1790129932819924135,15045036,13185028,3460,1784023,61783,18834256
1790129932935462089,15045756,13185281,3460,1784478,61796,18834256
1790129933051673843,15046486,13185535,3460,1784934,61811,18834256
1790129933166413595,15047200,13185799,3460,1785379,61823,18834256
1790129933282250723,15047919,13186054,3460,1785834,61838,18834256
1790129933397972380,15048655,13186320,3460,1786284,61851,18834256
1790129933514721807,15049396,13186578,3460,1786744,61864,18834256
1790129933630309667,15050119,13186856,3460,1787174,61876,18834256
1790129933747040153,15050862,13187169,3460,1787579,61889,18834256
1790129933863347158,15051599,13187419,3460,1788040,61905,18834256
1790129933979630952,15052329,13187666,3460,1788509,61919,18834256
1790129934094922486,15053056,13187875,3460,1789012,61927,18834256
1790129934210200196,15053788,13188143,3460,1789453,61941,18834256
1790129934326557117,15054504,13188386,3460,1789923,61955,18834256
1790129934442276521,15055250,13188629,3460,1790384,61975,18834256
1790129934557082266,15055972,13188870,3460,1790778,62059,18834256
1790129934671043308,15056679,13189127,3460,1791220,62073,18834256
1790129934785972778,15057401,13189388,3460,1791678,62081,18834256
1790129934904298752,15058150,13189641,3460,1792149,62094,18834256
1790129935020079313,15058867,13189888,3460,1792615,62104,18834256
1790129935135769254,15059592,13190136,3460,1793076,62121,18834256
1790129935250739331,15060306,13190413,3460,1793503,62136,18834256
1790129935365615445,15061034,13190682,3460,1793940,62150,18834256
1790129935482763143,15061725,13190921,3460,1794428,62163,18834256
1790129935600268167,15062472,13191186,3460,1794887,62175,18834256
1790129935717474343,15063234,13191438,3460,1795349,62193,18834256
1790129935833576183,15063955,13191697,3460,1795795,62211,18834256
1790129935947891345,15064673,13191939,3460,1796254,62223,18834256
1790129936062907711,15065384,13192188,3460,1796717,62235,18834256
1790129936178400292,15066114,13192430,3460,1797185,62248,18834256
1790129936294754703,15066849,13192698,3460,1797632,62264,18834256
1790129936410077662,15067580,13192960,3460,1798079,62276,18834256
1790129936525500116,15068297,13193215,3460,1798532,62290,18834256
1790129936641443873,15069038,13193460,3460,1798995,62306,18834256
1790129936759402278,15069776,13193735,3460,1799445,62320,18834256
1790129936874252096,15070462,13193961,3460,1799927,62333,18834256
1790129936993566228,15071213,13194234,3460,1800387,62347,18834256
1790129937110090263,15071922,13194509,3460,1800827,62360,18834256
1790129937225973237,15072643,13194776,3460,1801245,62403,18834256
1790129937341973845,15073379,13195030,3460,1801665,62453,18834256
1790129937456933319,15074102,13195257,3460,1802149,62462,18834256
1790129937576454965,15074857,13195481,3460,1802664,62474,18834256
1790129937692389924,15075585,13195766,3460,1803091,62490,18834256
1790129937808738906,15076306,13196042,3460,1803526,62505,18834256
1790129937922369960,15077028,13196303,3460,1803964,62521,18834256
1790129938037293603,15077761,13196571,3460,1804399,62535,18834256
1790129938152391608,15078487,13196857,3460,1804823,62546,18834256
1790129938272962520,15079257,13197094,3460,1805327,62559,18834256
1790129938390329802,15079986,13197336,3460,1805807,62570,18834256
1790129938506190277,15080717,13197596,3460,1806262,62583,18834256
1790129938621135470,15081469,13197848,3460,1806712,62598,18834256
1790129938736462930,15082188,13198092,3460,1807174,62613,18834256
1790129938851310256,15082919,13198358,3460,1807620,62622,18834256
1790129938967251150,15083643,13198614,3460,1808079,62635,18834256
1790129939084581568,15084379,13198877,3460,1808526,62657,18834256
1790129939202767312,15085123,13199177,3460,1808951,62673,18834256
1790129939318482364,15085858,13199419,3460,1809414,62692,18834256
1790129939436077590,15086604,13199685,3460,1809869,62704,18834256
1790129939550913470,15087344,13199902,3460,1810368,62714,18834256
1790129939667484350,15088056,13200148,3460,1810836,62728,18834256
1790129939782195068,15088793,13200402,3460,1811274,62750,18834256
1790129939897727741,15089528,13200664,3460,1811726,62759,18834256
1790129940013590385,15090243,13200895,3460,1812135,62844,18834256
1790129940128731456,15090960,13201138,3460,1812598,62857,18834256
1790129940246111416,15091679,13201365,3460,1813106,62864,18834256
1790129940361005850,15092392,13201621,3460,1813552,62879,18834256
1790129940479341021,15093144,13201879,3460,1814021,62891,18834256
1790129940595959595,15093884,13202129,3460,1814491,62901,18834256
1790129940710386339,15094626,13202399,3460,1814924,62913,18834256
1790129940826991383,15095355,13202662,3460,1815378,62926,18834256
1790129940943168470,15096092,13202878,3460,1815882,62934,18834256
1790129941060765476,15096845,13203120,3460,1816359,62953,18834256
1790129941176219755,15097552,13203392,3460,1816800,62964,18834256
1790129941290685503,15098270,13203646,3460,1817251,62978,18834256
1790129941407361696,15098993,13203899,3460,1817709,62992,18834256
1790129941523997683,15099719,13204147,3460,1818178,63005,18834256
1790129941642493236,15100473,13204767,3460,1818294,63013,18864080
1790129941755874189,15101200,13205154,3460,1818621,63016,18870096
1790129941874857082,15101961,13205227,3460,1819304,63016,18870096
1790129941991262069,15102702,13205299,3460,1819971,63016,18870096
1790129942105830899,15103434,13205393,3460,1820607,63017,18870096
1790129942223868568,15104186,13205515,3460,1821236,63017,18870096
1790129942338358560,15104918,13205554,3460,1821928,63017,18870096
1790129942454117834,15105654,13205657,3460,1822559,63017,18870096
1790129942571924643,15106406,13205731,3460,1823237,63017,18870096
1790129942686171549,15107138,13205830,3460,1823863,63018,18870096
1790129942804195425,15107893,13205983,3460,1824465,63018,18870096
1790129942918062410,15108623,13206024,3460,1825147,63018,18870096
1790129943032849208,15109354,13206102,3460,1825800,63019,18870096
1790129943150389297,15110102,13206239,3460,1826408,63019,18870096
1790129943280313986,15110937,13206338,3460,1827140,63019,18870096
1790129943398061211,15111698,13206428,3460,1827796,63019,18870096
1790129943516143073,15112450,13206499,3460,1828477,63019,18870096
1790129943630710699,15113168,13206580,3460,1829126,63020,18870096
1790129943748665494,15113915,13206708,3460,1829748,63021,18870096
1790129943863231869,15114643,13206747,3460,1830436,63021,18870096
1790129943979341557,15115371,13206865,3460,1831061,63022,18870096
1790129944097846435,15116134,13206976,3460,1831701,63022,18870096
1790129944212317725,15116866,13207065,3460,1832343,63023,18870096
1790129944329956276,15117627,13207153,3460,1833000,63023,18870096
1790129944444339809,15118361,13207232,3460,1833653,63023,18870096
1790129944558674923,15119098,13207321,3460,1834289,63024,18870096
1790129944676685520,15119851,13207448,3460,1834913,63024,18870096
1790129944791712843,15120586,13207485,3460,1835610,63024,18870096
1790129944905459230,15121304,13207612,3460,1836207,63024,18870096
1790129945023751611,15122054,13207743,3460,1836826,63025,18870096
1790129945141159584,15122804,13207885,3460,1837428,63025,18870096
1790129945259185003,15123560,13208001,3460,1838066,63025,18870096
1790129945370996774,15124275,13208125,3460,1838652,63025,18870096
1790129945488087604,15125015,13208264,3460,1839257,63026,18870096
1790129945602634230,15125737,13208343,3460,1839910,63026,18870096
1790129945719355213,15126491,13208495,3460,1840502,63026,18870096
1790129945837523737,15127246,13208635,3460,1841113,63026,18870096
1790129945952174752,15127978,13208807,3460,1841665,63027,18870096
1790129946070359635,15128728,13208969,3460,1842258,63027,18870096
1790129946182859709,15129444,13209110,3460,1842834,63028,18870096
1790129946296875611,15130172,13209254,3460,1843413,63028,18870096
1790129946429945806,15131017,13209351,3460,1844161,63028,18870096
1790129946548543824,15131769,13209438,3460,1844831,63029,18870096
1790129946665825845,15132526,13209598,3460,1845413,63030,18870096
1790129946783245537,15133281,13209692,3460,1846064,63030,18870096
1790129946901048895,15134036,13209848,3460,1846659,63030,18870096
1790129947017728806,15134785,13209957,3460,1847293,63031,18870096
1790129947135668322,15135545,13210051,3460,1847951,63031,18870096
1790129947249986875,15136272,13210130,3460,1848596,63032,18870096
1790129947368213285,15137024,13210256,3460,1849221,63032,18870096
1790129947486086458,15137768,13210411,3460,1849817,63033,18870096
1790129947603717697,15138519,13210503,3460,1850475,63033,18870096
1790129947719090925,15139262,13210668,3460,1851040,63034,18870096
1790129947837579837,15140022,13210775,3460,1851690,63034,18870096
1790129947955300976,15140775,13210848,3460,1852369,63034,18870096
1790129948069653095,15141506,13210941,3460,1853000,63035,18870096
1790129948187572159,15142259,13211113,3460,1853578,63036,18870096
1790129948317304421,15143100,13211286,3460,1854231,63036,18870096
1790129948435320388,15143853,13211411,3460,1854857,63036,18870096
1790129948553388913,15144612,13211538,3460,1855480,63036,18870096
1790129948671539112,15145370,13211658,3460,1856111,63036,18870096
1790129948787007832,15146112,13211680,3460,1856822,63036,18870096
1790129948904583857,15146864,13211807,3460,1857443,63038,18870096
1790129949021648789,15147615,13211913,3460,1858083,63038,18870096
1790129949139662220,15148372,13212030,3460,1858715,63038,18870096
1790129949255740902,15149115,13212145,3460,1859339,63038,18870096
1790129949372887040,15149863,13212279,3460,1859948,63039,18870096
1790129949490611083,15150607,13212408,3460,1860570,63039,18870096
1790129949604979102,15151344,13212452,3460,1861253,63039,18870096
1790129949720419460,15152073,13212555,3460,1861887,63040,18870096
1790129949838266746,15152825,13212682,3460,1862504,63041,18870096
1790129949952964730,15153547,13212795,3460,1863122,63042,18870096
1790129950071130658,15154300,13212924,3460,1863747,63042,18870096
1790129950189466889,15155053,13213050,3460,1864372,63043,18870096
1790129950307579797,15155807,13213125,3460,1865049,63043,18870096
1790129950422011854,15156547,13213184,3460,1865716,63043,18870096
1790129950539015270,15157295,13213275,3460,1866369,63043,18870096
1790129950653826452,15158033,13213442,3460,1866934,63044,18870096
1790129950771218716,15158770,13213553,3460,1867564,63046,18870096
1790129950889263324,15159514,13213701,3460,1868168,63046,18870096
1790129951005934648,15160249,13213812,3460,1868798,63047,18870096
1790129951123877123,15161002,13213886,3460,1869476,63047,18870096
1790129951238544839,15161728,13213962,3460,1870129,63049,18870096
1790129951356537942,15162478,13214099,3460,1870743,63049,18870096
1790129951474655424,15163236,13214253,3460,1871339,63049,18870096
1790129951591712904,15163986,13214346,3460,1871991,63049,18870096
1790129951707867221,15164723,13214500,3460,1872573,63050,18870096
1790129951826018292,15165479,13214595,3460,1873229,63051,18870096
1790129951944237496,15166231,13214662,3460,1873914,63051,18870096
1790129952058572518,15166969,13214750,3460,1874556,63051,18870096
1790129952176514561,15167725,13214883,3460,1875173,63051,18870096
1790129952294437123,15168476,13215032,3460,1875774,63052,18870096
1790129952412436256,15169234,13215182,3460,1876375,63052,18870096
1790129952530899522,15170008,13215354,3460,1876953,63052,18870096
1790129952649107335,15170762,13215479,3460,1877579,63052,18870096
1790129952764031507,15171498,13215501,3460,1878291,63052,18870096
1790129952880251078,15172243,13215585,3460,1878947,63052,18870096
1790129952997485058,15172997,13215691,3460,1879587,63053,18870096
1790129953115348636,15173749,13215830,3460,1880199,63054,18870096
1790129953233510117,15174501,13215986,3460,1880793,63054,18870096
1790129953351885572,15175257,13216129,3460,1881399,63056,18870096
1790129953469857145,15176007,13216248,3460,1882030,63056,18870096
1790129953584061861,15176741,13216275,3460,1882731,63056,18870096
1790129953698478750,15177459,13216399,3460,1883335,63057,18870096
1790129953816404080,15178209,13216533,3460,1883951,63058,18870096
1790129953931870948,15178935,13216656,3460,1884560,63059,18870096
1790129954047064293,15179670,13216794,3460,1885154,63059,18870096
1790129954164227003,15180412,13216930,3460,1885761,63060,18870096
1790129954282399639,15181169,13217052,3460,1886396,63060,18870096
1790129954396736831,15181903,13217105,3460,1887068,63060,18870096
1790129954513076075,15182654,13217217,3460,1887695,63060,18870096
1790129954630859847,15183409,13217342,3460,1888320,63060,18870096
1790129954745339010,15184136,13217481,3460,1888912,63061,18870096
1790129954863140208,15184890,13217612,3460,1889529,63061,18870096
1790129954980856752,15185645,13217740,3460,1890148,63061,18870096
1790129955098643596,15186392,13217818,3460,1890821,63061,18870096
1790129955212827951,15187127,13217890,3460,1891474,63062,18870096
1790129955330274888,15187878,13217995,3460,1892114,63063,18870096
1790129955446074278,15188624,13218158,3460,1892691,63063,18870096
1790129955564857212,15189388,13218261,3460,1893343,63064,18870096
1790129955688931806,15190181,13218415,3460,1893978,63064,18870096
1790129955809875193,15190953,13218509,3460,1894652,63065,18870096
1790129955934874384,15191753,13218592,3460,1895365,63065,18870096
1790129956065866234,15192584,13218668,3460,1896122,63066,18870096
1790129956182007439,15193326,13218787,3460,1896742,63066,18870096
1790129956300067494,15194073,13218916,3460,1897362,63067,18870096
1790129956418471704,15194827,13219065,3460,1897953,63083,18870096
1790129956536431742,15195578,13219220,3460,1898512,63119,18870096
1790129956654469373,15196333,13219317,3460,1899121,63166,18870096
1790129956768741100,15197068,13219361,3460,1899804,63166,18870096
1790129956885645251,15197816,13219461,3460,1900403,63209,18870096
1790129957004427845,15198577,13219581,3460,1900983,63267,18870096
1790129957122526348,15199332,13219690,3460,1901573,63318,18870096
1790129957240508301,15200078,13219795,3460,1902165,63371,18870096
1790129957358547887,15200836,13219917,3460,1902747,63417,18870096
1790129957476742069,15201595,13219978,3460,1903386,63471,18870096
1790129957590366096,15202319,13220052,3460,1904038,63471,18870096
1790129957704581443,15203046,13220126,3460,1904644,63515,18870096
1790129957822474758,15203800,13220273,3460,1905247,63516,18870096
1790129957940504656,15204558,13220395,3460,1905875,63516,18870096
1790129958058392136,15205317,13220520,3460,1906501,63516,18870096
1790129958176514894,15206060,13220680,3460,1907090,63517,18870096
1790129958294419913,15206809,13220796,3460,1907725,63518,18870096
1790129958408985419,15207545,13220825,3460,1908423,63518,18870096
1790129958525198596,15208285,13220906,3460,1909079,63518,18870096
1790129958640523370,15209018,13221064,3460,1909659,63519,18870096
1790129958758858418,15209776,13221237,3460,1910236,63519,18870096
1790129958876896394,15210532,13221381,3460,1910843,63520,18870096
1790129958995126741,15211292,13221509,3460,1911463,63521,18870096
1790129959113620612,15212052,13221626,3460,1912105,63521,18870096
1790129959228175402,15212791,13221651,3460,1912806,63521,18870096
1790129959343824511,15213533,13221768,3460,1913424,63522,18870096
1790129959461862540,15214282,13221888,3460,1914057,63522,18870096
1790129959576625915,15215011,13222018,3460,1914657,63522,18870096
1790129959690729159,15215742,13222183,3460,1915217,63523,18870096
1790129959809060523,15216487,13222310,3460,1915840,63523,18870096
1790129959926273227,15217236,13222430,3460,1916466,63523,18870096
1790129960040459056,15217959,13222475,3460,1917153,63523,18870096
1790129960157491387,15218702,13222587,3460,1917786,63524,18870096
1790129960277856369,15219481,13222743,3460,1918393,63524,18870096
1790129960392960405,15220226,13222869,3460,1918998,63524,18870096
1790129960510803616,15220980,13222987,3460,1919633,63524,18870096
1790129960627853881,15221716,13223131,3460,1920230,63526,18870096
1790129960746319815,15222468,13223206,3460,1920912,63526,18870096
1790129960860340037,15223188,13223281,3460,1921561,63527,18870096
1790129960978250005,15223938,13223378,3460,1922209,63527,18870096
1790129961095668154,15224688,13223447,3460,1922891,63527,18870096
1790129961209772443,15225419,13223530,3460,1923533,63529,18870096
1790129961327875073,15226170,13223665,3460,1924148,63529,18870096
1790129961442184774,15226898,13223705,3460,1924839,63529,18870096
1790129961554976933,15227614,13223845,3460,1925412,63530,18870096
1790129961672978154,15228370,13223950,3460,1926058,63530,18870096
1790129961787328863,15229104,13224024,3460,1926713,63531,18870096
1790129961905058293,15229857,13224115,3460,1927370,63531,18870096
1790129962017695787,15230587,13224174,3460,1928030,63531,18870096
1790129962132191742,15231318,13224245,3460,1928681,63532,18870096
1790129962250437016,15232066,13224360,3460,1929323,63532,18870096
1790129962364608521,15232796,13224406,3460,1930004,63533,18870096
1790129962479321740,15233528,13224524,3460,1930617,63533,18870096
1790129962597658745,15234284,13224648,3460,1931244,63534,18870096
1790129962711838857,15235020,13224759,3460,1931857,63534,18870096
1790129962829729631,15235772,13224889,3460,1932479,63534,18870096
1790129962944401936,15236502,13224922,3460,1933180,63534,18870096
1790129963060318517,15237233,13225010,3460,1933829,63536,18870096
1790129963178856008,15237991,13225125,3460,1934464,63536,18870096
1790129963293504327,15238710,13225188,3460,1935133,63537,18870096
1790129963411080247,15239466,13225322,3460,1935744,63537,18870096
1790129963529062890,15240220,13225448,3460,1936369,63537,18870096
1790129963643560195,15240953,13225597,3460,1936948,63539,18870096
1790129963757224960,15241652,13225875,3460,1937377,63549,18870096
1790129963873091388,15242376,13226135,3460,1937821,63570,18870096
1790129963988942468,15243087,13226414,3460,1938252,63584,18870096
1790129964104946519,15243813,13226676,3460,1938700,63597,18870096
1790129964220723401,15244554,13226876,3460,1938999,63826,18870096
1790129964338270116,15245266,13227127,3460,1939475,63836,18870096
1790129964456097178,15246007,13227372,3460,1939958,63848,18870096
1790129964572355576,15246747,13227637,3460,1940405,63864,18870096
1790129964688432487,15247465,13227934,3460,1940824,63876,18870096
1790129964805309989,15248201,13228199,3460,1941278,63887,18870096
1790129964921622877,15248932,13228437,3460,1941754,63900,18870096
1790129965039205721,15249677,13228654,3460,1942268,63910,18870096
1790129965157950195,15250406,13228905,3460,1942750,63922,18870096
1790129965273116135,15251138,13229160,3460,1943199,63937,18870096
1790129965389937006,15251868,13229426,3460,1943646,63950,18870096
1790129965504576629,15252579,13229666,3460,1944108,63964,18870096
1790129965617275441,15253295,13229897,3460,1944499,64051,18870096
1790129965733028894,15254020,13230120,3460,1944987,64063,18870096
1790129965850876105,15254770,13230389,3460,1945448,64074,18870096
1790129965967211927,15255498,13230639,3460,1945911,64088,18870096
1790129966082332490,15256222,13230901,3460,1946353,64102,18870096
1790129966198540833,15256958,13231151,3460,1946821,64114,18870096
1790129966314640614,15257706,13231400,3460,1947282,64127,18870096
1790129966428489676,15258405,13231628,3460,1947767,64134,18870096
1790129966544921935,15259141,13231889,3460,1948218,64149,18870096
1790129966660969178,15259862,13232133,3460,1948682,64163,18870096
1790129966776435087,15260585,13232397,3460,1949127,64176,18870096
1790129966893160060,15261317,13232647,3460,1949589,64193,18870096
1790129967010411977,15262060,13232890,3460,1950066,64208,18870096
1790129967125847982,15262787,13233112,3460,1950557,64219,18870096
1790129967240946479,15263512,13233382,3460,1950999,64227,18870096
1790129967355293640,15264209,13233655,3460,1951429,64240,18870096
1790129967469526627,15264938,13233908,3460,1951877,64252,18870096
1790129967583928271,15265661,13234158,3460,1952325,64268,18870096
1790129967699034212,15266366,13234419,3460,1952778,64276,18870096
1790129967814572840,15267122,13234669,3460,1953243,64288,18870096
1790129967930579517,15267858,13234917,3460,1953707,64299,18870096
1790129968046760767,15268597,13235170,3460,1954166,64316,18870096
1790129968161894206,15269320,13235423,3460,1954620,64328,18870096
1790129968278321669,15270043,13235672,3460,1955023,64408,18870096
1790129968392266967,15270741,13235915,3460,1955478,64423,18870096
1790129968510284018,15271486,13236178,3460,1955946,64435,18870096
1790129968625250257,15272212,13236444,3460,1956385,64447,18870096
1790129968741572063,15272957,13236696,3460,1956845,64464,18870096
1790129968858420056,15273708,13236950,3460,1957307,64478,18870096
1790129968975145160,15274437,13237208,3460,1957767,64492,18870096
1790129969089837059,15275151,13237464,3460,1958213,64507,18870096
1790129969207936466,15275841,13237728,3460,1958679,64519,18870096
1790129969324934636,15276577,13237992,3460,1959134,64535,18870096
1790129969440289003,15277290,13238259,3460,1959573,64548,18870096
1790129969556234764,15278025,13238516,3460,1960028,64562,18870096
1790129969673050417,15278749,13238783,3460,1960476,64576,18870096
1790129969787737068,15279475,13239067,3460,1960909,64586,18870096
1790129969906879685,15280214,13239315,3460,1961393,64597,18870096
1790129970021644356,15280940,13239565,3460,1961844,64612,18870096
1790129970138099816,15281675,13239863,3460,1962262,64626,18870096
1790129970254698430,15282406,13240142,3460,1962701,64636,18870096
1790129970368748429,15283119,13240386,3460,1963086,64723,18870096
1790129970485964876,15283842,13240600,3460,1963600,64733,18870096
1790129970602517992,15284571,13240849,3460,1964068,64744,18870096
1790129970718915138,15285294,13241177,3460,1964456,64758,18870096
1790129970835143113,15286021,13241444,3460,1964899,64772,18870096
1790129970948934455,15286735,13241702,3460,1965345,64787,18870096
1790129971066011577,15287471,13241937,3460,1965819,64803,18870096
1790129971180211963,15288176,13242173,3460,1966290,64814,18870096
1790129971299153094,15288911,13242430,3460,1966769,64825,18870096
1790129971416040240,15289620,13242686,3460,1967231,64841,18870096
1790129971532160596,15290343,13242947,3460,1967679,64856,18870096
1790129971647097268,15291063,13243205,3460,1968122,64870,18870096
1790129971763603660,15291785,13243458,3460,1968588,64880,18870096
1790129971882066058,15292518,13243684,3460,1969096,64890,18870096
1790129971998660524,15293287,13243967,3460,1969533,64904,18870096
1790129972115014373,15294024,13244240,3460,1969964,64924,18870096
1790129972231399184,15294764,13244555,3460,1970365,64938,18870096
1790129972347172346,15295484,13244813,3460,1970818,64949,18870096
1790129972463822989,15296219,13245062,3460,1971280,64969,18870096
1790129972581041736,15296941,13245277,3460,1971791,64978,18870096
1790129972693942768,15297665,13245541,3460,1972219,64993,18870096
1790129972807837376,15298393,13245811,3460,1972652,65004,18870096
1790129972924422975,15299114,13246085,3460,1973099,65014,18870096
1790129973038903150,15299841,13246322,3460,1973501,65092,18870096
1790129973153954724,15300568,13246578,3460,1973951,65108,18870096
1790129973270017647,15301280,13246806,3460,1974444,65117,18870096
1790129973386024237,15302010,13247063,3460,1974903,65128,18870096
1790129973503127219,15302733,13247319,3460,1975364,65141,18870096
1790129973617572405,15303429,13247576,3460,1975807,65154,18870096
1790129973734352337,15304188,13247834,3460,1976260,65175,18870096
1790129973850081725,15304931,13248093,3460,1976716,65188,18870096
1790129973963425920,15305665,13248330,3460,1977180,65198,18870096
1790129974077330232,15306387,13248580,3460,1977625,65214,18870096
1790129974190632978,15307104,13248819,3460,1978079,65230,18870096
1790129974303705980,15307821,13249062,3460,1978531,65243,18870096
1790129974418901204,15308546,13249316,3460,1978979,65261,18870096
1790129974534427886,15309267,13249597,3460,1979411,65272,18870096
1790129974649548008,15309978,13249833,3460,1979888,65281,18870096
1790129974767229559,15310727,13250088,3460,1980357,65294,18870096
1790129974882344684,15311447,13250353,3460,1980797,65307,18870096
1790129974998405814,15312158,13250606,3460,1981259,65321,18870096
1790129975112905373,15312890,13250870,3460,1981694,65335,18870096
1790129975230507454,15313618,13251109,3460,1982186,65348,18870096
1790129975349917427,15314386,13251346,3460,1982682,65360,18870096
1790129975467692113,15315123,13251617,3460,1983133,65372,18870096
1790129975583950853,15315861,13251877,3460,1983585,65386,18870096
1790129975700226418,15316585,13252124,3460,1984049,65402,18870096
1790129975817260542,15317311,13252357,3460,1984469,65482,18870096
1790129975932597212,15318014,13252599,3460,1984943,65490,18870096
1790129976048258899,15318723,13252845,3460,1985403,65507,18870096
1790129976164129019,15319430,13253099,3460,1985855,65523,18870096
1790129976279832978,15320159,13253368,3460,1986298,65536,18870096
1790129976395747152,15320860,13253615,3460,1986760,65550,18870096
1790129976513652178,15321610,13253879,3460,1987219,65564,18870096
1790129976629276439,15322344,13254100,3460,1987715,65575,18870096
1790129976743927625,15323051,13254363,3460,1988153,65589,18870096
1790129976861017585,15323777,13254657,3460,1988574,65608,18870096
1790129976977071223,15324510,13254961,3460,1988988,65619,18870096
1790129977090073040,15325213,13255214,3460,1989430,65629,18870096
1790129977207253646,15325937,13255460,3460,1989902,65644,18870096
1790129977324975917,15326653,13255673,3460,1990417,65655,18870096
1790129977439657361,15327363,13255919,3460,1990879,65668,18870096
1790129977554877123,15328085,13256205,3460,1991296,65686,18870096
1790129977671019066,15328817,13256453,3460,1991761,65698,18870096
1790129977786916303,15329564,13256711,3460,1992214,65711,18870096
1790129977902812790,15330284,13256935,3460,1992635,65793,18870096
1790129978020104101,15331046,13257156,3460,1993147,65800,18870096
1790129978135149753,15331776,13257417,3460,1993587,65815,18870096
1790129978251564639,15332505,13257675,3460,1994043,65830,18870096
1790129978367573532,15333232,13257925,3460,1994505,65844,18870096
1790129978484460764,15333954,13258181,3460,1994967,65856,18870096
1790129978600862782,15334674,13258423,3460,1995437,65872,18870096
1790129978716156732,15335366,13258658,3460,1995916,65882,18870096
1790129978833446625,15336111,13258921,3460,1996377,65892,18870096
1790129978946907317,15336833,13259193,3460,1996800,65907,18870096
1790129979062195973,15337579,13259439,3460,1997259,65923,18870096
1790129979178027697,15338311,13259722,3460,1997687,65939,18870096
1790129979294884002,15339061,13259974,3460,1998150,65954,18870096
1790129979413612944,15339792,13260234,3460,1998626,65963,18870096
1790129979529582884,15340510,13260492,3460,1999082,65975,18870096
1790129979643671378,15341215,13260771,3460,1999505,65987,18870096
1790129979759514959,15341957,13261033,3460,1999959,65996,18870096
1790129979875516913,15342679,13261325,3460,2000382,66007,18870096
1790129979990876742,15343401,13261590,3460,2000833,66015,18870096
1790129980105632380,15344150,13261858,3460,2001276,66024,18870096
1790129980223287096,15344880,13262112,3460,2001743,66041,18870096
1790129980339846232,15345615,13262371,3460,2002197,66055,18870096
1790129980455056779,15346337,13262653,3460,2002627,66068,18870096
1790129980571062112,15347046,13262883,3460,2003035,66153,18870096
1790129980689474222,15347802,13263102,3460,2003551,66164,18870096
1790129980804611148,15348509,13263341,3460,2004022,66173,18870096
1790129980921079676,15349239,13263598,3460,2004476,66190,18870096
1790129981037899096,15349976,13263857,3460,2004934,66202,18870096
1790129981153647883,15350695,13264113,3460,2005391,66215,18870096
1790129981268900305,15351421,13264367,3460,2005843,66229,18870096
1790129981382498519,15352128,13264597,3460,2006315,66240,18870096
1790129981496258121,15352842,13264853,3460,2006761,66250,18870096
1790129981610295427,15353570,13265130,3460,2007184,66263,18870096
1790129981724818332,15354292,13265378,3460,2007636,66279,18870096
1790129981839414402,15355012,13265622,3460,2008097,66290,18870096
1790129981956252392,15355755,13265865,3460,2008572,66304,18870096
1790129982073497449,15356517,13266096,3460,2009068,66313,18870096
1790129982189187666,15357234,13266338,3460,2009535,66326,18870096
1790129982302470639,15357949,13266597,3460,2009975,66337,18870096
1790129982416505951,15358654,13266843,3460,2010426,66350,18870096
1790129982532637413,15359393,13267105,3460,2010875,66365,18870096
1790129982647599438,15360123,13267331,3460,2011288,66448,18870096
1790129982762535242,15360862,13267551,3460,2011781,66461,18870096
1790129982878023009,15361582,13267811,3460,2012226,66474,18870096
1790129982993358928,15362302,13268079,3460,2012666,66490,18870096
1790129983109278200,15363044,13268340,3460,2013121,66500,18870096
1790129983225065309,15363762,13268600,3460,2013573,66509,18870096
1790129983341129587,15364485,13268834,3460,2014055,66523,18870096
1790129983456282692,15365198,13269071,3460,2014528,66533,18870096
1790129983574013374,15365956,13269365,3460,2014950,66553,18870096
1790129983690520984,15366692,13269658,3460,2015374,66567,18870096
1790129983804884676,15367423,13269918,3460,2015809,66588,18870096
1790129983920154532,15368135,13270188,3460,2016247,66601,18870096
1790129984037106784,15368850,13270438,3460,2016718,66611,18870096
1790129984156240715,15369597,13270696,3460,2017197,66624,18870096
1790129984271166773,15370316,13270961,3460,2017640,66636,18870096
1790129984387279780,15371056,13271205,3460,2018105,66649,18870096
1790129984499953030,15371761,13271482,3460,2018520,66663,18870096
1790129984616571463,15372500,13271734,3460,2018914,66748,18870096
1790129984732097556,15373236,13271987,3460,2019369,66764,18870096
1790129984849986892,15374002,13272209,3460,2019875,66775,18870096
1790129984965031388,15374725,13272460,3460,2020337,66784,18870096
1790129985080842496,15375455,13272723,3460,2020785,66794,18870096
1790129985197159618,15376181,13272975,3460,2021251,66805,18870096
1790129985313987408,15376926,13273226,3460,2021712,66822,18870096
1790129985430869317,15377642,13273455,3460,2022203,66837,18870096
1790129985546115641,15378365,13273731,3460,2022636,66851,18870096
1790129985662883427,15379082,13273992,3460,2023085,66867,18870096
1790129985778952405,15379802,13274255,3460,2023535,66879,18870096
1790129985895050058,15380539,13274507,3460,2023996,66893,18870096
1790129986008240551,15381233,13274757,3460,2024442,66905,18870096
1790129986121676450,15381924,13274978,3460,2024919,66921,18870096
1790129986238398217,15382641,13275236,3460,2025382,66930,18870096
1790129986354932823,15383382,13275506,3460,2025830,66944,18870096
1790129986471911822,15384123,13275763,3460,2026291,66957,18870096
1790129986586219873,15384836,13276009,3460,2026747,66967,18870096
1790129986703453070,15385579,13276294,3460,2027185,66978,18870096
1790129986817740470,15386314,13276532,3460,2027654,66987,18870096
1790129986935289876,15387040,13276783,3460,2028127,66999,18870096
1790129987051175394,15387754,13277095,3460,2028533,67010,18870096
1790129987167258795,15388482,13277364,3460,2028982,67020,18870096
1790129987282425942,15389201,13277619,3460,2029434,67029,18870096
1790129987397106562,15389901,13277855,3460,2029842,67104,18870096
1790129987514733456,15390637,13278120,3460,2030309,67116,18870096
1790129987631413287,15391351,13278371,3460,2030768,67130,18870096
1790129987747683972,15392094,13278619,3460,2031239,67142,18870096
1790129987861614336,15392797,13278894,3460,2031664,67155,18870096
1790129987977634882,15393530,13279169,3460,2032098,67169,18870096
1790129988093266045,15394262,13279445,3460,2032535,67182,18870096
1790129988207763362,15395010,13279677,3460,2033014,67193,18870096
1790129988325325049,15395733,13279954,3460,2033458,67205,18870096
1790129988440423279,15396449,13280236,3460,2033884,67219,18870096
1790129988556247602,15397171,13280494,3460,2034336,67232,18870096
1790129988672353762,15397899,13280744,3460,2034798,67245,18870096
1790129988787837378,15398614,13280993,3460,2035258,67259,18870096
1790129988902606157,15399327,13281228,3460,2035732,67270,18870096
1790129989019437584,15400037,13281481,3460,2036196,67283,18870096
1790129989135359080,15400755,13281740,3460,2036650,67296,18870096
1790129989251319983,15401482,13281990,3460,2037109,67311,18870096
1790129989365633842,15402205,13282281,3460,2037522,67324,18870096
1790129989484249662,15402950,13282530,3460,2037935,67411,18870096
1790129989600510981,15403706,13282760,3460,2038424,67417,18870096
1790129989717024413,15404455,13282996,3460,2038905,67429,18870096
1790129989831348196,15405170,13283250,3460,2039351,67442,18870096
1790129989947280023,15405902,13283507,3460,2039803,67457,18870096
1790129990062932790,15406639,13283756,3460,2040267,67469,18870096
1790129990178882327,15407354,13284009,3460,2040729,67481,18870096
1790129990295437627,15408066,13284256,3460,2041202,67492,18870096
1790129990412333593,15408792,13284511,3460,2041664,67506,18870096
1790129990528518824,15409518,13284771,3460,2042118,67522,18870096
1790129990642211579,15410236,13285032,3460,2042552,67536,18870096
1790129990758310494,15410956,13285310,3460,2042991,67547,18870096
1790129990872919270,15411679,13285586,3460,2043430,67554,18870096
1790129990989119816,15412421,13285834,3460,2043898,67563,18870096
1790129991106270744,15413152,13286089,3460,2044361,67577,18870096
1790129991222090471,15413897,13286371,3460,2044789,67592,18870096
1790129991337872872,15414617,13286614,3460,2045254,67606,18870096
1790129991454902404,15415362,13286888,3460,2045699,67621,18870096
1790129991571377684,15416103,13287165,3460,2046143,67631,18870096
1790129991689944036,15416858,13287410,3460,2046632,67642,18870096
1790129991806076030,15417591,13287673,3460,2047078,67654,18870096
1790129991920462756,15418313,13287922,3460,2047530,67670,18870096
1790129992034863840,15419041,13288176,3460,2047977,67683,18870096
1790129992150475119,15419752,13288399,3460,2048399,67765,18870096
1790129992268534477,15420468,13288666,3460,2048858,67777,18870096
1790129992389924253,15421234,13288940,3460,2049333,67789,18870096
1790129992503638476,15421947,13289200,3460,2049769,67804,18870096
1790129992618903942,15422662,13289471,3460,2050206,67818,18870096
1790129992733775670,15423377,13289722,3460,2050663,67828,18870096
1790129992848158678,15424109,13289971,3460,2051114,67845,18870096
1790129992962572937,15424827,13290244,3460,2051549,67855,18870096
1790129993080565558,15425577,13290531,3460,2051986,67870,18870096
1790129993198061854,15426312,13290799,3460,2052437,67885,18870096
1790129993313344914,15427030,13291057,3460,2052892,67897,18870096
1790129993427836077,15427759,13291335,3460,2053315,67910,18870096
1790129993540948994,15428473,13291591,3460,2053756,67923,18870096
1790129993657601833,15429181,13291838,3460,2054233,67932,18870096
1790129993772316657,15429909,13292077,3460,2054699,67943,18870096
1790129993886000941,15430637,13292321,3460,2055153,67960,18870096
1790129994001176905,15431373,13292572,3460,2055611,67971,18870096
1790129994115349547,15432070,13292836,3460,2056042,67987,18870096
1790129994233292836,15432798,13293070,3460,2056465,68068,18870096
1790129994350686328,15433511,13293290,3460,2056971,68081,18870096
1790129994464042490,15434220,13293568,3460,2057390,68093,18870096
1790129994579584186,15434950,13293825,3460,2057842,68107,18870096
1790129994694603894,15435662,13294081,3460,2058289,68121,18870096
1790129994809434620,15436366,13294328,3460,2058745,68136,18870096
1790129994926614285,15437095,13294572,3460,2059222,68149,18870096
1790129995041422854,15437829,13294800,3460,2059705,68160,18870096
1790129995158769038,15438551,13295047,3460,2060178,68174,18870096
1790129995273738887,15439284,13295304,3460,2060623,68189,18870096
1790129995390426641,15440010,13295570,3460,2061074,68202,18870096
1790129995505482024,15440743,13295824,3460,2061528,68215,18870096
1790129995618947907,15441442,13296096,3460,2061957,68225,18870096
1790129995736382545,15442166,13296331,3460,2062442,68241,18870096
1790129995852845863,15442898,13296594,3460,2062893,68255,18870096
1790129995967452385,15443618,13296857,3460,2063329,68274,18870096
1790129996081372192,15444332,13297122,3460,2063763,68288,18870096
1790129996197388703,15445059,13297385,3460,2064215,68299,18870096
1790129996310320982,15445778,13297652,3460,2064649,68308,18870096
1790129996430258192,15446548,13297893,3460,2065147,68319,18870096
1790129996543346730,15447245,13298147,3460,2065590,68331,18870096
1790129996659434322,15447947,13298404,3460,2066046,68343,18870096
1790129996775234566,15448701,13298668,3460,2066490,68360,18870096
1790129996891159521,15449438,13298911,3460,2066893,68440,18870096
1790129997008720084,15450166,13299208,3460,2067319,68456,18870096
1790129997123604616,15450896,13299903,3460,2067339,68463,18903632
1790129997237354810,15451623,13300283,3460,2067681,68464,18903632
1790129997356501683,15452381,13300404,3460,2068316,68465,18903632
1790129997469348120,15453104,13300467,3460,2068975,68465,18903632
1790129997583954560,15453832,13300560,3460,2069605,68466,18903632
1790129997702066047,15454589,13300696,3460,2070221,68466,18903632
1790129997816046901,15455318,13300723,3460,2070921,68466,18903632
1790129997932005786,15456060,13300810,3460,2071570,68467,18903632
1790129998047249469,15456792,13300943,3460,2072168,68468,18903632
1790129998161706851,15457530,13300969,3460,2072877,68468,18903632
1790129998277995304,15458286,13301099,3460,2073483,68468,18903632
1790129998396169072,15459042,13301177,3460,2074157,68468,18903632
1790129998510728993,15459779,13301246,3460,2074821,68468,18903632
1790129998628941703,15460534,13301343,3460,2075475,68468,18903632
1790129998747007914,15461288,13301422,3460,2076147,68468,18903632
1790129998861816761,15462035,13301501,3460,2076798,68468,18903632
1790129998979836932,15462787,13301592,3460,2077460,68468,18903632
1790129999091986101,15463506,13301660,3460,2078105,68468,18903632
1790129999206420876,15464236,13301740,3460,2078756,68469,18903632
1790129999324374717,15464990,13301860,3460,2079386,68469,18903632
1790129999438533050,15465719,13301882,3460,2080092,68469,18903632
1790129999554547475,15466460,13301983,3460,2080728,68469,18903632
1790129999670870929,15467207,13302178,3460,2081270,68471,18903632
1790129999785145797,15467933,13302257,3460,2081921,68471,18903632
1790129999903581062,15468687,13302382,3460,2082548,68471,18903632
1790130000020252222,15469438,13302481,3460,2083188,68472,18903632
1790130000134347567,15470167,13302526,3460,2083870,68472,18903632
1790130000251672980,15470923,13302634,3460,2084511,68473,18903632
1790130000369639322,15471668,13302714,3460,2085183,68473,18903632
1790130000484270856,15472402,13302781,3460,2085841,68473,18903632
1790130000601544295,15473148,13302870,3460,2086503,68474,18903632
1790130000719358221,15473908,13303055,3460,2087066,68474,18903632
1790130000835855031,15474657,13303187,3460,2087674,68474,18903632
1790130000954092402,15475413,13303292,3460,2088323,68474,18903632
1790130001069812639,15476143,13303404,3460,2088946,68475,18903632
1790130001185576949,15476878,13303537,3460,2089551,68475,18903632
1790130001300344596,15477611,13303571,3460,2090249,68475,18903632
1790130001413725305,15478345,13303710,3460,2090829,68476,18903632
1790130001531854432,15479101,13303791,3460,2091499,68476,18903632
1790130001650118578,15479860,13303957,3460,2092082,68477,18903632
1790130001768190428,15480622,13304078,3460,2092711,68477,18903632
1790130001885854712,15481380,13304195,3460,2093344,68477,18903632
1790130002003612990,15482135,13304325,3460,2093965,68477,18903632
1790130002118658910,15482876,13304347,3460,2094677,68477,18903632
1790130002233349244,15483591,13304440,3460,2095314,68478,18903632
1790130002351516488,15484346,13304589,3460,2095915,68478,18903632
1790130002469520165,15485103,13304755,3460,2096498,68479,18903632
1790130002587546240,15485861,13304856,3460,2097148,68480,18903632
1790130002702002410,15486583,13305038,3460,2097691,68480,18903632
1790130002819506274,15487330,13305167,3460,2098312,68481,18903632
1790130002937643925,15488090,13305276,3460,2098955,68481,18903632
1790130003052426704,15488812,13305362,3460,2099600,68482,18903632
1790130003169702293,15489562,13305532,3460,2100174,68482,18903632
1790130003287985752,15490309,13305722,3460,2100736,68483,18903632
1790130003399861258,15491025,13305869,3460,2101299,68483,18903632
1790130003517982493,15491782,13305972,3460,2101948,68483,18903632
1790130003635034258,15492520,13306132,3460,2102530,68484,18903632
1790130003753389852,15493277,13306272,3460,2103147,68484,18903632
1790130003867928244,15494010,13306301,3460,2103845,68484,18903632
1790130003985803170,15494757,13306438,3460,2104456,68486,18903632
1790130004101969793,15495499,13306551,3460,2105082,68486,18903632
1790130004219822749,15496252,13306726,3460,2105657,68486,18903632
1790130004337932120,15497002,13306863,3460,2106270,68486,18903632
1790130004456030114,15497751,13306999,3460,2106880,68490,18903632
1790130004573959868,15498505,13307119,3460,2107513,68490,18903632
1790130004686629340,15499230,13307177,3460,2108174,68490,18903632
1790130004801186548,15499965,13307262,3460,2108814,68491,18903632
1790130004919547332,15500714,13307430,3460,2109402,68492,18903632
1790130005037492395,15501473,13307556,3460,2110024,68493,18903632
1790130005155455710,15502233,13307637,3460,2110695,68494,18903632
1790130005272568814,15502982,13307797,3460,2111277,68495,18903632
1790130005389870638,15503746,13307893,3460,2111927,68495,18903632
1790130005507873332,15504499,13307968,3460,2112603,68495,18903632
1790130005622611426,15505222,13308037,3460,2113265,68495,18903632
1790130005741064684,15505981,13308116,3460,2113938,68495,18903632
1790130005858313307,15506735,13308276,3460,2114527,68496,18903632
1790130005975862685,15507489,13308391,3460,2115155,68497,18903632
1790130006094054902,15508244,13308568,3460,2115729,68497,18903632
1790130006212144740,15508992,13308683,3460,2116365,68499,18903632
1790130006327707509,15509728,13308792,3460,2116992,68499,18903632
1790130006441698302,15510460,13308837,3460,2117673,68499,18903632
1790130006556083057,15511187,13308940,3460,2118294,68500,18903632
1790130006674344853,15511946,13309043,3460,2118946,68500,18903632
1790130006790228514,15512686,13309148,3460,2119574,68501,18903632
1790130006907301937,15513436,13309275,3460,2120197,68502,18903632
1790130007025293018,15514193,13309456,3460,2120758,68503,18903632
1790130007143378468,15514948,13309653,3460,2121318,68503,18903632
1790130007258042717,15515685,13309690,3460,2122008,68503,18903632
1790130007372542107,15516405,13309776,3460,2122653,68504,18903632
1790130007490498269,15517151,13309897,3460,2123283,68505,18903632
1790130007608410932,15517910,13310056,3460,2123871,68506,18903632
1790130007726266923,15518662,13310132,3460,2124541,68507,18903632
1790130007841858092,15519386,13310315,3460,2125094,68508,18903632
1790130007959441064,15520126,13310407,3460,2125753,68508,18903632
1790130008077473487,15520878,13310480,3460,2126431,68508,18903632
1790130008191933890,15521609,13310560,3460,2127075,68510,18903632
1790130008310044830,15522363,13310629,3460,2127758,68510,18903632
1790130008425202491,15523104,13310820,3460,2128302,68510,18903632
1790130008542964453,15523853,13310975,3460,2128893,68510,18903632
1790130008660841998,15524603,13311166,3460,2129454,68510,18903632
1790130008777452332,15525347,13311281,3460,2130082,68512,18903632
1790130008891978530,15526086,13311406,3460,2130681,68512,18903632
1790130009006403913,15526820,13311435,3460,2131383,68512,18903632
1790130009122412253,15527560,13311555,3460,2132001,68513,18903632
1790130009240405180,15528317,13311651,3460,2132656,68513,18903632
1790130009357614636,15529074,13311795,3460,2133257,68514,18903632
1790130009475871608,15529833,13311972,3460,2133831,68514,18903632
1790130009600370975,15530634,13312112,3460,2134485,68515,18903632
1790130009730859395,15531472,13312243,3460,2135182,68515,18903632
1790130009850855151,15532240,13312278,3460,2135913,68515,18903632
1790130009963485969,15532950,13312406,3460,2136502,68515,18903632
1790130010081860975,15533709,13312488,3460,2137171,68516,18903632
1790130010200860254,15534476,13312625,3460,2137790,68517,18903632
1790130010325882448,15535276,13312751,3460,2138460,68517,18903632
1790130010445649643,15536051,13312884,3460,2139089,68517,18903632
1790130010563707675,15536812,13313017,3460,2139708,68517,18903632
1790130010678362159,15537540,13313038,3460,2140420,68517,18903632
1790130010796814722,15538312,13313143,3460,2141066,68517,18903632
1790130010912039569,15539053,13313285,3460,2141655,68517,18903632
1790130011029874004,15539801,13313434,3460,2142255,68519,18903632
1790130011147591720,15540545,13313559,3460,2142880,68519,18903632
1790130011265731205,15541310,13313700,3460,2143489,68519,18903632
1790130011383699047,15542064,13313835,3460,2144106,68519,18903632
1790130011499568283,15542800,13313981,3460,2144698,68519,18903632
1790130011613939458,15543535,13314101,3460,2145303,68520,18903632
1790130011732191330,15544289,13314236,3460,2145921,68521,18903632
1790130011847640318,15545021,13314380,3460,2146511,68522,18903632
1790130011965492160,15545766,13314466,3460,2147175,68523,18903632
1790130012083384812,15546526,13314603,3460,2147788,68523,18903632
1790130012197864429,15547264,13314735,3460,2148380,68524,18903632
1790130012315879845,15548013,13314828,3460,2149039,68524,18903632
1790130012430173778,15548735,13314894,3460,2149699,68525,18903632
1790130012547823039,15549492,13314995,3460,2150348,68525,18903632
1790130012665753198,15550250,13315132,3460,2150961,68525,18903632
1790130012780343466,15550981,13315266,3460,2151559,68525,18903632
1790130012898446523,15551735,13315338,3460,2152238,68525,18903632
1790130013016708834,15552497,13315476,3460,2152850,68525,18903632
1790130013134060511,15553240,13315644,3460,2153426,68526,18903632
1790130013248731053,15553972,13315683,3460,2154120,68526,18903632
1790130013364609932,15554695,13315862,3460,2154678,68527,18903632
1790130013482983413,15555451,13315982,3460,2155309,68527,18903632
1790130013600977046,15556210,13316115,3460,2155926,68527,18903632
1790130013718877699,15556962,13316238,3460,2156554,68527,18903632
1790130013837099988,15557724,13316409,3460,2157133,68528,18903632
1790130013955173171,15558480,13316552,3460,2157744,68528,18903632
1790130014069466941,15559215,13316615,3460,2158412,68528,18903632
1790130014184115426,15559946,13316711,3460,2159040,68528,18903632
1790130014302465577,15560699,13316876,3460,2159631,68528,18903632
1790130014420393567,15561459,13317031,3460,2160226,68529,18903632
1790130014538897331,15562216,13317130,3460,2160877,68529,18903632
1790130014656852875,15562967,13317320,3460,2161441,68530,18903632
1790130014773996794,15563724,13317450,3460,2162051,68530,18903632
1790130014892045293,15564479,13317545,3460,2162708,68530,18903632
1790130015006685921,15565213,13317613,3460,2163371,68531,18903632
1790130015124463822,15565954,13317706,3460,2164029,68531,18903632
1790130015242359928,15566706,13317855,3460,2164628,68532,18903632
1790130015356810946,15567427,13317995,3460,2165214,68533,18903632
1790130015474735983,15568174,13318106,3460,2165854,68533,18903632
1790130015591061518,15568922,13318241,3460,2166456,68534,18903632
1790130015707395231,15569672,13318371,3460,2167071,68534,18903632
1790130015821730843,15570412,13318398,3460,2167771,68534,18903632
1790130015935561046,15571137,13318519,3460,2168374,68534,18903632
1790130016053601357,15571896,13318599,3460,2169047,68534,18903632
1790130016169670515,15572644,13318762,3460,2169621,68534,18903632
1790130016287654253,15573396,13318888,3460,2170246,68534,18903632
1790130016405623729,15574149,13319017,3460,2170865,68535,18903632
1790130016523542997,15574900,13319165,3460,2171468,68536,18903632
1790130016638302752,15575635,13319203,3460,2172158,68536,18903632
1790130016752545451,15576358,13319289,3460,2172803,68536,18903632
1790130016870569064,15577119,13319410,3460,2173432,68536,18903632
1790130016988454341,15577876,13319571,3460,2174020,68537,18903632
1790130017106247682,15578632,13319651,3460,2174669,68557,18903632
1790130017219180723,15579361,13319813,3460,2175210,68569,18903632
1790130017336054492,15580113,13319939,3460,2175782,68615,18903632
1790130017454648174,15580866,13320045,3460,2176425,68624,18903632
1790130017569418934,15581607,13320112,3460,2177080,68634,18903632
1790130017688982951,15582374,13320203,3460,2177691,68690,18903632
1790130017807240553,15583130,13320281,3460,2178361,68695,18903632
1790130017921871654,15583868,13320365,3460,2178987,68715,18903632
1790130018040349059,15584625,13320432,3460,2179622,68772,18903632
1790130018157142084,15585369,13320503,3460,2180290,68772,18903632
1790130018271113252,15586090,13320583,3460,2180899,68808,18903632
1790130018389800397,15586846,13320680,3460,2181517,68852,18903632
1790130018504559855,15587579,13320719,3460,2182211,68852,18903632
1790130018618522546,15588312,13320798,3460,2182827,68881,18903632
1790130018737068715,15589072,13320930,3460,2183413,68915,18903632
1790130018851419316,15589800,13320951,3460,2184125,68915,18903632
1790130018967622837,15590526,13321032,3460,2184744,68952,18903632
1790130019085976885,15591286,13321153,3460,2185346,68980,18903632
1790130019200346138,15592019,13321195,3460,2186033,68985,18903632
1790130019318344422,15592781,13321277,3460,2186657,69026,18903632
1790130019430092444,15593495,13321385,3460,2187231,69054,18903632
1790130019544546841,15594229,13321411,3460,2187929,69063,18903632
1790130019661146307,15594983,13321536,3460,2188518,69087,18903632
1790130019778984224,15595736,13321609,3460,2189197,69087,18903632
1790130019893188568,15596468,13321665,3460,2189869,69088,18903632
1790130020011222183,15597219,13321776,3460,2190506,69088,18903632
1790130020129255947,15597977,13321869,3460,2191165,69088,18903632
1790130020243393781,15598706,13321956,3460,2191807,69089,18903632
1790130020361419134,15599464,13322033,3460,2192481,69089,18903632
1790130020478546334,15600211,13322127,3460,2193133,69089,18903632
1790130020593004320,15600940,13322245,3460,2193737,69093,18903632
1790130020711143529,15601699,13322520,3460,2194194,69102,18903632
1790130020825853713,15602420,13322789,3460,2194626,69116,18903632
1790130020942689315,15603141,13323059,3460,2195070,69131,18903632
1790130021058967527,15603891,13323324,3460,2195520,69143,18903632
1790130021174294977,15604601,13323568,3460,2195982,69157,18903632
1790130021291468239,15605347,13323780,3460,2196427,69239,18903632
1790130021407358546,15606080,13324020,3460,2196898,69251,18903632
1790130021523890225,15606817,13324268,3460,2197361,69267,18903632
1790130021639922528,15607529,13324536,3460,2197808,69279,18903632
1790130021756405236,15608264,13324803,3460,2198253,69294,18903632
1790130021872397422,15608989,13325100,3460,2198671,69307,18903632
1790130021987442521,15609736,13325380,3460,2199109,69312,18903632
1790130022103525156,15610463,13325654,3460,2199547,69326,18903632
1790130022219515541,15611175,13325931,3460,2199986,69339,18903632
1790130022335257466,15611888,13326180,3460,2200446,69354,18903632
1790130022448340200,15612591,13326445,3460,2200876,69365,18903632
1790130022564387559,15613323,13326744,3460,2201292,69380,18903632
1790130022680413164,15614031,13326984,3460,2201764,69394,18903632
1790130022797410579,15614756,13327240,3460,2202228,69408,18903632
1790130022911513786,15615483,13327546,3460,2202621,69421,18903632
1790130023027856987,15616196,13327806,3460,2203076,69432,18903632
1790130023143955028,15616921,13328063,3460,2203535,69448,18903632
1790130023259603888,15617656,13328325,3460,2203987,69457,18903632
1790130023376054669,15618381,13328568,3460,2204467,69467,18903632
1790130023493821076,15619102,13328831,3460,2204922,69481,18903632
1790130023611213086,15619835,13329091,3460,2205382,69497,18903632
1790130023726842028,15620576,13329333,3460,2205848,69510,18903632
1790130023842318725,15621274,13329590,3460,2206302,69524,18903632
1790130023957830154,15622009,13329832,3460,2206741,69562,18903632
1790130024073254770,15622755,13330060,3460,2207181,69621,18903632
1790130024188335250,15623474,13330313,3460,2207637,69636,18903632
1790130024304342318,15624197,13330563,3460,2208096,69649,18903632
1790130024420129075,15624934,13330828,3460,2208545,69661,18903632
1790130024535624074,15625664,13331089,3460,2208993,69674,18903632
1790130024651445601,15626387,13331402,3460,2209394,69685,18903632
1790130024764217272,15627083,13331670,3460,2209827,69695,18903632
1790130024881121545,15627824,13331941,3460,2210275,69709,18903632
1790130024996571591,15628535,13332196,3460,2210726,69721,18903632
1790130025112046458,15629260,13332456,3460,2211178,69734,18903632
1790130025228850413,15630017,13332701,3460,2211648,69750,18903632
1790130025345573341,15630746,13332972,3460,2212102,69760,18903632
1790130025465698912,15631501,13333222,3460,2212590,69771,18903632
1790130025581527766,15632211,13333497,3460,2213022,69787,18903632
1790130025698341871,15632943,13333752,3460,2213485,69802,18903632
1790130025813742561,15633680,13334013,3460,2213932,69814,18903632
1790130025929967938,15634412,13334278,3460,2214383,69826,18903632
1790130026048121558,15635135,13334473,3460,2214840,69918,18903632
1790130026165904676,15635884,13334717,3460,2215317,69932,18903632
1790130026282331856,15636606,13334969,3460,2215775,69949,18903632
1790130026400061501,15637358,13335234,3460,2216235,69963,18903632
1790130026516703028,15638107,13335488,3460,2216687,69983,18903632
1790130026631722417,15638825,13335741,3460,2217141,69994,18903632
1790130026745752931,15639536,13335968,3460,2217623,70002,18903632
1790130026862257049,15640259,13336230,3460,2218064,70026,18903632
1790130026979114063,15640985,13336492,3460,2218518,70040,18903632
1790130027096476431,15641722,13336751,3460,2218975,70059,18903632
1790130027212622893,15642459,13337001,3460,2219442,70071,18903632
1790130027329350539,15643201,13337271,3460,2219886,70086,18903632
1790130027446269969,15643935,13337512,3460,2220364,70102,18903632
1790130027563839610,15644684,13337779,3460,2220809,70123,18903632
1790130027680453378,15645411,13338034,3460,2221271,70136,18903632
1790130027796679787,15646153,13338286,3460,2221732,70152,18903632
1790130027913034413,15646890,13338528,3460,2222202,70166,18903632
1790130028027777600,15647641,13338780,3460,2222654,70180,18903632
1790130028142983392,15648387,13339014,3460,2223132,70190,18903632
1790130028260565042,15649129,13339275,3460,2223597,70202,18903632
1790130028375053791,15649843,13339520,3460,2224053,70214,18903632
1790130028491758738,15650577,13339782,3460,2224503,70232,18903632
1790130028607052859,15651318,13340048,3460,2224944,70244,18903632
1790130028721026548,15652036,13340288,3460,2225378,70286,18903632
1790130028837126639,15652772,13340492,3460,2225846,70343,18903632
1790130028953723877,15653491,13340744,3460,2226310,70358,18903632
1790130029068034304,15654198,13341005,3460,2226747,70374,18903632
1790130029184262073,15654931,13341273,3460,2227193,70388,18903632
1790130029299904808,15655664,13341518,3460,2227659,70403,18903632
1790130029415681586,15656389,13341782,3460,2228106,70414,18903632
1790130029534653850,15657144,13342019,3460,2228604,70431,18903632
1790130029650427876,15657862,13342275,3460,2229059,70441,18903632
1790130029767263118,15658599,13342533,3460,2229516,70455,18903632
1790130029883140293,15659322,13342800,3460,2229957,70471,18903632
1790130030002253700,15660068,13343051,3460,2230430,70488,18903632
1790130030116033493,15660784,13343275,3460,2230911,70501,18903632
1790130030234862469,15661544,13343550,3460,2231369,70511,18903632
1790130030351589716,15662275,13343839,3460,2231797,70524,18903632
1790130030467666050,15662983,13344122,3460,2232228,70535,18903632
1790130030583772210,15663721,13344385,3460,2232683,70547,18903632
1790130030698186138,15664408,13344640,3460,2233126,70563,18903632
1790130030815609886,15665175,13344891,3460,2233571,70609,18903632
1790130030932543062,15665901,13345162,3460,2234020,70622,18903632
1790130031046936535,15666614,13345439,3460,2234439,70639,18903632
1790130031161751560,15667350,13345696,3460,2234889,70651,18903632
1790130031276521552,15668060,13345962,3460,2235327,70663,18903632
1790130031393098324,15668801,13346209,3460,2235793,70680,18903632
1790130031508459733,15669529,13346434,3460,2236284,70689,18903632
1790130031626273348,15670268,13346682,3460,2236757,70706,18903632
1790130031742871262,15671009,13346942,3460,2237215,70716,18903632
1790130031858737115,15671741,13347206,3460,2237658,70733,18903632
1790130031973857176,15672449,13347458,3460,2238111,70748,18903632
1790130032089499567,15673178,13347719,3460,2238568,70759,18903632
1790130032206206649,15673908,13347969,3460,2239037,70769,18903632
1790130032323177233,15674649,13348227,3460,2239496,70785,18903632
1790130032440112572,15675381,13348479,3460,2239961,70798,18903632
1790130032556202701,15676120,13348734,3460,2240418,70813,18903632
1790130032670427538,15676854,13348992,3460,2240859,70830,18903632
1790130032786673827,15677615,13349224,3460,2241347,70844,18903632
1790130032909422061,15678386,13349480,3460,2241849,70853,18903632
1790130033024377947,15679109,13349747,3460,2242290,70863,18903632
1790130033138829398,15679834,13349997,3460,2242742,70874,18903632
1790130033255208464,15680585,13350248,3460,2243208,70887,18903632
1790130033370753376,15681321,13350494,3460,2243669,70904,18903632
1790130033488361863,15682047,13350756,3460,2244132,70916,18903632
1790130033607315448,15682779,13350990,3460,2244626,70930,18903632
1790130033723425849,15683509,13351245,3460,2245084,70943,18903632
1790130033838714870,15684228,13351495,3460,2245533,70963,18903632
1790130033954258936,15684951,13351741,3460,2245998,70978,18903632
1790130034070539226,15685673,13351988,3460,2246459,70993,18903632
1790130034187966250,15686404,13352267,3460,2246907,71004,18903632
1790130034304979439,15687160,13352507,3460,2247391,71015,18903632
1790130034420115209,15687870,13352750,3460,2247854,71027,18903632
1790130034536328967,15688601,13353005,3460,2248316,71038,18903632
1790130034650242028,15689303,13353260,3460,2248761,71050,18903632
1790130034765590216,15690045,13353516,3460,2249218,71061,18903632
1790130034880805923,15690782,13353727,3460,2249716,71073,18903632
1790130034998548734,15691531,13353977,3460,2250186,71089,18903632
1790130035114319023,15692265,13354243,3460,2250632,71102,18903632
1790130035229398598,15692989,13354511,3460,2251070,71115,18903632
1790130035344543403,15693715,13354776,3460,2251513,71129,18903632
1790130035461395886,15694452,13355027,3460,2251980,71141,18903632
1790130035576719901,15695175,13355288,3460,2252433,71150,18903632
1790130035694244679,15695934,13355564,3460,2252875,71171,18903632
1790130035811029072,15696667,13355836,3460,2253317,71185,18903632
1790130035925206354,15697393,13356086,3460,2253765,71200,18903632
1790130036040641439,15698121,13356339,3460,2254222,71215,18903632
1790130036155716968,15698847,13356584,3460,2254691,71227,18903632
1790130036277589307,15699623,13356829,3460,2255194,71238,18903632
1790130036394705966,15700353,13357087,3460,2255660,71249,18903632
1790130036511406494,15701073,13357340,3460,2256120,71261,18903632
1790130036628917311,15701814,13357590,3460,2256589,71278,18903632
1790130036744887996,15702534,13357843,3460,2257047,71291,18903632
1790130036860860773,15703299,13358054,3460,2257557,71301,18903632
1790130036977713197,15704022,13358304,3460,2258029,71309,18903632
1790130037093950595,15704730,13358601,3460,2258447,71322,18903632
1790130037209320644,15705472,13358867,3460,2258889,71335,18903632
1790130037324627923,15706189,13359121,3460,2259348,71342,18903632
1790130037440340194,15706897,13359349,3460,2259832,71356,18903632
1790130037555718240,15707607,13359578,3460,2260317,71365,18903632
1790130037673894979,15708345,13359841,3460,2260780,71379,18903632
1790130037790371663,15709082,13360101,3460,2261234,71392,18903632
1790130037906619172,15709822,13360350,3460,2261696,71408,18903632
1790130038022504069,15710535,13360602,3460,2262160,71418,18903632
1790130038137587212,15711254,13360869,3460,2262600,71432,18903632
1790130038253973341,15711977,13361132,3460,2263058,71444,18903632
1790130038371234524,15712717,13361397,3460,2263513,71457,18903632
1790130038486288967,15713434,13361665,3460,2263951,71467,18903632
1790130038601495052,15714152,13361932,3460,2264392,71480,18903632
1790130038717777692,15714886,13362183,3460,2264861,71492,18903632
1790130038833943756,15715621,13362425,3460,2265328,71508,18903632
1790130038952705741,15716374,13362680,3460,2265807,71516,18903632
1790130039068663329,15717097,13362961,3460,2266239,71531,18903632
1790130039184422931,15717814,13363237,3460,2266672,71545,18903632
1790130039300829741,15718559,13363494,3460,2267123,71564,18903632
1790130039417770566,15719287,13363740,3460,2267593,71578,18903632
1790130039534198991,15720025,13363984,3460,2268069,71589,18903632
1790130039653331257,15720792,13364258,3460,2268530,71600,18903632
1790130039769534530,15721533,13364525,3460,2268977,71613,18903632
1790130039885952083,15722280,13364788,3460,2269428,71628,18903632
1790130040001933067,15723037,13365043,3460,2269887,71639,18903632
1790130040117252430,15723765,13365297,3460,2270335,71657,18903632
1790130040233940815,15724504,13365518,3460,2270841,71666,18903632
1790130040350475373,15725234,13365774,3460,2271300,71677,18903632
1790130040464623701,15725949,13366049,3460,2271722,71694,18903632
1790130040580990083,15726689,13366299,3460,2272182,71712,18903632
1790130040695189746,15727395,13366547,3460,2272639,71721,18903632
1790130040812257889,15728142,13366804,3460,2273104,71733,18903632
1790130040928776330,15728891,13367031,3460,2273599,71742,18903632
1790130041043419509,15729600,13367299,3460,2274030,71758,18903632
1790130041159060821,15730327,13367567,3460,2274473,71774,18903632
1790130041276290486,15731075,13367825,3460,2274930,71789,18903632
1790130041391504244,15731804,13368119,3460,2275341,71805,18903632
1790130041507931808,15732531,13368375,3460,2275801,71817,18903632
1790130041625772460,15733275,13368621,3460,2276287,71829,18903632
1790130041743429876,15734003,13368915,3460,2276710,71845,18903632
1790130041859885743,15734751,13369195,3460,2277145,71858,18903632
1790130041975504178,15735483,13369463,3460,2277585,71876,18903632
1790130042092932130,15736212,13369726,3460,2278040,71893,18903632
1790130042207871685,15736929,13370008,3460,2278462,71907,18903632
1790130042322046867,15737641,13370288,3460,2278882,71924,18903632
1790130042435923814,15738363,13370558,3460,2279314,71935,18903632
1790130042551132334,15739079,13370801,3460,2279779,71950,18903632
1790130042667911993,15739807,13371064,3460,2280233,71962,18903632
1790130042785322235,15740537,13371326,3460,2280692,71974,18903632
1790130042902354590,15741279,13371620,3460,2281124,71983,18903632
1790130043017529655,15742001,13371877,3460,2281582,71992,18903632
1790130043133929641,15742734,13372159,3460,2282014,72010,18903632
1790130043250473126,15743444,13372424,3460,2282460,72023,18903632
1790130043366847901,15744178,13372680,3460,2282923,72036,18903632
1790130043481965935,15744886,13372930,3460,2283376,72050,18903632
1790130043596959464,15745609,13373161,3460,2283853,72065,18903632
1790130043718794633,15746354,13373405,3460,2284354,72079,18903632
1790130043834067085,15747065,13373655,3460,2284812,72092,18903632
1790130043947951965,15747792,13373908,3460,2285264,72104,18903632
1790130044063409959,15748513,13374166,3460,2285715,72116,18903632
1790130044179339261,15749233,13374443,3460,2286149,72129,18903632
1790130044296102267,15749983,13374686,3460,2286624,72142,18903632
1790130044415115820,15750752,13374931,3460,2287110,72157,18903632
1790130044532154079,15751484,13375215,3460,2287540,72179,18903632
1790130044648911214,15752209,13375495,3460,2287977,72192,18903632
1790130044764926877,15752935,13375747,3460,2288432,72207,18903632
1790130044879923180,15753658,13375996,3460,2288890,72220,18903632
1790130044997903020,15754416,13376217,3460,2289401,72229,18903632
1790130045114529786,15755148,13376481,3460,2289865,72237,18903632
1790130045232413522,15755879,13376739,3460,2290326,72251,18903632
1790130045347525113,15756611,13377001,3460,2290770,72263,18903632
1790130045462781554,15757342,13377263,3460,2291211,72278,18903632
1790130045579382638,15758079,13377539,3460,2291653,72293,18903632
1790130045696208357,15758812,13377780,3460,2292130,72310,18903632
1790130045813403817,15759542,13378033,3460,2292592,72326,18903632
1790130045930912375,15760285,13378307,3460,2293040,72337,18903632
1790130046047582484,15761004,13378561,3460,2293498,72354,18903632
1790130046164141013,15761742,13378811,3460,2293963,72370,18903632
1790130046278214533,15762434,13379061,3460,2294410,72387,18903632
1790130046394471433,15763177,13379288,3460,2294899,72399,18903632
1790130046512574327,15763898,13379542,3460,2295368,72415,18903632
1790130046630238632,15764640,13379790,3460,2295844,72428,18903632
1790130046746560527,15765367,13380049,3460,2296291,72447,18903632
1790130046863579391,15766102,13380316,3460,2296745,72459,18903632
1790130046979375793,15766828,13380612,3460,2297162,72472,18903632
1790130047101000125,15767603,13380858,3460,2297668,72483,18903632
1790130047217710212,15768334,13381128,3460,2298114,72495,18903632
1790130047334621470,15769056,13381370,3460,2298587,72511,18903632
1790130047449376931,15769782,13381629,3460,2299032,72526,18903632
1790130047565921405,15770517,13381883,3460,2299492,72539,18903632
1790130047680458470,15771229,13382097,3460,2299987,72550,18903632
1790130047794419555,15771932,13382348,3460,2300446,72561,18903632
1790130047909065849,15772639,13382604,3460,2300889,72574,18903632
1790130048024638993,15773356,13382870,3460,2301331,72587,18903632
1790130048141062093,15774070,13383133,3460,2301780,72604,18903632
1790130048257454374,15774790,13383402,3460,2302224,72620,18903632
1790130048371169762,15775499,13383642,3460,2302691,72631,18903632
1790130048487580743,15776219,13383894,3460,2303149,72644,18903632
1790130048603836931,15776970,13384146,3460,2303611,72657,18903632
1790130048717852492,15777695,13384399,3460,2304047,72681,18903632
1790130048832584339,15778408,13384648,3460,2304504,72693,18903632
1790130048948361384,15779152,13384890,3460,2304979,72703,18903632
1790130049061581532,15779876,13385122,3460,2305445,72714,18903632
1790130049176614010,15780601,13385389,3460,2305875,72739,18903632
1790130049292806496,15781321,13385656,3460,2306316,72755,18903632
1790130049408619264,15782054,13385911,3460,2306773,72768,18903632
1790130049523580570,15782771,13386159,3460,2307226,72786,18903632
1790130049638239415,15783480,13386399,3460,2307691,72797,18903632
1790130049751317057,15784202,13386625,3460,2308169,72808,18903632
1790130049868543604,15784926,13386879,3460,2308634,72821,18903632
1790130049983696220,15785670,13387129,3460,2309084,72839,18903632
1790130050098908191,15786373,13387381,3460,2309540,72850,18903632
1790130050213330499,15787103,13387631,3460,2309998,72862,18903632
1790130050327526087,15787804,13387869,3460,2310461,72873,18903632
1790130050446060584,15788543,13388105,3460,2310959,72885,18903632
1790130050562481132,15789269,13388362,3460,2311414,72899,18903632
1790130050677699606,15789982,13388620,3460,2311858,72916,18903632
1790130050793763143,15790725,13388876,3460,2312314,72929,18903632
1790130050909516288,15791444,13389126,3460,2312777,72940,18903632
1790130051024354026,15792157,13389357,3460,2313250,72956,18903632
1790130051142077664,15792917,13389630,3460,2313703,72968,18903632
1790130051258194302,15793647,13389886,3460,2314157,72984,18903632
1790130051373692400,15794375,13390138,3460,2314617,72994,18903632
1790130051489616303,15795106,13390388,3460,2315078,73006,18903632
1790130051604030878,15795820,13390633,3460,2315536,73018,18903632
1790130051718816238,15796533,13390861,3460,2316018,73029,18903632
1790130051833217434,15797286,13391115,3460,2316467,73044,18903632
1790130051950775675,15798016,13391389,3460,2316914,73059,18903632
1790130052066600979,15798741,13391652,3460,2317359,73077,18903632
1790130052180994968,15799456,13391915,3460,2317788,73099,18903632
1790130052296306382,15800197,13392162,3460,2318234,73130,18903632
1790130052409578662,15800900,13392392,3460,2318705,73140,18903632
1790130052524219433,15801606,13392654,3460,2319144,73156,18903632
1790130052637196545,15802312,13392941,3460,2319550,73172,18903632
1790130052753341293,15803043,13393196,3460,2320006,73187,18903632
1790130052869716266,15803753,13393457,3460,2320461,73200,18903632
1790130052986064198,15804494,13393703,3460,2320927,73215,18903632
1790130053099915403,15805227,13393916,3460,2321421,73223,18903632
1790130053216362946,15805948,13394199,3460,2321856,73235,18903632
1790130053332690984,15806666,13394464,3460,2322304,73248,18903632
1790130053450510652,15807410,13394709,3460,2322781,73266,18903632
1790130053565227080,15808122,13394960,3460,2323228,73283,18903632
1790130053682501203,15808863,13395195,3460,2323713,73298,18903632
1790130053797262853,15809589,13395718,3460,2323905,73305,18924496
1790130053909932202,15810300,13396252,3460,2324067,73320,18938704
1790130054027471778,15811049,13396377,3460,2324682,73328,18938704
1790130054145259006,15811791,13396483,3460,2325283,73368,18938704
1790130054259892497,15812533,13396536,3460,2325963,73368,18938704
1790130054374699666,15813263,13396716,3460,2326513,73368,18938704
1790130054492934971,15814016,13396850,3460,2327131,73368,18938704
1790130054607200852,15814741,13396928,3460,2327781,73369,18938704
1790130054721046766,15815466,13397099,3460,2328332,73369,18938704
1790130054832841265,15816185,13397222,3460,2328922,73369,18938704
1790130054947128195,15816918,13397318,3460,2329554,73370,18938704
1790130055061124151,15817651,13397515,3460,2330081,73370,18938704
1790130055179076367,15818406,13397652,3460,2330695,73370,18938704
1790130055293313148,15819133,13397748,3460,2331325,73370,18938704
1790130055410659915,15819895,13397872,3460,2331951,73371,18938704
1790130055528648378,15820645,13397969,3460,2332605,73371,18938704
1790130055643082321,15821378,13398031,3460,2333267,73372,18938704
1790130055760550072,15822129,13398127,3460,2333922,73372,18938704
1790130055878558227,15822883,13398210,3460,2334590,73372,18938704
1790130055993125575,15823619,13398297,3460,2335232,73373,18938704
1790130056111381991,15824376,13398375,3460,2335908,73373,18938704
1790130056229263244,15825136,13398465,3460,2336564,73373,18938704
1790130056343631094,15825864,13398560,3460,2337199,73375,18938704
1790130056461976519,15826625,13398683,3460,2337829,73375,18938704
1790130056575351027,15827349,13398735,3460,2338502,73375,18938704
1790130056689994551,15828084,13398834,3460,2339126,73377,18938704
1790130056807890086,15828844,13398966,3460,2339745,73377,18938704
1790130056923219284,15829579,13398987,3460,2340457,73377,18938704
1790130057037461242,15830296,13399066,3460,2341105,73380,18938704
1790130057155333058,15831048,13399198,3460,2341723,73381,18938704
1790130057269866976,15831784,13399220,3460,2342430,73381,18938704
1790130057387599060,15832529,13399316,3460,2343083,73381,18938704
1790130057506130299,15833288,13399490,3460,2343660,73381,18938704
1790130057624452840,15834046,13399671,3460,2344234,73382,18938704
1790130057742446933,15834799,13399827,3460,2344828,73382,18938704
1790130057861873695,15835562,13399985,3460,2345427,73383,18938704
1790130057980648587,15836315,13400084,3460,2346084,73384,18938704
1790130058098602599,15837066,13400170,3460,2346750,73384,18938704
1790130058213085518,15837800,13400240,3460,2347408,73385,18938704
1790130058329644290,15838539,13400354,3460,2348035,73385,18938704
1790130058447524976,15839280,13400523,3460,2348616,73386,18938704
1790130058562861612,15840027,13400627,3460,2349243,73386,18938704
1790130058680904916,15840786,13400704,3460,2349918,73386,18938704
1790130058799198463,15841533,13400850,3460,2350521,73387,18938704
1790130058917357246,15842292,13400984,3460,2351145,73387,18938704
1790130059031840789,15843027,13401010,3460,2351845,73387,18938704
1790130059150255749,15843782,13401122,3460,2352485,73389,18938704
1790130059266487573,15844521,13401251,3460,2353098,73389,18938704
1790130059384580520,15845275,13401408,3460,2353691,73389,18938704
1790130059502761071,15846031,13401585,3460,2354265,73389,18938704
1790130059621101876,15846781,13401719,3460,2354880,73390,18938704
1790130059739544735,15847534,13401811,3460,2355544,73390,18938704
1790130059857724171,15848296,13401898,3460,2356209,73390,18938704
1790130059972169904,15849019,13401980,3460,2356851,73392,18938704
1790130060090026181,15849769,13402056,3460,2357529,73392,18938704
1790130060204755644,15850498,13402202,3460,2358112,73393,18938704
1790130060319037133,15851230,13402321,3460,2358718,73393,18938704
1790130060437084952,15851988,13402425,3460,2359368,73393,18938704
1790130060551525789,15852715,13402542,3460,2359979,73394,18938704
1790130060668642108,15853468,13402708,3460,2360558,73394,18938704
1790130060783011661,15854206,13402733,3460,2361262,73394,18938704
1790130060901251112,15854954,13402831,3460,2361910,73395,18938704
1790130061015916710,15855694,13402958,3460,2362515,73396,18938704
1790130061134417432,15856445,13403123,3460,2363105,73396,18938704
1790130061252681320,15857203,13403241,3460,2363741,73397,18938704
1790130061371452114,15857964,13403397,3460,2364338,73398,18938704
1790130061489461268,15858724,13403484,3460,2365001,73398,18938704
1790130061607381561,15859485,13403560,3460,2365678,73398,18938704
1790130061721807583,15860217,13403645,3460,2366317,73398,18938704
1790130061837752039,15860960,13403734,3460,2366967,73398,18938704
1790130061955602449,15861719,13403881,3460,2367571,73399,18938704
1790130062071175861,15862455,13404005,3460,2368177,73400,18938704
1790130062189060265,15863207,13404094,3460,2368839,73401,18938704
1790130062306424142,15863949,13404250,3460,2369431,73402,18938704
1790130062424630380,15864700,13404408,3460,2370024,73402,18938704
1790130062539185943,15865434,13404461,3460,2370699,73402,18938704
1790130062657444423,15866189,13404556,3460,2371360,73402,18938704
1790130062772675535,15866930,13404718,3460,2371930,73402,18938704
1790130062893839568,15867695,13404855,3460,2372560,73404,18938704
1790130063030088651,15868562,13404991,3460,2373290,73404,18938704
1790130063153331375,15869344,13405129,3460,2373939,73406,18938704
1790130063282741935,15870177,13405268,3460,2374621,73407,18938704
1790130063397615222,15870907,13405291,3460,2375332,73407,18938704
1790130063516612889,15871669,13405371,3460,2376009,73407,18938704
1790130063641033651,15872468,13405503,3460,2376666,73408,18938704
1790130063759634207,15873226,13405646,3460,2377278,73408,18938704
1790130063881864010,15874009,13405777,3460,2377926,73408,18938704
1790130064000073497,15874763,13405937,3460,2378513,73410,18938704
1790130064117818385,15875520,13406036,3460,2379166,73410,18938704
1790130064235740606,15876273,13406112,3460,2379840,73410,18938704
1790130064350212410,15877004,13406185,3460,2380493,73411,18938704
1790130064467407255,15877757,13406272,3460,2381156,73411,18938704
1790130064585239184,15878512,13406421,3460,2381751,73412,18938704
1790130064699707576,15879237,13406533,3460,2382370,73412,18938704
1790130064817617114,15879984,13406616,3460,2383039,73412,18938704
1790130064932207328,15880720,13406764,3460,2383615,73414,18938704
1790130065050325912,15881475,13406911,3460,2384224,73414,18938704
1790130065164231358,15882204,13406960,3460,2384899,73414,18938704
1790130065282594863,15882967,13407056,3460,2385556,73414,18938704
1790130065394833777,15883689,13407223,3460,2386102,73415,18938704
1790130065514623423,15884454,13407411,3460,2386673,73418,18938704
1790130065633935471,15885222,13407512,3460,2387332,73418,18938704
1790130065751560996,15885969,13407687,3460,2387904,73419,18938704
1790130065868878530,15886718,13407788,3460,2388548,73420,18938704
1790130065986945108,15887474,13407861,3460,2389226,73420,18938704
1790130066101079833,15888204,13407920,3460,2389891,73422,18938704
1790130066218217969,15888950,13408006,3460,2390549,73422,18938704
1790130066335290445,15889702,13408156,3460,2391147,73422,18938704
1790130066446904322,15890430,13408263,3460,2391750,73422,18938704
1790130066564855357,15891186,13408335,3460,2392430,73422,18938704
1790130066682869386,15891936,13408497,3460,2393016,73423,18938704
1790130066800871328,15892689,13408612,3460,2393652,73423,18938704
1790130066915571628,15893420,13408634,3460,2394365,73423,18938704
1790130067033356495,15894175,13408728,3460,2395019,73424,18938704
1790130067150362797,15894919,13408850,3460,2395641,73424,18938704
1790130067268443249,15895677,13409015,3460,2396224,73427,18938704
1790130067386366742,15896435,13409182,3460,2396809,73427,18938704
1790130067504870145,15897192,13409318,3460,2397422,73427,18938704
1790130067623038315,15897943,13409408,3460,2398083,73427,18938704
1790130067740890473,15898698,13409482,3460,2398760,73428,18938704
1790130067855072554,15899425,13409563,3460,2399402,73429,18938704
1790130067972885854,15900176,13409634,3460,2400082,73429,18938704
1790130068089951095,15900923,13409787,3460,2400673,73430,18938704
1790130068206447271,15901668,13409909,3460,2401295,73430,18938704
1790130068324327376,15902423,13410030,3460,2401923,73430,18938704
1790130068439500014,15903159,13410132,3460,2402554,73430,18938704
1790130068556301978,15903909,13410269,3460,2403156,73430,18938704
1790130068670644209,15904639,13410308,3460,2403851,73430,18938704
1790130068786499630,15905379,13410428,3460,2404465,73431,18938704
1790130068904605885,15906137,13410508,3460,2405137,73432,18938704
1790130069022057550,15906887,13410635,3460,2405752,73433,18938704
1790130069140203728,15907643,13410771,3460,2406367,73433,18938704
1790130069258605605,15908397,13410899,3460,2406995,73434,18938704
1790130069376509388,15909155,13411043,3460,2407602,73435,18938704
1790130069492682495,15909896,13411208,3460,2408175,73435,18938704
1790130069606488929,15910626,13411316,3460,2408792,73435,18938704
1790130069724611106,15911382,13411388,3460,2409472,73435,18938704
1790130069843253002,15912142,13411541,3460,2410069,73436,18938704
1790130069960735519,15912903,13411642,3460,2410718,73436,18938704
1790130070078520337,15913653,13411768,3460,2411342,73436,18938704
1790130070197146440,15914406,13411865,3460,2411998,73438,18938704
1790130070312860965,15915145,13411991,3460,2412608,73438,18938704
1790130070427370726,15915873,13412016,3460,2413315,73438,18938704
1790130070541444742,15916609,13412144,3460,2413912,73438,18938704
1790130070659381460,15917369,13412225,3460,2414583,73438,18938704
1790130070777413539,15918127,13412372,3460,2415185,73439,18938704
1790130070895465011,15918887,13412498,3460,2415809,73440,18938704
1790130071014041403,15919645,13412657,3460,2416401,73440,18938704
1790130071131849282,15920406,13412738,3460,2417070,73440,18938704
1790130071249755554,15921161,13412827,3460,2417733,73440,18938704
1790130071364093339,15921883,13412926,3460,2418357,73441,18938704
1790130071482245898,15922640,13413041,3460,2418997,73442,18938704
1790130071598614678,15923384,13413202,3460,2419577,73442,18938704
1790130071716174465,15924139,13413324,3460,2420198,73443,18938704
1790130071834055836,15924893,13413457,3460,2420818,73443,18938704
1790130071946876645,15925619,13413592,3460,2421400,73443,18938704
1790130072063676528,15926368,13413745,3460,2421991,73444,18938704
1790130072178189898,15927096,13413788,3460,2422675,73444,18938704
1790130072295822813,15927840,13413892,3460,2423320,73445,18938704
1790130072412043360,15928582,13413989,3460,2423961,73445,18938704
1790130072530212389,15929328,13414139,3460,2424559,73445,18938704
1790130072648446842,15930079,13414263,3460,2425192,73445,18938704
1790130072766355862,15930837,13414382,3460,2425823,73446,18938704
1790130072884730584,15931603,13414461,3460,2426497,73446,18938704
1790130073002005116,15932355,13414535,3460,2427169,73446,18938704
1790130073116765831,15933088,13414618,3460,2427817,73446,18938704
1790130073235164068,15933843,13414736,3460,2428457,73446,18938704
1790130073353626681,15934594,13414848,3460,2429094,73447,18938704
1790130073471880467,15935361,13414946,3460,2429747,73447,18938704
1790130073589962411,15936114,13415079,3460,2430365,73447,18938704
1790130073706508362,15936856,13415214,3460,2430973,73448,18938704
1790130073824619292,15937609,13415291,3460,2431646,73449,18938704
1790130073938989792,15938349,13415343,3460,2432320,73450,18938704
1790130074055877182,15939106,13415445,3460,2432961,73450,18938704
1790130074173836102,15939860,13415564,3460,2433594,73451,18938704
1790130074286755342,15940587,13415696,3460,2434179,73451,18938704
1790130074404872587,15941341,13415835,3460,2434791,73451,18938704
1790130074522958915,15942102,13416016,3460,2435359,73452,18938704
1790130074640772708,15942858,13416087,3460,2436042,73452,18938704
1790130074754488834,15943579,13416163,3460,2436691,73452,18938704
1790130074868684655,15944317,13416241,3460,2437338,73453,18938704
1790130074986509544,15945063,13416368,3460,2437962,73453,18938704
1790130075101184205,15945800,13416390,3460,2438668,73453,18938704
1790130075215172437,15946520,13416472,3460,2439310,73453,18938704
1790130075333047317,15947270,13416602,3460,2439931,73453,18938704
1790130075447408423,15948000,13416624,3460,2440643,73453,18938704
1790130075565624107,15948755,13416720,3460,2441295,73454,18938704
1790130075680640082,15949485,13416857,3460,2441890,73455,18938704
1790130075795019897,15950224,13416897,3460,2442577,73455,18938704
1790130075911219639,15950971,13417041,3460,2443170,73455,18938704
1790130076029393894,15951721,13417128,3460,2443839,73456,18938704
1790130076143856876,15952455,13417173,3460,2444521,73456,18938704
1790130076260311106,15953195,13417277,3460,2445159,73458,18938704
1790130076378203617,15953943,13417366,3460,2445815,73458,18938704
1790130076492577857,15954673,13417434,3460,2446476,73460,18938704
1790130076610641316,15955421,13417533,3460,2447128,73460,18938704
1790130076728651095,15956174,13417620,3460,2447793,73460,18938704
1790130076843320623,15956909,13417705,3460,2448438,73460,18938704
1790130076961467128,15957665,13417785,3460,2449110,73460,18938704
1790130077079087924,15958421,13417872,3460,2449769,73460,18938704
1790130077193665511,15959157,13417971,3460,2450400,73461,18938704
1790130077311752145,15959910,13418123,3460,2450999,73461,18938704
1790130077426223141,15960640,13418167,3460,2451682,73461,18938704
1790130077540437970,15961359,13418261,3460,2452316,73464,18938704
1790130077658587285,15962115,13418394,3460,2452935,73464,18938704
1790130077773012768,15962850,13418426,3460,2453630,73464,18938704
1790130077889207490,15963594,13418566,3460,2454121,73573,18938704
1790130078007340327,15964346,13418725,3460,2454265,74017,18938704
1790130078122267491,15965080,13418978,3460,2454674,74075,18938704
1790130078238910740,15965798,13419242,3460,2455128,74088,18938704
1790130078356609289,15966553,13419506,3460,2455588,74100,18938704
1790130078472934355,15967276,13419755,3460,2456050,74113,18938704
1790130078590685612,15968009,13419999,3460,2456531,74125,18938704
1790130078708703930,15968756,13420233,3460,2457031,74134,18938704
1790130078823484207,15969471,13420482,3460,2457481,74151,18938704
1790130078939192441,15970207,13420738,3460,2457939,74163,18938704
1790130079055491608,15970912,13421019,3460,2458372,74176,18938704
1790130079172197460,15971646,13421291,3460,2458821,74187,18938704
1790130079286055107,15972371,13421549,3460,2459265,74201,18938704
1790130079406228996,15973108,13421791,3460,2459761,74213,18938704
1790130079522529806,15973848,13422091,3460,2460174,74229,18938704
1790130079639102112,15974590,13422374,3460,2460607,74240,18938704
1790130079754511339,15975308,13422665,3460,2461027,74254,18938704
1790130079870410414,15976035,13422929,3460,2461475,74267,18938704
1790130079986762420,15976766,13423179,3460,2461948,74278,18938704
1790130080104586778,15977482,13423424,3460,2462426,74288,18938704
1790130080220399498,15978206,13423676,3460,2462886,74303,18938704
1790130080335996962,15978917,13423928,3460,2463343,74315,18938704
1790130080452001084,15979675,13424177,3460,2463804,74330,18938704
1790130080568445182,15980413,13424447,3460,2464248,74344,18938704
1790130080683458595,15981130,13424689,3460,2464717,74355,18938704
1790130080799958474,15981869,13424948,3460,2465108,74439,18938704
1790130080915032325,15982583,13425209,3460,2465552,74454,18938704
1790130081030847765,15983313,13425476,3460,2465992,74468,18938704
1790130081146113600,15984043,13425731,3460,2466448,74479,18938704
1790130081261174835,15984748,13425993,3460,2466892,74493,18938704
1790130081378729246,15985483,13426238,3460,2467373,74504,18938704
1790130081496433571,15986212,13426490,3460,2467844,74519,18938704
1790130081612338522,15986961,13426763,3460,2468281,74533,18938704
1790130081728409911,15987699,13427022,3460,2468736,74545,18938704
1790130081843997698,15988431,13427282,3460,2469185,74558,18938704
1790130081957659544,15989129,13427521,3460,2469647,74568,18938704
1790130082072637512,15989863,13427742,3460,2470136,74582,18938704
1790130082190492214,15990588,13427996,3460,2470605,74595,18938704
1790130082306455648,15991316,13428248,3460,2471066,74607,18938704
1790130082421459387,15992034,13428504,3460,2471517,74621,18938704
1790130082538486018,15992784,13428763,3460,2471981,74632,18938704
1790130082653864610,15993500,13429028,3460,2472425,74647,18938704
1790130082769606451,15994231,13429267,3460,2472902,74656,18938704
1790130082887571307,15994991,13429559,3460,2473328,74675,18938704
1790130083003716262,15995717,13429859,3460,2473744,74686,18938704
1790130083117210044,15996430,13430113,3460,2474188,74702,18938704
1790130083232069437,15997139,13430361,3460,2474645,74713,18938704
1790130083348285105,15997876,13430602,3460,2475120,74723,18938704
1790130083466995255,15998662,13430837,3460,2475620,74736,18938704
1790130083583538979,15999397,13431109,3460,2476060,74750,18938704
1790130083699185589,16000137,13431373,3460,2476502,74767,18938704
1790130083812961260,16000837,13431630,3460,2476944,74781,18938704
1790130083930329607,16001566,13431904,3460,2477395,74792,18938704
1790130084044932254,16002298,13432179,3460,2477824,74804,18938704
1790130084162246370,16003053,13432397,3460,2478273,74877,18938704
1790130084277260786,16003785,13432656,3460,2478716,74894,18938704
1790130084393765821,16004529,13432910,3460,2479182,74906,18938704
1790130084509350680,16005252,13433203,3460,2479594,74922,18938704
1790130084626940029,16005997,13433460,3460,2480057,74935,18938704
1790130084744689928,16006734,13433728,3460,2480524,74945,18938704
1790130084859850043,16007449,13433961,3460,2480996,74958,18938704
1790130084975430652,16008176,13434202,3460,2481454,74977,18938704
1790130085090916736,16008923,13434460,3460,2481903,74992,18938704
1790130085204839200,16009639,13434697,3460,2482366,75004,18938704
1790130085318666087,16010371,13434957,3460,2482806,75017,18938704
1790130085434465736,16011110,13435179,3460,2483309,75025,18938704
1790130085551286709,16011857,13435441,3460,2483760,75039,18938704
1790130085667090790,16012587,13435701,3460,2484203,75057,18938704
1790130085783394915,16013295,13435958,3460,2484661,75071,18938704
1790130085899624788,16014035,13436243,3460,2485091,75085,18938704
1790130086015212778,16014751,13436502,3460,2485539,75099,18938704
1790130086130979137,16015496,13436739,3460,2486027,75106,18938704
1790130086247475232,16016234,13437001,3460,2486482,75120,18938704
1790130086363726213,16016962,13437253,3460,2486945,75131,18938704
1790130086479424367,16017692,13437509,3460,2487397,75143,18938704
1790130086595135805,16018433,13437764,3460,2487853,75156,18938704
1790130086710510515,16019141,13438064,3460,2488264,75166,18938704
1790130086823629700,16019861,13438313,3460,2488716,75175,18938704
1790130086941493420,16020599,13438576,3460,2489174,75192,18938704
1790130087058611173,16021321,13438821,3460,2489646,75205,18938704
1790130087175177921,16022070,13439071,3460,2490111,75222,18938704
1790130087292071030,16022803,13439346,3460,2490552,75238,18938704
1790130087407608003,16023516,13439607,3460,2491005,75249,18938704
1790130087522310205,16024267,13439835,3460,2491425,75313,18938704
1790130087637759443,16024991,13440077,3460,2491867,75358,18938704
1790130087753119330,16025706,13440329,3460,2492321,75370,18938704
1790130087866419690,16026397,13440578,3460,2492768,75388,18938704
1790130087982286325,16027130,13440840,3460,2493214,75402,18938704
1790130088098148391,16027863,13441085,3460,2493679,75417,18938704
1790130088216023627,16028632,13441320,3460,2494175,75425,18938704
1790130088332256458,16029352,13441572,3460,2494635,75439,18938704
1790130088446527750,16030060,13441822,3460,2495089,75451,18938704
1790130088561566861,16030772,13442064,3460,2495552,75464,18938704
1790130088675422439,16031471,13442336,3460,2495984,75476,18938704
1790130088790751699,16032203,13442610,3460,2496428,75485,18938704
1790130088909949422,16032970,13442874,3460,2496895,75499,18938704
1790130089026269102,16033701,13443135,3460,2497346,75511,18938704
1790130089143980675,16034443,13443395,3460,2497810,75526,18938704
1790130089260380010,16035181,13443643,3460,2498275,75537,18938704
1790130089375758174,16035880,13443884,3460,2498746,75545,18938704
1790130089490905143,16036601,13444108,3460,2499236,75558,18938704
1790130089608839645,16037323,13444359,3460,2499710,75568,18938704
1790130089724667738,16038059,13444615,3460,2500162,75585,18938704
1790130089841533139,16038789,13444873,3460,2500623,75595,18938704
1790130089955522628,16039504,13445145,3460,2501057,75605,18938704
1790130090071274796,16040217,13445424,3460,2501485,75621,18938704
1790130090184712577,16040934,13445687,3460,2501928,75634,18938704
1790130090301260659,16041680,13445924,3460,2502404,75648,18938704
1790130090418105092,16042427,13446183,3460,2502855,75666,18938704
1790130090533899254,16043160,13446432,3460,2503315,75683,18938704
1790130090651118801,16043880,13446702,3460,2503766,75693,18938704
1790130090766551459,16044631,13446971,3460,2504209,75705,18938704
1790130090881186080,16045346,13447194,3460,2504694,75716,18938704
1790130090999229550,16046089,13447427,3460,2505108,75807,18938704
1790130091114503528,16046822,13447689,3460,2505558,75823,18938704
1790130091230465504,16047545,13447953,3460,2505998,75836,18938704
1790130091345702038,16048268,13448197,3460,2506461,75851,18938704
1790130091461575150,16048985,13448437,3460,2506931,75864,18938704
1790130091575228710,16049735,13448663,3460,2507411,75872,18938704
1790130091692980979,16050468,13448917,3460,2507882,75884,18938704
1790130091808113199,16051201,13449172,3460,2508334,75898,18938704
1790130091925256384,16051922,13449425,3460,2508796,75912,18938704
1790130092040448725,16052649,13449685,3460,2509245,75926,18938704
1790130092156341876,16053386,13449989,3460,2509659,75937,18938704
1790130092270937647,16054115,13450229,3460,2510132,75946,18938704
1790130092387375926,16054832,13450496,3460,2510582,75955,18938704
1790130092502734114,16055575,13450748,3460,2511034,75973,18938704
1790130092619160656,16056319,13451017,3460,2511480,75985,18938704
1790130092735464592,16057051,13451271,3460,2511938,76000,18938704
1790130092853122601,16057785,13451525,3460,2512411,76015,18938704
1790130092969001621,16058518,13451781,3460,2512863,76032,18938704
1790130093084226657,16059244,13452052,3460,2513301,76046,18938704
1790130093200404671,16059978,13452316,3460,2513748,76059,18938704
1790130093316229518,16060698,13452579,3460,2514195,76072,18938704
1790130093431514403,16061417,13452831,3460,2514654,76086,18938704
1790130093546925016,16062126,13453047,3460,2515144,76100,18938704
1790130093666042870,16062892,13453296,3460,2515628,76112,18938704
1790130093781491495,16063631,13453549,3460,2516081,76128,18938704
1790130093895329655,16064335,13453819,3460,2516513,76140,18938704
1790130094011173772,16065057,13454075,3460,2516963,76154,18938704
1790130094127846866,16065786,13454356,3460,2517405,76161,18938704
1790130094242198191,16066506,13454626,3460,2517848,76169,18938704
1790130094358511119,16067227,13454889,3460,2518233,76254,18938704
1790130094476133408,16067963,13455179,3460,2518664,76265,18938704
1790130094592934289,16068688,13455432,3460,2519125,76281,18938704
1790130094709971654,16069403,13455688,3460,2519589,76294,18938704
1790130094827087540,16070130,13455948,3460,2520049,76306,18938704
1790130094940774669,16070840,13456178,3460,2520525,76315,18938704
1790130095057391132,16071554,13456421,3460,2520995,76333,18938704
1790130095174405698,16072297,13456687,3460,2521444,76348,18938704
1790130095291543199,16073041,13456944,3460,2521904,76366,18938704
1790130095408503312,16073765,13457209,3460,2522360,76380,18938704
1790130095524535421,16074478,13457457,3460,2522821,76397,18938704
1790130095642612807,16075204,13457692,3460,2523316,76406,18938704
1790130095757844139,16075918,13457945,3460,2523770,76419,18938704
1790130095874716800,16076657,13458208,3460,2524225,76433,18938704
1790130095990975697,16077387,13458462,3460,2524686,76446,18938704
1790130096107359137,16078120,13458715,3460,2525143,76462,18938704
1790130096219930729,16078822,13458962,3460,2525585,76477,18938704
1790130096336059592,16079549,13459200,3460,2526065,76489,18938704
1790130096452198029,16080274,13459448,3460,2526525,76507,18938704
1790130096569154439,16081005,13459700,3460,2526988,76522,18938704
1790130096685960854,16081752,13459965,3460,2527441,76536,18938704
1790130096803010395,16082473,13460219,3460,2527904,76552,18938704
1790130096919933320,16083191,13460467,3460,2528378,76562,18938704
1790130097032676435,16083884,13460719,3460,2528824,76573,18938704
1790130097149597463,16084620,13460976,3460,2529289,76583,18938704
1790130097266532286,16085349,13461252,3460,2529732,76597,18938704
1790130097382433238,16086078,13461506,3460,2530190,76608,18938704
1790130097497510788,16086799,13461754,3460,2530648,76620,18938704
1790130097612254787,16087521,13462000,3460,2531112,76631,18938704
1790130097730658485,16088251,13462239,3460,2531534,76714,18938704
1790130097846721237,16088985,13462502,3460,2531974,76735,18938704
1790130097962910049,16089722,13462765,3460,2532420,76753,18938704
1790130098078690195,16090433,13463036,3460,2532860,76766,18938704
1790130098195129876,16091174,13463292,3460,2533325,76777,18938704
1790130098310323484,16091900,13463508,3460,2533822,76786,18938704
1790130098427436517,16092633,13463754,3460,2534297,76796,18938704
1790130098543278580,16093366,13464000,3460,2534760,76812,18938704
1790130098657895307,16094084,13464257,3460,2535209,76827,18938704
1790130098772600341,16094808,13464511,3460,2535655,76841,18938704
1790130098888227525,16095537,13464768,3460,2536110,76854,18938704
1790130099006197805,16096283,13464999,3460,2536608,76865,18938704
1790130099122572519,16097028,13465256,3460,2537067,76877,18938704
1790130099238955416,16097761,13465523,3460,2537510,76895,18938704
1790130099354483948,16098477,13465785,3460,2537957,76909,18938704
1790130099468659106,16099196,13466033,3460,2538403,76926,18938704
1790130099582299770,16099895,13466271,3460,2538860,76943,18938704
1790130099697451018,16100623,13466496,3460,2539347,76955,18938704
1790130099814380541,16101367,13466755,3460,2539804,76972,18938704
1790130099929061365,16102061,13467000,3460,2540265,76984,18938704
1790130100044244511,16102772,13467275,3460,2540697,76997,18938704
1790130100160315576,16103500,13467538,3460,2541141,77013,18938704
1790130100277305632,16104224,13467887,3460,2541515,77025,18938704
1790130100390536513,16104935,13468122,3460,2541982,77033,18938704
1790130100508254151,16105663,13468375,3460,2542454,77045,18938704
1790130100623854123,16106399,13468625,3460,2542913,77059,18938704
1790130100739945480,16107119,13468894,3460,2543359,77074,18938704
1790130100855186806,16107838,13469151,3460,2543806,77087,18938704
1790130100967919520,16108554,13469409,3460,2544240,77102,18938704
1790130101085224417,16109278,13469678,3460,2544696,77114,18938704
1790130101201053859,16110001,13469916,3460,2545093,77203,18938704
1790130101315621733,16110732,13470175,3460,2545539,77216,18938704
1790130101430859430,16111452,13470432,3460,2545990,77228,18938704
1790130101546889370,16112198,13470699,3460,2546439,77239,18938704
1790130101661570875,16112921,13471013,3460,2546834,77249,18938704
1790130101780247916,16113673,13471252,3460,2547328,77259,18938704
1790130101895737986,16114402,13471524,3460,2547767,77270,18938704
1790130102009683240,16115120,13471767,3460,2548223,77284,18938704
1790130102125897384,16115835,13472023,3460,2548676,77301,18938704
1790130102242016111,16116572,13472285,3460,2549133,77309,18938704
1790130102356354266,16117281,13472524,3460,2549602,77319,18938704
1790130102473128801,16118009,13472773,3460,2550069,77337,18938704
1790130102588673995,16118731,13473032,3460,2550517,77350,18938704
1790130102704169748,16119454,13473283,3460,2550977,77363,18938704
1790130102820199495,16120182,13473557,3460,2551414,77381,18938704
1790130102935633010,16120902,13473830,3460,2551848,77393,18938704
1790130103048725402,16121617,13474121,3460,2552259,77403,18938704
1790130103167545251,16122383,13474373,3460,2552733,77422,18938704
1790130103284849261,16123112,13474619,3460,2553201,77439,18938704
1790130103401867004,16123836,13474879,3460,2553658,77453,18938704
1790130103517993483,16124564,13475128,3460,2554119,77469,18938704
1790130103635123473,16125289,13475386,3460,2554578,77485,18938704
1790130103750939557,16126019,13475645,3460,2555037,77495,18938704
1790130103868422182,16126745,13475912,3460,2555488,77513,18938704
1790130103984251362,16127480,13476198,3460,2555916,77523,18938704
1790130104100598984,16128198,13476455,3460,2556377,77534,18938704
1790130104215520137,16128909,13476712,3460,2556822,77546,18938704
1790130104332144951,16129662,13476980,3460,2557270,77560,18938704
1790130104449761710,16130390,13477229,3460,2557747,77573,18938704
1790130104567505434,16131128,13477461,3460,2558165,77661,18938704
1790130104683320187,16131836,13477705,3460,2558636,77673,18938704
1790130104798859865,16132560,13477951,3460,2559094,77687,18938704
1790130104915445796,16133309,13478204,3460,2559558,77700,18938704
1790130105031153210,16134037,13478447,3460,2560029,77711,18938704
1790130105146874283,16134790,13478685,3460,2560504,77725,18938704
1790130105263991018,16135531,13478946,3460,2560963,77738,18938704
1790130105380743366,16136262,13479194,3460,2561427,77754,18938704
1790130105495871484,16136990,13479441,3460,2561888,77767,18938704
1790130105611767633,16137719,13479691,3460,2562348,77782,18938704
1790130105727974335,16138443,13479955,3460,2562806,77792,18938704
1790130105849960300,16139195,13480199,3460,2563312,77802,18938704
1790130105966426255,16139912,13480453,3460,2563771,77818,18938704
1790130106081701953,16140645,13480715,3460,2564223,77828,18938704
1790130106198241385,16141377,13480984,3460,2564661,77847,18938704
1790130106315392497,16142127,13481248,3460,2565117,77861,18938704
1790130106431953385,16142860,13481485,3460,2565603,77869,18938704
1790130106548636673,16143571,13481735,3460,2566072,77880,18938704
1790130106665303087,16144299,13481996,3460,2566526,77899,18938704
1790130106779124065,16145025,13482245,3460,2566974,77912,18938704
1790130106893576894,16145755,13482498,3460,2567426,77923,18938704
1790130107010076493,16146503,13482747,3460,2567891,77936,18938704
1790130107128459405,16147261,13483007,3460,2568368,77947,18938704
1790130107246463487,16148011,13483260,3460,2568766,78033,18938704
1790130107361519119,16148727,13483518,3460,2569215,78046,18938704
1790130107475922854,16149464,13483765,3460,2569667,78063,18938704
1790130107592215992,16150209,13484013,3460,2570126,78083,18938704
1790130107705730261,16150943,13484285,3460,2570553,78096,18938704
1790130107822987436,16151693,13484511,3460,2571054,78105,18938704
1790130107937457147,16152410,13484773,3460,2571495,78120,18938704
1790130108051919228,16153114,13485024,3460,2571946,78133,18938704
1790130108167193724,16153846,13485286,3460,2572390,78146,18938704
1790130108282945923,16154581,13485555,3460,2572834,78161,18938704
1790130108397085185,16155298,13485842,3460,2573252,78171,18938704
1790130108511655148,16156020,13486061,3460,2573739,78181,18938704
1790130108628352382,16156768,13486316,3460,2574201,78195,18938704
1790130108743952279,16157513,13486582,3460,2574646,78209,18938704
1790130108860394177,16158235,13486834,3460,2575105,78225,18938704
1790130108976701874,16158954,13487083,3460,2575573,78235,18938704
1790130109092160053,16159683,13487332,3460,2576029,78252,18938704
1790130109206964640,16160416,13487562,3460,2576507,78264,18938704
1790130109323289821,16161152,13487813,3460,2576976,78273,18938704
1790130109438983550,16161884,13488080,3460,2577413,78288,18938704
1790130109555045495,16162616,13488333,3460,2577872,78306,18938704
1790130109670117858,16163341,13488571,3460,2578334,78321,18938704
1790130109786320036,16164059,13488826,3460,2578796,78335,18938704
1790130109906509048,16164799,13489081,3460,2579279,78348,18938704
1790130110023351359,16165525,13489332,3460,2579747,78362,18938704
1790130110138113495,16166249,13489573,3460,2580204,78378,18938704
1790130110254100224,16166991,13489824,3460,2580670,78389,18938704
1790130110371170269,16167718,13490074,3460,2581138,78403,18938704
1790130110486151123,16168429,13490309,3460,2581613,78417,18938704
1790130110602566070,16169142,13490552,3460,2582013,78499,18938704
1790130110718285215,16169873,13490813,3460,2582466,78509,18938704
1790130110834872585,16170615,13491080,3460,2582912,78525,18938704
1790130110948906515,16171352,13491325,3460,2583366,78540,18938704
1790130111064183690,16172062,13491585,3460,2583813,78552,18938704
1790130111177255196,16172774,13491909,3460,2584191,78562,18939344
1790130111289248141,16173489,13492604,3460,2584193,78570,18974544
1790130111403144625,16174224,13492856,3460,2584653,78578,18974434
1790130111521166357,16174979,13492922,3460,2585342,78579,18974562
1790130111636702278,16175714,13493009,3460,2585984,78585,18975074
1790130111750890771,16176444,13493097,3460,2586622,78586,18975074
1790130111869241685,16177203,13493199,3460,2587275,78586,18975074
1790130111981820534,16177926,13493255,3460,2587935,78586,18975074
1790130112096430888,16178652,13493351,3460,2588569,78587,18975074
1790130112214508609,16179401,13493446,3460,2589225,78587,18975074
1790130112329148886,16180137,13493481,3460,2589917,78587,18975074
1790130112443686871,16180866,13493592,3460,2590536,78588,18975074
1790130112561477783,16181616,13493752,3460,2591127,78588,18975074
1790130112674149969,16182341,13493815,3460,2591780,78588,18975074
1790130112788863839,16183083,13493920,3460,2592406,78588,18975074
1790130112907081666,16183841,13494062,3460,2593018,78588,18975074
1790130113020241203,16184562,13494147,3460,2593651,78588,18975074
1790130113134776695,16185294,13494265,3460,2594264,78588,18975074
1790130113253055124,16186045,13494372,3460,2594911,78589,18975074
1790130113367712080,16186778,13494437,3460,2595577,78589,18975074
1790130113481988424,16187502,13494525,3460,2596212,78589,18975074
1790130113599964458,16188257,13494659,3460,2596836,78590,18975074
1790130113715509745,16188991,13494708,3460,2597519,78590,18975074
1790130113829588523,16189703,13494803,3460,2598148,78591,18975074
1790130113947398460,16190460,13494930,3460,2598772,78591,18975074
1790130114062406980,16191195,13494951,3460,2599484,78591,18975074
1790130114177111942,16191926,13495036,3460,2600124,78592,18975074
1790130114295281936,16192680,13495168,3460,2600748,78592,18975074
1790130114409451175,16193409,13495190,3460,2601455,78592,18975074
1790130114523978555,16194149,13495276,3460,2602093,78593,18975074
1790130114641876671,16194906,13495429,3460,2602690,78593,18975074
1790130114756370790,16195635,13495462,3460,2603391,78593,18975074
1790130114870854793,16196374,13495558,3460,2604019,78594,18975074
1790130114988888802,16197125,13495710,3460,2604618,78594,18975074
1790130115107018839,16197881,13495838,3460,2605243,78595,18975074
1790130115223173886,16198627,13495928,3460,2605890,78595,18975074
1790130115341301166,16199387,13496060,3460,2606514,78595,18975074
1790130115455334341,16200118,13496230,3460,2607069,78595,18975074
1790130115573502045,16200872,13496361,3460,2607690,78595,18975074
1790130115688094289,16201603,13496437,3460,2608338,78596,18975074
1790130115799555232,16202308,13496531,3460,2608917,78632,18975074
1790130115911214052,16203029,13496686,3460,2609426,78676,18975074
1790130116029466127,16203786,13496828,3460,2610019,78696,18975074
1790130116145739381,16204531,13496936,3460,2610650,78698,18975074
1790130116263860208,16205282,13497092,3460,2611243,78698,18975074
1790130116379419509,16206015,13497231,3460,2611841,78699,18975074
1790130116497486783,16206772,13497357,3460,2612466,78699,18975074
1790130116612109979,16207508,13497418,3460,2613132,78699,18975074
1790130116727093576,16208242,13497576,3460,2613707,78700,18975074
1790130116843554869,16208988,13497692,3460,2614332,78700,18975074
1790130116961689685,16209740,13497852,3460,2614921,78701,18975074
1790130117079775640,16210493,13497995,3460,2615531,78702,18975074
1790130117197863729,16211252,13498136,3460,2616138,78702,18975074
1790130117316358758,16212004,13498277,3460,2616753,78703,18975074
1790130117434538818,16212762,13498356,3460,2617427,78703,18975074
1790130117549374127,16213501,13498419,3460,2618095,78703,18975074
1790130117665773661,16214244,13498522,3460,2618730,78703,18975074
1790130117783733552,16214999,13498694,3460,2619310,78703,18975074
1790130117902059331,16215748,13498790,3460,2619963,78704,18975074
1790130118018998828,16216489,13498921,3460,2620577,78704,18975074
1790130118137304980,16217228,13499056,3460,2621196,78705,18975074
1790130118255709361,16217985,13499159,3460,2621846,78705,18975074
1790130118369721421,16218716,13499211,3460,2622521,78705,18975074
1790130118484202716,16219447,13499293,3460,2623163,78706,18975074
1790130118602215761,16220203,13499410,3460,2623801,78706,18975074
1790130118719483207,16220960,13499574,3460,2624382,78707,18975074
1790130118836321877,16221707,13499717,3460,2624982,78708,18975074
1790130118954117350,16222459,13499804,3460,2625641,78708,18975074
1790130119071454273,16223205,13499976,3460,2626217,78709,18975074
1790130119189379740,16223964,13500148,3460,2626796,78709,18975074
1790130119305565752,16224705,13500169,3460,2627515,78709,18975074
1790130119420608546,16225443,13500250,3460,2628165,78710,18975074
1790130119538515195,16226195,13500401,3460,2628764,78710,18975074
1790130119656538685,16226947,13500553,3460,2629362,78710,18975074
1790130119774335807,16227699,13500697,3460,2629968,78711,18975074
1790130119892356329,16228446,13500831,3460,2630584,78712,18975074
1790130120009509125,16229197,13500920,3460,2631238,78714,18975074
1790130120122974946,16229925,13501045,3460,2631833,78714,18975074
1790130120237352501,16230651,13501071,3460,2632539,78714,18975074
1790130120355040478,16231408,13501163,3460,2633194,78714,18975074
1790130120466728881,16232123,13501293,3460,2633775,78714,18975074
1790130120585073984,16232883,13501428,3460,2634389,78715,18975074
1790130120703303437,16233639,13501534,3460,2635038,78715,18975074
1790130120816282474,16234355,13501719,3460,2635569,78715,18975074
1790130120933753179,16235112,13501871,3460,2636167,78716,18975074
1790130121054871965,16235888,13501985,3460,2636823,78716,18975074
1790130121169172942,16236623,13502043,3460,2637492,78716,18975074
1790130121284597244,16237358,13502161,3460,2638111,78716,18975074
1790130121402533694,16238118,13502246,3460,2638777,78716,18975074
1790130121521109521,16238880,13502378,3460,2639395,78717,18975074
1790130121639064439,16239645,13502512,3460,2640012,78717,18975074
1790130121756999339,16240397,13502652,3460,2640621,78718,18975074
1790130121875150644,16241154,13502734,3460,2641290,78718,18975074
1790130121991915716,16241899,13502849,3460,2641921,78718,18975074
1790130122106061132,16242626,13502958,3460,2642535,78719,18975074
1790130122224058739,16243380,13503066,3460,2643179,78719,18975074
1790130122340874428,16244139,13503253,3460,2643737,78719,18975074
1790130122455028781,16244866,13503393,3460,2644321,78720,18975074
1790130122573038177,16245618,13503496,3460,2644969,78720,18975074
1790130122690931646,16246374,13503690,3460,2645525,78720,18975074
1790130122809074648,16247127,13503852,3460,2646114,78720,18975074
1790130122923626462,16247857,13503885,3460,2646814,78720,18975074
1790130123038242330,16248584,13503982,3460,2647441,78722,18975074
1790130123156279391,16249339,13504154,3460,2648019,78722,18975074
1790130123274273295,16250093,13504292,3460,2648631,78722,18975074
1790130123393012346,16250854,13504427,3460,2649253,78723,18975074
1790130123510938031,16251601,13504558,3460,2649873,78723,18975074
1790130123628952512,16252356,13504654,3460,2650526,78724,18975074
1790130123746858106,16253105,13504800,3460,2651129,78724,18975074
1790130123872860532,16253905,13504833,3460,2651884,78725,18975074
1790130123984665207,16254609,13504977,3460,2652451,78726,18975074
1790130124098583075,16255333,13505149,3460,2653004,78726,18975074
1790130124216462510,16256095,13505317,3460,2653585,78727,18975074
1790130124334350199,16256850,13505416,3460,2654238,78727,18975074
1790130124452166289,16257605,13505564,3460,2654837,78728,18975074
1790130124568568984,16258342,13505717,3460,2655424,78728,18975074
1790130124686717690,16259106,13505800,3460,2656092,78728,18975074
1790130124801551330,16259828,13505860,3460,2656765,78729,18975074
1790130124915724285,16260555,13505976,3460,2657372,78730,18975074
1790130125033695654,16261305,13506075,3460,2658023,78731,18975074
1790130125152032247,16262059,13506234,3460,2658614,78732,18975074
1790130125270328196,16262812,13506380,3460,2659225,78732,18975074
1790130125388619131,16263568,13506535,3460,2659820,78732,18975074
1790130125506604897,16264321,13506626,3460,2660480,78732,18975074
1790130125624509099,16265074,13506713,3460,2661145,78732,18975074
1790130125739226312,16265807,13506793,3460,2661789,78733,18975074
1790130125856511676,16266559,13506884,3460,2662450,78733,18975074
1790130125974452684,16267306,13507018,3460,2663067,78733,18975074
1790130126088048553,16268034,13507146,3460,2663659,78734,18975074
1790130126205875668,16268789,13507248,3460,2664306,78734,18975074
1790130126324087658,16269547,13507418,3460,2664885,78735,18975074
1790130126441937404,16270299,13507593,3460,2665463,78735,18975074
1790130126555349387,16271022,13507663,3460,2666117,78735,18975074
1790130126669380438,16271759,13507754,3460,2666749,78736,18975074
1790130126787668830,16272520,13507893,3460,2667363,78736,18975074
1790130126905610675,16273261,13508071,3460,2667933,78737,18975074
1790130127023599573,16274012,13508180,3460,2668574,78737,18975074
1790130127141589754,16274767,13508296,3460,2669209,78738,18975074
1790130127260059275,16275527,13508448,3460,2669807,78739,18975074
1790130127377560654,16276276,13508589,3460,2670417,78739,18975074
1790130127496868032,16277044,13508613,3460,2671153,78739,18975074
1790130127615854985,16277810,13508711,3460,2671809,78740,18975074
1790130127732857509,16278565,13508886,3460,2672378,78740,18975074
1790130127858858778,16279372,13509013,3460,2673050,78741,18975074
1790130127979877923,16280148,13509140,3460,2673694,78742,18975074
1790130128098137849,16280901,13509258,3460,2674324,78742,18975074
1790130128217690880,16281671,13509381,3460,2674964,78743,18975074
1790130128341862152,16282466,13509461,3460,2675674,78743,18975074
1790130128465777961,16283249,13509545,3460,2676379,78744,18975074
1790130128583873114,16284002,13509638,3460,2677037,78744,18975074
1790130128701226910,16284756,13509830,3460,2677589,78744,18975074
1790130128820873814,16285523,13509986,3460,2678196,78745,18975074
1790130128938995894,16286272,13510128,3460,2678805,78745,18975074
1790130129055272953,16287006,13510319,3460,2679350,78746,18975074
1790130129173575233,16287762,13510515,3460,2679911,78746,18975074
1790130129286439086,16288482,13510559,3460,2680588,78746,18975074
1790130129400780013,16289215,13510642,3460,2681230,78746,18975074
1790130129518732187,16289969,13510765,3460,2681859,78747,18975074
1790130129635439705,16290719,13510908,3460,2682458,78747,18975074
1790130129752305318,16291464,13511013,3460,2683097,78748,18975074
1790130129870188133,16292213,13511104,3460,2683753,78749,18975074
1790130129987177293,16292958,13511236,3460,2684363,78749,18975074
1790130130104959612,16293714,13511374,3460,2684974,78749,18975074
1790130130219371455,16294444,13511400,3460,2685682,78749,18975074
1790130130339580095,16295197,13511474,3460,2686370,78749,18975074
1790130130454407074,16295942,13511608,3460,2686968,78749,18975074
1790130130572554727,16296697,13511745,3460,2687578,78752,18975074
1790130130690559156,16297452,13511875,3460,2688198,78753,18975074
1790130130807932328,16298195,13512030,3460,2688787,78753,18975074
1790130130926043932,16298950,13512134,3460,2689434,78754,18975074
1790130131043905224,16299708,13512242,3460,2690077,78754,18975074
1790130131158180908,16300428,13512313,3460,2690733,78755,18975074
1790130131276490974,16301185,13512420,3460,2691380,78755,18975074
1790130131394401912,16301939,13512551,3460,2691998,78756,18975074
1790130131510527544,16302677,13512666,3460,2692622,78757,18975074
1790130131628296024,16303430,13512815,3460,2693224,78757,18975074
1790130131746209409,16304180,13513001,3460,2693782,78757,18975074
1790130131864101386,16304935,13513135,3460,2694399,78757,18975074
1790130131981993444,16305691,13513228,3460,2695058,78757,18975074
1790130132096282193,16306415,13513317,3460,2695692,78757,18975074
1790130132214357774,16307173,13513427,3460,2696341,78757,18975074
1790130132330487090,16307917,13513610,3460,2696895,78758,18975074
1790130132446628785,16308652,13513726,3460,2697516,78759,18975074
1790130132564687187,16309411,13513852,3460,2698141,78760,18975074
1790130132682533318,16310158,13513997,3460,2698746,78760,18975074
1790130132800470076,16310910,13514157,3460,2699335,78760,18975074
1790130132915050779,16311646,13514179,3460,2700042,78760,18975074
1790130133029580880,16312373,13514257,3460,2700695,78760,18975074
1790130133147556667,16313128,13514389,3460,2701314,78761,18975074
1790130133261945633,16313864,13514411,3460,2702020,78761,18975074
1790130133377940116,16314603,13514498,3460,2702669,78762,18975074
1790130133495845733,16315357,13514666,3460,2703251,78762,18975074
1790130133610298121,16316085,13514687,3460,2703957,78762,18975074
1790130133726566054,16316820,13514761,3460,2704624,78764,18975074
1790130133844479999,16317573,13514930,3460,2705205,78764,18975074
1790130133958645629,16318308,13514952,3460,2705911,78764,18975074
1790130134075304519,16319046,13515063,3460,2706541,78765,18975074
1790130134192427421,16319794,13515199,3460,2707150,78766,18975074
1790130134307160400,16320528,13515234,3460,2707847,78766,18975074
1790130134425872253,16321297,13515336,3460,2708496,78766,18975074
1790130134542646445,16322042,13515463,3460,2709112,78766,18975074
1790130134657338529,16322780,13515490,3460,2709819,78767,18975074
1790130134774502091,16323530,13515598,3460,2710454,78767,18975074
1790130134891876583,16324281,13515699,3460,2711099,78767,18975074
1790130135010875223,16325035,13515741,3460,2711818,78767,18975074
1790130135129654095,16325796,13515859,3460,2712454,78767,18975074
1790130135252886050,16326588,13515943,3460,2713154,78767,18975074
1790130135368582921,16327324,13516011,3460,2713824,78768,18975074
1790130135486704504,16328088,13516128,3460,2714458,78768,18975074
1790130135611867823,16328887,13516207,3460,2715175,78768,18975074
1790130135732204004,16329646,13516290,3460,2715855,78770,18975074
1790130135850517263,16330402,13516367,3460,2716537,78770,18975074
1790130135967396457,16331146,13516455,3460,2717194,78770,18975074
1790130136082368898,16331880,13516562,3460,2717818,78771,18975074
1790130136203880166,16332656,13516820,3460,2718300,78788,18975074
1790130136320405858,16333377,13516977,3460,2718469,79200,18975074
1790130136434570322,16334106,13517222,3460,2718923,79216,18975074
1790130136550148392,16334834,13517473,3460,2719382,79229,18975074
1790130136665829083,16335544,13517722,3460,2719842,79241,18975074
1790130136780898107,16336263,13517989,3460,2720287,79253,18975074
1790130136897032440,16336981,13518234,3460,2720758,79262,18975074
1790130137015226081,16337730,13518489,3460,2721230,79275,18975074
1790130137131915026,16338490,13518743,3460,2721687,79292,18975074
1790130137249025858,16339206,13519003,3460,2722143,79308,18975074
1790130137365681237,16339950,13519250,3460,2722610,79324,18975074
1790130137481899443,16340680,13519509,3460,2723068,79335,18975074
1790130137595808304,16341377,13519748,3460,2723533,79347,18975074
1790130137713236200,16342116,13519972,3460,2723963,79431,18975074
1790130137827680901,16342824,13520224,3460,2724413,79443,18975074
1790130137944587734,16343573,13520506,3460,2724847,79458,18975074
1790130138060141885,16344307,13520773,3460,2725293,79472,18975074
1790130138175558778,16345032,13521039,3460,2725732,79488,18975074
1790130138295401689,16345807,13521268,3460,2726251,79497,18975074
1790130138412083366,16346553,13521515,3460,2726713,79513,18975074
1790130138527125918,16347275,13521769,3460,2727169,79525,18975074
1790130138643672891,16348008,13522050,3460,2727602,79537,18975074
1790130138759811837,16348743,13522320,3460,2728044,79552,18975074
1790130138873713881,16349457,13522581,3460,2728487,79563,18975074
1790130138987159775,16350167,13522816,3460,2728955,79572,18975074
1790130139101694764,16350874,13523096,3460,2729377,79584,18975074
1790130139218337757,16351614,13523392,3460,2729798,79599,18975074
1790130139334441373,16352351,13523644,3460,2730257,79614,18975074
1790130139451319974,16353091,13523897,3460,2730721,79629,18975074
1790130139565653239,16353817,13524155,3460,2731163,79651,18975074
1790130139681553558,16354556,13524406,3460,2731621,79662,18975074
1790130139798330873,16355292,13524669,3460,2732078,79673,18975074
1790130139914821277,16355994,13524921,3460,2732537,79686,18975074
1790130140029931767,16356706,13525173,3460,2732995,79696,18975074
1790130140146859764,16357443,13525421,3460,2733465,79710,18975074
1790130140264931930,16358200,13525662,3460,2733952,79722,18975074
1790130140382043952,16358949,13525921,3460,2734415,79734,18975074
1790130140498185466,16359671,13526181,3460,2734868,79748,18975074
1790130140614138896,16360403,13526432,3460,2735330,79759,18975074
1790130140727992953,16361127,13526695,3460,2735766,79772,18975074
1790130140844110179,16361851,13526980,3460,2736198,79783,18975074
1790130140961727478,16362595,13527207,3460,2736698,79793,18975074
1790130141075374188,16363303,13527431,3460,2737102,79877,18975074
1790130141188676229,16364040,13527677,3460,2737547,79895,18975074
1790130141304278463,16364776,13527938,3460,2737998,79906,18975074
1790130141419706132,16365499,13528173,3460,2738475,79915,18975074
1790130141535678944,16366244,13528434,3460,2738929,79929,18975074
1790130141652881202,16366979,13528666,3460,2739421,79937,18975074
1790130141770961182,16367707,13528921,3460,2739894,79948,18975074
1790130141887415523,16368425,13529207,3460,2740327,79961,18975074
1790130142002365370,16369144,13529471,3460,2740764,79976,18975074
1790130142116732288,16369865,13529743,3460,2741195,79989,18975074
1790130142231989390,16370587,13529998,3460,2741651,80001,18975074
1790130142349594723,16371319,13530242,3460,2742140,80011,18975074
1790130142466114706,16372051,13530505,3460,2742586,80026,18975074
1790130142582657690,16372775,13530775,3460,2743032,80040,18975074
1790130142697118208,16373492,13531031,3460,2743479,80052,18975074
1790130142812463609,16374212,13531295,3460,2743925,80064,18975074
1790130142929116520,16374961,13531558,3460,2744389,80073,18975074
1790130143045617337,16375683,13531789,3460,2744873,80083,18975074
1790130143161971106,16376413,13532036,3460,2745341,80099,18975074
1790130143277955730,16377155,13532286,3460,2745797,80114,18975074
1790130143392011279,16377877,13532550,3460,2746231,80130,18975074
1790130143508032029,16378610,13532817,3460,2746679,80141,18975074
1790130143624165252,16379342,13533051,3460,2747168,80149,18975074
1790130143740562823,16380054,13533304,3460,2747627,80164,18975074
1790130143858163756,16380788,13533572,3460,2748080,80180,18975074
1790130143974584989,16381513,13533835,3460,2748528,80195,18975074
1790130144090019238,16382233,13534106,3460,2748967,80210,18975074
1790130144204831527,16382953,13534383,3460,2749394,80224,18975074
1790130144320129587,16383661,13534610,3460,2749880,80234,18975074
1790130144435441228,16384364,13534864,3460,2750332,80248,18975074
1790130144554936140,16385121,13535109,3460,2750750,80333,18975074
1790130144670500850,16385840,13535366,3460,2751206,80343,18975074
1790130144785088909,16386541,13535654,3460,2751621,80357,18975074
1790130144901102571,16387273,13535917,3460,2752072,80368,18975074
1790130145014759709,16387977,13536198,3460,2752498,80377,18975074
1790130145133180559,16388726,13536459,3460,2752964,80391,18975074
1790130145249456853,16389491,13536751,3460,2753390,80404,18975074
1790130145365540165,16390232,13537026,3460,2753827,80417,18975074
1790130145481738467,16390956,13537298,3460,2754271,80427,18975074
1790130145595761115,16391667,13537566,3460,2754709,80441,18975074
1790130145709375324,16392396,13537826,3460,2755145,80455,18975074
1790130145824469355,16393137,13538073,3460,2755608,80467,18975074
1790130145941671189,16393874,13538328,3460,2756072,80479,18975074
1790130146057878476,16394597,13538588,3460,2756520,80495,18975074
1790130146174598519,16395356,13538850,3460,2756974,80509,18975074
1790130146290997701,16396090,13539100,3460,2757439,80524,18975074
1790130146409087757,16396850,13539324,3460,2757950,80529,18975074
1790130146525634752,16397568,13539582,3460,2758410,80541,18975074
1790130146641588793,16398294,13539834,3460,2758869,80554,18975074
1790130146756902813,16399030,13540096,3460,2759317,80566,18975074
1790130146870831097,16399742,13540353,3460,2759757,80581,18975074
1790130146987722155,16400476,13540589,3460,2760252,80590,18975074
1790130147105829383,16401231,13540849,3460,2760714,80603,18975074
1790130147221904952,16401965,13541097,3460,2761116,80683,18975074
1790130147337094815,16402675,13541369,3460,2761544,80699,18975074
1790130147451290623,16403397,13541626,3460,2761995,80707,18975074
1790130147565736304,16404130,13541893,3460,2762430,80721,18975074
1790130147682576676,16404855,13542158,3460,2762885,80734,18975074
1790130147799236550,16405592,13542423,3460,2763343,80746,18975074
1790130147915171436,16406341,13542676,3460,2763795,80764,18975074
1790130148030638615,16407060,13542924,3460,2764255,80777,18975074
1790130148146949307,16407800,13543188,3460,2764702,80793,18975074
1790130148262509980,16408533,13543433,3460,2765166,80807,18975074
1790130148377194897,16409263,13543643,3460,2765664,80820,18975074
1790130148493418072,16410014,13543922,3460,2766101,80831,18975074
1790130148609824992,16410746,13544181,3460,2766556,80843,18975074
1790130148726888801,16411464,13544438,3460,2767022,80854,18975074
1790130148843862572,16412189,13544696,3460,2767481,80870,18975074
1790130148960451106,16412910,13544968,3460,2767924,80885,18975074
1790130149076702038,16413642,13545212,3460,2768403,80895,18975074
1790130149193092173,16414361,13545458,3460,2768860,80913,18975074
1790130149310725149,16415102,13545717,3460,2769320,80929,18975074
1790130149427710830,16415840,13545967,3460,2769792,80941,18975074
1790130149543730738,16416559,13546216,3460,2770251,80957,18975074
1790130149659684021,16417294,13546491,3460,2770688,80970,18975074
1790130149773676369,16418013,13546747,3460,2771138,80980,18975074
1790130149892246833,16418773,13547043,3460,2771570,80995,18975074
1790130150009065680,16419505,13547308,3460,2772019,81012,18975074
1790130150124925362,16420211,13547550,3460,2772485,81026,18975074
1790130150241594877,16420940,13547808,3460,2772941,81042,18975074
1790130150357634522,16421678,13548045,3460,2773427,81052,18975074
1790130150478379161,16422428,13548289,3460,2773923,81064,18975074
1790130150595434093,16423170,13548525,3460,2774338,81145,18975074
1790130150712100120,16423909,13548777,3460,2774804,81156,18975074
1790130150827818752,16424634,13549036,3460,2775258,81168,18975074
1790130150943249435,16425354,13549313,3460,2775691,81180,18975074
1790130151060597119,16426106,13549547,3460,2776183,81192,18975074
1790130151174663897,16426843,13549790,3460,2776640,81203,18975074
1790130151291491053,16427574,13550046,3460,2777104,81219,18975074
1790130151408396815,16428304,13550302,3460,2777564,81229,18975074
1790130151524525812,16429034,13550565,3460,2778015,81242,18975074
1790130151638621399,16429751,13550814,3460,2778467,81254,18975074
1790130151751434939,16430488,13551054,3460,2778934,81263,18975074
1790130151868870801,16431212,13551305,3460,2779402,81275,18975074
1790130151985029716,16431949,13551580,3460,2779844,81286,18975074
1790130152100081798,16432666,13551837,3460,2780294,81299,18975074
1790130152216152151,16433415,13552091,3460,2780751,81311,18975074
1790130152332444081,16434132,13552363,3460,2781195,81322,18975074
1790130152445667942,16434847,13552635,3460,2781621,81336,18975074
1790130152560456022,16435578,13552886,3460,2782073,81351,18975074
1790130152675698587,16436307,13553183,3460,2782484,81365,18975074
1790130152792944465,16437029,13553454,3460,2782935,81377,18975074
1790130152908223654,16437764,13553712,3460,2783383,81391,18975074
1790130153022190587,16438478,13553969,3460,2783833,81401,18975074
1790130153137044302,16439181,13554198,3460,2784306,81417,18975074
1790130153254247003,16439927,13554469,3460,2784761,81428,18975074
1790130153370844201,16440671,13554745,3460,2785202,81439,18975074
1790130153485432954,16441376,13555001,3460,2785648,81453,18975074
1790130153599473274,16442070,13555255,3460,2786096,81467,18975074
1790130153713479740,16442793,13555528,3460,2786522,81479,18975074
1790130153829419872,16443542,13555752,3460,2787015,81490,18975074
1790130153944215318,16444255,13555994,3460,2787446,81535,18975074
1790130154061308668,16444992,13556230,3460,2787875,81604,18975074
1790130154177538221,16445718,13556491,3460,2788329,81616,18975074
1790130154293256821,16446453,13556758,3460,2788775,81628,18975074
1790130154408134040,16447183,13556995,3460,2789243,81642,18975074
1790130154522836821,16447926,13557219,3460,2789730,81651,18975074
1790130154639771375,16448648,13557459,3460,2790208,81661,18975074
1790130154756930707,16449375,13557729,3460,2790657,81676,18975074
1790130154872978096,16450107,13557978,3460,2791121,81689,18975074
1790130154986646140,16450827,13558238,3460,2791559,81702,18975074
1790130155100989329,16451538,13558488,3460,2792017,81712,18975074
1790130155222743251,16452283,13558733,3460,2792525,81721,18975074
1790130155339147162,16452992,13558978,3460,2792990,81737,18975074
1790130155455132436,16453727,13559268,3460,2793415,81747,18975074
1790130155572127135,16454460,13559534,3460,2793868,81761,18975074
1790130155689271746,16455186,13559797,3460,2794326,81773,18975074
1790130155806357897,16455936,13560050,3460,2794798,81783,18975074
1790130155922169617,16456664,13560291,3460,2795267,81797,18975074
1790130156038411359,16457395,13560543,3460,2795726,81812,18975074
1790130156154925316,16458117,13560805,3460,2796181,81826,18975074
1790130156271408408,16458852,13561054,3460,2796645,81840,18975074
1790130156387654706,16459579,13561302,3460,2797112,81852,18975074
1790130156505638367,16460325,13561554,3460,2797597,81860,18975074
1790130156622216946,16461059,13561832,3460,2798029,81878,18975074
1790130156739511974,16461805,13562070,3460,2798433,81973,18975074
1790130156854967897,16462519,13562364,3460,2798841,81990,18975074
1790130156971202065,16463241,13562618,3460,2799303,82003,18975074
1790130157087252071,16463967,13562858,3460,2799774,82017,18975074
1790130157200315643,16464692,13563096,3460,2800241,82025,18975074
1790130157315994940,16465425,13563345,3460,2800704,82040,18975074
1790130157431409043,16466137,13563640,3460,2801113,82053,18975074
1790130157546544676,16466832,13563909,3460,2801548,82069,18975074
1790130157661772085,16467548,13564169,3460,2801991,82087,18975074
1790130157778032662,16468277,13564409,3460,2802465,82101,18975074
1790130157894756735,16469033,13564662,3460,2802935,82109,18975074
1790130158010159065,16469754,13564956,3460,2803351,82123,18975074
1790130158124411112,16470441,13565212,3460,2803796,82138,18975074
1790130158238436552,16471151,13565462,3460,2804246,82150,18975074
1790130158353961819,16471865,13565731,3460,2804685,82164,18975074
1790130158467611537,16472596,13565975,3460,2805142,82176,18975074
1790130158581152889,16473315,13566210,3460,2805609,82185,18975074
1790130158697650031,16474068,13566450,3460,2806089,82195,18975074
1790130158813829375,16474793,13566747,3460,2806504,82209,18975074
1790130158927950459,16475512,13566993,3460,2806958,82223,18975074
1790130159043492952,16476219,13567244,3460,2807415,82237,18975074
1790130159158879046,16476951,13567550,3460,2807818,82252,18975074
1790130159278439042,16477700,13567780,3460,2808328,82264,18975074
1790130159395920127,16478438,13568046,3460,2808783,82281,18975074
1790130159509399038,16479143,13568301,3460,2809219,82295,18975074
1790130159625032185,16479863,13568556,3460,2809676,82307,18975074
1790130159741578323,16480595,13568823,3460,2810120,82324,18975074
1790130159854492858,16481305,13569039,3460,2810602,82334,18975074
1790130159969996095,16482032,13569282,3460,2811073,82346,18975074
1790130160085752771,16482750,13569533,3460,2811458,82433,18975074
1790130160202690059,16483487,13569783,3460,2811924,82447,18975074
1790130160318870416,16484242,13570031,3460,2812389,82466,18975074
1790130160434662554,16484982,13570283,3460,2812839,82483,18975074
1790130160552456470,16485725,13570502,3460,2813348,82493,18975074
1790130160670297612,16486483,13570762,3460,2813809,82511,18975074
1790130160784947463,16487207,13571030,3460,2814243,82526,18975074
1790130160900577436,16487933,13571281,3460,2814699,82540,18975074
1790130161017197152,16488649,13571529,3460,2815170,82554,18975074
1790130161132244158,16489378,13571780,3460,2815621,82571,18975074
1790130161249599068,16490124,13572009,3460,2816117,82582,18975074
1790130161366918499,16490868,13572271,3460,2816579,82593,18975074
1790130161483021577,16491598,13572546,3460,2817013,82608,18975074
1790130161598724253,16492332,13572807,3460,2817456,82627,18975074
1790130161712895910,16493038,13573090,3460,2817872,82642,18975074
1790130161829842337,16493801,13573330,3460,2818353,82653,18975074
1790130161945578145,16494530,13573566,3460,2818834,82665,18975074
1790130162060564607,16495245,13573836,3460,2819267,82679,18975074
1790130162176243894,16495975,13574097,3460,2819721,82690,18975074
1790130162290374689,16496676,13574348,3460,2820171,82702,18975074
1790130162406084814,16497413,13574607,3460,2820623,82713,18975074
1790130162522877763,16498149,13574865,3460,2821086,82724,18975074
1790130162637846506,16498892,13575124,3460,2821543,82733,18975074
1790130162752472294,16499606,13575425,3460,2821950,82744,18975074
1790130162868989950,16500331,13575678,3460,2822408,82759,18975074
1790130162985503739,16501078,13575941,3460,2822863,82771,18975074
1790130163100482359,16501819,13576214,3460,2823298,82781,18975074
1790130163217208475,16502545,13576451,3460,2823783,82794,18975074
1790130163339689339,16503321,13576709,3460,2824275,82810,18975074
1790130163454955046,16504030,13576948,3460,2824678,82890,18975074
1790130163568309755,16504733,13577209,3460,2825114,82903,18975074
1790130163682519795,16505450,13577461,3460,2825559,82921,18975074
1790130163798677466,16506172,13577709,3460,2826023,82935,18975074
1790130163915409695,16506911,13577930,3460,2826525,82942,18975074
1790130164030017127,16507606,13578163,3460,2827000,82954,18975074
1790130164143666166,16508322,13578416,3460,2827441,82970,18975074
1790130164258206822,16509031,13578677,3460,2827880,82985,18975074
1790130164374977371,16509737,13578934,3460,2828342,82999,18975074
1790130164490444257,16510464,13579190,3460,2828795,83011,18975074
1790130164607919905,16511202,13579425,3460,2829292,83020,18975074
1790130164723724046,16511940,13579682,3460,2829748,83030,18975074
1790130164840286476,16512662,13579953,3460,2830191,83043,18975074
1790130164955450661,16513378,13580217,3460,2830634,83057,18975074
1790130165071465429,16514149,13580480,3460,2831082,83073,18975074
1790130165185160277,16514860,13580732,3460,2831534,83082,18975074
1790130165301235050,16515628,13580953,3460,2832029,83091,18975074
1790130165419305272,16516365,13581201,3460,2832513,83100,18975074
1790130165533735433,16517106,13581472,3460,2832942,83113,18975074
1790130165649574770,16517840,13581722,3460,2833404,83126,18975074
1790130165762968753,16518546,13581972,3460,2833851,83141,18975074
1790130165878439567,16519273,13582250,3460,2834282,83155,18975074
1790130165994144609,16520021,13582492,3460,2834756,83165,18975074
1790130166110872779,16520768,13582762,3460,2835205,83177,18975074
1790130166228851097,16521497,13583003,3460,2835618,83263,18975074
1790130166343590803,16522207,13583265,3460,2836060,83275,18975074
1790130166460256995,16522942,13583527,3460,2836518,83285,18975074
1790130166576853831,16523664,13583786,3460,2836978,83298,18975074
1790130166692846162,16524367,13584038,3460,2837440,83311,18975074
1790130166809259420,16525090,13584303,3460,2837892,83323,18975074
1790130166925228514,16525828,13584559,3460,2838342,83343,18975074
1790130167041975076,16526542,13584800,3460,2838815,83358,18975074
1790130167156387486,16527267,13585047,3460,2839272,83369,18975074
1790130167272609689,16528009,13585316,3460,2839722,83382,18975074
1790130167391173363,16528748,13585569,3460,2840202,83393,18975074
1790130167505503992,16529462,13585824,3460,2840648,83405,18975074
1790130167621645623,16530182,13586125,3460,2841066,83414,18975074
1790130167736827038,16530893,13586389,3460,2841511,83425,18975074
1790130167852427216,16531608,13586636,3460,2841970,83441,18975074
1790130167969598116,16532338,13586854,3460,2842475,83454,18975074
1790130168084638970,16533045,13587111,3460,2842922,83470,18975074
1790130168202892137,16533796,13587376,3460,2843383,83488,18975074
1790130168320741219,16534551,13587631,3460,2843847,83500,18975074
1790130168436498948,16535268,13587881,3460,2844303,83518,18975074
1790130168552850631,16535997,13588130,3460,2844768,83530,18975074
1790130168669653900,16536746,13588344,3460,2845283,83541,18975074
1790130168786378657,16537467,13588595,3460,2845744,83555,18975074
1790130168900835978,16538182,13588866,3460,2846173,83569,18975074
1790130169017093711,16538916,13589145,3460,2846608,83583,18975074
1790130169131435473,16539626,13589420,3460,2847032,83599,18975074
1790130169247981847,16540327,13589667,3460,2847496,83617,18975074
1790130169365119724,16541067,13590131,3460,2847759,83626,18990050
1790130169477274400,16541779,13590769,3460,2847823,83631,19011938
1790130169599746498,16542566,13590893,3460,2848476,83633,19011938
1790130169717617835,16543314,13590970,3460,2849150,83633,19011938
1790130169831832200,16544050,13591037,3460,2849808,83634,19011938
1790130169948358882,16544783,13591158,3460,2850432,83634,19011938
1790130170066258060,16545535,13591265,3460,2851071,83634,19011938
1790130170180555892,16546264,13591340,3460,2851725,83636,19011938
1790130170298624283,16547019,13591518,3460,2852304,83636,19011938
1790130170414183748,16547761,13591546,3460,2853004,83636,19011938
1790130170528481040,16548490,13591629,3460,2853652,83636,19011938
1790130170646607461,16549247,13591806,3460,2854225,83636,19011938
1790130170760898231,16549981,13591864,3460,2854894,83636,19011938
1790130170873135036,16550695,13591995,3460,2855476,83636,19011938
1790130170991146396,16551450,13592071,3460,2856151,83637,19011938
1790130171105877613,16552188,13592132,3460,2856822,83638,19011938
1790130171223497180,16552932,13592220,3460,2857485,83638,19011938
1790130171340090510,16553679,13592336,3460,2858108,83639,19011938
1790130171454166009,16554406,13592428,3460,2858739,83639,19011938
1790130171572135638,16555157,13592598,3460,2859320,83640,19011938
1790130171685956716,16555886,13592631,3460,2860015,83640,19011938
1790130171801950270,16556632,13592719,3460,2860664,83640,19011938
1790130171915985962,16557362,13592873,3460,2861235,83640,19011938
1790130172030338378,16558091,13592904,3460,2861935,83640,19011938
1790130172145238551,16558827,13593020,3460,2862546,83640,19011938
1790130172263287421,16559579,13593127,3460,2863197,83640,19011938
1790130172377749093,16560306,13593187,3460,2863862,83641,19011938
1790130172495434433,16561061,13593277,3460,2864523,83641,19011938
1790130172611490807,16561801,13593370,3460,2865169,83641,19011938
1790130172726201170,16562534,13593476,3460,2865786,83642,19011938
1790130172844189064,16563291,13593680,3460,2866333,83642,19011938
1790130172962248087,16564048,13593868,3460,2866898,83643,19011938
1790130173078850153,16564796,13593983,3460,2867524,83643,19011938
1790130173192764044,16565526,13594187,3460,2868046,83643,19011938
1790130173310813673,16566279,13594313,3460,2868671,83643,19011938
1790130173428774717,16567039,13594388,3460,2869348,83643,19011938
1790130173543159739,16567771,13594484,3460,2869978,83643,19011938
1790130173661476795,16568523,13594628,3460,2870591,83643,19011938
1790130173779544100,16569269,13594757,3460,2871211,83645,19011938
1790130173896947420,16570028,13594841,3460,2871873,83645,19011938
1790130174011736243,16570756,13595026,3460,2872418,83645,19011938
1790130174129037820,16571503,13595125,3460,2873063,83646,19011938
1790130174247028097,16572257,13595207,3460,2873733,83646,19011938
1790130174361154649,16572969,13595286,3460,2874377,83648,19011938
1790130174479067431,16573723,13595422,3460,2874993,83648,19011938
1790130174595750290,16574472,13595551,3460,2875605,83649,19011938
1790130174713835739,16575231,13595655,3460,2876252,83650,19011938
1790130174830402784,16575977,13595832,3460,2876818,83651,19011938
1790130174948050050,16576725,13595998,3460,2877396,83651,19011938
1790130175066316067,16577484,13596134,3460,2878017,83651,19011938
1790130175180640428,16578211,13596251,3460,2878624,83652,19011938
1790130175298704720,16578970,13596384,3460,2879243,83653,19011938
1790130175416221070,16579710,13596560,3460,2879809,83654,19011938
1790130175534161681,16580473,13596658,3460,2880461,83655,19011938
1790130175652133723,16581224,13596803,3460,2881068,83655,19011938
1790130175769393702,16581978,13596935,3460,2881684,83656,19011938
1790130175887233783,16582739,13597013,3460,2882351,83656,19011938
1790130176001341166,16583462,13597098,3460,2882997,83657,19011938
1790130176119539175,16584216,13597205,3460,2883641,83657,19011938
1790130176238735547,16584971,13597381,3460,2884221,83658,19011938
1790130176356698727,16585724,13597477,3460,2884874,83659,19011938
1790130176475116042,16586483,13597614,3460,2885483,83662,19011938
1790130176592306173,16587230,13597733,3460,2886070,83708,19011938
1790130176710957254,16587993,13597807,3460,2886738,83718,19011938
1790130176825569431,16588721,13597876,3460,2887384,83734,19011938
1790130176943952108,16589474,13598003,3460,2887970,83773,19011938
1790130177062148792,16590227,13598167,3460,2888533,83794,19011938
1790130177177704600,16590959,13598271,3460,2889166,83795,19011938
1790130177295534671,16591699,13598423,3460,2889765,83795,19011938
1790130177413675389,16592459,13598591,3460,2890346,83796,19011938
1790130177530863206,16593208,13598737,3460,2890945,83796,19011938
1790130177645421623,16593937,13598819,3460,2891594,83796,19011938
1790130177762572740,16594686,13598964,3460,2892194,83797,19011938
1790130177880863109,16595452,13599118,3460,2892791,83797,19011938
1790130177994052574,16596170,13599275,3460,2893350,83801,19011938
1790130178112050872,16596920,13599346,3460,2894033,83801,19011938
1790130178229656337,16597666,13599501,3460,2894624,83802,19011938
1790130178342090068,16598382,13599682,3460,2895155,83802,19011938
1790130178456493026,16599108,13599752,3460,2895818,83802,19011938
1790130178569359592,16599818,13599886,3460,2896402,83803,19011938
1790130178687326602,16600573,13600013,3460,2897026,83803,19011938
1790130178804474294,16601327,13600156,3460,2897627,83803,19011938
1790130178928772924,16602122,13600313,3460,2898259,83803,19011938
1790130179047274726,16602874,13600436,3460,2898886,83803,19011938
1790130179165592827,16603627,13600616,3460,2899461,83804,19011938
1790130179280252741,16604363,13600665,3460,2900140,83805,19011938
1790130179396747744,16605097,13600828,3460,2900720,83806,19011938
1790130179515415493,16605847,13600953,3460,2901352,83806,19011938
1790130179633420525,16606596,13601123,3460,2901930,83806,19011938
1790130179751407515,16607349,13601300,3460,2902504,83806,19011938
1790130179869763235,16608121,13601462,3460,2903092,83807,19011938
1790130179987867471,16608873,13601611,3460,2903695,83808,19011938
1790130180101982577,16609602,13601677,3460,2904355,83808,19011938
1790130180218335375,16610344,13601773,3460,2905001,83808,19011938
1790130180337050262,16611109,13601908,3460,2905616,83809,19011938
1790130180455122284,16611867,13602054,3460,2906220,83809,19011938
1790130180573086014,16612614,13602221,3460,2906804,83809,19011938
1790130180691271435,16613368,13602375,3460,2907399,83810,19011938
1790130180809253166,16614119,13602495,3460,2908030,83810,19011938
1790130180924896503,16614862,13602517,3460,2908748,83810,19011938
1790130181044212217,16615628,13602626,3460,2909398,83810,19011938
1790130181160630631,16616377,13602751,3460,2910014,83810,19011938
1790130181278019495,16617132,13602899,3460,2910610,83810,19011938
1790130181395954372,16617884,13603029,3460,2911233,83810,19011938
1790130181513976592,16618644,13603156,3460,2911856,83810,19011938
1790130181632290502,16619394,13603284,3460,2912478,83810,19011938
1790130181747094743,16620121,13603318,3460,2913177,83810,19011938
1790130181865086171,16620873,13603446,3460,2913798,83811,19011938
1790130181983295622,16621627,13603523,3460,2914478,83812,19011938
1790130182101871096,16622373,13603670,3460,2915081,83813,19011938
1790130182217544164,16623108,13603787,3460,2915702,83813,19011938
1790130182335280861,16623865,13603901,3460,2916332,83813,19011938
1790130182453167862,16624615,13604062,3460,2916920,83814,19011938
1790130182567543592,16625344,13604088,3460,2917628,83814,19011938
1790130182684864761,16626100,13604218,3460,2918241,83814,19011938
1790130182802989934,16626849,13604341,3460,2918870,83815,19011938
1790130182921324811,16627602,13604466,3460,2919501,83815,19011938
1790130183036666831,16628342,13604615,3460,2920083,83815,19011938
1790130183154648966,16629097,13604744,3460,2920702,83818,19011938
1790130183272685187,16629854,13604866,3460,2921330,83818,19011938
1790130183386627898,16630575,13604894,3460,2922029,83818,19011938
1790130183503416267,16631322,13605022,3460,2922645,83819,19011938
1790130183621599025,16632076,13605091,3460,2923327,83819,19011938
1790130183737129626,16632819,13605225,3460,2923922,83820,19011938
1790130183853726560,16633571,13605346,3460,2924546,83820,19011938
1790130183971590484,16634318,13605468,3460,2925172,83822,19011938
1790130184089624643,16635078,13605629,3460,2925761,83823,19011938
1790130184203425320,16635810,13605663,3460,2926454,83823,19011938
1790130184321776219,16636573,13605816,3460,2927051,83823,19011938
1790130184440091250,16637328,13605935,3460,2927683,83824,19011938
1790130184557877005,16638075,13606079,3460,2928288,83825,19011938
1790130184674047635,16638812,13606238,3460,2928868,83825,19011938
1790130184792200889,16639564,13606380,3460,2929475,83826,19011938
1790130184910297793,16640318,13606588,3460,2930024,83826,19011938
1790130185024618262,16641046,13606631,3460,2930709,83826,19011938
1790130185139736907,16641799,13606743,3460,2931326,83827,19011938
1790130185258213740,16642550,13606926,3460,2931894,83828,19011938
1790130185376228535,16643295,13607074,3460,2932493,83830,19011938
1790130185494659268,16644052,13607225,3460,2933098,83830,19011938
1790130185612871862,16644810,13607360,3460,2933712,83831,19011938
1790130185730873939,16645565,13607501,3460,2934324,83831,19011938
1790130185847151010,16646308,13607542,3460,2935021,83831,19011938
1790130185961306330,16647024,13607618,3460,2935677,83832,19011938
1790130186079835815,16647786,13607775,3460,2936270,83832,19011938
1790130186197866101,16648550,13607921,3460,2936874,83833,19011938
1790130186315749185,16649308,13608060,3460,2937485,83833,19011938
1790130186433928264,16650057,13608190,3460,2938104,83834,19011938
1790130186552128109,16650810,13608328,3460,2938719,83834,19011938
1790130186667213143,16651546,13608365,3460,2939413,83835,19011938
1790130186781658100,16652286,13608456,3460,2940051,83836,19011938
1790130186900148460,16653042,13608611,3460,2940648,83836,19011938
1790130187018401675,16653798,13608736,3460,2941279,83836,19011938
1790130187136179776,16654554,13608889,3460,2941871,83836,19011938
1790130187254172061,16655304,13609031,3460,2942478,83836,19011938
1790130187372046318,16656056,13609148,3460,2943114,83836,19011938
1790130187485865633,16656789,13609199,3460,2943789,83836,19011938
1790130187600241638,16657521,13609303,3460,2944410,83837,19011938
1790130187718187723,16658277,13609479,3460,2944984,83837,19011938
1790130187836094913,16659035,13609615,3460,2945597,83838,19011938
1790130187954234597,16659789,13609734,3460,2946230,83838,19011938
1790130188072107049,16660550,13609863,3460,2946851,83839,19011938
1790130188189975291,16661303,13609963,3460,2947504,83839,19011938
1790130188302302812,16662025,13610023,3460,2948155,83839,19011938
1790130188416851843,16662761,13610103,3460,2948807,83840,19011938
1790130188534695637,16663518,13610289,3460,2949370,83840,19011938
1790130188652837229,16664275,13610411,3460,2949997,83841,19011938
1790130188770870691,16665032,13610527,3460,2950632,83842,19011938
1790130188888859545,16665785,13610665,3460,2951244,83843,19011938
1790130189006872258,16666537,13610775,3460,2951884,83843,19011938
1790130189125091939,16667292,13610867,3460,2952544,83843,19011938
1790130189239450657,16668018,13610954,3460,2953188,83844,19011938
1790130189357268209,16668778,13611151,3460,2953736,83844,19011938
1790130189472948501,16669520,13611176,3460,2954452,83844,19011938
1790130189591370876,16670280,13611326,3460,2955054,83845,19011938
1790130189708963918,16671038,13611464,3460,2955663,83845,19011938
1790130189823431264,16671766,13611547,3460,2956312,83845,19011938
1790130189940995678,16672526,13611681,3460,2956922,83846,19011938
1790130190059267290,16673283,13611754,3460,2957600,83846,19011938
1790130190173971212,16674013,13611834,3460,2958253,83847,19011938
1790130190292195938,16674772,13611955,3460,2958884,83847,19011938
1790130190406685393,16675508,13611988,3460,2959583,83847,19011938
1790130190521498128,16676235,13612074,3460,2960228,83847,19011938
1790130190638872099,16676986,13612228,3460,2960819,83847,19011938
1790130190752817616,16677719,13612256,3460,2961517,83848,19011938
1790130190867489752,16678442,13612378,3460,2962125,83848,19011938
1790130190985466734,16679201,13612452,3460,2962804,83848,19011938
1790130191099864486,16679932,13612534,3460,2963445,83851,19011938
1790130191217954474,16680683,13612644,3460,2964087,83851,19011938
1790130191330829549,16681408,13612725,3460,2964725,83851,19011938
1790130191445418559,16682127,13612840,3460,2965341,83852,19011938
1790130191565039926,16682894,13612982,3460,2965956,83852,19011938
1790130191679381033,16683628,13613041,3460,2966630,83852,19011938
1790130191794947416,16684372,13613174,3460,2967227,83853,19011938
1790130191912853892,16685121,13613260,3460,2967892,83853,19011938
1790130192027302535,16685843,13613340,3460,2968538,83854,19011938
1790130192142079798,16686592,13613572,3460,2969021,83864,19011938
1790130192258640542,16687318,13613835,3460,2969471,83880,19011938
1790130192375853239,16688056,13613992,3460,2969689,84245,19011938
1790130192491899853,16688793,13614235,3460,2970161,84258,19011938
1790130192607559173,16689517,13614524,3460,2970579,84272,19011938
1790130192722635663,16690236,13614761,3460,2971050,84285,19011938
1790130192835556236,16690945,13615007,3460,2971502,84297,19011938
1790130192952835969,16691673,13615265,3460,2971963,84311,19011938
1790130193069141276,16692396,13615551,3460,2972395,84321,19011938
1790130193185481275,16693118,13615814,3460,2972845,84335,19011938
1790130193302231246,16693840,13616068,3460,2973309,84346,19011938
1790130193418243849,16694533,13616318,3460,2973772,84362,19011938
1790130193535200179,16695283,13616576,3460,2974243,84371,19011938
1790130193650233726,16696001,13616841,3460,2974675,84390,19011938
1790130193765564236,16696737,13617098,3460,2975122,84405,19011938
1790130193881746360,16697467,13617341,3460,2975594,84417,19011938
1790130193995625391,16698184,13617594,3460,2976040,84432,19011938
1790130194113136805,16698940,13617854,3460,2976504,84447,19011938
1790130194231691478,16699669,13618092,3460,2976989,84465,19011938
1790130194347633751,16700420,13618341,3460,2977459,84478,19011938
1790130194464013762,16701150,13618604,3460,2977909,84487,19011938
1790130194578645556,16701873,13618855,3460,2978367,84498,19011938
1790130194695113682,16702610,13619126,3460,2978804,84515,19011938
1790130194810196193,16703341,13619362,3460,2979283,84526,19011938
1790130194926779851,16704082,13619627,3460,2979726,84545,19011938
1790130195044690055,16704825,13619877,3460,2980195,84564,19011938
1790130195160155468,16705539,13620142,3460,2980639,84579,19011938
1790130195275890300,16706277,13620437,3460,2981060,84589,19011938
1790130195391071510,16706997,13620693,3460,2981512,84601,19011938
1790130195508066257,16707718,13620919,3460,2982006,84613,19011938
1790130195628132283,16708466,13621200,3460,2982460,84629,19011938
1790130195741955946,16709198,13621421,3460,2982867,84714,19011938
1790130195857221915,16709927,13621675,3460,2983321,84729,19011938
1790130195973742604,16710664,13621924,3460,2983786,84742,19011938
1790130196089299987,16711402,13622194,3460,2984228,84754,19011938
1790130196203852733,16712128,13622439,3460,2984690,84768,19011938
1790130196321240322,16712872,13622699,3460,2985153,84779,19011938
1790130196437750633,16713597,13622961,3460,2985607,84789,19011938
1790130196553466641,16714327,13623220,3460,2986064,84802,19011938
1790130196669448354,16715056,13623495,3460,2986500,84813,19011938
1790130196783775645,16715756,13623739,3460,2986960,84825,19011938
1790130196901538459,16716506,13623986,3460,2987443,84833,19011938
1790130197019502586,16717244,13624239,3460,2987917,84845,19011938
1790130197135990693,16717988,13624548,3460,2988326,84856,19011938
1790130197252334166,16718741,13624818,3460,2988772,84870,19011938
1790130197368290802,16719466,13625073,3460,2989228,84881,19011938
1790130197484505261,16720206,13625358,3460,2989660,84895,19011938
1790130197602729655,16720936,13625582,3460,2990168,84905,19011938
1790130197718247338,16721657,13625847,3460,2990610,84918,19011938
1790130197834315261,16722391,13626099,3460,2991075,84930,19011938
1790130197948472030,16723102,13626347,3460,2991528,84942,19011938
1790130198062714996,16723818,13626599,3460,2991978,84956,19011938
1790130198176022076,16724535,13626859,3460,2992414,84969,19011938
1790130198290152762,16725247,13627105,3460,2992875,84977,19011938
1790130198403232561,16725964,13627358,3460,2993316,84991,19011938
1790130198517461205,16726681,13627633,3460,2993740,85006,19011938
1790130198630841991,16727391,13627885,3460,2994185,85017,19011938
1790130198744602156,16728112,13628135,3460,2994630,85034,19011938
1790130198860624582,16728855,13628375,3460,2995107,85048,19011938
1790130198975858647,16729592,13628617,3460,2995568,85063,19011938
1790130199092579932,16730325,13628870,3460,2996035,85077,19011938
1790130199208745661,16731056,13629118,3460,2996434,85156,19011938
1790130199323157167,16731768,13629364,3460,2996888,85169,19011938
1790130199438907937,16732486,13629617,3460,2997352,85180,19011938
1790130199553333721,16733206,13629896,3460,2997782,85187,19011938
1790130199668197010,16733935,13630163,3460,2998221,85200,19011938
1790130199784676080,16734673,13630447,3460,2998657,85212,19011938
1790130199900025601,16735390,13630706,3460,2999107,85224,19011938
1790130200019605138,16736125,13630968,3460,2999577,85236,19011938
1790130200136077075,16736848,13631246,3460,3000014,85249,19011938
1790130200252991609,16737582,13631491,3460,3000493,85264,19011938
1790130200369464411,16738317,13631749,3460,3000946,85279,19011938
1790130200484644948,16739036,13632003,3460,3001397,85292,19011938
1790130200599990247,16739759,13632254,3460,3001852,85308,19011938
1790130200716154086,16740489,13632520,3460,3002303,85320,19011938
1790130200831362475,16741204,13632761,3460,3002766,85334,19011938
1790130200948554455,16741922,13633014,3460,3003240,85344,19011938
1790130201063633026,16742634,13633278,3460,3003682,85358,19011938
1790130201180935669,16743374,13633534,3460,3004140,85375,19011938
1790130201296820034,16744093,13633788,3460,3004595,85390,19011938
1790130201413525198,16744828,13634045,3460,3005050,85406,19011938
1790130201530226340,16745559,13634301,3460,3005516,85415,19011938
1790130201648110270,16746278,13634527,3460,3006014,85431,19011938
1790130201764423159,16747003,13634782,3460,3006471,85445,19011938
1790130201878692753,16747723,13635016,3460,3006871,85529,19011938
1790130201994223421,16748423,13635273,3460,3007323,85540,19011938
1790130202110082318,16749140,13635523,3460,3007787,85551,19011938
1790130202225099605,16749884,13635754,3460,3008272,85559,19011938
1790130202346738821,16750652,13636018,3460,3008760,85569,19011938
1790130202461995767,16751377,13636276,3460,3009208,85581,19011938
1790130202579428710,16752101,13636550,3460,3009659,85591,19011938
1790130202695532309,16752824,13636804,3460,3010115,85607,19011938
1790130202810834070,16753548,13637049,3460,3010578,85620,19011938
1790130202924750546,16754253,13637284,3460,3011046,85633,19011938
1790130203041866708,16754998,13637544,3460,3011503,85649,19011938
1790130203156009926,16755722,13637806,3460,3011944,85663,19011938
1790130203271180513,16756454,13638049,3460,3012406,85675,19011938
1790130203385515273,16757169,13638320,3460,3012838,85688,19011938
1790130203501080543,16757908,13638583,3460,3013287,85702,19011938
1790130203616776580,16758641,13638807,3460,3013781,85709,19011938
1790130203732725346,16759394,13639069,3460,3014233,85721,19011938
1790130203847263789,16760094,13639335,3460,3014670,85733,19011938
1790130203963376091,16760805,13639592,3460,3015127,85748,19011938
1790130204079021421,16761539,13639852,3460,3015576,85759,19011938
1790130204193704182,16762277,13640128,3460,3016011,85769,19011938
1790130204309869982,16763025,13640381,3460,3016483,85779,19011938
1790130204424720079,16763733,13640633,3460,3016932,85793,19011938
1790130204542405200,16764465,13640902,3460,3017388,85803,19011938
1790130204657923255,16765187,13641161,3460,3017843,85815,19011938
1790130204772823759,16765895,13641428,3460,3018278,85827,19011938
1790130204887966655,16766614,13641735,3460,3018677,85843,19011938
1790130205005966521,16767351,13641986,3460,3019157,85856,19011938
1790130205122846699,16768087,13642250,3460,3019607,85870,19011938
1790130205237162678,16768818,13642469,3460,3020015,85963,19011938
1790130205352431587,16769544,13642715,3460,3020472,85976,19011938
1790130205466452072,16770230,13642976,3460,3020912,85988,19011938
1790130205583468615,16770962,13643228,3460,3021382,86000,19011938
1790130205701609558,16771715,13643485,3460,3021855,86011,19011938
1790130205817612719,16772434,13643767,3460,3022287,86026,19011938
1790130205932489254,16773169,13644010,3460,3022744,86043,19011938
1790130206048207532,16773892,13644261,3460,3023200,86057,19011938
1790130206162021554,16774610,13644522,3460,3023638,86070,19011938
1790130206277832838,16775342,13644755,3460,3024121,86086,19011938
1790130206395009973,16776066,13644997,3460,3024601,86094,19011938
1790130206513010514,16776810,13645290,3460,3025032,86108,19011938
1790130206629390292,16777527,13645537,3460,3025503,86122,19011938
1790130206743568211,16778256,13645788,3460,3025945,86140,19011938
1790130206860333214,16778989,13646061,3460,3026390,86154,19011938
1790130206975495511,16779732,13646304,3460,3026862,86167,19011938
1790130207091291531,16780475,13646576,3460,3027301,86177,19011938
1790130207207072710,16781198,13646828,3460,3027759,86191,19011938
1790130207321674920,16781917,13647074,3460,3028220,86201,19011938
1790130207436435818,16782619,13647333,3460,3028661,86218,19011938
1790130207551953088,16783346,13647584,3460,3029115,86236,19011938
1790130207669097081,16784058,13647910,3460,3029515,86247,19011938
1790130207786213075,16784769,13648189,3460,3029957,86262,19011938
1790130207901642674,16785512,13648469,3460,3030383,86276,19011938
1790130208017485227,16786230,13648745,3460,3030820,86290,19011938
1790130208134463969,16786962,13649017,3460,3031264,86303,19011938
1790130208249843591,16787693,13649262,3460,3031729,86314,19011938
1790130208365665185,16788441,13649488,3460,3032223,86324,19011938
1790130208483216415,16789171,13649735,3460,3032702,86336,19011938
1790130208597843981,16789900,13649973,3460,3033104,86411,19011938
1790130208714918422,16790624,13650228,3460,3033567,86424,19011938
1790130208831145831,16791361,13650496,3460,3034015,86436,19011938
1790130208945518381,16792082,13650767,3460,3034450,86447,19011938
1790130209058397980,16792797,13650999,3460,3034920,86454,19011938
1790130209174724315,16793547,13651257,3460,3035370,86473,19011938
1790130209290763565,16794272,13651518,3460,3035821,86486,19011938
1790130209407494409,16795010,13651771,3460,3036281,86504,19011938
1790130209522691228,16795743,13652028,3460,3036726,86520,19011938
1790130209638846573,16796472,13652267,3460,3037202,86533,19011938
1790130209756332355,16797222,13652510,3460,3037689,86543,19011938
1790130209873215984,16797961,13652793,3460,3038124,86557,19011938
1790130209990273765,16798704,13653073,3460,3038564,86569,19011938
1790130210106038077,16799442,13653352,3460,3038996,86581,19011938
1790130210221955079,16800168,13653611,3460,3039446,86599,19011938
1790130210337360510,16800896,13653860,3460,3039907,86610,19011938
1790130210457845034,16801657,13654109,3460,3040407,86616,19011938
1790130210573811612,16802377,13654361,3460,3040868,86627,19011938
1790130210689502938,16803106,13654614,3460,3041328,86643,19011938
1790130210805230206,16803837,13654871,3460,3041776,86657,19011938
1790130210920029839,16804561,13655129,3460,3042226,86669,19011938
1790130211034696681,16805303,13655359,3460,3042700,86683,19011938
1790130211152355777,16806041,13655626,3460,3043155,86698,19011938
1790130211267918107,16806770,13655907,3460,3043587,86709,19011938
1790130211382629263,16807488,13656153,3460,3043982,86790,19011938
1790130211498766845,16808202,13656419,3460,3044426,86803,19011938
1790130211612354768,16808910,13656697,3460,3044848,86817,19011938
1790130211727406289,16809633,13656928,3460,3045332,86824,19011938
1790130211842095311,16810359,13657180,3460,3045781,86840,19011938
1790130211957806435,16811074,13657454,3460,3046219,86852,19011938
1790130212074380247,16811813,13657723,3460,3046673,86862,19011938
1790130212190223047,16812537,13657982,3460,3047123,86877,19011938
1790130212306741918,16813279,13658229,3460,3047592,86889,19011938
1790130212421147258,16813993,13658456,3460,3048073,86899,19011938
1790130212538133012,16814722,13658714,3460,3048528,86917,19011938
1790130212652676276,16815428,13658959,3460,3048983,86933,19011938
1790130212769429356,16816156,13659211,3460,3049453,86944,19011938
1790130212886301173,16816879,13659466,3460,3049916,86956,19011938
1790130213002779431,16817605,13659708,3460,3050389,86967,19011938
1790130213119586577,16818339,13659957,3460,3050867,86976,19011938
1790130213237206034,16819069,13660215,3460,3051333,86991,19011938
1790130213354644124,16819804,13660481,3460,3051785,87003,19011938
1790130213469387548,16820538,13660747,3460,3052219,87020,19011938
1790130213585844224,16821250,13661009,3460,3052670,87034,19011938
1790130213703677148,16822021,13661252,3460,3053159,87046,19011938
1790130213822616540,16822745,13661475,3460,3053665,87059,19011938
1790130213938474597,16823464,13661724,3460,3054124,87073,19011938
1790130214054556051,16824204,13661986,3460,3054575,87085,19011938
1790130214169857681,16824913,13662238,3460,3055030,87096,19011938
1790130214286188099,16825625,13662493,3460,3055488,87110,19011938
1790130214401180437,16826356,13662713,3460,3055979,87122,19011938
1790130214517148920,16827077,13662975,3460,3056428,87136,19011938
1790130214632339237,16827804,13663224,3460,3056886,87149,19011938
1790130214748669526,16828530,13663488,3460,3057273,87226,19011938
1790130214863967083,16829247,13663746,3460,3057723,87241,19011938
1790130214979893019,16829971,13663993,3460,3058186,87254,19011938
1790130215095689854,16830721,13664264,3460,3058639,87263,19011938
1790130215210926812,16831460,13664515,3460,3059099,87272,19011938
1790130215327630479,16832191,13664779,3460,3059547,87287,19011938
1790130215441133316,16832929,13665037,3460,3059974,87313,19011938
1790130215557200757,16833654,13665286,3460,3060439,87324,19011938
1790130215672558347,16834374,13665549,3460,3060887,87333,19011938
1790130215790039033,16835115,13665798,3460,3061369,87345,19011938
1790130215907067294,16835853,13666043,3460,3061841,87360,19011938
1790130216023249866,16836565,13666308,3460,3062284,87375,19011938
1790130216138300622,16837303,13666567,3460,3062727,87389,19011938
1790130216252426732,16838023,13666825,3460,3063175,87400,19011938
1790130216368272771,16838742,13667097,3460,3063612,87416,19011938
1790130216486610866,16839504,13667328,3460,3064116,87425,19011938
1790130216600563617,16840212,13667568,3460,3064575,87437,19011938
1790130216714552833,16840922,13667808,3460,3065038,87449,19011938
1790130216828531472,16841632,13668077,3460,3065465,87464,19011938
1790130216941711576,16842322,13668332,3460,3065908,87474,19011938
1790130217058022709,16843052,13668616,3460,3066339,87489,19011938
1790130217176116126,16843806,13668854,3460,3066831,87499,19011938
1790130217291554062,16844527,13669103,3460,3067293,87513,19011938
1790130217408684339,16845258,13669372,3460,3067746,87528,19011938
1790130217525375527,16845958,13669634,3460,3068193,87543,19011938
1790130217641643049,16846679,13669901,3460,3068642,87555,19011938
1790130217756961326,16847415,13670156,3460,3069097,87566,19011938
1790130217869810385,16848109,13670448,3460,3069506,87576,19011938
1790130217985500720,16848851,13670714,3460,3069951,87590,19011938
1790130218101333406,16849584,13670938,3460,3070368,87677,19011938
1790130218215978654,16850304,13671194,3460,3070811,87693,19011938
1790130218331370201,16850995,13671452,3460,3071262,87704,19011938
1790130218447926320,16851728,13671709,3460,3071725,87714,19011938
1790130218563445059,16852452,13671943,3460,3072207,87725,19011938
1790130218680881814,16853180,13672201,3460,3072662,87743,19011938
1790130218797087222,16853890,13672461,3460,3073117,87756,19011938
1790130218912401299,16854614,13672720,3460,3073564,87769,19011938
1790130219028950685,16855351,13673000,3460,3074002,87783,19011938
1790130219143652454,16856079,13673254,3460,3074463,87793,19011938
1790130219263143611,16856838,13673496,3460,3074948,87810,19011938
1790130219379414464,16857564,13673742,3460,3075412,87825,19011938
1790130219496048042,16858302,13674009,3460,3075865,87836,19011938
1790130219611159604,16859024,13674270,3460,3076312,87847,19011938
1790130219727388856,16859760,13674532,3460,3076765,87862,19011938
1790130219844408825,16860496,13674780,3460,3077247,87871,19011938
1790130219960995756,16861217,13675033,3460,3077701,87886,19011938
1790130220077926588,16861952,13675296,3460,3078156,87899,19011938
1790130220193740120,16862686,13675557,3460,3078604,87914,19011938
1790130220308265831,16863389,13675811,3460,3079056,87925,19011938
1790130220424727272,16864131,13676097,3460,3079486,87938,19011938
1790130220538026980,16864852,13676379,3460,3079910,87945,19011938
1790130220656363021,16865594,13676641,3460,3080375,87959,19011938
1790130220772219101,16866312,13676903,3460,3080825,87975,19011938
1790130220886747258,16867024,13677174,3460,3081256,87986,19011938
1790130221002416008,16867743,13677429,3460,3081709,88003,19011938
1790130221117300918,16868434,13677678,3460,3082163,88017,19011938
1790130221232768030,16869131,13677955,3460,3082600,88030,19011938
1790130221347584624,16869838,13678217,3460,3083043,88047,19011938
1790130221464246265,16870557,13678467,3460,3083507,88060,19011938
1790130221581319102,16871306,13678706,3460,3083912,88148,19011938
1790130221697740529,16872029,13678965,3460,3084367,88161,19011938
1790130221814208960,16872762,13679217,3460,3084835,88173,19011938
1790130221928106330,16873479,13679464,3460,3085291,88183,19011938
1790130222043255271,16874182,13679707,3460,3085756,88196,19011938
1790130222159617880,16874903,13679990,3460,3086190,88208,19011938
1790130222273919241,16875611,13680256,3460,3086629,88220,19011938
1790130222389411382,16876325,13680509,3460,3087086,88230,19011938
1790130222504163191,16877059,13680751,3460,3087550,88244,19011938
1790130222621915344,16877791,13680985,3460,3088048,88253,19011938
1790130222739035446,16878517,13681253,3460,3088493,88270,19011938
1790130222856390478,16879248,13681511,3460,3088954,88285,19011938
1790130222972825397,16879979,13681762,3460,3089414,88302,19011938
1790130223088242057,16880707,13682016,3460,3089864,88319,19011938
1790130223204019191,16881421,13682238,3460,3090359,88330,19011938
1790130223323243521,16882178,13682481,3460,3090845,88344,19011938
1790130223439717167,16882903,13682737,3460,3091305,88360,19011938
1790130223554608151,16883640,13682989,3460,3091755,88376,19011938
1790130223668523322,16884342,13683239,3460,3092204,88387,19011938
1790130223784269838,16885076,13683497,3460,3092656,88402,19011938
1790130223899969864,16885808,13683739,3460,3093125,88418,19011938
1790130224017123790,16886555,13683985,3460,3093602,88429,19011938
1790130224130625010,16887260,13684266,3460,3094019,88440,19011938
1790130224245959785,16887998,13684511,3460,3094403,88535,19011938
1790130224362367912,16888732,13684779,3460,3094851,88547,19011938
1790130224476967053,16889459,13685052,3460,3095286,88561,19011938
1790130224590276563,16890166,13685305,3460,3095729,88576,19011938
1790130224706506041,16890888,13685550,3460,3096193,88593,19011938
1790130224822168386,16891601,13685822,3460,3096635,88603,19011938
1790130224938855742,16892329,13686076,3460,3097094,88617,19011938
1790130225055878067,16893049,13686329,3460,3097561,88629,19011938
1790130225171307457,16893752,13686586,3460,3098019,88641,19011938
1790130225286644040,16894475,13687013,3460,3098307,88647,19024354
1790130225398920921,16895194,13687618,3460,3098405,88651,19045730
1790130225514856030,16895935,13687740,3460,3099020,88651,19045730
1790130225632664371,16896687,13687820,3460,3099691,88652,19045730
1790130225747237085,16897422,13687891,3460,3100349,88652,19045730
1790130225864700510,16898176,13687987,3460,3101001,88652,19045730
1790130225977400474,16898892,13688059,3460,3101649,88652,19045730
1790130226091846076,16899623,13688141,3460,3102292,88652,19045730
1790130226208873462,16900367,13688259,3460,3102920,88652,19045730
1790130226323058254,16901099,13688306,3460,3103601,88653,19045730
1790130226440687579,16901854,13688437,3460,3104218,88653,19045730
1790130226558583433,16902601,13688522,3460,3104884,88653,19045730
1790130226673100063,16903336,13688614,3460,3105517,88654,19045730
1790130226791505512,16904086,13688732,3460,3106156,88654,19045730
1790130226905772905,16904824,13688757,3460,3106859,88654,19045730
1790130227021254637,16905564,13688871,3460,3107480,88655,19045730
1790130227139500204,16906316,13688943,3460,3108161,88655,19045730
1790130227254458358,16907055,13689035,3460,3108796,88656,19045730
1790130227372482161,16907808,13689147,3460,3109435,88657,19045730
1790130227487739621,16908550,13689189,3460,3110127,88657,19045730
1790130227603542630,16909290,13689297,3460,3110756,88658,19045730
1790130227717483311,16910022,13689416,3460,3111363,88658,19045730
1790130227832237848,16910745,13689493,3460,3112014,88658,19045730
1790130227949942849,16911502,13689623,3460,3112633,88659,19045730
1790130228068347749,16912254,13689750,3460,3113264,88659,19045730
1790130228182535349,16912981,13689839,3460,3113897,88661,19045730
1790130228301129134,16913745,13689970,3460,3114516,88661,19045730
1790130228415983343,16914485,13689996,3460,3115225,88661,19045730
1790130228532172723,16915226,13690108,3460,3115848,88661,19045730
1790130228650305926,16915983,13690231,3460,3116483,88661,19045730
1790130228767732150,16916735,13690345,3460,3117110,88663,19045730
1790130228885637468,16917485,13690457,3460,3117750,88663,19045730
1790130228998006393,16918209,13690580,3460,3118340,88664,19045730
1790130229109722095,16918924,13690689,3460,3118943,88664,19045730
1790130229224094935,16919645,13690755,3460,3119602,88665,19045730
1790130229341651745,16920394,13690876,3460,3120231,88666,19045730
1790130229459587020,16921143,13691056,3460,3120800,88667,19045730
1790130229577053966,16921889,13691215,3460,3121384,88668,19045730
1790130229695001095,16922649,13691370,3460,3121980,88669,19045730
1790130229810745087,16923397,13691507,3460,3122580,88669,19045730
1790130229929389389,16924147,13691577,3460,3123268,88669,19045730
1790130230043536869,16924879,13691655,3460,3123915,88669,19045730
1790130230161710308,16925638,13691782,3460,3124541,88670,19045730
1790130230280270268,16926395,13691939,3460,3125132,88670,19045730
1790130230398351624,16927154,13692021,3460,3125807,88671,19045730
1790130230512742003,16927892,13692197,3460,3126355,88672,19045730
1790130230630230067,16928642,13692314,3460,3126983,88672,19045730
1790130230748342098,16929401,13692397,3460,3127657,88672,19045730
1790130230863003763,16930137,13692481,3460,3128298,88672,19045730
1790130230980911810,16930891,13692596,3460,3128935,88672,19045730
1790130231099061935,16931643,13692753,3460,3129527,88673,19045730
1790130231216995053,16932395,13692870,3460,3130161,88673,19045730
1790130231335160265,16933139,13693043,3460,3130737,88675,19045730
1790130231453231616,16933891,13693225,3460,3131306,88675,19045730
1790130231567448676,16934620,13693280,3460,3131983,88675,19045730
1790130231686294263,16935380,13693424,3460,3132592,88676,19045730
1790130231804812781,16936137,13693510,3460,3133259,88677,19045730
1790130231920232554,16936885,13693645,3460,3133854,88677,19045730
1790130232033292859,16937608,13693792,3460,3134433,88677,19045730
1790130232151373581,16938361,13693923,3460,3135052,88678,19045730
1790130232269498537,16939115,13694065,3460,3135659,88679,19045730
1790130232383767887,16939849,13694132,3460,3136319,88679,19045730
1790130232497926275,16940578,13694230,3460,3136945,88680,19045730
1790130232615826616,16941327,13694359,3460,3137566,88681,19045730
1790130232729485981,16942063,13694484,3460,3138166,88681,19045730
1790130232847607790,16942820,13694626,3460,3138774,88681,19045730
1790130232959491507,16943529,13694744,3460,3139368,88682,19045730
1790130233071046386,16944247,13694843,3460,3139977,88682,19045730
1790130233185279693,16944977,13694903,3460,3140647,88682,19045730
1790130233302763311,16945721,13695002,3460,3141295,88682,19045730
1790130233420658631,16946466,13695137,3460,3141910,88682,19045730
1790130233532415628,16947179,13695249,3460,3142510,88683,19045730
1790130233650763449,16947938,13695413,3460,3143096,88684,19045730
1790130233766057963,16948669,13695529,3460,3143711,88684,19045730
1790130233884552007,16949430,13695600,3460,3144398,88684,19045730
1790130233998858472,16950169,13695672,3460,3145051,88684,19045730
1790130234116901090,16950925,13695803,3460,3145672,88685,19045730
1790130234234932041,16951681,13695929,3460,3146296,88686,19045730
1790130234353333249,16952432,13696046,3460,3146931,88686,19045730
1790130234468938840,16953161,13696185,3460,3147526,88687,19045730
1790130234586330980,16953906,13696277,3460,3148185,88688,19045730
1790130234703256994,16954651,13696371,3460,3148830,88688,19045730
1790130234817632397,16955386,13696444,3460,3149488,88688,19045730
1790130234935547839,16956140,13696536,3460,3150146,88689,19045730
1790130235053577746,16956892,13696667,3460,3150756,88697,19045730
1790130235172089770,16957651,13696796,3460,3151331,88745,19045730
1790130235290282336,16958403,13696909,3460,3151913,88799,19045730
1790130235408326480,16959163,13697010,3460,3152524,88844,19045730
1790130235522432839,16959897,13697047,3460,3153211,88848,19045730
1790130235640808062,16960656,13697182,3460,3153807,88869,19045730
1790130235757003257,16961398,13697351,3460,3154375,88869,19045730
1790130235874936786,16962155,13697522,3460,3154953,88869,19045730
1790130235993278541,16962907,13697670,3460,3155557,88870,19045730
1790130236122174256,16963737,13697848,3460,3156197,88870,19045730
1790130236239253981,16964488,13697967,3460,3156823,88870,19045730
1790130236353694229,16965227,13698023,3460,3157499,88871,19045730
1790130236470490280,16965962,13698118,3460,3158147,88871,19045730
1790130236588304047,16966712,13698261,3460,3158753,88871,19045730
1790130236703561800,16967448,13698367,3460,3159380,88872,19045730
1790130236821481321,16968194,13698518,3460,3159979,88873,19045730
1790130236937752477,16968947,13698644,3460,3160589,88875,19045730
1790130237056119002,16969700,13698715,3460,3161269,88875,19045730
1790130237170750270,16970435,13698795,3460,3161919,88877,19045730
1790130237288769596,16971188,13698909,3460,3162560,88877,19045730
1790130237407488661,16971946,13699030,3460,3163192,88878,19045730
1790130237525688643,16972701,13699131,3460,3163841,88878,19045730
1790130237641313533,16973440,13699241,3460,3164467,88879,19045730
1790130237759251002,16974189,13699334,3460,3165123,88879,19045730
1790130237872123526,16974909,13699406,3460,3165768,88879,19045730
1790130237986651847,16975638,13699482,3460,3166422,88880,19045730
1790130238104644441,16976391,13699598,3460,3167056,88880,19045730
1790130238222745362,16977157,13699754,3460,3167649,88881,19045730
1790130238340867755,16977914,13699880,3460,3168274,88881,19045730
1790130238458822546,16978656,13700010,3460,3168893,88882,19045730
1790130238576881666,16979414,13700127,3460,3169528,88882,19045730
1790130238691226157,16980141,13700154,3460,3170230,88882,19045730
1790130238804898531,16980868,13700266,3460,3170838,88883,19045730
1790130238922840725,16981625,13700383,3460,3171473,88883,19045730
1790130239038027134,16982372,13700539,3460,3172048,88884,19045730
1790130239156103665,16983128,13700658,3460,3172682,88884,19045730
1790130239268144194,16983846,13700793,3460,3173257,88884,19045730
1790130239384755576,16984598,13700909,3460,3173885,88884,19045730
1790130239499148287,16985318,13700976,3460,3174544,88889,19045730
1790130239617374320,16986071,13701060,3460,3175213,88889,19045730
1790130239734605362,16986817,13701198,3460,3175818,88889,19045730
1790130239852248715,16987569,13701327,3460,3176434,88890,19045730
1790130239970124235,16988316,13701502,3460,3177008,88891,19045730
1790130240087580923,16989062,13701601,3460,3177659,88892,19045730
1790130240205713653,16989826,13701672,3460,3178339,88892,19045730
1790130240319879702,16990564,13701748,3460,3178988,88892,19045730
1790130240437849475,16991318,13701863,3460,3179625,88892,19045730
1790130240555881074,16992075,13701981,3460,3180255,88893,19045730
1790130240673873867,16992825,13702104,3460,3180883,88894,19045730
1790130240792214891,16993580,13702229,3460,3181507,88894,19045730
1790130240910161441,16994331,13702355,3460,3182133,88894,19045730
1790130241025349789,16995067,13702384,3460,3182843,88895,19045730
1790130241142598089,16995810,13702508,3460,3183463,88895,19045730
1790130241260398427,16996564,13702611,3460,3184109,88896,19045730
1790130241372271503,16997284,13702735,3460,3184693,88897,19045730
1790130241487616059,16998014,13702890,3460,3185276,88897,19045730
1790130241605532015,16998767,13703012,3460,3185904,88897,19045730
1790130241723689386,16999522,13703135,3460,3186530,88898,19045730
1790130241838352605,17000249,13703189,3460,3187204,88898,19045730
1790130241954369376,17000989,13703285,3460,3187852,88899,19045730
1790130242072774093,17001752,13703443,3460,3188443,88899,19045730
1790130242185723913,17002477,13703571,3460,3189034,88899,19045730
1790130242303949277,17003228,13703693,3460,3189664,88900,19045730
1790130242421760095,17003984,13703825,3460,3190281,88901,19045730
1790130242539946435,17004739,13703902,3460,3190955,88901,19045730
1790130242654639221,17005473,13703980,3460,3191609,88901,19045730
1790130242773024785,17006229,13704100,3460,3192242,88901,19045730
1790130242891291426,17006974,13704226,3460,3192867,88902,19045730
1790130243009101149,17007727,13704324,3460,3193519,88903,19045730
1790130243124213363,17008459,13704489,3460,3194080,88904,19045730
1790130243242554408,17009212,13704579,3460,3194748,88904,19045730
1790130243359763503,17009971,13704667,3460,3195405,88905,19045730
1790130243474429278,17010701,13704745,3460,3196058,88905,19045730
1790130243592519529,17011460,13704867,3460,3196687,88905,19045730
1790130243710774662,17012214,13705027,3460,3197277,88906,19045730
1790130243828880742,17012964,13705156,3460,3197899,88906,19045730
1790130243946820842,17013712,13705315,3460,3198488,88908,19045730
1790130244064621879,17014453,13705444,3460,3199110,88908,19045730
1790130244179124375,17015192,13705504,3460,3199777,88908,19045730
1790130244296381479,17015930,13705620,3460,3200408,88910,19045730
1790130244414682965,17016691,13705693,3460,3201087,88910,19045730
1790130244529321328,17017421,13705773,3460,3201737,88911,19045730
1790130244647250830,17018171,13705901,3460,3202355,88911,19045730
1790130244761295522,17018901,13705923,3460,3203060,88911,19045730
1790130244878080708,17019646,13706030,3460,3203698,88912,19045730
1790130244995422894,17020391,13706107,3460,3204369,88913,19045730
1790130245109656367,17021126,13706169,3460,3205032,88913,19045730
1790130245227813478,17021879,13706266,3460,3205687,88913,19045730
1790130245342614389,17022606,13706347,3460,3206338,88913,19045730
1790130245456942097,17023338,13706425,3460,3206985,88914,19045730
1790130245574779132,17024094,13706551,3460,3207608,88915,19045730
1790130245688711084,17024825,13706622,3460,3208264,88915,19045730
1790130245806018094,17025580,13706756,3460,3208874,88915,19045730
1790130245924015986,17026332,13706850,3460,3209532,88915,19045730
1790130246038231211,17027063,13706943,3460,3210163,88916,19045730
1790130246156336631,17027816,13707091,3460,3210772,88916,19045730
1790130246271102963,17028553,13707150,3460,3211440,88916,19045730
1790130246388667458,17029309,13707267,3460,3212072,88917,19045730
1790130246506979638,17030063,13707336,3460,3212755,88917,19045730
1790130246621587774,17030795,13707423,3460,3213399,88917,19045730
1790130246739850826,17031548,13707561,3460,3214013,88918,19045730
1790130246854144481,17032280,13707612,3460,3214688,88918,19045730
1790130246970063184,17033047,13707779,3460,3215254,88919,19045730
1790130247083000626,17033744,13708019,3460,3215712,88932,19045730
1790130247199844655,17034464,13708278,3460,3216171,88943,19045730
1790130247315609509,17035187,13708457,3460,3216413,89250,19045730
1790130247431357401,17035925,13708708,3460,3216869,89265,19045730
1790130247545411549,17036636,13708960,3460,3217318,89277,19045730
1790130247662001387,17037359,13709199,3460,3217804,89285,19045730
1790130247775621314,17038047,13709452,3460,3218253,89293,19045730
1790130247894033223,17038792,13709713,3460,3218719,89307,19045730
1790130248009428040,17039515,13709962,3460,3219180,89320,19045730
1790130248124546902,17040220,13710233,3460,3219615,89332,19045730
1790130248240958456,17040973,13710493,3460,3220076,89343,19045730
1790130248354374259,17041685,13710718,3460,3220550,89353,19045730
1790130248471294805,17042416,13710970,3460,3221015,89368,19045730
1790130248587752943,17043171,13711241,3460,3221459,89381,19045730
1790130248702466071,17043882,13711524,3460,3221881,89393,19045730
1790130248819025947,17044634,13711768,3460,3222353,89406,19045730
1790130248933876988,17045367,13712023,3460,3222804,89418,19045730
1790130249051573630,17046116,13712264,3460,3223291,89430,19045730
1790130249166824775,17046851,13712502,3460,3223757,89447,19045730
1790130249282478207,17047584,13712750,3460,3224218,89460,19045730
1790130249396776852,17048300,13713009,3460,3224664,89470,19045730
1790130249510413421,17049012,13713272,3460,3225101,89483,19045730
1790130249627647980,17049746,13713552,3460,3225540,89496,19045730
1790130249745700666,17050456,13713779,3460,3226042,89507,19045730
1790130249861180409,17051172,13714039,3460,3226496,89520,19045730
1790130249976431803,17051887,13714294,3460,3226946,89532,19045730
1790130250090454054,17052595,13714532,3460,3227338,89617,19045730
1790130250205603398,17053310,13714786,3460,3227789,89634,19045730
1790130250323546760,17054043,13715054,3460,3228240,89653,19045730
1790130250438481710,17054776,13715283,3460,3228724,89663,19045730
1790130250553119736,17055486,13715531,3460,3229178,89676,19045730
1790130250668567566,17056203,13715806,3460,3229616,89690,19045730
1790130250783960232,17056924,13716067,3460,3230062,89701,19045730
1790130250900824276,17057674,13716321,3460,3230522,89718,19045730
1790130251016845854,17058388,13716589,3460,3230970,89728,19045730
1790130251136855653,17059136,13716827,3460,3231474,89740,19045730
1790130251253044178,17059880,13717096,3460,3231922,89752,19045730
1790130251368711418,17060615,13717384,3460,3232343,89764,19045730
1790130251486017328,17061334,13717646,3460,3232802,89777,19045730
1790130251602322731,17062051,13717909,3460,3233248,89793,19045730
1790130251718270774,17062776,13718156,3460,3233720,89805,19045730
1790130251835060761,17063526,13718409,3460,3234180,89821,19045730
1790130251951177773,17064217,13718661,3460,3234647,89832,19045730
1790130252067772961,17064954,13718913,3460,3235110,89846,19045730
1790130252183093392,17065668,13719159,3460,3235570,89859,19045730
1790130252299435770,17066403,13719427,3460,3236012,89876,19045730
1790130252421228869,17067182,13719761,3460,3236437,89886,19045730
1790130252538976961,17067942,13720011,3460,3236909,89897,19045730
1790130252655251386,17068663,13720273,3460,3237362,89912,19045730
1790130252770305155,17069382,13720530,3460,3237738,89995,19045730
1790130252887268559,17070128,13720780,3460,3238206,90009,19045730
1790130253004091736,17070855,13721037,3460,3238660,90027,19045730
1790130253121395125,17071590,13721273,3460,3239159,90035,19045730
1790130253237946822,17072321,13721537,3460,3239604,90049,19045730
1790130253352312222,17073044,13721789,3460,3240053,90067,19045730
1790130253469670240,17073782,13722050,3460,3240515,90080,19045730
1790130253584923626,17074511,13722304,3460,3240965,90094,19045730
1790130253701144794,17075252,13722545,3460,3241442,90104,19045730
1790130253817565858,17075969,13722771,3460,3241934,90116,19045730
1790130253933390221,17076700,13723046,3460,3242371,90128,19045730
1790130254049623936,17077419,13723300,3460,3242829,90141,19045730
1790130254164187005,17078118,13723551,3460,3243283,90155,19045730
1790130254278424447,17078833,13723813,3460,3243723,90167,19045730
1790130254394393912,17079580,13724063,3460,3244181,90182,19045730
1790130254509055734,17080299,13724274,3460,3244680,90194,19045730
1790130254624945376,17081007,13724531,3460,3245129,90211,19045730
1790130254740151789,17081744,13724779,3460,3245592,90224,19045730
1790130254856681832,17082491,13725023,3460,3246062,90238,19045730
1790130254973142533,17083201,13725281,3460,3246518,90249,19045730
1790130255090329189,17083945,13725503,3460,3247022,90261,19045730
1790130255207862790,17084678,13725757,3460,3247485,90280,19045730
1790130255324363281,17085399,13726031,3460,3247921,90297,19045730
1790130255439958860,17086128,13726324,3460,3248338,90313,19045730
1790130255555734985,17086843,13726592,3460,3248776,90327,19045730
1790130255668948679,17087547,13726865,3460,3249203,90339,19045730
1790130255785824342,17088281,13727109,3460,3249682,90348,19045730
1790130255899274171,17088993,13727357,3460,3250132,90357,19045730
1790130256012721112,17089706,13727608,3460,3250577,90372,19045730
1790130256126548342,17090419,13727853,3460,3250957,90465,19045730
1790130256242423491,17091136,13728095,3460,3251421,90481,19045730
1790130256359317247,17091877,13728338,3460,3251899,90491,19045730
1790130256473501570,17092583,13728565,3460,3252377,90501,19045730
1790130256591808685,17093293,13728836,3460,3252833,90514,19045730
1790130256707418303,17094006,13729092,3460,3253285,90529,19045730
1790130256824663326,17094732,13729359,3460,3253737,90543,19045730
1790130256939201277,17095439,13729617,3460,3254183,90557,19045730
1790130257055547499,17096182,13729865,3460,3254653,90571,19045730
1790130257171174315,17096898,13730082,3460,3255145,90583,19045730
1790130257289062200,17097636,13730334,3460,3255618,90598,19045730
1790130257404581643,17098369,13730582,3460,3256074,90612,19045730
1790130257521684196,17099110,13730845,3460,3256532,90625,19045730
1790130257637836920,17099833,13731102,3460,3256984,90641,19045730
1790130257753925140,17100559,13731355,3460,3257447,90656,19045730
1790130257870337188,17101270,13731580,3460,3257935,90669,19045730
1790130257987735968,17102006,13731836,3460,3258400,90683,19045730
1790130258104552423,17102730,13732091,3460,3258867,90696,19045730
1790130258218677898,17103435,13732343,3460,3259307,90711,19045730
1790130258334197420,17104159,13732587,3460,3259770,90725,19045730
1790130258450939848,17104891,13732855,3460,3260230,90735,19045730
1790130258567343100,17105618,13733104,3460,3260697,90744,19045730
1790130258684133936,17106371,13733371,3460,3261146,90760,19045730
1790130258799731558,17107090,13733626,3460,3261600,90773,19045730
1790130258915960343,17107828,13733880,3460,3262055,90789,19045730
1790130259029847834,17108545,13734143,3460,3262493,90802,19045730
1790130259146172677,17109288,13734381,3460,3262978,90812,19045730
1790130259263631770,17110023,13734644,3460,3263438,90824,19045730
1790130259378981213,17110750,13734916,3460,3263876,90840,19045730
1790130259495179015,17111480,13735147,3460,3264278,90929,19045730
1790130259612180006,17112208,13735405,3460,3264738,90943,19045730
1790130259725885975,17112938,13735669,3460,3265172,90960,19045730
1790130259841900214,17113660,13735892,3460,3265658,90976,19045730
1790130259959944664,17114417,13736146,3460,3266129,90989,19045730
1790130260076112219,17115165,13736408,3460,3266585,91000,19045730
1790130260193157421,17115881,13736669,3460,3267039,91017,19045730
1790130260308597562,17116615,13736909,3460,3267504,91033,19045730
1790130260424720656,17117351,13737167,3460,3267967,91045,19045730
1790130260539339733,17118048,13737400,3460,3268437,91056,19045730
1790130260656919017,17118796,13737656,3460,3268906,91070,19045730
1790130260772282142,17119536,13737917,3460,3269346,91088,19045730
1790130260888039647,17120266,13738169,3460,3269803,91101,19045730
1790130261004583526,17120987,13738429,3460,3270258,91115,19045730
1790130261120708973,17121721,13738722,3460,3270682,91127,19045730
1790130261235977100,17122466,13738963,3460,3271156,91136,19045730
1790130261353635992,17123199,13739225,3460,3271615,91150,19045730
1790130261470689280,17123935,13739501,3460,3272061,91161,19045730
1790130261585353224,17124654,13739759,3460,3272505,91176,19045730
1790130261702288681,17125391,13740005,3460,3272972,91193,19045730
1790130261819158008,17126122,13740262,3460,3273434,91206,19045730
1790130261937273177,17126870,13740513,3460,3273911,91219,19045730
1790130262051845803,17127603,13740757,3460,3274374,91230,19045730
1790130262168054432,17128345,13741005,3460,3274830,91253,19045730
1790130262284048471,17129068,13741275,3460,3275269,91268,19045730
1790130262399858399,17129791,13741548,3460,3275711,91279,19045730
1790130262517426253,17130515,13741816,3460,3276171,91290,19045730
1790130262634058421,17131260,13742053,3460,3276651,91301,19045730
1790130262747709601,17131980,13742346,3460,3277058,91314,19045730
1790130262863557752,17132698,13742589,3460,3277487,91366,19045730
1790130262979516395,17133432,13742843,3460,3277909,91416,19045730
1790130263095524447,17134155,13743082,3460,3278383,91430,19045730
1790130263208756715,17134871,13743312,3460,3278857,91436,19045730
1790130263322934906,17135604,13743556,3460,3279317,91447,19045730
1790130263437513384,17136327,13743817,3460,3279759,91463,19045730
1790130263553906065,17137049,13744071,3460,3280219,91477,19045730
1790130263669195437,17137768,13744373,3460,3280624,91491,19045730
1790130263785298403,17138514,13744618,3460,3281099,91500,19045730
1790130263900429291,17139241,13744844,3460,3281581,91512,19045730
1790130264017943294,17139979,13745128,3460,3282020,91525,19045730
1790130264133616119,17140704,13745392,3460,3282464,91541,19045730
1790130264248945285,17141429,13745643,3460,3282918,91557,19045730
1790130264365505555,17142135,13745893,3460,3283383,91570,19045730
1790130264481819464,17142886,13746153,3460,3283837,91585,19045730
1790130264594475440,17143610,13746441,3460,3284255,91594,19045730
1790130264710541065,17144325,13746696,3460,3284705,91609,19045730
1790130264826661569,17145064,13746966,3460,3285147,91625,19045730
1790130264941375385,17145778,13747243,3460,3285573,91640,19045730
1790130265057773121,17146507,13747490,3460,3286037,91655,19045730
1790130265172847705,17147241,13747747,3460,3286493,91664,19045730
1790130265290103840,17147995,13747963,3460,3287003,91675,19045730
1790130265408158819,17148735,13748225,3460,3287460,91692,19045730
1790130265524061841,17149449,13748511,3460,3287886,91709,19045730
1790130265639857790,17150170,13748772,3460,3288255,91802,19045730
1790130265756231085,17150899,13749078,3460,3288667,91812,19045730
1790130265872766963,17151641,13749345,3460,3289116,91828,19045730
1790130265989476890,17152377,13749600,3460,3289586,91838,19045730
1790130266104386809,17153085,13749877,3460,3290015,91851,19045730
1790130266221471032,17153807,13750155,3460,3290460,91863,19045730
1790130266336618391,17154560,13750407,3460,3290914,91876,19045730
1790130266452491099,17155270,13750661,3460,3291370,91889,19045730
1790130266568743016,17156006,13750917,3460,3291832,91900,19045730
1790130266687484714,17156752,13751146,3460,3292336,91912,19045730
1790130266804966751,17157494,13751428,3460,3292774,91927,19045730
1790130266920123691,17158223,13751698,3460,3293211,91940,19045730
1790130267036874837,17158951,13751951,3460,3293671,91955,19045730
1790130267152699189,17159691,13752193,3460,3294144,91966,19045730
1790130267268462658,17160420,13752435,3460,3294621,91979,19045730
1790130267388207269,17161174,13752672,3460,3295119,91992,19045730
1790130267504056365,17161891,13752922,3460,3295580,92004,19045730
1790130267620472296,17162608,13753194,3460,3296020,92016,19045730
1790130267737113457,17163323,13753481,3460,3296450,92030,19045730
1790130267851087325,17164038,13753733,3460,3296901,92039,19045730
1790130267969136191,17164775,13753956,3460,3297412,92047,19045730
1790130268086369282,17165519,13754222,3460,3297869,92058,19045730
1790130268202883624,17166259,13754485,3460,3298323,92071,19045730
1790130268318433307,17166990,13754744,3460,3298773,92082,19045730
1790130268433936305,17167701,13754997,3460,3299230,92096,19045730
1790130268549484156,17168417,13755269,3460,3299666,92110,19045730
1790130268665432550,17169120,13755535,3460,3300118,92124,19045730
1790130268783078587,17169873,13755830,3460,3300546,92136,19045730
1790130268899893529,17170594,13756086,3460,3301007,92151,19045730
1790130269016091226,17171318,13756327,3460,3301410,92237,19045730
1790130269133283913,17172061,13756575,3460,3301876,92255,19045730
1790130269246656095,17172790,13756838,3460,3302309,92266,19045730
1790130269364563318,17173524,13757104,3460,3302774,92276,19045730
1790130269482482578,17174281,13757356,3460,3303248,92286,19045730
1790130269598429509,17175002,13757611,3460,3303709,92298,19045730
1790130269713454102,17175727,13757865,3460,3304157,92316,19045730
1790130269828743936,17176454,13758131,3460,3304600,92328,19045730
1790130269944715751,17177195,13758376,3460,3305066,92340,19045730
1790130270060505200,17177905,13758591,3460,3305568,92349,19045730
1790130270176270759,17178636,13758850,3460,3306021,92361,19045730
1790130270291202719,17179363,13759096,3460,3306480,92374,19045730
1790130270404939745,17180071,13759340,3460,3306933,92392,19045730
1790130270519910633,17180791,13759594,3460,3307379,92406,19045730
1790130270634661899,17181512,13759846,3460,3307831,92421,19045730
1790130270754557906,17182266,13760079,3460,3308336,92434,19045730
1790130270870528022,17183005,13760343,3460,3308785,92446,19045730
1790130270987556954,17183722,13760624,3460,3309225,92462,19045730
1790130271102218521,17184424,13760882,3460,3309669,92473,19045730
1790130271217519097,17185150,13761138,3460,3310120,92486,19045730
1790130271335096929,17185889,13761371,3460,3310617,92494,19045730
1790130271452284481,17186627,13761620,3460,3311087,92509,19045730
1790130271568856497,17187354,13761884,3460,3311533,92528,19045730
1790130271684935373,17188083,13762148,3460,3311982,92543,19045730
1790130271799882898,17188812,13762398,3460,3312434,92559,19045730
1790130271914582000,17189525,13762640,3460,3312892,92575,19045730
1790130272029622177,17190269,13762902,3460,3313344,92584,19045730
1790130272145064585,17191003,13763174,3460,3313784,92596,19045730
1790130272259575206,17191720,13763443,3460,3314219,92609,19045730
1790130272376846386,17192447,13763678,3460,3314655,92668,19045730
1790130272493379083,17193169,13763923,3460,3315107,92702,19045730
1790130272609961846,17193910,13764175,3460,3315570,92718,19045730
1790130272726996749,17194655,13764416,3460,3316057,92726,19045730
1790130272842579872,17195393,13764673,3460,3316510,92740,19045730
1790130272957916455,17196120,13764933,3460,3316961,92749,19045730
1790130273073698127,17196827,13765192,3460,3317409,92763,19045730
1790130273189440895,17197555,13765440,3460,3317874,92774,19045730
1790130273306213000,17198290,13765738,3460,3318293,92789,19045730
1790130273424073797,17199019,13765960,3460,3318795,92804,19045730
1790130273541709114,17199763,13766222,3460,3319252,92822,19045730
1790130273657321716,17200487,13766498,3460,3319686,92834,19045730
1790130273773652798,17201210,13766745,3460,3320155,92845,19045730
1790130273889659982,17201923,13767002,3460,3320610,92859,19045730
1790130274004592036,17202649,13767280,3460,3321044,92871,19045730
1790130274121416911,17203387,13767527,3460,3321520,92878,19045730
1790130274236689832,17204128,13767796,3460,3321954,92895,19045730
1790130274351563897,17204857,13768088,3460,3322373,92906,19045730
1790130274467700274,17205595,13768340,3460,3322830,92922,19045730
1790130274584103187,17206325,13768597,3460,3323287,92936,19045730
1790130274700692658,17207059,13768895,3460,3323708,92947,19045730
1790130274817463652,17207775,13769169,3460,3324159,92957,19045730
1790130274934384325,17208507,13769445,3460,3324601,92970,19045730
1790130275051580107,17209240,13769734,3460,3325030,92987,19045730
1790130275168057504,17209940,13769982,3460,3325498,92999,19045730
1790130275281737254,17210653,13770275,3460,3325903,93013,19045730
1790130275397245703,17211386,13770521,3460,3326361,93030,19045730
1790130275516182729,17212150,13770744,3460,3326874,93041,19045730
1790130275633500702,17212896,13771013,3460,3327324,93053,19045730
1790130275748186048,17213613,13771277,3460,3327756,93074,19045730
1790130275863995625,17214338,13771521,3460,3328155,93156,19045730
1790130275976851525,17215057,13771774,3460,3328590,93175,19045730
1790130276094263218,17215784,13772005,3460,3329081,93191,19045730
1790130276212874750,17216519,13772257,3460,3329556,93206,19045730
1790130276330471810,17217258,13772526,3460,3330005,93224,19045730
1790130276447644198,17218004,13772788,3460,3330462,93236,19045730
1790130276562747900,17218723,13773046,3460,3330909,93253,19045730
1790130276679848953,17219483,13773328,3460,3331340,93271,19045730
1790130276797080791,17220231,13773555,3460,3331843,93280,19045730
1790130276913675436,17220952,13773815,3460,3332294,93297,19045730
1790130277031301013,17221691,13774074,3460,3332755,93312,19045730
1790130277148643974,17222438,13774333,3460,3333213,93329,19045730
1790130277264604941,17223170,13774584,3460,3333673,93343,19045730
1790130277382476914,17223910,13774826,3460,3334160,93354,19045730
1790130277498337021,17224652,13775061,3460,3334641,93364,19045730
1790130277615686780,17225396,13775323,3460,3335095,93381,19045730
1790130277729927645,17226110,13775573,3460,3335545,93396,19045730
1790130277844328589,17226828,13775834,3460,3335986,93410,19045730
1790130277959815185,17227541,13776084,3460,3336442,93425,19045730
1790130278075082246,17228285,13776315,3460,3336914,93443,19045730
1790130278192370765,17229017,13776548,3460,3337403,93459,19045730
1790130278307904168,17229739,13776811,3460,3337844,93472,19045730
1790130278423180157,17230477,13777088,3460,3338276,93488,19045730
1790130278539019418,17231213,13777320,3460,3338675,93583,19045730
1790130278655218254,17231927,13777578,3460,3339129,93597,19045730
1790130278772050655,17232676,13777828,3460,3339598,93611,19045730
1790130278886402250,17233378,13778073,3460,3340056,93623,19045730
1790130279003542200,17234103,13778331,3460,3340513,93641,19045730
1790130279117936664,17234817,13778580,3460,3340965,93655,19045730
1790130279234031239,17235547,13778828,3460,3341431,93667,19045730
1790130279350479864,17236273,13779088,3460,3341882,93684,19045730
1790130279466945748,17237026,13779317,3460,3342372,93699,19045730
1790130279585181551,17237781,13779574,3460,3342841,93710,19045730
1790130279702937944,17238508,13779844,3460,3343298,93722,19045730
1790130279819636229,17239236,13780123,3460,3343735,93734,19045730
1790130279936352811,17239974,13780368,3460,3344211,93744,19045730
1790130280051351932,17240721,13780604,3460,3344677,93759,19045730
1790130280165175376,17241442,13780915,3460,3345070,93769,19049698
1790130280278593892,17242167,13781619,3460,3345075,93776,19078498
1790130280396537740,17242902,13781721,3460,3345722,93778,19078498
1790130280512341598,17243655,13781834,3460,3346347,93778,19078498
1790130280626629014,17244390,13781879,3460,3347028,93779,19078498
1790130280743140486,17245130,13781984,3460,3347659,93780,19078498
1790130280861014627,17245883,13782065,3460,3348331,93780,19078498
1790130280975295625,17246617,13782146,3460,3348978,93781,19078498
1790130281093394572,17247376,13782272,3460,3349610,93781,19078498
1790130281207862341,17248106,13782322,3460,3350282,93782,19078498
1790130281322556328,17248834,13782407,3460,3350927,93783,19078498
1790130281440540169,17249588,13782543,3460,3351543,93783,19078498
1790130281554526911,17250311,13782573,3460,3352239,93783,19078498
1790130281670187058,17251055,13782726,3460,3352816,93784,19078498
1790130281788515415,17251809,13782815,3460,3353484,93784,19078498
1790130281902685328,17252545,13782881,3460,3354145,93785,19078498
1790130282019483554,17253280,13782975,3460,3354794,93785,19078498
1790130282135589379,17254029,13783056,3460,3355452,93785,19078498
1790130282250064185,17254771,13783140,3460,3356093,93785,19078498
1790130282367934995,17255522,13783265,3460,3356719,93785,19078498
1790130282482238067,17256256,13783293,3460,3357420,93785,19078498
1790130282597496200,17256987,13783421,3460,3358028,93785,19078498
1790130282715566333,17257738,13783516,3460,3358684,93785,19078498
1790130282830030300,17258470,13783572,3460,3359354,93786,19078498
1790130282947299616,17259222,13783658,3460,3360017,93786,19078498
1790130283064275879,17259969,13783740,3460,3360683,93786,19078498
1790130283179212342,17260705,13783815,3460,3361331,93787,19078498
1790130283297048539,17261458,13783934,3460,3361963,93787,19078498
1790130283411457110,17262191,13783961,3460,3362669,93787,19078498
1790130283526292885,17262917,13784099,3460,3363260,93788,19078498
1790130283644196510,17263665,13784201,3460,3363908,93789,19078498
1790130283759221820,17264405,13784308,3460,3364532,93790,19078498
1790130283870864278,17265122,13784454,3460,3365096,93790,19078498
1790130283988712058,17265869,13784617,3460,3365682,93791,19078498
1790130284107017080,17266629,13784739,3460,3366310,93791,19078498
1790130284222109952,17267357,13784770,3460,3367013,93791,19078498
1790130284339284742,17268114,13784883,3460,3367643,93792,19078498
1790130284457220555,17268864,13784968,3460,3368312,93792,19078498
1790130284574142341,17269610,13785123,3460,3368896,93792,19078498
1790130284689995435,17270354,13785257,3460,3369501,93792,19078498
1790130284807967336,17271100,13785418,3460,3370089,93794,19078498
1790130284925937788,17271856,13785545,3460,3370712,93794,19078498
1790130285040455481,17272586,13785581,3460,3371409,93794,19078498
1790130285154763684,17273314,13785707,3460,3372007,93795,19078498
1790130285273728245,17274075,13785841,3460,3372632,93795,19078498
1790130285389276767,17274818,13785972,3460,3373231,93796,19078498
1790130285504845125,17275563,13786116,3460,3373826,93796,19078498
1790130285623139022,17276296,13786242,3460,3374449,93796,19078498
1790130285741405573,17277051,13786403,3460,3375044,93797,19078498
1790130285855962213,17277792,13786443,3460,3375731,93797,19078498
1790130285970954422,17278520,13786580,3460,3376323,93799,19078498
1790130286088895509,17279275,13786674,3460,3376983,93799,19078498
1790130286204696310,17280020,13786798,3460,3377595,93799,19078498
1790130286319969599,17280763,13786931,3460,3378193,93799,19078498
1790130286438249583,17281521,13787063,3460,3378812,93800,19078498
1790130286556596084,17282270,13787180,3460,3379451,93800,19078498
1790130286670910109,17283003,13787212,3460,3380148,93800,19078498
1790130286783266636,17283721,13787337,3460,3380734,93801,19078498
1790130286901667619,17284481,13787463,3460,3381365,93802,19078498
1790130287019887998,17285243,13787585,3460,3381992,93802,19078498
1790130287138218796,17285998,13787701,3460,3382628,93802,19078498
1790130287256300855,17286753,13787826,3460,3383258,93803,19078498
1790130287373873900,17287516,13787954,3460,3383875,93803,19078498
1790130287491221180,17288268,13788004,3460,3384571,93803,19078498
1790130287607864264,17289025,13788132,3460,3385186,93804,19078498
1790130287726069058,17289771,13788289,3460,3385780,93804,19078498
1790130287842809523,17290517,13788475,3460,3386338,93805,19078498
1790130287961060873,17291265,13788614,3460,3386949,93805,19078498
1790130288077028348,17292003,13788771,3460,3387528,93806,19078498
1790130288194703648,17292753,13788901,3460,3388150,93806,19078498
1790130288309073481,17293479,13788960,3460,3388819,93806,19078498
1790130288423639228,17294208,13789065,3460,3389443,93806,19078498
1790130288541447623,17294961,13789192,3460,3390066,93807,19078498
1790130288658749665,17295718,13789321,3460,3390680,93807,19078498
1790130288776869618,17296472,13789395,3460,3391358,93808,19078498
1790130288893928818,17297219,13789536,3460,3391961,93809,19078498
1790130289007982770,17297949,13789681,3460,3392540,93809,19078498
1790130289122374433,17298671,13789720,3460,3393228,93809,19078498
1790130289237842111,17299403,13789873,3460,3393811,93810,19078498
1790130289355904294,17300159,13790007,3460,3394427,93810,19078498
1790130289472675627,17300907,13790131,3460,3395047,93811,19078498
1790130289590717993,17301660,13790221,3460,3395709,93811,19078498
1790130289708694406,17302423,13790363,3460,3396314,93813,19078498
1790130289825069780,17303165,13790467,3460,3396949,93813,19078498
1790130289939543322,17303888,13790527,3460,3397618,93815,19078498
1790130290056661689,17304636,13790634,3460,3398257,93816,19078498
1790130290174524558,17305390,13790764,3460,3398876,93816,19078498
1790130290290180085,17306132,13790919,3460,3399451,93817,19078498
1790130290408090155,17306884,13791019,3460,3400105,93817,19078498
1790130290523001389,17307620,13791136,3460,3400719,93817,19078498
1790130290641426828,17308379,13791254,3460,3401356,93818,19078498
1790130290774196766,17309226,13791324,3460,3402125,93818,19078498
1790130290891129934,17309974,13791430,3460,3402764,93818,19078498
1790130291008498375,17310727,13791591,3460,3403352,93819,19078498
1790130291126025674,17311487,13791686,3460,3404001,93819,19078498
1790130291243963215,17312237,13791826,3460,3404611,93820,19078498
1790130291360814393,17312987,13791953,3460,3405228,93820,19078498
1790130291478841715,17313744,13792059,3460,3405873,93821,19078498
1790130291593663742,17314477,13792160,3460,3406502,93821,19078498
1790130291711781456,17315238,13792282,3460,3407133,93822,19078498
1790130291830332019,17315995,13792405,3460,3407762,93823,19078498
1790130291948098528,17316753,13792523,3460,3408389,93824,19078498
1790130292064093904,17317501,13792677,3460,3408972,93824,19078498
1790130292181169685,17318247,13792774,3460,3409620,93825,19078498
1790130292299131001,17319000,13792847,3460,3410299,93825,19078498
1790130292413202826,17319728,13792923,3460,3410947,93826,19078498
1790130292531257216,17320480,13793076,3460,3411545,93826,19078498
1790130292649046585,17321231,13793210,3460,3412161,93828,19078498
1790130292766962357,17321988,13793339,3460,3412782,93828,19078498
1790130292885674479,17322761,13793540,3460,3413335,93829,19078498
1790130293003223886,17323507,13793634,3460,3413986,93829,19078498
1790130293121513438,17324257,13793709,3460,3414667,93831,19078498
1790130293235736754,17324985,13793794,3460,3415267,93870,19078498
1790130293353764337,17325739,13793937,3460,3415834,93917,19078498
1790130293474256950,17326511,13794094,3460,3416400,93951,19078498
1790130293593058969,17327275,13794210,3460,3416999,93993,19078498
1790130293711214636,17328029,13794339,3460,3417575,94038,19078498
1790130293827188993,17328775,13794487,3460,3418124,94079,19078498
1790130293945436318,17329536,13794566,3460,3418787,94095,19078498
1790130294059852293,17330270,13794647,3460,3419422,94104,19078498
1790130294178533905,17331019,13794751,3460,3420075,94104,19078498
1790130294296489859,17331773,13794893,3460,3420683,94104,19078498
1790130294414217209,17332530,13794995,3460,3421325,94105,19078498
1790130294532097599,17333274,13795157,3460,3421912,94106,19078498
1790130294649190170,17334023,13795277,3460,3422535,94107,19078498
1790130294767287481,17334777,13795390,3460,3423174,94107,19078498
1790130294881661886,17335502,13795462,3460,3423832,94108,19078498
1790130294999833822,17336260,13795587,3460,3424457,94108,19078498
1790130295116414113,17336997,13795730,3460,3425058,94109,19078498
1790130295233588420,17337753,13795876,3460,3425656,94109,19078498
1790130295351882372,17338516,13796029,3460,3426253,94109,19078498
1790130295467149735,17339261,13796178,3460,3426833,94112,19078498
1790130295585586888,17340022,13796261,3460,3427507,94113,19078498
1790130295699961718,17340755,13796331,3460,3428161,94114,19078498
1790130295817223597,17341500,13796464,3460,3428772,94115,19078498
1790130295934274776,17342257,13796612,3460,3429368,94115,19078498
1790130296051748379,17343013,13796725,3460,3430006,94115,19078498
1790130296169611890,17343768,13796861,3460,3430620,94115,19078498
1790130296287080948,17344531,13796961,3460,3431264,94116,19078498
1790130296404944079,17345289,13797031,3460,3431946,94116,19078498
1790130296519137492,17346031,13797110,3460,3432592,94117,19078498
1790130296637013460,17346784,13797224,3460,3433231,94117,19078498
1790130296756657495,17347548,13797342,3460,3433873,94118,19078498
1790130296874395012,17348302,13797474,3460,3434491,94118,19078498
1790130296992513556,17349056,13797669,3460,3435045,94119,19078498
1790130297109505467,17349811,13797774,3460,3435685,94119,19078498
1790130297233868265,17350606,13797864,3460,3436384,94119,19078498
1790130297354505203,17351362,13797948,3460,3437069,94120,19078498
1790130297477863747,17352152,13798081,3460,3437719,94121,19078498
1790130297599858917,17352936,13798212,3460,3438363,94121,19078498
1790130297732862228,17353796,13798345,3460,3439078,94121,19078498
1790130297857107505,17354579,13798505,3460,3439704,94122,19078498
1790130297978496839,17355352,13798627,3460,3440359,94122,19078498
1790130298093169710,17356090,13798653,3460,3441060,94122,19078498
1790130298210432048,17356842,13798785,3460,3441678,94122,19078498
1790130298328269372,17357598,13798877,3460,3442334,94123,19078498
1790130298446280482,17358351,13799009,3460,3442951,94123,19078498
1790130298558592355,17359068,13799142,3460,3443534,94123,19078498
1790130298676307873,17359814,13799270,3460,3444156,94124,19078498
1790130298794192939,17360570,13799386,3460,3444783,94125,19078498
1790130298908816231,17361309,13799414,3460,3445487,94126,19078498
1790130299022069300,17362035,13799515,3460,3446104,94127,19078498
1790130299140530099,17362799,13799638,3460,3446739,94127,19078498
1790130299258978011,17363553,13799756,3460,3447371,94128,19078498
1790130299377090593,17364309,13799838,3460,3448042,94128,19078498
1790130299494451289,17365063,13799971,3460,3448653,94130,19078498
1790130299612442994,17365811,13800121,3460,3449255,94130,19078498
1790130299726729069,17366539,13800165,3460,3449937,94130,19078498
1790130299840327713,17367264,13800271,3460,3450556,94131,19078498
1790130299958406441,17368015,13800345,3460,3451233,94131,19078498
1790130300072544691,17368750,13800428,3460,3451875,94132,19078498
1790130300190727850,17369508,13800550,3460,3452505,94133,19078498
1790130300305038863,17370237,13800594,3460,3453188,94133,19078498
1790130300420336342,17370964,13800675,3460,3453843,94133,19078498
1790130300537968387,17371726,13800787,3460,3454476,94133,19078498
1790130300652683644,17372464,13800826,3460,3455171,94134,19078498
1790130300770063484,17373212,13800943,3460,3455796,94134,19078498
1790130300888096365,17373964,13801018,3460,3456473,94134,19078498
1790130301002877077,17374684,13801095,3460,3457126,94135,19078498
1790130301120871628,17375437,13801233,3460,3457738,94135,19078498
1790130301235098326,17376166,13801288,3460,3458410,94135,19078498
1790130301350627925,17376906,13801382,3460,3459053,94136,19078498
1790130301466165329,17377647,13801511,3460,3459657,94136,19078498
1790130301584598116,17378394,13801574,3460,3460350,94137,19078498
1790130301702942259,17379161,13801677,3460,3460998,94137,19078498
1790130301825863865,17379943,13801755,3460,3461702,94137,19078498
1790130301964778944,17380834,13801840,3460,3462501,94138,19078498
1790130302082205429,17381579,13801960,3460,3463125,94138,19078498
1790130302196424298,17382305,13802006,3460,3463811,94139,19078498
1790130302313839559,17383066,13802104,3460,3464458,94139,19078498
1790130302431874912,17383825,13802183,3460,3465131,94139,19078498
1790130302546283681,17384553,13802281,3460,3465760,94142,19078498
1790130302664496803,17385326,13802548,3460,3466219,94155,19078498
1790130302778870460,17386054,13802805,3460,3466661,94169,19078498
1790130302892043097,17386746,13803053,3460,3467112,94180,19078498
1790130303006837469,17387480,13803260,3460,3467422,94383,19078498
1790130303119450976,17388177,13803499,3460,3467847,94426,19078498
1790130303234745354,17388889,13803733,3460,3468322,94438,19078498
1790130303350140869,17389621,13803954,3460,3468817,94445,19078498
1790130303465060922,17390358,13804218,3460,3469264,94458,19078498
1790130303581431074,17391087,13804490,3460,3469704,94470,19078498
1790130303696655211,17391803,13804739,3460,3470162,94485,19078498
1790130303812692803,17392525,13804985,3460,3470624,94501,19078498
1790130303929997875,17393247,13805222,3460,3471117,94509,19078498
1790130304048850989,17393976,13805540,3460,3471527,94523,19078498
1790130304163172086,17394713,13805793,3460,3471984,94534,19078498
1790130304279122305,17395454,13806058,3460,3472430,94546,19078498
1790130304395505687,17396172,13806308,3460,3472888,94561,19078498
1790130304513098543,17396912,13806559,3460,3473360,94577,19078498
1790130304627951154,17397646,13806797,3460,3473831,94586,19078498
1790130304747165486,17398397,13807051,3460,3474317,94597,19078498
1790130304862090812,17399128,13807326,3460,3474746,94608,19078498
1790130304978867768,17399858,13807586,3460,3475200,94623,19078498
1790130305095504924,17400580,13807840,3460,3475665,94636,19078498
1790130305211984937,17401321,13808079,3460,3476143,94649,19078498
1790130305327497337,17402060,13808297,3460,3476636,94658,19078498
1790130305445727836,17402806,13808548,3460,3477114,94672,19078498
1790130305562403465,17403523,13808802,3460,3477572,94688,19078498
1790130305679542258,17404269,13809056,3460,3478032,94705,19078498
1790130305794860008,17404999,13809330,3460,3478471,94718,19078498
1790130305911815018,17405732,13809604,3460,3478909,94733,19078498
1790130306028653326,17406458,13809811,3460,3479425,94744,19078498
1790130306144234171,17407183,13810078,3460,3479870,94756,19078498
1790130306261723311,17407915,13810347,3460,3480323,94771,19078498
1790130306378215327,17408649,13810592,3460,3480762,94813,19078498
1790130306493488280,17409373,13810836,3460,3481177,94875,19078498
1790130306609387399,17410106,13811097,3460,3481634,94885,19078498
1790130306725408543,17410839,13811332,3460,3482117,94894,19078498
1790130306843435522,17411576,13811617,3460,3482561,94906,19078498
1790130306959211326,17412291,13811876,3460,3483014,94920,19078498
1790130307073625626,17413030,13812151,3460,3483436,94939,19078498
1790130307190017546,17413747,13812403,3460,3483900,94949,19078498
1790130307306930982,17414481,13812656,3460,3484366,94962,19078498
1790130307425697909,17415242,13812903,3460,3484852,94974,19078498
1790130307542887942,17415981,13813160,3460,3485318,94984,19078498
1790130307659304816,17416716,13813420,3460,3485776,94996,19078498
1790130307773250379,17417415,13813678,3460,3486212,95012,19078498
1790130307888382288,17418138,13813931,3460,3486666,95027,19078498
1790130308004462192,17418854,13814176,3460,3487138,95036,19078498
1790130308123483550,17419609,13814424,3460,3487627,95044,19078498
1790130308240953413,17420348,13814685,3460,3488087,95059,19078498
1790130308358522230,17421093,13814950,3460,3488538,95077,19078498
1790130308474173208,17421812,13815225,3460,3488974,95091,19078498
1790130308590616546,17422563,13815481,3460,3489433,95103,19078498
1790130308703938515,17423279,13815733,3460,3489884,95113,19078498
1790130308820024778,17423971,13815988,3460,3490344,95126,19078498
1790130308936392485,17424687,13816241,3460,3490799,95145,19078498
1790130309051979460,17425409,13816489,3460,3491261,95161,19078498
1790130309166700478,17426126,13816741,3460,3491707,95175,19078498
1790130309280612020,17426852,13817030,3460,3492119,95190,19078498
1790130309398345282,17427593,13817267,3460,3492613,95199,19078498
1790130309513083410,17428324,13817533,3460,3493052,95210,19078498
1790130309628778909,17429039,13817788,3460,3493510,95220,19078498
1790130309745135277,17429769,13818055,3460,3493959,95233,19078498
1790130309862393159,17430505,13818297,3460,3494357,95326,19078498
1790130309978871953,17431244,13818567,3460,3494807,95337,19078498
1790130310095420268,17431993,13818807,3460,3495287,95348,19078498
1790130310212573041,17432744,13819079,3460,3495734,95364,19078498
1790130310329738260,17433474,13819325,3460,3496210,95376,19078498
1790130310445967003,17434188,13819573,3460,3496666,95392,19078498
1790130310560892277,17434926,13819818,3460,3497123,95412,19078498
1790130310675583041,17435646,13820061,3460,3497590,95423,19078498
1790130310795478596,17436402,13820294,3460,3498099,95430,19078498
1790130310911860216,17437140,13820541,3460,3498565,95444,19078498
1790130311028730520,17437883,13820800,3460,3499020,95459,19078498
1790130311144248885,17438627,13821060,3460,3499469,95474,19078498
1790130311258363388,17439340,13821311,3460,3499922,95484,19078498
1790130311372811260,17440056,13821554,3460,3500383,95500,19078498
1790130311489051761,17440793,13821810,3460,3500843,95511,19078498
1790130311605708644,17441513,13822068,3460,3501300,95526,19078498
1790130311722915290,17442244,13822314,3460,3501773,95539,19078498
1790130311838892334,17442973,13822577,3460,3502223,95550,19078498
1790130311954661989,17443692,13822835,3460,3502675,95565,19078498
1790130312073170208,17444408,13823058,3460,3503185,95576,19078498
1790130312189884824,17445133,13823313,3460,3503640,95595,19078498
1790130312307197071,17445861,13823578,3460,3504096,95610,19078498
1790130312423857725,17446588,13823830,3460,3504555,95625,19078498
1790130312540638677,17447313,13824081,3460,3505022,95636,19078498
1790130312656938195,17448053,13824403,3460,3505414,95653,19078498
1790130312772959990,17448751,13824651,3460,3505885,95662,19078498
1790130312887941336,17449470,13824922,3460,3506322,95673,19078498
1790130313004658200,17450209,13825179,3460,3506782,95688,19078498
1790130313120521646,17450931,13825439,3460,3507228,95704,19078498
1790130313236088823,17451644,13825665,3460,3507643,95788,19078498
1790130313351230075,17452371,13825920,3460,3508096,95800,19078498
1790130313467028610,17453112,13826155,3460,3508575,95812,19078498
1790130313584314844,17453884,13826420,3460,3509029,95830,19078498
1790130313700474166,17454610,13826697,3460,3509467,95841,19078498
1790130313815468505,17455333,13826953,3460,3509912,95857,19078498
1790130313932158603,17456061,13827213,3460,3510373,95868,19078498
1790130314049663010,17456794,13827524,3460,3510785,95881,19078498
1790130314163499170,17457505,13827793,3460,3511220,95892,19078498
1790130314278912310,17458233,13828048,3460,3511678,95906,19078498
1790130314394448326,17458946,13828345,3460,3512089,95918,19078498
1790130314510407045,17459691,13828607,3460,3512537,95932,19078498
1790130314624021461,17460391,13828864,3460,3512977,95945,19078498
1790130314739514594,17461107,13829130,3460,3513423,95957,19078498
1790130314857365457,17461832,13829361,3460,3513921,95967,19078498
1790130314973827430,17462567,13829620,3460,3514376,95981,19078498
1790130315088964940,17463294,13829891,3460,3514806,95999,19078498
1790130315205466231,17464007,13830136,3460,3515283,96009,19078498
1790130315320481864,17464733,13830386,3460,3515736,96021,19078498
1790130315434329364,17465439,13830624,3460,3516201,96034,19078498
1790130315550827114,17466172,13830894,3460,3516648,96047,19078498
1790130315667123010,17466911,13831147,3460,3517110,96061,19078498
1790130315784507736,17467644,13831430,3460,3517546,96074,19078498
1790130315900470956,17468370,13831656,3460,3517960,96162,19078498
1790130316015862590,17469095,13831909,3460,3518414,96176,19078498
1790130316129955834,17469809,13832137,3460,3518889,96187,19078498
1790130316249179550,17470580,13832403,3460,3519366,96196,19078498
1790130316365829965,17471293,13832653,3460,3519831,96205,19078498
1790130316483228073,17472015,13832915,3460,3520288,96220,19078498
1790130316597682580,17472728,13833173,3460,3520736,96233,19078498
1790130316714221755,17473466,13833424,3460,3521200,96247,19078498
1790130316830398252,17474206,13833654,3460,3521685,96258,19078498
1790130316948340624,17474928,13833908,3460,3522160,96268,19078498
1790130317065198650,17475656,13834164,3460,3522622,96279,19078498
1790130317182163679,17476374,13834429,3460,3523075,96295,19078498
1790130317298816026,17477139,13834675,3460,3523541,96309,19078498
1790130317413498377,17477861,13834924,3460,3524001,96321,19078498
1790130317530215760,17478614,13835183,3460,3524466,96331,19078498
1790130317646267938,17479320,13835431,3460,3524927,96346,19078498
1790130317762731050,17480015,13835683,3460,3525389,96359,19078498
1790130317877896480,17480734,13835951,3460,3525829,96373,19078498
1790130317991665010,17481454,13836206,3460,3526275,96389,19078498
1790130318108156011,17482188,13836469,3460,3526725,96402,19078498
1790130318227150317,17482911,13836715,3460,3527213,96413,19078498
1790130318343835348,17483638,13836995,3460,3527646,96430,19078498
1790130318457484938,17484351,13837233,3460,3528102,96446,19078498
1790130318570340578,17485043,13837475,3460,3528555,96458,19078498
1790130318684322010,17485747,13837735,3460,3529000,96467,19078498
1790130318800588530,17486479,13837992,3460,3529466,96479,19078498
1790130318917140256,17487192,13838264,3460,3529904,96494,19078498
1790130319033108210,17487910,13838535,3460,3530340,96510,19078498
1790130319150534487,17488652,13838810,3460,3530786,96523,19078498
1790130319266851860,17489379,13839058,3460,3531181,96609,19078498
1790130319382374257,17490113,13839309,3460,3531632,96629,19078498
1790130319499773716,17490854,13839534,3460,3532137,96637,19078498
1790130319615546116,17491572,13839822,3460,3532565,96648,19078498
1790130319731705305,17492302,13840108,3460,3532993,96660,19078498
1790130319847024288,17493014,13840360,3460,3533447,96674,19078498
1790130319962437002,17493735,13840620,3460,3533898,96686,19078498
1790130320077301361,17494456,13840879,3460,3534348,96697,19078498
1790130320192181569,17495175,13841126,3460,3534802,96715,19078498
1790130320305927223,17495895,13841370,3460,3535256,96730,19078498
1790130320423004008,17496629,13841646,3460,3535699,96744,19078498
1790130320540853757,17497377,13841904,3460,3536168,96758,19078498
1790130320657639733,17498094,13842165,3460,3536616,96774,19078498
1790130320774592240,17498830,13842421,3460,3537079,96787,19078498
1790130320892467902,17499573,13842662,3460,3537570,96796,19078498
1790130321008655129,17500286,13842935,3460,3538013,96808,19078498
1790130321125921876,17501019,13843214,3460,3538457,96818,19078498
1790130321241770394,17501729,13843463,3460,3538914,96833,19078498
1790130321357928384,17502451,13843727,3460,3539364,96848,19078498
1790130321474592183,17503190,13843971,3460,3539838,96859,19078498
1790130321588336781,17503904,13844214,3460,3540295,96874,19078498
1790130321706385174,17504664,13844469,3460,3540766,96887,19078498
1790130321821658783,17505384,13844736,3460,3541208,96899,19078498
1790130321936520707,17506094,13844981,3460,3541668,96913,19078498
1790130322052155068,17506824,13845225,3460,3542129,96930,19078498
1790130322167933584,17507532,13845510,3460,3542566,96938,19078498
1790130322286235320,17508274,13845767,3460,3543036,96948,19078498
1790130322401266349,17509005,13846010,3460,3543503,96961,19078498
1790130322516540430,17509736,13846267,3460,3543949,96976,19078498
1790130322631531665,17510452,13846502,3460,3544387,97021,19078498
1790130322746895495,17511181,13846737,3460,3544815,97079,19078498
1790130322862474939,17511918,13847013,3460,3545254,97091,19078498
1790130322979144030,17512669,13847244,3460,3545742,97105,19078498
1790130323095558079,17513400,13847498,3460,3546201,97117,19078498
1790130323210778728,17514117,13847760,3460,3546647,97133,19078498
1790130323326447387,17514850,13848015,3460,3547099,97149,19078498
1790130323439932598,17515560,13848259,3460,3547548,97164,19078498
1790130323557141244,17516297,13848481,3460,3548051,97177,19078498
1790130323673321062,17517024,13848735,3460,3548512,97186,19078498
1790130323791203969,17517743,13849002,3460,3548964,97204,19078498
1790130323907465414,17518493,13849270,3460,3549409,97221,19078498
1790130324023486665,17519218,13849536,3460,3549857,97232,19078498
1790130324140558759,17519949,13849799,3460,3550316,97245,19078498
1790130324255908403,17520680,13850065,3460,3550752,97265,19078498
1790130324369551038,17521393,13850328,3460,3551190,97277,19078498
1790130324486422034,17522129,13850595,3460,3551640,97290,19078498
1790130324602811152,17522878,13850868,3460,3552084,97301,19078498
1790130324718061582,17523603,13851132,3460,3552529,97315,19078498
1790130324833566064,17524316,13851375,3460,3552997,97327,19078498
1790130324950928666,17525060,13851595,3460,3553502,97338,19078498
1790130325066542126,17525796,13851865,3460,3553946,97350,19078498
1790130325181934981,17526495,13852127,3460,3554390,97362,19078498
1790130325296721513,17527211,13852377,3460,3554849,97374,19078498
1790130325412486548,17527944,13852642,3460,3555294,97385,19078498
1790130325525868651,17528654,13852903,3460,3555734,97398,19078498
1790130325641025357,17529374,13853141,3460,3556208,97407,19078498
1790130325757342630,17530101,13853402,3460,3556663,97419,19078498
1790130325874251820,17530827,13853676,3460,3557107,97432,19078498
1790130325990333698,17531566,13853936,3460,3557561,97443,19078498
1790130326106701651,17532296,13854182,3460,3557953,97534,19078498
1790130326222806869,17533010,13854449,3460,3558401,97546,19078498
1790130326339857475,17533768,13854692,3460,3558887,97554,19078498
1790130326456346735,17534482,13854965,3460,3559323,97571,19078498
1790130326571655747,17535204,13855220,3460,3559780,97582,19078498
1790130326688013441,17535929,13855478,3460,3560239,97593,19078498
1790130326802608441,17536657,13855733,3460,3560691,97606,19078498
1790130326918296728,17537384,13856013,3460,3561122,97617,19078498
1790130327037181352,17538147,13856261,3460,3561609,97629,19078498
1790130327153735200,17538884,13856554,3460,3562031,97644,19078498
1790130327269861251,17539605,13856809,3460,3562491,97658,19078498
1790130327385433816,17540333,13857066,3460,3562942,97669,19078498
1790130327501642923,17541073,13857319,3460,3563403,97681,19078498
1790130327618613604,17541830,13857536,3460,3563910,97692,19078498
1790130327735188622,17542561,13857816,3460,3564350,97705,19078498
1790130327851240724,17543290,13858100,3460,3564778,97717,19078498
1790130327967583491,17544003,13858360,3460,3565235,97729,19078498
1790130328083979175,17544730,13858638,3460,3565674,97743,19078498
1790130328201533897,17545481,13858896,3460,3566137,97754,19078498
1790130328318999450,17546227,13859129,3460,3566632,97763,19078498
1790130328434064209,17546968,13859407,3460,3567063,97776,19078498
1790130328550550818,17547713,13859653,3460,3567526,97794,19078498
1790130328666247790,17548429,13859916,3460,3567969,97812,19078498
1790130328782915886,17549160,13860156,3460,3568369,97899,19078498
1790130328897333058,17549863,13860402,3460,3568829,97916,19078498
1790130329012928317,17550573,13860622,3460,3569316,97930,19078498
1790130329129341836,17551317,13860889,3460,3569766,97943,19078498
1790130329245698292,17552048,13861156,3460,3570214,97956,19078498
1790130329361690227,17552773,13861417,3460,3570664,97968,19078498
1790130329479075344,17553500,13861686,3460,3571118,97980,19078498
1790130329594530770,17554228,13861944,3460,3571568,97995,19078498
1790130329709992258,17554915,13862217,3460,3572006,98008,19078498
1790130329825725865,17555635,13862464,3460,3572470,98023,19078498
1790130329941430759,17556381,13862718,3460,3572928,98034,19078498
1790130330057624534,17557112,13862981,3460,3573378,98047,19078498
1790130330171915692,17557804,13863240,3460,3573820,98061,19078498
1790130330287415707,17558517,13863494,3460,3574276,98076,19078498
1790130330402248359,17559263,13863777,3460,3574705,98085,19078498
1790130330515951441,17559987,13864030,3460,3575155,98097,19078498
1790130330631622219,17560710,13864312,3460,3575581,98111,19078498
1790130330747724408,17561448,13864592,3460,3576013,98124,19078498
1790130330861535943,17562154,13864861,3460,3576444,98141,19078498
1790130330977987939,17562881,13865091,3460,3576930,98155,19078498
1790130331098068675,17563614,13865347,3460,3577412,98170,19078498
1790130331213930150,17564329,13865606,3460,3577860,98184,19078498
1790130331329911559,17565060,13865859,3460,3578322,98198,19078498
1790130331444523246,17565761,13866109,3460,3578767,98216,19078498
1790130331560417591,17566491,13866361,3460,3579225,98232,19078498
1790130331674458070,17567202,13866598,3460,3579692,98242,19078498
1790130331790085121,17567918,13866857,3460,3580142,98257,19078498
1790130331906252982,17568662,13867125,3460,3580589,98270,19078498
1790130332022866804,17569400,13867373,3460,3581055,98282,19078498
1790130332138878778,17570125,13867620,3460,3581457,98363,19078498
1790130332253949682,17570851,13867935,3460,3581850,98375,19078498
1790130332370170233,17571605,13868183,3460,3582321,98386,19078498
1790130332485327864,17572347,13868437,3460,3582770,98402,19078498
1790130332600134811,17573072,13868690,3460,3583221,98416,19078498
1790130332717508616,17573818,13868962,3460,3583672,98428,19078498
1790130332833871110,17574559,13869242,3460,3584104,98447,19078498
1790130332948391725,17575285,13869483,3460,3584557,98467,19078498
1790130333063062619,17575975,13869698,3460,3585049,98480,19078498
1790130333181382749,17576724,13869955,3460,3585518,98495,19078498
1790130333297816924,17577462,13870218,3460,3585970,98507,19078498
1790130333413291111,17578181,13870472,3460,3586427,98519,19078498
1790130333529252467,17578917,13870718,3460,3586893,98536,19078498
1790130333644507520,17579659,13870963,3460,3587357,98548,19078498
1790130333760852321,17580401,13871187,3460,3587847,98560,19078498
1790130333877902933,17581136,13871442,3460,3588316,98570,19078498
1790130333993477195,17581866,13871699,3460,3588771,98582,19078498
1790130334108470857,17582583,13871943,3460,3589228,98598,19078498
1790130334224892917,17583302,13872209,3460,3589680,98612,19078498
1790130334340294617,17584029,13872511,3460,3590084,98629,19078498
1790130334454116629,17584754,13872797,3460,3590498,98640,19078498
1790130334570163744,17585459,13873051,3460,3590954,98653,19078498
1790130334686187164,17586183,13873322,3460,3591396,98666,19078498
1790130334802845470,17586914,13873578,3460,3591856,98680,19078498
1790130334923554995,17587687,13873844,3460,3592327,98699,19078498
1790130335040541344,17588423,13874104,3460,3592784,98712,19078498
1790130335159949613,17589183,13874339,3460,3593287,98722,19078498
1790130335276062996,17589908,13874602,3460,3593731,98742,19078498
1790130335390605629,17590624,13874870,3460,3594166,98756,19078498
1790130335506946517,17591350,13875124,3460,3594624,98772,19078498
1790130335625272622,17592121,13875364,3460,3595042,98856,19078498
1790130335740969197,17592851,13875639,3460,3595487,98866,19078498
1790130335855244086,17593581,13876334,3460,3595501,98873,19112290
1790130335972879077,17594341,13876642,3460,3595935,98874,19112290
1790130336091077023,17595093,13876780,3460,3596551,98875,19112290
1790130336205177119,17595819,13876810,3460,3597244,98875,19112290
1790130336319867734,17596552,13876925,3460,3597859,98875,19112290
1790130336438538316,17597299,13877074,3460,3598467,98876,19112290
1790130336552814806,17598035,13877106,3460,3599162,98876,19112290
1790130336668651875,17598773,13877210,3460,3599794,98877,19112290
1790130336786565763,17599522,13877349,3460,3600406,98877,19112290
1790130336900866532,17600257,13877382,3460,3601101,98877,19112290
1790130337018433497,17601010,13877506,3460,3601725,98878,19112290
1790130337136418215,17601764,13877590,3460,3602392,98878,19112290
1790130337250947297,17602489,13877636,3460,3603072,98879,19112290
1790130337368011787,17603237,13877753,3460,3603697,98881,19112290
1790130337485899465,17603994,13877848,3460,3604354,98881,19112290
1790130337616256544,17604825,13877950,3460,3605083,98882,19112290
1790130337734362716,17605579,13878030,3460,3605755,98882,19112290
1790130337850285135,17606317,13878117,3460,3606401,98882,19112290
1790130337964867329,17607047,13878225,3460,3607023,98882,19112290
1790130338082725388,17607800,13878398,3460,3607602,98883,19112290
1790130338195615555,17608519,13878462,3460,3608257,98883,19112290
1790130338309740612,17609252,13878543,3460,3608901,98883,19112290
1790130338427703998,17610003,13878673,3460,3609522,98883,19112290
1790130338542593545,17610733,13878695,3460,3610234,98883,19112290
1790130338656988585,17611477,13878803,3460,3610851,98883,19112290
1790130338775039695,17612237,13878953,3460,3611452,98883,19112290
1790130338890040661,17612971,13879000,3460,3612141,98883,19112290
1790130339008741096,17613734,13879137,3460,3612757,98884,19112290
1790130339123546366,17614466,13879285,3460,3613340,98884,19112290
1790130339237781227,17615208,13879340,3460,3614012,98884,19112290
1790130339350888612,17615938,13879510,3460,3614562,98884,19112290
1790130339464659369,17616664,13879678,3460,3615118,98885,19112290
1790130339584059477,17617417,13879858,3460,3615693,98886,19112290
1790130339702010161,17618164,13879993,3460,3616309,98887,19112290
1790130339819869804,17618931,13880147,3460,3616905,98887,19112290
1790130339938432387,17619681,13880241,3460,3617567,98889,19112290
1790130340056301150,17620433,13880339,3460,3618220,98889,19112290
1790130340171158009,17621168,13880439,3460,3618845,98890,19112290
1790130340289045541,17621925,13880512,3460,3619524,98890,19112290
1790130340405034737,17622665,13880674,3460,3620099,98891,19112290
1790130340522662676,17623411,13880794,3460,3620728,98891,19112290
1790130340640547045,17624164,13880954,3460,3621321,98892,19112290
1790130340759838049,17624927,13881053,3460,3621976,98892,19112290
1790130340875302265,17625662,13881156,3460,3622605,98892,19112290
1790130340990023338,17626404,13881202,3460,3623292,98892,19112290
1790130341104063038,17627129,13881303,3460,3623915,98893,19112290
1790130341222100893,17627883,13881408,3460,3624561,98894,19112290
1790130341339676292,17628634,13881581,3460,3625136,98895,19112290
1790130341457907759,17629390,13881730,3460,3625737,98895,19112290
1790130341576395871,17630147,13881885,3460,3626337,98896,19112290
1790130341694426890,17630910,13881961,3460,3627012,98896,19112290
1790130341808871696,17631640,13882035,3460,3627666,98896,19112290
1790130341923701735,17632380,13882119,3460,3628312,98896,19112290
1790130342041506966,17633133,13882269,3460,3628914,98896,19112290
1790130342159707956,17633891,13882414,3460,3629519,98897,19112290
1790130342277632005,17634637,13882505,3460,3630179,98897,19112290
1790130342395560312,17635391,13882636,3460,3630798,98897,19112290
1790130342512135079,17636147,13882769,3460,3631403,98898,19112290
1790130342630223844,17636903,13882842,3460,3632080,98899,19112290
1790130342744513918,17637634,13882891,3460,3632763,98899,19112290
1790130342860840792,17638381,13883046,3460,3633345,98900,19112290
1790130342978881160,17639139,13883147,3460,3633997,98900,19112290
1790130343093465495,17639860,13883249,3460,3634624,98901,19112290
1790130343208522398,17640599,13883409,3460,3635196,98901,19112290
1790130343326491022,17641359,13883585,3460,3635769,98903,19112290
1790130343444577485,17642114,13883717,3460,3636388,98903,19112290
1790130343558128596,17642845,13883801,3460,3637025,98903,19112290
1790130343672941162,17643580,13883884,3460,3637670,98904,19112290
1790130343790879531,17644332,13884022,3460,3638285,98904,19112290
1790130343908964215,17645089,13884137,3460,3638918,98904,19112290
1790130344027074238,17645844,13884228,3460,3639577,98906,19112290
1790130344145065203,17646595,13884363,3460,3640195,98906,19112290
1790130344259857978,17647323,13884488,3460,3640799,98907,19112290
1790130344380939055,17648093,13884597,3460,3641460,98907,19112290
1790130344495459671,17648822,13884653,3460,3642135,98907,19112290
1790130344612534887,17649568,13884750,3460,3642783,98908,19112290
1790130344734860892,17650352,13884902,3460,3643407,98908,19112290
1790130344854482737,17651111,13885028,3460,3644044,98908,19112290
1790130344972871718,17651871,13885109,3460,3644714,98909,19112290
1790130345091859080,17652632,13885275,3460,3645303,98910,19112290
1790130345218874961,17653439,13885446,3460,3645940,98910,19112290
1790130345336460742,17654190,13885520,3460,3646618,98910,19112290
1790130345453308948,17654936,13885649,3460,3647230,98911,19112290
1790130345568388782,17655673,13885775,3460,3647838,98911,19112290
1790130345686313697,17656425,13885943,3460,3648418,98912,19112290
1790130345804176765,17657176,13886062,3460,3649044,98914,19112290
1790130345922395004,17657936,13886218,3460,3649644,98914,19112290
1790130346039814372,17658695,13886312,3460,3650295,98915,19112290
1790130346157884551,17659449,13886387,3460,3650971,98915,19112290
1790130346272464236,17660180,13886473,3460,3651616,98915,19112290
1790130346390397662,17660933,13886563,3460,3652276,98915,19112290
1790130346504520822,17661662,13886741,3460,3652826,98915,19112290
1790130346621759747,17662412,13886878,3460,3653432,98915,19112290
1790130346739537853,17663166,13887016,3460,3654045,98915,19112290
1790130346855246997,17663901,13887127,3460,3654665,98917,19112290
1790130346971642492,17664641,13887264,3460,3655271,98917,19112290
1790130347085819643,17665372,13887300,3460,3655963,98917,19112290
1790130347200288284,17666104,13887433,3460,3656557,98918,19112290
1790130347314945621,17666837,13887593,3460,3657124,98918,19112290
1790130347433045234,17667591,13887766,3460,3657700,98919,19112290
1790130347551019136,17668346,13887938,3460,3658281,98919,19112290
1790130347669697666,17669113,13888124,3460,3658848,98920,19112290
1790130347787916226,17669870,13888244,3460,3659479,98920,19112290
1790130347905850783,17670629,13888337,3460,3660138,98920,19112290
1790130348020280429,17671359,13888397,3460,3660804,98920,19112290
1790130348138155337,17672107,13888497,3460,3661455,98921,19112290
1790130348256399461,17672860,13888660,3460,3662046,98922,19112290
1790130348367384233,17673573,13888779,3460,3662635,98922,19112290
1790130348485492819,17674332,13888857,3460,3663309,98922,19112290
1790130348603257842,17675089,13889028,3460,3663881,98923,19112290
1790130348721494732,17675846,13889154,3460,3664511,98924,19112290
1790130348835624073,17676575,13889175,3460,3665217,98924,19112290
1790130348954419998,17677335,13889264,3460,3665882,98926,19112290
1790130349069059393,17678080,13889387,3460,3666484,98927,19112290
1790130349186958763,17678836,13889515,3460,3667106,98927,19112290
1790130349305026201,17679591,13889661,3460,3667711,98927,19112290
1790130349423189934,17680343,13889820,3460,3668300,98928,19112290
1790130349540904790,17681087,13889906,3460,3668966,98929,19112290
1790130349659239315,17681845,13889979,3460,3669644,98929,19112290
1790130349773489233,17682571,13890068,3460,3670288,98929,19112290
1790130349891598818,17683328,13890174,3460,3670932,98930,19112290
1790130350009173986,17684082,13890345,3460,3671505,98930,19112290
1790130350127021991,17684830,13890459,3460,3672142,98930,19112290
1790130350245252971,17685583,13890640,3460,3672715,98931,19112290
1790130350362522900,17686324,13890735,3460,3673364,98932,19112290
1790130350476621063,17687049,13890853,3460,3673974,98932,19112290
1790130350590809312,17687780,13890882,3460,3674671,98932,19112290
1790130350703016869,17688484,13891003,3460,3675261,98934,19112290
1790130350821228705,17689240,13891111,3460,3675904,98934,19112290
1790130350939011958,17689997,13891282,3460,3676483,98934,19112290
1790130351056973764,17690756,13891500,3460,3677017,98934,19112290
1790130351175113807,17691500,13891661,3460,3677605,98935,19112290
1790130351292931162,17692260,13891765,3460,3678253,98935,19112290
1790130351411186264,17693013,13891838,3460,3678931,98935,19112290
1790130351525947723,17693751,13891921,3460,3679579,98937,19112290
1790130351644058849,17694504,13892034,3460,3680217,98937,19112290
1790130351758068470,17695232,13892218,3460,3680758,98937,19112290
1790130351874102535,17695961,13892327,3460,3681386,98938,19112290
1790130351992378933,17696712,13892427,3460,3682042,98938,19112290
1790130352106515680,17697438,13892572,3460,3682623,98939,19112290
1790130352222962662,17698194,13892702,3460,3683231,98940,19112290
1790130352337331921,17698927,13892728,3460,3683938,98940,19112290
1790130352453799937,17699673,13892834,3460,3684571,98940,19112290
1790130352568700359,17700414,13892941,3460,3685195,98940,19112290
1790130352686716621,17701169,13893076,3460,3685810,98941,19112290
1790130352804984091,17701921,13893210,3460,3686421,98946,19112290
1790130352922907447,17702670,13893352,3460,3687019,98960,19112290
1790130353041749148,17703431,13893428,3460,3687640,99018,19112290
1790130353160015860,17704184,13893496,3460,3688319,99022,19112290
1790130353274578221,17704921,13893587,3460,3688933,99049,19112290
1790130353392909175,17705680,13893664,3460,3689571,99086,19112290
1790130353509769188,17706432,13893818,3460,3690122,99124,19112290
1790130353625641475,17707162,13893940,3460,3690687,99176,19112290
1790130353743856125,17707923,13894036,3460,3691300,99218,19112290
1790130353862205383,17708671,13894181,3460,3691873,99251,19112290
1790130353981267277,17709433,13894305,3460,3692476,99281,19112290
1790130354096268526,17710170,13894327,3460,3693189,99281,19112290
1790130354211704553,17710904,13894405,3460,3693847,99281,19112290
1790130354329777771,17711659,13894542,3460,3694461,99282,19112290
1790130354447535355,17712407,13894684,3460,3695068,99282,19112290
1790130354565771795,17713171,13894808,3460,3695697,99283,19112290
1790130354684062351,17713925,13894929,3460,3696325,99283,19112290
1790130354801213983,17714681,13895022,3460,3696977,99283,19112290
1790130354919365493,17715437,13895110,3460,3697647,99283,19112290
1790130355033852275,17716159,13895197,3460,3698285,99283,19112290
1790130355152095545,17716911,13895315,3460,3698921,99283,19112290
1790130355269923312,17717669,13895518,3460,3699464,99284,19112290
1790130355386381261,17718410,13895637,3460,3700089,99285,19112290
1790130355504268015,17719168,13895767,3460,3700707,99285,19112290
1790130355619166232,17719898,13895888,3460,3701315,99285,19112290
1790130355735881917,17720649,13896012,3460,3701934,99286,19112290
1790130355850485584,17721373,13896039,3460,3702640,99287,19112290
1790130355965198490,17722108,13896189,3460,3703215,99287,19112290
1790130356083674434,17722869,13896276,3460,3703883,99287,19112290
1790130356201844688,17723619,13896446,3460,3704461,99288,19112290
1790130356319743592,17724372,13896562,3460,3705095,99288,19112290
1790130356438007042,17725126,13896695,3460,3705711,99289,19112290
1790130356555932123,17725886,13896780,3460,3706379,99289,19112290
1790130356671539162,17726628,13896862,3460,3707034,99289,19112290
1790130356786295337,17727370,13896946,3460,3707678,99290,19112290
1790130356904301335,17728128,13897103,3460,3708270,99290,19112290
1790130357018873527,17728864,13897136,3460,3708970,99290,19112290
1790130357133900234,17729597,13897208,3460,3709629,99290,19112290
1790130357251983640,17730357,13897344,3460,3710244,99291,19112290
1790130357366243224,17731092,13897370,3460,3710946,99291,19112290
1790130357484120335,17731845,13897491,3460,3711574,99292,19112290
1790130357602338139,17732602,13897575,3460,3712245,99292,19112290
1790130357716993932,17733341,13897629,3460,3712918,99292,19112290
1790130357834489738,17734099,13897736,3460,3713561,99292,19112290
1790130357952310942,17734850,13897810,3460,3714233,99292,19112290
1790130358066718363,17735581,13897880,3460,3714893,99293,19112290
1790130358184478321,17736333,13897991,3460,3715532,99294,19112290
1790130358302953651,17737096,13898084,3460,3716191,99294,19112290
1790130358416852370,17737816,13898173,3460,3716823,99296,19112290
1790130358535024910,17738569,13898290,3460,3717461,99296,19112290
1790130358649757415,17739306,13898326,3460,3718156,99296,19112290
1790130358764149078,17740043,13898403,3460,3718802,99297,19112290
1790130358882047208,17740793,13898529,3460,3719426,99297,19112290
1790130358996339640,17741523,13898550,3460,3720139,99297,19112290
1790130359114576043,17742281,13898656,3460,3720784,99298,19112290
1790130359231047157,17743033,13898789,3460,3721388,99298,19112290
1790130359345421570,17743758,13898815,3460,3722095,99298,19112290
1790130359461728014,17744505,13898949,3460,3722699,99298,19112290
1790130359579755811,17745266,13899026,3460,3723374,99298,19112290
1790130359694445649,17746008,13899082,3460,3724049,99298,19112290
1790130359812614709,17746757,13899296,3460,3724576,99302,19112290
1790130359929828928,17747497,13899546,3460,3725044,99316,19112290
1790130360045854638,17748208,13899787,3460,3725509,99330,19112290
1790130360161922265,17748927,13900031,3460,3725977,99347,19112290
1790130360277030559,17749634,13900244,3460,3726329,99502,19112290
1790130360391072700,17750356,13900496,3460,3726775,99515,19112290
1790130360504605958,17751080,13900729,3460,3727247,99526,19112290
1790130360622456902,17751806,13900973,3460,3727725,99540,19112290
1790130360738588304,17752536,13901225,3460,3728186,99554,19112290
1790130360854439179,17753279,13901483,3460,3728640,99568,19112290
1790130360968892586,17753981,13901754,3460,3729072,99580,19112290
1790130361082998320,17754699,13902012,3460,3729517,99592,19112290
1790130361198677097,17755431,13902235,3460,3730007,99604,19112290
1790130361315352244,17756152,13902495,3460,3730463,99620,19112290
1790130361430705682,17756873,13902747,3460,3730917,99634,19112290
1790130361546847762,17757606,13903012,3460,3731361,99651,19112290
1790130361661680635,17758324,13903249,3460,3731758,99740,19112290
1790130361778258539,17759063,13903478,3460,3732248,99750,19112290
1790130361898833228,17759839,13903735,3460,3732729,99766,19112290
1790130362015627292,17760569,13904008,3460,3733176,99778,19112290
1790130362132299202,17761279,13904270,3460,3733628,99792,19112290
1790130362246709310,17761979,13904549,3460,3734051,99805,19112290
1790130362363374569,17762714,13904792,3460,3734522,99821,19112290
1790130362479931109,17763435,13905008,3460,3735024,99835,19112290
1790130362595607547,17764161,13905251,3460,3735496,99846,19112290
1790130362711622444,17764889,13905557,3460,3735897,99863,19112290
1790130362827741757,17765612,13905824,3460,3736345,99874,19112290
1790130362944427366,17766346,13906092,3460,3736794,99888,19112290
1790130363062032283,17767081,13906338,3460,3737272,99898,19112290
1790130363180252559,17767854,13906561,3460,3737783,99907,19112290
1790130363298338856,17768608,13906814,3460,3738256,99920,19112290
1790130363414363567,17769337,13907061,3460,3738716,99938,19112290
1790130363529833797,17770071,13907329,3460,3739160,99948,19112290
1790130363646037592,17770781,13907583,3460,3739618,99964,19112290
1790130363762092632,17771526,13907829,3460,3740087,99976,19112290
1790130363877562923,17772275,13908076,3460,3740555,99985,19112290
1790130363992331580,17772979,13908336,3460,3741004,99995,19112290
1790130364107676643,17773712,13908595,3460,3741449,100010,19112290
1790130364222839520,17774438,13908854,3460,3741903,100023,19112290
1790130364337979606,17775162,13909100,3460,3742367,100032,19112290
1790130364452999340,17775890,13909337,3460,3742839,100042,19112290
1790130364571632976,17776634,13909584,3460,3743323,100053,19112290
1790130364687095448,17777348,13909847,3460,3743767,100068,19112290
1790130364801417036,17778058,13910117,3460,3744200,100081,19112290
1790130364916897563,17778816,13910415,3460,3744615,100092,19112290
1790130365031905769,17779545,13910668,3460,3744992,100183,19112290
1790130365147460254,17780262,13910928,3460,3745447,100192,19112290
1790130365265676007,17781007,13911163,3460,3745939,100206,19112290
1790130365380931016,17781746,13911404,3460,3746407,100221,19112290
1790130365495744136,17782478,13911661,3460,3746855,100232,19112290
1790130365608872582,17783192,13911917,3460,3747295,100245,19112290
1790130365726666851,17783945,13912164,3460,3747765,100262,19112290
1790130365843325322,17784687,13912393,3460,3748255,100275,19112290
1790130365958937879,17785421,13912666,3460,3748696,100287,19112290
1790130366076647326,17786151,13912931,3460,3749156,100303,19112290
1790130366192105913,17786877,13913207,3460,3749587,100317,19112290
1790130366308633951,17787604,13913472,3460,3750033,100332,19112290
1790130366426624412,17788352,13913726,3460,3750507,100342,19112290
1790130366541519768,17789075,13913958,3460,3750986,100352,19112290
1790130366660623444,17789825,13914215,3460,3751463,100366,19112290
1790130366775718591,17790553,13914489,3460,3751890,100383,19112290
1790130366893025863,17791305,13914761,3460,3752337,100400,19112290
1790130367009912709,17792036,13915025,3460,3752786,100414,19112290
1790130367126566988,17792765,13915287,3460,3753244,100426,19112290
1790130367243927126,17793526,13915517,3460,3753742,100439,19112290
1790130367360307554,17794264,13915766,3460,3754206,100451,19112290
1790130367477416964,17795001,13916042,3460,3754645,100467,19112290
1790130367592994728,17795729,13916301,3460,3755091,100482,19112290
1790130367706047844,17796442,13916555,3460,3755530,100499,19112290
1790130367823060351,17797168,13916829,3460,3755978,100513,19112290
1790130367939906090,17797891,13917053,3460,3756470,100525,19112290
1790130368052420475,17798571,13917311,3460,3756902,100541,19112290
1790130368169541542,17799281,13917560,3460,3757374,100552,19112290
1790130368283668925,17800011,13917822,3460,3757812,100564,19112290
1790130368401132495,17800759,13918063,3460,3758218,100657,19112290
1790130368516629747,17801482,13918335,3460,3758652,100671,19112290
1790130368633054418,17802206,13918566,3460,3759142,100681,19112290
1790130368749537678,17802929,13918827,3460,3759594,100696,19112290
1790130368866178386,17803651,13919090,3460,3760044,100714,19112290
1790130368983008284,17804389,13919345,3460,3760509,100723,19112290
1790130369099964451,17805110,13919603,3460,3760966,100739,19112290
1790130369216172517,17805827,13919843,3460,3761444,100752,19112290
1790130369335648832,17806574,13920095,3460,3761932,100760,19112290
1790130369452577547,17807315,13920342,3460,3762401,100773,19112290
1790130369568056349,17808056,13920584,3460,3762867,100788,19112290
1790130369682385880,17808785,13920858,3460,3763299,100797,19112290
1790130369799380130,17809520,13921149,3460,3763723,100814,19112290
1790130369916192953,17810278,13921390,3460,3764208,100825,19112290
1790130370033107400,17811029,13921639,3460,3764673,100839,19112290
1790130370149839284,17811755,13921906,3460,3765120,100856,19112290
1790130370267083341,17812491,13922199,3460,3765548,100869,19112290
1790130370383835056,17813235,13922456,3460,3766008,100884,19112290
1790130370501097467,17813970,13922746,3460,3766438,100897,19112290
1790130370618580403,17814712,13923003,3460,3766910,100907,19112290
1790130370732362490,17815452,13923254,3460,3767361,100917,19112290
1790130370849074297,17816176,13923517,3460,3767816,100931,19112290
1790130370964606948,17816909,13923765,3460,3768277,100943,19112290
1790130371080382019,17817625,13924022,3460,3768729,100956,19112290
1790130371195285672,17818339,13924275,3460,3769176,100975,19112290
1790130371313898505,17819077,13924508,3460,3769673,100992,19112290
1790130371428601074,17819774,13924761,3460,3770122,101005,19112290
1790130371544627427,17820497,13925032,3460,3770564,101017,19112290
1790130371660107247,17821239,13925272,3460,3771033,101031,19112290
1790130371777252606,17821971,13925529,3460,3771432,101109,19112290
1790130371892967690,17822692,13925790,3460,3771885,101122,19112290
1790130372010470072,17823432,13926033,3460,3772370,101129,19112290
1790130372125521547,17824148,13926286,3460,3772821,101145,19112290
1790130372241903936,17824888,13926566,3460,3773258,101156,19112290
1790130372357056543,17825623,13926828,3460,3773705,101168,19112290
1790130372472690458,17826333,13927093,3460,3774148,101183,19112290
1790130372588569299,17827055,13927388,3460,3774568,101195,19112290
1790130372704521162,17827783,13927632,3460,3775044,101204,19112290
1790130372820872556,17828505,13927892,3460,3775494,101220,19112290
1790130372936965905,17829217,13928174,3460,3775924,101236,19112290
1790130373051176777,17829930,13928435,3460,3776363,101250,19112290
1790130373166986043,17830664,13928679,3460,3776826,101266,19112290
1790130373284510810,17831423,13928899,3460,3777336,101274,19112290
1790130373401089415,17832146,13929139,3460,3777810,101288,19112290
1790130373518236760,17832881,13929397,3460,3778270,101304,19112290
1790130373635840554,17833621,13929647,3460,3778739,101319,19112290
1790130373750473164,17834347,13929903,3460,3779190,101331,19112290
1790130373866098940,17835075,13930161,3460,3779637,101346,19112290
1790130373982881574,17835821,13930429,3460,3780094,101354,19112290
1790130374099554673,17836539,13930677,3460,3780561,101369,19112290
1790130374214840543,17837271,13930925,3460,3781025,101382,19112290
1790130374330513835,17837998,13931189,3460,3781463,101398,19112290
1790130374445865099,17838730,13931484,3460,3781882,101410,19112290
1790130374563209906,17839450,13931740,3460,3782283,101488,19112290
1790130374679857475,17840190,13931973,3460,3782768,101504,19112290
1790130374798430345,17840913,13932236,3460,3783230,101518,19112290
1790130374914328863,17841673,13932503,3460,3783676,101530,19112290
1790130375029727455,17842399,13932753,3460,3784136,101543,19112290
1790130375144904283,17843109,13933008,3460,3784592,101555,19112290
1790130375260602707,17843832,13933263,3460,3785043,101569,19112290
1790130375374598703,17844566,13933503,3460,3785502,101585,19112290
1790130375492110239,17845308,13933758,3460,3785964,101603,19112290
1790130375608213488,17846026,13934028,3460,3786411,101613,19112290
1790130375724961874,17846738,13934279,3460,3786877,101624,19112290
1790130375841477410,17847460,13934539,3460,3787336,101637,19112290
1790130375957932512,17848214,13934795,3460,3787791,101655,19112290
1790130376075687269,17848953,13935029,3460,3788283,101666,19112290
1790130376191952524,17849672,13935286,3460,3788740,101682,19112290
1790130376307442593,17850396,13935559,3460,3789173,101696,19112290
1790130376424034583,17851133,13935812,3460,3789634,101709,19112290
1790130376540925507,17851871,13936069,3460,3790095,101722,19112290
1790130376657490565,17852626,13936292,3460,3790590,101738,19112290
1790130376776192920,17853379,13936562,3460,3791048,101752,19112290
1790130376892461889,17854088,13936807,3460,3791517,101766,19112290
1790130377007355666,17854810,13937055,3460,3791972,101778,19112290
1790130377123779251,17855540,13937305,3460,3792439,101791,19112290
1790130377238697404,17856251,13937544,3460,3792903,101804,19112290
1790130377354347074,17856963,13937773,3460,3793386,101819,19112290
1790130377471585040,17857707,13938025,3460,3793850,101836,19112290
1790130377586453216,17858437,13938294,3460,3794286,101851,19112290
1790130377701180122,17859137,13938550,3460,3794730,101866,19112290
1790130377817768367,17859871,13938801,3460,3795194,101882,19112290
1790130377932494408,17860575,13939026,3460,3795598,101970,19112290
1790130378046246562,17861291,13939256,3460,3796070,101984,19112290
1790130378163222706,17862030,13939531,3460,3796513,101997,19112290
1790130378278525435,17862751,13939786,3460,3796975,102007,19112290
1790130378395936432,17863481,13940057,3460,3797422,102016,19112290
1790130378510845142,17864213,13940312,3460,3797876,102027,19112290
1790130378626424082,17864934,13940547,3460,3798354,102037,19112290
1790130378741670028,17865672,13940793,3460,3798828,102047,19112290
1790130378859086026,17866397,13941057,3460,3799278,102062,19112290
1790130378974163429,17867140,13941365,3460,3799680,102075,19112290
1790130379089592272,17867861,13941618,3460,3800135,102086,19112290
1790130379206367794,17868600,13941873,3460,3800599,102098,19112290
1790130379323063091,17869341,13942137,3460,3801058,102109,19112290
1790130379439175027,17870092,13942373,3460,3801531,102124,19112290
1790130379555226835,17870820,13942627,3460,3801988,102139,19112290
1790130379671959260,17871553,13942902,3460,3802427,102156,19112290
1790130379788965062,17872289,13943177,3460,3802876,102168,19112290
1790130379905971293,17872995,13943441,3460,3803328,102179,19112290
1790130380023508521,17873752,13943687,3460,3803807,102192,19112290
1790130380138826061,17874492,13943942,3460,3804262,102208,19112290
1790130380254362336,17875208,13944250,3460,3804659,102226,19112290
1790130380371909795,17875948,13944530,3460,3805098,102241,19112290
1790130380488221455,17876675,13944789,3460,3805554,102254,19112290
1790130380604119694,17877415,13945048,3460,3806005,102268,19112290
1790130380719940354,17878139,13945273,3460,3806491,102284,19112290
1790130380835931849,17878870,13945547,3460,3806927,102303,19112290
1790130380951907249,17879594,13945830,3460,3807353,102319,19112290
1790130381067219448,17880308,13946092,3460,3807797,102334,19112290
1790130381183065792,17881019,13946372,3460,3808230,102346,19112290
1790130381298887308,17881752,13946604,3460,3808642,102426,19112290
1790130381413021322,17882480,13946828,3460,3809128,102434,19112290
1790130381531684216,17883226,13947100,3460,3809593,102444,19112290
1790130381647525614,17883946,13947362,3460,3810042,102455,19112290
1790130381763194108,17884672,13947634,3460,3810478,102468,19112290
1790130381879608923,17885406,13947894,3460,3810931,102483,19112290
1790130381996450287,17886150,13948142,3460,3811401,102499,19112290
1790130382113449999,17886873,13948369,3460,3811894,102510,19112290
1790130382229907434,17887622,13948667,3460,3812310,102525,19112290
1790130382345838435,17888364,13948950,3460,3812737,102542,19112290
1790130382462682571,17889096,13949217,3460,3813188,102554,19112290
1790130382578291846,17889809,13949485,3460,3813631,102566,19112290
1790130382693268558,17890549,13949738,3460,3814083,102579,19112290
1790130382806181165,17891278,13949975,3460,3814548,102589,19112290
1790130382923068854,17892005,13950241,3460,3815004,102598,19112290
1790130383038206599,17892711,13950496,3460,3815458,102612,19112290
1790130383153150408,17893431,13950748,3460,3815907,102625,19112290
1790130383268243612,17894161,13951017,3460,3816344,102641,19112290
1790130383383670563,17894887,13951253,3460,3816815,102655,19112290
1790130383500115322,17895621,13951494,3460,3817298,102663,19112290
1790130383618070664,17896362,13951750,3460,3817760,102680,19112290
1790130383734190398,17897084,13952010,3460,3818212,102694,19112290
1790130383851440441,17897823,13952281,3460,3818661,102707,19112290
1790130383967851499,17898564,13952536,3460,3819122,102719,19112290
1790130384084919529,17899314,13952802,3460,3819583,102732,19112290
1790130384200148104,17900041,13953057,3460,3820040,102742,19112290
1790130384316749846,17900778,13953339,3460,3820470,102756,19112290
1790130384432647166,17901501,13953599,3460,3820917,102773,19112290
1790130384547926841,17902220,13953847,3460,3821379,102785,19112290
1790130384664702238,17902941,13954081,3460,3821799,102863,19112290
1790130384780936585,17903665,13954306,3460,3822292,102874,19112290
1790130384898697257,17904402,13954577,3460,3822743,102889,19112290
1790130385013893856,17905124,13954849,3460,3823177,102903,19112290
1790130385131130897,17905868,13955121,3460,3823623,102916,19112290
1790130385246946939,17906605,13955371,3460,3824084,102930,19112290
1790130385362527040,17907302,13955640,3460,3824523,102945,19112290
1790130385479715985,17908048,13955875,3460,3825007,102961,19112290
1790130385596877097,17908782,13956147,3460,3825454,102975,19112290
1790130385712731655,17909500,13956401,3460,3825912,102991,19112290
1790130385828187465,17910207,13956676,3460,3826343,103005,19112290
1790130385944156672,17910918,13956922,3460,3826808,103018,19112290
1790130386060004932,17911626,13957189,3460,3827251,103037,19112290
1790130386176062125,17912376,13957410,3460,3827748,103045,19112290
1790130386293716432,17913121,13957688,3460,3828195,103057,19112290
1790130386409874320,17913845,13957976,3460,3828619,103068,19112290
1790130386525701030,17914580,13958229,3460,3829074,103087,19112290
1790130386641586208,17915308,13958477,3460,3829538,103098,19112290
1790130386758183080,17916037,13958744,3460,3829982,103119,19112290
1790130386875023886,17916781,13958971,3460,3830481,103130,19112290
1790130386992163508,17917510,13959226,3460,3830942,103142,19112290
1790130387109404210,17918255,13959503,3460,3831387,103154,19112290
1790130387226592002,17918995,13959760,3460,3831851,103165,19112290
1790130387343646155,17919757,13960012,3460,3832316,103183,19112290
1790130387460300898,17920500,13960290,3460,3832760,103193,19112290
1790130387577825095,17921228,13960550,3460,3833225,103202,19112290
1790130387695423456,17921960,13960834,3460,3833659,103219,19112290
1790130387808884202,17922665,13961082,3460,3834106,103235,19112290
1790130387924006566,17923389,13961350,3460,3834542,103249,19112290
1790130388039632454,17924120,13961603,3460,3834928,103334,19112290
1790130388155864354,17924848,13961851,3460,3835395,103347,19112290
1790130388269767690,17925565,13962103,3460,3835848,103357,19112290
1790130388385635109,17926290,13962373,3460,3836290,103373,19112290
1790130388501910328,17927033,13962640,3460,3836743,103382,19112290
1790130388618467837,17927767,13962896,3460,3837199,103396,19112290
1790130388733875034,17928499,13963150,3460,3837648,103412,19112290
1790130388847633768,17929229,13963400,3460,3838102,103426,19112290
1790130388964030186,17929950,13963655,3460,3838559,103441,19112290
1790130389080611710,17930674,13963897,3460,3839029,103458,19112290
1790130389196547086,17931385,13964144,3460,3839488,103475,19112290
1790130389312551090,17932113,13964388,3460,3839959,103489,19112290
1790130389427352767,17932828,13964647,3460,3840402,103505,19112290
1790130389544449194,17933578,13964896,3460,3840870,103522,19112290
1790130389660439475,17934293,13965156,3460,3841323,103535,19112290
1790130389777404746,17935031,13965405,3460,3841796,103548,19112290
1790130389893531411,17935748,13965662,3460,3842247,103562,19112290
1790130390009629861,17936473,13965904,3460,3842720,103572,19112290
1790130390125324399,17937188,13966138,3460,3843191,103590,19112290
1790130390240282513,17937891,13966370,3460,3843673,103600,19112290
1790130390356727650,17938642,13966628,3460,3844129,103613,19112290
1790130390473841762,17939378,13966887,3460,3844590,103624,19112290
1790130390590921537,17940102,13967153,3460,3845045,103635,19112290
1790130390704409049,17940828,13967414,3460,3845484,103646,19112290
1790130390820157283,17941558,13967693,3460,3845919,103654,19112290
1790130390934828253,17942309,13967912,3460,3846411,103663,19112290
1790130391050569063,17943027,13968181,3460,3846854,103674,19112290
1790130391165244689,17943746,13968446,3460,3847298,103686,19112290
1790130391279621910,17944466,13968710,3460,3847731,103701,19112290
1790130391395581873,17945189,13968965,3460,3848183,103718,19112290
1790130391513476927,17945936,13969204,3460,3848603,103801,19112290
1790130391629268006,17946678,13969434,3460,3849093,103810,19112290
1790130391747018266,17947416,13969721,3460,3849523,103830,19112290
1790130391863957114,17948159,13969987,3460,3849968,103847,19112290
1790130391981179792,17948881,13970250,3460,3850423,103863,19112290
1790130392097680303,17949624,13970499,3460,3850887,103877,19112290
1790130392214489085,17950357,13970768,3460,3851338,103890,19112290
1790130392331281761,17951120,13971022,3460,3851807,103901,19112290
1790130392446847807,17951831,13971304,3460,3852232,103914,19112290
1790130392562684735,17952537,13971580,3460,3852669,103929,19112290
1790130392678856862,17953268,13971853,3460,3853106,103944,19112290
1790130392795918704,17954012,13972115,3460,3853563,103958,19112290
1790130392911855912,17954748,13972419,3460,3853976,103968,19114466
1790130393024022028,17955463,13973114,3460,3853980,103975,19147874
1790130393140443754,17956196,13973328,3460,3854505,103977,19147874
1790130393258527702,17956952,13973443,3460,3855141,103978,19147874
1790130393373341345,17957687,13973465,3460,3855852,103978,19147874
1790130393487742495,17958422,13973560,3460,3856481,103978,19147874
1790130393605778759,17959175,13973688,3460,3857104,103978,19147874
1790130393720156799,17959905,13973709,3460,3857810,103978,19147874
1790130393834833873,17960646,13973791,3460,3858459,103979,19147874
1790130393952720330,17961402,13973922,3460,3859078,103979,19147874
1790130394068048496,17962139,13973944,3460,3859791,103979,19147874
1790130394183862373,17962878,13974042,3460,3860430,103979,19147874
1790130394301899786,17963635,13974175,3460,3861048,103979,19147874
1790130394416337396,17964365,13974205,3460,3861750,103979,19147874
1790130394535524012,17965123,13974290,3460,3862421,103980,19147874
1790130394649740611,17965856,13974421,3460,3863016,103980,19147874
1790130394764133510,17966582,13974447,3460,3863717,103980,19147874
1790130394881309326,17967327,13974567,3460,3864344,103982,19147874
1790130394999091958,17968082,13974655,3460,3865003,103982,19147874
1790130395113940135,17968815,13974685,3460,3865707,103982,19147874
1790130395228292187,17969558,13974805,3460,3866311,103982,19147874
1790130395346341189,17970314,13974910,3460,3866963,103982,19147874
1790130395460857546,17971054,13974954,3460,3867646,103982,19147874
1790130395576510454,17971792,13975091,3460,3868246,103982,19147874
1790130395694562584,17972545,13975165,3460,3868924,103982,19147874
1790130395809352306,17973287,13975213,3460,3869607,103983,19147874
1790130395925647411,17974029,13975334,3460,3870224,103983,19147874
1790130396043637092,17974781,13975423,3460,3870887,103984,19147874
1790130396157954908,17975507,13975486,3460,3871547,103984,19147874
1790130396275890076,17976263,13975591,3460,3872194,103985,19147874
1790130396394119143,17977020,13975671,3460,3872866,103985,19147874
1790130396508813128,17977759,13975735,3460,3873532,103985,19147874
1790130396626889572,17978516,13975843,3460,3874175,103986,19147874
1790130396744883671,17979262,13975987,3460,3874781,103986,19147874
1790130396860112758,17980005,13976098,3460,3875404,103987,19147874
1790130396974711893,17980743,13976211,3460,3876020,103987,19147874
1790130397092650354,17981490,13976361,3460,3876620,103988,19147874
1790130397210598858,17982252,13976488,3460,3877245,103988,19147874
1790130397325491658,17982980,13976514,3460,3877951,103988,19147874
1790130397439829024,17983715,13976602,3460,3878587,103989,19147874
1790130397558150848,17984463,13976772,3460,3879173,103989,19147874
1790130397676950295,17985225,13976914,3460,3879781,103990,19147874
1790130397794664896,17985973,13977029,3460,3880418,103990,19147874
1790130397913093923,17986728,13977189,3460,3881012,103991,19147874
1790130398031709561,17987491,13977276,3460,3881678,103991,19147874
1790130398145490105,17988210,13977445,3460,3882233,103991,19147874
1790130398260445903,17988947,13977467,3460,3882945,103991,19147874
1790130398379272319,17989703,13977561,3460,3883602,103992,19147874
1790130398493874550,17990438,13977723,3460,3884172,103992,19147874
1790130398611643468,17991182,13977858,3460,3884787,103992,19147874
1790130398729458825,17991938,13977968,3460,3885428,103992,19147874
1790130398847137559,17992693,13978130,3460,3886010,103992,19147874
1790130398964069409,17993447,13978276,3460,3886607,103994,19147874
1790130399082140999,17994201,13978395,3460,3887239,103994,19147874
1790130399196844207,17994935,13978435,3460,3887933,103994,19147874
1790130399311389868,17995669,13978564,3460,3888535,103994,19147874
1790130399429266972,17996423,13978660,3460,3889184,103994,19147874
1790130399546188062,17997168,13978822,3460,3889764,103996,19147874
1790130399664429635,17997922,13979041,3460,3890302,103996,19147874
1790130399783133798,17998673,13979214,3460,3890878,103998,19147874
1790130399901165152,17999428,13979315,3460,3891527,103998,19147874
1790130400019098423,18000179,13979395,3460,3892200,103999,19147874
1790130400133756954,18000918,13979452,3460,3892874,103999,19147874
1790130400252350914,18001676,13979548,3460,3893536,103999,19147874
1790130400370384247,18002433,13979717,3460,3894117,103999,19147874
1790130400488063792,18003193,13979811,3460,3894769,104000,19147874
1790130400600212318,18003907,13979983,3460,3895308,104000,19147874
1790130400718060447,18004660,13980117,3460,3895922,104001,19147874
1790130400836001462,18005414,13980209,3460,3896583,104002,19147874
1790130400949142296,18006141,13980272,3460,3897240,104002,19147874
1790130401063585792,18006874,13980366,3460,3897875,104002,19147874
1790130401182111348,18007634,13980468,3460,3898527,104002,19147874
1790130401300857908,18008387,13980609,3460,3899142,104002,19147874
1790130401418865639,18009142,13980705,3460,3899794,104002,19147874
1790130401536817687,18009887,13980846,3460,3900405,104003,19147874
1790130401650878430,18010619,13980986,3460,3900990,104003,19147874
1790130401768699098,18011372,13981164,3460,3901561,104004,19147874
1790130401883689861,18012109,13981209,3460,3902251,104004,19147874
1790130402002622706,18012859,13981360,3460,3902854,104005,19147874
1790130402118743628,18013604,13981558,3460,3903394,104005,19147874
1790130402236765282,18014354,13981731,3460,3903971,104006,19147874
1790130402354867744,18015107,13981808,3460,3904646,104006,19147874
1790130402471556730,18015848,13981973,3460,3905225,104006,19147874
1790130402587750872,18016597,13982100,3460,3905835,104007,19147874
1790130402705883226,18017354,13982234,3460,3906453,104007,19147874
1790130402820632516,18018081,13982309,3460,3907109,104007,19147874
1790130402935636760,18018814,13982469,3460,3907681,104008,19147874
1790130403053862708,18019579,13982554,3460,3908347,104008,19147874
1790130403171664185,18020326,13982707,3460,3908943,104009,19147874
1790130403289635724,18021082,13982866,3460,3909535,104009,19147874
1790130403407496562,18021838,13983016,3460,3910134,104010,19147874
1790130403524444631,18022591,13983128,3460,3910767,104010,19147874
1790130403642443019,18023344,13983225,3460,3911422,104010,19147874
1790130403756555700,18024064,13983292,3460,3912079,104011,19147874
1790130403874252109,18024826,13983396,3460,3912720,104011,19147874
1790130403992419278,18025587,13983552,3460,3913321,104011,19147874
1790130404107426132,18026327,13983681,3460,3913922,104012,19147874
1790130404225855032,18027088,13983777,3460,3914579,104012,19147874
1790130404344005421,18027831,13983918,3460,3915187,104013,19147874
1790130404461930975,18028584,13984046,3460,3915809,104013,19147874
1790130404576293423,18029314,13984068,3460,3916515,104013,19147874
1790130404690771743,18030051,13984145,3460,3917168,104014,19147874
1790130404808668143,18030804,13984285,3460,3917779,104014,19147874
1790130404926974761,18031558,13984426,3460,3918387,104015,19147874
1790130405044844573,18032314,13984503,3460,3919062,104015,19147874
1790130405161628123,18033063,13984662,3460,3919648,104015,19147874
1790130405278497799,18033811,13984779,3460,3920273,104016,19147874
1790130405396433295,18034566,13984861,3460,3920942,104016,19147874
1790130405510561303,18035289,13984908,3460,3921621,104017,19147874
1790130405627875192,18036048,13985021,3460,3922252,104018,19147874
1790130405745707126,18036795,13985129,3460,3922895,104018,19147874
1790130405862320104,18037541,13985231,3460,3923536,104018,19147874
1790130405977871755,18038288,13985360,3460,3924138,104019,19147874
1790130406100153489,18039064,13985521,3460,3924752,104019,19147874
1790130406221503292,18039842,13985631,3460,3925418,104019,19147874
1790130406333892792,18040565,13985689,3460,3926076,104019,19147874
1790130406448643360,18041289,13985784,3460,3926712,104020,19147874
1790130406577869592,18042128,13985962,3460,3927355,104020,19147874
1790130406700087009,18042905,13986108,3460,3927984,104021,19147874
1790130406820858922,18043682,13986207,3460,3928656,104021,19147874
1790130406945160821,18044468,13986369,3460,3929285,104022,19147874
1790130407062239496,18045213,13986495,3460,3929900,104022,19147874
1790130407180156366,18045970,13986599,3460,3930547,104022,19147874
1790130407294745949,18046708,13986673,3460,3931206,104022,19147874
1790130407412224135,18047454,13986784,3460,3931838,104022,19147874
1790130407530262995,18048208,13986875,3460,3932503,104023,19147874
1790130407646860724,18048950,13987002,3460,3933115,104023,19147874
1790130407764215160,18049693,13987180,3460,3933680,104025,19147874
1790130407882293429,18050448,13987312,3460,3934302,104025,19147874
1790130408000259693,18051202,13987394,3460,3934968,104025,19147874
1790130408117545522,18051953,13987477,3460,3935636,104025,19147874
1790130408232295057,18052677,13987569,3460,3936274,104026,19147874
1790130408350497106,18053434,13987686,3460,3936908,104026,19147874
1790130408464247679,18054159,13987823,3460,3937490,104026,19147874
1790130408582858671,18054915,13987928,3460,3938143,104027,19147874
1790130408703961369,18055688,13988058,3460,3938786,104027,19147874
1790130408821997789,18056437,13988144,3460,3939447,104028,19147874
1790130408934854713,18057157,13988275,3460,3940035,104028,19147874
1790130409048546335,18057883,13988312,3460,3940724,104028,19147874
1790130409165613377,18058637,13988401,3460,3941378,104030,19147874
1790130409284055318,18059396,13988513,3460,3942017,104030,19147874
1790130409402193057,18060152,13988648,3460,3942631,104031,19147874
1790130409520225142,18060904,13988777,3460,3943253,104031,19147874
1790130409638154601,18061650,13988905,3460,3943874,104032,19147874
1790130409755395461,18062401,13989019,3460,3944511,104032,19147874
1790130409873362748,18063156,13989098,3460,3945184,104032,19147874
1790130409987724173,18063889,13989172,3460,3945834,104033,19147874
1790130410105952264,18064644,13989247,3460,3946511,104033,19147874
1790130410223770151,18065405,13989409,3460,3947098,104035,19147874
1790130410335874859,18066118,13989523,3460,3947695,104036,19147874
1790130410454244592,18066876,13989601,3460,3948369,104036,19147874
1790130410572066927,18067625,13989748,3460,3948971,104036,19147874
1790130410690025263,18068375,13989916,3460,3949554,104036,19147874
1790130410804079551,18069104,13989948,3460,3950248,104036,19147874
1790130410918835513,18069839,13990036,3460,3950890,104037,19147874
1790130411036876424,18070595,13990166,3460,3951511,104037,19147874
1790130411155078149,18071344,13990279,3460,3952148,104038,19147874
1790130411273066454,18072098,13990384,3460,3952794,104038,19147874
1790130411391208492,18072863,13990528,3460,3953404,104038,19147874
1790130411505903611,18073590,13990659,3460,3954000,104039,19147874
1790130411624064894,18074344,13990744,3460,3954667,104039,19147874
1790130411738575024,18075073,13990794,3460,3955349,104039,19147874
1790130411854709378,18075823,13990903,3460,3955976,104041,19147874
1790130411972871778,18076579,13991005,3460,3956626,104041,19147874
1790130412088284083,18077312,13991147,3460,3957214,104041,19147874
1790130412206124210,18078067,13991273,3460,3957839,104041,19147874
1790130412324184801,18078823,13991424,3460,3958442,104042,19147874
1790130412442138343,18079578,13991525,3460,3959088,104043,19147874
1790130412560177111,18080334,13991620,3460,3959745,104043,19147874
1790130412674057743,18081069,13991704,3460,3960384,104044,19147874
1790130412792114641,18081824,13991810,3460,3961029,104044,19147874
1790130412908009486,18082572,13991994,3460,3961583,104044,19147874
1790130413024896408,18083322,13992102,3460,3962218,104044,19147874
1790130413143081225,18084077,13992185,3460,3962886,104044,19147874
1790130413259250771,18084823,13992358,3460,3963450,104046,19147874
1790130413379072444,18085591,13992510,3460,3964060,104046,19147874
1790130413494502528,18086327,13992554,3460,3964756,104046,19147874
1790130413611057592,18087078,13992649,3460,3965398,104047,19147874
1790130413728901669,18087838,13992791,3460,3966007,104047,19147874
1790130413846757412,18088572,13992936,3460,3966608,104051,19147874
1790130413964997144,18089328,13993025,3460,3967240,104082,19147874
1790130414083395601,18090087,13993183,3460,3967803,104117,19147874
1790130414198030549,18090828,13993292,3460,3968371,104166,19147874
1790130414316473298,18091586,13993366,3460,3969027,104194,19147874
1790130414430902152,18092318,13993394,3460,3969715,104205,19147874
1790130414545635321,18093049,13993517,3460,3970272,104256,19147874
1790130414664161455,18093810,13993589,3460,3970925,104283,19147874
1790130414778625424,18094541,13993615,3460,3971621,104294,19147874
1790130414895098675,18095290,13993764,3460,3972188,104318,19147874
1790130415009504634,18096020,13993898,3460,3972756,104345,19147874
1790130415123561466,18096744,13993947,3460,3973431,104348,19147874
1790130415241209636,18097494,13994023,3460,3974045,104402,19147874
1790130415356030635,18098232,13994144,3460,3974623,104435,19147874
1790130415470872937,18098966,13994182,3460,3975319,104436,19147874
1790130415589423549,18099724,13994264,3460,3975960,104468,19147874
1790130415707575232,18100477,13994419,3460,3976525,104498,19147874
1790130415821859797,18101213,13994452,3460,3977220,104498,19147874
1790130415940427355,18101958,13994546,3460,3977879,104501,19147874
1790130416056555267,18102701,13994675,3460,3978489,104502,19147874
1790130416170721992,18103440,13994701,3460,3979187,104502,19147874
1790130416287710164,18104178,13994807,3460,3979825,104502,19147874
1790130416403092294,18104911,13994937,3460,3980427,104502,19147874
1790130416517271386,18105645,13994973,3460,3981118,104502,19147874
1790130416633012591,18106382,13995098,3460,3981732,104503,19147874
1790130416751100130,18107138,13995187,3460,3982393,104503,19147874
1790130416865672572,18107876,13995234,3460,3983078,104503,19147874
1790130416981855667,18108610,13995349,3460,3983700,104504,19147874
1790130417099876856,18109360,13995444,3460,3984356,104504,19147874
1790130417214166718,18110089,13995507,3460,3985019,104505,19147874
1790130417331537169,18110838,13995620,3460,3985655,104506,19147874
1790130417449450226,18111596,13995705,3460,3986322,104506,19147874
1790130417564201877,18112325,13995770,3460,3986982,104506,19147874
1790130417682319429,18113067,13996007,3460,3987481,104517,19147874
1790130417799379166,18113805,13996245,3460,3987960,104532,19147874
1790130417915520064,18114535,13996498,3460,3988422,104545,19147874
1790130418032538672,18115274,13996761,3460,3988874,104561,19147874
1790130418148923233,18115983,13997025,3460,3989320,104576,19147874
1790130418264473830,18116713,13997278,3460,3989773,104599,19147874
1790130418381717224,18117430,13997512,3460,3990253,104615,19147874
1790130418498679693,18118157,13997797,3460,3990688,104630,19147874
1790130418614837069,18118890,13998067,3460,3991130,104641,19147874
1790130418729514354,18119608,13998356,3460,3991545,104655,19147874
1790130418846736806,18120346,13998615,3460,3992007,104666,19147874
1790130418963493595,18121063,13998845,3460,3992429,104748,19147874
1790130419078434884,18121782,13999070,3460,3992913,104759,19147874
1790130419195905237,18122523,13999320,3460,3993383,104772,19147874
1790130419312714634,18123236,13999569,3460,3993847,104790,19147874
1790130419429024199,18123966,13999816,3460,3994311,104805,19147874
1790130419544349343,18124694,14000086,3460,3994751,104818,19147874
1790130419658944452,18125412,14000331,3460,3995214,104830,19147874
1790130419776780242,18126167,14000640,3460,3995633,104839,19147874
1790130419891839418,18126885,14000989,3460,3995999,104848,19147874
1790130420009491700,18127642,14001232,3460,3996474,104867,19147874
1790130420123971318,18128350,14001486,3460,3996920,104879,19147874
1790130420240852947,18129091,14001752,3460,3997367,104897,19147874
1790130420355515403,18129791,14001995,3460,3997836,104907,19147874
1790130420471761105,18130524,14002238,3460,3998311,104919,19147874
1790130420589778491,18131274,14002491,3460,3998773,104937,19147874
1790130420706479395,18131976,14002736,3460,3999241,104953,19147874
1790130420822652017,18132701,14002998,3460,3999695,104964,19147874
1790130420937685432,18133429,14003279,3460,4000120,104980,19147874
1790130421053718608,18134143,14003501,3460,4000615,104989,19147874
1790130421168344307,18134864,14003751,3460,4001067,105005,19147874
1790130421284763668,18135581,14004065,3460,4001473,105015,19147874
1790130421401368422,18136311,14004343,3460,4001911,105028,19147874
1790130421517217908,18137033,14004605,3460,4002359,105042,19147874
1790130421634512106,18137766,14004866,3460,4002823,105054,19147874
1790130421750741068,18138502,14005115,3460,4003295,105065,19147874
1790130421869223975,18139250,14005383,3460,4003750,105079,19147874
1790130421985900498,18139984,14005638,3460,4004209,105095,19147874
1790130422100502174,18140692,14005898,3460,4004651,105107,19147874
1790130422214711212,18141403,14006146,3460,4005101,105122,19147874
1790130422330875145,18142144,14006388,3460,4005504,105212,19147874
1790130422447104713,18142856,14006611,3460,4005991,105225,19147874
1790130422563012259,18143579,14006860,3460,4006448,105244,19147874
1790130422677325886,18144277,14007144,3460,4006871,105254,19147874
1790130422792485929,18144990,14007388,3460,4007334,105267,19147874
1790130422906923684,18145728,14007653,3460,4007771,105280,19147874
1790130423024207912,18146465,14007890,3460,4008262,105291,19147874
1790130423142734252,18147233,14008113,3460,4008768,105302,19147874
1790130423258937928,18147949,14008359,3460,4009230,105319,19147874
1790130423375891106,18148666,14008622,3460,4009687,105332,19147874
1790130423491693461,18149394,14008909,3460,4010108,105350,19147874
1790130423608014167,18150136,14009167,3460,4010560,105364,19147874
1790130423724357287,18150857,14009402,3460,4011050,105377,19147874
1790130423839311276,18151572,14009657,3460,4011496,105391,19147874
1790130423957281414,18152300,14009912,3460,4011964,105404,19147874
1790130424073864695,18153041,14010160,3460,4012434,105416,19147874
1790130424189050825,18153779,14010419,3460,4012883,105430,19147874
1790130424304172411,18154472,14010657,3460,4013352,105438,19147874
1790130424419626116,18155206,14010875,3460,4013850,105448,19147874
1790130424537136769,18155931,14011117,3460,4014329,105461,19147874
1790130424652610061,18156664,14011375,3460,4014780,105475,19147874
1790130424768594651,18157387,14011629,3460,4015236,105490,19147874
1790130424884913831,18158117,14011893,3460,4015684,105505,19147874
1790130425000959209,18158856,14012165,3460,4016125,105518,19147874
1790130425119203456,18159612,14012378,3460,4016570,105605,19147874
1790130425235347807,18160367,14012625,3460,4017037,105621,19147874
1790130425351434478,18161088,14012881,3460,4017489,105635,19147874
1790130425468998214,18161829,14013176,3460,4017919,105648,19147874
1790130425585085921,18162561,14013477,3460,4018330,105662,19147874
1790130425702103322,18163297,14013756,3460,4018771,105674,19147874
1790130425819351545,18164033,14013992,3460,4019264,105680,19147874
1790130425936660297,18164776,14014253,3460,4019724,105693,19147874
1790130426054891429,18165515,14014507,3460,4020195,105709,19147874
1790130426168768093,18166215,14014778,3460,4020624,105721,19147874
1790130426284588689,18166951,14015037,3460,4021078,105733,19147874
1790130426398869988,18167682,14015307,3460,4021512,105745,19147874
1790130426513272723,18168407,14015538,3460,4021990,105755,19147874
1790130426629586674,18169131,14015796,3460,4022447,105766,19147874
1790130426746937683,18169864,14016050,3460,4022913,105782,19147874
1790130426864551819,18170608,14016303,3460,4023380,105796,19147874
1790130426980709182,18171330,14016568,3460,4023832,105809,19147874
1790130427096484009,18172050,14016808,3460,4024307,105819,19147874
1790130427215048113,18172815,14017076,3460,4024769,105830,19147874
1790130427330878817,18173545,14017336,3460,4025222,105841,19147874
1790130427446845655,18174286,14017581,3460,4025688,105857,19147874
1790130427563102536,18175027,14017830,3460,4026151,105872,19147874
1790130427679308006,18175760,14018086,3460,4026603,105890,19147874
1790130427794729736,18176480,14018320,3460,4027083,105900,19147874
1790130427912691258,18177217,14018596,3460,4027526,105919,19147874
1790130428027249906,18177925,14018862,3460,4027961,105935,19147874
1790130428142296386,18178649,14019114,3460,4028415,105948,19147874
1790130428255507878,18179362,14019386,3460,4028839,105961,19147874
1790130428371398111,18180067,14019634,3460,4029308,105973,19147874
1790130428488801737,18180821,14019834,3460,4029762,106057,19147874
1790130428607107865,18181571,14020093,3460,4030227,106072,19147874
1790130428723626582,18182321,14020350,3460,4030680,106089,19147874
1790130428840322819,18183079,14020607,3460,4031133,106107,19147874
1790130428955831167,18183812,14020851,3460,4031600,106119,19147874
1790130429071968640,18184539,14021098,3460,4032067,106132,19147874
1790130429187354156,18185278,14021325,3460,4032558,106140,19147874
1790130429305322374,18186031,14021587,3460,4033020,106155,19147874
1790130429420405434,18186774,14021850,3460,4033463,106167,19147874
1790130429535932897,18187510,14022105,3460,4033918,106180,19147874
1790130429651204366,18188235,14022374,3460,4034356,106193,19147874
1790130429768603295,18188986,14022652,3460,4034801,106204,19147874
1790130429883106196,18189701,14022911,3460,4035254,106215,19147874
1790130430001147632,18190420,14023165,3460,4035722,106227,19147874
1790130430118732189,18191176,14023411,3460,4036200,106239,19147874
1790130430233478824,18191893,14023676,3460,4036644,106250,19147874
1790130430350420646,18192611,14023932,3460,4037100,106267,19147874
1790130430467453645,18193370,14024171,3460,4037580,106280,19147874
1790130430582678714,18194121,14024406,3460,4038057,106292,19147874
1790130430698613980,18194861,14024663,3460,4038508,106308,19147874
1790130430814543405,18195588,14024942,3460,4038945,106317,19147874
1790130430930189071,18196301,14025201,3460,4039399,106332,19147874
1790130431044612157,18197027,14025450,3460,4039850,106344,19147874
1790130431158398519,18197722,14025694,3460,4040312,106354,19147874
1790130431273722796,18198452,14025945,3460,4040767,106370,19147874
1790130431386469844,18199144,14026230,3460,4041178,106383,19147874
1790130431500924446,18199870,14026493,3460,4041617,106398,19147874
1790130431615927517,18200599,14026752,3460,4042061,106411,19147874
1790130431732133712,18201317,14027016,3460,4042505,106429,19147874
1790130431848359550,18202073,14027240,3460,4042929,106511,19147874
1790130431963432131,18202799,14027521,3460,4043360,106523,19147874
1790130432079738621,18203535,14027811,3460,4043781,106539,19147874
1790130432195482198,18204249,14028077,3460,4044227,106552,19147874
1790130432310456406,18204981,14028324,3460,4044681,106568,19147874
1790130432426523856,18205704,14028578,3460,4045139,106583,19147874
1790130432544530977,18206429,14028804,3460,4045636,106600,19147874
1790130432663092987,18207192,14029076,3460,4046094,106614,19147874
1790130432780743190,18207926,14029355,3460,4046538,106626,19147874
1790130432898053261,18208671,14029620,3460,4046993,106639,19147874
1790130433014992043,18209412,14029892,3460,4047442,106649,19147874
1790130433132152244,18210134,14030145,3460,4047901,106667,19147874
1790130433246158376,18210849,14030365,3460,4048392,106678,19147874
1790130433364000338,18211603,14030629,3460,4048848,106691,19147874
1790130433478260132,18212324,14030917,3460,4049256,106711,19147874
1790130433594842326,18213068,14031174,3460,4049713,106724,19147874
1790130433709645578,18213802,14031422,3460,4050170,106737,19147874
1790130433826185178,18214518,14031672,3460,4050638,106752,19147874
1790130433943896736,18215241,14031912,3460,4051123,106764,19147874
1790130434060883539,18215974,14032159,3460,4051594,106780,19147874
1790130434177240953,18216698,14032411,3460,4052051,106792,19147874
1790130434293935640,18217439,14032666,3460,4052514,106809,19147874
1790130434408737394,18218155,14032916,3460,4052966,106823,19147874
1790130434524216446,18218899,14033151,3460,4053442,106833,19147874
1790130434639835470,18219635,14033419,3460,4053890,106844,19147874
1790130434754532240,18220333,14033680,3460,4054333,106858,19147874
1790130434868718073,18221068,14033950,3460,4054762,106874,19147874
1790130434984873646,18221798,14034205,3460,4055215,106889,19147874
1790130435100674492,18222519,14034475,3460,4055654,106904,19147874
1790130435213826803,18223212,14034670,3460,4056086,106989,19147874
1790130435328760596,18223934,14034940,3460,4056521,107003,19147874
1790130435445444253,18224669,14035208,3460,4056972,107018,19147874
1790130435562311457,18225404,14035492,3460,4057400,107035,19147874
1790130435678263531,18226143,14035754,3460,4057850,107046,19147874
1790130435794331720,18226866,14036016,3460,4058304,107059,19147874
1790130435915225725,18227645,14036303,3460,4058763,107071,19147874
1790130436031750710,18228379,14036575,3460,4059204,107089,19147874
1790130436148753036,18229110,14036845,3460,4059652,107103,19147874
1790130436266882991,18229851,14037101,3460,4060123,107116,19147874
1790130436382283092,18230570,14037341,3460,4060583,107132,19147874
1790130436498564513,18231302,14037600,3460,4061041,107145,19147874
1790130436614544421,18232027,14037833,3460,4061522,107156,19147874
1790130436732609917,18232786,14038092,3460,4061983,107177,19147874
1790130436848754883,18233532,14038339,3460,4062448,107192,19147874
1790130436964323061,18234257,14038595,3460,4062899,107206,19147874
1790130437079826063,18234998,14038868,3460,4063328,107226,19147874
1790130437195299198,18235721,14039117,3460,4063791,107238,19147874
1790130437312325179,18236450,14039338,3460,4064291,107249,19147874
1790130437428951444,18237180,14039597,3460,4064750,107261,19147874
1790130437545540439,18237916,14039851,3460,4065210,107274,19147874
1790130437661661895,18238642,14040112,3460,4065663,107287,19147874
1790130437777952276,18239398,14040365,3460,4066123,107301,19147874
1790130437894745590,18240147,14040612,3460,4066528,107379,19147874
1790130438013671251,18240889,14040835,3460,4067023,107409,19147874
1790130438130177352,18241612,14041081,3460,4067485,107429,19147874
1790130438246010368,18242345,14041343,3460,4067936,107443,19147874
1790130438361700311,18243072,14041595,3460,4068391,107459,19147874
1790130438477925201,18243812,14041847,3460,4068849,107475,19147874
1790130438592367538,18244549,14042143,3460,4069261,107487,19147874
1790130438708113529,18245238,14042386,3460,4069730,107498,19147874
1790130438824492813,18245971,14042645,3460,4070185,107512,19147874
1790130438940395725,18246687,14042908,3460,4070635,107526,19147874
1790130439056346867,18247420,14043171,3460,4071082,107541,19147874
1790130439171707364,18248156,14043437,3460,4071523,107556,19147874
1790130439287981586,18248868,14043669,3460,4072009,107571,19147874
1790130439404404420,18249568,14043912,3460,4072477,107584,19147874
1790130439520392797,18250293,14044183,3460,4072916,107600,19147874
1790130439636850231,18251020,14044432,3460,4073376,107616,19147874
1790130439753372004,18251740,14044687,3460,4073838,107630,19147874
1790130439870647136,18252476,14044958,3460,4074286,107643,19147874
1790130439987949325,18253202,14045186,3460,4074783,107655,19147874
1790130440105825927,18253927,14045446,3460,4075246,107669,19147874
1790130440220890120,18254652,14045713,3460,4075690,107678,19147874
1790130440337011094,18255377,14045973,3460,4076143,107691,19147874
1790130440452967365,18256120,14046236,3460,4076592,107705,19147874
1790130440567336859,18256852,14046483,3460,4077048,107717,19147874
1790130440680854474,18257550,14046723,3460,4077511,107728,19147874
1790130440797411012,18258275,14046984,3460,4077962,107748,19147874
1790130440913042756,18258997,14047231,3460,4078421,107762,19147874
1790130441026342404,18259712,14047477,3460,4078873,107775,19147874
1790130441140299571,18260435,14047745,3460,4079302,107789,19147874
1790130441257004101,18261147,14047993,3460,4079769,107806,19147874
1790130441373241658,18261880,14048223,3460,4080228,107848,19147874
1790130441490253301,18262614,14048489,3460,4080676,107864,19147874
1790130441607296176,18263345,14048764,3460,4081117,107880,19147874
1790130441723160665,18264074,14049009,3460,4081582,107893,19147874
1790130441839102118,18264805,14049261,3460,4082045,107903,19147874
1790130441955437809,18265524,14049471,3460,4082553,107916,19147874
1790130442069836877,18266235,14049711,3460,4083019,107927,19147874
1790130442186444981,18266979,14049975,3460,4083475,107937,19147874
1790130442302567874,18267712,14050251,3460,4083912,107950,19147874
1790130442419308574,18268449,14050505,3460,4084369,107968,19147874
1790130442532603630,18269163,14050753,3460,4084817,107980,19147874
1790130442649924412,18269905,14050983,3460,4085313,107991,19147874
1790130442766273427,18270630,14051251,3460,4085762,108005,19147874
1790130442882332765,18271335,14051501,3460,4086222,108020,19147874
1790130442998815739,18272072,14051753,3460,4086685,108032,19147874
1790130443114271750,18272798,14052007,3460,4087143,108043,19147874
1790130443229348489,18273531,14052271,3460,4087589,108051,19147874
1790130443342724373,18274267,14052519,3460,4088052,108061,19147874
1790130443459519089,18274982,14052766,3460,4088516,108074,19147874
1790130443575584875,18275693,14053019,3460,4088976,108087,19147874
1790130443691684230,18276407,14053288,3460,4089419,108101,19147874
1790130443808119818,18277137,14053535,3460,4089883,108118,19147874
1790130443925322556,18277891,14053790,3460,4090353,108126,19147874
1790130444040860806,18278624,14054021,3460,4090842,108136,19147874
1790130444157596656,18279358,14054307,3460,4091271,108149,19147874
1790130444273918368,18280099,14054583,3460,4091715,108160,19147874
1790130444389279796,18280810,14054840,3460,4092162,108173,19147874
1790130444505434080,18281530,14055090,3460,4092629,108184,19147874
1790130444620201789,18282271,14055327,3460,4093094,108197,19147874
1790130444734844513,18282978,14055563,3460,4093568,108208,19147874
1790130444851990771,18283726,14055826,3460,4094026,108220,19147874
1790130444968684860,18284454,14056096,3460,4094475,108233,19147874
1790130445083312849,18285166,14056356,3460,4094923,108245,19147874
1790130445198898775,18285897,14056599,3460,4095388,108257,19147874
1790130445315436155,18286609,14056841,3460,4095868,108267,19147874
1790130445433032787,18287364,14057117,3460,4096316,108279,19147874
1790130445554058997,18288142,14057398,3460,4096773,108298,19147874
1790130445671127547,18288875,14057691,3460,4097197,108315,19147874
1790130445788345851,18289603,14057957,3460,4097647,108335,19147874
1790130445904935129,18290343,14058205,3460,4098113,108349,19147874
1790130446020502019,18291067,14058422,3460,4098614,108361,19147874
1790130446136191928,18291809,14058688,3460,4099048,108379,19147874
1790130446251939023,18292546,14058936,3460,4099509,108395,19147874
1790130446367212684,18293265,14059191,3460,4099965,108404,19147874
1790130446480240043,18293964,14059478,3460,4100373,108417,19147874
1790130446596769091,18294700,14059731,3460,4100845,108425,19147874
1790130446711748085,18295405,14059984,3460,4101304,108432,19147874
1790130446830374489,18296127,14060245,3460,4101774,108445,19147874
1790130446947865145,18296867,14060510,3460,4102225,108462,19147874
1790130447063875130,18297602,14060767,3460,4102680,108476,19147874
1790130447181274373,18298338,14061023,3460,4103143,108492,19147874
1790130447297933459,18299067,14061270,3460,4103618,108505,19147874
1790130447413301699,18299814,14061503,3460,4104094,108515,19147874
1790130447530930682,18300534,14061778,3460,4104544,108528,19147874
1790130447646429741,18301259,14062040,3460,4104987,108544,19147874
1790130447761652832,18301994,14062319,3460,4105413,108558,19147874
1790130447878853317,18302725,14062588,3460,4105865,108572,19147874
1790130447993530069,18303446,14062864,3460,4106290,108588,19147874
1790130448111855711,18304194,14063113,3460,4106773,108598,19147874
1790130448227924493,18304924,14063368,3460,4107228,108614,19147874
1790130448343667703,18305657,14063646,3460,4107662,108627,19147874
1790130448460663241,18306394,14063924,3460,4108097,108645,19147874
1790130448577919911,18307128,14064180,3460,4108566,108657,19147874
1790130448693445064,18307836,14064417,3460,4109040,108665,19147874
1790130448808363220,18308540,14064686,3460,4109480,108680,19147874
1790130448924743482,18309288,14064939,3460,4109941,108695,19147874
1790130449040052532,18310034,14065212,3460,4110375,108707,19147874
1790130449154841148,18310775,14065505,3460,4110792,108718,19147874
1790130449270824735,18311503,14065751,3460,4111258,108730,19147874
1790130449387321894,18312240,14065980,3460,4111751,108738,19147874
1790130449503881789,18312970,14066235,3460,4112211,108751,19147874
1790130449620062694,18313694,14066486,3460,4112669,108769,19147874
1790130449736907093,18314407,14066750,3460,4113122,108784,19147874
1790130449852599048,18315124,14067004,3460,4113576,108798,19147874
1790130449969697413,18315844,14067262,3460,4114035,108812,19147874
1790130450086446352,18316577,14067607,3460,4114420,108819,19147874
1790130450204532396,18317308,14067875,3460,4114881,108831,19147874
1790130450320427951,18318043,14068172,3460,4115294,108845,19147874
1790130450436749749,18318774,14068432,3460,4115751,108857,19147874
1790130450553717871,18319506,14068681,3460,4116212,108876,19147874
1790130450669263362,18320219,14068937,3460,4116671,108887,19147874
1790130450785189566,18320947,14069373,3460,4116951,108896,19160290
1790130450898262715,18321666,14070043,3460,4116984,108902,19184610
1790130451016107243,18322413,14070150,3460,4117628,108904,19184610
1790130451133169525,18323159,14070244,3460,4118276,108904,19184610
1790130451263690424,18323997,14070317,3460,4119034,108905,19184610
1790130451382044719,18324744,14070408,3460,4119694,108906,19184610
1790130451499856264,18325494,14070493,3460,4120361,108906,19184610
1790130451614337910,18326211,14070569,3460,4121014,108907,19184610
1790130451732862912,18326972,14070690,3460,4121642,108908,19184610
1790130451847470713,18327706,14070722,3460,4122344,108908,19184610
1790130451965398436,18328449,14070849,3460,4122966,108909,19184610
1790130452083493649,18329202,14070919,3460,4123648,108909,19184610
1790130452197774593,18329936,14070987,3460,4124305,108910,19184610
1790130452315682951,18330695,14071084,3460,4124959,108910,19184610
1790130452433652345,18331452,14071188,3460,4125608,108910,19184610
1790130452547709259,18332188,14071266,3460,4126253,108912,19184610
1790130452665580045,18332943,14071419,3460,4126852,108912,19184610
1790130452780307611,18333678,14071462,3460,4127541,108912,19184610
1790130452897066493,18334419,14071548,3460,4128194,108912,19184610
1790130453010871626,18335149,14071704,3460,4128760,108913,19184610
1790130453124983874,18335881,14071763,3460,4129429,108913,19184610
1790130453237467886,18336600,14071909,3460,4130000,108913,19184610
1790130453355945654,18337362,14072051,3460,4130609,108913,19184610
1790130453470631465,18338094,14072161,3460,4131230,108914,19184610
1790130453587077895,18338838,14072273,3460,4131858,108914,19184610
1790130453705161153,18339594,14072376,3460,4132506,108914,19184610
1790130453819477161,18340321,14072471,3460,4133142,108915,19184610
1790130453937573287,18341080,14072630,3460,4133734,108915,19184610
1790130454052075947,18341814,14072651,3460,4134440,108915,19184610
1790130454167428668,18342549,14072735,3460,4135094,108916,19184610
1790130454284773486,18343305,14072888,3460,4135685,108916,19184610
1790130454403079512,18344046,14073012,3460,4136309,108917,19184610
1790130454521183008,18344802,14073137,3460,4136935,108917,19184610
1790130454639493714,18345559,14073275,3460,4137554,108918,19184610
1790130454757733020,18346318,14073440,3460,4138140,108919,19184610
1790130454872376862,18347053,14073494,3460,4138817,108919,19184610
1790130454986582287,18347778,14073587,3460,4139448,108919,19184610
1790130455104558045,18348533,14073709,3460,4140077,108919,19184610
1790130455222679284,18349300,14073841,3460,4140696,108920,19184610
1790130455340734645,18350060,14074024,3460,4141263,108920,19184610
1790130455458515797,18350816,14074145,3460,4141892,108920,19184610
1790130455578859747,18351592,14074241,3460,4142563,108920,19184610
1790130455692874728,18352322,14074317,3460,4143212,108920,19184610
1790130455820472200,18353139,14074404,3460,4143939,108920,19184610
1790130455939865646,18353912,14074525,3460,4144576,108920,19184610
1790130456061005706,18354681,14074654,3460,4145215,108920,19184610
1790130456183980588,18355471,14074783,3460,4145869,108921,19184610
1790130456302138707,18356227,14074958,3460,4146441,108922,19184610
1790130456420066198,18356985,14075087,3460,4147062,108922,19184610
1790130456535022541,18357721,14075132,3460,4147752,108922,19184610
1790130456651882080,18358465,14075220,3460,4148407,108922,19184610
1790130456766539805,18359202,14075352,3460,4149007,108923,19184610
1790130456884770341,18359966,14075484,3460,4149624,108923,19184610
1790130457002692125,18360725,14075634,3460,4150225,108923,19184610
1790130457120718891,18361481,14075786,3460,4150822,108924,19184610
1790130457238960450,18362234,14075905,3460,4151454,108924,19184610
1790130457353873709,18362969,14075926,3460,4152166,108924,19184610
1790130457472669971,18363716,14076029,3460,4152818,108926,19184610
1790130457584386510,18364430,14076163,3460,4153398,108926,19184610
1790130457702099934,18365184,14076346,3460,4153957,108928,19184610
1790130457820022459,18365942,14076473,3460,4154580,108928,19184610
1790130457938110800,18366684,14076611,3460,4155191,108929,19184610
1790130458056010776,18367437,14076738,3460,4155818,108929,19184610
1790130458167776215,18368157,14076798,3460,4156470,108929,19184610
1790130458282002835,18368886,14076875,3460,4157117,108929,19184610
1790130458399853581,18369645,14076997,3460,4157746,108929,19184610
1790130458529616661,18370469,14077164,3460,4158404,108930,19184610
1790130458647561546,18371216,14077363,3460,4158955,108930,19184610
1790130458765851740,18371974,14077496,3460,4159571,108931,19184610
1790130458880948246,18372709,14077637,3460,4160162,108932,19184610
1790130458998816700,18373462,14077731,3460,4160819,108932,19184610
1790130459113121009,18374193,14077816,3460,4161458,108932,19184610
1790130459230987836,18374950,14077935,3460,4162090,108932,19184610
1790130459349199305,18375707,14078092,3460,4162683,108932,19184610
1790130459467245390,18376462,14078182,3460,4163347,108932,19184610
1790130459581456918,18377187,14078338,3460,4163918,108933,19184610
1790130459699726704,18377948,14078428,3460,4164580,108933,19184610
1790130459817885157,18378698,14078523,3460,4165236,108933,19184610
1790130459932131234,18379434,14078627,3460,4165856,108935,19184610
1790130460050205573,18380192,14078796,3460,4166438,108935,19184610
1790130460168316687,18380938,14078945,3460,4167044,108935,19184610
1790130460285626113,18381692,14079070,3460,4167664,108935,19184610
1790130460403458676,18382442,14079247,3460,4168237,108936,19184610
1790130460521100249,18383198,14079388,3460,4168838,108936,19184610
1790130460638979853,18383951,14079488,3460,4169490,108937,19184610
1790130460753327889,18384681,14079573,3460,4170135,108937,19184610
1790130460869657126,18385423,14079693,3460,4170754,108938,19184610
1790130460986181991,18386170,14079863,3460,4171319,108940,19184610
1790130461103884137,18386925,14079980,3460,4171952,108941,19184610
1790130461221762494,18387682,14080196,3460,4172488,108941,19184610
1790130461338239225,18388423,14080359,3460,4173063,108942,19184610
1790130461455267512,18389171,14080466,3460,4173698,108942,19184610
1790130461569744880,18389913,14080523,3460,4174373,108942,19184610
1790130461687035700,18390661,14080656,3460,4174984,108942,19184610
1790130461804860051,18391411,14080783,3460,4175607,108943,19184610
1790130461920427640,18392148,14080937,3460,4176190,108943,19184610
1790130462039207359,18392908,14081013,3460,4176866,108943,19184610
1790130462157483229,18393666,14081151,3460,4177482,108944,19184610
1790130462273986503,18394413,14081297,3460,4178074,108944,19184610
1790130462388331963,18395149,14081364,3460,4178733,108944,19184610
1790130462503670642,18395891,14081468,3460,4179366,108945,19184610
1790130462621521432,18396634,14081596,3460,4179989,108946,19184610
1790130462738191740,18397391,14081725,3460,4180599,108946,19184610
1790130462853032226,18398123,14081832,3460,4181221,108946,19184610
1790130462970512528,18398861,14081957,3460,4181845,108947,19184610
1790130463088307640,18399613,14082111,3460,4182435,108947,19184610
1790130463202577383,18400339,14082135,3460,4183144,108947,19184610
1790130463317921025,18401067,14082255,3460,4183755,108948,19184610
1790130463435957528,18401822,14082351,3460,4184411,108948,19184610
1790130463550267298,18402553,14082480,3460,4185006,108949,19184610
1790130463664630476,18403282,14082649,3460,4185568,108949,19184610
1790130463782563479,18404035,14082810,3460,4186156,108950,19184610
1790130463900627302,18404788,14082976,3460,4186740,108951,19184610
1790130464016243565,18405530,14083031,3460,4187420,108951,19184610
1790130464135082484,18406284,14083152,3460,4188055,108952,19184610
1790130464250275699,18407015,14083253,3460,4188684,108952,19184610
1790130464368282066,18407769,14083412,3460,4189273,108954,19184610
1790130464486579408,18408517,14083586,3460,4189855,108954,19184610
1790130464604861288,18409290,14083725,3460,4190467,108954,19184610
1790130464723008381,18410049,14083912,3460,4191031,108954,19184610
1790130464837344922,18410777,14083956,3460,4191720,108954,19184610
1790130464952957662,18411531,14084046,3460,4192361,108954,19184610
1790130465068550153,18412266,14084163,3460,4192982,108954,19184610
1790130465186574963,18413023,14084287,3460,4193607,108955,19184610
1790130465304583132,18413771,14084412,3460,4194232,108956,19184610
1790130465422527726,18414510,14084537,3460,4194857,108956,19184610
1790130465540472044,18415265,14084649,3460,4195496,108957,19184610
1790130465654826294,18416001,14084670,3460,4196203,108957,19184610
1790130465771932223,18416734,14084761,3460,4196855,108958,19184610
1790130465886077376,18417461,14084874,3460,4197468,108958,19184610
1790130466004257747,18418225,14085020,3460,4198072,108958,19184610
1790130466122091437,18418980,14085180,3460,4198665,108958,19184610
1790130466240362686,18419738,14085352,3460,4199247,108960,19184610
1790130466358282480,18420491,14085544,3460,4199804,108960,19184610
1790130466471847167,18421217,14085573,3460,4200497,108960,19184610
1790130466586366896,18421938,14085655,3460,4201145,108962,19184610
1790130466704350670,18422695,14085821,3460,4201730,108962,19184610
1790130466822239745,18423446,14085961,3460,4202333,108962,19184610
1790130466940145666,18424197,14086077,3460,4202968,108962,19184610
1790130467058316337,18424943,14086228,3460,4203572,108963,19184610
1790130467176197848,18425693,14086322,3460,4204226,108963,19184610
1790130467291714725,18426434,14086424,3460,4204861,108963,19184610
1790130467406197421,18427165,14086508,3460,4205502,108963,19184610
1790130467524151220,18427915,14086674,3460,4206086,108964,19184610
1790130467642319042,18428663,14086813,3460,4206702,108965,19184610
1790130467760222849,18429414,14086957,3460,4207306,108966,19184610
1790130467875553615,18430150,14087111,3460,4207886,108966,19184610
1790130467993510802,18430911,14087270,3460,4208479,108966,19184610
1790130468111503101,18431668,14087415,3460,4209084,108966,19184610
1790130468225856674,18432401,14087538,3460,4209687,108967,19184610
1790130468343729118,18433148,14087663,3460,4210313,108967,19184610
1790130468463344121,18433903,14087798,3460,4210939,108968,19184610
1790130468581646544,18434666,14087883,3460,4211606,108969,19184610
1790130468696626822,18435388,14088058,3460,4212160,108969,19184610
1790130468813906766,18436137,14088221,3460,4212742,108970,19184610
1790130468931770662,18436893,14088296,3460,4213418,108970,19184610
1790130469045998621,18437621,14088372,3460,4214066,108971,19184610
1790130469164001233,18438373,14088477,3460,4214714,108971,19184610
1790130469278308087,18439112,14088633,3460,4215284,108972,19184610
1790130469396448326,18439866,14088710,3460,4215961,108972,19184610
1790130469514360472,18440611,14088850,3460,4216569,108973,19184610
1790130469632050482,18441359,14088956,3460,4217206,108976,19184610
1790130469750227642,18442117,14089064,3460,4217850,108976,19184610
1790130469864852072,18442859,14089149,3460,4218497,108976,19184610
1790130469982835575,18443614,14089240,3460,4219158,108976,19184610
1790130470097412548,18444341,14089399,3460,4219728,108976,19184610
1790130470215369013,18445095,14089487,3460,4220392,108977,19184610
1790130470333336454,18445854,14089640,3460,4220989,108977,19184610
1790130470449235537,18446583,14089747,3460,4221614,108977,19184610
1790130470567212931,18447339,14089835,3460,4222278,108977,19184610
1790130470681195576,18448065,14089908,3460,4222932,108978,19184610
1790130470799417349,18448824,14089985,3460,4223609,108978,19184610
1790130470914870399,18449566,14090060,3460,4224267,108978,19184610
1790130471038722240,18450342,14090152,3460,4224962,108980,19184610
1790130471155728277,18451089,14090283,3460,4225577,108980,19184610
1790130471269859924,18451819,14090334,3460,4226253,108981,19184610
1790130471386500419,18452561,14090476,3460,4226852,108982,19184610
1790130471504661370,18453323,14090556,3460,4227525,108982,19184610
1790130471619089837,18454056,14090628,3460,4228181,108983,19184610
1790130471737473810,18454816,14090712,3460,4228850,108983,19184610
1790130471853159417,18455557,14090791,3460,4229505,108983,19184610
1790130471967590592,18456291,14090873,3460,4230154,108983,19184610
1790130472085645201,18457053,14091029,3460,4230749,108983,19184610
1790130472199890583,18457790,14091065,3460,4231440,108983,19184610
1790130472316774331,18458523,14091180,3460,4232068,108984,19184610
1790130472434758505,18459273,14091289,3460,4232711,108984,19184610
1790130472548689905,18460000,14091352,3460,4233373,108985,19184610
1790130472667349809,18460755,14091481,3460,4234001,108985,19184610
1790130472785180412,18461517,14091588,3460,4234639,108985,19184610
1790130472899466756,18462250,14091666,3460,4235293,108986,19184610
1790130473018088424,18463009,14091785,3460,4235925,108986,19184610
1790130473132641271,18463738,14091830,3460,4236613,108986,19184610
1790130473247909080,18464479,14091902,3460,4237271,108987,19184610
1790130473364762535,18465228,14092060,3460,4237857,108988,19184610
1790130473478976630,18465957,14092114,3460,4238531,108988,19184610
1790130473595662757,18466682,14092309,3460,4239057,109001,19184610
1790130473713440550,18467401,14092588,3460,4239503,109016,19184610
1790130473830063844,18468139,14092844,3460,4239963,109026,19184610
1790130473947219938,18468855,14093091,3460,4240435,109040,19184610
1790130474062955486,18469610,14093343,3460,4240893,109053,19184610
1790130474178436698,18470325,14093632,3460,4241317,109065,19184610
1790130474291355702,18471052,14093920,3460,4241731,109074,19184610
1790130474406140184,18471770,14094183,3460,4242171,109087,19184610
1790130474522660063,18472510,14094439,3460,4242630,109100,19184610
1790130474639209990,18473242,14094719,3460,4243065,109113,19184610
1790130474754960782,18473962,14094979,3460,4243515,109126,19184610
1790130474870454430,18474703,14095225,3460,4243986,109136,19184610
1790130474989302458,18475459,14095468,3460,4244478,109144,19184610
1790130475105886830,18476194,14095724,3460,4244940,109160,19184610
1790130475221542326,18476898,14095988,3460,4245380,109176,19184610
1790130475336275629,18477610,14096260,3460,4245810,109192,19184610
1790130475450724153,18478338,14096524,3460,4246247,109206,19184610
1790130475565513907,18479067,14096764,3460,4246711,109223,19184610
1790130475681858616,18479810,14097019,3460,4247173,109235,19184610
1790130475797753235,18480513,14097276,3460,4247635,109247,19184610
1790130475913301460,18481229,14097533,3460,4248083,109260,19184610
1790130476028369650,18481954,14097776,3460,4248547,109275,19184610
1790130476142483126,18482655,14098022,3460,4249002,109285,19184610
1790130476256141584,18483370,14098281,3460,4249452,109295,19184610
1790130476374472652,18484098,14098535,3460,4249922,109307,19184610
1790130476490074992,18484811,14098780,3460,4250382,109327,19184610
1790130476605971471,18485546,14099043,3460,4250832,109339,19184610
1790130476721369824,18486271,14099302,3460,4251282,109349,19184610
1790130476838731395,18487006,14099577,3460,4251729,109362,19184610
1790130476951915277,18487716,14099824,3460,4252179,109376,19184610
1790130477065053086,18488429,14100061,3460,4252639,109391,19184610
1790130477180925698,18489143,14100320,3460,4253090,109402,19184610
1790130477295861014,18489859,14100564,3460,4253549,109416,19184610
1790130477411663336,18490588,14100816,3460,4254010,109430,19184610
1790130477527281297,18491314,14101076,3460,4254459,109443,19184610
1790130477640364854,18492029,14101349,3460,4254885,109454,19184610
1790130477756868274,18492757,14101608,3460,4255346,109468,19184610
1790130477872596624,18493477,14101872,3460,4255790,109478,19184610
1790130477988751407,18494198,14102125,3460,4256251,109491,19184610
1790130478104552757,18494933,14102379,3460,4256706,109508,19184610
1790130478220775045,18495668,14102687,3460,4257114,109519,19184610
1790130478338042557,18496424,14102919,3460,4257612,109528,19184610
1790130478453628439,18497123,14103174,3460,4258061,109544,19184610
1790130478570018755,18497837,14103441,3460,4258511,109556,19184610
1790130478686169107,18498566,14103692,3460,4258974,109569,19184610
1790130478803136604,18499309,14103948,3460,4259434,109585,19184610
1790130478919239082,18500035,14104206,3460,4259890,109597,19184610
1790130479038528093,18500804,14104453,3460,4260386,109605,19184610
1790130479155084157,18501524,14104729,3460,4260828,109617,19184610
1790130479270660731,18502260,14104980,3460,4261284,109631,19184610
1790130479386521545,18502973,14105253,3460,4261722,109645,19184610
1790130479502836683,18503701,14105517,3460,4262166,109663,19184610
1790130479617580139,18504425,14105763,3460,4262633,109673,19184610
1790130479735706539,18505180,14106017,3460,4263097,109692,19184610
1790130479851718988,18505921,14106276,3460,4263551,109705,19184610
1790130479968096126,18506663,14106539,3460,4264009,109714,19184610
1790130480083023350,18507392,14106789,3460,4264464,109727,19184610
1790130480199139425,18508125,14107036,3460,4264928,109744,19184610
1790130480316696214,18508882,14107266,3460,4265427,109752,19184610
1790130480434857888,18509620,14107536,3460,4265880,109768,19184610
1790130480550726541,18510329,14107803,3460,4266321,109781,19184610
1790130480666855006,18511090,14108065,3460,4266767,109800,19184610
1790130480783115539,18511843,14108328,3460,4267219,109816,19184610
1790130480899294807,18512580,14108574,3460,4267681,109830,19184610
1790130481015602821,18513312,14108839,3460,4268140,109841,19184610
1790130481133041437,18514039,14109088,3460,4268612,109853,19184610
1790130481250006057,18514772,14109341,3460,4269080,109865,19184610
1790130481366778426,18515493,14109596,3460,4269541,109877,19184610
1790130481482400125,18516208,14109899,3460,4269950,109888,19184610
1790130481597962072,18516947,14110146,3460,4270421,109900,19184610
1790130481715298696,18517684,14110399,3460,4270887,109912,19184610
1790130481833656013,18518419,14110659,3460,4271353,109927,19184610
1790130481951248066,18519150,14110915,3460,4271821,109940,19184610
1790130482067160066,18519879,14111161,3460,4272283,109955,19184610
1790130482184027557,18520612,14111410,3460,4272751,109967,19184610
1790130482300555629,18521341,14111643,3460,4273238,109978,19184610
1790130482417149134,18522098,14111899,3460,4273698,109994,19184610
1790130482530941175,18522819,14112171,3460,4274123,110008,19184610
1790130482646965040,18523549,14112416,3460,4274591,110021,19184610
1790130482762112730,18524278,14112665,3460,4275043,110037,19184610
1790130482878269404,18525021,14112931,3460,4275487,110057,19184610
1790130482994818778,18525742,14113197,3460,4275941,110066,19184610
1790130483113666497,18526509,14113475,3460,4276404,110074,19184610
1790130483229518511,18527251,14113735,3460,4276849,110089,19184610
1790130483345394410,18527956,14113995,3460,4277303,110101,19184610
1790130483460850607,18528692,14114251,3460,4277751,110118,19184610
1790130483577167511,18529430,14114501,3460,4278216,110132,19184610
1790130483693597990,18530155,14114730,3460,4278702,110145,19184610
1790130483811320580,18530910,14114983,3460,4279172,110159,19184610
1790130483927566696,18531638,14115257,3460,4279610,110173,19184610
1790130484043497422,18532363,14115502,3460,4280073,110190,19184610
1790130484158013542,18533083,14115788,3460,4280494,110201,19184610
1790130484273709815,18533789,14116043,3460,4280945,110217,19184610
1790130484391248830,18534527,14116259,3460,4281452,110232,19184610
1790130484509183389,18535289,14116534,3460,4281899,110248,19184610
1790130484624311839,18536015,14116791,3460,4282346,110261,19184610
1790130484742085410,18536753,14117044,3460,4282814,110275,19184610
1790130484858667181,18537479,14117294,3460,4283283,110289,19184610
1790130484975231672,18538214,14117547,3460,4283746,110303,19184610
1790130485094835717,18538967,14117819,3460,4284207,110317,19184610
1790130485211119717,18539711,14118083,3460,4284661,110330,19184610
1790130485328433170,18540461,14118341,3460,4285120,110341,19184610
1790130485443751571,18541180,14118607,3460,4285563,110355,19184610
1790130485559725019,18541911,14118861,3460,4286025,110366,19184610
1790130485675046001,18542635,14119119,3460,4286481,110375,19184610
1790130485791389352,18543371,14119380,3460,4286937,110386,19184610
1790130485907567967,18544111,14119628,3460,4287408,110399,19184610
1790130486024741032,18544854,14119892,3460,4287859,110412,19184610
1790130486139897962,18545571,14120144,3460,4288316,110424,19184610
1790130486256259641,18546292,14120395,3460,4288781,110437,19184610
1790130486372237933,18547007,14120622,3460,4289271,110448,19184610
1790130486487242531,18547734,14120925,3460,4289676,110459,19184610
1790130486605107031,18548478,14121181,3460,4290135,110480,19184610
1790130486722707233,18549230,14121439,3460,4290599,110496,19184610
1790130486837587135,18549939,14121692,3460,4291044,110513,19184610
1790130486952275226,18550668,14121954,3460,4291485,110530,19184610
1790130487069014464,18551383,14122185,3460,4291983,110538,19184610
1790130487185977656,18552102,14122428,3460,4292456,110548,19184610
1790130487302902982,18552833,14122682,3460,4292918,110563,19184610
1790130487417757311,18553563,14122942,3460,4293366,110575,19184610
1790130487534536044,18554297,14123193,3460,4293826,110592,19184610
1790130487651833565,18555038,14123438,3460,4294303,110604,19184610
1790130487770834713,18555785,14123681,3460,4294797,110619,19184610
1790130487886752158,18556535,14123977,3460,4295210,110633,19184610
1790130488002760713,18557260,14124229,3460,4295665,110650,19184610
1790130488118760873,18557990,14124489,3460,4296120,110660,19184610
1790130488231768864,18558702,14124784,3460,4296524,110674,19184610
1790130488347841270,18559423,14125018,3460,4297007,110685,19184610
1790130488464845477,18560153,14125262,3460,4297484,110696,19184610
1790130488582315757,18560882,14125547,3460,4297918,110709,19184610
1790130488697917965,18561605,14125816,3460,4298360,110722,19184610
1790130488813951249,18562327,14126084,3460,4298802,110735,19184610
1790130488931201799,18563078,14126341,3460,4299264,110749,19184610
1790130489044329716,18563794,14126559,3460,4299749,110760,19184610
1790130489161546635,18564541,14126814,3460,4300213,110777,19184610
1790130489277041391,18565252,14127087,3460,4300642,110793,19184610
1790130489394201320,18565986,14127359,3460,4301090,110805,19184610
1790130489509687244,18566725,14127666,3460,4301492,110820,19184610
1790130489626620540,18567443,14127901,3460,4301970,110838,19184610
1790130489743982637,18568170,14128116,3460,4302480,110849,19184610
1790130489860504443,18568901,14128374,3460,4302938,110862,19184610
1790130489977125160,18569628,14128632,3460,4303393,110879,19184610
1790130490092563732,18570343,14128924,3460,4303810,110892,19184610
1790130490208108130,18571068,14129174,3460,4304270,110903,19184610
1790130490325047176,18571798,14129421,3460,4304743,110914,19184610
1790130490440824255,18572504,14129647,3460,4305231,110928,19184610
1790130490559489816,18573249,14129900,3460,4305702,110946,19184610
1790130490676445967,18573970,14130176,3460,4306150,110958,19184610
1790130490791422473,18574709,14130425,3460,4306603,110972,19184610
1790130490906485245,18575449,14130683,3460,4307050,110986,19184610
1790130491022347779,18576183,14130912,3460,4307535,110997,19184610
1790130491142072054,18576911,14131145,3460,4308042,111007,19184610
1790130491257694901,18577651,14131414,3460,4308485,111021,19184610
1790130491374327460,18578385,14131688,3460,4308922,111036,19184610
1790130491489914767,18579106,14131948,3460,4309377,111049,19184610
1790130491605276160,18579836,14132195,3460,4309839,111058,19184610
1790130491719993023,18580555,14132419,3460,4310322,111072,19184610
1790130491838922677,18581297,14132697,3460,4310778,111084,19184610
1790130491954417747,18582012,14132957,3460,4311225,111097,19184610
1790130492070953973,18582738,14133216,3460,4311684,111109,19184610
1790130492185598129,18583485,14133458,3460,4312146,111121,19184610
1790130492298997474,18584181,14133697,3460,4312603,111133,19184610
1790130492411988686,18584874,14133916,3460,4313085,111143,19184610
1790130492526719549,18585609,14134199,3460,4313507,111156,19184610
1790130492642030153,18586338,14134449,3460,4313963,111171,19184610
1790130492756281474,18587029,14134701,3460,4314414,111182,19184610
1790130492869912075,18587746,14134948,3460,4314867,111194,19184610
1790130492984832826,18588463,14135193,3460,4315330,111205,19184610
1790130493100903197,18589196,14135495,3460,4315750,111215,19184610
1790130493216139262,18589904,14135771,3460,4316175,111234,19184610
1790130493333040884,18590639,14136045,3460,4316617,111248,19184610
1790130493450327010,18591372,14136307,3460,4317078,111260,19184610
1790130493565961780,18592089,14136568,3460,4317526,111274,19184610
1790130493682864857,18592818,14136825,3460,4317987,111286,19184610
1790130493797023729,18593548,14137077,3460,4318447,111295,19184610
1790130493913298163,18594265,14137344,3460,4318899,111304,19184610
1790130494030461203,18595010,14137625,3460,4319336,111316,19184610
1790130494146964467,18595753,14137899,3460,4319776,111332,19184610
1790130494263676571,18596470,14138174,3460,4320218,111342,19184610
1790130494379941423,18597204,14138420,3460,4320694,111354,19184610
1790130494497862358,18597969,14138660,3460,4321182,111363,19184610
1790130494613487127,18598694,14138930,3460,4321624,111374,19184610
1790130494728827770,18599414,14139209,3460,4322051,111389,19184610
1790130494844504209,18600137,14139463,3460,4322505,111404,19184610
1790130494960366391,18600864,14139720,3460,4322963,111418,19184610
1790130495075571416,18601610,14139986,3460,4323404,111429,19184610
1790130495196080885,18602368,14140218,3460,4323918,111443,19184610
1790130495311837858,18603103,14140469,3460,4324372,111457,19184610
1790130495427397597,18603820,14140733,3460,4324817,111473,19184610
1790130495541635739,18604529,14140992,3460,4325258,111488,19184610
1790130495657174643,18605245,14141236,3460,4325721,111501,19184610
1790130495775017363,18605988,14141479,3460,4326209,111514,19184610
1790130495892056432,18606733,14141727,3460,4326678,111528,19184610
1790130496008667241,18607457,14141992,3460,4327126,111542,19184610
1790130496124820348,18608192,14142251,3460,4327578,111558,19184610
1790130496239140062,18608903,14142504,3460,4328025,111571,19184610
1790130496356322511,18609639,14142763,3460,4328487,111584,19184610
1790130496473619123,18610406,14142993,3460,4328986,111591,19184610
1790130496591162872,18611153,14143262,3460,4329439,111603,19184610
1790130496707378752,18611880,14143528,3460,4329883,111621,19184610
1790130496823227958,18612608,14143775,3460,4330344,111633,19184610
1790130496937687999,18613344,14144027,3460,4330801,111643,19184610
1790130497052957724,18614052,14144312,3460,4331225,111655,19184610
1790130497169029681,18614771,14144567,3460,4331692,111667,19184610
1790130497284543902,18615473,14144829,3460,4332137,111679,19184610
1790130497400827930,18616210,14145090,3460,4332587,111694,19184610
1790130497517435399,18616938,14145365,3460,4333034,111707,19184610
1790130497633482798,18617667,14145623,3460,4333481,111723,19184610
1790130497748757450,18618382,14145880,3460,4333933,111737,19184610
1790130497865129980,18619109,14146119,3460,4334409,111750,19184610
1790130497982366408,18619862,14146377,3460,4334868,111766,19184610
1790130498100729329,18620603,14146630,3460,4335344,111780,19184610
1790130498215811258,18621310,14146895,3460,4335783,111792,19184610
1790130498332814156,18622053,14147156,3460,4336240,111807,19184610
1790130498449890402,18622786,14147389,3460,4336720,111827,19184610
1790130498568538343,18623565,14147626,3460,4337214,111843,19184610
1790130498684076894,18624282,14147906,3460,4337640,111856,19184610
1790130498799416825,18625007,14148170,3460,4338079,111875,19184610
1790130498915686688,18625728,14148420,3460,4338542,111888,19184610
1790130499031332084,18626456,14148678,3460,4338990,111906,19184610
1790130499148604436,18627196,14148920,3460,4339473,111916,19184610
1790130499265063017,18627928,14149177,3460,4339937,111927,19184610
1790130499379933257,18628651,14149438,3460,4340382,111939,19184610
1790130499494868543,18629380,14149694,3460,4340826,111954,19184610
1790130499611479838,18630123,14149974,3460,4341264,111968,19184610
1790130499727090330,18630857,14150225,3460,4341719,111983,19184610
1790130499841959164,18631601,14150457,3460,4342206,111990,19184610
1790130499959960647,18632336,14150720,3460,4342669,112003,19184610
1790130500075706606,18633074,14150993,3460,4343105,112016,19184610
1790130500191998086,18633809,14151243,3460,4343572,112030,19184610
1790130500307272002,18634525,14151504,3460,4344015,112044,19184610
1790130500423605078,18635255,14151766,3460,4344471,112056,19184610
1790130500540050871,18635974,14152012,3460,4344944,112069,19184610
1790130500656879375,18636722,14152274,3460,4345400,112079,19184610
1790130500772542131,18637447,14152538,3460,4345846,112093,19184610
1790130500888506722,18638172,14152802,3460,4346295,112104,19184610
1790130501004651959,18638911,14153054,3460,4346757,112116,19184610
1790130501120973553,18639635,14153285,3460,4347245,112131,19184610
1790130501239189994,18640381,14153532,3460,4347727,112140,19184610
1790130501357050730,18641124,14153791,3460,4348187,112155,19184610
1790130501473549009,18641846,14154089,3460,4348605,112171,19184610
1790130501590293229,18642590,14154352,3460,4349059,112184,19184610
1790130501707488039,18643328,14154628,3460,4349504,112195,19184610
1790130501822892275,18644074,14154849,3460,4349995,112207,19184610
1790130501940138307,18644814,14155102,3460,4350455,112228,19184610
1790130502056421759,18645535,14155382,3460,4350891,112238,19184610
1790130502174052503,18646271,14155635,3460,4351359,112251,19184610
1790130502291235041,18647005,14155906,3460,4351810,112264,19184610
1790130502407655842,18647726,14156161,3460,4352262,112283,19184610
1790130502521946047,18648458,14156384,3460,4352749,112290,19184610
1790130502639121239,18649201,14156636,3460,4353219,112307,19184610
1790130502754688781,18649948,14156893,3460,4353672,112320,19184610
1790130502870350193,18650688,14157150,3460,4354119,112336,19184610
1790130502985175242,18651401,14157416,3460,4354559,112351,19184610
1790130503101149191,18652134,14157672,3460,4355010,112364,19184610
1790130503220465980,18652890,14157945,3460,4355485,112374,19184610
1790130503336298142,18653610,14158221,3460,4355918,112385,19184610
1790130503451239903,18654327,14158495,3460,4356354,112395,19184610
1790130503565487450,18655042,14158756,3460,4356792,112412,19184610
1790130503681837766,18655763,14159027,3460,4357237,112423,19184610
1790130503796110248,18656482,14159300,3460,4357667,112435,19184610
1790130503913247469,18657213,14159549,3460,4358143,112446,19184610
1790130504030596248,18657957,14159817,3460,4358594,112460,19184610
1790130504146962969,18658689,14160076,3460,4359042,112481,19184610
1790130504263468170,18659449,14160325,3460,4359505,112498,19184610
1790130504380287734,18660168,14160570,3460,4359977,112509,19184610
1790130504496889919,18660910,14160802,3460,4360466,112519,19184610
1790130504610924512,18661609,14161038,3460,4360935,112532,19184610
1790130504726079854,18662335,14161289,3460,4361383,112554,19184610
1790130504843015697,18663053,14161557,3460,4361826,112571,19184610
1790130504956114476,18663750,14161827,3460,4362252,112583,19184610
1790130505072241844,18664484,14162080,3460,4362708,112598,19184610
1790130505185629978,18665192,14162303,3460,4363186,112613,19184610
1790130505303862579,18665932,14162577,3460,4363639,112629,19184610
1790130505420887244,18666661,14162839,3460,4364090,112642,19184610
1790130505535656788,18667383,14163102,3460,4364532,112656,19184610
1790130505650139040,18668094,14163385,3460,4364953,112670,19184610
1790130505766779931,18668829,14163642,3460,4365412,112683,19184610
1790130505880125110,18669522,14163861,3460,4365894,112696,19184610
1790130505997271023,18670275,14164114,3460,4366362,112708,19184610
1790130506114688900,18671010,14164370,3460,4366831,112717,19184610
1790130506230306091,18671736,14164623,3460,4367283,112735,19184610
1790130506346290570,18672450,14164885,3460,4367732,112747,19184610
1790130506463366647,18673188,14165143,3460,4368194,112763,19184610
1790130506578674821,18673921,14165645,3460,4368407,112769,19204834
1790130506691898270,18674642,14166157,3460,4368607,112773,19218658
1790130506813457600,18675423,14166248,3460,4369289,112773,19218658
1790130506931563633,18676176,14166316,3460,4369972,112774,19218658
1790130507047010813,18676916,14166398,3460,4370621,112774,19218658
1790130507161217005,18677638,14166557,3460,4371186,112775,19218658
1790130507275609102,18678366,14166619,3460,4371856,112775,19218658
1790130507393616328,18679128,14166753,3460,4372477,112775,19218658
1790130507509899149,18679870,14166795,3460,4373172,112775,19218658
1790130507628043174,18680633,14166948,3460,4373768,112775,19218658
1790130507746579148,18681390,14167016,3460,4374457,112776,19218658
1790130507860981951,18682118,14167092,3460,4375106,112776,19218658
1790130507979143383,18682868,14167221,3460,4375728,112776,19218658
1790130508093479519,18683593,14167293,3460,4376388,112777,19218658
1790130508210686414,18684341,14167399,3460,4377027,112777,19218658
1790130508329812104,18685103,14167473,3460,4377712,112777,19218658
1790130508444515216,18685838,14167544,3460,4378371,112777,19218658
1790130508561198609,18686586,14167655,3460,4379000,112778,19218658
1790130508675899920,18687326,14167726,3460,4379660,112779,19218658
1790130508794208467,18688076,14167837,3460,4380299,112779,19218658
1790130508908721696,18688814,14167863,3460,4381005,112779,19218658
1790130509026402607,18689558,14167994,3460,4381623,112780,19218658
1790130509144441608,18690317,14168095,3460,4382273,112780,19218658
1790130509258911771,18691050,14168174,3460,4382920,112781,19218658
1790130509376880785,18691804,14168283,3460,4383562,112781,19218658
1790130509491153390,18692533,14168325,3460,4384249,112781,19218658
1790130509605817281,18693260,14168429,3460,4384874,112781,19218658
1790130509723736413,18694015,14168592,3460,4385460,112782,19218658
1790130509841059382,18694765,14168695,3460,4386102,112782,19218658
1790130509959231343,18695518,14168845,3460,4386701,112783,19218658
1790130510078199789,18696278,14168935,3460,4387373,112783,19218658
1790130510195533274,18697024,14169047,3460,4388009,112783,19218658
1790130510311105159,18697763,14169153,3460,4388636,112784,19218658
1790130510427428752,18698508,14169256,3460,4389274,112784,19218658
1790130510542320593,18699241,14169416,3460,4389845,112785,19218658
1790130510660478476,18700004,14169534,3460,4390478,112785,19218658
1790130510778445707,18700758,14169660,3460,4391102,112786,19218658
1790130510896756531,18701523,14169728,3460,4391785,112786,19218658
1790130511011201982,18702248,14169805,3460,4392432,112787,19218658
1790130511129593083,18703009,14169926,3460,4393067,112788,19218658
1790130511247871217,18703763,14170056,3460,4393686,112789,19218658
1790130511365709692,18704520,14170168,3460,4394324,112789,19218658
1790130511485025458,18705279,14170288,3460,4394961,112789,19218658
1790130511602047025,18706029,14170428,3460,4395565,112790,19218658
1790130511716830344,18706769,14170482,3460,4396243,112791,19218658
1790130511834068847,18707518,14170590,3460,4396881,112791,19218658
1790130511949333599,18708253,14170733,3460,4397473,112791,19218658
1790130512067454064,18709008,14170847,3460,4398110,112791,19218658
1790130512185021755,18709755,14170968,3460,4398732,112792,19218658
1790130512303377977,18710509,14171084,3460,4399375,112792,19218658
1790130512418666117,18711247,14171110,3460,4400080,112792,19218658
1790130512532235490,18711982,14171216,3460,4400692,112793,19218658
1790130512650280642,18712734,14171357,3460,4401301,112793,19218658
1790130512766051049,18713478,14171504,3460,4401891,112794,19218658
1790130512884386291,18714219,14171663,3460,4402488,112795,19218658
1790130512999999573,18714960,14171788,3460,4403095,112795,19218658
1790130513117952057,18715713,14171876,3460,4403758,112796,19218658
1790130513232404474,18716441,14171950,3460,4404415,112796,19218658
1790130513349945737,18717195,14172067,3460,4405043,112797,19218658
1790130513466479233,18717932,14172180,3460,4405674,112797,19218658
1790130513581606172,18718664,14172291,3460,4406295,112797,19218658
1790130513700023194,18719433,14172453,3460,4406883,112797,19218658
1790130513818182403,18720186,14172530,3460,4407557,112797,19218658
1790130513932484096,18720913,14172608,3460,4408210,112798,19218658
1790130514050766943,18721670,14172719,3460,4408850,112798,19218658
1790130514168722043,18722418,14172837,3460,4409481,112798,19218658
1790130514286931960,18723172,14172956,3460,4410114,112798,19218658
1790130514405183271,18723924,14173084,3460,4410735,112800,19218658
1790130514523296787,18724677,14173215,3460,4411361,112800,19218658
1790130514637855627,18725410,14173282,3460,4412019,112801,19218658
1790130514755706165,18726160,14173375,3460,4412677,112801,19218658
1790130514867551057,18726876,14173543,3460,4413221,112801,19218658
1790130514985961825,18727637,14173627,3460,4413889,112801,19218658
1790130515098609208,18728354,14173762,3460,4414470,112802,19218658
1790130515217758482,18729118,14173917,3460,4415073,112802,19218658
1790130515334877859,18729873,14173954,3460,4415783,112802,19218658
1790130515454862453,18730644,14174076,3460,4416422,112802,19218658
1790130515581849463,18731456,14174224,3460,4417081,112803,19218658
1790130515698202226,18732194,14174314,3460,4417729,112804,19218658
1790130515819863949,18732978,14174471,3460,4418346,112805,19218658
1790130515938235651,18733732,14174560,3460,4419008,112805,19218658
1790130516052104193,18734462,14174641,3460,4419655,112806,19218658
1790130516167681225,18735205,14174752,3460,4420280,112806,19218658
1790130516285398218,18735957,14174868,3460,4420914,112806,19218658
1790130516399066941,18736678,14175031,3460,4421474,112806,19218658
1790130516517296985,18737435,14175163,3460,4422097,112807,19218658
1790130516635885517,18738195,14175293,3460,4422717,112807,19218658
1790130516754107739,18738946,14175389,3460,4423372,112807,19218658
1790130516868420777,18739686,14175483,3460,4424006,112809,19218658
1790130516986480266,18740439,14175613,3460,4424626,112810,19218658
1790130517104499196,18741194,14175737,3460,4425251,112811,19218658
1790130517222374200,18741956,14175862,3460,4425877,112811,19218658
1790130517340412446,18742721,14175984,3460,4426505,112812,19218658
1790130517458336122,18743470,14176098,3460,4427141,112812,19218658
1790130517572558688,18744204,14176166,3460,4427799,112812,19218658
1790130517690587215,18744960,14176288,3460,4428428,112812,19218658
1790130517808351222,18745706,14176405,3460,4429061,112813,19218658
1790130517926396770,18746453,14176524,3460,4429692,112813,19218658
1790130518044757456,18747217,14176673,3460,4430292,112814,19218658
1790130518162645699,18747969,14176822,3460,4430893,112815,19218658
1790130518295194588,18748821,14176897,3460,4431658,112815,19218658
1790130518413163167,18749577,14176987,3460,4432318,112815,19218658
1790130518530449638,18750333,14177134,3460,4432921,112816,19218658
1790130518648216310,18751089,14177244,3460,4433555,112816,19218658
1790130518765488176,18751831,14177397,3460,4434151,112817,19218658
1790130518884127579,18752594,14177510,3460,4434789,112818,19218658
1790130518998622145,18753327,14177537,3460,4435495,112818,19218658
1790130519115119820,18754074,14177656,3460,4436112,112818,19218658
1790130519233313638,18754823,14177804,3460,4436721,112818,19218658
1790130519348684587,18755562,14177911,3460,4437346,112818,19218658
1790130519466605871,18756312,14178050,3460,4437956,112818,19218658
1790130519582969408,18757056,14178198,3460,4438545,112820,19218658
1790130519701574434,18757811,14178267,3460,4439234,112820,19218658
1790130519816034477,18758554,14178349,3460,4439878,112820,19218658
1790130519933972079,18759309,14178463,3460,4440514,112821,19218658
1790130520052080934,18760068,14178585,3460,4441141,112822,19218658
1790130520170222632,18760820,14178693,3460,4441784,112822,19218658
1790130520288167200,18761579,14178817,3460,4442407,112825,19218658
1790130520401421819,18762295,14178956,3460,4442993,112826,19218658
1790130520515207060,18763018,14179014,3460,4443654,112827,19218658
1790130520632816645,18763767,14179115,3460,4444305,112827,19218658
1790130520747968072,18764495,14179252,3460,4444900,112827,19218658
1790130520866148404,18765251,14179368,3460,4445532,112828,19218658
1790130520984137561,18766005,14179482,3460,4446168,112828,19218658
1790130521102077582,18766758,14179596,3460,4446805,112829,19218658
1790130521216912076,18767492,14179640,3460,4447495,112829,19218658
1790130521331865774,18768225,14179741,3460,4448123,112830,19218658
1790130521449990490,18768984,14179878,3460,4448739,112830,19218658
1790130521567127631,18769735,14179978,3460,4449381,112831,19218658
1790130521685248241,18770490,14180133,3460,4449974,112831,19218658
1790130521803254015,18771236,14180235,3460,4450624,112832,19218658
1790130521919381562,18771976,14180311,3460,4451293,112832,19218658
1790130522034969854,18772711,14180416,3460,4451918,112834,19218658
1790130522153054314,18773470,14180536,3460,4452550,112834,19218658
1790130522268952693,18774211,14180703,3460,4453119,112834,19218658
1790130522386231843,18774968,14180812,3460,4453757,112834,19218658
1790130522497962679,18775675,14180953,3460,4454323,112836,19218658
1790130522616122482,18776429,14181033,3460,4454994,112836,19218658
1790130522730862098,18777168,14181107,3460,4455649,112838,19218658
1790130522849045611,18777922,14181231,3460,4456277,112838,19218658
1790130522967141421,18778665,14181352,3460,4456905,112839,19218658
1790130523085464497,18779422,14181493,3460,4457521,112839,19218658
1790130523203145776,18780173,14181617,3460,4458141,112839,19218658
1790130523321043038,18780933,14181772,3460,4458737,112839,19218658
1790130523435156346,18781667,14181847,3460,4459390,112840,19218658
1790130523552880177,18782421,14181941,3460,4460042,112841,19218658
1790130523670751432,18783180,14182089,3460,4460645,112841,19218658
1790130523788938612,18783939,14182179,3460,4461308,112841,19218658
1790130523903734558,18784677,14182329,3460,4461887,112841,19218658
1790130524015711958,18785392,14182437,3460,4462493,112842,19218658
1790130524132360942,18786132,14182530,3460,4463144,112842,19218658
1790130524248410560,18786880,14182647,3460,4463765,112842,19218658
1790130524366585140,18787632,14182714,3460,4464449,112842,19218658
1790130524480754216,18788360,14182788,3460,4465099,112844,19218658
1790130524598869128,18789112,14182929,3460,4465709,112844,19218658
1790130524713719850,18789845,14182955,3460,4466417,112844,19218658
1790130524829606457,18790576,14183061,3460,4467047,112845,19218658
1790130524948340048,18791338,14183129,3460,4467737,112845,19218658
1790130525062827936,18792071,14183211,3460,4468380,112845,19218658
1790130525180365775,18792820,14183321,3460,4469022,112845,19218658
1790130525294519882,18793542,14183376,3460,4469692,112846,19218658
1790130525412151593,18794292,14183493,3460,4470323,112846,19218658
1790130525526024469,18795018,14183537,3460,4471004,112846,19218658
1790130525643690120,18795778,14183705,3460,4471583,112847,19218658
1790130525761856615,18796535,14183815,3460,4472225,112848,19218658
1790130525876560930,18797261,14183903,3460,4472868,112848,19218658
1790130525995094853,18798025,14184043,3460,4473478,112848,19218658
1790130526109918396,18798756,14184102,3460,4474152,112849,19218658
1790130526224571629,18799481,14184230,3460,4474756,112849,19218658
1790130526342853374,18800242,14184301,3460,4475436,112849,19218658
1790130526457088869,18800981,14184369,3460,4476093,112850,19218658
1790130526574954892,18801733,14184470,3460,4476743,112850,19218658
1790130526689738418,18802466,14184532,3460,4477413,112850,19218658
1790130526805930392,18803212,14184793,3460,4477876,112857,19218658
1790130526924208581,18803943,14185054,3460,4478340,112872,19218658
1790130527040458894,18804668,14185319,3460,4478789,112887,19218658
1790130527156895738,18805400,14185566,3460,4479257,112898,19218658
1790130527273476713,18806115,14185818,3460,4479720,112912,19218658
1790130527389334753,18806849,14186090,3460,4480167,112920,19218658
1790130527511674066,18807633,14186338,3460,4480675,112929,19218658
1790130527629954722,18808367,14186592,3460,4481144,112946,19218658
1790130527745842549,18809089,14186879,3460,4481569,112960,19218658
1790130527860287610,18809834,14187130,3460,4482022,112972,19218658
1790130527976564792,18810561,14187385,3460,4482475,112991,19218658
1790130528091629287,18811287,14187610,3460,4482961,113000,19218658
1790130528210193140,18812037,14187865,3460,4483434,113016,19218658
1790130528326511335,18812779,14188128,3460,4483885,113030,19218658
1790130528442966794,18813503,14188387,3460,4484342,113044,19218658
1790130528559516498,18814250,14188641,3460,4484799,113060,19218658
1790130528674697344,18814983,14188894,3460,4485258,113070,19218658
1790130528788170086,18815686,14189162,3460,4485692,113081,19218658
1790130528903333081,18816416,14189422,3460,4486141,113095,19218658
1790130529018248221,18817147,14189709,3460,4486561,113109,19218658
1790130529135495359,18817871,14189995,3460,4486993,113121,19218658
1790130529251637115,18818602,14190263,3460,4487442,113134,19218658
1790130529367402782,18819317,14190535,3460,4487880,113145,19218658
1790130529482372462,18820048,14190762,3460,4488364,113156,19218658
1790130529599441889,18820785,14191027,3460,4488820,113166,19218658
1790130529715140201,18821508,14191279,3460,4489276,113180,19218658
1790130529830934740,18822228,14191526,3460,4489741,113192,19218658
1790130529945634450,18822954,14191783,3460,4490187,113206,19218658
1790130530062076857,18823698,14192016,3460,4490671,113219,19218658
1790130530178641909,18824442,14192257,3460,4491156,113228,19218658
1790130530295935283,18825194,14192521,3460,4491603,113247,19218658
1790130530412155650,18825939,14192797,3460,4492043,113260,19218658
1790130530528874254,18826660,14193051,3460,4492505,113272,19218658
1790130530645533466,18827388,14193317,3460,4492956,113285,19218658
1790130530762685065,18828113,14193540,3460,4493461,113296,19218658
1790130530881155238,18828879,14193783,3460,4493940,113310,19218658
1790130530998127955,18829616,14194056,3460,4494383,113324,19218658
1790130531112882084,18830348,14194340,3460,4494800,113342,19218658
1790130531229401693,18831092,14194598,3460,4495258,113356,19218658
1790130531344453392,18831806,14194875,3460,4495685,113372,19218658
1790130531462774843,18832564,14195125,3460,4496165,113385,19218658
1790130531580059787,18833292,14195395,3460,4496611,113402,19218658
1790130531695778781,18834005,14195687,3460,4497029,113418,19218658
1790130531811900122,18834730,14195960,3460,4497467,113431,19218658
1790130531927741023,18835453,14196205,3460,4497932,113445,19218658
1790130532041897916,18836148,14196456,3460,4498389,113455,19218658
1790130532157138027,18836873,14196739,3460,4498818,113466,19218658
1790130532274020690,18837610,14197005,3460,4499269,113481,19218658
1790130532389817423,18838344,14197271,3460,4499707,113498,19218658
1790130532507095382,18839088,14197526,3460,4500172,113512,19218658
1790130532622483368,18839845,14197789,3460,4500610,113532,19218658
1790130532738842229,18840581,14198056,3460,4501063,113541,19218658
1790130532854745367,18841315,14198291,3460,4501542,113555,19218658
1790130532971733257,18842045,14198546,3460,4502003,113570,19218658
1790130533087744593,18842784,14198799,3460,4502465,113587,19218658
1790130533202666791,18843506,14199049,3460,4502915,113600,19218658
1790130533319857706,18844241,14199301,3460,4503382,113616,19218658
1790130533437128563,18844985,14199628,3460,4503775,113629,19218658
1790130533553727110,18845736,14199915,3460,4504205,113643,19218658
1790130533668957462,18846473,14200178,3460,4504652,113658,19218658
1790130533785617567,18847202,14200442,3460,4505099,113673,19218658
1790130533901458686,18847929,14200696,3460,4505553,113688,19218658
1790130534017190561,18848654,14200944,3460,4506015,113701,19218658
1790130534132321642,18849364,14201177,3460,4506493,113711,19218658
1790130534249806822,18850121,14201421,3460,4506973,113723,19218658
1790130534366872756,18850863,14201692,3460,4507423,113734,19218658
1790130534482276738,18851595,14201978,3460,4507850,113746,19218658
1790130534599854036,18852348,14202243,3460,4508305,113761,19218658
1790130534717033747,18853069,14202490,3460,4508776,113774,19218658
1790130534830318589,18853780,14202745,3460,4509219,113788,19218658
1790130534946910165,18854517,14202994,3460,4509689,113800,19218658
1790130535061940780,18855247,14203252,3460,4510134,113814,19218658
1790130535178254833,18855988,14203500,3460,4510599,113831,19218658
1790130535293714891,18856696,14203761,3460,4511044,113845,19218658
1790130535409953821,18857429,14204006,3460,4511517,113856,19218658
1790130535524665902,18858159,14204247,3460,4511988,113863,19218658
1790130535641725611,18858902,14204517,3460,4512438,113878,19218658
1790130535759026125,18859640,14204816,3460,4512855,113893,19218658
1790130535875637748,18860343,14205071,3460,4513315,113908,19218658
1790130535991711947,18861053,14205320,3460,4513780,113922,19218658
1790130536107870299,18861797,14205584,3460,4514226,113937,19218658
1790130536224694133,18862556,14205822,3460,4514709,113950,19218658
1790130536342963859,18863305,14206080,3460,4515180,113963,19218658
1790130536460361987,18864023,14206354,3460,4515627,113974,19218658
1790130536577131780,18864762,14206621,3460,4516074,113989,19218658
1790130536693469855,18865487,14206879,3460,4516529,114004,19218658
1790130536808085004,18866197,14207111,3460,4517007,114017,19218658
1790130536923749935,18866905,14207361,3460,4517464,114030,19218658
1790130537040529528,18867631,14207638,3460,4517905,114042,19218658
1790130537157958322,18868383,14207884,3460,4518381,114059,19218658
1790130537273460361,18869100,14208140,3460,4518834,114071,19218658
1790130537389713102,18869824,14208390,3460,4519294,114085,19218658
1790130537507597443,18870570,14208609,3460,4519804,114095,19218658
1790130537620987029,18871289,14208850,3460,4520258,114109,19218658
1790130537734838800,18872009,14209096,3460,4520708,114126,19218658
1790130537849047243,18872717,14209349,3460,4521151,114143,19218658
1790130537961907664,18873410,14209609,3460,4521588,114157,19218658
1790130538077840827,18874121,14209868,3460,4522041,114167,19218658
1790130538194988833,18874870,14210087,3460,4522544,114179,19218658
1790130538309012403,18875565,14210353,3460,4522982,114191,19218658
1790130538424750329,18876300,14210626,3460,4523422,114203,19218658
1790130538538971726,18876991,14210911,3460,4523838,114213,19218658
1790130538652126449,18877712,14211230,3460,4524219,114228,19218658
1790130538768960035,18878438,14211492,3460,4524679,114238,19218658
1790130538883397825,18879153,14211735,3460,4525140,114254,19218658
1790130539000748705,18879910,14212002,3460,4525591,114266,19218658
1790130539118332653,18880658,14212265,3460,4526053,114279,19218658
1790130539233652957,18881383,14212516,3460,4526506,114295,19218658
1790130539350104028,18882111,14212768,3460,4526970,114306,19218658
1790130539463667120,18882835,14213125,3460,4527316,114319,19218658
1790130539580886070,18883566,14213366,3460,4527806,114325,19218658
1790130539697467524,18884296,14213630,3460,4528255,114339,19218658
1790130539813927207,18885043,14213886,3460,4528709,114356,19218658
1790130539928963882,18885768,14214150,3460,4529152,114373,19218658
1790130540044300542,18886504,14214405,3460,4529597,114390,19218658
1790130540160277487,18887229,14214655,3460,4530058,114405,19218658
1790130540274588204,18887972,14214900,3460,4530529,114413,19218658
1790130540390456797,18888694,14215177,3460,4530962,114425,19218658
1790130540506567213,18889395,14215448,3460,4531407,114434,19218658
1790130540621202390,18890121,14215705,3460,4531858,114446,19218658
1790130540734457031,18890836,14215974,3460,4532283,114459,19218658
1790130540851276433,18891582,14216206,3460,4532772,114471,19218658
1790130540969954680,18892302,14216472,3460,4533241,114479,19218658
1790130541086453472,18893025,14216752,3460,4533679,114491,19218658
1790130541202473421,18893759,14217013,3460,4534130,114504,19218658
1790130541316975960,18894481,14217259,3460,4534585,114518,19218658
1790130541432856088,18895194,14217509,3460,4535047,114530,19218658
1790130541547289787,18895908,14217833,3460,4535434,114540,19218658
1790130541664261584,18896648,14218092,3460,4535890,114561,19218658
1790130541779183638,18897373,14218353,3460,4536328,114576,19218658
1790130541894227286,18898083,14218606,3460,4536783,114589,19218658
1790130542010118926,18898784,14218853,3460,4537250,114598,19218658
1790130542125658609,18899525,14219101,3460,4537714,114609,19218658
1790130542242960438,18900288,14219333,3460,4538212,114617,19218658
1790130542357917813,18900984,14219588,3460,4538661,114629,19218658
1790130542473230551,18901708,14219846,3460,4539112,114642,19218658
1790130542586287283,18902424,14220108,3460,4539545,114655,19218658
1790130542702741837,18903171,14220372,3460,4539993,114671,19218658
1790130542818240891,18903903,14220627,3460,4540452,114681,19218658
1790130542931915330,18904653,14220858,3460,4540924,114690,19218658
1790130543047977358,18905365,14221109,3460,4541392,114700,19218658
1790130543163379467,18906085,14221372,3460,4541837,114713,19218658
1790130543278716589,18906805,14221631,3460,4542286,114726,19218658
1790130543393962160,18907529,14221882,3460,4542741,114739,19218658
1790130543510136841,18908262,14222156,3460,4543181,114752,19218658
1790130543624778089,18908983,14222401,3460,4543646,114765,19218658
1790130543742356634,18909720,14222651,3460,4544121,114776,19218658
1790130543859014176,18910454,14222909,3460,4544578,114789,19218658
1790130543975855736,18911185,14223171,3460,4545037,114803,19218658
1790130544090092653,18911899,14223441,3460,4545465,114816,19218658
1790130544206905995,18912635,14223773,3460,4545861,114827,19218658
1790130544326593164,18913381,14224021,3460,4546343,114842,19218658
1790130544443231791,18914113,14224314,3460,4546763,114860,19218658
1790130544559687396,18914846,14224572,3460,4547222,114872,19218658
1790130544676086881,18915570,14224821,3460,4547688,114884,19218658
1790130544793204547,18916312,14225086,3460,4548144,114898,19218658
1790130544908081646,18917058,14225313,3460,4548626,114910,19218658
1790130545021750748,18917763,14225574,3460,4549059,114925,19218658
1790130545137742685,18918500,14225833,3460,4549520,114936,19218658
1790130545254469829,18919226,14226083,3460,4549981,114951,19218658
1790130545368609852,18919939,14226376,3460,4550389,114964,19218658
1790130545485329634,18920670,14226671,3460,4550814,114978,19218658
1790130545601135310,18921402,14226915,3460,4551283,114990,19218658
1790130545719810757,18922151,14227176,3460,4551747,115007,19218658
1790130545836123215,18922867,14227430,3460,4552213,115017,19218658
1790130545951938181,18923583,14227697,3460,4552657,115027,19218658
1790130546068536315,18924317,14227965,3460,4553105,115043,19218658
1790130546183207184,18925044,14228257,3460,4553521,115055,19218658
1790130546297547687,18925753,14228500,3460,4553982,115067,19218658
1790130546413641864,18926479,14228764,3460,4554434,115078,19218658
1790130546529851883,18927206,14229022,3460,4554889,115090,19218658
1790130546645266312,18927947,14229272,3460,4555347,115103,19218658
1790130546760960780,18928673,14229527,3460,4555801,115117,19218658
1790130546877898866,18929398,14229781,3460,4556265,115130,19218658
1790130546990360014,18930114,14230022,3460,4556721,115141,19218658
1790130547107500652,18930848,14230271,3460,4557189,115156,19218658
1790130547223837202,18931591,14230533,3460,4557641,115170,19218658
1790130547339554386,18932315,14230810,3460,4558069,115188,19218658
1790130547457004962,18933057,14231080,3460,4558518,115204,19218658
1790130547570459842,18933774,14231369,3460,4558927,115220,19218658
1790130547688253750,18934497,14231605,3460,4559419,115230,19218658
1790130547804134912,18935222,14231868,3460,4559867,115246,19218658
1790130547920237985,18935960,14232121,3460,4560328,115257,19218658
1790130548034007668,18936655,14232374,3460,4560774,115267,19218658
1790130548150260280,18937380,14232667,3460,4561200,115278,19218658
1790130548264021016,18938076,14232913,3460,4561660,115287,19218658
1790130548380991291,18938801,14233158,3460,4562133,115299,19218658
1790130548497064369,18939526,14233406,3460,4562600,115311,19218658
1790130548612261043,18940255,14233651,3460,4563058,115329,19218658
1790130548726620542,18940963,14233903,3460,4563504,115343,19218658
1790130548843218927,18941696,14234156,3460,4563964,115359,19218658
1790130548959256693,18942436,14234376,3460,4564462,115369,19218658
1790130549076884655,18943162,14234626,3460,4564938,115380,19218658
1790130549193371539,18943891,14234906,3460,4565373,115396,19218658
1790130549308719888,18944609,14235155,3460,4565833,115408,19218658
1790130549424340522,18945343,14235406,3460,4566288,115423,19218658
1790130549539861845,18946076,14235665,3460,4566734,115439,19218658
1790130549653399974,18946787,14235919,3460,4567182,115452,19218658
1790130549769349938,18947524,14236180,3460,4567635,115463,19218658
1790130549886640748,18948264,14236431,3460,4568101,115479,19218658
1790130550002575588,18949005,14236684,3460,4568563,115490,19218658
1790130550118911711,18949739,14236944,3460,4569015,115504,19218658
1790130550234569833,18950473,14237249,3460,4569426,115514,19218658
1790130550349774263,18951187,14237474,3460,4569914,115524,19218658
1790130550463671326,18951904,14237734,3460,4570358,115533,19218658
1790130550579907218,18952629,14237999,3460,4570807,115546,19218658
1790130550695883124,18953355,14238261,3460,4571255,115561,19218658
1790130550810383920,18954068,14238525,3460,4571691,115577,19218658
1790130550925772686,18954791,14238807,3460,4572125,115585,19218658
1790130551038962823,18955540,14239068,3460,4572565,115596,19218658
1790130551155745562,18956265,14239329,3460,4573017,115611,19218658
1790130551271663138,18956989,14239586,3460,4573471,115627,19218658
1790130551386967143,18957713,14239852,3460,4573911,115640,19218658
1790130551503645689,18958436,14240112,3460,4574366,115655,19218658
1790130551620940837,18959198,14240381,3460,4574830,115663,19218658
1790130551736977963,18959931,14240633,3460,4575291,115672,19218658
1790130551853697953,18960648,14240896,3460,4575747,115684,19218658
1790130551971109238,18961386,14241159,3460,4576203,115698,19218658
1790130552088687572,18962125,14241437,3460,4576643,115715,19218658
1790130552204055138,18962837,14241699,3460,4577094,115728,19218658
1790130552319947441,18963574,14241931,3460,4577578,115737,19218658
1790130552436814471,18964288,14242198,3460,4578029,115748,19218658
1790130552553667395,18965005,14242458,3460,4578483,115767,19218658
1790130552669146160,18965726,14242712,3460,4578941,115779,19218658
1790130552784227360,18966446,14242974,3460,4579380,115796,19218658
1790130552900100776,18967163,14243253,3460,4579817,115808,19218658
1790130553016000512,18967876,14243497,3460,4580291,115816,19218658
1790130553132493050,18968615,14243753,3460,4580754,115825,19218658
1790130553249213937,18969353,14244005,3460,4581221,115839,19218658
1790130553365901438,18970087,14244271,3460,4581663,115857,19218658
1790130553481966864,18970813,14244523,3460,4582123,115871,19218658
1790130553598761111,18971541,14244815,3460,4582551,115883,19218658
1790130553715079374,18972279,14245042,3460,4583037,115900,19218658
1790130553833924930,18973028,14245322,3460,4583491,115912,19218658
1790130553949843067,18973756,14245569,3460,4583958,115925,19218658
1790130554065858370,18974484,14245821,3460,4584419,115937,19218658
1790130554180841540,18975197,14246071,3460,4584874,115949,19218658
1790130554296895495,18975927,14246335,3460,4585322,115962,19218658
1790130554411865498,18976657,14246581,3460,4585793,115973,19218658
1790130554529115914,18977389,14246831,3460,4586256,115988,19218658
1790130554644028635,18978108,14247107,3460,4586685,116003,19218658
1790130554758913137,18978839,14247410,3460,4587090,116020,19218658
1790130554875971773,18979543,14247671,3460,4587546,116035,19218658
1790130554992462043,18980262,14247948,3460,4587984,116049,19218658
1790130555110972377,18980992,14248199,3460,4588458,116069,19218658
1790130555228229514,18981735,14248470,3460,4588899,116085,19218658
1790130555345339400,18982462,14248736,3460,4589357,116096,19218658
1790130555461645216,18983183,14248990,3460,4589817,116107,19218658
1790130555578397546,18983912,14249255,3460,4590268,116123,19218658
1790130555693005673,18984642,14249521,3460,4590711,116137,19218658
1790130555809551399,18985375,14249779,3460,4591164,116152,19218658
1790130555924627500,18986097,14250035,3460,4591611,116170,19218658
1790130556041837885,18986836,14250308,3460,4592055,116185,19218658
1790130556158041984,18987566,14250571,3460,4592506,116198,19218658
1790130556274469362,18988297,14250839,3460,4592958,116208,19218658
1790130556391194997,18989032,14251104,3460,4593413,116221,19218658
1790130556504976856,18989752,14251342,3460,4593878,116235,19218658
1790130556622198352,18990490,14251601,3460,4594331,116251,19218658
1790130556738898985,18991212,14251882,3460,4594769,116264,19218658
1790130556855704558,18991955,14252150,3460,4595216,116278,19218658
1790130556971063731,18992680,14252406,3460,4595672,116287,19218658
1790130557085870299,18993426,14252641,3460,4596148,116297,19218658
1790130557201975144,18994152,14252912,3460,4596591,116311,19218658
1790130557316051774,18994882,14253185,3460,4597022,116321,19218658
1790130557431615147,18995597,14253442,3460,4597475,116334,19218658
1790130557548023135,18996333,14253693,3460,4597934,116351,19218658
1790130557663890859,18997079,14253969,3460,4598372,116362,19218658
1790130557777430615,18997817,14254227,3460,4598820,116371,19218658
1790130557893615189,18998556,14254509,3460,4599249,116385,19218658
1790130558009291482,18999263,14254765,3460,4599702,116401,19218658
1790130558124567737,18999995,14255018,3460,4600151,116419,19218658
1790130558240137994,19000725,14255276,3460,4600601,116434,19218658
1790130558356416575,19001459,14255534,3460,4601063,116443,19218658
1790130558476313963,19002221,14255795,3460,4601540,116457,19218658
1790130558592486791,19002959,14256059,3460,4601991,116470,19218658
1790130558707661602,19003665,14256326,3460,4602430,116482,19218658
1790130558824710509,19004387,14256581,3460,4602891,116496,19218658
1790130558941854633,19005125,14256841,3460,4603352,116507,19218658
1790130559057639680,19005854,14257085,3460,4603826,116516,19218658
1790130559172950036,19006569,14257342,3460,4604276,116533,19218658
1790130559288894344,19007301,14257631,3460,4604693,116551,19218658
1790130559407249770,19008045,14257917,3460,4605132,116567,19218658
1790130559523891984,19008769,14258171,3460,4605600,116577,19218658
1790130559640634053,19009515,14258451,3460,4606031,116594,19218658
1790130559755858732,19010233,14258896,3460,4606302,116601,19227234
1790130559868044001,19010947,14259504,3460,4606397,116605,19249122
1790130559985184886,19011688,14259646,3460,4606997,116606,19249122
1790130560103308430,19012439,14259722,3460,4607679,116606,19249122
1790130560217836216,19013172,14259770,3460,4608357,116607,19249122
1790130560335680565,19013925,14259881,3460,4608996,116607,19249122
1790130560453569294,19014674,14259970,3460,4609658,116608,19249122
1790130560568150207,19015415,14260047,3460,4610306,116609,19249122
1790130560685862853,19016169,14260155,3460,4610949,116609,19249122
1790130560803850216,19016919,14260227,3460,4611629,116609,19249122
1790130560918493871,19017643,14260302,3460,4612285,116610,19249122
1790130561036636221,19018413,14260430,3460,4612908,116610,19249122
1790130561151484150,19019143,14260451,3460,4613620,116610,19249122
1790130561266472262,19019883,14260551,3460,4614251,116611,19249122
1790130561385066102,19020637,14260700,3460,4614852,116611,19249122
1790130561499347790,19021361,14260750,3460,4615535,116611,19249122
1790130561617698285,19022125,14260867,3460,4616169,116612,19249122
1790130561733046381,19022862,14260965,3460,4616803,116612,19249122
1790130561846935490,19023589,14261010,3460,4617484,116612,19249122
1790130561963715863,19024330,14261118,3460,4618120,116612,19249122
1790130562081820338,19025081,14261195,3460,4618795,116613,19249122
1790130562196443607,19025814,14261270,3460,4619450,116613,19249122
1790130562314955474,19026570,14261369,3460,4620103,116613,19249122
1790130562432957728,19027327,14261453,3460,4620771,116613,19249122
1790130562547676005,19028052,14261529,3460,4621426,116614,19249122
1790130562665641530,19028807,14261634,3460,4622071,116614,19249122
1790130562777748934,19029526,14261694,3460,4622726,116614,19249122
1790130562892330316,19030259,14261784,3460,4623366,116616,19249122
1790130563010408483,19031006,14261908,3460,4623994,116616,19249122
1790130563125292271,19031741,14261929,3460,4624704,116616,19249122
1790130563241640890,19032475,14262019,3460,4625351,116617,19249122
1790130563357494629,19033209,14262176,3460,4625931,116618,19249122
1790130563476072482,19033976,14262364,3460,4626493,116618,19249122
1790130563594083412,19034732,14262473,3460,4627137,116618,19249122
1790130563707381121,19035448,14262625,3460,4627708,116619,19249122
1790130563825127987,19036198,14262726,3460,4628351,116620,19249122
1790130563943234752,19036950,14262823,3460,4629005,116620,19249122
1790130564057558531,19037677,14262905,3460,4629654,116620,19249122
1790130564175160499,19038424,14263009,3460,4630295,116621,19249122
1790130564293006857,19039172,14263186,3460,4630870,116621,19249122
1790130564407178306,19039894,14263298,3460,4631479,116623,19249122
1790130564525162553,19040649,14263380,3460,4632149,116623,19249122
1790130564643758927,19041405,14263529,3460,4632755,116624,19249122
1790130564761095751,19042154,14263674,3460,4633354,116624,19249122
1790130564875650193,19042884,14263724,3460,4634037,116624,19249122
1790130564991586887,19043634,14263866,3460,4634632,116625,19249122
1790130565109713912,19044390,14263943,3460,4635306,116625,19249122
1790130565226607536,19045139,14264078,3460,4635915,116625,19249122
1790130565344580738,19045899,14264214,3460,4636530,116625,19249122
1790130565462413660,19046653,14264353,3460,4637139,116626,19249122
1790130565580327094,19047411,14264432,3460,4637809,116627,19249122
1790130565694064621,19048139,14264502,3460,4638462,116627,19249122
1790130565809051264,19048875,14264606,3460,4639088,116627,19249122
1790130565927005990,19049627,14264756,3460,4639689,116627,19249122
1790130566045197121,19050390,14264902,3460,4640292,116628,19249122
1790130566163250386,19051148,14264993,3460,4640954,116628,19249122
1790130566281526475,19051896,14265159,3460,4641543,116628,19249122
1790130566396558582,19052641,14265291,3460,4642143,116628,19249122
1790130566514596841,19053394,14265364,3460,4642821,116628,19249122
1790130566628816905,19054129,14265413,3460,4643498,116629,19249122
1790130566746103492,19054880,14265513,3460,4644143,116629,19249122
1790130566864707551,19055648,14265675,3460,4644737,116629,19249122
1790130566982334198,19056406,14265781,3460,4645378,116630,19249122
1790130567097170044,19057133,14265892,3460,4645995,116630,19249122
1790130567215240443,19057888,14266054,3460,4646582,116632,19249122
1790130567333505598,19058643,14266202,3460,4647191,116632,19249122
1790130567447838002,19059379,14266246,3460,4647875,116632,19249122
1790130567564370296,19060105,14266343,3460,4648521,116633,19249122
1790130567682361767,19060863,14266473,3460,4649142,116633,19249122
1790130567800286320,19061613,14266619,3460,4649738,116634,19249122
1790130567918272499,19062368,14266758,3460,4650351,116634,19249122
1790130568036135001,19063109,14266909,3460,4650949,116635,19249122
1790130568153907371,19063863,14267005,3460,4651603,116635,19249122
1790130568271897274,19064614,14267093,3460,4652267,116635,19249122
1790130568385867993,19065335,14267181,3460,4652902,116636,19249122
1790130568503723664,19066091,14267268,3460,4653567,116637,19249122
1790130568616875006,19066810,14267434,3460,4654119,116637,19249122
1790130568734526435,19067552,14267545,3460,4654758,116637,19249122
1790130568852371206,19068302,14267684,3460,4655368,116638,19249122
1790130568968332634,19069033,14267804,3460,4655987,116639,19249122
1790130569082450020,19069759,14267972,3460,4656544,116639,19249122
1790130569197217330,19070497,14268020,3460,4657222,116639,19249122
1790130569314196235,19071246,14268147,3460,4657843,116640,19249122
1790130569432721286,19072009,14268256,3460,4658487,116640,19249122
1790130569550777415,19072764,14268421,3460,4659071,116642,19249122
1790130569668828856,19073516,14268556,3460,4659686,116642,19249122
1790130569786939486,19074261,14268676,3460,4660314,116644,19249122
1790130569904778951,19075016,14268768,3460,4660974,116644,19249122
1790130570018021285,19075742,14268840,3460,4661622,116645,19249122
1790130570132620493,19076473,14268941,3460,4662250,116647,19249122
1790130570250495321,19077224,14269071,3460,4662872,116647,19249122
1790130570368430163,19077982,14269222,3460,4663470,116647,19249122
1790130570485944917,19078742,14269309,3460,4664126,116647,19249122
1790130570604030697,19079503,14269486,3460,4664700,116647,19249122
1790130570719293802,19080235,14269624,3460,4665293,116648,19249122
1790130570837431038,19080988,14269721,3460,4665953,116648,19249122
1790130570952483205,19081716,14269795,3460,4666609,116648,19249122
1790130571070703692,19082479,14269888,3460,4667267,116648,19249122
1790130571188771284,19083234,14270020,3460,4667886,116649,19249122
1790130571304098495,19083970,14270169,3460,4668469,116650,19249122
1790130571422344918,19084732,14270292,3460,4669102,116650,19249122
1790130571540193420,19085475,14270504,3460,4669634,116651,19249122
1790130571658231888,19086234,14270659,3460,4670229,116651,19249122
1790130571772339606,19086963,14270702,3460,4670919,116651,19249122
1790130571889708889,19087725,14270832,3460,4671532,116652,19249122
1790130572005490027,19088463,14271013,3460,4672089,116652,19249122
1790130572123873268,19089220,14271186,3460,4672665,116653,19249122
1790130572242204739,19089972,14271332,3460,4673274,116653,19249122
1790130572357057643,19090703,14271513,3460,4673821,116653,19249122
1790130572474764290,19091457,14271623,3460,4674461,116653,19249122
1790130572592966996,19092211,14271721,3460,4675115,116654,19249122
1790130572707433976,19092940,14271797,3460,4675770,116654,19249122
1790130572823633928,19093680,14271923,3460,4676383,116654,19249122
1790130572941566939,19094433,14272077,3460,4676978,116656,19249122
1790130573058877535,19095179,14272228,3460,4677570,116657,19249122
1790130573176970861,19095938,14272352,3460,4678197,116658,19249122
1790130573295582725,19096689,14272492,3460,4678812,116659,19249122
1790130573411902492,19097440,14272625,3460,4679418,116659,19249122
1790130573526149200,19098169,14272661,3460,4680108,116659,19249122
1790130573643546911,19098922,14272780,3460,4680738,116659,19249122
1790130573761483103,19099672,14272891,3460,4681379,116659,19249122
1790130573879861269,19100434,14273068,3460,4681951,116659,19249122
1790130573997964733,19101195,14273198,3460,4682572,116660,19249122
1790130574116178369,19101943,14273364,3460,4683158,116661,19249122
1790130574232366717,19102689,14273464,3460,4683800,116661,19249122
1790130574350224187,19103444,14273551,3460,4684459,116661,19249122
1790130574464406053,19104172,14273627,3460,4685113,116662,19249122
1790130574582431325,19104934,14273751,3460,4685739,116662,19249122
1790130574700266345,19105691,14273897,3460,4686338,116662,19249122
1790130574818330302,19106442,14273990,3460,4687001,116663,19249122
1790130574936278559,19107191,14274153,3460,4687582,116663,19249122
1790130575051490847,19107910,14274283,3460,4688188,116664,19249122
1790130575169508372,19108667,14274379,3460,4688839,116665,19249122
1790130575284009015,19109401,14274434,3460,4689513,116665,19249122
1790130575400619332,19110143,14274537,3460,4690151,116665,19249122
1790130575518569731,19110898,14274680,3460,4690759,116666,19249122
1790130575636879749,19111649,14274814,3460,4691374,116667,19249122
1790130575751212806,19112379,14274948,3460,4691966,116667,19249122
1790130575869324449,19113140,14275115,3460,4692554,116668,19249122
1790130575987392396,19113895,14275240,3460,4693180,116668,19249122
1790130576101746621,19114630,14275261,3460,4693886,116668,19249122
1790130576217660040,19115354,14275335,3460,4694549,116669,19249122
1790130576334689944,19116100,14275465,3460,4695161,116669,19249122
1790130576453038852,19116856,14275631,3460,4695745,116670,19249122
1790130576571310989,19117613,14275743,3460,4696388,116670,19249122
1790130576689665030,19118359,14275904,3460,4696977,116671,19249122
1790130576807742469,19119109,14276011,3460,4697621,116671,19249122
1790130576925852398,19119860,14276098,3460,4698286,116671,19249122
1790130577040099594,19120587,14276197,3460,4698909,116674,19249122
1790130577158075763,19121342,14276271,3460,4699586,116674,19249122
1790130577275083025,19122084,14276434,3460,4700166,116675,19249122
1790130577392434620,19122828,14276535,3460,4700816,116675,19249122
1790130577510596297,19123580,14276709,3460,4701392,116675,19249122
1790130577629561253,19124335,14276812,3460,4702044,116677,19249122
1790130577744326362,19125070,14276925,3460,4702663,116678,19249122
1790130577858759727,19125801,14276978,3460,4703336,116678,19249122
1790130577972700659,19126532,14277093,3460,4703945,116679,19249122
1790130578090865030,19127285,14277183,3460,4704608,116680,19249122
1790130578208520628,19128035,14277340,3460,4705199,116680,19249122
1790130578324887718,19128784,14277487,3460,4705791,116680,19249122
1790130578443202176,19129532,14277626,3460,4706401,116681,19249122
1790130578561027703,19130287,14277764,3460,4707014,116681,19249122
1790130578675501062,19131017,14277797,3460,4707714,116681,19249122
1790130578790088165,19131756,14277895,3460,4708340,116682,19249122
1790130578908068143,19132510,14278039,3460,4708947,116682,19249122
1790130579025926631,19133254,14278220,3460,4709515,116683,19249122
1790130579143850621,19134006,14278300,3460,4710187,116683,19249122
1790130579259253228,19134745,14278456,3460,4710764,116683,19249122
1790130579377294273,19135507,14278550,3460,4711423,116683,19249122
1790130579495266043,19136259,14278631,3460,4712088,116683,19249122
1790130579609449181,19136988,14278711,3460,4712738,116684,19249122
1790130579727844466,19137751,14278793,3460,4713408,116684,19249122
1790130579847240694,19138513,14278948,3460,4714010,116685,19249122
1790130579964426747,19139265,14279046,3460,4714662,116686,19249122
1790130580082428052,19140016,14279163,3460,4715295,116686,19249122
1790130580199751555,19140778,14279295,3460,4715907,116686,19249122
1790130580318017140,19141536,14279379,3460,4716575,116686,19249122
1790130580432278920,19142262,14279427,3460,4717255,116686,19249122
1790130580547992742,19143001,14279546,3460,4717870,116688,19249122
1790130580665985429,19143757,14279624,3460,4718544,116688,19249122
1790130580779946190,19144487,14279698,3460,4719194,116689,19249122
1790130580897685481,19145239,14279791,3460,4719851,116689,19249122
1790130581015560621,19145985,14279863,3460,4720530,116689,19249122
1790130581130620491,19146720,14279943,3460,4721179,116691,19249122
1790130581248559611,19147477,14280090,3460,4721783,116691,19249122
1790130581362733913,19148213,14280121,3460,4722478,116691,19249122
1790130581477506953,19148942,14280202,3460,4723127,116691,19249122
1790130581595457520,19149696,14280336,3460,4723744,116691,19249122
1790130581709629445,19150430,14280373,3460,4724435,116691,19249122
1790130581828164159,19151186,14280508,3460,4725051,116693,19249122
1790130581943669018,19151926,14280608,3460,4725686,116693,19249122
1790130582057892258,19152647,14280652,3460,4726368,116694,19249122
1790130582174870462,19153402,14280762,3460,4727001,116695,19249122
1790130582292888324,19154160,14280868,3460,4727647,116695,19249122
1790130582407406007,19154889,14280959,3460,4728286,116695,19249122
1790130582525517933,19155645,14281047,3460,4728950,116695,19249122
1790130582643467024,19156404,14281123,3460,4729625,116695,19249122
1790130582757704291,19157149,14281209,3460,4730265,116695,19249122
1790130582875831310,19157902,14281348,3460,4730877,116695,19249122
1790130582988987647,19158627,14281414,3460,4731531,116696,19249122
1790130583103492799,19159350,14281498,3460,4732177,116697,19249122
1790130583222174344,19160104,14281630,3460,4732795,116697,19249122
1790130583337404015,19160841,14281652,3460,4733514,116697,19249122
1790130583453664654,19161574,14281824,3460,4734070,116702,19249122
1790130583569437920,19162306,14282078,3460,4734529,116714,19249122
1790130583684310727,19163020,14282326,3460,4734982,116733,19249122
1790130583801912286,19163772,14282605,3460,4735425,116748,19249122
1790130583918385420,19164505,14282853,3460,4735891,116760,19249122
1790130584034636299,19165233,14283113,3460,4736340,116778,19249122
1790130584151040821,19165974,14283347,3460,4736826,116789,19249122
1790130584268080331,19166709,14283599,3460,4737290,116804,19249122
1790130584385388583,19167455,14283861,3460,4737746,116819,19249122
1790130584502120485,19168206,14284128,3460,4738195,116833,19249122
1790130584619606718,19168948,14284408,3460,4738642,116843,19249122
1790130584736418249,19169680,14284653,3460,4739114,116857,19249122
1790130584852106599,19170430,14284883,3460,4739601,116865,19249122
1790130584969199424,19171168,14285150,3460,4740056,116879,19249122
1790130585083758608,19171860,14285408,3460,4740500,116890,19249122
1790130585199551488,19172573,14285673,3460,4740946,116904,19249122
1790130585312598135,19173283,14285924,3460,4741388,116917,19249122
1790130585427765442,19174010,14286235,3460,4741790,116927,19249122
1790130585545415853,19174757,14286478,3460,4742271,116941,19249122
1790130585659778173,19175481,14286729,3460,4742724,116953,19249122
1790130585776757944,19176207,14287025,3460,4743146,116967,19249122
1790130585894330958,19176940,14287283,3460,4743607,116981,19249122
1790130586011659966,19177691,14287529,3460,4744080,116996,19249122
1790130586125068867,19178426,14287789,3460,4744522,117010,19249122
1790130586241269079,19179158,14288055,3460,4744967,117024,19249122
1790130586357780467,19179892,14288309,3460,4745431,117034,19249122
1790130586472439099,19180593,14288550,3460,4745892,117048,19249122
1790130586587935528,19181324,14288804,3460,4746339,117065,19249122
1790130586701493881,19182036,14289081,3460,4746762,117079,19249122
1790130586816336895,19182736,14289349,3460,4747206,117089,19249122
1790130586931551670,19183460,14289591,3460,4747672,117100,19249122
1790130587048827017,19184194,14289847,3460,4748134,117115,19249122
1790130587165478870,19184916,14290108,3460,4748589,117130,19249122
1790130587281977531,19185648,14290363,3460,4749047,117143,19249122
1790130587398743304,19186371,14290615,3460,4749511,117161,19249122
1790130587514634336,19187085,14290853,3460,4749981,117176,19249122
1790130587632140983,19187832,14291104,3460,4750446,117195,19249122
1790130587748279609,19188554,14291368,3460,4750893,117211,19249122
1790130587863876963,19189295,14291639,3460,4751334,117221,19249122
1790130587977312268,19189991,14291890,3460,4751784,117232,19249122
1790130588092888314,19190735,14292153,3460,4752231,117243,19249122
1790130588209108018,19191468,14292390,3460,4752715,117255,19249122
1790130588324314632,19192209,14292637,3460,4753171,117271,19249122
1790130588439044030,19192936,14292891,3460,4753619,117285,19249122
1790130588552747061,19193649,14293144,3460,4754063,117299,19249122
1790130588668768448,19194359,14293401,3460,4754520,117312,19249122
1790130588785097689,19195110,14293652,3460,4754988,117321,19249122
1790130588899300595,19195851,14293910,3460,4755443,117328,19249122
1790130589017614366,19196588,14294176,3460,4755899,117341,19249122
1790130589132011072,19197307,14294441,3460,4756344,117351,19249122
1790130589247586451,19198025,14294706,3460,4756786,117363,19249122
1790130589361622539,19198727,14294966,3460,4757227,117376,19249122
1790130589479504750,19199480,14295206,3460,4757722,117387,19249122
1790130589596040312,19200219,14295471,3460,4758167,117401,19249122
1790130589712187212,19200946,14295755,3460,4758598,117415,19249122
1790130589827761156,19201682,14296014,3460,4759047,117429,19249122
1790130589944068364,19202424,14296266,3460,4759511,117441,19249122
1790130590060441843,19203148,14296539,3460,4759952,117452,19249122
1790130590178108446,19203873,14296814,3460,4760410,117461,19249122
1790130590295395037,19204588,14297084,3460,4760860,117473,19249122
1790130590412167095,19205322,14297347,3460,4761314,117485,19249122
1790130590527867618,19206071,14297656,3460,4761717,117499,19249122
1790130590644066770,19206810,14297923,3460,4762163,117513,19249122
1790130590758940356,19207535,14298222,3460,4762573,117523,19249122
1790130590875738929,19208282,14298463,3460,4763060,117534,19249122
1790130590994055047,19209013,14298708,3460,4763534,117549,19249122
1790130591110258031,19209752,14298965,3460,4763989,117564,19249122
1790130591226379899,19210497,14299220,3460,4764446,117579,19249122
1790130591342887052,19211235,14299485,3460,4764896,117592,19249122
1790130591462822646,19211984,14299777,3460,4765337,117609,19249122
1790130591577397616,19212693,14300012,3460,4765819,117620,19249122
1790130591695056202,19213434,14300298,3460,4766249,117634,19249122
1790130591811417006,19214163,14300560,3460,4766697,117652,19249122
1790130591926231164,19214861,14300811,3460,4767149,117667,19249122
1790130592040382581,19215578,14301062,3460,4767597,117682,19249122
1790130592155713013,19216296,14301323,3460,4768044,117695,19249122
1790130592270301043,19217025,14301556,3460,4768522,117707,19249122
1790130592385416364,19217751,14301804,3460,4768983,117717,19249122
1790130592501028934,19218461,14302056,3460,4769445,117728,19249122
1790130592616741221,19219209,14302318,3460,4769884,117749,19249122
1790130592731854715,19219948,14302585,3460,4770322,117762,19249122
1790130592848844678,19220689,14302820,3460,4770811,117772,19249122
1790130592963926650,19221418,14303065,3460,4771279,117785,19249122
1790130593081066309,19222144,14303325,3460,4771729,117802,19249122
1790130593197725802,19222884,14303597,3460,4772169,117820,19249122
1790130593313398952,19223618,14303843,3460,4772632,117834,19249122
1790130593428836730,19224332,14304109,3460,4773074,117847,19249122
1790130593546538512,19225069,14304381,3460,4773532,117856,19249122
1790130593663798925,19225795,14304646,3460,4773986,117870,19249122
1790130593778238865,19226501,14304893,3460,4774445,117881,19249122
1790130593893673174,19227243,14305154,3460,4774886,117900,19249122
1790130594009317193,19227961,14305417,3460,4775336,117914,19249122
1790130594125518226,19228713,14305681,3460,4775777,117932,19249122
1790130594240201592,19229436,14305934,3460,4776239,117941,19249122
1790130594358634312,19230204,14306186,3460,4776706,117959,19249122
1790130594473441662,19230914,14306443,3460,4777149,117975,19249122
1790130594588775231,19231632,14306696,3460,4777604,117990,19249122
1790130594705339119,19232360,14306953,3460,4778060,118006,19249122
1790130594820744582,19233089,14307221,3460,4778503,118016,19249122
1790130594939996727,19233843,14307461,3460,4779000,118026,19249122
1790130595054861017,19234557,14307737,3460,4779429,118041,19249122
1790130595170256779,19235284,14308007,3460,4779870,118053,19249122
1790130595285306402,19236002,14308258,3460,4780322,118068,19249122
1790130595400566974,19236721,14308520,3460,4780767,118082,19249122
1790130595516055022,19237443,14308793,3460,4781204,118093,19249122
1790130595629409830,19238145,14309030,3460,4781673,118103,19249122
1790130595745690632,19238868,14309287,3460,4782122,118120,19249122
1790130595860099023,19239602,14309539,3460,4782575,118132,19249122
1790130595974343032,19240299,14309802,3460,4783021,118142,19249122
1790130596090567330,19241028,14310052,3460,4783482,118156,19249122
1790130596205653906,19241761,14310316,3460,4783920,118178,19249122
1790130596325463035,19242501,14310569,3460,4784399,118192,19249122
1790130596440116744,19243223,14310820,3460,4784854,118203,19249122
1790130596557307394,19243952,14311086,3460,4785304,118220,19249122
1790130596674010425,19244711,14311338,3460,4785770,118233,19249122
1790130596790898663,19245451,14311596,3460,4786222,118251,19249122
1790130596905852914,19246182,14311866,3460,4786670,118260,19249122
1790130597023963797,19246905,14312125,3460,4787128,118278,19249122
1790130597140742735,19247636,14312366,3460,4787604,118292,19249122
1790130597256425028,19248367,14312625,3460,4788057,118306,19249122
1790130597373493202,19249116,14312883,3460,4788508,118327,19249122
1790130597489985029,19249823,14313130,3460,4788977,118339,19249122
1790130597606421898,19250576,14313429,3460,4789406,118349,19249122
1790130597722608975,19251321,14313688,3460,4789853,118364,19249122
1790130597838742625,19252047,14313940,3460,4790316,118376,19249122
1790130597955348677,19252789,14314200,3460,4790770,118390,19249122
1790130598071224103,19253521,14314462,3460,4791217,118405,19249122
1790130598185650963,19254231,14314721,3460,4791659,118422,19249122
1790130598298388849,19254945,14314978,3460,4792099,118434,19249122
1790130598412958826,19255657,14315226,3460,4792560,118445,19249122
1790130598527496007,19256390,14315484,3460,4793004,118456,19249122
1790130598643377699,19257127,14315745,3460,4793452,118472,19249122
1790130598760985612,19257848,14316013,3460,4793908,118484,19249122
1790130598877381737,19258582,14316270,3460,4794369,118493,19249122
1790130598996135126,19259327,14316501,3460,4794876,118502,19249122
1790130599111651160,19260047,14316774,3460,4795313,118514,19249122
1790130599228489665,19260790,14317031,3460,4795772,118528,19249122
1790130599344219637,19261528,14317292,3460,4796220,118544,19249122
1790130599458943125,19262249,14317542,3460,4796678,118556,19249122
1790130599574079052,19262966,14317792,3460,4797137,118569,19249122
1790130599690178691,19263698,14318051,3460,4797595,118580,19249122
1790130599805462200,19264417,14318309,3460,4798040,118595,19249122
1790130599921924294,19265139,14318572,3460,4798493,118608,19249122
1790130600037680915,19265883,14318832,3460,4798944,118622,19249122
1790130600154076619,19266608,14319097,3460,4799392,118634,19249122
1790130600271600872,19267352,14319340,3460,4799875,118646,19249122
1790130600388958300,19268091,14319594,3460,4800344,118660,19249122
1790130600505658953,19268826,14319843,3460,4800810,118672,19249122
1790130600622437047,19269553,14320099,3460,4801267,118690,19249122
1790130600737929246,19270275,14320352,3460,4801722,118705,19249122
1790130600857053885,19271032,14320605,3460,4802206,118719,19249122
1790130600973607302,19271761,14320843,3460,4802683,118733,19249122
1790130601091272925,19272506,14321077,3460,4803173,118745,19249122
1790130601205341464,19273220,14321316,3460,4803634,118756,19249122
1790130601318112919,19273927,14321564,3460,4804082,118771,19249122
1790130601433091681,19274626,14321824,3460,4804525,118785,19249122
1790130601549926961,19275339,14322071,3460,4804998,118796,19249122
1790130601669357935,19276105,14322316,3460,4805491,118808,19249122
1790130601784117035,19276834,14322586,3460,4805928,118819,19249122
1790130601899246300,19277548,14322842,3460,4806378,118834,19249122
1790130602015644025,19278293,14323110,3460,4806820,118851,19249122
1790130602132203924,19279015,14323361,3460,4807282,118866,19249122
1790130602249465893,19279741,14323584,3460,4807781,118880,19249122
1790130602367303602,19280492,14323831,3460,4808256,118897,19249122
1790130602482871354,19281203,14324087,3460,4808708,118909,19249122
1790130602598408214,19281905,14324344,3460,4809157,118926,19249122
1790130602714406807,19282617,14324616,3460,4809600,118938,19249122
1790130602829209762,19283330,14324906,3460,4810021,118950,19249122
1790130602945872310,19284076,14325177,3460,4810468,118962,19249122
1790130603061522212,19284802,14325440,3460,4810911,118980,19249122
1790130603178116398,19285522,14325701,3460,4811369,118991,19249122
1790130603293758854,19286256,14325965,3460,4811811,119007,19249122
1790130603409661572,19286995,14326226,3460,4812256,119026,19249122
1790130603524403764,19287710,14326475,3460,4812712,119039,19249122
1790130603636556401,19288393,14326743,3460,4813140,119047,19249122
1790130603752972327,19289133,14327019,3460,4813582,119058,19249122
1790130603868549902,19289873,14327288,3460,4814022,119073,19249122
1790130603982103441,19290583,14327573,3460,4814432,119088,19249122
1790130604098761599,19291296,14327826,3460,4814896,119100,19249122
1790130604214905354,19292024,14328116,3460,4815320,119115,19249122
1790130604332958124,19292782,14328370,3460,4815799,119124,19249122
1790130604448948002,19293524,14328612,3460,4816267,119141,19249122
1790130604565926105,19294247,14328865,3460,4816729,119152,19249122
1790130604679853877,19294959,14329139,3460,4817160,119162,19249122
1790130604795376412,19295683,14329419,3460,4817589,119177,19249122
1790130604909458970,19296431,14329702,3460,4818005,119191,19249122
1790130605022125291,19297132,14329942,3460,4818464,119199,19249122
1790130605139568748,19297880,14330183,3460,4818942,119214,19249122
1790130605256303875,19298618,14330480,3460,4819365,119227,19249122
1790130605372270923,19299347,14330738,3460,4819815,119243,19249122
1790130605487329634,19300080,14330986,3460,4820264,119264,19249122
1790130605602754528,19300811,14331256,3460,4820710,119278,19249122
1790130605721483825,19301548,14331499,3460,4821196,119291,19249122
1790130605837267216,19302257,14331755,3460,4821646,119307,19249122
1790130605951871166,19302977,14332013,3460,4822093,119319,19249122
1790130606067216448,19303713,14332263,3460,4822558,119329,19249122
1790130606182875683,19304435,14332528,3460,4822999,119345,19249122
1790130606298897530,19305155,14332835,3460,4823403,119361,19249122
1790130606412980606,19305876,14333102,3460,4823843,119374,19249122
1790130606530493067,19306612,14333382,3460,4824281,119388,19249122
1790130606645260648,19307320,14333649,3460,4824718,119403,19249122
1790130606761522151,19308061,14333909,3460,4825173,119416,19249122
1790130606877532964,19308798,14334190,3460,4825600,119431,19249122
1790130606993304972,19309508,14334433,3460,4826075,119440,19249122
1790130607109180087,19310249,14334678,3460,4826542,119453,19249122
1790130607225942865,19310971,14334934,3460,4827003,119469,19249122
1790130607342735766,19311710,14335182,3460,4827468,119483,19249122
1790130607458088927,19312442,14335467,3460,4827890,119500,19249122
1790130607573039030,19313188,14335709,3460,4828355,119514,19249122
1790130607688649434,19313932,14335933,3460,4828844,119525,19249122
1790130607807122780,19314688,14336196,3460,4829310,119539,19249122
1790130607922925363,19315424,14336462,3460,4829751,119553,19249122
1790130608040014158,19316168,14336722,3460,4830212,119564,19249122
1790130608156854907,19316895,14336974,3460,4830677,119577,19249122
1790130608274437768,19317608,14337211,3460,4831162,119592,19249122
1790130608390417439,19318341,14337428,3460,4831660,119606,19249122
1790130608506315006,19319048,14337675,3460,4832113,119629,19249122
1790130608623218975,19319783,14337940,3460,4832565,119645,19249122
1790130608739228909,19320527,14338206,3460,4833010,119657,19249122
1790130608855047684,19321258,14338476,3460,4833453,119669,19249122
1790130608970889474,19321983,14338794,3460,4833850,119681,19249122
1790130609087863527,19322725,14339017,3460,4834351,119691,19249122
1790130609204701780,19323463,14339276,3460,4834808,119704,19249122
1790130609320890326,19324184,14339546,3460,4835257,119712,19249122
1790130609434962640,19324904,14339801,3460,4835706,119721,19249122
1790130609549745848,19325622,14340058,3460,4836151,119738,19249122
1790130609665183318,19326333,14340333,3460,4836594,119747,19249122
1790130609782933080,19327090,14340625,3460,4837029,119759,19249122
1790130609898665992,19327800,14340897,3460,4837467,119769,19249122
1790130610014964927,19328528,14341180,3460,4837897,119784,19249122
1790130610129506227,19329253,14341441,3460,4838346,119794,19249122
1790130610245934704,19329974,14341711,3460,4838788,119806,19249122
1790130610362513757,19330718,14341992,3460,4839232,119817,19249122
1790130610479409955,19331453,14342237,3460,4839705,119830,19249122
1790130610593954515,19332182,14342521,3460,4840126,119843,19249122
1790130610709100706,19332886,14342778,3460,4840567,119860,19249122
1790130610825034658,19333617,14343029,3460,4841026,119878,19249122
1790130610941571601,19334338,14343285,3460,4841482,119892,19249122
1790130611053975104,19335056,14343545,3460,4841927,119898,19249122
1790130611171623617,19335816,14343790,3460,4842398,119916,19249122
1790130611285974712,19336537,14344052,3460,4842838,119930,19249122
1790130611401832823,19337286,14344305,3460,4843297,119943,19249122
1790130611517736890,19338007,14344568,3460,4843742,119957,19249122
1790130611634433713,19338770,14344825,3460,4844203,119970,19249122
1790130611750847802,19339523,14345059,3460,4844688,119982,19249122
1790130611866303536,19340250,14345342,3460,4845120,119993,19249122
1790130611980568308,19340950,14345584,3460,4845575,120008,19249122
1790130612096843549,19341673,14345835,3460,4846040,120019,19249122
1790130612213396718,19342393,14346085,3460,4846505,120031,19249122
1790130612327401253,19343103,14346327,3460,4846966,120045,19249122
1790130612444443140,19343851,14346546,3460,4847472,120055,19249122
1790130612561490015,19344580,14346804,3460,4847932,120066,19249122
1790130612677657431,19345317,14347052,3460,4848396,120080,19249122
1790130612795433158,19346065,14347329,3460,4848843,120095,19249122
1790130612910595362,19346784,14347587,3460,4849291,120107,19249122
1790130613026211912,19347518,14347823,3460,4849774,120116,19249122
1790130613145690816,19348283,14348063,3460,4850274,120125,19249122
1790130613261923973,19349005,14348331,3460,4850720,120137,19249122
1790130613377367704,19349717,14348598,3460,4851160,120150,19249122
1790130613494063419,19350449,14348859,3460,4851613,120167,19249122
1790130613611521196,19351195,14349135,3460,4852061,120177,19249122
1790130613727765237,19351918,14349392,3460,4852524,120192,19249122
1790130613843436173,19352643,14349641,3460,4852984,120207,19249122
1790130613960708564,19353394,14349904,3460,4853436,120224,19249122
1790130614077521264,19354098,14350152,3460,4853904,120235,19249122
1790130614193093861,19354829,14350408,3460,4854354,120251,19249122
1790130614309950637,19355561,14350688,3460,4854798,120264,19249122
1790130614427364767,19356274,14350923,3460,4855284,120276,19249122
1790130614543573601,19357008,14351182,3460,4855742,120289,19249122
1790130614661370912,19357754,14351425,3460,4856220,120305,19249122
1790130614776410316,19358487,14351695,3460,4856658,120318,19249122
1790130614890935863,19359220,14351974,3460,4857083,120332,19249122
1790130615005775220,19359940,14352238,3460,4857521,120345,19249122
1790130615121411010,19360673,14352462,3460,4858019,120354,19249122
1790130615237225958,19361413,14352703,3460,4858477,120372,19249122
1790130615352581840,19362122,14352964,3460,4858927,120385,19249122
1790130615469172859,19362841,14353227,3460,4859381,120398,19249122
1790130615585176872,19363561,14353484,3460,4859838,120410,19249122
1790130615701388955,19364272,14353755,3460,4860278,120425,19249122
1790130615818657130,19365000,14353976,3460,4860783,120435,19249122
1790130615935919060,19365735,14354236,3460,4861237,120453,19249122
1790130616052328195,19366493,14354502,3460,4861686,120469,19249122
1790130616165714205,19367208,14354776,3460,4862107,120482,19249122
1790130616283196772,19367941,14355025,3460,4862579,120495,19249122
1790130616399860880,19368691,14355283,3460,4863045,120507,19249122
1790130616514037280,19369417,14355980,3460,4863054,120514,19284450
1790130616627567112,19370136,14356297,3460,4863456,120516,19284578
1790130616746045669,19370897,14356396,3460,4864111,120516,19284578
1790130616859062961,19371620,14356473,3460,4864751,120516,19284578
1790130616973586532,19372355,14356562,3460,4865392,120517,19284578
1790130617091824541,19373117,14356686,3460,4866020,120517,19284578
1790130617206684307,19373851,14356707,3460,4866732,120517,19284578
1790130617327033191,19374617,14356820,3460,4867382,120517,19284578
1790130617441871696,19375354,14356945,3460,4867987,120518,19284578
1790130617556113879,19376087,14356997,3460,4868663,120518,19284578
1790130617673343642,19376843,14357139,3460,4869269,120518,19284578
1790130617791824131,19377605,14357213,3460,4869947,120518,19284578
1790130617906305493,19378335,14357274,3460,4870616,120519,19284578
1790130618024145424,19379093,14357354,3460,4871281,120519,19284578
1790130618142006498,19379847,14357465,3460,4871921,120519,19284578
1790130618256761314,19380587,14357540,3460,4872578,120519,19284578
1790130618374852109,19381340,14357667,3460,4873202,120519,19284578
1790130618489627214,19382069,14357698,3460,4873904,120519,19284578
1790130618605628358,19382802,14357776,3460,4874562,120521,19284578
1790130618721898358,19383554,14357905,3460,4875172,120521,19284578
1790130618836432064,19384286,14357931,3460,4875879,120521,19284578
1790130618952496931,19385037,14358062,3460,4876485,120521,19284578
1790130619070560607,19385794,14358137,3460,4877162,120521,19284578
1790130619185265478,19386527,14358194,3460,4877826,120525,19284578
1790130619303857043,19387290,14358292,3460,4878486,120526,19284578
1790130619422234230,19388047,14358411,3460,4879118,120526,19284578
1790130619536695554,19388776,14358499,3460,4879759,120527,19284578
1790130619654673075,19389530,14358657,3460,4880353,120527,19284578
1790130619768875194,19390264,14358738,3460,4880999,120528,19284578
1790130619883127734,19390988,14358858,3460,4881602,120529,19284578
1790130620001498195,19391747,14358980,3460,4882238,120529,19284578
1790130620119715481,19392504,14359118,3460,4882849,120529,19284578
1790130620237717056,19393249,14359246,3460,4883472,120530,19284578
1790130620354353954,19393983,14359432,3460,4884028,120531,19284578
1790130620472184561,19394738,14359533,3460,4884677,120532,19284578
1790130620604643600,19395586,14359651,3460,4885400,120532,19284578
1790130620718735133,19396316,14359743,3460,4886031,120533,19284578
1790130620837303239,19397069,14359898,3460,4886628,120533,19284578
1790130620951055673,19397802,14360080,3460,4887168,120533,19284578
1790130621068832667,19398551,14360180,3460,4887819,120534,19284578
1790130621186907003,19399300,14360350,3460,4888399,120534,19284578
1790130621303764095,19400051,14360478,3460,4889015,120534,19284578
1790130621421959603,19400805,14360560,3460,4889684,120534,19284578
1790130621536402309,19401535,14360612,3460,4890364,120535,19284578
1790130621654873386,19402292,14360738,3460,4890988,120535,19284578
1790130621773197915,19403050,14360868,3460,4891608,120536,19284578
1790130621888238656,19403790,14360993,3460,4892213,120537,19284578
1790130622006312318,19404549,14361071,3460,4892892,120537,19284578
1790130622122244513,19405295,14361252,3460,4893442,120538,19284578
1790130622240678181,19406050,14361393,3460,4894057,120538,19284578
1790130622355102688,19406783,14361443,3460,4894735,120538,19284578
1790130622471687511,19407524,14361600,3460,4895318,120540,19284578
1790130622590272358,19408279,14361683,3460,4895987,120540,19284578
1790130622709015343,19409033,14361804,3460,4896621,120542,19284578
1790130622827380044,19409783,14361961,3460,4897220,120543,19284578
1790130622945426994,19410551,14362125,3460,4897806,120543,19284578
1790130623063451414,19411304,14362267,3460,4898416,120543,19284578
1790130623177990500,19412040,14362288,3460,4899122,120543,19284578
1790130623292496418,19412770,14362378,3460,4899763,120543,19284578
1790130623410591419,19413517,14362541,3460,4900350,120544,19284578
1790130623528821595,19414282,14362669,3460,4900972,120544,19284578
1790130623646873771,19415041,14362796,3460,4901597,120544,19284578
1790130623764838294,19415796,14362929,3460,4902215,120544,19284578
1790130623877153800,19416514,14363060,3460,4902797,120544,19284578
1790130623994555036,19417260,14363194,3460,4903414,120544,19284578
1790130624109021945,19417992,14363307,3460,4904026,120545,19284578
1790130624227156336,19418748,14363416,3460,4904670,120545,19284578
1790130624344978380,19419504,14363553,3460,4905281,120546,19284578
1790130624463588539,19420266,14363653,3460,4905937,120546,19284578
1790130624581859828,19421028,14363807,3460,4906534,120546,19284578
1790130624699579289,19421779,14363908,3460,4907183,120546,19284578
1790130624817482446,19422530,14363990,3460,4907853,120547,19284578
1790130624932755461,19423269,14364078,3460,4908497,120547,19284578
1790130625048338103,19424005,14364205,3460,4909107,120548,19284578
1790130625165143926,19424750,14364409,3460,4909640,120549,19284578
1790130625280532607,19425483,14364550,3460,4910234,120549,19284578
1790130625398571542,19426238,14364648,3460,4910887,120549,19284578
1790130625512405191,19426965,14364818,3460,4911442,120550,19284578
1790130625630315185,19427718,14364945,3460,4912066,120550,19284578
1790130625744859258,19428451,14364982,3460,4912756,120550,19284578
1790130625859638220,19429178,14365113,3460,4913354,120551,19284578
1790130625977591861,19429931,14365186,3460,4914033,120551,19284578
1790130626094476627,19430677,14365343,3460,4914618,120554,19284578
1790130626212658768,19431434,14365457,3460,4915254,120554,19284578
1790130626331007391,19432178,14365619,3460,4915840,120555,19284578
1790130626449160694,19432937,14365782,3460,4916428,120556,19284578
1790130626564175222,19433673,14365804,3460,4917140,120556,19284578
1790130626678507330,19434400,14365890,3460,4917783,120557,19284578
1790130626796491654,19435158,14366060,3460,4918364,120557,19284578
1790130626914644123,19435911,14366198,3460,4918976,120557,19284578
1790130627032844999,19436668,14366327,3460,4919600,120557,19284578
1790130627149678902,19437410,14366465,3460,4920202,120559,19284578
1790130627268455190,19438163,14366553,3460,4920872,120560,19284578
1790130627386833650,19438923,14366628,3460,4921548,120560,19284578
1790130627501215702,19439647,14366715,3460,4922185,120560,19284578
1790130627619222289,19440404,14366849,3460,4922803,120561,19284578
1790130627737170008,19441151,14367000,3460,4923400,120561,19284578
1790130627855136207,19441910,14367121,3460,4924030,120562,19284578
1790130627973306468,19442664,14367315,3460,4924586,120562,19284578
1790130628091109967,19443417,14367433,3460,4925217,120563,19284578
1790130628209030366,19444174,14367529,3460,4925873,120563,19284578
1790130628323193427,19444904,14367600,3460,4926526,120564,19284578
1790130628443959106,19445680,14367704,3460,4927192,120564,19284578
1790130628560695142,19446424,14367878,3460,4927762,120565,19284578
1790130628678281927,19447173,14367985,3460,4928399,120565,19284578
1790130628796856887,19447934,14368149,3460,4928992,120565,19284578
1790130628914292141,19448677,14368297,3460,4929591,120566,19284578
1790130629031587101,19449425,14368400,3460,4930234,120567,19284578
1790130629145695779,19450158,14368448,3460,4930911,120567,19284578
1790130629262519188,19450900,14368554,3460,4931548,120568,19284578
1790130629380373842,19451661,14368697,3460,4932157,120568,19284578
1790130629497483519,19452410,14368822,3460,4932774,120568,19284578
1790130629609833533,19453126,14368930,3460,4933380,120569,19284578
1790130629727751118,19453883,14369093,3460,4933966,120570,19284578
1790130629846031784,19454642,14369232,3460,4934578,120570,19284578
1790130629961585784,19455378,14369276,3460,4935274,120570,19284578
1790130630081836369,19456151,14369381,3460,4935932,120570,19284578
1790130630197951685,19456894,14369486,3460,4936564,120570,19284578
1790130630319186054,19457666,14369649,3460,4937170,120571,19284578
1790130630444040733,19458469,14369825,3460,4937790,120572,19284578
1790130630562449566,19459217,14369958,3460,4938409,120574,19284578
1790130630680376898,19459966,14370086,3460,4939032,120574,19284578
1790130630794328120,19460696,14370130,3460,4939716,120574,19284578
1790130630910182852,19461443,14370213,3460,4940364,120574,19284578
1790130631027060023,19462193,14370333,3460,4940990,120575,19284578
1790130631145563440,19462941,14370490,3460,4941586,120576,19284578
1790130631263368445,19463698,14370651,3460,4942176,120576,19284578
1790130631381366780,19464456,14370779,3460,4942796,120577,19284578
1790130631499551617,19465209,14370889,3460,4943439,120578,19284578
1790130631617602545,19465959,14370965,3460,4944114,120578,19284578
1790130631731694342,19466702,14371037,3460,4944764,120579,19284578
1790130631849576007,19467454,14371157,3460,4945396,120579,19284578
1790130631967715919,19468215,14371277,3460,4946024,120581,19284578
1790130632085581017,19468965,14371373,3460,4946678,120582,19284578
1790130632203907756,19469719,14371543,3460,4947258,120583,19284578
1790130632321678452,19470473,14371641,3460,4947911,120583,19284578
1790130632439674200,19471231,14371758,3460,4948545,120583,19284578
1790130632553868631,19471953,14371847,3460,4949181,120584,19284578
1790130632671929353,19472701,14371925,3460,4949855,120584,19284578
1790130632783917621,19473414,14372092,3460,4950399,120584,19284578
1790130632903028465,19474172,14372198,3460,4951050,120585,19284578
1790130633021294697,19474927,14372347,3460,4951656,120586,19284578
1790130633138167471,19475679,14372471,3460,4952270,120586,19284578
1790130633256002000,19476433,14372545,3460,4952948,120586,19284578
1790130633369865852,19477154,14372609,3460,4953609,120587,19284578
1790130633487761876,19477907,14372716,3460,4954251,120588,19284578
1790130633605707858,19478664,14372849,3460,4954869,120588,19284578
1790130633720965305,19479398,14373019,3460,4955431,120588,19284578
1790130633839235913,19480154,14373110,3460,4956090,120588,19284578
1790130633955759754,19480913,14373277,3460,4956667,120589,19284578
1790130634074072300,19481666,14373440,3460,4957254,120589,19284578
1790130634188904247,19482396,14373466,3460,4957962,120589,19284578
1790130634306010015,19483152,14373592,3460,4958579,120590,19284578
1790130634420895874,19483891,14373713,3460,4959187,120591,19284578
1790130634538943693,19484648,14373829,3460,4959821,120591,19284578
1790130634656944977,19485407,14373954,3460,4960447,120591,19284578
1790130634775116401,19486149,14374117,3460,4961033,120592,19284578
1790130634893276993,19486906,14374255,3460,4961652,120592,19284578
1790130635007837209,19487642,14374282,3460,4962352,120592,19284578
1790130635122413427,19488380,14374393,3460,4962971,120593,19284578
1790130635240472258,19489135,14374538,3460,4963577,120593,19284578
1790130635358551933,19489888,14374703,3460,4964161,120594,19284578
1790130635476493799,19490647,14374805,3460,4964810,120594,19284578
1790130635596201265,19491407,14374966,3460,4965405,120595,19284578
1790130635714543330,19492159,14375065,3460,4966064,120595,19284578
1790130635832826754,19492920,14375148,3460,4966732,120595,19284578
1790130635948505365,19493651,14375238,3460,4967378,120596,19284578
1790130636067121750,19494412,14375382,3460,4967986,120597,19284578
1790130636185372668,19495169,14375495,3460,4968627,120597,19284578
1790130636302541428,19495909,14375574,3460,4969292,120598,19284578
1790130636421757127,19496682,14375720,3460,4969903,120599,19284578
1790130636539320525,19497428,14375811,3460,4970562,120599,19284578
1790130636657283740,19498185,14375887,3460,4971232,120599,19284578
1790130636771403292,19498921,14375963,3460,4971888,120599,19284578
1790130636889665839,19499678,14376084,3460,4972524,120599,19284578
1790130637005576383,19500417,14376111,3460,4973231,120599,19284578
1790130637120339239,19501153,14376183,3460,4973890,120600,19284578
1790130637238508223,19501906,14376316,3460,4974507,120600,19284578
1790130637353058724,19502647,14376347,3460,4975203,120600,19284578
1790130637469469515,19503385,14376482,3460,4975810,120601,19284578
1790130637587607490,19504140,14376556,3460,4976487,120601,19284578
1790130637701960115,19504871,14376614,3460,4977156,120602,19284578
1790130637820307228,19505624,14376711,3460,4977816,120602,19284578
1790130637938223365,19506378,14376839,3460,4978433,120602,19284578
1790130638052659299,19507107,14376929,3460,4979074,120603,19284578
1790130638170802795,19507863,14377044,3460,4979711,120603,19284578
1790130638284340627,19508586,14377094,3460,4980386,120603,19284578
1790130638398313342,19509311,14377173,3460,4981032,120604,19284578
1790130638516521260,19510070,14377330,3460,4981625,120604,19284578
1790130638630849296,19510805,14377351,3460,4982337,120604,19284578
1790130638750872782,19511569,14377474,3460,4982971,120604,19284578
1790130638868320488,19512317,14377555,3460,4983640,120604,19284578
1790130638982419703,19513044,14377610,3460,4984311,120604,19284578
1790130639100333581,19513799,14377713,3460,4984959,120605,19284578
1790130639218584817,19514556,14377788,3460,4985636,120605,19284578
1790130639333833620,19515293,14377866,3460,4986289,120605,19284578
1790130639451670803,19516044,14377982,3460,4986924,120606,19284578
1790130639564833021,19516776,14378043,3460,4987584,120606,19284578
1790130639679348595,19517504,14378176,3460,4988178,120609,19284578
1790130639797336662,19518237,14378431,3460,4988647,120621,19284578
1790130639913161593,19518967,14378686,3460,4989102,120636,19284578
1790130640028915315,19519688,14378938,3460,4989557,120649,19284578
1790130640143229681,19520405,14379197,3460,4989998,120664,19284578
1790130640259737916,19521128,14379455,3460,4990459,120674,19284578
1790130640377558495,19521872,14379678,3460,4990958,120692,19284578
1790130640495448857,19522610,14379933,3460,4991432,120702,19284578
1790130640612757050,19523341,14380195,3460,4991889,120714,19284578
1790130640729253273,19524073,14380462,3460,4992331,120736,19284578
1790130640846020113,19524809,14380743,3460,4992762,120754,19284578
1790130640964462741,19525559,14381058,3460,4993180,120764,19284578
1790130641079430226,19526267,14381352,3460,4993599,120773,19284578
1790130641197299065,19527004,14381614,3460,4994057,120791,19284578
1790130641312545482,19527723,14381902,3460,4994475,120805,19284578
1790130641428433550,19528438,14382154,3460,4994935,120818,19284578
1790130641543261829,19529168,14382419,3460,4995374,120834,19284578
1790130641659720060,19529905,14382688,3460,4995820,120846,19284578
1790130641774342766,19530643,14382923,3460,4996294,120857,19284578
1790130641891393956,19531377,14383180,3460,4996756,120872,19284578
1790130642007649800,19532089,14383435,3460,4997213,120887,19284578
1790130642121502474,19532796,14383700,3460,4997653,120897,19284578
1790130642237883590,19533510,14383951,3460,4998114,120908,19284578
1790130642354308271,19534260,14384212,3460,4998574,120919,19284578
1790130642477943208,19535050,14384460,3460,4999088,120930,19284578
1790130642594697345,19535778,14384713,3460,4999559,120940,19284578
1790130642710178998,19536511,14384970,3460,5000006,120955,19284578
1790130642825388450,19537240,14385238,3460,5000444,120970,19284578
1790130642940952750,19537960,14385499,3460,5000892,120982,19284578
1790130643055412056,19538693,14385751,3460,5001347,120996,19284578
1790130643171460489,19539436,14386012,3460,5001800,121008,19284578
1790130643285906941,19540146,14386291,3460,5002228,121019,19284578
1790130643402676127,19540884,14386568,3460,5002668,121031,19284578
1790130643518423905,19541603,14386825,3460,5003119,121048,19284578
1790130643633857189,19542331,14387104,3460,5003547,121063,19284578
1790130643750924894,19543078,14387369,3460,5004010,121074,19284578
1790130643867143886,19543816,14387634,3460,5004453,121090,19284578
1790130643983039229,19544558,14387882,3460,5004912,121108,19284578
1790130644098087415,19545273,14388134,3460,5005364,121122,19284578
1790130644212947329,19545980,14388390,3460,5005816,121134,19284578
1790130644328267138,19546686,14388648,3460,5006270,121146,19284578
1790130644443528551,19547411,14388895,3460,5006735,121157,19284578
1790130644561861022,19548159,14389173,3460,5007191,121167,19284578
1790130644679544746,19548893,14389474,3460,5007606,121183,19284578
1790130644796457399,19549627,14389729,3460,5008068,121198,19284578
1790130644913201566,19550363,14389987,3460,5008527,121210,19284578
1790130645029583977,19551103,14390255,3460,5008973,121227,19284578
1790130645142910848,19551826,14390498,3460,5009435,121236,19284578
1790130645259691216,19552557,14390760,3460,5009886,121253,19284578
1790130645375954640,19553282,14391011,3460,5010346,121266,19284578
1790130645490483350,19553986,14391271,3460,5010791,121278,19284578
1790130645604957984,19554711,14391545,3460,5011218,121292,19284578
1790130645716945010,19555433,14391820,3460,5011638,121305,19284578
1790130645839130216,19556204,14392093,3460,5012117,121316,19284578
1790130645952344453,19556917,14392355,3460,5012551,121327,19284578
1790130646068044775,19557662,14392640,3460,5012975,121343,19284578
1790130646183765504,19558372,14392894,3460,5013429,121357,19284578
1790130646299861013,19559102,14393155,3460,5013883,121367,19284578
1790130646416623866,19559846,14393388,3460,5014375,121378,19284578
1790130646533627321,19560560,14393627,3460,5014854,121391,19284578
1790130646649464392,19561293,14393872,3460,5015315,121409,19284578
1790130646763989176,19562033,14394146,3460,5015748,121419,19284578
1790130646878757654,19562757,14394404,3460,5016191,121434,19284578
1790130646995923288,19563511,14394668,3460,5016648,121447,19284578
1790130647111711777,19564230,14394917,3460,5017113,121461,19284578
1790130647228017388,19564958,14395168,3460,5017579,121474,19284578
1790130647344225708,19565688,14395430,3460,5018023,121491,19284578
1790130647458287679,19566384,14395696,3460,5018460,121502,19284578
1790130647573038131,19567111,14395945,3460,5018916,121518,19284578
1790130647689870209,19567856,14396197,3460,5019384,121529,19284578
1790130647803911153,19568564,14396426,3460,5019859,121541,19284578
1790130647920319442,19569278,14396681,3460,5020320,121552,19284578
1790130648036243721,19570000,14396936,3460,5020776,121566,19284578
1790130648151881758,19570736,14397203,3460,5021217,121581,19284578
1790130648267847530,19571467,14397462,3460,5021672,121593,19284578
1790130648383392418,19572195,14397765,3460,5022082,121606,19284578
1790130648501582365,19572948,14398008,3460,5022565,121619,19284578
1790130648617556663,19573676,14398261,3460,5023024,121635,19284578
1790130648733908066,19574401,14398523,3460,5023473,121651,19284578
1790130648849827557,19575136,14398790,3460,5023919,121663,19284578
1790130648964583337,19575842,14399055,3460,5024357,121678,19284578
1790130649080735280,19576580,14399285,3460,5024848,121689,19284578
1790130649196937766,19577290,14399536,3460,5025312,121701,19284578
1790130649311739321,19577996,14399783,3460,5025769,121714,19284578
1790130649426494955,19578708,14400028,3460,5026223,121728,19284578
1790130649542583089,19579443,14400279,3460,5026688,121740,19284578
1790130649657961097,19580149,14400529,3460,5027149,121753,19284578
1790130649771919991,19580887,14400776,3460,5027603,121767,19284578
1790130649886891298,19581606,14401022,3460,5028063,121780,19284578
1790130650003036184,19582336,14401274,3460,5028523,121791,19284578
1790130650117321442,19583045,14401550,3460,5028949,121806,19284578
1790130650231061483,19583737,14401822,3460,5029369,121823,19284578
1790130650343912696,19584434,14402088,3460,5029798,121836,19284578
1790130650461502218,19585166,14402323,3460,5030291,121845,19284578
1790130650579711455,19585915,14402577,3460,5030762,121863,19284578
1790130650695901927,19586647,14402865,3460,5031191,121873,19284578
1790130650810931487,19587354,14403121,3460,5031639,121885,19284578
1790130650926423723,19588079,14403375,3460,5032093,121899,19284578
1790130651042145481,19588816,14403632,3460,5032555,121910,19284578
1790130651159997489,19589570,14403886,3460,5033031,121918,19284578
1790130651277830621,19590301,14404153,3460,5033488,121928,19284578
1790130651394400131,19591037,14404421,3460,5033938,121941,19284578
1790130651510329060,19591754,14404686,3460,5034382,121956,19284578
1790130651624162610,19592458,14404933,3460,5034833,121967,19284578
1790130651739878874,19593165,14405191,3460,5035286,121980,19284578
1790130651856268296,19593902,14405447,3460,5035754,121991,19284578
1790130651972122738,19594629,14405710,3460,5036199,122003,19284578
1790130652086762013,19595358,14405957,3460,5036660,122015,19284578
1790130652203326632,19596098,14406217,3460,5037116,122031,19284578
1790130652318990505,19596813,14406465,3460,5037579,122042,19284578
1790130652434392974,19597519,14406692,3460,5038068,122049,19284578
1790130652551842398,19598238,14406951,3460,5038526,122063,19284578
1790130652666877104,19598974,14407214,3460,5038965,122083,19284578
1790130652782872537,19599695,14407480,3460,5039412,122096,19284578
1790130652897601568,19600395,14407744,3460,5039855,122106,19284578
1790130653014510871,19601106,14408001,3460,5040317,122119,19284578
1790130653128029437,19601832,14408243,3460,5040778,122128,19284578
1790130653243775730,19602555,14408490,3460,5041242,122143,19284578
1790130653361125784,19603287,14408746,3460,5041704,122156,19284578
1790130653476846617,19604015,14409018,3460,5042144,122169,19284578
1790130653592647944,19604751,14409298,3460,5042576,122182,19284578
1790130653709194773,19605481,14409557,3460,5043032,122195,19284578
1790130653824701737,19606202,14409780,3460,5043527,122207,19284578
1790130653941218719,19606922,14410030,3460,5043992,122218,19284578
1790130654056559636,19607642,14410282,3460,5044450,122229,19284578
1790130654172459132,19608349,14410531,3460,5044911,122241,19284578
1790130654289382723,19609090,14410793,3460,5045363,122260,19284578
1790130654406999482,19609836,14411068,3460,5045815,122273,19284578
1790130654522413844,19610564,14411308,3460,5046285,122285,19284578
1790130654638924890,19611301,14411560,3460,5046747,122299,19284578
1790130654755850729,19612030,14411809,3460,5047217,122310,19284578
1790130654870176979,19612737,14412064,3460,5047669,122320,19284578
1790130654986475318,19613480,14412332,3460,5048118,122329,19284578
1790130655103653418,19614211,14412577,3460,5048601,122339,19284578
1790130655221597811,19614942,14412857,3460,5049045,122351,19284578
1790130655337903513,19615678,14413123,3460,5049488,122371,19284578
1790130655453702249,19616398,14413389,3460,5049931,122385,19284578
1790130655567282949,19617094,14413666,3460,5050355,122398,19284578
1790130655681762638,19617812,14413919,3460,5050802,122411,19284578
1790130655794108686,19618538,14414177,3460,5051245,122419,19284578
1790130655910769060,19619248,14414423,3460,5051716,122431,19284578
1790130656028544192,19619992,14414712,3460,5052152,122442,19284578
1790130656144712043,19620702,14414966,3460,5052616,122454,19284578
1790130656259927875,19621429,14415214,3460,5053071,122470,19284578
1790130656375313596,19622139,14415450,3460,5053537,122489,19284578
1790130656488457099,19622857,14415724,3460,5053968,122495,19284578
1790130656606013929,19623607,14415983,3460,5054425,122511,19284578
1790130656721701803,19624356,14416235,3460,5054879,122527,19284578
1790130656838335862,19625091,14416491,3460,5055339,122542,19284578
1790130656954972307,19625806,14416755,3460,5055794,122555,19284578
1790130657070559476,19626519,14417009,3460,5056247,122569,19284578
1790130657187780912,19627270,14417239,3460,5056742,122581,19284578
1790130657302213363,19627987,14417507,3460,5057173,122597,19284578
1790130657419657019,19628718,14417757,3460,5057642,122612,19284578
1790130657533932953,19629441,14418014,3460,5058087,122624,19284578
1790130657650016288,19630170,14418282,3460,5058534,122635,19284578
1790130657765069468,19630870,14418537,3460,5058989,122646,19284578
1790130657879984566,19631594,14418782,3460,5059455,122656,19284578
1790130657995182029,19632308,14419037,3460,5059909,122669,19284578
1790130658111717988,19633031,14419300,3460,5060361,122680,19284578
1790130658226588244,19633753,14419576,3460,5060795,122690,19284578
1790130658342838914,19634483,14419825,3460,5061257,122705,19284578
1790130658455497936,19635206,14420087,3460,5061701,122714,19284578
1790130658575290049,19635966,14420333,3460,5062185,122727,19284578
1790130658691374399,19636685,14420601,3460,5062629,122742,19284578
1790130658808883020,19637414,14420934,3460,5063020,122756,19284578
1790130658924188777,19638135,14421210,3460,5063455,122768,19284578
1790130659038565126,19638850,14421490,3460,5063878,122777,19284578
1790130659154939850,19639573,14421710,3460,5064380,122789,19284578
1790130659271134284,19640303,14421965,3460,5064834,122805,19284578
1790130659386229757,19641024,14422221,3460,5065282,122819,19284578
1790130659501996537,19641759,14422491,3460,5065723,122831,19284578
1790130659618227932,19642473,14422744,3460,5066183,122844,19284578
1790130659733668608,19643196,14423006,3460,5066632,122858,19284578
1790130659848150763,19643898,14423246,3460,5067095,122871,19284578
1790130659962346139,19644619,14423492,3460,5067553,122884,19284578
1790130660079658210,19645340,14423754,3460,5068005,122902,19284578
1790130660196959658,19646058,14424024,3460,5068455,122917,19284578
1790130660311591706,19646775,14424279,3460,5068905,122930,19284578
1790130660426297524,19647496,14424546,3460,5069342,122940,19284578
1790130660542400486,19648224,14424781,3460,5069821,122955,19284578
1790130660660125635,19648969,14425084,3460,5070247,122965,19284578
1790130660776572964,19649704,14425356,3460,5070697,122974,19284578
1790130660891637053,19650402,14425615,3460,5071137,122991,19284578
1790130661008412946,19651133,14425875,3460,5071594,123004,19284578
1790130661124405378,19651854,14426162,3460,5072024,123017,19284578
1790130661240748756,19652571,14426404,3460,5072496,123030,19284578
1790130661357920643,19653302,14426690,3460,5072927,123048,19284578
1790130661474349372,19654017,14426948,3460,5073385,123059,19284578
1790130661589960999,19654739,14427216,3460,5073823,123074,19284578
1790130661703957883,19655439,14427458,3460,5074285,123083,19284578
1790130661819156019,19656169,14427745,3460,5074706,123097,19284578
1790130661933019958,19656920,14427967,3460,5075189,123108,19284578
1790130662049640216,19657647,14428218,3460,5075650,123124,19284578
1790130662166551455,19658363,14428477,3460,5076109,123137,19284578
1790130662281392068,19659074,14428736,3460,5076556,123150,19284578
1790130662397622708,19659817,14428983,3460,5077027,123161,19284578
1790130662513337999,19660542,14429200,3460,5077524,123172,19284578
1790130662632446503,19661280,14429459,3460,5077999,123184,19284578
1790130662749373101,19662001,14429698,3460,5078482,123194,19284578
1790130662864256735,19662733,14429969,3460,5078917,123208,19284578
1790130662980666967,19663466,14430224,3460,5079375,123221,19284578
1790130663096892679,19664190,14430491,3460,5079828,123234,19284578
1790130663212494961,19664915,14430726,3460,5080308,123243,19284578
1790130663329261110,19665623,14430997,3460,5080752,123256,19284578
1790130663445275851,19666337,14431256,3460,5081204,123273,19284578
1790130663561371126,19667085,14431505,3460,5081666,123287,19284578
1790130663676671024,19667823,14431748,3460,5082127,123306,19284578
1790130663793378335,19668560,14432002,3460,5082586,123321,19284578
1790130663909542875,19669294,14432259,3460,5083048,123335,19284578
1790130664025735487,19670048,14432531,3460,5083484,123350,19284578
1790130664141201413,19670770,14432784,3460,5083938,123365,19284578
1790130664257852396,19671496,14433052,3460,5084386,123379,19284578
1790130664372192129,19672200,14433310,3460,5084839,123387,19284578
1790130664487193127,19672916,14433557,3460,5085299,123400,19284578
1790130664602589163,19673653,14433800,3460,5085764,123418,19284578
1790130664720212712,19674390,14434106,3460,5086185,123426,19284578
1790130664836717608,19675117,14434393,3460,5086612,123440,19284578
1790130664953942809,19675846,14434646,3460,5087080,123453,19284578
1790130665070276574,19676577,14434908,3460,5087534,123466,19284578
1790130665185496590,19677294,14435183,3460,5087962,123484,19284578
1790130665301572356,19678028,14435447,3460,5088413,123498,19284578
1790130665417534181,19678737,14435696,3460,5088878,123511,19284578
1790130665532272727,19679477,14435940,3460,5089331,123529,19284578
1790130665649029181,19680227,14436216,3460,5089763,123551,19284578
1790130665764566909,19680951,14436471,3460,5090219,123561,19284578
1790130665881447604,19681727,14436707,3460,5090713,123568,19284578
1790130665996744250,19682449,14436971,3460,5091155,123582,19284578
1790130666112873277,19683204,14437243,3460,5091595,123599,19284578
1790130666227210497,19683932,14437495,3460,5092043,123615,19284578
1790130666343094250,19684648,14437757,3460,5092488,123629,19284578
1790130666459334004,19685372,14438010,3460,5092947,123645,19284578
1790130666573679159,19686085,14438271,3460,5093396,123655,19284578
1790130666691890827,19686830,14438551,3460,5093847,123665,19284578
1790130666806627101,19687535,14438829,3460,5094270,123678,19284578
1790130666921455603,19688258,14439095,3460,5094709,123691,19284578
1790130667040128427,19689017,14439387,3460,5095146,123704,19284578
1790130667155688491,19689740,14439647,3460,5095600,123713,19284578
1790130667269380959,19690449,14439883,3460,5096070,123722,19284578
1790130667384027448,19691160,14440148,3460,5096512,123736,19284578
1790130667499502063,19691884,14440399,3460,5096966,123751,19284578
1790130667614159002,19692611,14440649,3460,5097419,123764,19284578
1790130667731275939,19693336,14440901,3460,5097884,123780,19284578
1790130667847209418,19694060,14441189,3460,5098305,123796,19284578
1790130667964087666,19694791,14441451,3460,5098763,123809,19284578
1790130668080693566,19695517,14441721,3460,5099210,123822,19284578
1790130668197905028,19696243,14441984,3460,5099663,123839,19284578
1790130668313564677,19696958,14442239,3460,5100120,123851,19284578
1790130668428673430,19697693,14442505,3460,5100563,123861,19284578
1790130668544398090,19698408,14442790,3460,5100996,123872,19284578
1790130668659375158,19699126,14443044,3460,5101454,123882,19284578
1790130668774452206,19699839,14443289,3460,5101912,123897,19284578
1790130668890696278,19700578,14443552,3460,5102360,123913,19284578
1790130669008064965,19701310,14443820,3460,5102811,123927,19284578
1790130669123625890,19702020,14444081,3460,5103260,123940,19284578
1790130669236470831,19702736,14444365,3460,5103671,123952,19284578
1790130669350855253,19703423,14444599,3460,5104145,123966,19284578
1790130669468878862,19704166,14444865,3460,5104602,123981,19284578
1790130669586200469,19704911,14445153,3460,5105029,123995,19284578
1790130669702400799,19705645,14445404,3460,5105493,124008,19284578
1790130669819021062,19706382,14445680,3460,5105935,124021,19284578
1790130669935064370,19707089,14445965,3460,5106371,124030,19284578
1790130670054995562,19707852,14446197,3460,5106873,124044,19284578
1790130670173531724,19708614,14446457,3460,5107343,124057,19284578
1790130670288259254,19709321,14446718,3460,5107791,124067,19284578
1790130670403217139,19710046,14446972,3460,5108242,124080,19284578
1790130670517673231,19710771,14447234,3460,5108682,124092,19284578
1790130670632150079,19711493,14447481,3460,5109148,124100,19284578
1790130670747721787,19712212,14447735,3460,5109606,124110,19284578
1790130670865695106,19712955,14448048,3460,5110021,124120,19284578
1790130670981875695,19713709,14448300,3460,5110483,124133,19284578
1790130671098183117,19714426,14448552,3460,5110948,124146,19284578
1790130671214338595,19715166,14448810,3460,5111401,124157,19284578
1790130671330730165,19715879,14449069,3460,5111866,124167,19284578
1790130671447217283,19716612,14449314,3460,5112332,124182,19284578
1790130671564441636,19717363,14449559,3460,5112803,124199,19284578
1790130671681039883,19718090,14449816,3460,5113263,124211,19284578
1790130671798045975,19718833,14450069,3460,5113722,124227,19284578
1790130671912928750,19719555,14450334,3460,5114167,124239,19284578
1790130672029016627,19720299,14450567,3460,5114651,124250,19284578
1790130672147719935,19721058,14450905,3460,5115045,124262,19284578
1790130672265379010,19721782,14451163,3460,5115511,124274,19284578
1790130672380683408,19722500,14451449,3460,5115935,124285,19284578
1790130672497492559,19723233,14451706,3460,5116396,124297,19284578
1790130672613817605,19723965,14451975,3460,5116839,124313,19284578
