timestamp_ns,cpu_total_jiffies,cpu_idle_jiffies,pid,proc_utime_jiffies,proc_stime_jiffies,proc_rss_pages
1788986778362293024,26910502,26848389,3749,21656,6048,18627544
1788986778480053200,26911257,26848500,3749,22294,6048,18627544
1788986778597089887,26912004,26848597,3749,22942,6048,18627544
1788986778726003490,26912832,26848695,3749,23664,6048,18627544
1788986778850601612,26913625,26848814,3749,24339,6050,18627544
1788986778966015885,26914362,26848870,3749,25018,6050,18627544
1788986779093008015,26915163,26848952,3749,25740,6053,18627544
1788986779226086216,26916016,26849105,3749,26435,6053,18627544
1788986779361003792,26916878,26849136,3749,27262,6053,18627544
1788986779477296236,26917608,26849277,3749,27860,6056,18627544
1788986779596005978,26918370,26849366,3749,28525,6056,18627544
1788986779710456551,26919094,26849402,3749,29221,6056,18627544
1788986779823993303,26919824,26849554,3749,29789,6057,18627544
1788986779945032287,26920598,26849660,3749,30452,6057,18627544
1788986780073806200,26921416,26849718,3749,31215,6057,18627544
1788986780190534382,26922161,26849838,3749,31838,6060,18627544
1788986780308691609,26922912,26849922,3749,32506,6060,18627544
1788986780423411918,26923647,26849985,3749,33171,6060,18627544
1788986780541032049,26924408,26850128,3749,33772,6060,18627544
1788986780659546676,26925166,26850211,3749,34448,6060,18627544
1788986780774122889,26925899,26850257,3749,35129,6060,18627544
1788986780889835701,26926627,26850385,3749,35738,6060,18627544
1788986781008234051,26927382,26850460,3749,36415,6060,18627544
1788986781124024668,26928109,26850646,3749,36964,6062,18627544
1788986781242122049,26928863,26850761,3749,37583,6080,18627544
1788986781361083004,26929620,26850891,3749,38194,6095,18627544
1788986781478676353,26930370,26850977,3749,38813,6141,18627544
1788986781597160593,26931131,26851047,3749,39487,6148,18627544
1788986781712299158,26931869,26851111,3749,40132,6171,18627544
1788986781831769989,26932637,26851186,3749,40768,6224,18627544
1788986781949856011,26933398,26851288,3749,41374,6267,18627544
1788986782067005551,26934148,26851397,3749,41966,6312,18627544
1788986782185294638,26934906,26851545,3749,42517,6363,18627544
1788986782303549056,26935648,26851671,3749,43095,6415,18627544
1788986782421495274,26936399,26851761,3749,43712,6459,18627544
1788986782539579109,26937154,26851836,3749,44376,6472,18627544
1788986782654430336,26937881,26851892,3749,45035,6482,18627544
1788986782771910002,26938638,26852005,3749,45614,6541,18627544
1788986782890423726,26939399,26852078,3749,46237,6596,18627544
1788986783008205437,26940148,26852210,3749,46818,6633,18627544
1788986783126641032,26940905,26852339,3749,47399,6680,18627544
1788986783245595869,26941662,26852454,3749,48011,6711,18627544
1788986783364048712,26942422,26852563,3749,48600,6765,18627544
1788986783483039012,26943184,26852635,3749,49270,6780,18627544
1788986783597595496,26943919,26852689,3749,49941,6787,18627544
1788986783715689673,26944674,26852837,3749,50490,6840,18627544
1788986783834094251,26945434,26852915,3749,51119,6885,18627544
1788986783952922843,26946193,26853048,3749,51696,6930,18627544
1788986784070911025,26946943,26853118,3749,52331,6978,18627544
1788986784183564968,26947665,26853255,3749,52875,7015,18627544
1788986784301028240,26948416,26853357,3749,53475,7058,18627544
1788986784419189074,26949173,26853426,3749,54134,7082,18627544
1788986784533533832,26949900,26853453,3749,54833,7089,18627544
1788986784645308573,26950611,26853526,3749,55430,7128,18627544
1788986784764185182,26951372,26853637,3749,56023,7179,18627544
1788986784882589675,26952123,26853765,3749,56607,7222,18627544
1788986785000822970,26952881,26853836,3749,57241,7270,18627544
1788986785117758494,26953617,26853967,3749,57809,7316,18627544
1788986785234018744,26954358,26854056,3749,58415,7361,18627544
1788986785349282431,26955091,26854157,3749,59012,7394,18627544
1788986785463782211,26955824,26854183,3749,59717,7397,18627544
1788986785582973650,26956594,26854263,3749,60353,7437,18627544
1788986785697930082,26957322,26854416,3749,60883,7485,18627544
1788986785816435404,26958079,26854521,3749,61494,7520,18627544
1788986785929436267,26958804,26854653,3749,62049,7559,18627544
1788986786047618060,26959558,26854739,3749,62675,7597,18627544
1788986786159613871,26960270,26854876,3749,63206,7644,18627544
1788986786277722960,26961024,26854996,3749,63800,7681,18627544
1788986786392698425,26961760,26855022,3749,64508,7681,18627544
1788986786507523714,26962494,26855108,3749,65108,7723,18627544
1788986786625728961,26963249,26855228,3749,65703,7759,18627544
1788986786744579988,26964014,26855365,3749,66293,7788,18627544
1788986786862479803,26964769,26855477,3749,66879,7843,18627544
1788986786980772641,26965526,26855547,3749,67512,7892,18627544
1788986787098874399,26966293,26855696,3749,68076,7929,18627544
1788986787217384751,26967047,26855812,3749,68677,7963,18627544
1788986787332311706,26967784,26855834,3749,69389,7963,18627544
1788986787446709976,26968507,26855910,3749,70010,7996,18627544
1788986787565397191,26969268,26855981,3749,70649,8042,18627544
1788986787683676148,26970031,26856149,3749,71189,8086,18627544
1788986787799252834,26970766,26856278,3749,71752,8127,18627544
1788986787917828892,26971526,26856360,3749,72380,8173,18627544
1788986788036926620,26972291,26856504,3749,72948,8217,18627544
1788986788155175115,26973044,26856599,3749,73568,8256,18627544
1788986788268003963,26973764,26856656,3749,74228,8257,18627544
1788986788382663299,26974485,26856729,3749,74861,8282,18627544
1788986788500992863,26975248,26856800,3749,75487,8337,18627544
1788986788618964529,26975999,26856937,3749,76062,8375,18627544
1788986788730876178,26976716,26857028,3749,76643,8417,18627544
1788986788850605339,26977480,26857152,3749,77230,8470,18627544
1788986788969317398,26978245,26857349,3749,77748,8504,18627544
1788986789087426786,26979002,26857458,3749,78356,8540,18627544
1788986789205917683,26979767,26857547,3749,79020,8545,18627544
1788986789320541612,26980499,26857623,3749,79655,8565,18627544
1788986789437398368,26981241,26857694,3749,80264,8625,18627544
1788986789555669637,26981991,26857811,3749,80863,8665,18627544
1788986789673470036,26982749,26857899,3749,81470,8721,18627544
1788986789789873365,26983487,26858037,3749,82026,8766,18627544
1788986789908272852,26984237,26858168,3749,82612,8802,18627544
1788986790026503454,26984987,26858267,3749,83213,8858,18627544
1788986790144591579,26985742,26858335,3749,83890,8864,18627544
1788986790259208996,26986474,26858395,3749,84543,8877,18627544
1788986790377736093,26987231,26858496,3749,85149,8927,18627544
1788986790495983324,26987992,26858599,3749,85759,8967,18627544
1788986790612167139,26988734,26858710,3749,86349,9002,18627544
1788986790730713522,26989495,26858862,3749,86908,9048,18627544
1788986790849407120,26990254,26858978,3749,87508,9083,18627544
1788986790968874373,26991020,26859080,3749,88123,9130,18627544
1788986791087215909,26991775,26859152,3749,88787,9146,18627544
1788986791201738465,26992496,26859214,3749,89435,9167,18627544
1788986791320467892,26993251,26859297,3749,90061,9216,18627544
1788986791438535545,26994006,26859368,3749,90689,9269,18627544
1788986791553371093,26994741,26859513,3749,91224,9314,18627544
1788986791671927490,26995502,26859658,3749,91796,9354,18627544
1788986791790322144,26996254,26859789,3749,92394,9375,18627544
1788986791908554072,26997007,26859890,3749,93000,9425,18627544
1788986792026717093,26997764,26859982,3749,93647,9439,18627544
1788986792140825486,26998498,26860058,3749,94288,9447,18627544
1788986792257588947,26999235,26860178,3749,94873,9487,18627544
1788986792375807919,26999998,26860282,3749,95481,9527,18627544
1788986792494287285,27000753,26860456,3749,96021,9563,18627544
1788986792612365344,27001508,26860552,3749,96634,9609,18627544
1788986792729306326,27002249,26860691,3749,97188,9658,18627544
1788986792847223403,27003007,26860785,3749,97792,9709,18627544
1788986792965521370,27003760,26860855,3749,98460,9729,18627544
1788986793080560452,27004502,26860897,3749,99139,9742,18627544
1788986793196717666,27005238,26861024,3749,99705,9786,18627544
1788986793315119998,27005992,26861102,3749,100331,9833,18627544
1788986793433717405,27006737,26861229,3749,100915,9878,18627544
1788986793552454462,27007495,26861293,3749,101558,9924,18627544
1788986793667536302,27008234,26861429,3749,102107,9975,18627544
1788986793784418583,27008984,26861548,3749,102675,10027,18627544
1788986793902680144,27009743,26861628,3749,103328,10051,18627544
1788986794017556944,27010474,26861679,3749,104005,10056,18627544
1788986794131830194,27011204,26861759,3749,104596,10110,18627544
1788986794246295737,27011934,26861886,3749,105148,10157,18627544
1788986794364452188,27012682,26862010,3749,105739,10198,18627544
1788986794482451436,27013435,26862077,3749,106375,10247,18627544
1788986794600696620,27014192,26862206,3749,106953,10292,18627544
1788986794716990929,27014934,26862282,3749,107569,10339,18627544
1788986794834520366,27015683,26862395,3749,108171,10373,18627544
1788986794949143938,27016422,26862433,3749,108857,10378,18627544
1788986795067743928,27017174,26862526,3749,109477,10421,18627544
1788986795184688918,27017922,26862652,3749,110044,10473,18627544
1788986795303078316,27018682,26862777,3749,110630,10512,18627544
1788986795420758567,27019430,26862858,3749,111235,10577,18627544
1788986795538992624,27020191,26863006,3749,111803,10614,18627544
1788986795657359488,27020944,26863101,3749,112417,10653,18627544
1788986795775343309,27021697,26863231,3749,113007,10685,18627544
1788986795889908685,27022433,26863276,3749,113696,10685,18627544
1788986796006123184,27023164,26863372,3749,114299,10723,18627544
1788986796124539134,27023915,26863486,3749,114890,10775,18627544
1788986796242721084,27024672,26863606,3749,115492,10804,18627544
1788986796362386824,27025442,26863741,3749,116056,10863,18627544
1788986796480493369,27026200,26863812,3749,116696,10909,18627544
1788986796595806331,27026942,26863947,3749,117248,10954,18627544
1788986796714411538,27027698,26864059,3749,117848,10993,18627544
1788986796828806355,27028433,26864092,3749,118549,10993,18627544
1788986796944097582,27029162,26864179,3749,119156,11029,18627544
1788986797062431867,27029919,26864287,3749,119759,11073,18627544
1788986797178444879,27030669,26864405,3749,120340,11115,18627544
1788986797296002651,27031424,26864529,3749,120917,11158,18627544
1788986797414208150,27032174,26864599,3749,121552,11205,18627544
1788986797532861975,27032928,26864726,3749,122137,11249,18627544
1788986797651204948,27033681,26864850,3749,122731,11285,18627544
1788986797765413143,27034410,26864901,3749,123404,11285,18627544
1788986797880647053,27035137,26864983,3749,124036,11310,18627544
1788986797998981853,27035897,26865051,3749,124673,11357,18627544
1788986798119385000,27036667,26865198,3749,125241,11405,18627544
1788986798236598918,27037414,26865320,3749,125822,11453,18627544
1788986798354841171,27038175,26865391,3749,126454,11501,18627544
1788986798473184198,27038938,26865538,3749,127011,11547,18627544
1788986798591296424,27039687,26865615,3749,127646,11590,18627544
1788986798704002953,27040411,26865679,3749,128300,11590,18627544
1788986798825824720,27041184,26865768,3749,128952,11624,18627544
1788986798944326890,27041936,26865844,3749,129584,11667,18627544
1788986799064490604,27042707,26865987,3749,130161,11709,18627544
1788986799179657468,27043440,26866092,3749,130743,11761,18627544
1788986799298078341,27044201,26866163,3749,131365,11820,18627544
1788986799416737089,27044957,26866307,3749,131929,11867,18627544
1788986799535747199,27045717,26866389,3749,132570,11903,18627544
1788986799650243240,27046456,26866479,3749,133206,11903,18627544
1788986799765015793,27047178,26866565,3749,133827,11927,18627544
1788986799883838590,27047938,26866649,3749,134449,11979,18627544
1788986800000541076,27048680,26866723,3749,135119,11981,18627544
1788986800114554419,27049411,26866805,3749,135737,12004,18627544
1788986800232004617,27050167,26866891,3749,136339,12063,18627544
1788986800350701038,27050921,26866992,3749,136991,12069,18627544
1788986800464909332,27051662,26867079,3749,137609,12089,18627544
1788986800583078188,27052413,26867187,3749,138198,12143,18627544
1788986800701532101,27053166,26867287,3749,138844,12154,18627544
1788986800816356428,27053898,26867341,3749,139509,12164,18627544
1788986800933811398,27054648,26867437,3749,140115,12210,18627544
1788986801052384967,27055400,26867511,3749,140776,12227,18627544
1788986801166793917,27056130,26867555,3749,141453,12238,18627544
1788986801284257255,27056884,26867651,3749,142049,12291,18627544
1788986801402830117,27057643,26867735,3749,142708,12305,18627544
1788986801517263147,27058375,26867763,3749,143400,12314,18627544
1788986801633905255,27059117,26867865,3749,143995,12359,18627544
1788986801745718294,27059828,26867971,3749,144579,12383,18627544
1788986801860709070,27060566,26867995,3749,145286,12383,18627544
1788986801980342170,27061339,26868100,3749,145886,12434,18627544
1788986802098964278,27062101,26868226,3749,146487,12464,18627544
1788986802213731390,27062830,26868238,3749,147199,12465,18627544
1788986802337641688,27063624,26868343,3749,147835,12511,18627544
1788986802456173353,27064382,26868501,3749,148393,12546,18627544
1788986802571602411,27065118,26868534,3749,149100,12546,18627544
1788986802685461419,27065852,26868621,3749,149688,12596,18627544
1788986802803876226,27066612,26868747,3749,150277,12634,18627544
1788986802917303678,27067344,26868792,3749,150952,12634,18627544
1788986803031835079,27068083,26868887,3749,151485,12736,18627544
1788986803150424865,27068837,26869063,3749,151696,13102,18627928
1788986803268802747,27069596,26869212,3749,151848,13549,18627928
1788986803385016827,27070331,26869357,3749,151988,13999,18627928
1788986803502971609,27071078,26869507,3749,152102,14483,18627928
1788986803620149279,27071817,26869645,3749,152224,14971,18627928
1788986803738714065,27072561,26869800,3749,152423,15365,18627928
1788986803854603887,27073313,26870031,3749,152915,15371,18627928
1788986803971637289,27074052,26870240,3749,153428,15381,18627928
1788986804086556804,27074796,26870460,3749,153916,15396,18627928
1788986804204722630,27075568,26870682,3749,154431,15401,18627928
1788986804318409846,27076309,26870906,3749,154910,15410,18627928
1788986804432343395,27077011,26871185,3749,155335,15423,18627928
1788986804547410556,27077752,26871402,3749,155614,15650,18627928
1788986804665329854,27078500,26871611,3749,156091,15705,18627928
1788986804783306861,27079233,26871850,3749,156583,15719,18627928
1788986804901327611,27079919,26872082,3749,157073,15734,18627928
1788986805020072665,27080664,26872308,3749,157579,15746,18627928
1788986805135576574,27081403,26872557,3749,158045,15757,18627928
1788986805252495856,27082138,26872856,3749,158464,15771,18627928
1788986805369145342,27082890,26873086,3749,158787,15953,18627928
1788986805485860643,27083630,26873304,3749,159286,15969,18627928
1788986805601687524,27084400,26873517,3749,159791,15977,18627928
1788986805720095221,27085146,26873853,3749,160194,15987,18627928
1788986805836638724,27085889,26874101,3749,160663,15998,18627928
1788986805951792048,27086621,26874331,3749,161147,16009,18627928
1788986806068084450,27087353,26874584,3749,161608,16021,18627928
1788986806183976094,27088088,26874784,3749,161955,16204,18627928
1788986806300489672,27088818,26875029,3749,162432,16216,18627928
1788986806415784270,27089523,26875264,3749,162904,16228,18627928
1788986806530094560,27090235,26875492,3749,163383,16239,18627928
1788986806647768754,27091003,26875752,3749,163857,16247,18627928
1788986806763974116,27091726,26876020,3749,164302,16260,18627928
1788986806880843675,27092454,26876303,3749,164733,16278,18627928
1788986806995134537,27093194,26876524,3749,165052,16457,18627928
1788986807110629019,27093974,26876736,3749,165560,16467,18627928
1788986807225274321,27094674,26876973,3749,166027,16480,18627928
1788986807342800870,27095367,26877214,3749,166510,16497,18627928
1788986807458427291,27096095,26877468,3749,166968,16506,18627928
1788986807576045720,27096838,26877741,3749,167419,16518,18627928
1788986807691512683,27097557,26878001,3749,167872,16528,18627928
1788986807806835137,27098251,26878197,3749,168216,16715,18627928
1788986807921395646,27098938,26878409,3749,168708,16732,18627928
1788986808037019085,27099668,26878645,3749,169184,16746,18627928
1788986808155349314,27100442,26878869,3749,169690,16756,18627928
1788986808270659233,27101162,26879098,3749,170170,16770,18627928
1788986808386777490,27101898,26879355,3749,170627,16782,18627928
1788986808502808980,27102612,26879610,3749,171057,16826,18627928
1788986808619747632,27103376,26879799,3749,171458,16977,18627928
1788986808735898905,27104124,26880020,3749,171951,16985,18627928
1788986808848411327,27104893,26880253,3749,172417,16994,18627928
1788986808966630716,27105645,26880509,3749,172892,17005,18627928
1788986809080823265,27106363,26880751,3749,173360,17017,18627928
1788986809197497008,27107107,26881021,3749,173806,17026,18627928
1788986809312410118,27107820,26881240,3749,174177,17159,18627928
1788986809428874981,27108565,26881450,3749,174634,17221,18627928
1788986809547443703,27109314,26881668,3749,175149,17234,18627928
1788986809665474330,27110041,26881890,3749,175656,17245,18627928
1788986809781091813,27110784,26882136,3749,176124,17255,18627928
1788986809896628759,27111502,26882409,3749,176567,17264,18627928
1788986810013382508,27112229,26882670,3749,177024,17278,18627928
1788986810128437070,27112959,26882884,3749,177359,17452,18627928
1788986810245277844,27113704,26883113,3749,177854,17461,18627928
1788986810360122458,27114414,26883340,3749,178339,17474,18627928
1788986810474470455,27115172,26883557,3749,178831,17480,18627928
1788986810588286199,27115896,26883784,3749,179307,17492,18627928
1788986810705258899,27116638,26884089,3749,179723,17502,18627928
1788986810821296375,27117354,26884331,3749,180191,17519,18627928
1788986810935572797,27118096,26884523,3749,180544,17693,18627928
1788986811052120653,27118867,26884801,3749,180997,17697,18627928
1788986811166700437,27119572,26885045,3749,181453,17714,18627928
1788986811285019156,27120297,26885270,3749,181952,17728,18627928
1788986811398033605,27121005,26885533,3749,182390,17738,18627928
1788986811515054716,27121742,26885805,3749,182838,17751,18627928
1788986811632827836,27122474,26886074,3749,183292,17764,18627928
1788986811749910981,27123204,26886268,3749,183649,17950,18627928
1788986811867110623,27123905,26886484,3749,184151,17968,18627928
1788986811983703861,27124620,26886700,3749,184654,17979,18627928
1788986812098909829,27125346,26886939,3749,185118,17996,18627928
1788986812211596564,27126039,26887193,3749,185558,18010,18627928
1788986812328531859,27126780,26887462,3749,186010,18020,18627928
1788986812444633151,27127518,26887704,3749,186362,18157,18627928
1788986812560881644,27128286,26887914,3749,186823,18215,18627928
1788986812676170147,27129004,26888136,3749,187316,18229,18627928
1788986812791875286,27129762,26888389,3749,187778,18237,18627928
1788986812905227637,27130479,26888616,3749,188251,18251,18627928
1788986813021713166,27131207,26888875,3749,188702,18267,18627928
1788986813136401390,27131923,26889145,3749,189132,18286,18627928
1788986813252129480,27132664,26889351,3749,189474,18471,18627928
1788986813368661802,27133370,26889590,3749,189946,18490,18627928
1788986813486858598,27134085,26889812,3749,190450,18501,18627928
1788986813602067256,27134786,26890048,3749,190924,18516,18627928
1788986813717604697,27135515,26890292,3749,191390,18526,18627928
1788986813831202702,27136230,26890571,3749,191814,18536,18627928
1788986813948787444,27136945,26890843,3749,192266,18551,18627928
1788986814065472231,27137715,26891051,3749,192628,18720,18627928
1788986814181005638,27138485,26891281,3749,193106,18731,18627928
1788986814298162213,27139191,26891524,3749,193581,18746,18627928
1788986814416399387,27139944,26891815,3749,194022,18758,18627928
1788986814538975031,27140714,26892086,3749,194509,18769,18627928
1788986814656398817,27141446,26892356,3749,194955,18787,18627928
1788986814770763889,27142149,26892592,3749,195355,18867,18627928
1788986814887450059,27142895,26892803,3749,195771,18974,18627928
1788986815006151169,27143668,26893016,3749,196294,18987,18627928
1788986815121506728,27144400,26893272,3749,196747,18999,18627928
1788986815237696567,27145128,26893513,3749,197222,19012,18627928
1788986815353770802,27145871,26893769,3749,197680,19024,18627928
1788986815470716448,27146582,26894041,3749,198125,19039,18627928
1788986815587521915,27147342,26894259,3749,198467,19214,18627928
1788986815705896912,27148100,26894498,3749,198959,19227,18627928
1788986815823398624,27148852,26894729,3749,199455,19237,18627928
1788986815940867369,27149581,26895055,3749,199853,19253,18627928
1788986816057768729,27150312,26895331,3749,200299,19265,18627928
1788986816174621381,27151045,26895610,3749,200733,19282,18627928
1788986816290973243,27151776,26895886,3749,201174,19298,18627928
1788986816406273723,27152500,26896098,3749,201514,19466,18627928
1788986816522855157,27153220,26896323,3749,202004,19484,18627928
1788986816638663576,27153920,26896549,3749,202488,19500,18627928
1788986816753425318,27154634,26896783,3749,202959,19516,18627928
1788986816869136975,27155347,26897052,3749,203402,19528,18627928
1788986816985094826,27156058,26897301,3749,203866,19542,18627928
1788986817102904953,27156810,26897536,3749,204265,19646,18627928
1788986817220654644,27157584,26897746,3749,204715,19729,18627928
1788986817339470582,27158346,26897969,3749,205228,19741,18627928
1788986817455769758,27159067,26898220,3749,205686,19757,18627928
1788986817575367750,27159835,26898495,3749,206149,19772,18627928
1788986817689416563,27160552,26898776,3749,206572,19782,18627928
1788986817803557202,27161274,26899046,3749,207008,19792,18627928
1788986817917262203,27162005,26899253,3749,207344,19961,18627928
1788986818033517435,27162753,26899485,3749,207836,19969,18627928
1788986818150179966,27163475,26899745,3749,208292,19982,18627928
1788986818264794222,27164190,26899983,3749,208759,19998,18627928
1788986818381439556,27164928,26900263,3749,209203,20008,18627928
1788986818497525804,27165659,26900539,3749,209634,20027,18627928
1788986818612993985,27166405,26900828,3749,210023,20070,18627928
1788986818729129138,27167130,26901029,3749,210419,20209,18627928
1788986818843603404,27167806,26901230,3749,210916,20224,18627928
1788986818959184628,27168538,26901478,3749,211383,20234,18627928
1788986819077036275,27169262,26901748,3749,211839,20249,18627928
1788986819191560754,27169973,26902007,3749,212280,20264,18627928
1788986819308749696,27170693,26902285,3749,212724,20275,18627928
1788986819425514021,27171432,26902487,3749,213077,20455,18627928
1788986819540241055,27172129,26902718,3749,213556,20469,18627928
1788986819658040013,27172886,26902937,3749,214058,20481,18627928
1788986819771849826,27173586,26903194,3749,214505,20492,18627928
1788986819887772111,27174310,26903456,3749,214953,20508,18627928
1788986820004837882,27175036,26903723,3749,215405,20522,18627928
1788986820121255187,27175760,26903994,3749,215849,20535,18627928
1788986820236022581,27176529,26904192,3749,216194,20717,18627928
1788986820349615222,27177210,26904418,3749,216663,20732,18627928
1788986820464805820,27177942,26904651,3749,217141,20744,18627928
1788986820579597055,27178684,26904903,3749,217602,20752,18627928
1788986820695009405,27179415,26905163,3749,218050,20766,18627928
1788986820810515361,27180126,26905404,3749,218518,20780,18627928
1788986820924850599,27180876,26905619,3749,218866,20934,18627928
1788986821041008008,27181597,26905857,3749,219314,20977,18627928
1788986821159276846,27182328,26906100,3749,219805,20988,18627928
1788986821273422796,27183069,26906343,3749,220264,21000,18627928
1788986821391332687,27183814,26906618,3749,220714,21014,18627928
1788986821505657984,27184532,26906870,3749,221166,21026,18627928
1788986821621510525,27185269,26907131,3749,221618,21039,18627928
1788986821739060278,27186008,26907346,3749,221961,21220,18627928
1788986821855978202,27186749,26907573,3749,222454,21233,18627928
1788986821973397907,27187515,26907784,3749,222970,21245,18627928
1788986822088793675,27188250,26908041,3749,223423,21256,18627928
1788986822203070455,27188948,26908315,3749,223849,21274,18627928
1788986822319889370,27189680,26908570,3749,224310,21286,18627928
1788986822436171902,27190425,26908782,3749,224662,21450,18627928
1788986822551309376,27191136,26908996,3749,225134,21494,18627928
1788986822668121614,27191849,26909244,3749,225605,21507,18627928
1788986822783423509,27192555,26909472,3749,226081,21522,18627928
1788986822899804250,27193304,26909733,3749,226535,21538,18627928
1788986823016133622,27194036,26909981,3749,226997,21551,18627928
1788986823131783528,27194768,26910241,3749,227449,21565,18627928
1788986823248262679,27195514,26910435,3749,227820,21733,18627928
1788986823364075506,27196268,26910676,3749,228297,21742,18627928
1788986823480548528,27196981,26910921,3749,228768,21758,18627928
1788986823596186799,27197709,26911202,3749,229201,21769,18627928
1788986823712890274,27198443,26911494,3749,229622,21783,18627928
1788986823828269504,27199174,26911761,3749,230060,21800,18627928
1788986823944307082,27199910,26911971,3749,230409,21972,18627928
1788986824060786223,27200640,26912251,3749,230848,21983,18627928
1788986824175659346,27201370,26912491,3749,231315,21997,18627928
1788986824292813568,27202111,26912722,3749,231811,22008,18627928
1788986824409970627,27202853,26912985,3749,232266,22021,18627928
1788986824523888652,27203578,26913342,3749,232614,22032,18627928
1788986824640439370,27204318,26913595,3749,233078,22046,18627928
1788986824756504002,27205046,26913787,3749,233438,22226,18627928
1788986824872931111,27205821,26914025,3749,233919,22235,18627928
1788986824987732680,27206516,26914256,3749,234397,22246,18627928
1788986825103165070,27207246,26914505,3749,234853,22264,18627928
1788986825218591951,27207948,26914786,3749,235282,22278,18627928
1788986825335625398,27208665,26915053,3749,235734,22291,18627928
1788986825450158884,27209377,26915269,3749,236063,22463,18627928
1788986825566339306,27210086,26915498,3749,236549,22482,18627928
1788986825682643235,27210814,26915729,3749,237028,22501,18627928
1788986825800648673,27211569,26916001,3749,237486,22515,18627928
1788986825916819508,27212305,26916269,3749,237931,22526,18627928
1788986826030723444,27213020,26916553,3749,238349,22541,18627928
1788986826146317203,27213745,26916828,3749,238782,22554,18627928
1788986826263306640,27214458,26917021,3749,239148,22733,18627928
1788986826378492603,27215172,26917258,3749,239615,22747,18627928
1788986826491465871,27215872,26917510,3749,240060,22762,18627928
1788986826608338256,27216614,26917780,3749,240510,22775,18627928
1788986826724793047,27217360,26918020,3749,240988,22787,18627928
1788986826840027547,27218077,26918278,3749,241435,22801,18627928
1788986826955997673,27218817,26918475,3749,241788,22978,18627928
1788986827073983807,27219567,26918708,3749,242285,22988,18627928
1788986827188126656,27220296,26918960,3749,242741,22997,18627928
1788986827305254150,27221022,26919208,3749,243212,23012,18627928
1788986827422735715,27221776,26919458,3749,243681,23027,18627928
1788986827538774835,27222498,26919705,3749,244144,23045,18627928
1788986827653276967,27223232,26919952,3749,244507,23147,18627928
1788986827769906275,27223976,26920172,3749,244938,23236,18627928
1788986827885050600,27224673,26920412,3749,245399,23255,18627928
1788986827999129579,27225378,26920691,3749,245821,23268,18627928
1788986828115079875,27226117,26920944,3749,246279,23284,18627928
1788986828231853673,27226845,26921182,3749,246762,23296,18627928
1788986828347547339,27227577,26921443,3749,247208,23310,18627928
1788986828463576284,27228294,26921645,3749,247558,23491,18627928
1788986828580293991,27229027,26921899,3749,248021,23505,18627928
1788986828699469818,27229768,26922159,3749,248492,23521,18627928
1788986828815882148,27230508,26922437,3749,248926,23536,18627928
1788986828931251107,27231259,26922677,3749,249397,23547,18627928
1788986829047675684,27231988,26922928,3749,249862,23561,18627928
1788986829164123075,27232727,26923145,3749,250196,23743,18627928
1788986829280807984,27233431,26923393,3749,250664,23757,18627928
1788986829398819669,27234180,26923631,3749,251155,23768,18627928
1788986829514001548,27234890,26923898,3749,251593,23784,18627928
1788986829632014894,27235631,26924149,3749,252059,23804,18627928
1788986829748242337,27236371,26924398,3749,252524,23818,18627928
1788986829864717188,27237121,26924643,3749,252885,23942,18627928
1788986829980677474,27237831,26924878,3749,253343,23978,18627928
1788986830096128149,27238568,26925180,3749,253757,23987,18627928
1788986830210518326,27239271,26925435,3749,254200,24005,18627928
1788986830326814127,27240017,26925696,3749,254657,24015,18627928
1788986830442995104,27240738,26925943,3749,255129,24027,18627928
1788986830557903474,27241471,26926185,3749,255589,24039,18627928
1788986830674762864,27242194,26926405,3749,255962,24182,18627928
1788986830792148021,27242927,26926637,3749,256453,24195,18627928
1788986830909909285,27243651,26926903,3749,256909,24211,18627928
1788986831027230044,27244371,26927189,3749,257346,24224,18627928
1788986831142803394,27245105,26927428,3749,257809,24242,18627928
1788986831259620545,27245825,26927684,3749,258272,24255,18627928
1788986831374965289,27246533,26927891,3749,258612,24433,18627928
1788986831492106264,27247266,26928154,3749,259073,24445,18627928
1788986831608026609,27247993,26928439,3749,259502,24457,18627928
1788986831724798818,27248737,26928700,3749,259958,24471,18627928
1788986831840304612,27249453,26928950,3749,260423,24481,18627928
1788986831955017591,27250182,26929213,3749,260859,24496,18627928
1788986832069669946,27250910,26929417,3749,261194,24679,18627928
1788986832186535705,27251664,26929714,3749,261625,24687,18627928
1788986832303272360,27252382,26929964,3749,262092,24702,18627928
1788986832418747043,27253089,26930219,3749,262542,24716,18627928
1788986832534914287,27253834,26930469,3749,263007,24730,18627928
1788986832650346646,27254538,26930726,3749,263460,24743,18627928
1788986832766011743,27255253,26930960,3749,263873,24816,18627928
1788986832882466998,27255987,26931191,3749,264253,24938,18627928
1788986832998367986,27256700,26931457,3749,264703,24953,18627928
1788986833113602019,27257423,26931705,3749,265158,24967,18627928
1788986833230995225,27258169,26931951,3749,265634,24980,18627928
1788986833345207159,27258892,26932215,3749,266069,24995,18627928
1788986833461485025,27259597,26932478,3749,266522,25006,18627928
1788986833577515802,27260327,26932686,3749,266872,25180,18627928
1788986833695077261,27261081,26932933,3749,267350,25190,18627928
1788986833809608778,27261773,26933182,3749,267806,25202,18627928
1788986833925909740,27262495,26933455,3749,268248,25216,18627928
1788986834054808286,27263295,26933730,3749,268771,25230,18627928
1788986834170089388,27264002,26933999,3749,269207,25246,18627928
1788986834285356243,27264731,26934227,3749,269534,25414,18627928
1788986834402674308,27265460,26934465,3749,270019,25428,18627928
1788986834519058257,27266190,26934727,3749,270472,25440,18627928
1788986834634513809,27266919,26934977,3749,270934,25452,18627928
1788986834749848316,27267636,26935222,3749,271396,25468,18627928
1788986834866021724,27268373,26935501,3749,271831,25480,18627928
1788986834981591305,27269103,26935705,3749,272193,25642,18627928
1788986835097250176,27269833,26935946,3749,272670,25653,18627928
1788986835213761037,27270584,26936214,3749,273116,25669,18627928
1788986835330331582,27271326,26936454,3749,273590,25680,18627928
1788986835446074805,27272065,26936730,3749,274030,25690,18627928
1788986835562609536,27272792,26936974,3749,274497,25708,18627928
1788986835679008964,27273531,26937213,3749,274904,25790,18627928
1788986835796672213,27274269,26937454,3749,275298,25896,18627928
1788986835911240763,27274996,26937719,3749,275740,25907,18627928
1788986836026298167,27275720,26937995,3749,276171,25920,18627928
1788986836139593197,27276438,26938242,3749,276615,25939,18627928
1788986836258055512,27277170,26938493,3749,277092,25955,18627928
1788986836372416576,27277895,26938765,3749,277520,25967,18627928
1788986836486662201,27278600,26938965,3749,277879,26130,18627928
1788986836602573962,27279341,26939222,3749,278333,26144,18627928
1788986836718295932,27280042,26939485,3749,278787,26156,18627928
1788986836832660209,27280771,26939750,3749,279219,26171,18627928
1788986836948067634,27281508,26939994,3749,279681,26187,18627928
1788986837064448775,27282234,26940267,3749,280120,26202,18627928
1788986837178004272,27282951,26940497,3749,280431,26381,18627928
1788986837294591218,27283680,26940736,3749,280909,26391,18627928
1788986837409652791,27284403,26941005,3749,281344,26406,18627928
1788986837525057416,27285118,26941265,3749,281793,26420,18627928
1788986837639457345,27285819,26941531,3749,282231,26435,18627928
1788986837755178861,27286554,26941794,3749,282669,26453,18627928
1788986837871036286,27287291,26942046,3749,283066,26529,18627928
1788986837987339179,27288019,26942276,3749,283514,26584,18627928
1788986838104887508,27288756,26942527,3749,283983,26600,18627928
1788986838220990353,27289472,26942774,3749,284449,26618,18627928
1788986838337177118,27290193,26943033,3749,284903,26631,18627928
1788986838452280526,27290915,26943283,3749,285354,26646,18627928
1788986838566401802,27291647,26943520,3749,285800,26675,18627928
1788986838684035643,27292371,26943769,3749,286248,26721,18627928
1788986838797601723,27293096,26944048,3749,286672,26734,18627928
1788986838912099781,27293835,26944301,3749,287121,26744,18627928
1788986839029105832,27294570,26944554,3749,287592,26758,18627928
1788986839145022718,27295321,26944808,3749,288048,26769,18627928
1788986839258694878,27296051,26945050,3749,288505,26782,18627928
1788986839376908233,27296796,26945300,3749,288983,26795,18627928
1788986839491557496,27297510,26945570,3749,289418,26807,18627928
1788986839608691499,27298268,26945840,3749,289869,26822,18627928
1788986839725150371,27299016,26946083,3749,290335,26838,18627928
1788986839841712538,27299750,26946330,3749,290812,26847,18627928
1788986839956682708,27300483,26946578,3749,291269,26857,18627928
1788986840068564330,27301196,26947277,3749,291272,26860,18646360
1788986840182988395,27301926,26947875,3749,291391,26864,18664792
1788986840301367771,27302688,26947996,3749,292020,26864,18664792
1788986840419547092,27303439,26948073,3749,292700,26864,18664792
1788986840534915299,27304183,26948120,3749,293386,26864,18664792
1788986840651342334,27304919,26948235,3749,294008,26865,18664792
1788986840769447247,27305671,26948315,3749,294687,26865,18664792
1788986840885120637,27306419,26948377,3749,295357,26865,18664792
1788986841002325885,27307167,26948469,3749,296009,26865,18664792
1788986841120450785,27307922,26948555,3749,296679,26865,18664792
1788986841235067618,27308653,26948642,3749,297317,26867,18664792
1788986841353106580,27309406,26948731,3749,297981,26867,18664792
1788986841466071437,27310129,26948794,3749,298637,26867,18664792
1788986841580234620,27310855,26948875,3749,299281,26868,18664792
1788986841698268146,27311611,26949000,3749,299908,26868,18664792
1788986841814263688,27312353,26949029,3749,300619,26868,18664792
1788986841928705144,27313084,26949120,3749,301257,26868,18664792
1788986842047028207,27313839,26949276,3749,301850,26869,18664792
1788986842161864632,27314573,26949307,3749,302554,26869,18664792
1788986842279971886,27315327,26949409,3749,303201,26870,18664792
1788986842393977993,27316063,26949526,3749,303810,26870,18664792
1788986842508580380,27316788,26949551,3749,304518,26870,18664792
1788986842624879646,27317532,26949674,3749,305131,26870,18664792
1788986842743023411,27318285,26949774,3749,305783,26870,18664792
1788986842857897469,27319020,26949847,3749,306441,26871,18664792
1788986842975376270,27319775,26949946,3749,307086,26871,18664792
1788986843093391552,27320532,26950019,3749,307765,26871,18664792
1788986843208480237,27321259,26950086,3749,308434,26871,18664792
1788986843325487910,27322004,26950184,3749,309081,26872,18664792
1788986843443466018,27322755,26950273,3749,309736,26873,18664792
1788986843557977205,27323493,26950366,3749,310373,26873,18664792
1788986843676099462,27324244,26950473,3749,311019,26874,18664792
1788986843791360337,27324980,26950662,3749,311561,26874,18664792
1788986843908929916,27325736,26950820,3749,312153,26874,18664792
1788986844027109817,27326495,26950945,3749,312781,26874,18664792
1788986844140171297,27327217,26951087,3749,313356,26875,18664792
1788986844258270913,27327973,26951235,3749,313958,26875,18664792
1788986844372895949,27328706,26951260,3749,314667,26875,18664792
1788986844490565657,27329456,26951369,3749,315304,26876,18664792
1788986844606250089,27330198,26951462,3749,315945,26876,18664792
1788986844724420030,27330951,26951642,3749,316514,26877,18664792
1788986844842610020,27331710,26951799,3749,317113,26877,18664792
1788986844960747369,27332457,26951959,3749,317702,26879,18664792
1788986845079013168,27333211,26952053,3749,318359,26879,18664792
1788986845197392542,27333962,26952141,3749,319023,26879,18664792
1788986845311767661,27334691,26952225,3749,319670,26880,18664792
1788986845429887460,27335455,26952340,3749,320307,26880,18664792
1788986845543644415,27336183,26952575,3749,320796,26880,18664792
1788986845654594713,27336885,26952730,3749,321348,26880,18664792
1788986845773094238,27337649,26952816,3749,322013,26880,18664792
1788986845889666335,27338392,26952957,3749,322616,26880,18664792
1788986846017017587,27339212,26953112,3749,323270,26880,18664792
1788986846137548366,27339984,26953152,3749,324001,26880,18664792
1788986846254186898,27340734,26953285,3749,324608,26880,18664792
1788986846368587991,27341461,26953404,3749,325219,26880,18664792
1788986846486670530,27342207,26953562,3749,325810,26881,18664792
1788986846604750081,27342961,26953717,3749,326405,26881,18664792
1788986846722832295,27343710,26953871,3749,327000,26883,18664792
1788986846840558431,27344460,26953967,3749,327654,26884,18664792
1788986846958928339,27345222,26954055,3749,328318,26884,18664792
1788986847073247065,27345944,26954141,3749,328956,26885,18664792
1788986847191259943,27346696,26954230,3749,329621,26885,18664792
1788986847309026740,27347450,26954384,3749,330215,26885,18664792
1788986847427459069,27348203,26954483,3749,330871,26885,18664792
1788986847545636969,27348961,26954609,3749,331496,26886,18664792
1788986847661849474,27349712,26954735,3749,332108,26886,18664792
1788986847779913849,27350467,26954816,3749,332779,26886,18664792
1788986847894471754,27351194,26954861,3749,333460,26886,18664792
1788986848011884530,27351950,26954971,3749,334100,26886,18664792
1788986848129803316,27352699,26955092,3749,334730,26886,18664792
1788986848246659330,27353446,26955196,3749,335370,26886,18664792
1788986848362657314,27354180,26955322,3749,335982,26887,18664792
1788986848480631612,27354938,26955492,3749,336562,26887,18664792
1788986848598493898,27355697,26955626,3749,337175,26887,18664792
1788986848714499882,27356440,26955648,3749,337895,26887,18664792
1788986848829013771,27357182,26955743,3749,338525,26887,18664792
1788986848947038951,27357935,26955873,3749,339146,26887,18664792
1788986849064979990,27358685,26956002,3749,339766,26888,18664792
1788986849183187338,27359444,26956084,3749,340436,26888,18664792
1788986849300101036,27360187,26956247,3749,341017,26889,18664792
1788986849417884460,27360940,26956346,3749,341668,26889,18664792
1788986849536492998,27361693,26956434,3749,342336,26890,18664792
1788986849650661103,27362413,26956514,3749,342980,26891,18664792
1788986849768417332,27363170,26956601,3749,343640,26891,18664792
1788986849886430209,27363923,26956754,3749,344237,26891,18664792
1788986850005319747,27364675,26956857,3749,344890,26891,18664792
1788986850123340887,27365430,26956979,3749,345522,26892,18664792
1788986850238386415,27366169,26957109,3749,346121,26892,18664792
1788986850353786277,27366906,26957251,3749,346717,26892,18664792
1788986850468807434,27367639,26957301,3749,347400,26892,18664792
1788986850586861517,27368396,26957413,3749,348037,26892,18664792
1788986850705186119,27369153,26957497,3749,348705,26892,18664792
1788986850822285772,27369902,26957661,3749,349284,26893,18664792
1788986850945857460,27370699,26957808,3749,349925,26893,18664792
1788986851096412018,27371654,26957950,3749,350737,26895,18664792
1788986851214405816,27372403,26958080,3749,351358,26895,18664792
1788986851333019205,27373165,26958104,3749,352091,26895,18664792
1788986851451256993,27373914,26958193,3749,352749,26896,18664792
1788986851565025867,27374644,26958323,3749,353345,26896,18664792
1788986851683147310,27375398,26958485,3749,353932,26897,18664792
1788986851801172235,27376156,26958611,3749,354557,26897,18664792
1788986851919438500,27376913,26958759,3749,355159,26897,18664792
1788986852038228977,27377676,26958848,3749,355828,26897,18664792
1788986852156249801,27378431,26958942,3749,356486,26897,18664792
1788986852270825105,27379162,26959025,3749,357131,26899,18664792
1788986852388888659,27379919,26959103,3749,357804,26899,18664792
1788986852503899259,27380653,26959250,3749,358388,26900,18664792
1788986852621576625,27381396,26959346,3749,359042,26900,18664792
1788986852739886442,27382151,26959483,3749,359657,26901,18664792
1788986852856906121,27382898,26959639,3749,360244,26901,18664792
1788986852975254632,27383657,26959762,3749,360872,26901,18664792
1788986853089948891,27384386,26959834,3749,361533,26902,18664792
1788986853204899129,27385112,26959955,3749,362142,26903,18664792
1788986853322927088,27385866,26960033,3749,362817,26903,18664792
1788986853435563172,27386591,26960202,3749,363365,26903,18664792
1788986853553745820,27387343,26960340,3749,363978,26903,18664792
1788986853671765491,27388090,26960523,3749,364543,26905,18664792
1788986853789759652,27388842,26960605,3749,365213,26905,18664792
1788986853906876776,27389593,26960687,3749,365876,26906,18664792
1788986854022051222,27390336,26960772,3749,366521,26906,18664792
1788986854140077193,27391090,26960917,3749,367128,26906,18664792
1788986854257972970,27391850,26961039,3749,367756,26907,18664792
1788986854376168740,27392607,26961132,3749,368414,26907,18664792
1788986854494451599,27393352,26961289,3749,369008,26907,18664792
1788986854610724339,27394098,26961410,3749,369630,26907,18664792
1788986854729225654,27394856,26961492,3749,370300,26907,18664792
1788986854844077001,27395583,26961549,3749,370973,26909,18664792
1788986854962067646,27396338,26961652,3749,371621,26909,18664792
1788986855080048036,27397094,26961782,3749,372241,26910,18664792
1788986855195736176,27397826,26961900,3749,372859,26911,18664792
1788986855313859457,27398588,26961973,3749,373537,26912,18664792
1788986855431779973,27399335,26962147,3749,374112,26913,18664792
1788986855549858691,27400096,26962302,3749,374708,26913,18664792
1788986855665052711,27400831,26962362,3749,375382,26913,18664792
1788986855782833017,27401585,26962474,3749,376019,26913,18664792
1788986855899268981,27402328,26962665,3749,376566,26914,18664792
1788986856017273226,27403078,26962849,3749,377132,26914,18664792
1788986856135301587,27403829,26963006,3749,377726,26914,18664792
1788986856252924769,27404578,26963214,3749,378268,26915,18664792
1788986856371508946,27405325,26963342,3749,378895,26916,18664792
1788986856489627058,27406077,26963424,3749,379565,26916,18664792
1788986856604760088,27406809,26963489,3749,380229,26918,18664792
1788986856723032708,27407564,26963632,3749,380838,26918,18664792
1788986856841072972,27408325,26963798,3749,381423,26918,18664792
1788986856956812446,27409053,26963923,3749,382035,26919,18664792
1788986857075082653,27409811,26963997,3749,382712,26919,18664792
1788986857193012399,27410568,26964170,3749,383289,26919,18664792
1788986857311036431,27411325,26964304,3749,383905,26919,18664792
1788986857426359487,27412061,26964327,3749,384616,26919,18664792
1788986857542537742,27412804,26964404,3749,385281,26921,18664792
1788986857660519875,27413559,26964514,3749,385922,26921,18664792
1788986857778852476,27414327,26964688,3749,386497,26922,18664792
1788986857897169647,27415081,26964831,3749,387107,26922,18664792
1788986858016216128,27415839,26964995,3749,387698,26923,18664792
1788986858133563358,27416588,26965108,3749,388334,26923,18664792
1788986858251636026,27417344,26965194,3749,389001,26923,18664792
1788986858367117956,27418087,26965272,3749,389656,26923,18664792
1788986858485301586,27418848,26965376,3749,390301,26923,18664792
1788986858603064911,27419601,26965543,3749,390884,26923,18664792
1788986858718796880,27420338,26965679,3749,391484,26924,18664792
1788986858837130474,27421101,26965758,3749,392159,26925,18664792
1788986858951533672,27421821,26965885,3749,392760,26926,18664792
1788986859068759118,27422571,26966012,3749,393378,26926,18664792
1788986859183491962,27423302,26966039,3749,394083,26926,18664792
1788986859299958175,27424056,26966161,3749,394700,26926,18664792
1788986859418188531,27424808,26966242,3749,395369,26927,18664792
1788986859534960904,27425556,26966379,3749,395976,26927,18664792
1788986859653003751,27426312,26966506,3749,396599,26927,18664792
1788986859770892997,27427056,26966675,3749,397178,26928,18664792
1788986859889002178,27427809,26966759,3749,397846,26929,18664792
1788986860005499805,27428552,26966862,3749,398489,26929,18664792
1788986860120230929,27429290,26966960,3749,399116,26930,18664792
1788986860238845809,27430047,26967086,3749,399747,26930,18664792
1788986860358441293,27430822,26967240,3749,400349,26930,18664792
1788986860476654841,27431581,26967339,3749,401006,26932,18664792
1788986860594694598,27432335,26967509,3749,401586,26932,18664792
1788986860712126658,27433089,26967627,3749,402212,26933,18664792
1788986860829203234,27433842,26967747,3749,402836,26933,18664792
1788986860943680544,27434569,26967806,3749,403508,26933,18664792
1788986861060552873,27435309,26967964,3749,404093,26934,18664792
1788986861178878455,27436071,26968049,3749,404760,26934,18664792
1788986861293367696,27436796,26968116,3749,405422,26935,18664792
1788986861411298662,27437545,26968216,3749,406068,26936,18664792
1788986861529601224,27438298,26968284,3749,406758,26936,18664792
1788986861644796040,27439038,26968363,3749,407410,26936,18664792
1788986861763216956,27439793,26968442,3749,408083,26936,18664792
1788986861881869723,27440557,26968521,3749,408761,26936,18664792
1788986861996558025,27441283,26968609,3749,409403,26937,18664792
1788986862114678120,27442040,26968757,3749,410007,26937,18664792
1788986862229838108,27442783,26968813,3749,410685,26937,18664792
1788986862344787265,27443504,26968915,3749,411313,26938,18664792
1788986862462858942,27444268,26969069,3749,411909,26938,18664792
1788986862577236491,27444996,26969098,3749,412607,26938,18664792
1788986862694548823,27445739,26969203,3749,413250,26938,18664792
1788986862809410203,27446478,26969399,3749,413781,26938,18664792
1788986862925040151,27447221,26969423,3749,414498,26938,18664792
1788986863043471624,27447974,26969542,3749,415131,26939,18664792
1788986863158367367,27448708,26969663,3749,415739,26939,18664792
1788986863272860772,27449446,26969690,3749,416443,26939,18664792
1788986863388528649,27450178,26969822,3749,417047,26940,18664792
1788986863506430738,27450930,26969911,3749,417704,26940,18664792
1788986863621006543,27451663,26969970,3749,418375,26941,18664792
1788986863738493018,27452415,26970137,3749,418959,26942,18664792
1788986863856551821,27453165,26970241,3749,419606,26942,18664792
1788986863970571216,27453891,26970324,3749,420248,26943,18664792
1788986864089763713,27454653,26970562,3749,420748,26953,18664792
1788986864205818560,27455393,26970812,3749,421208,26968,18664792
1788986864323152467,27456126,26971063,3749,421674,26982,18664792
1788986864439806465,27456856,26971328,3749,422133,26995,18664792
1788986864556535339,27457574,26971648,3749,422527,27009,18664792
1788986864672737232,27458309,26971934,3749,422953,27022,18664792
1788986864791406876,27459032,26972178,3749,423442,27032,18664792
1788986864906768242,27459780,26972483,3749,423847,27045,18664792
1788986865023397248,27460509,26972740,3749,424298,27067,18664792
1788986865140520365,27461244,26972997,3749,424765,27077,18664792
1788986865255958576,27461963,26973257,3749,425211,27092,18664792
1788986865371006804,27462684,26973530,3749,425642,27109,18664792
1788986865491028418,27463431,26973768,3749,426146,27121,18664792
1788986865604194930,27464150,26974030,3749,426579,27132,18664792
1788986865718315120,27464866,26974264,3749,427044,27147,18664792
1788986865831846758,27465587,26974516,3749,427490,27160,18664792
1788986865946546464,27466298,26974790,3749,427918,27178,18664792
1788986866076441754,27467121,26975055,3749,428451,27196,18664792
1788986866192846052,27467854,26975320,3749,428896,27213,18664792
1788986866309324814,27468599,26975573,3749,429356,27229,18664792
1788986866423584602,27469302,26975827,3749,429806,27240,18664792
1788986866537360716,27470021,26976080,3749,430251,27254,18664792
1788986866651874267,27470734,26976330,3749,430707,27266,18664792
1788986866765971621,27471466,26976567,3749,431180,27276,18664792
1788986866880445094,27472186,26976825,3749,431624,27288,18664792
1788986866996067900,27472916,26977089,3749,432067,27303,18664792
1788986867110876716,27473659,26977359,3749,432506,27314,18664792
1788986867227008670,27474393,26977609,3749,432979,27324,18664792
1788986867344152792,27475107,26977882,3749,433428,27336,18664792
1788986867461413270,27475832,26978110,3749,433925,27345,18664792
1788986867576741038,27476543,26978359,3749,434382,27358,18664792
1788986867693082486,27477270,26978621,3749,434838,27368,18664792
1788986867810627534,27478020,26978889,3749,435296,27379,18664792
1788986867926644791,27478733,26979144,3749,435756,27390,18664792
1788986868044291305,27479476,26979420,3749,436209,27401,18664792
1788986868160733798,27480226,26979685,3749,436664,27409,18664792
1788986868276485909,27480953,26979944,3749,437120,27421,18664792
1788986868391164373,27481673,26980207,3749,437556,27436,18664792
1788986868507343513,27482412,26980469,3749,438010,27450,18664792
1788986868624723650,27483158,26980734,3749,438463,27466,18664792
1788986868740578531,27483879,26980988,3749,438924,27477,18664792
1788986868855171229,27484596,26981218,3749,439402,27485,18664792
1788986868971651709,27485340,26981478,3749,439858,27500,18664792
1788986869088549821,27486077,26981725,3749,440328,27514,18664792
1788986869203824042,27486783,26981969,3749,440791,27527,18664792
1788986869318996722,27487505,26982219,3749,441249,27538,18664792
1788986869435069788,27488227,26982461,3749,441715,27560,18664792
1788986869551203026,27488966,26982694,3749,442201,27569,18664792
1788986869668125005,27489719,26982944,3749,442659,27591,18664792
1788986869784619029,27490454,26983228,3749,443092,27604,18664792
1788986869902049348,27491204,26983480,3749,443557,27623,18664792
1788986870015419981,27491913,26983736,3749,443995,27638,18664792
1788986870130454817,27492641,26983987,3749,444451,27653,18664792
1788986870245768842,27493373,26984233,3749,444914,27665,18664792
1788986870362320016,27494115,26984489,3749,445374,27679,18664792
1788986870478501449,27494851,26984762,3749,445813,27695,18664792
1788986870593576843,27495573,26985012,3749,446270,27707,18664792
1788986870711037167,27496297,26985277,3749,446725,27722,18664792
1788986870829038952,27497052,26985584,3749,447154,27731,18664792
1788986870944689084,27497762,26985833,3749,447608,27748,18664792
1788986871060454330,27498508,26986076,3749,448073,27765,18664792
1788986871177560848,27499215,26986327,3749,448541,27779,18664792
1788986871295054053,27499953,26986611,3749,448976,27792,18664792
1788986871413215165,27500686,26986856,3749,449457,27807,18664792
1788986871527655327,27501399,26987091,3749,449934,27819,18664792
1788986871644060007,27502127,26987349,3749,450384,27833,18664792
1788986871760918117,27502869,26987625,3749,450826,27849,18664792
1788986871877125008,27503588,26987884,3749,451278,27864,18664792
1788986871992728837,27504331,26988144,3749,451727,27879,18664792
1788986872108508711,27505057,26988402,3749,452185,27889,18664792
1788986872226445439,27505784,26988655,3749,452659,27900,18664792
1788986872340733180,27506508,26988927,3749,453091,27914,18664792
1788986872455741469,27507225,26989177,3749,453550,27923,18664792
1788986872570983737,27507952,26989417,3749,454015,27939,18664792
1788986872687085402,27508690,26989672,3749,454474,27955,18664792
1788986872803174750,27509401,26989921,3749,454935,27970,18664792
1788986872919660344,27510147,26990166,3749,455409,27981,18664792
1788986873033693788,27510861,26990439,3749,455827,28002,18664792
1788986873149918269,27511601,26990705,3749,456273,28017,18664792
1788986873266761973,27512381,26990966,3749,456740,28028,18664792
1788986873384592704,27513094,26991228,3749,457197,28042,18664792
1788986873503233905,27513819,26991537,3749,457619,28057,18664792
1788986873621428360,27514562,26991766,3749,458042,28144,18664792
1788986873737831872,27515296,26992038,3749,458483,28160,18664792
1788986873855182166,27516050,26992287,3749,458956,28176,18664792
1788986873970553460,27516771,26992520,3749,459431,28187,18664792
1788986874085242607,27517489,26992772,3749,459874,28208,18664792
1788986874202252483,27518216,26993021,3749,460344,28221,18664792
1788986874321108611,27518961,26993249,3749,460847,28234,18664792
1788986874436797315,27519691,26993517,3749,461290,28247,18664792
1788986874552653533,27520409,26993789,3749,461730,28260,18664792
1788986874668113407,27521137,26994037,3749,462187,28276,18664792
1788986874782814312,27521833,26994280,3749,462648,28290,18664792
1788986874900171706,27522569,26994513,3749,463139,28304,18664792
1788986875016876494,27523308,26994758,3749,463535,28395,18664792
1788986875134122430,27524043,26995011,3749,464003,28408,18664792
1788986875250314732,27524758,26995277,3749,464453,28422,18664792
1788986875367469526,27525490,26995549,3749,464896,28438,18664792
1788986875483042722,27526233,26995792,3749,465359,28456,18664792
1788986875598117292,27526953,26996049,3749,465809,28470,18664792
1788986875710805616,27527661,26996301,3749,466253,28481,18664792
1788986875827292089,27528402,26996543,3749,466728,28496,18664792
1788986875944064618,27529124,26996803,3749,467178,28512,18664792
1788986876062601804,27529851,26997075,3749,467634,28526,18664792
1788986876178137335,27530576,26997327,3749,468095,28540,18664792
1788986876293477438,27531295,26997560,3749,468573,28550,18664792
1788986876410077107,27532027,26997820,3749,469027,28565,18664792
1788986876526320650,27532759,26998072,3749,469490,28578,18664792
1788986876644568296,27533492,26998328,3749,469960,28591,18664792
1788986876760473564,27534214,26998583,3749,470414,28608,18664792
1788986876874450581,27534936,26998846,3749,470849,28623,18664792
1788986876991751472,27535671,26999096,3749,471323,28634,18664792
1788986877108727561,27536422,26999346,3749,471786,28651,18664792
1788986877224313127,27537149,26999611,3749,472234,28666,18664792
1788986877338668187,27537873,26999876,3749,472666,28681,18664792
1788986877453992456,27538578,27000122,3749,473132,28693,18664792
1788986877571178576,27539299,27000373,3749,473601,28708,18664792
1788986877686433275,27540013,27000614,3749,473990,28799,18664792
1788986877800926976,27540755,27000869,3749,474436,28818,18664792
1788986877916164402,27541473,27001132,3749,474876,28834,18664792
1788986878031922571,27542206,27001381,3749,475339,28850,18664792
1788986878148318075,27542938,27001648,3749,475788,28864,18664792
1788986878264336307,27543673,27001915,3749,476232,28876,18664792
1788986878382126776,27544412,27002188,3749,476688,28886,18664792
1788986878497077021,27545131,27002438,3749,477149,28899,18664792
1788986878613639892,27545857,27002686,3749,477613,28910,18664792
1788986878730389751,27546583,27002937,3749,478080,28924,18664792
1788986878846623148,27547321,27003222,3749,478506,28940,18664792
1788986878964166063,27548070,27003469,3749,478978,28956,18664792
1788986879079093860,27548796,27003737,3749,479424,28965,18664792
1788986879196889441,27549541,27003998,3749,479881,28983,18664792
1788986879313570766,27550262,27004250,3749,480347,28994,18664792
1788986879430586660,27551001,27004511,3749,480797,29014,18664792
1788986879546823812,27551732,27004758,3749,481269,29024,18664792
1788986879660081607,27552433,27005049,3749,481676,29035,18664792
1788986879777579116,27553162,27005277,3749,482103,29122,18664792
1788986879894005363,27553910,27005545,3749,482541,29142,18664792
1788986880009125438,27554623,27005792,3749,483008,29153,18664792
1788986880124598127,27555341,27006049,3749,483450,29172,18664792
1788986880242281834,27556063,27006314,3749,483909,29184,18664792
1788986880357134580,27556774,27006584,3749,484347,29199,18664792
1788986880471162744,27557486,27006844,3749,484788,29211,18664792
1788986880588511456,27558220,27007104,3749,485249,29225,18664792
1788986880704998004,27558949,27007351,3749,485716,29237,18664792
1788986880820764524,27559679,27007620,3749,486157,29254,18664792
1788986880938081575,27560421,27007875,3749,486619,29267,18664792
1788986881052476070,27561143,27008119,3749,487078,29282,18664792
1788986881167691680,27561885,27008368,3749,487543,29294,18664792
1788986881282590388,27562589,27008636,3749,487982,29306,18664792
1788986881397736259,27563291,27008898,3749,488423,29321,18664792
1788986881513039291,27564010,27009185,3749,488848,29335,18664792
1788986881628927341,27564728,27009432,3749,489306,29351,18664792
1788986881744999513,27565455,27009712,3749,489737,29367,18664792
1788986881863085334,27566188,27009949,3749,490227,29379,18664792
1788986881979481695,27566905,27010228,3749,490667,29392,18664792
1788986882094610436,27567647,27010496,3749,491106,29405,18664792
1788986882210051651,27568382,27010749,3749,491559,29419,18664792
1788986882329923572,27569144,27011013,3749,492032,29433,18664792
1788986882447456746,27569871,27011290,3749,492477,29447,18664792
1788986882566006080,27570629,27011514,3749,492898,29547,18664792
1788986882684454652,27571363,27011774,3749,493360,29564,18664792
1788986882800370330,27572094,27012036,3749,493810,29580,18664792
1788986882917568676,27572842,27012275,3749,494291,29592,18664792
1788986883032603242,27573565,27012534,3749,494731,29612,18664792
1788986883150389963,27574302,27012797,3749,495197,29621,18664792
1788986883265546932,27575034,27013069,3749,495635,29634,18664792
1788986883383763566,27575763,27013342,3749,496084,29650,18664792
1788986883499199408,27576493,27013601,3749,496532,29667,18664792
1788986883614003339,27577210,27013839,3749,497005,29678,18664792
1788986883731309229,27577950,27014098,3749,497468,29690,18664792
1788986883847648081,27578697,27014352,3749,497933,29698,18664792
1788986883969873726,27579473,27014612,3749,498424,29713,18664792
1788986884085477825,27580188,27014877,3749,498870,29728,18664792
1788986884201054775,27580918,27015125,3749,499327,29742,18664792
1788986884318160440,27581646,27015404,3749,499769,29757,18664792
1788986884434374110,27582372,27015655,3749,500225,29776,18664792
1788986884549834750,27583086,27015903,3749,500688,29787,18664792
1788986884664860320,27583806,27016149,3749,501151,29799,18664792
1788986884781383247,27584544,27016407,3749,501610,29812,18664792
1788986884896204119,27585271,27016659,3749,502059,29827,18664792
1788986885010408583,27585967,27016923,3749,502496,29844,18664792
1788986885126703780,27586725,27017165,3749,502969,29857,18664792
1788986885241572975,27587412,27017399,3749,503438,29872,18664792
1788986885357684693,27588148,27017656,3749,503816,29966,18664792
1788986885472360826,27588870,27017907,3749,504264,29986,18664792
1788986885589626998,27589600,27018173,3749,504718,29998,18664792
1788986885705548083,27590327,27018409,3749,505195,30013,18664792
1788986885818889020,27591028,27018652,3749,505646,30025,18664792
1788986885934248146,27591746,27018894,3749,506113,30041,18664792
1788986886050204598,27592500,27019152,3749,506570,30052,18664792
1788986886166325900,27593211,27019396,3749,507038,30066,18664792
1788986886282616078,27593911,27019636,3749,507512,30080,18664792
1788986886396626164,27594614,27019881,3749,507961,30098,18664792
1788986886512017141,27595350,27020143,3749,508409,30110,18664792
1788986886626827929,27596093,27020414,3749,508848,30122,18664792
1788986886744163572,27596826,27020668,3749,509317,30136,18664792
1788986886858691584,27597543,27020913,3749,509772,30151,18664792
1788986886975598771,27598294,27021178,3749,510222,30166,18664792
1788986887091171721,27599028,27021441,3749,510668,30182,18664792
1788986887207708993,27599774,27021692,3749,511134,30197,18664792
1788986887324151292,27600496,27021948,3749,511594,30208,18664792
1788986887442446474,27601226,27022214,3749,512055,30220,18664792
1788986887559553650,27601944,27022474,3749,512511,30235,18664792
1788986887676614405,27602690,27022733,3749,512972,30250,18664792
1788986887792291717,27603421,27022969,3749,513442,30265,18664792
1788986887908586568,27604156,27023233,3749,513890,30282,18664792
1788986888022228307,27604875,27023556,3749,514270,30291,18664792
1788986888137963779,27605609,27023805,3749,514656,30385,18664792
1788986888253915447,27606331,27024065,3749,515103,30401,18664792
1788986888369357076,27607033,27024318,3749,515561,30415,18664792
1788986888484845667,27607754,27024581,3749,516003,30430,18664792
1788986888601012547,27608486,27024843,3749,516457,30442,18664792
1788986888716839631,27609229,27025100,3749,516913,30456,18664792
1788986888830374718,27609974,27025348,3749,517362,30470,18664792
1788986888947375259,27610712,27025642,3749,517787,30484,18664792
1788986889062583831,27611435,27025895,3749,518240,30500,18664792
1788986889177961726,27612145,27026161,3749,518677,30517,18664792
1788986889293769157,27612899,27026429,3749,519116,30536,18664792
1788986889408012465,27613606,27026668,3749,519582,30548,18664792
1788986889524997001,27614335,27026944,3749,520027,30559,18664792
1788986889641440751,27615067,27027211,3749,520482,30571,18664792
1788986889758100880,27615806,27027466,3749,520936,30587,18664792
1788986889872597926,27616534,27027717,3749,521389,30600,18664792
1788986889988295076,27617252,27027984,3749,521830,30617,18664792
1788986890105984322,27617996,27028219,3749,522325,30624,18664792
1788986890220334846,27618728,27028448,3749,522716,30722,18664792
1788986890336449162,27619467,27028709,3749,523167,30736,18664792
1788986890453110725,27620207,27028955,3749,523638,30751,18664792
1788986890568301747,27620912,27029207,3749,524086,30768,18664792
1788986890682511215,27621616,27029455,3749,524539,30783,18664792
1788986890799084463,27622341,27029701,3749,525014,30796,18664792
1788986890915998837,27623069,27029973,3749,525462,30808,18664792
1788986891031824813,27623804,27030218,3749,525924,30824,18664792
1788986891147959640,27624533,27030468,3749,526382,30839,18664792
1788986891264678339,27625269,27030717,3749,526850,30856,18664792
1788986891381803968,27626004,27030997,3749,527287,30869,18664792
1788986891497218971,27626722,27031241,3749,527755,30882,18664792
1788986891614993779,27627458,27031502,3749,528216,30897,18664792
1788986891731070447,27628175,27031779,3749,528651,30910,18664792
1788986891846524882,27628914,27032034,3749,529104,30924,18664792
1788986891960130365,27629624,27032305,3749,529533,30935,18664792
1788986892076126379,27630357,27032555,3749,529993,30951,18664792
1788986892191298398,27631072,27032792,3749,530467,30964,18664792
1788986892309294058,27631786,27033039,3749,530947,30975,18664792
1788986892425283020,27632494,27033292,3749,531406,30990,18664792
1788986892540904076,27633223,27033562,3749,531844,31004,18664792
1788986892657181467,27633943,27033808,3749,532309,31022,18664792
1788986892772717395,27634672,27034084,3749,532751,31032,18664792
1788986892888871444,27635401,27034343,3749,533202,31047,18664792
1788986893007845532,27636148,27034596,3749,533603,31137,18664792
1788986893124480643,27636870,27034842,3749,534074,31152,18664792
1788986893240817358,27637606,27035084,3749,534543,31166,18664792
1788986893355822348,27638334,27035329,3749,535008,31176,18664792
1788986893469133215,27639065,27035617,3749,535416,31190,18664792
1788986893582352204,27639797,27035856,3749,535880,31199,18664792
1788986893701003886,27640549,27036105,3749,536360,31213,18664792
1788986893818062855,27641275,27036358,3749,536827,31224,18664792
1788986893934574063,27641992,27036614,3749,537289,31238,18664792
1788986894051187539,27642739,27036859,3749,537760,31253,18664792
1788986894166385631,27643446,27037097,3749,538230,31265,18664792
1788986894282470073,27644180,27037373,3749,538672,31274,18664792
1788986894396611439,27644894,27037656,3749,539089,31288,18664792
1788986894513009536,27645610,27037925,3749,539531,31306,18664792
1788986894627386494,27646321,27038175,3749,539981,31321,18664792
1788986894746255477,27647049,27038437,3749,540447,31337,18664792
1788986894861847814,27647783,27038692,3749,540897,31356,18664792
1788986894977310883,27648507,27038929,3749,541355,31382,18664792
1788986895095056674,27649244,27039188,3749,541756,31464,18664792
1788986895211375810,27649971,27039445,3749,542215,31477,18664792
1788986895327325052,27650710,27039693,3749,542682,31489,18664792
1788986895443441922,27651467,27039970,3749,543117,31501,18664792
1788986895560461202,27652206,27040222,3749,543587,31515,18664792
1788986895675275967,27652950,27040473,3749,544044,31527,18664792
1788986895790275782,27653661,27040732,3749,544491,31541,18664792
1788986895906435122,27654390,27040991,3749,544944,31557,18664792
1788986896023078811,27655117,27041244,3749,545405,31570,18664792
1788986896138007533,27655850,27041499,3749,545856,31585,18664792
1788986896253996319,27656594,27041762,3749,546312,31594,18664792
1788986896373148428,27657370,27042015,3749,546794,31609,18664792
1788986896488739614,27658079,27042283,3749,547234,31622,18664792
1788986896603965251,27658801,27042562,3749,547662,31635,18664792
1788986896718629471,27659526,27042812,3749,548118,31648,18664792
1788986896835487387,27660276,27043062,3749,548588,31659,18664792
1788986896950666360,27661000,27043358,3749,549001,31673,18664792
1788986897067451218,27661727,27043631,3749,549448,31686,18664792
1788986897183452737,27662429,27043884,3749,549909,31699,18664792
1788986897300996214,27663178,27044144,3749,550370,31711,18664792
1788986897415611285,27663910,27044424,3749,550792,31728,18664792
1788986897532050526,27664634,27044690,3749,551239,31744,18664792
1788986897645611102,27665354,27045028,3749,551605,31756,18664792
1788986897762392787,27666095,27045595,3749,551763,31763,18687064
1788986897875286072,27666816,27046126,3749,551944,31766,18700504
1788986897999594946,27667602,27046240,3749,552618,31768,18700504
1788986898118170267,27668363,27046316,3749,553294,31768,18700504
1788986898233031070,27669103,27046394,3749,553946,31768,18700504
1788986898351103720,27669845,27046512,3749,554579,31769,18700504
1788986898465785347,27670578,27046536,3749,555287,31769,18700504
1788986898580654424,27671320,27046667,3749,555888,31769,18700504
1788986898698179396,27672075,27046856,3749,556444,31769,18700504
1788986898813018765,27672810,27046917,3749,557116,31769,18700504
1788986898930353579,27673551,27047105,3749,557673,31771,18700504
1788986899049028602,27674314,27047239,3749,558293,31771,18700504
1788986899163234273,27675037,27047302,3749,558959,31772,18700504
1788986899280768662,27675785,27047495,3749,559513,31772,18700504
1788986899398976496,27676549,27047645,3749,560115,31772,18700504
1788986899513493027,27677276,27047751,3749,560738,31774,18700504
1788986899629600991,27678021,27047898,3749,561332,31774,18700504
1788986899744914326,27678757,27048020,3749,561942,31774,18700504
1788986899859342329,27679491,27048125,3749,562563,31774,18700504
1788986899977238720,27680242,27048280,3749,563157,31775,18700504
1788986900091643138,27680972,27048301,3749,563870,31775,18700504
1788986900208360651,27681722,27048379,3749,564534,31775,18700504
1788986900322685518,27682449,27048493,3749,565123,31801,18700504
1788986900437279280,27683183,27048549,3749,565789,31808,18700504
1788986900554778270,27683927,27048648,3749,566390,31856,18700504
1788986900673370432,27684691,27048746,3749,567038,31863,18700504
1788986900787617164,27685417,27048823,3749,567669,31886,18700504
1788986900906758227,27686173,27048907,3749,568298,31931,18700504
1788986901030018529,27686968,27048994,3749,568990,31934,18700504
1788986901156765599,27687773,27049082,3749,569706,31940,18700504
1788986901274775474,27688531,27049209,3749,570330,31940,18700504
1788986901392910253,27689298,27049344,3749,570945,31940,18700504
1788986901511091324,27690058,27049514,3749,571526,31940,18700504
1788986901629324036,27690814,27049676,3749,572115,31940,18700504
1788986901745839209,27691562,27049854,3749,572679,31941,18700504
1788986901862244637,27692306,27050008,3749,573265,31941,18700504
1788986901976867494,27693047,27050170,3749,573831,31942,18700504
1788986902095081754,27693796,27050388,3749,574366,31943,18700504
1788986902212011156,27694548,27050612,3749,574884,31943,18700504
1788986902329848159,27695302,27050784,3749,575464,31943,18700504
1788986902448163493,27696057,27050994,3749,576005,31944,18700504
1788986902563760167,27696787,27051185,3749,576549,31945,18700504
1788986902682073705,27697551,27051309,3749,577177,31945,18700504
1788986902796730982,27698276,27051405,3749,577812,31945,18700504
1788986902914580456,27699033,27051518,3749,578450,31945,18700504
1788986903032580859,27699778,27051709,3749,579010,31946,18700504
1788986903149864277,27700530,27051863,3749,579599,31946,18700504
1788986903268007091,27701276,27052050,3749,580162,31947,18700504
1788986903384587871,27702021,27052206,3749,580750,31947,18700504
1788986903502675803,27702780,27052334,3749,581374,31947,18700504
1788986903617143013,27703522,27052415,3749,582020,31947,18700504
1788986903735677900,27704279,27052595,3749,582595,31948,18700504
1788986903854193159,27705037,27052756,3749,583184,31948,18700504
1788986903968448091,27705778,27052886,3749,583785,31948,18700504
1788986904086508049,27706533,27052998,3749,584422,31949,18700504
1788986904202234231,27707268,27053116,3749,585039,31950,18700504
1788986904316484029,27707992,27053228,3749,585657,31950,18700504
1788986904431517918,27708727,27053271,3749,586346,31950,18700504
1788986904548634112,27709475,27053412,3749,586948,31950,18700504
1788986904666654452,27710238,27053562,3749,587549,31950,18700504
1788986904778646109,27710947,27053681,3749,588143,31950,18700504
1788986904895084308,27711692,27053837,3749,588726,31951,18700504
1788986905016009255,27712464,27053990,3749,589340,31952,18700504
1788986905137132798,27713239,27054142,3749,589959,31952,18700504
1788986905254766975,27713986,27054182,3749,590670,31952,18700504
1788986905369569196,27714719,27054312,3749,591270,31954,18700504
1788986905487789029,27715477,27054390,3749,591943,31954,18700504
1788986905599791024,27716191,27054560,3749,592485,31955,18700504
1788986905717964196,27716944,27054735,3749,593061,31955,18700504
1788986905835996702,27717694,27054861,3749,593684,31956,18700504
1788986905953926298,27718448,27054984,3749,594311,31956,18700504
1788986906068409559,27719178,27055006,3749,595017,31956,18700504
1788986906187315987,27719941,27055108,3749,595674,31957,18700504
1788986906304686915,27720692,27055191,3749,596339,31957,18700504
1788986906422597947,27721450,27055348,3749,596932,31958,18700504
1788986906540838843,27722214,27055503,3749,597528,31958,18700504
1788986906659300298,27722962,27055673,3749,598106,31959,18700504
1788986906777675919,27723718,27055815,3749,598721,31959,18700504
1788986906893071227,27724459,27055848,3749,599425,31959,18700504
1788986907011670353,27725211,27055967,3749,600059,31960,18700504
1788986907128623069,27725952,27056059,3749,600712,31960,18700504
1788986907247122941,27726711,27056217,3749,601304,31960,18700504
1788986907363601773,27727452,27056401,3749,601864,31960,18700504
1788986907481965132,27728220,27056577,3749,602438,31960,18700504
1788986907599891500,27728972,27056779,3749,602988,31961,18700504
1788986907714838287,27729707,27056870,3749,603629,31961,18700504
1788986907829118411,27730430,27056986,3749,604237,31963,18700504
1788986907947403832,27731183,27057168,3749,604807,31963,18700504
1788986908065831471,27731934,27057328,3749,605402,31964,18700504
1788986908184014369,27732685,27057485,3749,605994,31964,18700504
1788986908302449952,27733433,27057612,3749,606619,31966,18700504
1788986908419014428,27734178,27057734,3749,607237,31967,18700504
1788986908534097205,27734907,27057860,3749,607843,31967,18700504
1788986908648581324,27735627,27057953,3749,608478,31969,18700504
1788986908766696277,27736383,27058079,3749,609103,31970,18700504
1788986908885123237,27737137,27058218,3749,609712,31971,18700504
1788986909003498643,27737890,27058321,3749,610367,31971,18700504
1788986909116835107,27738607,27058513,3749,610892,31974,18700504
1788986909238017239,27739380,27058650,3749,611524,31974,18700504
1788986909367022566,27740206,27058769,3749,612226,31974,18700504
1788986909494015897,27741019,27058883,3749,612918,31974,18700504
1788986909617797999,27741816,27059063,3749,613528,31974,18700504
1788986909736367883,27742571,27059206,3749,614135,31975,18700504
1788986909854665930,27743329,27059329,3749,614767,31975,18700504
1788986909973170261,27744090,27059450,3749,615398,31976,18700504
1788986910091558522,27744845,27059536,3749,616070,31976,18700504
1788986910208616774,27745595,27059621,3749,616730,31976,18700504
1788986910323479660,27746325,27059702,3749,617379,31976,18700504
1788986910441702817,27747080,27059806,3749,618026,31977,18700504
1788986910559921507,27747830,27059929,3749,618652,31978,18700504
1788986910678126517,27748583,27060075,3749,619256,31979,18700504
1788986910796336649,27749339,27060208,3749,619876,31980,18700504
1788986910914539793,27750095,27060334,3749,620503,31980,18700504
1788986911030028178,27750835,27060441,3749,621129,31981,18700504
1788986911144641417,27751558,27060537,3749,621762,31982,18700504
1788986911262707758,27752316,27060659,3749,622391,31982,18700504
1788986911381695311,27753073,27060787,3749,623017,31984,18700504
1788986911499726573,27753831,27060911,3749,623650,31985,18700504
1788986911619416188,27754596,27061023,3749,624291,31985,18700504
1788986911738007712,27755362,27061112,3749,624956,31985,18700504
1788986911853119022,27756092,27061197,3749,625604,31985,18700504
1788986911968015229,27756825,27061296,3749,626234,31986,18700504
1788986912095015764,27757637,27061423,3749,626916,31986,18700504
1788986912216426648,27758404,27061560,3749,627552,31988,18700504
1788986912334782463,27759154,27061694,3749,628169,31989,18700504
1788986912453130117,27759904,27061826,3749,628784,31991,18700504
1788986912583002731,27760737,27061986,3749,629452,31992,18700504
1788986912700039708,27761485,27062009,3749,630175,31992,18700504
1788986912819179513,27762248,27062126,3749,630815,31993,18700504
1788986912933822427,27762986,27062266,3749,631405,31993,18700504
1788986913052121804,27763742,27062417,3749,632003,31993,18700504
1788986913170236253,27764502,27062580,3749,632591,31993,18700504
1788986913288366145,27765245,27062714,3749,633207,31994,18700504
1788986913407455898,27766005,27062863,3749,633820,31994,18700504
1788986913520826150,27766737,27062918,3749,634488,31995,18700504
1788986913637009176,27767481,27063001,3749,635142,31995,18700504
1788986913756579139,27768244,27063143,3749,635763,31995,18700504
1788986913874690776,27768988,27063270,3749,636384,31996,18700504
1788986913992651465,27769736,27063393,3749,637011,31998,18700504
1788986914111036435,27770497,27063529,3749,637624,31999,18700504
1788986914229172422,27771253,27063656,3749,638250,31999,18700504
1788986914344098522,27771992,27063693,3749,638945,31999,18700504
1788986914459281569,27772719,27063788,3749,639578,32000,18700504
1788986914577734103,27773480,27063912,3749,640212,32000,18700504
1788986914695737602,27774237,27064071,3749,640802,32001,18700504
1788986914813733854,27774998,27064225,3749,641399,32001,18700504
1788986914932029359,27775749,27064370,3749,642006,32003,18700504
1788986915050620956,27776502,27064443,3749,642685,32004,18700504
1788986915163438522,27777217,27064523,3749,643327,32004,18700504
1788986915278655467,27777940,27064603,3749,643974,32006,18700504
1788986915396993033,27778701,27064725,3749,644603,32006,18700504
1788986915515281322,27779461,27064860,3749,645218,32006,18700504
1788986915633865595,27780218,27064984,3749,645850,32007,18700504
1788986915752091371,27780981,27065122,3749,646462,32007,18700504
1788986915870217809,27781736,27065222,3749,647116,32007,18700504
1788986915983166297,27782460,27065300,3749,647756,32007,18700504
1788986916097356205,27783186,27065399,3749,648379,32009,18700504
1788986916215557562,27783946,27065598,3749,648937,32009,18700504
1788986916333789999,27784696,27065738,3749,649544,32012,18700504
1788986916452502046,27785451,27065846,3749,650193,32012,18700504
1788986916570433247,27786206,27066007,3749,650781,32014,18700504
1788986916688906439,27786970,27066103,3749,651436,32014,18700504
1788986916807022862,27787724,27066210,3749,652078,32016,18700504
1788986916921431090,27788448,27066293,3749,652719,32018,18700504
1788986917039962911,27789209,27066440,3749,653331,32018,18700504
1788986917155821165,27789958,27066586,3749,653920,32019,18700504
1788986917274672058,27790718,27066689,3749,654573,32020,18700504
1788986917392775105,27791465,27066849,3749,655162,32021,18700504
1788986917509826507,27792220,27066977,3749,655779,32022,18700504
1788986917627841006,27792973,27067060,3749,656447,32022,18700504
1788986917742420518,27793700,27067140,3749,657091,32023,18700504
1788986917860360033,27794455,27067233,3749,657753,32023,18700504
1788986917974016304,27795183,27067328,3749,658381,32023,18700504
1788986918088518295,27795900,27067410,3749,659030,32024,18700504
1788986918206678398,27796654,27067529,3749,659661,32024,18700504
1788986918321236095,27797393,27067556,3749,660361,32025,18700504
1788986918438673743,27798143,27067692,3749,660974,32025,18700504
1788986918556840684,27798900,27067765,3749,661652,32026,18700504
1788986918671763347,27799626,27067828,3749,662320,32027,18700504
1788986918789860488,27800383,27067960,3749,662939,32027,18700504
1788986918907890661,27801138,27068033,3749,663616,32028,18700504
1788986919022474837,27801876,27068112,3749,664265,32031,18700504
1788986919140637065,27802637,27068235,3749,664893,32031,18700504
1788986919255048637,27803371,27068267,3749,665588,32031,18700504
1788986919370890879,27804124,27068349,3749,666243,32032,18700504
1788986919486279214,27804859,27068497,3749,666826,32032,18700504
1788986919600627144,27805586,27068523,3749,667533,32033,18700504
1788986919716011380,27806326,27068638,3749,668147,32034,18700504
1788986919834313360,27807084,27068756,3749,668781,32034,18700504
1788986919949664338,27807829,27068823,3749,669452,32034,18700504
1788986920065522487,27808562,27068928,3749,670086,32034,18700504
1788986920182326139,27809306,27069011,3749,670741,32034,18700504
1788986920296663360,27810033,27069091,3749,671392,32035,18700504
1788986920414992136,27810793,27069250,3749,671983,32035,18700504
1788986920529524651,27811522,27069282,3749,672685,32036,18700504
1788986920645610656,27812248,27069451,3749,673243,32041,18700504
1788986920761051822,27812992,27069646,3749,673560,32253,18700504
1788986920877423948,27813731,27069774,3749,673679,32742,18700504
1788986920993953108,27814462,27069967,3749,673967,32998,18700504
1788986921108705018,27815181,27070217,3749,674422,33012,18700504
1788986921224780800,27815912,27070481,3749,674871,33026,18700504
1788986921340343494,27816635,27070745,3749,675315,33043,18700504
1788986921454724768,27817362,27071020,3749,675742,33056,18700504
1788986921570675353,27818106,27071272,3749,676209,33066,18700504
1788986921685551462,27818819,27071529,3749,676657,33080,18700504
1788986921802689057,27819573,27071797,3749,677111,33091,18700504
1788986921919347020,27820304,27072037,3749,677590,33103,18700504
1788986922034123478,27821018,27072314,3749,678016,33115,18700504
1788986922149369045,27821744,27072611,3749,678433,33127,18700504
1788986922267512075,27822492,27072866,3749,678906,33141,18700504
1788986922383381889,27823198,27073090,3749,679316,33233,18700504
1788986922498286267,27823903,27073341,3749,679769,33246,18700504
1788986922615250778,27824650,27073595,3749,680235,33261,18700504
1788986922731120697,27825363,27073864,3749,680679,33274,18700504
1788986922848693584,27826113,27074126,3749,681139,33285,18700504
1788986922967436268,27826874,27074371,3749,681630,33297,18700504
1788986923083204475,27827593,27074618,3749,682092,33313,18700504
1788986923198713713,27828302,27074865,3749,682553,33326,18700504
1788986923315005070,27829041,27075123,3749,683012,33334,18700504
1788986923430926250,27829771,27075366,3749,683469,33358,18700504
1788986923547097892,27830517,27075610,3749,683940,33370,18700504
1788986923667882061,27831263,27075843,3749,684453,33386,18700504
1788986923784266393,27832000,27076100,3749,684906,33403,18700504
1788986923900751583,27832716,27076378,3749,685345,33414,18700504
1788986924016041322,27833442,27076631,3749,685798,33430,18700504
1788986924131651284,27834151,27076886,3749,686252,33444,18700504
1788986924248330851,27834900,27077124,3749,686734,33456,18700504
1788986924363627096,27835648,27077363,3749,687210,33467,18700504
1788986924479765928,27836385,27077598,3749,687605,33565,18700504
1788986924596188389,27837108,27077899,3749,688020,33578,18700504
1788986924712836810,27837832,27078140,3749,688488,33594,18700504
1788986924828588202,27838548,27078397,3749,688946,33607,18700504
1788986924944421059,27839285,27078626,3749,689432,33619,18700504
1788986925062158979,27840002,27078882,3749,689896,33633,18700504
1788986925176852436,27840714,27079160,3749,690327,33646,18700504
1788986925292616206,27841427,27079408,3749,690786,33660,18700504
1788986925407470225,27842151,27079659,3749,691242,33672,18700504
1788986925523095845,27842867,27079922,3749,691693,33684,18700504
1788986925638518628,27843584,27080163,3749,692168,33693,18700504
1788986925755043909,27844330,27080429,3749,692625,33702,18700504
1788986925870426130,27845081,27080671,3749,693013,33793,18700504
1788986925985632881,27845809,27080928,3749,693463,33807,18700504
1788986926101367236,27846544,27081190,3749,693911,33821,18700504
1788986926217114751,27847277,27081438,3749,694376,33831,18700504
1788986926332417737,27848009,27081689,3749,694841,33840,18700504
1788986926454233846,27848767,27081937,3749,695340,33853,18700504
1788986926568322309,27849491,27082190,3749,695789,33866,18700504
1788986926682280205,27850190,27082447,3749,696238,33877,18700504
1788986926796151765,27850918,27082693,3749,696691,33888,18700504
1788986926913248321,27851654,27082959,3749,697144,33901,18700504
1788986927028211013,27852371,27083188,3749,697623,33913,18700504
1788986927142656782,27853099,27083490,3749,698029,33925,18700504
1788986927259687068,27853834,27083764,3749,698472,33942,18700504
1788986927375274717,27854569,27084028,3749,698918,33957,18700504
1788986927490459983,27855291,27084275,3749,699376,33972,18700504
1788986927607682381,27856032,27084517,3749,699854,33985,18700504
1788986927722829652,27856754,27084795,3749,700292,33996,18700504
1788986927841399563,27857500,27085061,3749,700755,34007,18700504
1788986927957674398,27858232,27085294,3749,701166,34091,18700504
1788986928074613411,27858952,27085545,3749,701634,34106,18700504
1788986928190351708,27859688,27085822,3749,702073,34116,18700504
1788986928306126562,27860414,27086079,3749,702524,34129,18700504
1788986928420603786,27861140,27086328,3749,702979,34143,18700504
1788986928541370234,27861901,27086563,3749,703488,34157,18700504
1788986928658415706,27862631,27086824,3749,703945,34171,18700504
1788986928773105671,27863345,27087079,3749,704399,34185,18700504
1788986928890184264,27864080,27087333,3749,704856,34201,18700504
1788986929005990606,27864786,27087610,3749,705289,34217,18700504
1788986929119924661,27865491,27087879,3749,705729,34228,18700504
1788986929243017880,27866244,27088121,3749,706242,34238,18700504
1788986929359140434,27866946,27088342,3749,706659,34329,18700504
1788986929474109268,27867658,27088603,3749,707103,34343,18700504
1788986929591226382,27868394,27088850,3749,707578,34355,18700504
1788986929706441935,27869104,27089116,3749,708029,34365,18700504
1788986929824098506,27869838,27089402,3749,708470,34373,18700504
1788986929946116345,27870594,27089640,3749,708982,34384,18700504
1788986930061536040,27871316,27089887,3749,709445,34395,18700504
1788986930175320709,27872034,27090129,3749,709900,34411,18700504
1788986930288994488,27872742,27090369,3749,710360,34426,18700504
1788986930405632681,27873469,27090620,3749,710816,34443,18700504
1788986930520641267,27874227,27090842,3749,711298,34464,18700504
1788986930634078360,27874927,27091084,3749,711751,34479,18700504
1788986930750353431,27875652,27091333,3749,712213,34494,18700504
1788986930866689956,27876374,27091582,3749,712682,34507,18700504
1788986930982842906,27877107,27091827,3749,713140,34527,18700504
1788986931098399820,27877824,27092069,3749,713607,34541,18700504
1788986931212038929,27878524,27092313,3749,714066,34555,18700504
1788986931328828464,27879272,27092584,3749,714511,34567,18700504
1788986931443717445,27879994,27092825,3749,714907,34652,18700504
1788986931559340962,27880703,27093077,3749,715360,34671,18700504
1788986931675417643,27881415,27093330,3749,715820,34682,18700504
1788986931792619123,27882165,27093600,3749,716270,34695,18700504
1788986931909592729,27882896,27093886,3749,716713,34707,18700504
1788986932030064242,27883654,27094126,3749,717212,34717,18700504
1788986932146546509,27884385,27094372,3749,717686,34729,18700504
1788986932261811913,27885107,27094621,3749,718143,34741,18700504
1788986932378019252,27885820,27094907,3749,718571,34756,18700504
1788986932493781311,27886548,27095169,3749,719019,34769,18700504
1788986932612415531,27887286,27095434,3749,719489,34778,18700504
1788986932728989890,27888001,27095712,3749,719932,34789,18700504
1788986932846625134,27888740,27095932,3749,720359,34883,18700504
1788986932960787482,27889470,27096179,3749,720809,34898,18700504
1788986933076063745,27890177,27096435,3749,721254,34918,18700504
1788986933192812783,27890931,27096709,3749,721699,34930,18700504
1788986933309585628,27891658,27096994,3749,722136,34941,18700504
1788986933428058344,27892415,27097221,3749,722643,34953,18700504
1788986933544279598,27893143,27097490,3749,723082,34969,18700504
1788986933660766907,27893874,27097727,3749,723561,34980,18700504
1788986933775394960,27894591,27097974,3749,724016,34995,18700504
1788986933892431790,27895338,27098228,3749,724485,35005,18700504
1788986934007040037,27896055,27098495,3749,724932,35014,18700504
1788986934125982298,27896800,27098728,3749,725425,35028,18700504
1788986934242838609,27897542,27098956,3749,725836,35123,18700504
1788986934359000010,27898263,27099222,3749,726280,35140,18700504
1788986934476105568,27899009,27099505,3749,726719,35153,18700504
1788986934591964096,27899753,27099750,3749,727183,35166,18700504
1788986934708657404,27900470,27100013,3749,727645,35177,18700504
1788986934829301883,27901234,27100245,3749,728153,35187,18700504
1788986934943763827,27901958,27100512,3749,728590,35200,18700504
1788986935060990652,27902684,27100756,3749,729068,35211,18700504
1788986935175608516,27903405,27101003,3749,729522,35229,18700504
1788986935291409555,27904139,27101257,3749,729981,35244,18700504
1788986935407108964,27904877,27101525,3749,730428,35255,18700504
1788986935526484279,27905629,27101805,3749,730880,35268,18700504
1788986935643188234,27906358,27102058,3749,731342,35282,18700504
1788986935756688858,27907073,27102320,3749,731780,35298,18700504
1788986935871689075,27907800,27102581,3749,732222,35309,18700504
1788986935986848586,27908514,27102843,3749,732666,35322,18700504
1788986936104154974,27909251,27103093,3749,733143,35334,18700504
1788986936226979475,27910047,27103326,3749,733666,35346,18700504
1788986936341738566,27910764,27103556,3749,734065,35436,18700504
1788986936456500552,27911475,27103811,3749,734514,35451,18700504
1788986936573417080,27912224,27104053,3749,734982,35471,18700504
1788986936688870370,27912956,27104309,3749,735441,35483,18700504
1788986936802930664,27913653,27104581,3749,735865,35498,18700504
1788986936922251064,27914409,27104805,3749,736381,35506,18700504
1788986937038486699,27915114,27105059,3749,736842,35522,18700504
1788986937152584892,27915838,27105303,3749,737293,35537,18700504
1788986937268435593,27916552,27105548,3749,737763,35550,18700504
1788986937384752478,27917294,27105805,3749,738219,35564,18700504
1788986937499851664,27917996,27106064,3749,738665,35578,18700504
1788986937618243955,27918745,27106314,3749,739150,35589,18700504
1788986937735530071,27919469,27106569,3749,739588,35627,18700504
1788986937851834276,27920188,27106806,3749,740005,35702,18700504
1788986937968544798,27920908,27107061,3749,740465,35718,18700504
1788986938084541152,27921636,27107324,3749,740912,35734,18700504
1788986938199883733,27922367,27107572,3749,741372,35746,18700504
1788986938315063005,27923095,27107845,3749,741811,35758,18700504
1788986938429182371,27923826,27108107,3749,742254,35769,18700504
1788986938545542535,27924561,27108352,3749,742724,35783,18700504
1788986938662082205,27925309,27108620,3749,743170,35795,18700504
1788986938778431935,27926040,27108875,3749,743634,35806,18700504
1788986938895123874,27926783,27109141,3749,744081,35823,18700504
1788986939011956902,27927526,27109398,3749,744548,35835,18700504
1788986939127289603,27928238,27109657,3749,744993,35850,18700504
1788986939243200749,27928952,27109914,3749,745378,35936,18700504
1788986939358560198,27929678,27110173,3749,745824,35952,18700504
1788986939471993945,27930380,27110407,3749,746287,35966,18700504
1788986939587587529,27931090,27110684,3749,746726,35977,18700504
1788986939704415290,27931808,27110908,3749,747223,35986,18700504
1788986939822078087,27932526,27111136,3749,747721,35996,18700504
1788986939935311792,27933223,27111383,3749,748170,36011,18700504
1788986940050064719,27933953,27111650,3749,748610,36024,18700504
1788986940165988554,27934698,27111922,3749,749051,36037,18700504
1788986940281453483,27935435,27112180,3749,749500,36050,18700504
1788986940399379682,27936170,27112414,3749,749993,36062,18700504
1788986940514397820,27936893,27112649,3749,750467,36076,18700504
1788986940629564529,27937587,27112904,3749,750918,36088,18700504
1788986940745137231,27938311,27113148,3749,751388,36100,18700504
1788986940861813646,27939048,27113408,3749,751845,36115,18700504
1788986940978138072,27939774,27113663,3749,752306,36125,18700504
1788986941094085232,27940524,27113905,3749,752787,36133,18700504
1788986941210185826,27941290,27114153,3749,753256,36139,18700504
1788986941331428445,27942068,27114403,3749,753679,36229,18700504
1788986941447055666,27942804,27114658,3749,754132,36244,18700504
1788986941562234576,27943523,27114901,3749,754594,36257,18700504
1788986941676667507,27944235,27115167,3749,755025,36278,18700504
1788986941794704406,27944992,27115430,3749,755492,36288,18700504
1788986941909986221,27945724,27115674,3749,755951,36306,18700504
1788986942025891533,27946441,27115920,3749,756417,36325,18700504
1788986942141531003,27947154,27116182,3749,756856,36342,18700504
1788986942258072416,27947902,27116436,3749,757313,36359,18700504
1788986942373977463,27948620,27116683,3749,757773,36378,18700504
1788986942491801215,27949379,27116918,3749,758264,36390,18700504
1788986942608294300,27950115,27117169,3749,758736,36399,18700504
1788986942723992228,27950828,27117396,3749,759141,36491,18700504
1788986942839427281,27951551,27117659,3749,759587,36504,18700504
1788986942956655686,27952297,27117897,3749,760072,36514,18700504
1788986943074277785,27953046,27118151,3749,760538,36528,18700504
1788986943188525808,27953769,27118396,3749,760999,36540,18700504
1788986943307014198,27954511,27118652,3749,761470,36554,18700504
1788986943423488057,27955228,27118925,3749,761909,36572,18700504
1788986943540225734,27955969,27119176,3749,762370,36588,18700504
1788986943656051491,27956690,27119421,3749,762833,36605,18700504
1788986943772111368,27957392,27119665,3749,763302,36617,18700504
1788986943886464679,27958133,27119922,3749,763756,36626,18700504
1788986944003187653,27958875,27120176,3749,764220,36639,18700504
1788986944118296438,27959600,27120413,3749,764692,36650,18700504
1788986944235078879,27960358,27120680,3749,765147,36665,18700504
1788986944352756988,27961110,27120934,3749,765608,36681,18700504
1788986944469164088,27961834,27121221,3749,766039,36694,18700504
1788986944587110002,27962602,27121479,3749,766510,36705,18700504
1788986944704677283,27963365,27121741,3749,766976,36713,18700504
1788986944821449280,27964086,27121980,3749,767371,36811,18700504
1788986944938045516,27964828,27122232,3749,767847,36819,18700504
1788986945053806102,27965556,27122504,3749,768281,36833,18700504
1788986945169092363,27966269,27122760,3749,768734,36848,18700504
1788986945285573756,27967002,27122990,3749,769216,36864,18700504
1788986945401991144,27967730,27123250,3749,769670,36878,18700504
1788986945518807762,27968457,27123510,3749,770129,36892,18700504
1788986945634994304,27969197,27123762,3749,770591,36908,18700504
1788986945749315659,27969927,27124007,3749,771038,36926,18700504
1788986945862709018,27970622,27124266,3749,771479,36937,18700504
1788986945979381111,27971366,27124518,3749,771946,36948,18700504
1788986946091974934,27972092,27124782,3749,772377,36961,18700504
1788986946208021260,27972814,27125016,3749,772803,37029,18700504
1788986946324286359,27973536,27125285,3749,773220,37070,18700504
1788986946437103798,27974250,27125541,3749,773663,37084,18700504
1788986946551354424,27974957,27125784,3749,774113,37102,18700504
1788986946667886924,27975702,27126025,3749,774600,37110,18700504
1788986946787393211,27976461,27126272,3749,775088,37119,18700504
1788986946903501232,27977194,27126514,3749,775562,37131,18700504
1788986947020452678,27977923,27126777,3749,776019,37144,18700504
1788986947135756883,27978643,27127042,3749,776462,37156,18700504
1788986947251813024,27979376,27127301,3749,776908,37176,18700504
1788986947368334302,27980095,27127594,3749,777338,37187,18700504
1788986947490038544,27980857,27127879,3749,777802,37200,18700504
1788986947607437037,27981574,27128129,3749,778282,37209,18700504
1788986947724224993,27982300,27128412,3749,778715,37224,18700504
1788986947839530695,27983029,27128668,3749,779163,37240,18700504
1788986947955764120,27983755,27128938,3749,779606,37255,18700504
1788986948071806094,27984477,27129205,3749,780050,37269,18700504
1788986948192075519,27985254,27129443,3749,780552,37284,18700504
1788986948308997131,27985987,27129694,3749,781029,37294,18700504
1788986948426370696,27986727,27129931,3749,781434,37383,18700504
1788986948541547096,27987435,27130197,3749,781871,37400,18700504
1788986948656629467,27988151,27130466,3749,782308,37417,18700504
1788986948773987937,27988883,27130728,3749,782766,37430,18700504
1788986948894163542,27989630,27130959,3749,783276,37442,18700504
1788986949010460686,27990395,27131197,3749,783756,37453,18700504
1788986949127347074,27991130,27131452,3749,784216,37468,18700504
1788986949241418830,27991844,27131709,3749,784662,37481,18700504
1788986949357392717,27992577,27131965,3749,785115,37495,18700504
1788986949473575584,27993304,27132223,3749,785571,37509,18700504
1788986949593094358,27994049,27132461,3749,786072,37519,18700504
1788986949708477452,27994751,27132701,3749,786542,37533,18700504
1788986949824445681,27995477,27132935,3749,786948,37620,18700504
1788986949941705138,27996214,27133198,3749,787409,37633,18700504
1788986950057205334,27996920,27133450,3749,787864,37645,18700504
1788986950174318248,27997672,27133686,3749,788354,37655,18700504
1788986950292300026,27998406,27133952,3749,788819,37664,18700504
1788986950408868803,27999136,27134191,3749,789296,37676,18700504
1788986950524375991,27999862,27134445,3749,789750,37692,18700504
1788986950641481874,28000598,27134692,3749,790220,37708,18700504
1788986950756653662,28001337,27134985,3749,790636,37719,18700504
1788986950872723591,28002076,27135250,3749,791097,37727,18700504
1788986950991198695,28002813,27135495,3749,791571,37743,18700504
1788986951106274206,28003553,27135745,3749,792034,37755,18700504
1788986951222319147,28004295,27135973,3749,792432,37853,18700504
1788986951336797182,28005017,27136235,3749,792874,37865,18700504
1788986951451244197,28005727,27136484,3749,793329,37877,18700504
1788986951564067033,28006439,27136741,3749,793769,37888,18700504
1788986951677345185,28007150,27136980,3749,794229,37900,18700504
1788986951791074718,28007850,27137214,3749,794693,37914,18700504
1788986951905321002,28008554,27137468,3749,795144,37927,18700504
1788986952021236299,28009272,27137720,3749,795603,37940,18700504
1788986952137741546,28010002,27137966,3749,796077,37951,18700504
1788986952254034321,28010722,27138226,3749,796528,37966,18700504
1788986952370606640,28011423,27138462,3749,797011,37977,18700504
1788986952488610586,28012163,27138742,3749,797462,37988,18700504
1788986952603583035,28012879,27139009,3749,797902,38000,18700504
1788986952718626255,28013610,27139261,3749,798356,38015,18700504
1788986952836216697,28014343,27139511,3749,798830,38028,18700504
1788986952952438523,28015077,27139758,3749,799292,38043,18700504
1788986953069077830,28015823,27139985,3749,799783,38056,18700504
1788986953185015505,28016579,27140237,3749,800243,38070,18700504
1788986953302339378,28017298,27140468,3749,800653,38164,18700504
1788986953418833800,28018021,27140718,3749,801117,38178,18700504
1788986953535828835,28018751,27141004,3749,801550,38191,18700504
1788986953652430333,28019464,27141280,3749,801991,38204,18700504
1788986953767885208,28020171,27141504,3749,802475,38220,18700504
1788986953883304864,28020877,27141744,3749,802948,38231,18700504
1788986953998092491,28021590,27141987,3749,803409,38244,18700504
1788986954112873603,28022318,27142230,3749,803870,38258,18700504
1788986954230594959,28023034,27142485,3749,804337,38276,18700504
1788986954345169792,28023750,27142731,3749,804788,38292,18700504
1788986954459744522,28024452,27142967,3749,805262,38304,18700504
1788986954577069707,28025197,27143209,3749,805739,38320,18700504
1788986954693091632,28025905,27143456,3749,806132,38404,18700504
1788986954807478391,28026625,27143735,3749,806554,38420,18700504
1788986954923027202,28027354,27144019,3749,806982,38435,18700504
1788986955038417162,28028075,27144283,3749,807432,38442,18700504
1788986955154436580,28028821,27144696,3749,807738,38450,18711128
1788986955267435341,28029543,27145346,3749,807792,38455,18734424
1788986955387092428,28030313,27145448,3749,808454,38456,18734424
1788986955504927035,28031072,27145546,3749,809105,38456,18734424
1788986955619412788,28031796,27145602,3749,809773,38457,18734424
1788986955736774322,28032546,27145700,3749,810427,38457,18734424
1788986955854853503,28033307,27145796,3749,811082,38457,18734424
1788986955969659257,28034039,27145895,3749,811713,38458,18734424
1788986956088126662,28034799,27146033,3749,812332,38458,18734424
1788986956202628300,28035524,27146062,3749,813032,38458,18734424
1788986956316789378,28036255,27146144,3749,813674,38460,18734424
1788986956435017134,28037013,27146282,3749,814286,38460,18734424
1788986956549147016,28037746,27146309,3749,814986,38460,18734424
1788986956665110502,28038476,27146427,3749,815604,38462,18734424
1788986956783089135,28039238,27146515,3749,816267,38462,18734424
1788986956897106158,28039963,27146580,3749,816928,38462,18734424
1788986957015718373,28040720,27146669,3749,817596,38463,18734424
1788986957133678647,28041474,27146741,3749,818276,38463,18734424
1788986957248528063,28042206,27146834,3749,818912,38465,18734424
1788986957366490185,28042957,27147010,3749,819487,38465,18734424
1788986957481048449,28043692,27147054,3749,820170,38465,18734424
1788986957596991214,28044435,27147129,3749,820832,38465,18734424
1788986957713387996,28045177,27147234,3749,821467,38466,18734424
1788986957827973586,28045912,27147275,3749,822158,38466,18734424
1788986957944182523,28046649,27147395,3749,822775,38466,18734424
1788986958062102907,28047405,27147479,3749,823444,38466,18734424
1788986958176749017,28048134,27147554,3749,824099,38466,18734424
1788986958294805671,28048892,27147639,3749,824766,38466,18734424
1788986958410814953,28049633,27147703,3749,825441,38466,18734424
1788986958525076316,28050370,27147783,3749,826085,38466,18734424
1788986958643115402,28051124,27147939,3749,826679,38467,18734424
1788986958761065941,28051874,27148114,3749,827252,38467,18734424
1788986958879133604,28052629,27148204,3749,827914,38468,18734424
1788986958998047823,28053378,27148384,3749,828488,38470,18734424
1788986959115850225,28054129,27148536,3749,829087,38470,18734424
1788986959233986239,28054885,27148672,3749,829703,38470,18734424
1788986959348071634,28055613,27148802,3749,830296,38470,18734424
1788986959466128331,28056372,27148892,3749,830959,38470,18734424
1788986959587818293,28057155,27149066,3749,831557,38471,18734424
1788986959705813448,28057913,27149182,3749,832193,38471,18734424
1788986959823995615,28058663,27149341,3749,832784,38471,18734424
1788986959941021898,28059408,27149466,3749,833402,38472,18734424
1788986960059018229,28060162,27149535,3749,834086,38472,18734424
1788986960173768033,28060883,27149607,3749,834744,38472,18734424
1788986960291946334,28061639,27149699,3749,835405,38473,18734424
1788986960408583717,28062385,27149848,3749,835998,38474,18734424
1788986960526211326,28063132,27149991,3749,836598,38475,18734424
1788986960644360984,28063893,27150132,3749,837209,38475,18734424
1788986960760546921,28064632,27150297,3749,837787,38475,18734424
1788986960878852570,28065394,27150407,3749,838428,38475,18734424
1788986960993204924,28066122,27150502,3749,839057,38477,18734424
1788986961111595644,28066875,27150600,3749,839717,38477,18734424
1788986961231956326,28067645,27150763,3749,840316,38477,18734424
1788986961349862347,28068398,27150898,3749,840931,38478,18734424
1788986961467911701,28069151,27151029,3749,841550,38479,18734424
1788986961583735982,28069881,27151163,3749,842152,38480,18734424
1788986961701779445,28070635,27151239,3749,842828,38480,18734424
1788986961816616014,28071370,27151309,3749,843489,38481,18734424
1788986961935046694,28072130,27151402,3749,844148,38481,18734424
1788986962053123051,28072891,27151548,3749,844749,38484,18734424
1788986962170304559,28073635,27151665,3749,845376,38485,18734424
1788986962288244494,28074390,27151832,3749,845962,38485,18734424
1788986962406898653,28075144,27151977,3749,846569,38486,18734424
1788986962524078949,28075892,27152075,3749,847216,38486,18734424
1788986962638420313,28076621,27152132,3749,847889,38487,18734424
1788986962755982542,28077376,27152242,3749,848525,38487,18734424
1788986962874010502,28078132,27152384,3749,849134,38487,18734424
1788986962987860769,28078862,27152518,3749,849725,38487,18734424
1788986963105974951,28079611,27152621,3749,850374,38487,18734424
1788986963221095026,28080342,27152754,3749,850970,38489,18734424
1788986963335915118,28081077,27152894,3749,851562,38489,18734424
1788986963450373092,28081812,27152947,3749,852236,38490,18734424
1788986963566036418,28082557,27153056,3749,852864,38490,18734424
1788986963684018926,28083309,27153195,3749,853476,38490,18734424
1788986963802140012,28084065,27153318,3749,854104,38490,18734424
1788986963920441155,28084824,27153411,3749,854728,38523,18734424
1788986964037617027,28085575,27153577,3749,855261,38574,18734424
1788986964156014799,28086332,27153681,3749,855868,38614,18734424
1788986964271964956,28087075,27153703,3749,856587,38614,18734424
1788986964389663529,28087827,27153789,3749,857190,38673,18734424
1788986964508006744,28088589,27153878,3749,857782,38743,18734424
1788986964626241011,28089350,27154004,3749,858359,38791,18734424
1788986964744329651,28090100,27154139,3749,858932,38834,18734424
1788986964862865539,28090868,27154256,3749,859531,38874,18734424
1788986964981241130,28091624,27154343,3749,860165,38904,18734424
1788986965099227292,28092377,27154416,3749,860844,38904,18734424
1788986965213584612,28093111,27154504,3749,861486,38904,18734424
1788986965331612609,28093866,27154666,3749,862074,38905,18734424
1788986965449589659,28094615,27154785,3749,862705,38906,18734424
1788986965566624558,28095357,27154869,3749,863367,38906,18734424
1788986965687373730,28096122,27155029,3749,863968,38907,18734424
1788986965805229743,28096878,27155164,3749,864583,38907,18734424
1788986965923217228,28097635,27155280,3749,865219,38907,18734424
1788986966037873512,28098377,27155359,3749,865871,38908,18734424
1788986966156098501,28099130,27155447,3749,866537,38908,18734424
1788986966272586468,28099873,27155600,3749,867123,38910,18734424
1788986966391137620,28100632,27155697,3749,867778,38910,18734424
1788986966509153962,28101387,27155838,3749,868387,38911,18734424
1788986966626174176,28102133,27155948,3749,869020,38912,18734424
1788986966744059843,28102888,27156031,3749,869688,38912,18734424
1788986966858175750,28103616,27156109,3749,870338,38913,18734424
1788986966976321774,28104368,27156216,3749,870979,38913,18734424
1788986967092585247,28105108,27156391,3749,871547,38913,18734424
1788986967210074725,28105863,27156542,3749,872140,38914,18734424
1788986967328161169,28106621,27156694,3749,872739,38914,18734424
1788986967446114805,28107382,27156834,3749,873349,38914,18734424
1788986967564279465,28108134,27156907,3749,874026,38915,18734424
1788986967679289138,28108870,27156961,3749,874706,38915,18734424
1788986967797418830,28109627,27157060,3749,875355,38915,18734424
1788986967915409280,28110376,27157220,3749,875946,38916,18734424
1788986968030318962,28111101,27157346,3749,876550,38917,18734424
1788986968151980578,28111878,27157457,3749,877215,38917,18734424
1788986968265864704,28112600,27157596,3749,877800,38918,18734424
1788986968381368428,28113335,27157725,3749,878403,38919,18734424
1788986968495370845,28114067,27157763,3749,879091,38919,18734424
1788986968608166532,28114791,27157880,3749,879692,38919,18734424
1788986968726134855,28115541,27157988,3749,880336,38920,18734424
1788986968841006362,28116275,27158104,3749,880946,38923,18734424
1788986968959839017,28117040,27158238,3749,881569,38923,18734424
1788986969077926024,28117797,27158371,3749,882186,38924,18734424
1788986969195838020,28118553,27158498,3749,882810,38924,18734424
1788986969309753109,28119276,27158524,3749,883511,38925,18734424
1788986969421778622,28119996,27158641,3749,884105,38926,18734424
1788986969537236816,28120731,27158776,3749,884702,38926,18734424
1788986969655047161,28121490,27158897,3749,885330,38927,18734424
1788986969772865423,28122245,27159027,3749,885950,38928,18734424
1788986969890764059,28122988,27159187,3749,886539,38929,18734424
1788986970008717125,28123745,27159337,3749,887140,38929,18734424
1788986970123199296,28124481,27159373,3749,887832,38929,18734424
1788986970238234026,28125222,27159473,3749,888462,38929,18734424
1788986970354481801,28125966,27159667,3749,889011,38930,18734424
1788986970472635018,28126715,27159793,3749,889635,38931,18734424
1788986970590585675,28127471,27159955,3749,890224,38931,18734424
1788986970708249961,28128227,27160089,3749,890836,38931,18734424
1788986970826243403,28128982,27160171,3749,891504,38931,18734424
1788986970941229567,28129714,27160244,3749,892163,38932,18734424
1788986971055339634,28130440,27160328,3749,892803,38933,18734424
1788986971173305984,28131193,27160500,3749,893381,38933,18734424
1788986971291586742,28131936,27160662,3749,893974,38935,18734424
1788986971409465416,28132692,27160737,3749,894649,38935,18734424
1788986971526751033,28133440,27160894,3749,895236,38937,18734424
1788986971645280025,28134199,27160987,3749,895893,38937,18734424
1788986971763244139,28134952,27161066,3749,896566,38937,18734424
1788986971877353303,28135682,27161143,3749,897213,38938,18734424
1788986971995331587,28136440,27161279,3749,897827,38939,18734424
1788986972112917411,28137193,27161439,3749,898416,38939,18734424
1788986972230604362,28137938,27161526,3749,899080,38940,18734424
1788986972347322598,28138689,27161670,3749,899673,38940,18734424
1788986972464515684,28139432,27161808,3749,900284,38941,18734424
1788986972582355494,28140184,27161929,3749,900909,38941,18734424
1788986972696304323,28140906,27161995,3749,901568,38942,18734424
1788986972814212862,28141662,27162083,3749,902231,38942,18734424
1788986972931409962,28142403,27162230,3749,902826,38944,18734424
1788986973047785497,28143144,27162332,3749,903468,38944,18734424
1788986973166019424,28143910,27162459,3749,904093,38944,18734424
1788986973281992032,28144650,27162641,3749,904648,38945,18734424
1788986973399926933,28145404,27162791,3749,905248,38945,18734424
1788986973514067563,28146125,27162887,3749,905877,38945,18734424
1788986973630154470,28146868,27163010,3749,906492,38947,18734424
1788986973748008832,28147623,27163188,3749,907065,38947,18734424
1788986973866285529,28148375,27163317,3749,907686,38948,18734424
1788986973980462549,28149097,27163456,3749,908269,38950,18734424
1788986974098464062,28149837,27163613,3749,908861,38951,18734424
1788986974216385584,28150585,27163749,3749,909482,38951,18734424
1788986974349602870,28151437,27163818,3749,910257,38952,18734424
1788986974463197967,28152178,27163977,3749,910818,38952,18734424
1788986974581007856,28152930,27164064,3749,911483,38952,18734424
1788986974696033280,28153665,27164195,3749,912082,38952,18734424
1788986974813013115,28154418,27164311,3749,912711,38953,18734424
1788986974930869832,28155163,27164474,3749,913297,38954,18734424
1788986975048976073,28155918,27164628,3749,913893,38954,18734424
1788986975162789371,28156642,27164712,3749,914537,38954,18734424
1788986975281026363,28157402,27164853,3749,915144,38956,18734424
1788986975399290146,28158159,27164927,3749,915821,38956,18734424
1788986975513100947,28158884,27164982,3749,916489,38959,18734424
1788986975631457270,28159633,27165107,3749,917114,38959,18734424
1788986975749413187,28160387,27165217,3749,917755,38960,18734424
1788986975863518555,28161115,27165290,3749,918414,38960,18734424
1788986975981322930,28161866,27165390,3749,919061,38960,18734424
1788986976095376209,28162597,27165431,3749,919744,38960,18734424
1788986976209292302,28163326,27165516,3749,920383,38962,18734424
1788986976327264654,28164078,27165674,3749,920975,38962,18734424
1788986976441319864,28164801,27165700,3749,921675,38963,18734424
1788986976558600567,28165553,27165841,3749,922283,38963,18734424
1788986976674708683,28166286,27165952,3749,922912,38963,18734424
1788986976789003062,28167025,27166018,3749,923572,38963,18734424
1788986976904890158,28167762,27166178,3749,924147,38964,18734424
1788986977022870951,28168515,27166261,3749,924816,38964,18734424
1788986977137078663,28169240,27166337,3749,925465,38965,18734424
1788986977254673480,28169993,27166425,3749,926127,38966,18734424
1788986977370460688,28170733,27166498,3749,926787,38966,18734424
1788986977484794935,28171458,27166573,3749,927443,38967,18734424
1788986977602850607,28172223,27166694,3749,928073,38967,18734424
1788986977717271495,28172954,27166718,3749,928780,38967,18734424
1788986977835331297,28173702,27166853,3749,929395,38967,18734424
1788986977953289809,28174453,27166932,3749,930064,38967,18734424
1788986978067522256,28175185,27166985,3749,930743,38967,18734424
1788986978185572515,28175929,27167229,3749,931232,38977,18734424
1788986978302354705,28176653,27167464,3749,931711,38992,18734424
1788986978416396944,28177366,27167755,3749,932113,39013,18734424
1788986978532156421,28178100,27167890,3749,932233,39489,18734424
1788986978649545749,28178836,27168115,3749,932510,39731,18734424
1788986978764358619,28179562,27168385,3749,932943,39746,18734424
1788986978880050349,28180283,27168661,3749,933378,39758,18734424
1788986978995499529,28181021,27168881,3749,933873,39768,18734424
1788986979111290852,28181745,27169134,3749,934333,39781,18734424
1788986979226814255,28182481,27169396,3749,934780,39794,18734424
1788986979341299384,28183173,27169639,3749,935236,39811,18734424
1788986979456463374,28183900,27169884,3749,935699,39824,18734424
1788986979571694024,28184622,27170129,3749,936157,39841,18734424
1788986979687535573,28185338,27170364,3749,936639,39854,18734424
1788986979801015497,28186062,27170603,3749,937099,39863,18734424
1788986979915985485,28186786,27170827,3749,937575,39882,18734424
1788986980030451232,28187521,27171084,3749,938018,39899,18734424
1788986980145950449,28188238,27171368,3749,938445,39911,18734424
1788986980260197303,28188985,27171631,3749,938886,39924,18734424
1788986980376987968,28189719,27171876,3749,939364,39932,18734424
1788986980492092890,28190449,27172131,3749,939823,39944,18734424
1788986980607856518,28191151,27172394,3749,940271,39957,18734424
1788986980724340557,28191876,27172611,3749,940695,40046,18734424
1788986980838648265,28192579,27172872,3749,941137,40059,18734424
1788986980953977833,28193276,27173147,3749,941571,40071,18734424
1788986981069038247,28193994,27173391,3749,942037,40084,18734424
1788986981184559267,28194687,27173628,3749,942514,40094,18734424
1788986981299618015,28195418,27173866,3749,942977,40113,18734424
1788986981416297054,28196131,27174109,3749,943452,40127,18734424
1788986981531278925,28196851,27174356,3749,943908,40143,18734424
1788986981646610811,28197560,27174618,3749,944356,40155,18734424
1788986981762114089,28198301,27174890,3749,944802,40165,18734424
1788986981875903402,28199003,27175171,3749,945221,40176,18734424
1788986981991685006,28199714,27175410,3749,945694,40189,18734424
1788986982107748986,28200434,27175638,3749,946100,40284,18734424
1788986982222342646,28201154,27175885,3749,946556,40298,18734424
1788986982338642397,28201870,27176154,3749,947000,40314,18734424
1788986982455452701,28202616,27176450,3749,947433,40320,18734424
1788986982568506349,28203315,27176711,3749,947872,40328,18734424
1788986982682859420,28204045,27177002,3749,948290,40337,18734424
1788986982797965749,28204752,27177243,3749,948755,40352,18734424
1788986982914707282,28205480,27177492,3749,949219,40369,18734424
1788986983030425320,28206204,27177743,3749,949677,40382,18734424
1788986983145480102,28206900,27177996,3749,950128,40400,18734424
1788986983265270857,28207647,27178271,3749,950588,40415,18734424
1788986983381736479,28208366,27178541,3749,951035,40429,18734424
1788986983499204427,28209095,27178805,3749,951493,40442,18734424
1788986983615923845,28209836,27179045,3749,951895,40532,18734424
1788986983731816114,28210558,27179308,3749,952347,40543,18734424
1788986983848970171,28211278,27179589,3749,952784,40557,18734424
1788986983967272120,28212034,27179838,3749,953272,40566,18734424
1788986984082091321,28212753,27180106,3749,953709,40578,18734424
1788986984196873461,28213497,27180361,3749,954159,40591,18734424
1788986984312216241,28214210,27180624,3749,954605,40606,18734424
1788986984442223208,28215028,27180900,3749,955121,40625,18734424
1788986984556606328,28215728,27181158,3749,955567,40636,18734424
1788986984673032493,28216452,27181400,3749,956046,40646,18734424
1788986984788579986,28217160,27181680,3749,956478,40660,18734424
1788986984904075269,28217877,27181925,3749,956940,40673,18734424
1788986985019541889,28218604,27182193,3749,957384,40687,18734424
1788986985134405529,28219338,27182440,3749,957843,40698,18734424
1788986985250455022,28220073,27182725,3749,958274,40708,18734424
1788986985367848780,28220821,27182976,3749,958749,40719,18734424
1788986985482848265,28221510,27183219,3749,959212,40734,18734424
1788986985599385343,28222239,27183468,3749,959682,40743,18734424
1788986985715182465,28222976,27183709,3749,960077,40835,18734424
1788986985832000190,28223699,27183957,3749,960547,40848,18734424
1788986985947991752,28224436,27184235,3749,960982,40860,18734424
1788986986062107526,28225163,27184471,3749,961453,40873,18734424
1788986986180036451,28225924,27184714,3749,961939,40883,18734424
1788986986295545669,28226654,27184960,3749,962399,40898,18734424
1788986986410892857,28227406,27185220,3749,962852,40906,18734424
1788986986527034955,28228122,27185481,3749,963301,40923,18734424
1788986986641839209,28228845,27185755,3749,963738,40934,18734424
1788986986758345918,28229593,27186063,3749,964150,40944,18734424
1788986986875812957,28230329,27186344,3749,964592,40957,18734424
1788986986990260236,28231037,27186587,3749,965051,40973,18734424
1788986987104254959,28231735,27186804,3749,965449,41071,18734424
1788986987217147405,28232430,27187045,3749,965901,41086,18734424
1788986987332038340,28233144,27187295,3749,966358,41098,18734424
1788986987449994571,28233859,27187541,3749,966842,41107,18734424
1788986987565896952,28234583,27187795,3749,967301,41119,18734424
1788986987681704343,28235320,27188029,3749,967782,41132,18734424
1788986987796817165,28236039,27188282,3749,968234,41146,18734424
1788986987913681457,28236782,27188536,3749,968697,41160,18734424
1788986988028088600,28237498,27188798,3749,969137,41174,18734424
1788986988142386177,28238217,27189079,3749,969561,41187,18734424
1788986988256369163,28238908,27189321,3749,970021,41201,18734424
1788986988369906440,28239614,27189568,3749,970471,41213,18734424
1788986988484559340,28240349,27189824,3749,970920,41227,18734424
1788986988603764901,28241096,27190054,3749,971338,41325,18734424
1788986988720662240,28241830,27190304,3749,971803,41342,18734424
1788986988838659443,28242566,27190574,3749,972262,41354,18734424
1788986988952640643,28243295,27190857,3749,972684,41366,18734424
1788986989068075692,28244001,27191104,3749,973144,41380,18734424
1788986989184276708,28244725,27191355,3749,973605,41394,18734424
1788986989301029775,28245450,27191603,3749,974074,41408,18734424
1788986989415067577,28246173,27191867,3749,974514,41419,18734424
1788986989530979677,28246928,27192119,3749,974983,41429,18734424
1788986989651364900,28247671,27192390,3749,975448,41446,18734424
1788986989767001826,28248402,27192631,3749,975920,41456,18734424
1788986989882622537,28249130,27192881,3749,976377,41472,18734424
1788986989996685639,28249857,27193143,3749,976818,41487,18734424
1788986990112381854,28250563,27193414,3749,977252,41503,18734424
1788986990227342435,28251289,27193680,3749,977693,41519,18734424
1788986990347252064,28252041,27193919,3749,978188,41536,18734424
1788986990462736307,28252747,27194168,3749,978649,41547,18734424
1788986990577411784,28253465,27194437,3749,979086,41559,18734424
1788986990693166289,28254200,27194666,3749,979498,41649,18734424
1788986990808307489,28254885,27194926,3749,979936,41667,18734424
1788986990923757918,28255610,27195176,3749,980391,41685,18734424
1788986991040724642,28256354,27195417,3749,980873,41694,18734424
1788986991157856131,28257083,27195652,3749,981360,41706,18734424
1788986991273714364,28257781,27195892,3749,981831,41720,18734424
1788986991389631208,28258503,27196162,3749,982273,41734,18734424
1788986991506827252,28259252,27196404,3749,982750,41749,18734424
1788986991622588252,28259967,27196673,3749,983187,41768,18734424
1788986991740019372,28260738,27196912,3749,983677,41775,18734424
1788986991856069699,28261478,27197193,3749,984107,41790,18734424
1788986991972788679,28262192,27197433,3749,984587,41802,18734424
1788986992088821950,28262922,27197666,3749,984991,41894,18734424
1788986992203415050,28263649,27197905,3749,985452,41909,18734424
1788986992319530948,28264397,27198183,3749,985889,41923,18734424
1788986992437986262,28265125,27198428,3749,986378,41934,18734424
1788986992553643332,28265835,27198668,3749,986848,41947,18734424
1788986992668666173,28266559,27198910,3749,987313,41959,18734424
1788986992784715788,28267295,27199160,3749,987778,41974,18734424
1788986992898758210,28268015,27199408,3749,988226,41988,18734424
1788986993015073879,28268750,27199683,3749,988664,42004,18734424
1788986993132153245,28269498,27199917,3749,989153,42016,18734424
1788986993246662019,28270191,27200178,3749,989594,42031,18734424
1788986993360655451,28270906,27200438,3749,990027,42050,18734424
1788986993476398597,28271632,27200701,3749,990472,42067,18734424
1788986993593398565,28272359,27200966,3749,990916,42089,18734424
1788986993709843011,28273068,27201222,3749,991375,42103,18734424
1788986993824214246,28273778,27201471,3749,991834,42116,18734424
1788986993939549523,28274532,27201715,3749,992303,42124,18734424
1788986994053990915,28275269,27201964,3749,992756,42137,18734424
1788986994169758325,28276015,27202188,3749,993168,42230,18734424
1788986994286328131,28276736,27202443,3749,993629,42244,18734424
1788986994401007523,28277462,27202700,3749,994078,42255,18734424
1788986994518402311,28278206,27202952,3749,994550,42265,18734424
1788986994633006687,28278962,27203197,3749,995012,42277,18734424
1788986994747092246,28279657,27203456,3749,995456,42290,18734424
1788986994863497574,28280362,27203696,3749,995931,42304,18734424
1788986994979795382,28281101,27203939,3749,996399,42320,18734424
1788986995095129180,28281836,27204195,3749,996854,42331,18734424
1788986995210454608,28282558,27204455,3749,997307,42341,18734424
1788986995326223310,28283310,27204712,3749,997763,42354,18734424
1788986995441780902,28284056,27204960,3749,998224,42368,18734424
1788986995558697788,28284793,27205212,3749,998690,42381,18734424
1788986995675812216,28285535,27205446,3749,999104,42466,18734424
1788986995790813765,28286254,27205694,3749,999561,42481,18734424
1788986995908168220,28286999,27205928,3749,1000051,42493,18734424
1788986996025611440,28287753,27206178,3749,1000531,42500,18734424
1788986996142663159,28288473,27206408,3749,1001018,42514,18734424
1788986996259175714,28289186,27206662,3749,1001482,42527,18734424
1788986996374770134,28289898,27206947,3749,1001904,42545,18734424
1788986996489100062,28290608,27207203,3749,1002349,42560,18734424
1788986996605037199,28291327,27207441,3749,1002829,42568,18734424
1788986996721564749,28292061,27207685,3749,1003300,42584,18734424
1788986996837333593,28292807,27207923,3749,1003776,42595,18734424
1788986996953806656,28293537,27208179,3749,1004231,42611,18734424
1788986997068353266,28294240,27208399,3749,1004643,42700,18734424
1788986997184502354,28294980,27208677,3749,1005078,42713,18734424
1788986997299348152,28295712,27208916,3749,1005545,42727,18734424
1788986997414201760,28296451,27209147,3749,1006021,42738,18734424
1788986997529123454,28297161,27209390,3749,1006481,42756,18734424
1788986997646584338,28297885,27209634,3749,1006954,42776,18734424
1788986997762118041,28298621,27209892,3749,1007406,42788,18734424
1788986997878263855,28299364,27210154,3749,1007860,42801,18734424
1788986997993052848,28300097,27210388,3749,1008337,42810,18734424
1788986998109098154,28300824,27210625,3749,1008808,42826,18734424
1788986998225184115,28301540,27210869,3749,1009281,42836,18734424
1788986998342792228,28302291,27211109,3749,1009764,42848,18734424
1788986998459106527,28303035,27211361,3749,1010227,42864,18734424
1788986998574204458,28303761,27211633,3749,1010664,42873,18734424
1788986998687985958,28304479,27211930,3749,1011072,42882,18734424
1788986998803021475,28305205,27212227,3749,1011485,42893,18734424
1788986998917111403,28305920,27212503,3749,1011913,42905,18734424
1788986999031415297,28306640,27212747,3749,1012374,42919,18734424
1788986999146071405,28307368,27212983,3749,1012765,43008,18734424
1788986999261715795,28308108,27213242,3749,1013217,43020,18734424
1788986999377904090,28308836,27213495,3749,1013683,43031,18734424
1788986999504037740,28309626,27213755,3749,1014198,43046,18734424
1788986999620486041,28310342,27213999,3749,1014671,43059,18734424
1788986999735541947,28311060,27214247,3749,1015123,43078,18734424
1788986999850753711,28311795,27214500,3749,1015579,43091,18734424
1788986999964984253,28312531,27214745,3749,1016035,43105,18734424
1788987000078990026,28313219,27214979,3749,1016505,43121,18734424
1788987000196125774,28313966,27215224,3749,1016983,43130,18734424
1788987000312157073,28314698,27215495,3749,1017425,43142,18734424
1788987000427009663,28315445,27215757,3749,1017866,43158,18734424
1788987000541980353,28316164,27215985,3749,1018273,43247,18734424
1788987000656857843,28316876,27216244,3749,1018717,43261,18734424
1788987000771906320,28317618,27216532,3749,1019139,43272,18734424
1788987000888381028,28318366,27216786,3749,1019606,43282,18734424
1788987001003760384,28319094,27217036,3749,1020071,43292,18734424
1788987001118982468,28319820,27217278,3749,1020533,43308,18734424
1788987001231389131,28320524,27217561,3749,1020940,43322,18734424
1788987001345323031,28321230,27217811,3749,1021391,43334,18734424
1788987001461729397,28321970,27218069,3749,1021851,43345,18734424
1788987001578493948,28322716,27218380,3749,1022268,43354,18734424
1788987001695382565,28323433,27218637,3749,1022730,43365,18734424
1788987001810693137,28324152,27218903,3749,1023175,43376,18734424
1788987001927603788,28324881,27219143,3749,1023651,43391,18734424
1788987002044058069,28325614,27219405,3749,1024103,43405,18734424
1788987002159595224,28326329,27219665,3749,1024557,43416,18734424
1788987002275058969,28327068,27219902,3749,1025032,43429,18734424
1788987002391628289,28327837,27220140,3749,1025509,43443,18734424
1788987002507007287,28328582,27220405,3749,1025955,43454,18734424
1788987002624183365,28329312,27220666,3749,1026412,43469,18734424
1788987002742790203,28330076,27220912,3749,1026819,43561,18734424
1788987002859359590,28330807,27221173,3749,1027278,43570,18734424
1788987002977028623,28331537,27221415,3749,1027761,43582,18734424
1788987003091575352,28332236,27221665,3749,1028221,43595,18734424
1788987003206821787,28332968,27221907,3749,1028679,43613,18734424
1788987003322114703,28333700,27222171,3749,1029126,43630,18734424
1788987003437805174,28334426,27222423,3749,1029576,43648,18734424
1788987003552645026,28335125,27222693,3749,1030013,43661,18734424
1788987003669008221,28335871,27222948,3749,1030479,43668,18734424
1788987003783579809,28336581,27223201,3749,1030931,43683,18734424
1788987003900531009,28337285,27223441,3749,1031406,43700,18734424
1788987004016861900,28338020,27223710,3749,1031852,43713,18734424
1788987004131727757,28338739,27223943,3749,1032248,43805,18734424
1788987004246532309,28339433,27224189,3749,1032701,43826,18734424
1788987004362594222,28340159,27224424,3749,1033180,43838,18734424
1788987004480027803,28340906,27224708,3749,1033621,43849,18734424
1788987004595075137,28341627,27224965,3749,1034077,43862,18734424
1788987004710967410,28342360,27225198,3749,1034550,43878,18734424
1788987004826808282,28343069,27225447,3749,1035011,43892,18734424
1788987004942840047,28343802,27225710,3749,1035458,43909,18734424
1788987005059508397,28344531,27225942,3749,1035948,43917,18734424
1788987005176916202,28345269,27226184,3749,1036426,43932,18734424
1788987005290721623,28345981,27226458,3749,1036854,43943,18734424
1788987005407247118,28346719,27226698,3749,1037332,43956,18734424
1788987005522606939,28347446,27226962,3749,1037776,43969,18734424
1788987005636700759,28348158,27227205,3749,1038234,43982,18734424
1788987005751293125,28348902,27227452,3749,1038695,43994,18734424
1788987005871839724,28349650,27227685,3749,1039204,44005,18734424
1788987005988760638,28350377,27227923,3749,1039689,44016,18734424
1788987006105414680,28351097,27228176,3749,1040149,44032,18734424
1788987006220480087,28351815,27228414,3749,1040533,44131,18734424
1788987006335082317,28352536,27228668,3749,1040977,44151,18734424
1788987006450896034,28353276,27228943,3749,1041414,44165,18734424
1788987006566422273,28353992,27229197,3749,1041869,44179,18734424
1788987006683259528,28354711,27229452,3749,1042332,44195,18734424
1788987006797868975,28355421,27229716,3749,1042766,44215,18734424
1788987006914473923,28356146,27229946,3749,1043252,44228,18734424
1788987007031079617,28356892,27230206,3749,1043710,44239,18734424
1788987007147180608,28357589,27230479,3749,1044155,44252,18734424
1788987007263718912,28358322,27230736,3749,1044609,44271,18734424
1788987007380055957,28359032,27230986,3749,1045076,44283,18734424
1788987007496035689,28359773,27231243,3749,1045530,44297,18734424
1788987007611738499,28360510,27231474,3749,1045998,44321,18734424
1788987007728830344,28361246,27231713,3749,1046408,44405,18734424
1788987007844131171,28361974,27231970,3749,1046865,44417,18734424
1788987007958527222,28362666,27232205,3749,1047333,44428,18734424
1788987008076764212,28363405,27232458,3749,1047808,44441,18734424
1788987008192351004,28364134,27232692,3749,1048288,44452,18734424
1788987008308152041,28364847,27232944,3749,1048747,44463,18734424
1788987008423289541,28365577,27233195,3749,1049207,44475,18734424
1788987008537524267,28366279,27233456,3749,1049644,44490,18734424
1788987008652984216,28366998,27233681,3749,1050130,44503,18734424
1788987008769273640,28367732,27233919,3749,1050605,44519,18734424
1788987008883104650,28368466,27234190,3749,1051038,44531,18734424
1788987008998406616,28369175,27234436,3749,1051496,44548,18734424
1788987009113801874,28369899,27234664,3749,1051895,44642,18734424
1788987009230531321,28370644,27234939,3749,1052335,44659,18734424
1788987009344840037,28371370,27235198,3749,1052779,44670,18734424
1788987009462847091,28372109,27235454,3749,1053249,44686,18734424
1788987009578306849,28372859,27235696,3749,1053717,44697,18734424
1788987009695283916,28373585,27235958,3749,1054177,44712,18734424
1788987009810058657,28374302,27236204,3749,1054628,44729,18734424
1788987009925126978,28375020,27236458,3749,1055084,44743,18734424
1788987010039473146,28375713,27236773,3749,1055477,44751,18734424
1788987010154674467,28376416,27237020,3749,1055934,44768,18734424
1788987010271481254,28377148,27237269,3749,1056401,44784,18734424
1788987010387461324,28377873,27237529,3749,1056854,44799,18734424
1788987010502221735,28378587,27237769,3749,1057321,44809,18734424
1788987010617662289,28379313,27238054,3749,1057745,44823,18734424
1788987010734843848,28380063,27238287,3749,1058230,44840,18734424
1788987010851862900,28380805,27238546,3749,1058690,44853,18734424
1788987010966838864,28381513,27238791,3749,1059146,44871,18734424
1788987011084006246,28382236,27239048,3749,1059609,44886,18734424
1788987011200328421,28382967,27239272,3749,1060027,44976,18734424
1788987011314028620,28383667,27239516,3749,1060478,44990,18734424
1788987011430130012,28384404,27239772,3749,1060944,45000,18734424
1788987011550081587,28385148,27240034,3749,1061419,45014,18734424
1788987011666103913,28385871,27240291,3749,1061873,45029,18734424
1788987011781882589,28386600,27240535,3749,1062341,45041,18734424
1788987011898990359,28387337,27240792,3749,1062802,45055,18734424
1788987012014274910,28388056,27241044,3749,1063255,45073,18734424
1788987012130493324,28388787,27241292,3749,1063723,45088,18734424
1788987012249247206,28389548,27241546,3749,1064202,45100,18734424
1788987012365569127,28390260,27241788,3749,1064673,45113,18734424
1788987012480468073,28390993,27242021,3749,1065147,45124,18734424
1788987012596152574,28391751,27242263,3749,1065549,45207,18734424
1788987012712025525,28392475,27242514,3749,1066012,45219,18734424
1788987012829234776,28393216,27242787,3749,1066461,45232,18734424
1788987012945196088,28393956,27243401,3749,1066569,45239,18763736
1788987013057835052,28394668,27243790,3749,1066891,45241,18768600
1788987013185000406,28395483,27243876,3749,1067612,45241,18768600
1788987013299925341,28396220,27243962,3749,1068259,45242,18768600
1788987013414118990,28396950,27244054,3749,1068889,45244,18768600
1788987013532079372,28397701,27244184,3749,1069509,45245,18768600
1788987013646838980,28398436,27244205,3749,1070222,45245,18768600
1788987013761735108,28399165,27244290,3749,1070867,45245,18768600
1788987013878733526,28399916,27244416,3749,1071485,45246,18768600
1788987013992927545,28400656,27244441,3749,1072188,45246,18768600
1788987014110325446,28401399,27244563,3749,1072809,45246,18768600
1788987014228196855,28402153,27244676,3749,1073447,45246,18768600
1788987014342191827,28402885,27244729,3749,1074123,45246,18768600
1788987014460008415,28403636,27244845,3749,1074756,45246,18768600
1788987014578180186,28404389,27244963,3749,1075389,45247,18768600
1788987014692418396,28405127,27245064,3749,1076017,45247,18768600
1788987014810655885,28405877,27245182,3749,1076652,45247,18768600
1788987014925581335,28406611,27245281,3749,1077286,45248,18768600
1788987015039572771,28407344,27245378,3749,1077911,45249,18768600
1788987015157500469,28408095,27245553,3749,1078481,45249,18768600
1788987015271259092,28408823,27245608,3749,1079153,45249,18768600
1788987015385512247,28409564,27245708,3749,1079784,45249,18768600
1788987015503509450,28410319,27245834,3749,1080402,45249,18768600
1788987015617626298,28411051,27245865,3749,1081104,45249,18768600
1788987015735086949,28411804,27245999,3749,1081713,45251,18768600
1788987015853069316,28412557,27246091,3749,1082371,45251,18768600
1788987015967220837,28413293,27246138,3749,1083052,45251,18768600
1788987016084251970,28414041,27246241,3749,1083693,45251,18768600
1788987016202268071,28414798,27246326,3749,1084360,45251,18768600
1788987016316286733,28415524,27246399,3749,1085012,45252,18768600
1788987016432638615,28416262,27246485,3749,1085670,45252,18768600
1788987016549422082,28417009,27246662,3749,1086229,45253,18768600
1788987016665574300,28417747,27246776,3749,1086859,45253,18768600
1788987016783527527,28418500,27246903,3749,1087482,45254,18768600
1788987016901685706,28419250,27247025,3749,1088109,45257,18768600
1788987017017871914,28419995,27247133,3749,1088740,45257,18768600
1788987017132100778,28420728,27247188,3749,1089412,45257,18768600
1788987017248002133,28421468,27247292,3749,1090045,45257,18768600
1788987017366003827,28422222,27247420,3749,1090671,45257,18768600
1788987017484238788,28422981,27247536,3749,1091305,45257,18768600
1788987017599197420,28423721,27247664,3749,1091908,45257,18768600
1788987017717292433,28424467,27247820,3749,1092501,45257,18768600
1788987017835184477,28425225,27247940,3749,1093133,45257,18768600
1788987017949584702,28425954,27247961,3749,1093845,45257,18768600
1788987018068921631,28426708,27248066,3749,1094498,45258,18768600
1788987018181786983,28427423,27248222,3749,1095060,45259,18768600
1788987018299794353,28428174,27248388,3749,1095641,45261,18768600
1788987018417788863,28428927,27248512,3749,1096268,45261,18768600
1788987018535595834,28429676,27248659,3749,1096870,45262,18768600
1788987018653487587,28430435,27248753,3749,1097525,45262,18768600
1788987018771189380,28431192,27248837,3749,1098189,45262,18768600
1788987018885269806,28431935,27248924,3749,1098828,45262,18768600
1788987019003223889,28432694,27249045,3749,1099457,45262,18768600
1788987019120689276,28433429,27249193,3749,1100059,45263,18768600
1788987019238977237,28434195,27249279,3749,1100725,45263,18768600
1788987019356744188,28434943,27249429,3749,1101324,45264,18768600
1788987019473739622,28435692,27249531,3749,1101964,45265,18768600
1788987019591628548,28436447,27249624,3749,1102624,45265,18768600
1788987019705986943,28437179,27249692,3749,1103281,45266,18768600
1788987019833927512,28437993,27249783,3749,1104003,45267,18768600
1788987019946834311,28438711,27249961,3749,1104543,45268,18768600
1788987020063973075,28439463,27250072,3749,1105176,45269,18768600
1788987020182007878,28440219,27250198,3749,1105801,45269,18768600
1788987020298425002,28440971,27250330,3749,1106406,45269,18768600
1788987020416433862,28441722,27250404,3749,1107083,45269,18768600
1788987020530540100,28442455,27250461,3749,1107755,45271,18768600
1788987020647668269,28443200,27250608,3749,1108352,45272,18768600
1788987020765620556,28443955,27250747,3749,1108962,45272,18768600
1788987020879319311,28444676,27250862,3749,1109567,45273,18768600
1788987020996167205,28445420,27250988,3749,1110186,45273,18768600
1788987021113996553,28446169,27251158,3749,1110764,45274,18768600
1788987021231745950,28446917,27251282,3749,1111390,45274,18768600
1788987021347254743,28447660,27251315,3749,1112091,45274,18768600
1788987021462297752,28448384,27251402,3749,1112733,45276,18768600
1788987021580268438,28449144,27251585,3749,1113300,45277,18768600
1788987021698252385,28449907,27251753,3749,1113880,45278,18768600
1788987021816097972,28450655,27251857,3749,1114529,45278,18768600
1788987021929244941,28451388,27252064,3749,1115041,45279,18768600
1788987022045646051,28452127,27252165,3749,1115681,45280,18768600
1788987022163469328,28452883,27252240,3749,1116352,45280,18768600
1788987022277638955,28453609,27252307,3749,1117016,45281,18768600
1788987022394898362,28454362,27252396,3749,1117671,45282,18768600
1788987022512820527,28455105,27252581,3749,1118236,45282,18768600
1788987022629731500,28455848,27252693,3749,1118866,45284,18768600
1788987022747659663,28456604,27252818,3749,1119492,45285,18768600
1788987022865990798,28457360,27252935,3749,1120125,45285,18768600
1788987022983876256,28458117,27253035,3749,1120775,45286,18768600
1788987023098343062,28458849,27253080,3749,1121457,45286,18768600
1788987023215322390,28459591,27253191,3749,1122089,45287,18768600
1788987023333190958,28460351,27253336,3749,1122697,45287,18768600
1788987023449155088,28461090,27253432,3749,1123335,45288,18768600
1788987023563590975,28461819,27253599,3749,1123901,45288,18768600
1788987023696293156,28462677,27253766,3749,1124572,45288,18768600
1788987023814186031,28463427,27253887,3749,1125202,45288,18768600
1788987023929057203,28464163,27253908,3749,1125919,45288,18768600
1788987024047369552,28464917,27254008,3749,1126565,45289,18768600
1788987024161540972,28465646,27254144,3749,1127156,45290,18768600
1788987024279516791,28466398,27254327,3749,1127723,45291,18768600
1788987024397311150,28467159,27254472,3749,1128323,45291,18768600
1788987024515229710,28467910,27254623,3749,1128922,45291,18768600
1788987024631623339,28468655,27254745,3749,1129544,45291,18768600
1788987024749459580,28469410,27254841,3749,1130194,45292,18768600
1788987024863816055,28470156,27254930,3749,1130835,45293,18768600
1788987024982080061,28470913,27255050,3749,1131465,45293,18768600
1788987025099738070,28471664,27255159,3749,1132105,45294,18768600
1788987025216379720,28472414,27255258,3749,1132745,45294,18768600
1788987025334339604,28473163,27255452,3749,1133300,45294,18768600
1788987025450822698,28473904,27255590,3749,1133904,45296,18768600
1788987025568902027,28474658,27255666,3749,1134580,45296,18768600
1788987025682972463,28475383,27255729,3749,1135242,45297,18768600
1788987025799707296,28476126,27255847,3749,1135869,45297,18768600
1788987025917621799,28476881,27255984,3749,1136482,45298,18768600
1788987026028925447,28477603,27256104,3749,1137067,45299,18768600
1788987026146829265,28478357,27256185,3749,1137739,45299,18768600
1788987026263115241,28479090,27256356,3749,1138305,45299,18768600
1788987026380982003,28479844,27256492,3749,1138919,45299,18768600
1788987026495398113,28480578,27256529,3749,1139610,45299,18768600
1788987026612053696,28481326,27256678,3749,1140205,45300,18768600
1788987026730317386,28482086,27256783,3749,1140851,45300,18768600
1788987026847175658,28482830,27256945,3749,1141432,45301,18768600
1788987026965256253,28483586,27257065,3749,1142062,45301,18768600
1788987027083132560,28484338,27257229,3749,1142647,45302,18768600
1788987027201012648,28485096,27257315,3749,1143314,45302,18768600
1788987027314092416,28485817,27257381,3749,1143967,45302,18768600
1788987027428278703,28486554,27257465,3749,1144606,45303,18768600
1788987027546266066,28487311,27257576,3749,1145246,45303,18768600
1788987027664138401,28488060,27257709,3749,1145863,45304,18768600
1788987027781986764,28488812,27257793,3749,1146531,45304,18768600
1788987027896326940,28489550,27257942,3749,1147107,45304,18768600
1788987028014636439,28490307,27258028,3749,1147747,45336,18768600
1788987028132754465,28491060,27258099,3749,1148421,45342,18768600
1788987028246910927,28491789,27258170,3749,1149045,45371,18768600
1788987028365037800,28492545,27258235,3749,1149676,45428,18768600
1788987028482572535,28493294,27258383,3749,1150238,45468,18768600
1788987028597814311,28494025,27258500,3749,1150805,45514,18768600
1788987028715921586,28494783,27258567,3749,1151432,45572,18768600
1788987028834174693,28495532,27258717,3749,1151990,45613,18768600
1788987028952201943,28496288,27258843,3749,1152572,45657,18768600
1788987029067622024,28497024,27258864,3749,1153291,45657,18768600
1788987029185891339,28497780,27258960,3749,1153896,45707,18768600
1788987029301890264,28498520,27259107,3749,1154442,45752,18768600
1788987029420147389,28499269,27259255,3749,1155006,45790,18768600
1788987029538127283,28500020,27259327,3749,1155636,45840,18768600
1788987029656882622,28500777,27259461,3749,1156196,45901,18768600
1788987029774711272,28501523,27259567,3749,1156796,45947,18768600
1788987029892604152,28502279,27259653,3749,1157446,45963,18768600
1788987030006652204,28503012,27259716,3749,1158093,45979,18768600
1788987030123425420,28503755,27259823,3749,1158696,46007,18768600
1788987030241405034,28504507,27259951,3749,1159318,46007,18768600
1788987030354481415,28505217,27260077,3749,1159911,46009,18768600
1788987030472278693,28505971,27260192,3749,1160546,46009,18768600
1788987030590199703,28506725,27260347,3749,1161141,46009,18768600
1788987030708267439,28507475,27260482,3749,1161757,46009,18768600
1788987030822709339,28508204,27260519,3749,1162453,46009,18768600
1788987030939714132,28508944,27260646,3749,1163067,46010,18768600
1788987031058001186,28509701,27260733,3749,1163732,46010,18768600
1788987031175661591,28510449,27260874,3749,1164341,46011,18768600
1788987031293608607,28511206,27261004,3749,1164962,46011,18768600
1788987031411498577,28511958,27261169,3749,1165545,46012,18768600
1788987031529552437,28512719,27261302,3749,1166162,46012,18768600
1788987031644477536,28513453,27261339,3749,1166854,46012,18768600
1788987031758409376,28514184,27261416,3749,1167500,46013,18768600
1788987031876335735,28514938,27261549,3749,1168118,46013,18768600
1788987031994397158,28515694,27261715,3749,1168701,46014,18768600
1788987032112292068,28516446,27261817,3749,1169353,46014,18768600
1788987032229640388,28517197,27261996,3749,1169921,46014,18768600
1788987032347551282,28517954,27262086,3749,1170582,46014,18768600
1788987032465434656,28518704,27262165,3749,1171249,46014,18768600
1788987032579506113,28519416,27262243,3749,1171901,46015,18768600
1788987032697382565,28520171,27262340,3749,1172553,46015,18768600
1788987032814789993,28520920,27262468,3749,1173171,46015,18768600
1788987032933152734,28521684,27262565,3749,1173826,46015,18768600
1788987033051066838,28522437,27262734,3749,1174407,46015,18768600
1788987033168465014,28523185,27262899,3749,1174985,46018,18768600
1788987033286382267,28523938,27262984,3749,1175650,46018,18768600
1788987033400659182,28524659,27263048,3749,1176317,46018,18768600
1788987033518636820,28525413,27263143,3749,1176973,46019,18768600
1788987033636453604,28526166,27263218,3749,1177644,46019,18768600
1788987033750470596,28526885,27263311,3749,1178273,46020,18768600
1788987033868409537,28527640,27263412,3749,1178927,46020,18768600
1788987033981156667,28528364,27263470,3749,1179586,46020,18768600
1788987034095271673,28529092,27263548,3749,1180231,46022,18768600
1788987034213350508,28529848,27263668,3749,1180860,46022,18768600
1788987034327155610,28530578,27263689,3749,1181567,46022,18768600
1788987034445488515,28531341,27263776,3749,1182235,46022,18768600
1788987034560007007,28532076,27263901,3749,1182837,46022,18768600
1788987034674167183,28532805,27263928,3749,1183540,46023,18768600
1788987034788830564,28533544,27264082,3749,1184111,46024,18768600
1788987034906756621,28534293,27264180,3749,1184765,46024,18768600
1788987035021075101,28535034,27264235,3749,1185438,46024,18768600
1788987035138970050,28535784,27264336,3749,1186087,46024,18768600
1788987035256969829,28536541,27264421,3749,1186754,46024,18768600
1788987035371339666,28537261,27264496,3749,1187403,46025,18768600
1788987035489309491,28538022,27264602,3749,1188050,46025,18768600
1788987035604222259,28538760,27264669,3749,1188714,46025,18768600
1788987035718214555,28539488,27264749,3749,1189358,46026,18768600
1788987035836137343,28540241,27264872,3749,1189985,46027,18768600
1788987035950495992,28540971,27264894,3749,1190691,46027,18768600
1788987036069350965,28541722,27264993,3749,1191350,46028,18768600
1788987036185154413,28542459,27265102,3749,1191976,46028,18768600
1788987036299002962,28543187,27265153,3749,1192653,46028,18768600
1788987036415638010,28543944,27265383,3749,1193154,46033,18768600
1788987036530699423,28544635,27265629,3749,1193614,46047,18768600
1788987036645067144,28545354,27265872,3749,1194076,46058,18768600
1788987036760603808,28546087,27266113,3749,1194542,46073,18768600
1788987036875632141,28546814,27266329,3749,1194939,46182,18768600
1788987036993069047,28547546,27266522,3749,1195238,46433,18768600
1788987037109662175,28548286,27266767,3749,1195715,46444,18768600
1788987037226641877,28549039,27267022,3749,1196175,46455,18768600
1788987037343570303,28549757,27267292,3749,1196621,46472,18768600
1788987037458222610,28550494,27267531,3749,1197089,46485,18768600
1788987037573268955,28551210,27267783,3749,1197541,46500,18768600
1788987037688093150,28551932,27268022,3749,1198001,46517,18768600
1788987037800863850,28552634,27268257,3749,1198470,46526,18768600
1788987037921309645,28553384,27268490,3749,1198976,46537,18768600
1788987038035895420,28554093,27268779,3749,1199390,46552,18768600
1788987038150643440,28554814,27269043,3749,1199828,46568,18768600
1788987038264099155,28555515,27269303,3749,1200266,46584,18768600
1788987038380584754,28556247,27269522,3749,1200683,46680,18768600
1788987038495408320,28556974,27269764,3749,1201146,46693,18768600
1788987038609012859,28557706,27270015,3749,1201594,46705,18768600
1788987038726991707,28558448,27270284,3749,1202054,46716,18768600
1788987038843031945,28559160,27270534,3749,1202522,46728,18768600
1788987038957999271,28559908,27270794,3749,1202968,46741,18768600
1788987039073664935,28560662,27271066,3749,1203408,46750,18768600
1788987039191080801,28561396,27271335,3749,1203864,46762,18768600
1788987039307852478,28562116,27271559,3749,1204356,46776,18768600
1788987039423828953,28562837,27271788,3749,1204842,46788,18768600
1788987039537728782,28563544,27272017,3749,1205308,46807,18768600
1788987039653389463,28564267,27272274,3749,1205762,46820,18768600
1788987039769218693,28564959,27272521,3749,1206177,46882,18768600
1788987039885094968,28565709,27272784,3749,1206600,46929,18768600
1788987040001283604,28566439,27273047,3749,1207057,46936,18768600
1788987040119069931,28567153,27273321,3749,1207502,46953,18768600
1788987040233166969,28567875,27273577,3749,1207948,46966,18768600
1788987040349638493,28568639,27273868,3749,1208379,46977,18768600
1788987040463996767,28569348,27274130,3749,1208821,46987,18768600
1788987040579075339,28570046,27274397,3749,1209264,46999,18768600
1788987040695398949,28570788,27274636,3749,1209746,47009,18768600
1788987040812644373,28571522,27274892,3749,1210208,47024,18768600
1788987040929332968,28572244,27275127,3749,1210691,47036,18768600
1788987041045005438,28572989,27275378,3749,1211150,47051,18768600
1788987041161988538,28573696,27275623,3749,1211625,47065,18768600
1788987041278038801,28574424,27275893,3749,1212068,47077,18768600
1788987041395386749,28575146,27276159,3749,1212532,47085,18768600
1788987041511218774,28575868,27276396,3749,1213006,47097,18768600
1788987041627599226,28576586,27276650,3749,1213464,47115,18768600
1788987041746106742,28577331,27276935,3749,1213904,47132,18768600
1788987041862002207,28578050,27277196,3749,1214353,47149,18768600
1788987041977805442,28578790,27277414,3749,1214756,47249,18768600
1788987042094923069,28579516,27277642,3749,1215250,47260,18768600
1788987042211884707,28580263,27277877,3749,1215738,47272,18768600
1788987042327790007,28580996,27278125,3749,1216199,47288,18768600
1788987042443172098,28581729,27278372,3749,1216661,47300,18768600
1788987042556537370,28582449,27278609,3749,1217116,47320,18768600
1788987042671508902,28583163,27278898,3749,1217529,47335,18768600
1788987042788724847,28583909,27279137,3749,1218013,47349,18768600
1788987042904778398,28584618,27279379,3749,1218482,47363,18768600
1788987043019039042,28585329,27279609,3749,1218956,47376,18768600
1788987043133660186,28586044,27279864,3749,1219402,47392,18768600
1788987043249553256,28586805,27280116,3749,1219863,47403,18768600
1788987043365655998,28587542,27280387,3749,1220239,47488,18768600
1788987043482665679,28588273,27280667,3749,1220677,47502,18768600
1788987043599512985,28588991,27280940,3749,1221127,47514,18768600
1788987043717223751,28589703,27281226,3749,1221571,47524,18768600
1788987043832371353,28590415,27281479,3749,1222022,47540,18768600
1788987043949537558,28591163,27281723,3749,1222500,47551,18768600
1788987044065670872,28591891,27281981,3749,1222953,47567,18768600
1788987044180624902,28592602,27282236,3749,1223400,47584,18768600
1788987044297237102,28593346,27282468,3749,1223888,47596,18768600
1788987044411374707,28594072,27282709,3749,1224343,47615,18768600
1788987044526714967,28594773,27282969,3749,1224794,47629,18768600
1788987044642057248,28595482,27283266,3749,1225203,47644,18768600
1788987044758286343,28596177,27283533,3749,1225652,47658,18768600
1788987044874738066,28596914,27283759,3749,1226060,47752,18768600
1788987044989534722,28597628,27283972,3749,1226556,47766,18768600
1788987045103714540,28598359,27284211,3749,1227015,47782,18768600
1788987045218301837,28599086,27284461,3749,1227467,47797,18768600
1788987045333914741,28599812,27284724,3749,1227914,47811,18768600
1788987045449624538,28600512,27284973,3749,1228374,47826,18768600
1788987045563042458,28601260,27285258,3749,1228787,47840,18768600
1788987045677912771,28601987,27285502,3749,1229254,47856,18768600
1788987045795744460,28602721,27285762,3749,1229714,47869,18768600
1788987045911887038,28603421,27286006,3749,1230184,47884,18768600
1788987046027850606,28604149,27286255,3749,1230647,47896,18768600
1788987046142078257,28604840,27286488,3749,1231109,47915,18768600
1788987046257396814,28605557,27286740,3749,1231567,47929,18768600
1788987046373364751,28606268,27286977,3749,1232047,47940,18768600
1788987046490393646,28606999,27287257,3749,1232490,47949,18768600
1788987046606776072,28607730,27287517,3749,1232941,47965,18768600
1788987046721894475,28608457,27287768,3749,1233399,47979,18768600
1788987046838053279,28609195,27288016,3749,1233863,47995,18768600
1788987046953676206,28609928,27288255,3749,1234252,48091,18768600
1788987047069577082,28610654,27288503,3749,1234719,48101,18768600
1788987047193003911,28611430,27288750,3749,1235233,48114,18768600
1788987047309206792,28612158,27288983,3749,1235715,48127,18768600
1788987047425224989,28612854,27289251,3749,1236160,48144,18768600
1788987047540862040,28613598,27289503,3749,1236617,48158,18768600
1788987047655695566,28614330,27289757,3749,1237066,48173,18768600
1788987047772098650,28615052,27289999,3749,1237537,48187,18768600
1788987047890814285,28615806,27290279,3749,1237999,48195,18768600
1788987048005321641,28616529,27290510,3749,1238474,48207,18768600
1788987048119897330,28617266,27290784,3749,1238907,48219,18768600
1788987048236222101,28617986,27291034,3749,1239367,48233,18768600
1788987048351613838,28618712,27291310,3749,1239803,48244,18768600
1788987048469055363,28619467,27291590,3749,1240170,48336,18768600
1788987048586151397,28620192,27291842,3749,1240639,48348,18768600
1788987048701340923,28620943,27292090,3749,1241102,48362,18768600
1788987048817172398,28621696,27292333,3749,1241562,48382,18768600
1788987048934330215,28622445,27292578,3749,1242034,48398,18768600
1788987049049928575,28623147,27292822,3749,1242499,48411,18768600
1788987049165519130,28623883,27293082,3749,1242953,48423,18768600
1788987049282390251,28624617,27293354,3749,1243403,48435,18768600
1788987049401246244,28625359,27293611,3749,1243876,48452,18768600
1788987049517532360,28626099,27293875,3749,1244322,48468,18768600
1788987049633830650,28626832,27294120,3749,1244790,48483,18768600
1788987049749308623,28627546,27294376,3749,1245246,48496,18768600
1788987049864174751,28628265,27294594,3749,1245649,48595,18768600
1788987049977534238,28628989,27294844,3749,1246103,48602,18768600
1788987050091076903,28629701,27295087,3749,1246557,48617,18768600
1788987050208003073,28630453,27295329,3749,1247033,48632,18768600
1788987050325048853,28631198,27295618,3749,1247467,48642,18768600
1788987050442178447,28631927,27295883,3749,1247922,48657,18768600
1788987050557073823,28632648,27296174,3749,1248335,48671,18768600
1788987050670264324,28633371,27296408,3749,1248805,48681,18768600
1788987050785791033,28634090,27296670,3749,1249250,48695,18768600
1788987050901898255,28634813,27296917,3749,1249719,48707,18768600
1788987051017223183,28635526,27297166,3749,1250175,48726,18768600
1788987051132195737,28636272,27297404,3749,1250647,48737,18768600
1788987051247989914,28636993,27297675,3749,1251089,48747,18768600
1788987051363124025,28637698,27297938,3749,1251539,48759,18768600
1788987051482491421,28638435,27298196,3749,1252011,48774,18768600
1788987051597166171,28639148,27298459,3749,1252454,48786,18768600
1788987051712654443,28639868,27298723,3749,1252903,48796,18768600
1788987051827178594,28640595,27298977,3749,1253352,48812,18768600
1788987051942606827,28641315,27299223,3749,1253779,48862,18768600
1788987052059650047,28642056,27299463,3749,1254215,48920,18768600
1788987052174303900,28642791,27299685,3749,1254701,48933,18768600
1788987052291458175,28643512,27299920,3749,1255178,48951,18768600
1788987052406069776,28644256,27300192,3749,1255614,48964,18768600
1788987052521533567,28644963,27300465,3749,1256045,48979,18768600
1788987052636735136,28645683,27300704,3749,1256514,48992,18768600
1788987052753409395,28646420,27300969,3749,1256967,49004,18768600
1788987052870464144,28647145,27301206,3749,1257450,49019,18768600
1788987052984903537,28647821,27301435,3749,1257926,49033,18768600
1788987053101697521,28648554,27301678,3749,1258404,49042,18768600
1788987053216905437,28649266,27301920,3749,1258866,49058,18768600
1788987053335991087,28650018,27302214,3749,1259308,49068,18768600
1788987053450827903,28650753,27302460,3749,1259693,49158,18768600
1788987053564827894,28651477,27302700,3749,1260159,49169,18768600
1788987053682784014,28652210,27302977,3749,1260608,49182,18768600
1788987053798758090,28652931,27303255,3749,1261032,49206,18768600
1788987053914492913,28653663,27303507,3749,1261487,49224,18768600
1788987054031584106,28654412,27303759,3749,1261956,49236,18768600
1788987054147893434,28655140,27304014,3749,1262415,49250,18768600
1788987054262227684,28655860,27304266,3749,1262868,49263,18768600
1788987054379404097,28656603,27304536,3749,1263322,49275,18768600
1788987054494703489,28657349,27304783,3749,1263788,49283,18768600
1788987054610694802,28658073,27305043,3749,1264243,49296,18768600
1788987054726922392,28658813,27305291,3749,1264709,49309,18768600
1788987054841757633,28659502,27305532,3749,1265172,49323,18768600
1788987054957018724,28660235,27305776,3749,1265637,49336,18768600
1788987055074008754,28660954,27306031,3749,1266109,49347,18768600
1788987055189627730,28661676,27306277,3749,1266567,49364,18768600
1788987055305813991,28662418,27306523,3749,1267034,49377,18768600
1788987055419351651,28663106,27306774,3749,1267487,49388,18768600
1788987055535488942,28663835,27307017,3749,1267937,49421,18768600
1788987055653012368,28664556,27307266,3749,1268355,49491,18768600
1788987055767984083,28665284,27307490,3749,1268836,49508,18768600
1788987055882682324,28666006,27307727,3749,1269305,49519,18768600
1788987055997634112,28666722,27307963,3749,1269777,49532,18768600
1788987056113398747,28667435,27308205,3749,1270249,49544,18768600
1788987056230103588,28668165,27308445,3749,1270723,49559,18768600
1788987056346258738,28668890,27308709,3749,1271172,49575,18768600
1788987056462037979,28669620,27308962,3749,1271632,49586,18768600
1788987056578507565,28670345,27309204,3749,1272109,49596,18768600
1788987056694858311,28671074,27309455,3749,1272574,49607,18768600
1788987056810523739,28671819,27309695,3749,1273046,49620,18768600
1788987056924921697,28672542,27309943,3749,1273502,49634,18768600
1788987057041650882,28673275,27310179,3749,1273912,49720,18768600
1788987057158349233,28674011,27310409,3749,1274407,49729,18768600
1788987057274200601,28674735,27310646,3749,1274882,49740,18768600
1788987057389356154,28675444,27310886,3749,1275348,49756,18768600
1788987057504113801,28676168,27311131,3749,1275809,49767,18768600
1788987057618810967,28676879,27311359,3749,1276287,49781,18768600
1788987057734369485,28677593,27311619,3749,1276738,49794,18768600
1788987057850204978,28678312,27311882,3749,1277188,49807,18768600
1788987057966630775,28679038,27312118,3749,1277667,49822,18768600
1788987058081747731,28679753,27312353,3749,1278136,49837,18768600
1788987058196500318,28680497,27312602,3749,1278593,49851,18768600
1788987058312604461,28681229,27312859,3749,1279048,49865,18768600
1788987058428712828,28681952,27313112,3749,1279426,49963,18768600
1788987058543518419,28682678,27313384,3749,1279865,49975,18768600
1788987058657471263,28683381,27313637,3749,1280312,49988,18768600
1788987058774070729,28684119,27313881,3749,1280787,50000,18768600
1788987058890254740,28684841,27314129,3749,1281247,50017,18768600
1788987059006801471,28685567,27314416,3749,1281679,50029,18768600
1788987059121552588,28686275,27314707,3749,1282094,50046,18768600
1788987059236964584,28686995,27314941,3749,1282571,50055,18768600
1788987059350603265,28687729,27315219,3749,1282999,50066,18768600
1788987059464490532,28688456,27315467,3749,1283448,50082,18768600
1788987059578363920,28689177,27315707,3749,1283908,50095,18768600
1788987059692322738,28689899,27315944,3749,1284364,50114,18768600
1788987059807479298,28690622,27316196,3749,1284819,50128,18768600
1788987059924113291,28691349,27316470,3749,1285269,50139,18768600
1788987060040337568,28692077,27316729,3749,1285726,50151,18768600
1788987060153830073,28692759,27316977,3749,1286173,50164,18768600
1788987060269797977,28693472,27317212,3749,1286654,50177,18768600
1788987060386743175,28694218,27317472,3749,1287109,50192,18768600
1788987060502089831,28694937,27317725,3749,1287568,50203,18768600
1788987060618284322,28695670,27317965,3749,1287971,50292,18768600
1788987060733684577,28696409,27318220,3749,1288429,50301,18768600
1788987060851034669,28697164,27318482,3749,1288884,50318,18768600
1788987060967005796,28697892,27318722,3749,1289356,50332,18768600
1788987061083884083,28698611,27318986,3749,1289812,50342,18768600
1788987061199079020,28699328,27319245,3749,1290266,50353,18768600
1788987061314796934,28700065,27319495,3749,1290727,50367,18768600
1788987061431866138,28700803,27319734,3749,1291212,50377,18768600
1788987061547727273,28701516,27319996,3749,1291660,50392,18768600
1788987061664257015,28702251,27320269,3749,1292103,50407,18768600
1788987061780316686,28702954,27320524,3749,1292556,50424,18768600
1788987061897294943,28703700,27320788,3749,1293015,50437,18768600
1788987062011245534,28704404,27321018,3749,1293406,50531,18768600
1788987062129321972,28705154,27321251,3749,1293898,50544,18768600
1788987062243771930,28705887,27321515,3749,1294341,50554,18768600
1788987062360516297,28706624,27321754,3749,1294820,50568,18768600
1788987062475366219,28707342,27322001,3749,1295280,50579,18768600
1788987062592444842,28708081,27322261,3749,1295737,50596,18768600
1788987062708790598,28708821,27322521,3749,1296192,50609,18768600
1788987062825090171,28709558,27322771,3749,1296664,50617,18768600
1788987062941107564,28710269,27323031,3749,1297122,50631,18768600
1788987063056324807,28710993,27323277,3749,1297583,50643,18768600
1788987063172696764,28711717,27323531,3749,1298042,50659,18768600
1788987063288196135,28712430,27323772,3749,1298510,50672,18768600
1788987063404312224,28713155,27324033,3749,1298963,50686,18768600
1788987063520215321,28713879,27324305,3749,1299405,50696,18768600
1788987063638549915,28714618,27324541,3749,1299898,50710,18768600
1788987063755383533,28715353,27324802,3749,1300359,50720,18768600
1788987063869481255,28716067,27325049,3749,1300815,50733,18768600
1788987063985149243,28716780,27325345,3749,1301230,50744,18768600
1788987064100752704,28717484,27325609,3749,1301676,50757,18768600
1788987064217545866,28718223,27325849,3749,1302082,50846,18768600
1788987064332655365,28718952,27326076,3749,1302562,50860,18768600
1788987064448478903,28719667,27326319,3749,1303026,50879,18768600
1788987064564989188,28720390,27326576,3749,1303485,50891,18768600
1788987064681405259,28721118,27326828,3749,1303951,50902,18768600
1788987064797218602,28721855,27327101,3749,1304394,50914,18768600
1788987064912062729,28722578,27327352,3749,1304849,50928,18768600
1788987065028069594,28723295,27327575,3749,1305336,50942,18768600
1788987065143341209,28723990,27327850,3749,1305768,50957,18768600
1788987065257796453,28724723,27328090,3749,1306234,50970,18768600
1788987065371683166,28725426,27328337,3749,1306689,50981,18768600
1788987065485810758,28726131,27328577,3749,1307147,50997,18768600
1788987065602923360,28726860,27328806,3749,1307557,51092,18768600
1788987065717089181,28727574,27329026,3749,1308041,51104,18768600
1788987065831378286,28728300,27329273,3749,1308500,51117,18768600
1788987065946580427,28729004,27329513,3749,1308961,51136,18768600
1788987066062314719,28729740,27329760,3749,1309424,51149,18768600
1788987066178797420,28730484,27330014,3749,1309884,51163,18768600
1788987066295891129,28731217,27330258,3749,1310365,51176,18768600
1788987066411390582,28731947,27330507,3749,1310827,51186,18768600
1788987066526931281,28732682,27330756,3749,1311287,51200,18768600
1788987066642218550,28733402,27330997,3749,1311763,51210,18768600
1788987066756788173,28734127,27331260,3749,1312202,51223,18768600
1788987066873291290,28734846,27331537,3749,1312637,51242,18768600
1788987066988674134,28735572,27331797,3749,1313085,51256,18768600
1788987067104129137,28736310,27332010,3749,1313515,51341,18768600
1788987067222764264,28737052,27332259,3749,1313994,51353,18768600
1788987067344810790,28737814,27332511,3749,1314493,51367,18768600
1788987067461405541,28738551,27332763,3749,1314956,51384,18768600
1788987067576547974,28739286,27333008,3749,1315416,51398,18768600
1788987067693633578,28740030,27333285,3749,1315860,51412,18768600
1788987067808827509,28740738,27333540,3749,1316312,51424,18768600
1788987067927726131,28741479,27333768,3749,1316822,51435,18768600
1788987068044572076,28742187,27334027,3749,1317283,51447,18768600
1788987068159262886,28742907,27334297,3749,1317716,51461,18768600
1788987068274040997,28743640,27334562,3749,1318152,51479,18768600
1788987068389838745,28744382,27334803,3749,1318622,51493,18768600
1788987068506411320,28745121,27335058,3749,1319085,51505,18768600
1788987068624467351,28745880,27335283,3749,1319589,51517,18768600
1788987068739335689,28746572,27335528,3749,1320050,51531,18768600
1788987068856037964,28747286,27335772,3749,1320515,51549,18768600
1788987068971633273,28748003,27336021,3749,1320968,51570,18768600
1788987069088305294,28748760,27336298,3749,1321412,51583,18768600
1788987069204189255,28749495,27336532,3749,1321803,51684,18768600
1788987069320886570,28750242,27336777,3749,1322279,51694,18768600
1788987069436601419,28750964,27337059,3749,1322711,51708,18768600
1788987069551047180,28751721,27337314,3749,1323159,51719,18768600
1788987069668131772,28752462,27337557,3749,1323635,51735,18768600
1788987069784194949,28753176,27337798,3749,1324103,51752,18768600
1788987069898921477,28753887,27338043,3749,1324566,51764,18768600
1788987070014324663,28754609,27338298,3749,1325028,51774,18768600
1788987070130586895,28755341,27338578,3749,1325465,51785,18768600
1788987070246109016,28756060,27338828,3749,1325920,51801,18768600
1788987070362425605,28756807,27339088,3749,1326377,51813,18768600
1788987070478590834,28757525,27339329,3749,1326846,51830,18768600
1788987070594315677,28758249,27339576,3749,1327305,51849,18768600
1788987070712043906,28758995,27339792,3749,1327733,51942,18768600
1788987070826892538,28759711,27340041,3749,1328195,51952,18768600
1788987070943046444,28760449,27340285,3749,1328665,51967,18768600
1788987071057313385,28761205,27340525,3749,1329126,51979,18768600
1788987071172869842,28761957,27340762,3749,1329598,51994,18768600
1788987071289987271,28762724,27341032,3749,1330045,52012,18768600
1788987071404241511,28763454,27341343,3749,1330443,52020,18768600
1788987071523189963,28764209,27342003,3749,1330525,52027,18798296
1788987071639758827,28764960,27342424,3749,1330839,52029,18803416
1788987071757915720,28765712,27342487,3749,1331529,52029,18803416
1788987071871985076,28766440,27342558,3749,1332183,52030,18803416
1788987071986170014,28767172,27342643,3749,1332823,52030,18803416
1788987072104140053,28767929,27342766,3749,1333451,52030,18803416
1788987072218100762,28768658,27342792,3749,1334150,52030,18803416
1788987072334687381,28769392,27342934,3749,1334752,52031,18803416
1788987072452739535,28770150,27343055,3749,1335382,52031,18803416
1788987072567002346,28770884,27343135,3749,1336027,52031,18803416
1788987072685147132,28771635,27343280,3749,1336633,52031,18803416
1788987072803099938,28772393,27343381,3749,1337284,52031,18803416
1788987072917255584,28773129,27343476,3749,1337914,52031,18803416
1788987073035364306,28773884,27343614,3749,1338527,52031,18803416
1788987073149714111,28774613,27343647,3749,1339228,52031,18803416
1788987073264164684,28775358,27343728,3749,1339872,52031,18803416
1788987073381669551,28776105,27343869,3749,1340480,52032,18803416
1788987073495900563,28776836,27343898,3749,1341179,52033,18803416
1788987073610237871,28777569,27344017,3749,1341781,52035,18803416
1788987073728583247,28778327,27344092,3749,1342465,52035,18803416
1788987073842857465,28779056,27344158,3749,1343124,52036,18803416
1788987073959376636,28779799,27344244,3749,1343776,52037,18803416
1788987074076023457,28780541,27344317,3749,1344448,52037,18803416
1788987074190662754,28781275,27344390,3749,1345106,52038,18803416
1788987074308546683,28782026,27344543,3749,1345701,52039,18803416
1788987074423178738,28782759,27344567,3749,1346409,52040,18803416
1788987074541347456,28783513,27344694,3749,1347031,52040,18803416
1788987074659682123,28784265,27344805,3749,1347675,52040,18803416
1788987074773586181,28784986,27344858,3749,1348347,52041,18803416
1788987074891346436,28785735,27344970,3749,1348979,52042,18803416
1788987075009283022,28786488,27345113,3749,1349585,52043,18803416
1788987075123151095,28787223,27345235,3749,1350189,52044,18803416
1788987075241185739,28787971,27345313,3749,1350864,52044,18803416
1788987075358560082,28788717,27345453,3749,1351470,52045,18803416
1788987075477081212,28789470,27345623,3749,1352051,52046,18803416
1788987075591166318,28790198,27345681,3749,1352719,52046,18803416
1788987075706637006,28790938,27345819,3749,1353318,52046,18803416
1788987075824744996,28791695,27345972,3749,1353915,52046,18803416
1788987075940267656,28792426,27346090,3749,1354529,52047,18803416
1788987076053618805,28793144,27346267,3749,1355076,52048,18803416
1788987076171467769,28793905,27346403,3749,1355684,52048,18803416
1788987076289668417,28794666,27346576,3749,1356268,52048,18803416
1788987076403776518,28795395,27346619,3749,1356951,52048,18803416
1788987076519134683,28796141,27346709,3749,1357593,52048,18803416
1788987076635863564,28796891,27346852,3749,1358195,52048,18803416
1788987076753780079,28797638,27346987,3749,1358807,52051,18803416
1788987076871800537,28798384,27347106,3749,1359439,52052,18803416
1788987076989678221,28799137,27347234,3749,1360061,52052,18803416
1788987077107658735,28799887,27347387,3749,1360658,52053,18803416
1788987077222164970,28800625,27347412,3749,1361360,52053,18803416
1788987077336526230,28801365,27347488,3749,1362015,52053,18803416
1788987077454318779,28802125,27347645,3749,1362603,52053,18803416
1788987077572149291,28802870,27347796,3749,1363201,52055,18803416
1788987077690149863,28803626,27347955,3749,1363793,52055,18803416
1788987077807758630,28804381,27348085,3749,1364411,52056,18803416
1788987077924035892,28805124,27348208,3749,1365027,52057,18803416
1788987078039734111,28805862,27348312,3749,1365662,52057,18803416
1788987078153798818,28806590,27348415,3749,1366282,52058,18803416
1788987078272066349,28807347,27348558,3749,1366887,52060,18803416
1788987078390374732,28808099,27348688,3749,1367506,52061,18803416
1788987078508368826,28808854,27348814,3749,1368135,52061,18803416
1788987078624306219,28809593,27348949,3749,1368733,52063,18803416
1788987078742002998,28810341,27349078,3749,1369355,52063,18803416
1788987078860053832,28811094,27349187,3749,1369998,52063,18803416
1788987078974423725,28811817,27349272,3749,1370637,52065,18803416
1788987079092491462,28812570,27349368,3749,1371298,52066,18803416
1788987079212090680,28813332,27349515,3749,1371908,52066,18803416
1788987079328338187,28814069,27349604,3749,1372557,52066,18803416
1788987079443456814,28814811,27349792,3749,1373099,52067,18803416
1788987079560856980,28815573,27349893,3749,1373749,52067,18803416
1788987079679335685,28816328,27349976,3749,1374418,52067,18803416
1788987079793635759,28817054,27350065,3749,1375059,52068,18803416
1788987079911536015,28817809,27350215,3749,1375658,52068,18803416
1788987080028407925,28818548,27350406,3749,1376208,52069,18803416
1788987080146336587,28819305,27350496,3749,1376866,52069,18803416
1788987080264384711,28820057,27350646,3749,1377466,52070,18803416
1788987080381590011,28820809,27350753,3749,1378110,52070,18803416
1788987080499498448,28821564,27350838,3749,1378770,52070,18803416
1788987080613418106,28822283,27350911,3749,1379421,52072,18803416
1788987080731286246,28823037,27351007,3749,1380079,52072,18803416
1788987080846997196,28823782,27351144,3749,1380676,52073,18803416
1788987080965528230,28824541,27351229,3749,1381349,52073,18803416
1788987081083704020,28825295,27351376,3749,1381951,52073,18803416
1788987081201152210,28826058,27351480,3749,1382592,52073,18803416
1788987081319248309,28826809,27351586,3749,1383238,52074,18803416
1788987081433550233,28827535,27351664,3749,1383889,52075,18803416
1788987081551485848,28828288,27351785,3749,1384513,52076,18803416
1788987081667569640,28829024,27351983,3749,1385052,52076,18803416
1788987081784927446,28829772,27352083,3749,1385702,52078,18803416
1788987081903049276,28830525,27352244,3749,1386290,52079,18803416
1788987082019766893,28831261,27352391,3749,1386885,52080,18803416
1788987082138332876,28832020,27352481,3749,1387547,52080,18803416
1788987082252548075,28832748,27352543,3749,1388217,52081,18803416
1788987082370403020,28833500,27352679,3749,1388826,52081,18803416
1788987082488497324,28834261,27352814,3749,1389448,52081,18803416
1788987082602338337,28834988,27352980,3749,1389999,52082,18803416
1788987082720320920,28835745,27353052,3749,1390678,52083,18803416
1788987082838102686,28836500,27353180,3749,1391300,52083,18803416
1788987082955330551,28837246,27353300,3749,1391925,52084,18803416
1788987083069123986,28837971,27353346,3749,1392604,52084,18803416
1788987083186155799,28838720,27353458,3749,1393234,52087,18803416
1788987083304002466,28839476,27353620,3749,1393823,52087,18803416
1788987083421897446,28840230,27353756,3749,1394438,52088,18803416
1788987083535661305,28840945,27353894,3749,1395024,52088,18803416
1788987083653910871,28841712,27354029,3749,1395638,52089,18803416
1788987083771896119,28842458,27354187,3749,1396230,52090,18803416
1788987083886040489,28843186,27354224,3749,1396920,52090,18803416
1788987084002726457,28843934,27354368,3749,1397520,52090,18803416
1788987084120877309,28844685,27354445,3749,1398194,52091,18803416
1788987084239151034,28845440,27354589,3749,1398799,52091,18803416
1788987084358409742,28846206,27354714,3749,1399432,52091,18803416
1788987084476296576,28846943,27354854,3749,1400041,52092,18803416
1788987084594225852,28847698,27355035,3749,1400611,52092,18803416
1788987084708431761,28848427,27355068,3749,1401306,52092,18803416
1788987084827279942,28849183,27355190,3749,1401942,52093,18803416
1788987084942596877,28849909,27355282,3749,1402585,52093,18803416
1788987085058968701,28850663,27355446,3749,1403159,52093,18803416
1788987085176862671,28851414,27355611,3749,1403743,52094,18803416
1788987085295015339,28852152,27355765,3749,1404338,52095,18803416
1788987085413136842,28852906,27355926,3749,1404930,52095,18803416
1788987085527234282,28853638,27356019,3749,1405562,52095,18803416
1788987085641964342,28854369,27356140,3749,1406171,52096,18803416
1788987085760078071,28855120,27356296,3749,1406766,52097,18803416
1788987085877887258,28855869,27356478,3749,1407333,52098,18803416
1788987085995840261,28856627,27356594,3749,1407969,52099,18803416
1788987086113730609,28857381,27356711,3749,1408600,52099,18803416
1788987086230070851,28858137,27356839,3749,1409211,52099,18803416
1788987086347893778,28858888,27356918,3749,1409884,52099,18803416
1788987086462539783,28859625,27357002,3749,1410531,52099,18803416
1788987086580735482,28860378,27357139,3749,1411144,52100,18803416
1788987086698906296,28861140,27357299,3749,1411734,52101,18803416
1788987086816772164,28861892,27357418,3749,1412366,52101,18803416
1788987086932564734,28862627,27357565,3749,1412956,52102,18803416
1788987087051027743,28863384,27357668,3749,1413604,52102,18803416
1788987087171044508,28864150,27357743,3749,1414293,52102,18803416
1788987087285577597,28864884,27357817,3749,1414950,52103,18803416
1788987087403644641,28865642,27358008,3749,1415509,52103,18803416
1788987087521640653,28866400,27358129,3749,1416136,52104,18803416
1788987087639212238,28867153,27358250,3749,1416761,52105,18803416
1788987087756605684,28867905,27358401,3749,1417359,52105,18803416
1788987087874215485,28868659,27358503,3749,1418001,52105,18803416
1788987087992112760,28869410,27358579,3749,1418677,52106,18803416
1788987088106222361,28870148,27358666,3749,1419314,52107,18803416
1788987088224393665,28870900,27358830,3749,1419907,52107,18803416
1788987088343376374,28871659,27358958,3749,1420528,52107,18803416
1788987088461337193,28872417,27359070,3749,1421168,52107,18803416
1788987088580740673,28873172,27359268,3749,1421732,52107,18803416
1788987088697616028,28873926,27359393,3749,1422350,52109,18803416
1788987088815748862,28874679,27359503,3749,1422991,52109,18803416
1788987088930265480,28875424,27359575,3749,1423647,52109,18803416
1788987089048450696,28876180,27359685,3749,1424284,52109,18803416
1788987089167126899,28876934,27359847,3749,1424877,52110,18803416
1788987089284792820,28877683,27359948,3749,1425527,52110,18803416
1788987089402733533,28878445,27360086,3749,1426139,52110,18803416
1788987089519121158,28879199,27360202,3749,1426762,52110,18803416
1788987089637048521,28879958,27360310,3749,1427405,52110,18803416
1788987089751227147,28880684,27360384,3749,1428059,52111,18803416
1788987089868473134,28881430,27360494,3749,1428692,52111,18803416
1788987089985982902,28882175,27360666,3749,1429269,52112,18803416
1788987090102681233,28882917,27360764,3749,1429915,52112,18803416
1788987090220658703,28883672,27360933,3749,1430498,52112,18803416
1788987090337000825,28884420,27361091,3749,1431077,52112,18803416
1788987090454861454,28885176,27361171,3749,1431748,52112,18803416
1788987090569188713,28885914,27361240,3749,1432405,52113,18803416
1788987090687336048,28886673,27361333,3749,1433063,52113,18803416
1788987090805353159,28887433,27361480,3749,1433666,52113,18803416
1788987090922502764,28888186,27361589,3749,1434307,52113,18803416
1788987091040468320,28888941,27361728,3749,1434915,52113,18803416
1788987091157972280,28889695,27361875,3749,1435516,52113,18803416
1788987091275922097,28890452,27361948,3749,1436194,52114,18803416
1788987091390078338,28891180,27362004,3749,1436863,52115,18803416
1788987091508409741,28891940,27362090,3749,1437529,52115,18803416
1788987091626089605,28892697,27362173,3749,1438197,52115,18803416
1788987091740594050,28893417,27362268,3749,1438832,52116,18803416
1788987091858598791,28894167,27362394,3749,1439456,52117,18803416
1788987091972174749,28894897,27362415,3749,1440157,52117,18803416
1788987092091066407,28895671,27362529,3749,1440800,52117,18803416
1788987092209340666,28896428,27362616,3749,1441463,52117,18803416
1788987092323138819,28897154,27362684,3749,1442120,52117,18803416
1788987092441194461,28897909,27362819,3749,1442736,52117,18803416
1788987092559098566,28898667,27362929,3749,1443377,52117,18803416
1788987092673154382,28899386,27363012,3749,1444003,52133,18803416
1788987092791190713,28900139,27363089,3749,1444628,52183,18803416
1788987092908508485,28900889,27363156,3749,1445307,52183,18803416
1788987093022672127,28901613,27363251,3749,1445909,52216,18803416
1788987093140905938,28902376,27363365,3749,1446503,52259,18803416
1788987093255202676,28903107,27363397,3749,1447199,52259,18803416
1788987093373226341,28903868,27363478,3749,1447816,52312,18803416
1788987093490437227,28904615,27363584,3749,1448421,52346,18803416
1788987093604534916,28905348,27363622,3749,1449102,52358,18803416
1788987093721309307,28906094,27363715,3749,1449696,52409,18803416
1788987093840830923,28906862,27363801,3749,1450352,52433,18803416
1788987093954839146,28907592,27363859,3749,1451004,52448,18803416
1788987094073201638,28908345,27363938,3749,1451610,52515,18803416
1788987094191191259,28909104,27364010,3749,1452284,52521,18803416
1788987094305275493,28909832,27364090,3749,1452838,52610,18803416
1788987094421647691,28910565,27364327,3749,1453307,52638,18803416
1788987094536333988,28911287,27364555,3749,1453787,52649,18803416
1788987094651096140,28912018,27364805,3749,1454243,52661,18803416
1788987094766513670,28912749,27365045,3749,1454712,52676,18803416
1788987094883643676,28913466,27365286,3749,1455185,52694,18803416
1788987095000590768,28914189,27365521,3749,1455667,52711,18803416
1788987095115292141,28914931,27365784,3749,1456120,52717,18803416
1788987095229866288,28915656,27366025,3749,1456578,52732,18803416
1788987095347172323,28916393,27366278,3749,1457047,52745,18803416
1788987095462090276,28917110,27366537,3749,1457492,52763,18803416
1788987095579542794,28917818,27366829,3749,1457918,52782,18803416
1788987095694583340,28918541,27367087,3749,1458369,52792,18803416
1788987095812040657,28919275,27367334,3749,1458845,52805,18803416
1788987095928431260,28920010,27367580,3749,1459316,52818,18803416
1788987096045439264,28920734,27367841,3749,1459776,52829,18803416
1788987096161363705,28921468,27368091,3749,1460240,52844,18803416
1788987096278036233,28922203,27368329,3749,1460715,52858,18803416
1788987096394778687,28922947,27368577,3749,1461186,52872,18803416
1788987096509061529,28923680,27368787,3749,1461685,52881,18803416
1788987096625388839,28924418,27369017,3749,1462165,52900,18803416
1788987096741466800,28925152,27369321,3749,1462575,52915,18803416
1788987096858417150,28925871,27369578,3749,1463036,52927,18803416
1788987096974595638,28926588,27369833,3749,1463495,52940,18803416
1788987097088929352,28927299,27370071,3749,1463958,52953,18803416
1788987097203732548,28928017,27370293,3749,1464444,52965,18803416
1788987097319529169,28928749,27370557,3749,1464893,52978,18803416
1788987097435591812,28929497,27370796,3749,1465370,52989,18803416
1788987097552093670,28930225,27371044,3749,1465840,52999,18803416
1788987097666661639,28930952,27371288,3749,1466301,53013,18803416
1788987097782483250,28931683,27371517,3749,1466782,53027,18803416
1788987097898288481,28932419,27371749,3749,1467265,53043,18803416
1788987098014562215,28933135,27371989,3749,1467740,53053,18803416
1788987098129526351,28933860,27372227,3749,1468209,53069,18803416
1788987098244798198,28934598,27372478,3749,1468668,53079,18803416
1788987098360026285,28935294,27372789,3749,1469063,53095,18803416
1788987098475273579,28936014,27373050,3749,1469504,53115,18803416
1788987098591326045,28936772,27373287,3749,1469992,53121,18803416
1788987098709071535,28937512,27373533,3749,1470471,53131,18803416
1788987098825866707,28938219,27373770,3749,1470951,53145,18803416
1788987098942626093,28938970,27374018,3749,1471420,53160,18803416
1788987099058184216,28939704,27374263,3749,1471886,53174,18803416
1788987099173884164,28940429,27374516,3749,1472344,53188,18803416
1788987099290480703,28941164,27374743,3749,1472832,53201,18803416
1788987099407384740,28941887,27375026,3749,1473272,53214,18803416
1788987099522778266,28942640,27375273,3749,1473736,53222,18803416
1788987099639044584,28943370,27375549,3749,1474179,53232,18803416
1788987099754067973,28944104,27375833,3749,1474600,53249,18803416
1788987099868050655,28944841,27376106,3749,1475023,53265,18803416
1788987099984397503,28945582,27376355,3749,1475492,53277,18803416
1788987100100670485,28946319,27376607,3749,1475959,53286,18803416
1788987100217650751,28947071,27376869,3749,1476420,53297,18803416
1788987100332980699,28947775,27377129,3749,1476863,53312,18803416
1788987100449154938,28948509,27377382,3749,1477320,53330,18803416
1788987100565710025,28949233,27377624,3749,1477794,53343,18803416
1788987100680358939,28949936,27377889,3749,1478235,53358,18803416
1788987100798282800,28950672,27378150,3749,1478708,53366,18803416
1788987100914123099,28951401,27378406,3749,1479165,53376,18803416
1788987101028718987,28952127,27378701,3749,1479577,53387,18803416
1788987101144972793,28952876,27378954,3749,1480032,53408,18803416
1788987101258856492,28953586,27379215,3749,1480471,53420,18803416
1788987101375209710,28954338,27379473,3749,1480931,53432,18803416
1788987101491449933,28955045,27379721,3749,1481402,53442,18803416
1788987101609381351,28955797,27379990,3749,1481862,53451,18803416
1788987101725911896,28956519,27380229,3749,1482335,53469,18803416
1788987101840743275,28957262,27380485,3749,1482790,53481,18803416
1788987101956242673,28957986,27380732,3749,1483252,53492,18803416
1788987102071713557,28958690,27380983,3749,1483711,53504,18803416
1788987102189818189,28959442,27381228,3749,1484196,53516,18803416
1788987102304343165,28960145,27381529,3749,1484606,53527,18803416
1788987102418571470,28960834,27381782,3749,1485049,53542,18803416
1788987102534201130,28961573,27382014,3749,1485530,53555,18803416
1788987102651388275,28962306,27382279,3749,1485987,53565,18803416
1788987102765551766,28963013,27382566,3749,1486401,53580,18803416
1788987102883137093,28963780,27382782,3749,1486905,53597,18803416
1788987103000178197,28964518,27383051,3749,1487358,53611,18803416
1788987103117258034,28965258,27383344,3749,1487790,53622,18803416
1788987103232057264,28966008,27383580,3749,1488257,53635,18803416
1788987103348511044,28966724,27383844,3749,1488707,53648,18803416
1788987103465414207,28967452,27384109,3749,1489162,53660,18803416
1788987103581108886,28968174,27384362,3749,1489620,53674,18803416
1788987103698108569,28968888,27384607,3749,1490100,53683,18803416
1788987103813521245,28969630,27384858,3749,1490559,53697,18803416
1788987103930465308,28970373,27385123,3749,1491011,53712,18803416
1788987104046556470,28971095,27385386,3749,1491465,53723,18803416
1788987104161851923,28971821,27385634,3749,1491925,53734,18803416
1788987104277114617,28972556,27385894,3749,1492379,53747,18803416
1788987104392310740,28973266,27386110,3749,1492878,53755,18803416
1788987104508633135,28973995,27386346,3749,1493353,53770,18803416
1788987104625796511,28974742,27386600,3749,1493818,53784,18803416
1788987104740048362,28975447,27386840,3749,1494284,53798,18803416
1788987104854521881,28976135,27387100,3749,1494727,53809,18803416
1788987104970608368,28976842,27387356,3749,1495187,53819,18803416
1788987105088214757,28977588,27387629,3749,1495584,53888,18803416
1788987105203376556,28978315,27387863,3749,1496060,53901,18803416
1788987105318169753,28979013,27388115,3749,1496515,53915,18803416
1788987105435313828,28979752,27388368,3749,1496978,53928,18803416
1788987105551987144,28980446,27388620,3749,1497442,53944,18803416
1788987105667615189,28981167,27388852,3749,1497926,53954,18803416
1788987105782166084,28981886,27389104,3749,1498384,53965,18803416
1788987105897360274,28982617,27389391,3749,1498798,53982,18803416
1788987106011093132,28983314,27389635,3749,1499256,53998,18803416
1788987106125596324,28984011,27389880,3749,1499715,54007,18803416
1788987106240680001,28984721,27390128,3749,1500176,54020,18803416
1788987106356038575,28985440,27390375,3749,1500638,54032,18803416
1788987106473013858,28986182,27390605,3749,1501130,54044,18803416
1788987106586597139,28986880,27390891,3749,1501541,54059,18803416
1788987106701822541,28987598,27391134,3749,1502008,54072,18803416
1788987106818307981,28988310,27391395,3749,1502462,54087,18803416
1788987106933378624,28989037,27391647,3749,1502917,54099,18803416
1788987107049873910,28989788,27391921,3749,1503358,54114,18803416
1788987107166390364,28990495,27392221,3749,1503772,54130,18803416
1788987107284435489,28991256,27392451,3749,1504272,54145,18803416
1788987107401338744,28991983,27392708,3749,1504735,54158,18803416
1788987107516833140,28992691,27392951,3749,1505199,54172,18803416
1788987107631736663,28993403,27393182,3749,1505672,54189,18803416
1788987107748924449,28994128,27393459,3749,1506113,54203,18803416
1788987107863242168,28994855,27393717,3749,1506561,54214,18803416
1788987107978686514,28995594,27393986,3749,1507001,54228,18803416
1788987108094440952,28996310,27394244,3749,1507453,54245,18803416
1788987108211214451,28997035,27394486,3749,1507925,54259,18803416
1788987108327508816,28997756,27394732,3749,1508396,54272,18803416
1788987108444798956,28998503,27394978,3749,1508871,54285,18803416
1788987108561985311,28999247,27395238,3749,1509335,54294,18803416
1788987108679154304,28999980,27395488,3749,1509808,54306,18803416
1788987108794322667,29000704,27395719,3749,1510287,54317,18803416
1788987108907819573,29001418,27395966,3749,1510737,54330,18803416
1788987109024018205,29002140,27396220,3749,1511193,54349,18803416
1788987109139186963,29002880,27396477,3749,1511647,54358,18803416
1788987109255758813,29003616,27396711,3749,1512132,54368,18803416
1788987109373019173,29004362,27396966,3749,1512609,54378,18803416
1788987109488840857,29005066,27397231,3749,1513053,54391,18803416
1788987109605367201,29005788,27397477,3749,1513524,54406,18803416
1788987109720988235,29006506,27397728,3749,1513976,54423,18803416
1788987109837750254,29007212,27397999,3749,1514422,54438,18803416
1788987109952788532,29007927,27398235,3749,1514893,54450,18803416
1788987110069391413,29008653,27398458,3749,1515392,54461,18803416
1788987110184865656,29009384,27398733,3749,1515826,54473,18803416
1788987110300833682,29010102,27398995,3749,1516276,54488,18803416
1788987110416632294,29010837,27399226,3749,1516761,54500,18803416
1788987110532199204,29011580,27399483,3749,1517211,54516,18803416
1788987110648791617,29012318,27399773,3749,1517633,54534,18803416
1788987110763570387,29013019,27400006,3749,1518112,54545,18803416
1788987110880553232,29013736,27400253,3749,1518511,54630,18803416
1788987110996224070,29014469,27400506,3749,1518966,54649,18803416
1788987111112905511,29015207,27400759,3749,1519427,54664,18803416
1788987111229462139,29015934,27401003,3749,1519902,54678,18803416
1788987111345390256,29016678,27401263,3749,1520355,54691,18803416
1788987111460792634,29017390,27401525,3749,1520803,54702,18803416
1788987111578789463,29018137,27401747,3749,1521309,54717,18803416
1788987111693973509,29018855,27401979,3749,1521779,54733,18803416
1788987111810552965,29019575,27402224,3749,1522248,54749,18803416
1788987111926505373,29020306,27402464,3749,1522726,54760,18803416
1788987112043251748,29021044,27402726,3749,1523180,54774,18803416
1788987112158498706,29021767,27402969,3749,1523645,54787,18803416
1788987112275608957,29022497,27403234,3749,1524102,54800,18803416
1788987112391632623,29023227,27403482,3749,1524569,54813,18803416
1788987112506054828,29023927,27403758,3749,1524991,54830,18803416
1788987112622588971,29024649,27404007,3749,1525460,54843,18803416
1788987112737242027,29025359,27404241,3749,1525928,54857,18803416
1788987112851285925,29026098,27404482,3749,1526393,54870,18803416
1788987112966807657,29026814,27404767,3749,1526821,54881,18803416
1788987113082874719,29027534,27405014,3749,1527286,54894,18803416
1788987113197878384,29028234,27405276,3749,1527736,54904,18803416
1788987113310881582,29028935,27405538,3749,1528169,54916,18803416
1788987113425855183,29029639,27405783,3749,1528627,54932,18803416
1788987113541069395,29030358,27406043,3749,1529077,54944,18803416
1788987113657231529,29031098,27406361,3749,1529448,54983,18803416
1788987113772443918,29031822,27406609,3749,1529871,55040,18803416
1788987113885750626,29032513,27406854,3749,1530319,55056,18803416
1788987114002482493,29033250,27407104,3749,1530789,55066,18803416
1788987114118151710,29033975,27407345,3749,1531258,55081,18803416
1788987114234033395,29034707,27407597,3749,1531721,55093,18803416
1788987114349006589,29035425,27407855,3749,1532174,55107,18803416
1788987114468975903,29036159,27408102,3749,1532668,55115,18803416
1788987114583968580,29036875,27408342,3749,1533132,55130,18803416
1788987114699219079,29037596,27408579,3749,1533602,55146,18803416
1788987114814242033,29038319,27408819,3749,1534068,55159,18803416
1788987114929673459,29039029,27409067,3749,1534531,55172,18803416
1788987115046036760,29039772,27409326,3749,1534986,55187,18803416
1788987115163852266,29040510,27409581,3749,1535461,55197,18803416
1788987115278472956,29041215,27409823,3749,1535927,55208,18803416
1788987115394004685,29041927,27410061,3749,1536400,55218,18803416
1788987115508967374,29042639,27410324,3749,1536843,55232,18803416
1788987115624414311,29043370,27410578,3749,1537302,55241,18803416
1788987115738834674,29044076,27410827,3749,1537758,55255,18803416
1788987115856029602,29044825,27411053,3749,1538177,55345,18803416
1788987115971630918,29045528,27411301,3749,1538645,55354,18803416
1788987116088174961,29046283,27411581,3749,1539084,55367,18803416
1788987116203074671,29047034,27411832,3749,1539538,55380,18803416
1788987116318122842,29047778,27412078,3749,1539998,55392,18803416
1788987116434398521,29048507,27412317,3749,1540479,55403,18803416
1788987116550380242,29049233,27412562,3749,1540948,55414,18803416
1788987116666440287,29049954,27412817,3749,1541405,55429,18803416
1788987116779518119,29050654,27413052,3749,1541866,55444,18803416
1788987116893789208,29051351,27413303,3749,1542314,55458,18803416
1788987117009612582,29052076,27413553,3749,1542775,55472,18803416
1788987117125995033,29052812,27413808,3749,1543234,55486,18803416
1788987117239987953,29053575,27414066,3749,1543683,55498,18803416
1788987117355381411,29054305,27414325,3749,1544136,55510,18803416
1788987117471060974,29055041,27414567,3749,1544602,55528,18803416
1788987117588101026,29055781,27414829,3749,1545051,55547,18803416
1788987117703865687,29056526,27415060,3749,1545534,55557,18803416
1788987117820038591,29057249,27415316,3749,1545994,55572,18803416
1788987117935511267,29057975,27415557,3749,1546461,55587,18803416
1788987118054370617,29058722,27415796,3749,1546955,55599,18803416
1788987118171678252,29059456,27416033,3749,1547438,55613,18803416
1788987118286543160,29060203,27416290,3749,1547888,55625,18803416
1788987118403330033,29060922,27416529,3749,1548366,55639,18803416
1788987118519796994,29061646,27416768,3749,1548843,55651,18803416
1788987118635256709,29062393,27417012,3749,1549313,55663,18803416
1788987118753609265,29063133,27417229,3749,1549740,55761,18803416
1788987118869927229,29063858,27417485,3749,1550195,55777,18803416
1788987118985870636,29064590,27417741,3749,1550654,55791,18803416
1788987119102768866,29065336,27417987,3749,1551119,55810,18803416
1788987119220069489,29066100,27418247,3749,1551580,55825,18803416
1788987119335034889,29066819,27418517,3749,1552023,55836,18803416
1788987119451874478,29067546,27418749,3749,1552512,55844,18803416
1788987119569773199,29068280,27418981,3749,1553008,55857,18803416
1788987119684329153,29068997,27419242,3749,1553449,55869,18803416
1788987119799924201,29069698,27419505,3749,1553900,55881,18803416
1788987119915905822,29070422,27419750,3749,1554364,55894,18803416
1788987120030535177,29071142,27419995,3749,1554827,55907,18803416
1788987120146234962,29071865,27420228,3749,1555309,55918,18803416
1788987120263328975,29072587,27420480,3749,1555773,55932,18803416
1788987120378062243,29073305,27420737,3749,1556225,55942,18803416
1788987120495039731,29074057,27420994,3749,1556685,55957,18803416
1788987120611306347,29074786,27421237,3749,1557155,55973,18803416
1788987120727551720,29075539,27421461,3749,1557644,55988,18803416
1788987120843301518,29076258,27421703,3749,1558114,56002,18803416
1788987120958854203,29076996,27421951,3749,1558583,56011,18803416
1788987121075832532,29077712,27422216,3749,1559034,56025,18803416
1788987121191876888,29078418,27422457,3749,1559505,56039,18803416
1788987121307477525,29079130,27422710,3749,1559963,56054,18803416
1788987121422457273,29079845,27422954,3749,1560424,56070,18803416
1788987121540566898,29080593,27423198,3749,1560905,56084,18803416
1788987121657487354,29081331,27423440,3749,1561305,56177,18803416
1788987121774699300,29082077,27423695,3749,1561773,56189,18803416
1788987121890062194,29082812,27423948,3749,1562229,56201,18803416
1788987122006169006,29083557,27424193,3749,1562698,56215,18803416
1788987122123023296,29084294,27424453,3749,1563157,56227,18803416
1788987122239304380,29085036,27424709,3749,1563625,56236,18803416
1788987122358050256,29085769,27424965,3749,1564097,56249,18803416
1788987122474859088,29086488,27425215,3749,1564569,56258,18803416
1788987122590694452,29087199,27425458,3749,1565036,56274,18803416
1788987122704764985,29087904,27425716,3749,1565476,56289,18803416
1788987122820487325,29088612,27425972,3749,1565929,56306,18803416
1788987122936910010,29089333,27426199,3749,1566416,56321,18803416
1788987123056551980,29090078,27426437,3749,1566916,56333,18803416
1788987123171385693,29090808,27426685,3749,1567378,56340,18803416
1788987123285397531,29091517,27426924,3749,1567845,56350,18803416
1788987123400876977,29092232,27427178,3749,1568301,56363,18803416
1788987123516621544,29092957,27427417,3749,1568773,56377,18803416
1788987123633823295,29093707,27427698,3749,1569209,56393,18803416
1788987123751749372,29094445,27427931,3749,1569624,56486,18803416
1788987123866990987,29095164,27428165,3749,1570101,56500,18803416
1788987123981312090,29095878,27428404,3749,1570563,56515,18803416
1788987124095838069,29096613,27428640,3749,1571035,56527,18803416
1788987124210482559,29097335,27428883,3749,1571485,56545,18803416
1788987124325490998,29098037,27429135,3749,1571942,56556,18803416
1788987124441289497,29098754,27429384,3749,1572412,56565,18803416
1788987124556476488,29099466,27429640,3749,1572863,56580,18803416
1788987124671220826,29100162,27429888,3749,1573314,56597,18803416
1788987124787687188,29100885,27430142,3749,1573777,56611,18803416
1788987124905257766,29101626,27430404,3749,1574238,56626,18803416
1788987125020456873,29102366,27430697,3749,1574653,56638,18803416
1788987125137638604,29103108,27430940,3749,1575136,56649,18803416
1788987125253575546,29103879,27431177,3749,1575612,56662,18803416
1788987125369717143,29104641,27431438,3749,1576064,56675,18803416
1788987125485353752,29105363,27431678,3749,1576532,56691,18803416
1788987125601260759,29106065,27431914,3749,1577006,56709,18803416
1788987125715725300,29106778,27432170,3749,1577451,56721,18803416
1788987125832370415,29107511,27432469,3749,1577874,56733,18803416
1788987125948267716,29108269,27432751,3749,1578311,56740,18803416
1788987126064435861,29108998,27433011,3749,1578764,56755,18803416
1788987126180504885,29109726,27433264,3749,1579220,56772,18803416
1788987126294824346,29110444,27433533,3749,1579653,56787,18803416
1788987126411450364,29111179,27433782,3749,1580124,56797,18803416
1788987126527877016,29111938,27434037,3749,1580594,56809,18803416
1788987126650457267,29112721,27434258,3749,1581043,56905,18803416
1788987126764307747,29113450,27434500,3749,1581499,56920,18803416
1788987126880184125,29114171,27434747,3749,1581965,56932,18803416
1788987126997021955,29114895,27435006,3749,1582422,56946,18803416
1788987127111240244,29115613,27435256,3749,1582880,56958,18803416
1788987127225545189,29116340,27435490,3749,1583345,56972,18803416
1788987127342108436,29117049,27435726,3749,1583830,56982,18803416
1788987127458074087,29117759,27435971,3749,1584296,56996,18803416
1788987127572045746,29118463,27436215,3749,1584748,57014,18803416
1788987127688714441,29119197,27436479,3749,1585197,57034,18803416
1788987127804684138,29119939,27436720,3749,1585668,57047,18803416
1788987127918501071,29120628,27436964,3749,1586122,57062,18803416
1788987128035877559,29121382,27437217,3749,1586592,57075,18803416
1788987128151922736,29122092,27437496,3749,1587032,57084,18803416
1788987128266236016,29122818,27437767,3749,1587465,57099,18803416
1788987128381258280,29123548,27438030,3749,1587906,57115,18803416
1788987128497192316,29124282,27438272,3749,1588380,57122,18803416
1788987128613324901,29125021,27438524,3749,1588842,57136,18803416
1788987128729268912,29125754,27438789,3749,1589290,57152,18803416
1788987128845344847,29126471,27439023,3749,1589768,57165,18803416
1788987128960236527,29127164,27439264,3749,1590231,57177,18803416
1788987129072738740,29127863,27439515,3749,1590666,57197,18803416
1788987129188201629,29128577,27439763,3749,1591122,57215,18803416
1788987129304389489,29129333,27440004,3749,1591606,57223,18803416
1788987129419729962,29130068,27440317,3749,1592003,57233,18806104
1788987129532251522,29130786,27441015,3749,1592008,57239,18837464
1788987129648076545,29131517,27441175,3749,1592578,57243,18837464
1788987129766068521,29132274,27441305,3749,1593199,57244,18837464
1788987129880229061,29133003,27441326,3749,1593906,57244,18837464
1788987129995762417,29133741,27441411,3749,1594556,57245,18837464
1788987130112544604,29134491,27441545,3749,1595166,57246,18837464
1788987130226490837,29135217,27441574,3749,1595864,57246,18837464
1788987130341836413,29135952,27441723,3749,1596444,57248,18837464
1788987130459811121,29136699,27441833,3749,1597086,57249,18837464
1788987130573681768,29137427,27441912,3749,1597732,57249,18837464
1788987130690561670,29138165,27442092,3749,1598294,57250,18837464
1788987130808706740,29138923,27442230,3749,1598908,57250,18837464
1788987130922697727,29139650,27442359,3749,1599504,57251,18837464
1788987131040372838,29140403,27442500,3749,1600107,57251,18837464
1788987131158588221,29141150,27442614,3749,1600750,57251,18837464
1788987131272519595,29141884,27442712,3749,1601377,57253,18837464
1788987131388549389,29142627,27442854,3749,1601972,57253,18837464
1788987131506741710,29143382,27442950,3749,1602621,57260,18837464
1788987131621387452,29144119,27443039,3749,1603230,57288,18837464
1788987131745794881,29144913,27443116,3749,1603904,57332,18837464
1788987131860742787,29145649,27443193,3749,1604561,57332,18837464
1788987131975137463,29146375,27443311,3749,1605133,57367,18837464
1788987132087985578,29147094,27443468,3749,1605695,57368,18837464
1788987132201248520,29147816,27443571,3749,1606312,57368,18837464
1788987132315504298,29148547,27443704,3749,1606895,57382,18837464
1788987132433502840,29149306,27443892,3749,1607458,57382,18837464
1788987132549079006,29150049,27443978,3749,1608106,57382,18837464
1788987132663433862,29150762,27444130,3749,1608677,57384,18837464
1788987132781561691,29151512,27444320,3749,1609243,57384,18837464
1788987132895529984,29152241,27444383,3749,1609908,57384,18837464
1788987133009797949,29152972,27444505,3749,1610511,57384,18837464
1788987133127701202,29153731,27444676,3749,1611091,57384,18837464
1788987133245830305,29154497,27444853,3749,1611663,57385,18837464
1788987133363684991,29155248,27444947,3749,1612322,57385,18837464
1788987133480590482,29155997,27445110,3749,1612901,57386,18837464
1788987133597789927,29156748,27445208,3749,1613548,57386,18837464
1788987133715874429,29157510,27445301,3749,1614207,57386,18837464
1788987133829903801,29158242,27445400,3749,1614832,57387,18837464
1788987133948046007,29158991,27445501,3749,1615482,57387,18837464
1788987134065836425,29159740,27445696,3749,1616037,57387,18837464
1788987134181677534,29160473,27445820,3749,1616650,57388,18837464
1788987134299576581,29161224,27445897,3749,1617325,57388,18837464
1788987134414840511,29161972,27446041,3749,1617910,57388,18837464
1788987134532663978,29162721,27446202,3749,1618499,57389,18837464
1788987134647635553,29163459,27446238,3749,1619196,57389,18837464
1788987134765724948,29164215,27446338,3749,1619845,57390,18837464
1788987134882184542,29164959,27446437,3749,1620485,57390,18837464
1788987135000426573,29165716,27446608,3749,1621064,57390,18837464
1788987135118519878,29166477,27446732,3749,1621697,57390,18837464
1788987135236677897,29167233,27446886,3749,1622292,57391,18837464
1788987135353746185,29167986,27446995,3749,1622929,57391,18837464
1788987135471651094,29168741,27447114,3749,1623562,57391,18837464
1788987135585743634,29169469,27447219,3749,1624181,57392,18837464
1788987135703639626,29170222,27447316,3749,1624834,57392,18837464
1788987135818110211,29170953,27447495,3749,1625381,57392,18837464
1788987135935387002,29171709,27447602,3749,1626019,57392,18837464
1788987136053251550,29172466,27447730,3749,1626641,57392,18837464
1788987136171249928,29173222,27447841,3749,1627284,57393,18837464
1788987136287898483,29173969,27447979,3749,1627887,57393,18837464
1788987136402010783,29174702,27448006,3749,1628586,57393,18837464
1788987136516822911,29175435,27448145,3749,1629178,57393,18837464
1788987136634711004,29176186,27448222,3749,1629852,57393,18837464
1788987136752718667,29176941,27448358,3749,1630465,57395,18837464
1788987136870662767,29177692,27448476,3749,1631098,57395,18837464
1788987136988367068,29178447,27448623,3749,1631694,57396,18837464
1788987137106363187,29179198,27448809,3749,1632262,57396,18837464
1788987137222046191,29179940,27448890,3749,1632917,57396,18837464
1788987137336457216,29180668,27448988,3749,1633542,57397,18837464
1788987137454991935,29181428,27449107,3749,1634180,57397,18837464
1788987137573055897,29182188,27449257,3749,1634781,57398,18837464
1788987137691069195,29182941,27449331,3749,1635456,57398,18837464
1788987137813735534,29183724,27449516,3749,1636052,57399,18837464
1788987137930865715,29184471,27449614,3749,1636699,57399,18837464
1788987138049020795,29185226,27449701,3749,1637363,57400,18837464
1788987138162999586,29185949,27449771,3749,1638018,57400,18837464
1788987138280501917,29186695,27449869,3749,1638670,57401,18837464
1788987138398389783,29187452,27450053,3749,1639230,57401,18837464
1788987138509913401,29188164,27450184,3749,1639811,57403,18837464
1788987138627883956,29188920,27450283,3749,1640464,57403,18837464
1788987138745358513,29189669,27450448,3749,1641041,57404,18837464
1788987138863260403,29190421,27450581,3749,1641658,57404,18837464
1788987138977718434,29191150,27450604,3749,1642370,57404,18837464
1788987139095724822,29191915,27450691,3749,1643033,57404,18837464
1788987139213599508,29192667,27450818,3749,1643657,57404,18837464
1788987139331434340,29193421,27450956,3749,1644263,57405,18837464
1788987139449506392,29194169,27451077,3749,1644899,57405,18837464
1788987139567596514,29194922,27451209,3749,1645515,57406,18837464
1788987139685438302,29195676,27451283,3749,1646186,57406,18837464
1788987139801978384,29196423,27451357,3749,1646858,57406,18837464
1788987139916172829,29197162,27451431,3749,1647509,57406,18837464
1788987140034001080,29197916,27451561,3749,1648129,57406,18837464
1788987140151271972,29198671,27451684,3749,1648750,57407,18837464
1788987140268909213,29199424,27451817,3749,1649368,57407,18837464
1788987140386785780,29200179,27452024,3749,1649910,57407,18837464
1788987140501980233,29200924,27452169,3749,1650496,57408,18837464
1788987140619999345,29201681,27452267,3749,1651150,57408,18837464
1788987140734404424,29202412,27452348,3749,1651794,57408,18837464
1788987140851725148,29203160,27452452,3749,1652441,57408,18837464
1788987140969702472,29203915,27452595,3749,1653048,57409,18837464
1788987141086732765,29204662,27452697,3749,1653689,57410,18837464
1788987141204965479,29205421,27452779,3749,1654358,57410,18837464
1788987141321299080,29206163,27452947,3749,1654928,57411,18837464
1788987141439225251,29206921,27453096,3749,1655530,57411,18837464
1788987141553977429,29207656,27453139,3749,1656221,57411,18837464
1788987141671348561,29208406,27453230,3749,1656873,57411,18837464
1788987141787673456,29209150,27453395,3749,1657450,57412,18837464
1788987141905496167,29209906,27453560,3749,1658036,57412,18837464
1788987142023442070,29210662,27453675,3749,1658670,57413,18837464
1788987142141677750,29211415,27453794,3749,1659303,57413,18837464
1788987142259614025,29212170,27453881,3749,1659966,57414,18837464
1788987142377698084,29212924,27453958,3749,1660641,57414,18837464
1788987142492156964,29213664,27454036,3749,1661287,57414,18837464
1788987142609903075,29214413,27454133,3749,1661942,57414,18837464
1788987142725299134,29215157,27454307,3749,1662502,57414,18837464
1788987142843188236,29215915,27454416,3749,1663141,57414,18837464
1788987142961122362,29216669,27454553,3749,1663755,57414,18837464
1788987143078402573,29217417,27454666,3749,1664389,57414,18837464
1788987143194812307,29218162,27454758,3749,1665039,57414,18837464
1788987143309286926,29218894,27454805,3749,1665717,57415,18837464
1788987143424870125,29219638,27454911,3749,1666349,57416,18837464
1788987143543282117,29220389,27455007,3749,1667005,57417,18837464
1788987143660406291,29221142,27455120,3749,1667633,57417,18837464
1788987143777435866,29221880,27455244,3749,1668254,57418,18837464
1788987143895329901,29222629,27455400,3749,1668847,57419,18837464
1788987144013529525,29223382,27455590,3749,1669410,57419,18837464
1788987144127914712,29224118,27455631,3749,1670101,57419,18837464
1788987144242003883,29224845,27455706,3749,1670748,57421,18837464
1788987144359980330,29225599,27455837,3749,1671367,57421,18837464
1788987144477683969,29226354,27456002,3749,1671949,57424,18837464
1788987144595633040,29227108,27456069,3749,1672634,57424,18837464
1788987144711076908,29227845,27456237,3749,1673197,57425,18837464
1788987144828786869,29228594,27456380,3749,1673803,57425,18837464
1788987144946531548,29229351,27456454,3749,1674481,57426,18837464
1788987145060732714,29230087,27456518,3749,1675143,57426,18837464
1788987145178771317,29230841,27456621,3749,1675791,57426,18837464
1788987145296912868,29231600,27456799,3749,1676363,57427,18837464
1788987145409387029,29232312,27456958,3749,1676918,57429,18837464
1788987145526434006,29233064,27457083,3749,1677535,57429,18837464
1788987145644756167,29233815,27457228,3749,1678145,57430,18837464
1788987145762718110,29234567,27457366,3749,1678757,57430,18837464
1788987145877509470,29235303,27457388,3749,1679470,57430,18837464
1788987145995657229,29236052,27457468,3749,1680140,57430,18837464
1788987146111605782,29236796,27457600,3749,1680744,57431,18837464
1788987146229447984,29237547,27457765,3749,1681322,57432,18837464
1788987146347292725,29238303,27457888,3749,1681950,57432,18837464
1788987146464891924,29239056,27458031,3749,1682556,57432,18837464
1788987146581013328,29239797,27458132,3749,1683195,57433,18837464
1788987146699116451,29240555,27458211,3749,1683867,57433,18837464
1788987146813394678,29241287,27458311,3749,1684491,57433,18837464
1788987146931282685,29242044,27458422,3749,1685135,57433,18837464
1788987147044505038,29242768,27458649,3749,1685629,57433,18837464
1788987147162166773,29243522,27458781,3749,1686240,57434,18837464
1788987147280344109,29244275,27458894,3749,1686882,57435,18837464
1788987147393643166,29244991,27459034,3749,1687463,57436,18837464
1788987147511409164,29245747,27459170,3749,1688071,57436,18837464
1788987147625357968,29246473,27459195,3749,1688774,57436,18837464
1788987147741850049,29247219,27459319,3749,1689392,57438,18837464
1788987147859987551,29247973,27459407,3749,1690054,57438,18837464
1788987147980001579,29248744,27459552,3749,1690672,57439,18837464
1788987148097918537,29249499,27459675,3749,1691299,57440,18837464
1788987148215916233,29250245,27459797,3749,1691925,57441,18837464
1788987148334353105,29251001,27459917,3749,1692558,57441,18837464
1788987148449079586,29251738,27459963,3749,1693244,57441,18837464
1788987148563555207,29252454,27460046,3749,1693891,57442,18837464
1788987148681511446,29253200,27460200,3749,1694486,57442,18837464
1788987148799758737,29253951,27460356,3749,1695079,57444,18837464
1788987148917876951,29254712,27460453,3749,1695733,57444,18837464
1788987149035068086,29255455,27460605,3749,1696324,57445,18837464
1788987149152426334,29256206,27460708,3749,1696963,57448,18837464
1788987149270154047,29256961,27460784,3749,1697639,57448,18837464
1788987149384660485,29257685,27460848,3749,1698305,57448,18837464
1788987149502751020,29258442,27460969,3749,1698935,57448,18837464
1788987149620780543,29259195,27461130,3749,1699524,57448,18837464
1788987149737306931,29259946,27461246,3749,1700146,57450,18837464
1788987149855480819,29260700,27461339,3749,1700808,57450,18837464
1788987149972002374,29261437,27461447,3749,1701439,57451,18837464
1788987150089640972,29262189,27461608,3749,1702029,57451,18837464
1788987150208296155,29262950,27461636,3749,1702754,57451,18837464
1788987150323628149,29263684,27461753,3749,1703374,57451,18837464
1788987150441663139,29264436,27461832,3749,1704046,57452,18837464
1788987150556013059,29265175,27461892,3749,1704711,57453,18837464
1788987150674017982,29265928,27462039,3749,1705314,57453,18837464
1788987150792098105,29266682,27462128,3749,1705977,57453,18837464
1788987150906182855,29267413,27462210,3749,1706622,57454,18837464
1788987151023612767,29268161,27462310,3749,1707270,57454,18837464
1788987151139528295,29268907,27462387,3749,1707933,57454,18837464
1788987151253313203,29269641,27462496,3749,1708540,57454,18837464
1788987151371730279,29270403,27462625,3749,1709170,57455,18837464
1788987151486241915,29271134,27462653,3749,1709868,57455,18837464
1788987151600376036,29271868,27462732,3749,1710514,57455,18837464
1788987151718292107,29272625,27462855,3749,1711141,57455,18837464
1788987151833033698,29273362,27462887,3749,1711844,57455,18837464
1788987151951518828,29274105,27462980,3749,1712503,57456,18837464
1788987152068800185,29274853,27463132,3749,1713097,57457,18837464
1788987152182927845,29275587,27463169,3749,1713787,57457,18837464
1788987152298647627,29276331,27463295,3749,1714398,57457,18837464
1788987152416695321,29277085,27463377,3749,1715067,57457,18837464
1788987152531001315,29277817,27463435,3749,1715735,57458,18837464
1788987152648878917,29278574,27463551,3749,1716368,57459,18837464
1788987152766904106,29279333,27463701,3749,1716969,57460,18837464
1788987152880807035,29280057,27463802,3749,1717592,57460,18837464
1788987152998098045,29280806,27463911,3749,1718228,57460,18837464
1788987153119004615,29281581,27464019,3749,1718891,57460,18837464
1788987153252001428,29282439,27464175,3749,1719579,57462,18837464
1788987153369238259,29283168,27464397,3749,1719882,57677,18837464
1788987153488569947,29283929,27464599,3749,1720069,58039,18837464
1788987153604342205,29284664,27464856,3749,1720522,58053,18837464
1788987153718959700,29285378,27465106,3749,1720979,58064,18837464
1788987153834352339,29286122,27465356,3749,1721437,58078,18837464
1788987153949417704,29286839,27465596,3749,1721905,58093,18837464
1788987154067736994,29287612,27465844,3749,1722390,58103,18837464
1788987154183488479,29288308,27466093,3749,1722806,58163,18837464
1788987154299229384,29289053,27466326,3749,1723249,58211,18837464
1788987154414365934,29289760,27466571,3749,1723707,58228,18837464
1788987154529720769,29290483,27466811,3749,1724177,58242,18837464
1788987154646020731,29291226,27467058,3749,1724645,58254,18837464
1788987154761494413,29291927,27467288,3749,1725125,58268,18837464
1788987154883681531,29292686,27467542,3749,1725622,58282,18837464
1788987154997996389,29293394,27467809,3749,1726057,58295,18837464
1788987155114378774,29294142,27468051,3749,1726530,58307,18837464
1788987155229087991,29294862,27468302,3749,1726986,58317,18837464
1788987155344822583,29295581,27468552,3749,1727451,58330,18837464
1788987155460775402,29296313,27468769,3749,1727959,58338,18837464
1788987155578427692,29297050,27469021,3749,1728422,58352,18837464
1788987155692844042,29297763,27469265,3749,1728878,58368,18837464
1788987155809985730,29298480,27469513,3749,1729349,58382,18837464
1788987155925136634,29299207,27469742,3749,1729827,58396,18837464
1788987156040549082,29299921,27469991,3749,1730282,58413,18837464
1788987156155459624,29300641,27470281,3749,1730701,58426,18837464
1788987156275917153,29301399,27470556,3749,1731170,58439,18837464
1788987156392075079,29302144,27470813,3749,1731622,58455,18837464
1788987156507030036,29302874,27471070,3749,1732073,58468,18837464
1788987156621665899,29303593,27471308,3749,1732540,58482,18837464
1788987156735758120,29304320,27471573,3749,1732975,58495,18837464
1788987156851454340,29305067,27471830,3749,1733427,58513,18837464
1788987156968309013,29305788,27472057,3749,1733922,58521,18837464
1788987157082327303,29306512,27472286,3749,1734322,58609,18837464
1788987157197163128,29307249,27472526,3749,1734789,58620,18837464
1788987157313098654,29307984,27472778,3749,1735245,58637,18837464
1788987157429996810,29308730,27473030,3749,1735712,58652,18837464
1788987157545236567,29309463,27473264,3749,1736187,58664,18837464
1788987157661071067,29310187,27473510,3749,1736653,58677,18837464
1788987157776708613,29310904,27473765,3749,1737111,58690,18837464
1788987157893022208,29311693,27474019,3749,1737571,58705,18837464
1788987158009593729,29312418,27474267,3749,1738034,58722,18837464
1788987158125847367,29313135,27474506,3749,1738512,58734,18837464
1788987158241268318,29313875,27474778,3749,1738952,58747,18837464
1788987158359147254,29314609,27475028,3749,1739438,58754,18837464
1788987158474576193,29315332,27475294,3749,1739880,58764,18837464
1788987158591776085,29316087,27475547,3749,1740350,58776,18837464
1788987158708372529,29316829,27475799,3749,1740816,58790,18837464
1788987158824011277,29317566,27476053,3749,1741270,58803,18837464
1788987158939642110,29318286,27476279,3749,1741754,58818,18837464
1788987159054446863,29319013,27476507,3749,1742234,58832,18837464
1788987159171142378,29319746,27476739,3749,1742643,58922,18837464
1788987159287646418,29320467,27476989,3749,1743117,58929,18837464
1788987159402972959,29321187,27477235,3749,1743578,58945,18837464
1788987159520206347,29321904,27477490,3749,1744045,58958,18837464
1788987159635704616,29322634,27477741,3749,1744501,58972,18837464
1788987159751634362,29323352,27477981,3749,1744977,58984,18837464
1788987159865707846,29324059,27478258,3749,1745397,59001,18837464
1788987159980298237,29324783,27478515,3749,1745843,59014,18837464
1788987160093038936,29325499,27478770,3749,1746281,59027,18837464
1788987160209665620,29326204,27479045,3749,1746728,59039,18837464
1788987160323583078,29326940,27479321,3749,1747155,59050,18837464
1788987160439383974,29327655,27479556,3749,1747635,59061,18837464
1788987160555426220,29328377,27479802,3749,1748106,59072,18837464
1788987160671056779,29329110,27480040,3749,1748569,59091,18837464
1788987160786204032,29329815,27480281,3749,1749036,59109,18837464
1788987160904560427,29330566,27480537,3749,1749507,59122,18837464
1788987161020781799,29331300,27480810,3749,1749949,59134,18837464
1788987161139052081,29332054,27481175,3749,1750316,59143,18837464
1788987161255073143,29332796,27481435,3749,1750773,59155,18837464
1788987161370082810,29333541,27481682,3749,1751233,59167,18837464
1788987161485951404,29334266,27481932,3749,1751694,59182,18837464
1788987161603213733,29335028,27482192,3749,1752158,59192,18837464
1788987161718008478,29335740,27482429,3749,1752622,59211,18837464
1788987161832668445,29336469,27482667,3749,1753092,59222,18837464
1788987161946672980,29337181,27482919,3749,1753482,59295,18837464
1788987162060791898,29337916,27483186,3749,1753897,59331,18837464
1788987162174101810,29338627,27483440,3749,1754336,59347,18837464
1788987162290447194,29339375,27483714,3749,1754782,59357,18837464
1788987162409021445,29340110,27483956,3749,1755269,59369,18837464
1788987162525178681,29340841,27484216,3749,1755730,59377,18837464
1788987162641693349,29341581,27484471,3749,1756194,59390,18837464
1788987162758573819,29342317,27484762,3749,1756623,59403,18837464
1788987162873479037,29343024,27484998,3749,1757090,59417,18837464
1788987162988551513,29343746,27485258,3749,1757541,59428,18837464
1788987163104231925,29344439,27485498,3749,1758012,59440,18837464
1788987163219399889,29345174,27485726,3749,1758500,59452,18837464
1788987163332856002,29345902,27485996,3749,1758925,59468,18837464
1788987163448896906,29346631,27486261,3749,1759368,59481,18837464
1788987163564858468,29347353,27486505,3749,1759837,59495,18837464
1788987163683587413,29348089,27486743,3749,1760333,59504,18837464
1788987163798342044,29348816,27487002,3749,1760779,59517,18837464
1788987163912095993,29349545,27487236,3749,1761255,59527,18837464
1788987164031378772,29350327,27487491,3749,1761730,59542,18837464
1788987164146797109,29351062,27487785,3749,1762146,59554,18837464
1788987164263203941,29351806,27488066,3749,1762584,59568,18837464
1788987164378991148,29352556,27488364,3749,1762999,59579,18837464
1788987164495650053,29353294,27488621,3749,1763459,59593,18837464
1788987164611985524,29354030,27488877,3749,1763914,59609,18837464
1788987164732068331,29354792,27489131,3749,1764400,59621,18837464
1788987164846660748,29355501,27489353,3749,1764806,59711,18837464
1788987164962726059,29356224,27489589,3749,1765286,59721,18837464
1788987165079305546,29356941,27489839,3749,1765757,59731,18837464
1788987165193692696,29357674,27490089,3749,1766214,59743,18837464
1788987165307698015,29358403,27490341,3749,1766661,59756,18837464
1788987165423043332,29359140,27490639,3749,1767075,59768,18837464
1788987165539652944,29359885,27490926,3749,1767509,59779,18837464
1788987165655020126,29360615,27491170,3749,1767972,59792,18837464
1788987165772900816,29361346,27491416,3749,1768449,59807,18837464
1788987165887468143,29362078,27491663,3749,1768910,59816,18837464
1788987166003211619,29362810,27491940,3749,1769350,59828,18837464
1788987166120882151,29363548,27492196,3749,1769817,59839,18837464
1788987166238123923,29364274,27492453,3749,1770285,59851,18837464
1788987166353080805,29364986,27492697,3749,1770741,59873,18837464
1788987166469397031,29365712,27492964,3749,1771186,59885,18837464
1788987166584373232,29366432,27493209,3749,1771648,59900,18837464
1788987166699689086,29367166,27493476,3749,1772095,59909,18837464
1788987166817525960,29367910,27493697,3749,1772604,59918,18837464
1788987166933915763,29368661,27493953,3749,1773068,59928,18837464
1788987167048009262,29369394,27494195,3749,1773524,59943,18837464
1788987167163288815,29370107,27494451,3749,1773981,59955,18837464
1788987167278707738,29370818,27494706,3749,1774435,59968,18837464
1788987167396049253,29371578,27494931,3749,1774932,59980,18837464
1788987167512540091,29372299,27495162,3749,1775422,59991,18837464
1788987167629103025,29373022,27495406,3749,1775820,60080,18837464
1788987167743758874,29373712,27495641,3749,1776283,60098,18837464
1788987167859297281,29374453,27495879,3749,1776760,60109,18837464
1788987167974341798,29375154,27496122,3749,1777222,60122,18837464
1788987168089590496,29375857,27496391,3749,1777665,60131,18837464
1788987168206661366,29376586,27496633,3749,1778148,60142,18837464
1788987168322408184,29377313,27496888,3749,1778603,60157,18837464
1788987168437566261,29378024,27497134,3749,1779060,60173,18837464
1788987168552597963,29378739,27497370,3749,1779530,60188,18837464
1788987168666810058,29379439,27497660,3749,1779943,60201,18837464
1788987168783578786,29380169,27497955,3749,1780369,60213,18837464
1788987168899081209,29380895,27498209,3749,1780830,60224,18837464
1788987169015247393,29381640,27498505,3749,1781247,60239,18837464
1788987169129838042,29382349,27498768,3749,1781685,60254,18837464
1788987169244611524,29383044,27499010,3749,1782149,60267,18837464
1788987169360500668,29383784,27499265,3749,1782609,60279,18837464
1788987169477324716,29384513,27499498,3749,1783092,60295,18837464
1788987169591366832,29385241,27499739,3749,1783559,60301,18837464
1788987169707285449,29385960,27499988,3749,1784022,60314,18837464
1788987169820988004,29386680,27500241,3749,1784470,60325,18837464
1788987169936929138,29387401,27500480,3749,1784943,60339,18837464
1788987170052373361,29388139,27500732,3749,1785398,60355,18837464
1788987170164872403,29388826,27500977,3749,1785844,60371,18837464
1788987170282819230,29389581,27501208,3749,1786346,60381,18837464
1788987170396545472,29390305,27501524,3749,1786727,60395,18837464
1788987170511697835,29391024,27501776,3749,1787110,60481,18837464
1788987170624667550,29391731,27502012,3749,1787572,60494,18837464
1788987170739544292,29392453,27502250,3749,1788036,60508,18837464
1788987170858094043,29393233,27502504,3749,1788517,60520,18837464
1788987170971717107,29393934,27502747,3749,1788970,60534,18837464
1788987171087195119,29394647,27502988,3749,1789444,60545,18837464
1788987171202508616,29395368,27503258,3749,1789884,60556,18837464
1788987171317410959,29396096,27503502,3749,1790344,60572,18837464
1788987171433311372,29396825,27503730,3749,1790829,60587,18837464
1788987171549774806,29397556,27503979,3749,1791292,60602,18837464
1788987171664878342,29398301,27504211,3749,1791764,60618,18837464
1788987171779183917,29399041,27504431,3749,1792254,60626,18837464
1788987171895043296,29399756,27504674,3749,1792720,60642,18837464
1788987172009880134,29400468,27504923,3749,1793180,60653,18837464
1788987172125553366,29401180,27505168,3749,1793650,60666,18837464
1788987172242450091,29401928,27505410,3749,1794124,60680,18837464
1788987172357035132,29402651,27505702,3749,1794538,60693,18837464
1788987172475449553,29403401,27505939,3749,1795035,60701,18837464
1788987172590010400,29404122,27506204,3749,1795470,60716,18837464
1788987172705785294,29404832,27506444,3749,1795942,60729,18837464
1788987172818985355,29405531,27506691,3749,1796394,60741,18837464
1788987172934522402,29406251,27506949,3749,1796844,60754,18837464
1788987173049314184,29406948,27507192,3749,1797307,60767,18837464
1788987173164430294,29407678,27507424,3749,1797791,60776,18837464
1788987173280177785,29408438,27507669,3749,1798186,60860,18837464
1788987173396344321,29409163,27507914,3749,1798658,60872,18837464
1788987173512164500,29409875,27508160,3749,1799121,60886,18837464
1788987173628672013,29410619,27508388,3749,1799609,60899,18837464
1788987173744521535,29411380,27508631,3749,1800081,60911,18837464
1788987173860288850,29412107,27508869,3749,1800561,60922,18837464
1788987173975102856,29412827,27509137,3749,1800998,60933,18837464
1788987174090348656,29413545,27509391,3749,1801451,60948,18837464
1788987174206142895,29414275,27509620,3749,1801928,60965,18837464
1788987174321479596,29414987,27509864,3749,1802390,60982,18837464
1788987174438073799,29415710,27510099,3749,1802871,60999,18837464
1788987174555115972,29416431,27510325,3749,1803365,61009,18837464
1788987174670045450,29417146,27510599,3749,1803800,61021,18837464
1788987174785383842,29417875,27510838,3749,1804264,61039,18837464
1788987174900221011,29418586,27511073,3749,1804732,61055,18837464
1788987175017505083,29419319,27511341,3749,1805186,61069,18837464
1788987175134401174,29420048,27511606,3749,1805639,61082,18837464
1788987175249427658,29420787,27511892,3749,1806067,61092,18837464
1788987175366479289,29421523,27512133,3749,1806480,61171,18837464
1788987175482178108,29422243,27512412,3749,1806902,61195,18837464
1788987175598507895,29422968,27512661,3749,1807371,61209,18837464
1788987175714818104,29423714,27512912,3749,1807834,61219,18837464
1788987175830492600,29424431,27513168,3749,1808289,61236,18837464
1788987175946962133,29425166,27513410,3749,1808769,61244,18837464
1788987176062043548,29425888,27513691,3749,1809199,61257,18837464
1788987176177478645,29426624,27513949,3749,1809647,61270,18837464
1788987176295228819,29427342,27514224,3749,1810090,61289,18837464
1788987176409569178,29428051,27514488,3749,1810533,61301,18837464
1788987176525805287,29428793,27514735,3749,1810992,61322,18837464
1788987176641197146,29429509,27514970,3749,1811468,61333,18837464
1788987176757853761,29430244,27515240,3749,1811918,61347,18837464
1788987176872014093,29430967,27515486,3749,1812365,61366,18837464
1788987176987528083,29431691,27515725,3749,1812834,61383,18837464
1788987177104301138,29432407,27515982,3749,1813295,61394,18837464
1788987177220478249,29433146,27516254,3749,1813735,61411,18837464
1788987177338009832,29433882,27516513,3749,1814205,61423,18837464
1788987177451823561,29434568,27516771,3749,1814645,61433,18837464
1788987177567728749,29435284,27517018,3749,1815105,61455,18837464
1788987177682585075,29435978,27517259,3749,1815567,61468,18837464
1788987177797411340,29436702,27517524,3749,1816007,61482,18837464
1788987177914363195,29437429,27517800,3749,1816452,61494,18837464
1788987178028511907,29438142,27518070,3749,1816887,61507,18837464
1788987178147137688,29438903,27518389,3749,1817302,61516,18837464
1788987178262724707,29439625,27518642,3749,1817683,61607,18837464
1788987178378122724,29440374,27518888,3749,1818146,61619,18837464
1788987178494687389,29441103,27519125,3749,1818625,61633,18837464
1788987178609696145,29441804,27519364,3749,1819094,61647,18837464
1788987178725456053,29442541,27519600,3749,1819571,61657,18837464
1788987178839544843,29443278,27519835,3749,1820043,61667,18837464
1788987178954486091,29443994,27520095,3749,1820487,61682,18837464
1788987179069031145,29444718,27520352,3749,1820928,61700,18837464
1788987179184573639,29445454,27520591,3749,1821402,61714,18837464
1788987179299850930,29446211,27520824,3749,1821879,61727,18837464
1788987179416250654,29446926,27521071,3749,1822346,61737,18837464
1788987179533468665,29447642,27521334,3749,1822807,61749,18837464
1788987179651096593,29448389,27521622,3749,1823248,61759,18837464
1788987179766662896,29449146,27521873,3749,1823707,61770,18837464
1788987179881495823,29449873,27522121,3749,1824164,61782,18837464
1788987179996575992,29450612,27522387,3749,1824605,61796,18837464
1788987180114395545,29451347,27522676,3749,1825043,61807,18837464
1788987180229910193,29452062,27522936,3749,1825497,61818,18837464
1788987180346739767,29452809,27523182,3749,1825962,61837,18837464
1788987180462472774,29453546,27523430,3749,1826428,61850,18837464
1788987180577268425,29454278,27523662,3749,1826894,61868,18837464
1788987180690409593,29454989,27523935,3749,1827323,61878,18837464
1788987180806138676,29455730,27524191,3749,1827779,61889,18837464
1788987180920545383,29456464,27524434,3749,1828240,61904,18837464
1788987181037095700,29457201,27524677,3749,1828685,61942,18837464
1788987181153553952,29457939,27524900,3749,1829117,62019,18837464
1788987181269565671,29458692,27525135,3749,1829594,62034,18837464
1788987181385749445,29459411,27525373,3749,1830069,62048,18837464
1788987181503063146,29460117,27525615,3749,1830547,62065,18837464
1788987181618136748,29460825,27525833,3749,1831037,62076,18837464
1788987181734226201,29461558,27526090,3749,1831495,62088,18837464
1788987181849482021,29462267,27526340,3749,1831953,62104,18837464
1788987181964006533,29463004,27526577,3749,1832420,62114,18837464
1788987182080009279,29463746,27526826,3749,1832885,62128,18837464
1788987182195031004,29464488,27527073,3749,1833347,62141,18837464
1788987182311015808,29465214,27527304,3749,1833831,62153,18837464
1788987182427921425,29465984,27527587,3749,1834268,62164,18837464
1788987182544236348,29466712,27527869,3749,1834701,62177,18837464
1788987182659286063,29467424,27528106,3749,1835170,62190,18837464
1788987182774386351,29468142,27528348,3749,1835636,62204,18837464
1788987182890841398,29468850,27528581,3749,1836117,62217,18837464
1788987183006609583,29469563,27528840,3749,1836577,62227,18837464
1788987183123065666,29470297,27529130,3749,1837005,62240,18837464
1788987183238338447,29471018,27529399,3749,1837441,62255,18837464
1788987183352840245,29471722,27529660,3749,1837882,62269,18837464
1788987183468138206,29472441,27529910,3749,1838343,62281,18837464
1788987183582912688,29473156,27530150,3749,1838805,62297,18837464
1788987183698139741,29473885,27530371,3749,1839290,62312,18837464
1788987183814234445,29474600,27530637,3749,1839740,62324,18837464
1788987183930452460,29475331,27530866,3749,1840144,62421,18837464
1788987184047211312,29476031,27531112,3749,1840614,62434,18837464
1788987184161099028,29476759,27531349,3749,1841083,62446,18837464
1788987184276772117,29477483,27531600,3749,1841538,62461,18837464
1788987184394303088,29478244,27531864,3749,1842007,62469,18837464
1788987184508745365,29478979,27532133,3749,1842441,62482,18837464
1788987184623547487,29479689,27532381,3749,1842899,62494,18837464
1788987184740037421,29480426,27532623,3749,1843373,62507,18837464
1788987184855641130,29481141,27532865,3749,1843843,62520,18837464
1788987184969997331,29481879,27533135,3749,1844285,62529,18837464
1788987185085270813,29482635,27533371,3749,1844751,62546,18837464
1788987185201220738,29483347,27533630,3749,1845207,62555,18837464
1788987185316205695,29484073,27533888,3749,1845655,62571,18837464
1788987185432323727,29484809,27534127,3749,1846129,62587,18837464
1788987185547407823,29485520,27534365,3749,1846596,62600,18837464
1788987185663617009,29486252,27534614,3749,1847061,62614,18837464
1788987185779504361,29486979,27534848,3749,1847546,62624,18837464
1788987185895391458,29487692,27535130,3749,1847974,62637,18837464
1788987186010213938,29488414,27535369,3749,1848374,62722,18837464
1788987186124841457,29489131,27535622,3749,1848824,62736,18837464
1788987186240276962,29489845,27535872,3749,1849285,62748,18837464
1788987186357908700,29490595,27536139,3749,1849742,62762,18837464
1788987186473280895,29491314,27536406,3749,1850177,62781,18837464
1788987186592165983,29492041,27536656,3749,1850665,62793,18837464
1788987186707354805,29492755,27536903,3749,1851119,62808,18837464
1788987186823859588,29493507,27537173,3749,1851569,62817,18837464
1788987186937897932,29494215,27537454,3749,1851981,62839,18837464
1788987187054156984,29494940,27537703,3749,1852441,62857,18837464
1788987187168702413,29495678,27537938,3749,1852914,62869,18837464
1788987187288415712,29496419,27538192,3749,1853396,62882,18837464
1788987187404195584,29497152,27538464,3749,1853832,62897,18837464
1788987187518084229,29497862,27538719,3749,1854276,62911,18837464
1788987187635180964,29498618,27538964,3749,1854750,62926,18837464
1788987187748471247,29499321,27539219,3749,1855190,62939,18837464
1788987187864669100,29500046,27539461,3749,1855669,62948,18837464
1788987187980120793,29500776,27540056,3749,1855792,62955,18864984
1788987188093342936,29501497,27540466,3749,1856099,62957,18872664
1788987188219529986,29502305,27540578,3749,1856788,62958,18872664
1788987188336787302,29503057,27540651,3749,1857460,62958,18872664
1788987188451371603,29503796,27540745,3749,1858088,62962,18872664
1788987188569292271,29504547,27540901,3749,1858683,62962,18872664
1788987188683325594,29505273,27540970,3749,1859339,62962,18872664
1788987188798594075,29506008,27541130,3749,1859914,62963,18872664
1788987188916649178,29506759,27541252,3749,1860544,62964,18872664
1788987189030726279,29507481,27541350,3749,1861170,62964,18872664
1788987189147712942,29508225,27541483,3749,1861781,62964,18872664
1788987189265850993,29508985,27541557,3749,1862459,62964,18872664
1788987189379885219,29509713,27541633,3749,1863108,62965,18872664
1788987189497997332,29510468,27541757,3749,1863734,62965,18872664
1788987189612090909,29511194,27541783,3749,1864435,62965,18872664
1788987189730116726,29511947,27541910,3749,1865057,62966,18872664
1788987189848153129,29512699,27541970,3749,1865749,62966,18872664
1788987189962049367,29513433,27542036,3749,1866408,62966,18872664
1788987190079690758,29514176,27542168,3749,1867027,62967,18872664
1788987190197635550,29514932,27542279,3749,1867667,62967,18872664
1788987190312021584,29515658,27542353,3749,1868318,62968,18872664
1788987190430200939,29516411,27542547,3749,1868875,62968,18872664
1788987190545347402,29517146,27542602,3749,1869552,62968,18872664
1788987190662019049,29517886,27542712,3749,1870187,62969,18872664
1788987190777993909,29518629,27542831,3749,1870804,62969,18872664
1788987190892125929,29519352,27542919,3749,1871442,62971,18872664
1788987191009149099,29520094,27543061,3749,1872043,62971,18872664
1788987191127426359,29520847,27543163,3749,1872694,62971,18872664
1788987191241354034,29521569,27543259,3749,1873321,62972,18872664
1788987191359156009,29522328,27543391,3749,1873942,62972,18872664
1788987191474255361,29523066,27543527,3749,1874534,62974,18872664
1788987191592141393,29523818,27543623,3749,1875189,62974,18872664
1788987191708637192,29524562,27543790,3749,1875765,62974,18872664
1788987191826224327,29525317,27543912,3749,1876388,62974,18872664
1788987191944192530,29526070,27544001,3749,1877050,62974,18872664
1788987192058767707,29526798,27544087,3749,1877696,62975,18872664
1788987192177008507,29527557,27544212,3749,1878321,62975,18872664
1788987192294587960,29528300,27544356,3749,1878927,62975,18872664
1788987192410761334,29529042,27544455,3749,1879566,62976,18872664
1788987192529405059,29529802,27544636,3749,1880136,62977,18872664
1788987192647376778,29530556,27544729,3749,1880792,62978,18872664
1788987192765275548,29531308,27544809,3749,1881464,62978,18872664
1788987192879535547,29532045,27544887,3749,1882118,62978,18872664
1788987192997354702,29532801,27545037,3749,1882712,62978,18872664
1788987193115342210,29533555,27545172,3749,1883327,62979,18872664
1788987193233217892,29534308,27545273,3749,1883980,62979,18872664
1788987193348605514,29535038,27545397,3749,1884590,62980,18872664
1788987193466398177,29535789,27545505,3749,1885225,62981,18872664
1788987193584366776,29536544,27545607,3749,1885874,62982,18872664
1788987193698366397,29537279,27545688,3749,1886518,62982,18872664
1788987193816557282,29538031,27545801,3749,1887161,62982,18872664
1788987193934504822,29538796,27545965,3749,1887747,62983,18872664
1788987194052677947,29539550,27546095,3749,1888352,62998,18872664
1788987194167807515,29540281,27546226,3749,1888936,63016,18872664
1788987194286612805,29541040,27546315,3749,1889544,63076,18872664
1788987194404709525,29541797,27546378,3749,1890227,63081,18872664
1788987194519013014,29542531,27546449,3749,1890840,63123,18872664
1788987194637102442,29543288,27546563,3749,1891443,63158,18872664
1788987194755152682,29544043,27546704,3749,1892032,63177,18872664
1788987194873250774,29544802,27546820,3749,1892667,63177,18872664
1788987194992377004,29545550,27547018,3749,1893226,63179,18872664
1788987195110577475,29546310,27547134,3749,1893864,63180,18872664
1788987195228487142,29547064,27547230,3749,1894513,63180,18872664
1788987195342970058,29547809,27547355,3749,1895119,63181,18872664
1788987195461006379,29548569,27547503,3749,1895722,63181,18872664
1788987195578900673,29549322,27547621,3749,1896354,63181,18872664
1788987195696704661,29550077,27547732,3749,1896993,63181,18872664
1788987195812462518,29550817,27547870,3749,1897587,63182,18872664
1788987195930223919,29551570,27547960,3749,1898248,63182,18872664
1788987196047349041,29552317,27548034,3749,1898920,63182,18872664
1788987196161609500,29553041,27548116,3749,1899567,63184,18872664
1788987196279874146,29553806,27548279,3749,1900155,63185,18872664
1788987196397899032,29554562,27548424,3749,1900760,63185,18872664
1788987196516009686,29555314,27548549,3749,1901391,63185,18872664
1788987196634560799,29556073,27548668,3749,1902021,63186,18872664
1788987196751754877,29556826,27548757,3749,1902678,63186,18872664
1788987196865085522,29557555,27548884,3749,1903271,63186,18872664
1788987196979177931,29558286,27548973,3749,1903907,63186,18872664
1788987197097023040,29559041,27549094,3749,1904537,63186,18872664
1788987197214970419,29559799,27549220,3749,1905161,63186,18872664
1788987197333130997,29560553,27549339,3749,1905792,63186,18872664
1788987197450526911,29561300,27549480,3749,1906398,63188,18872664
1788987197568350287,29562057,27549581,3749,1907043,63188,18872664
1788987197684566290,29562802,27549659,3749,1907712,63188,18872664
1788987197798743914,29563527,27549738,3749,1908357,63188,18872664
1788987197916708753,29564279,27549868,3749,1908977,63189,18872664
1788987198034535982,29565033,27550006,3749,1909589,63189,18872664
1788987198152483737,29565780,27550166,3749,1910172,63190,18872664
1788987198270132963,29566532,27550301,3749,1910789,63191,18872664
1788987198387871706,29567286,27550382,3749,1911457,63191,18872664
1788987198501551544,29568010,27550457,3749,1912108,63191,18872664
1788987198616239533,29568738,27550545,3749,1912743,63193,18872664
1788987198734158292,29569492,27550669,3749,1913371,63193,18872664
1788987198851962079,29570250,27550793,3749,1913996,63193,18872664
1788987198969655146,29570999,27550946,3749,1914594,63193,18872664
1788987199087724223,29571754,27551075,3749,1915215,63194,18872664
1788987199206119814,29572512,27551187,3749,1915859,63195,18872664
1788987199321192105,29573244,27551228,3749,1916547,63195,18872664
1788987199435425165,29573969,27551309,3749,1917190,63195,18872664
1788987199552983398,29574725,27551462,3749,1917788,63195,18872664
1788987199671188415,29575482,27551586,3749,1918414,63195,18872664
1788987199789309470,29576236,27551714,3749,1919037,63195,18872664
1788987199907065947,29576977,27551855,3749,1919644,63196,18872664
1788987200025132634,29577737,27551993,3749,1920259,63197,18872664
1788987200139655462,29578465,27552019,3749,1920965,63197,18872664
1788987200253971413,29579208,27552096,3749,1921613,63197,18872664
1788987200369635974,29579942,27552258,3749,1922188,63197,18872664
1788987200487663516,29580705,27552407,3749,1922788,63199,18872664
1788987200605857743,29581465,27552537,3749,1923408,63200,18872664
1788987200723883305,29582217,27552682,3749,1924013,63200,18872664
1788987200842051800,29582978,27552812,3749,1924634,63200,18872664
1788987200956253565,29583707,27552833,3749,1925340,63200,18872664
1788987201071334356,29584439,27552954,3749,1925949,63201,18872664
1788987201186508169,29585167,27553100,3749,1926541,63202,18872664
1788987201304564338,29585922,27553229,3749,1927159,63204,18872664
1788987201422496910,29586674,27553358,3749,1927782,63204,18872664
1788987201540313037,29587424,27553503,3749,1928379,63205,18872664
1788987201658171826,29588184,27553650,3749,1928984,63205,18872664
1788987201772112636,29588912,27553671,3749,1929690,63205,18872664
1788987201890165803,29589665,27553821,3749,1930291,63206,18872664
1788987202008433278,29590413,27553939,3749,1930923,63206,18872664
1788987202126633796,29591165,27554091,3749,1931524,63208,18872664
1788987202242110073,29591903,27554238,3749,1932109,63209,18872664
1788987202360210493,29592666,27554362,3749,1932735,63209,18872664
1788987202478665882,29593420,27554517,3749,1933337,63209,18872664
1788987202593132378,29594159,27554542,3749,1934042,63209,18872664
1788987202711420248,29594916,27554668,3749,1934665,63210,18872664
1788987202829579020,29595672,27554739,3749,1935350,63210,18872664
1788987202947720753,29596428,27554866,3749,1935973,63210,18872664
1788987203062382161,29597160,27555055,3749,1936508,63210,18872664
1788987203180024438,29597929,27555182,3749,1937131,63211,18872664
1788987203298190823,29598682,27555305,3749,1937758,63211,18872664
1788987203412223735,29599409,27555332,3749,1938459,63211,18872664
1788987203529387318,29600149,27555448,3749,1939086,63212,18872664
1788987203647225405,29600906,27555526,3749,1939760,63212,18872664
1788987203761196000,29601635,27555664,3749,1940344,63213,18872664
1788987203878272122,29602374,27555777,3749,1940975,63214,18872664
1788987203996247080,29603122,27555910,3749,1941591,63215,18872664
1788987204114220599,29603875,27556104,3749,1942146,63216,18872664
1788987204229659073,29604615,27556131,3749,1942860,63216,18872664
1788987204344718651,29605354,27556244,3749,1943477,63216,18872664
1788987204462736912,29606112,27556348,3749,1944124,63217,18872664
1788987204577661940,29606850,27556458,3749,1944745,63217,18872664
1788987204689445361,29607557,27556608,3749,1945303,63217,18872664
1788987204807275682,29608317,27556745,3749,1945915,63217,18872664
1788987204925223372,29609069,27556864,3749,1946547,63218,18872664
1788987205039348992,29609797,27556889,3749,1947249,63218,18872664
1788987205153720453,29610522,27557022,3749,1947845,63220,18872664
1788987205271608607,29611276,27557127,3749,1948491,63220,18872664
1788987205387621905,29612017,27557252,3749,1949102,63221,18872664
1788987205503239211,29612750,27557368,3749,1949720,63221,18872664
1788987205621171204,29613504,27557510,3749,1950327,63221,18872664
1788987205739373235,29614256,27557671,3749,1950917,63221,18872664
1788987205853656028,29614987,27557708,3749,1951614,63221,18872664
1788987205967722095,29615714,27557823,3749,1952222,63222,18872664
1788987206085772629,29616475,27557938,3749,1952858,63222,18872664
1788987206202878427,29617229,27558061,3749,1953480,63223,18872664
1788987206321312723,29617991,27558159,3749,1954132,63223,18872664
1788987206439314244,29618753,27558310,3749,1954730,63224,18872664
1788987206556495681,29619501,27558432,3749,1955352,63224,18872664
1788987206670575014,29620234,27558487,3749,1956030,63224,18872664
1788987206787221168,29620986,27558587,3749,1956667,63225,18872664
1788987206905004587,29621739,27558713,3749,1957293,63225,18872664
1788987207019844761,29622473,27558869,3749,1957868,63225,18872664
1788987207138107045,29623228,27558944,3749,1958544,63225,18872664
1788987207255857840,29623987,27559072,3749,1959166,63225,18872664
1788987207372208151,29624727,27559195,3749,1959781,63225,18872664
1788987207486260209,29625446,27559239,3749,1960467,63226,18872664
1788987207602715591,29626184,27559366,3749,1961080,63227,18872664
1788987207721017154,29626943,27559460,3749,1961737,63227,18872664
1788987207835583152,29627676,27559569,3749,1962359,63227,18872664
1788987207953813567,29628438,27559683,3749,1962996,63227,18872664
1788987208068083387,29629172,27559705,3749,1963702,63228,18872664
1788987208183698546,29629908,27559786,3749,1964357,63228,18872664
1788987208297553831,29630633,27559907,3749,1964962,63229,18872664
1788987208411757713,29631360,27559966,3749,1965629,63230,18872664
1788987208529360683,29632111,27560077,3749,1966262,63230,18872664
1788987208647449704,29632864,27560157,3749,1966933,63230,18872664
1788987208761891089,29633594,27560237,3749,1967582,63232,18872664
1788987208879989483,29634344,27560349,3749,1968221,63232,18872664
1788987208994134621,29635073,27560370,3749,1968927,63232,18872664
1788987209110771152,29635815,27560464,3749,1969575,63233,18872664
1788987209228981563,29636570,27560595,3749,1970195,63234,18872664
1788987209343429370,29637288,27560672,3749,1970844,63234,18872664
1788987209460744550,29638040,27560773,3749,1971493,63235,18872664
1788987209578605529,29638796,27560845,3749,1972173,63235,18872664
1788987209693172601,29639532,27560922,3749,1972818,63236,18872664
1788987209811002682,29640285,27561021,3749,1973470,63237,18872664
1788987209925621536,29641017,27561047,3749,1974176,63238,18872664
1788987210043799890,29641760,27561164,3749,1974811,63238,18872664
1788987210161761724,29642513,27561248,3749,1975478,63238,18872664
1788987210276266797,29643249,27561328,3749,1976122,63239,18872664
1788987210393060984,29643977,27561580,3749,1976601,63245,18872664
1788987210507225946,29644685,27561814,3749,1977030,63294,18872664
1788987210625654341,29645449,27561971,3749,1977187,63729,18872664
1788987210739851162,29646168,27562203,3749,1977660,63741,18872664
1788987210855327679,29646905,27562447,3749,1978124,63757,18872664
1788987210969472633,29647602,27562692,3749,1978578,63771,18872664
1788987211086699986,29648342,27562911,3749,1979085,63783,18872664
1788987211202466105,29649070,27563172,3749,1979532,63799,18872664
1788987211317120483,29649786,27563421,3749,1979985,63812,18872664
1788987211431554685,29650508,27563694,3749,1980416,63826,18872664
1788987211546064227,29651231,27563934,3749,1980875,63845,18872664
1788987211661806300,29651957,27564189,3749,1981334,63855,18872664
1788987211776144512,29652667,27564445,3749,1981791,63865,18872664
1788987211891454649,29653407,27564703,3749,1982234,63883,18872664
1788987212008476997,29654156,27564957,3749,1982649,63948,18872664
1788987212124522588,29654874,27565190,3749,1983098,63992,18872664
1788987212238297692,29655583,27565427,3749,1983558,64008,18872664
1788987212352836470,29656333,27565672,3749,1984020,64021,18872664
1788987212469138717,29657059,27565909,3749,1984503,64030,18872664
1788987212586658751,29657796,27566172,3749,1984965,64040,18872664
1788987212702845122,29658538,27566420,3749,1985427,64056,18872664
1788987212818305220,29659265,27566657,3749,1985902,64068,18872664
1788987212933007934,29659980,27566925,3749,1986339,64080,18872664
1788987213049036358,29660693,27567179,3749,1986797,64095,18872664
1788987213165416910,29661420,27567434,3749,1987255,64113,18872664
1788987213289046695,29662202,27567680,3749,1987772,64126,18872664
1788987213403852512,29662910,27567938,3749,1988209,64145,18872664
1788987213520027117,29663614,27568210,3749,1988651,64158,18872664
1788987213636469877,29664343,27568463,3749,1989113,64173,18872664
1788987213751994905,29665076,27568729,3749,1989561,64184,18872664
1788987213869577944,29665812,27569017,3749,1990003,64193,18872664
1788987213986187802,29666560,27569267,3749,1990469,64206,18872664
1788987214101723816,29667287,27569533,3749,1990912,64220,18872664
1788987214216169508,29668011,27569767,3749,1991381,64233,18872664
1788987214329719818,29668718,27570056,3749,1991790,64249,18872664
1788987214448855717,29669465,27570342,3749,1992239,64261,18872664
1788987214567029493,29670205,27570612,3749,1992700,64268,18872664
1788987214682983299,29670946,27570873,3749,1993155,64279,18872664
1788987214797561066,29671664,27571115,3749,1993571,64340,18872664
1788987214913591287,29672378,27571368,3749,1994000,64383,18872664
1788987215029251651,29673094,27571635,3749,1994444,64397,18872664
1788987215147401258,29673857,27571910,3749,1994900,64409,18872664
1788987215263984266,29674578,27572147,3749,1995387,64418,18872664
1788987215383279124,29675325,27572404,3749,1995863,64431,18872664
1788987215499249255,29676048,27572648,3749,1996331,64443,18872664
1788987215613993480,29676754,27572884,3749,1996795,64459,18872664
1788987215728484185,29677476,27573118,3749,1997261,64476,18872664
1788987215845057725,29678205,27573385,3749,1997709,64489,18872664
1788987215962266037,29678956,27573650,3749,1998174,64498,18872664
1788987216080907587,29679675,27573912,3749,1998638,64512,18872664
1788987216195274884,29680378,27574163,3749,1999090,64526,18872664
1788987216310423622,29681085,27574419,3749,1999541,64540,18872664
1788987216426825940,29681824,27574691,3749,1999983,64553,18872664
1788987216542714154,29682546,27574923,3749,2000464,64567,18872664
1788987216658461013,29683294,27575153,3749,2000951,64575,18872664
1788987216773563605,29684021,27575416,3749,2001398,64587,18872664
1788987216889068997,29684741,27575688,3749,2001835,64600,18872664
1788987217005104170,29685486,27575979,3749,2002262,64612,18872664
1788987217119854417,29686215,27576236,3749,2002707,64626,18872664
1788987217235087630,29686917,27576500,3749,2003152,64639,18872664
1788987217349640839,29687657,27576729,3749,2003632,64649,18872664
1788987217468787021,29688406,27576981,3749,2004114,64661,18872664
1788987217583440536,29689113,27577220,3749,2004572,64676,18872664
1788987217700359140,29689846,27577456,3749,2004992,64758,18872664
1788987217814759735,29690565,27577725,3749,2005429,64771,18872664
1788987217929830536,29691309,27577984,3749,2005877,64783,18872664
1788987218045487486,29692031,27578223,3749,2006353,64794,18872664
1788987218162443642,29692756,27578475,3749,2006823,64806,18872664
1788987218276459717,29693483,27578780,3749,2007216,64823,18872664
1788987218392084169,29694216,27579034,3749,2007677,64831,18872664
1788987218505526151,29694899,27579283,3749,2008125,64845,18872664
1788987218621042648,29695633,27579521,3749,2008603,64856,18872664
1788987218738010847,29696364,27579750,3749,2009087,64871,18872664
1788987218858389138,29697129,27580014,3749,2009569,64881,18872664
1788987218973409449,29697841,27580272,3749,2010018,64896,18872664
1788987219087632894,29698540,27580511,3749,2010480,64908,18872664
1788987219203445889,29699282,27580761,3749,2010942,64922,18872664
1788987219319134389,29700004,27581016,3749,2011396,64936,18872664
1788987219433476118,29700722,27581285,3749,2011835,64949,18872664
1788987219555110930,29701497,27581541,3749,2012330,64961,18872664
1788987219671913992,29702234,27581814,3749,2012766,64979,18872664
1788987219788380193,29702972,27582053,3749,2013172,65067,18872664
1788987219904383627,29703693,27582310,3749,2013628,65077,18872664
1788987220020471042,29704412,27582549,3749,2014098,65095,18872664
1788987220134451531,29705121,27582792,3749,2014559,65104,18872664
1788987220253390255,29705857,27583039,3749,2015049,65114,18872664
1788987220367400218,29706546,27583301,3749,2015489,65124,18872664
1788987220482302128,29707270,27583561,3749,2015938,65135,18872664
1788987220598057862,29708017,27583808,3749,2016404,65148,18872664
1788987220713471797,29708738,27584067,3749,2016853,65161,18872664
1788987220828283897,29709474,27584306,3749,2017325,65173,18872664
1788987220945956154,29710201,27584564,3749,2017786,65188,18872664
1788987221061355800,29710916,27584836,3749,2018225,65200,18872664
1788987221177075070,29711647,27585101,3749,2018668,65215,18872664
1788987221292777578,29712387,27585366,3749,2019116,65228,18872664
1788987221408420413,29713115,27585652,3749,2019548,65238,18872664
1788987221524605427,29713856,27585898,3749,2020019,65247,18872664
1788987221643656984,29714598,27586157,3749,2020494,65259,18872664
1788987221761703658,29715326,27586420,3749,2020959,65271,18872664
1788987221878625777,29716043,27586699,3749,2021398,65285,18872664
1788987221994281879,29716774,27586955,3749,2021855,65296,18872664
1788987222110252845,29717518,27587206,3749,2022317,65306,18872664
1788987222225319950,29718234,27587440,3749,2022793,65321,18872664
1788987222344227647,29718978,27587702,3749,2023263,65332,18872664
1788987222459801094,29719698,27587955,3749,2023722,65345,18872664
1788987222575560774,29720414,27588175,3749,2024145,65428,18872664
1788987222692778352,29721140,27588427,3749,2024620,65438,18872664
1788987222808148689,29721849,27588680,3749,2025061,65460,18872664
1788987222924536039,29722595,27588956,3749,2025502,65474,18872664
1788987223042036050,29723331,27589220,3749,2025959,65491,18872664
1788987223159379267,29724070,27589500,3749,2026397,65505,18872664
1788987223274614497,29724795,27589858,3749,2026750,65517,18872664
1788987223390395073,29725527,27590101,3749,2027216,65535,18872664
1788987223506243076,29726253,27590352,3749,2027669,65554,18872664
1788987223623364612,29727008,27590592,3749,2028152,65568,18872664
1788987223738459555,29727722,27590880,3749,2028571,65580,18872664
1788987223852470806,29728449,27591157,3749,2028992,65597,18872664
1788987223967641696,29729182,27591410,3749,2029445,65611,18872664
1788987224083693961,29729891,27591693,3749,2029879,65621,18872664
1788987224200724772,29730622,27591954,3749,2030332,65638,18872664
1788987224316978428,29731334,27592194,3749,2030804,65653,18872664
1788987224430380079,29732053,27592431,3749,2031268,65663,18872664
1788987224545060688,29732770,27592685,3749,2031717,65677,18872664
1788987224660621828,29733496,27592932,3749,2032178,65692,18872664
1788987224776630609,29734207,27593191,3749,2032635,65702,18872664
1788987224893834571,29734960,27593454,3749,2033088,65719,18872664
1788987225007922716,29735680,27593689,3749,2033559,65729,18872664
1788987225125875407,29736434,27593960,3749,2034013,65744,18872664
1788987225241903076,29737156,27594254,3749,2034434,65757,18872664
1788987225356475645,29737881,27594492,3749,2034828,65842,18872664
1788987225470776151,29738618,27594739,3749,2035283,65856,18872664
1788987225588378905,29739359,27594978,3749,2035766,65870,18872664
1788987225702403387,29740106,27595252,3749,2036194,65884,18872664
1788987225821064324,29740855,27595497,3749,2036682,65896,18872664
1788987225936834799,29741568,27595745,3749,2037141,65910,18872664
1788987226053868261,29742313,27596005,3749,2037602,65922,18872664
1788987226169355210,29743055,27596244,3749,2038073,65934,18872664
1788987226283987894,29743795,27596491,3749,2038527,65950,18872664
1788987226397516319,29744507,27596735,3749,2038981,65965,18872664
1788987226514390270,29745265,27596965,3749,2039473,65976,18872664
1788987226630291911,29745991,27597260,3749,2039894,65990,18872664
1788987226745526733,29746716,27597524,3749,2040333,66005,18872664
1788987226860996638,29747452,27597767,3749,2040802,66015,18872664
1788987226977355038,29748172,27598013,3749,2041269,66032,18872664
1788987227093016035,29748906,27598253,3749,2041740,66045,18872664
1788987227210526619,29749641,27598480,3749,2042239,66056,18872664
1788987227326204727,29750356,27598744,3749,2042687,66067,18872664
1788987227442196329,29751094,27599015,3749,2043129,66080,18872664
1788987227556162276,29751788,27599278,3749,2043566,66094,18872664
1788987227673574786,29752512,27599520,3749,2044041,66112,18872664
1788987227788830360,29753240,27599779,3749,2044494,66122,18872664
1788987227903304578,29753966,27600018,3749,2044966,66134,18872664
1788987228018352634,29754662,27600275,3749,2045409,66149,18872664
1788987228134136777,29755419,27600504,3749,2045820,66237,18872664
1788987228248995036,29756110,27600766,3749,2046262,66251,18872664
1788987228365642171,29756836,27601006,3749,2046735,66270,18872664
1788987228481660716,29757555,27601270,3749,2047183,66284,18872664
1788987228597408922,29758302,27601526,3749,2047644,66295,18872664
1788987228711812656,29759026,27601800,3749,2048072,66307,18872664
1788987228828870405,29759769,27602054,3749,2048534,66325,18872664
1788987228944688052,29760502,27602311,3749,2048990,66337,18872664
1788987229059276797,29761223,27602608,3749,2049402,66347,18872664
1788987229176542617,29761953,27602873,3749,2049865,66355,18872664
1788987229292219883,29762674,27603148,3749,2050302,66368,18872664
1788987229406913259,29763403,27603438,3749,2050717,66382,18872664
1788987229524815848,29764147,27603683,3749,2051190,66400,18872664
1788987229638387317,29764866,27603922,3749,2051650,66415,18872664
1788987229754622603,29765591,27604159,3749,2052123,66430,18872664
1788987229870610537,29766309,27604402,3749,2052595,66443,18872664
1788987229985746546,29767028,27604650,3749,2053051,66461,18872664
1788987230103445595,29767769,27604917,3749,2053509,66474,18872664
1788987230218433727,29768479,27605165,3749,2053897,66558,18872664
1788987230334031374,29769184,27605417,3749,2054356,66570,18872664
1788987230450517595,29769924,27605657,3749,2054831,66584,18872664
1788987230566250719,29770650,27605892,3749,2055309,66596,18872664
1788987230683400797,29771385,27606134,3749,2055790,66609,18872664
1788987230799980285,29772131,27606388,3749,2056255,66619,18872664
1788987230917251396,29772861,27606639,3749,2056720,66635,18872664
1788987231033593628,29773574,27606868,3749,2057208,66647,18872664
1788987231149830447,29774310,27607121,3749,2057670,66657,18872664
1788987231266915958,29775030,27607365,3749,2058147,66674,18872664
1788987231384730815,29775775,27607605,3749,2058633,66684,18872664
1788987231499650147,29776497,27607854,3749,2059088,66699,18872664
1788987231614920176,29777213,27608116,3749,2059533,66714,18872664
1788987231729487043,29777917,27608408,3749,2059950,66722,18872664
1788987231842742453,29778629,27608677,3749,2060377,66736,18872664
1788987231958481256,29779355,27608934,3749,2060835,66747,18872664
1788987232074838171,29780097,27609166,3749,2061319,66761,18872664
1788987232190615829,29780838,27609431,3749,2061761,66777,18872664
1788987232306069553,29781568,27609669,3749,2062237,66786,18872664
1788987232420024223,29782280,27609903,3749,2062701,66802,18872664
1788987232534371583,29783016,27610168,3749,2063132,66823,18872664
1788987232650798645,29783720,27610421,3749,2063598,66834,18872664
1788987232765766446,29784444,27610673,3749,2064052,66847,18872664
1788987232880393995,29785175,27610928,3749,2064505,66858,18872664
1788987232995870297,29785900,27611160,3749,2064902,66951,18872664
1788987233110516164,29786615,27611408,3749,2065364,66961,18872664
1788987233225158331,29787348,27611651,3749,2065817,66979,18872664
1788987233340139460,29788062,27611933,3749,2066239,66996,18872664
1788987233458424100,29788815,27612173,3749,2066729,67010,18872664
1788987233574250362,29789545,27612437,3749,2067169,67028,18872664
1788987233689739247,29790277,27612708,3749,2067604,67046,18872664
1788987233805670719,29791008,27612959,3749,2068067,67058,18872664
1788987233922619966,29791754,27613208,3749,2068536,67073,18872664
1788987234037352013,29792492,27613465,3749,2068982,67088,18872664
1788987234153602720,29793202,27613696,3749,2069468,67101,18872664
1788987234270793725,29793945,27613985,3749,2069901,67114,18872664
1788987234386071325,29794650,27614245,3749,2070354,67124,18872664
1788987234500477559,29795359,27614484,3749,2070813,67141,18872664
1788987234615095719,29796087,27614736,3749,2071263,67156,18872664
1788987234731050191,29796806,27614981,3749,2071731,67170,18872664
1788987234848996643,29797537,27615237,3749,2072207,67179,18872664
1788987234967275672,29798289,27615518,3749,2072649,67197,18872664
1788987235082949738,29799008,27615774,3749,2073102,67210,18872664
1788987235198661561,29799737,27616021,3749,2073569,67221,18872664
1788987235313992257,29800465,27616288,3749,2074009,67236,18872664
1788987235428487355,29801189,27616582,3749,2074424,67249,18872664
1788987235544508082,29801894,27616830,3749,2074897,67256,18872664
1788987235660139976,29802630,27617084,3749,2075353,67267,18872664
1788987235776325317,29803361,27617328,3749,2075747,67358,18872664
1788987235891458458,29804068,27617636,3749,2076149,67372,18872664
1788987236006501600,29804766,27617923,3749,2076569,67384,18872664
1788987236120718168,29805473,27618181,3749,2077011,67400,18872664
1788987236235787444,29806179,27618414,3749,2077487,67412,18872664
1788987236353004942,29806913,27618678,3749,2077938,67432,18872664
1788987236468804128,29807641,27618944,3749,2078381,67449,18872664
1788987236585840747,29808360,27619204,3749,2078842,67460,18872664
1788987236701862943,29809085,27619448,3749,2079306,67478,18872664
1788987236815841240,29809801,27619697,3749,2079752,67497,18872664
1788987236933110823,29810554,27619936,3749,2080234,67513,18872664
1788987237048520626,29811298,27620196,3749,2080682,67530,18872664
1788987237164009276,29812021,27620469,3749,2081115,67545,18872664
1788987237281060259,29812751,27620739,3749,2081561,67560,18872664
1788987237397224711,29813455,27620994,3749,2082019,67575,18872664
1788987237510972048,29814134,27621230,3749,2082481,67588,18872664
1788987237625556546,29814839,27621466,3749,2082955,67599,18872664
1788987237740501036,29815549,27621719,3749,2083410,67611,18872664
1788987237856234818,29816278,27621994,3749,2083823,67644,18872664
1788987237973042994,29817029,27622256,3749,2084225,67716,18872664
1788987238088014803,29817753,27622516,3749,2084674,67726,18872664
1788987238203148132,29818500,27622741,3749,2085159,67738,18872664
1788987238319290119,29819230,27623029,3749,2085595,67744,18872664
1788987238436924723,29819953,27623284,3749,2086063,67758,18872664
1788987238551138124,29820674,27623520,3749,2086522,67775,18872664
1788987238666093088,29821400,27623761,3749,2086984,67792,18872664
1788987238781780212,29822145,27624000,3749,2087457,67804,18872664
1788987238898063951,29822855,27624241,3749,2087927,67820,18872664
1788987239014432438,29823583,27624473,3749,2088412,67835,18872664
1788987239130133919,29824329,27624782,3749,2088813,67852,18872664
1788987239246207968,29825065,27625064,3749,2089242,67863,18872664
1788987239363068923,29825775,27625322,3749,2089704,67875,18872664
1788987239479949370,29826521,27625566,3749,2090178,67888,18872664
1788987239593689188,29827230,27625802,3749,2090639,67905,18872664
1788987239710258011,29827987,27626022,3749,2091138,67917,18872664
1788987239823970311,29828709,27626282,3749,2091574,67933,18872664
1788987239938823221,29829434,27626574,3749,2091988,67947,18872664
1788987240054388771,29830154,27626821,3749,2092452,67958,18872664
1788987240170551740,29830885,27627087,3749,2092896,67975,18872664
1788987240284546433,29831595,27627364,3749,2093318,67992,18872664
1788987240399395708,29832319,27627673,3749,2093719,68003,18872664
1788987240515836293,29833039,27627962,3749,2094144,68019,18872664
1788987240632050423,29833757,27628214,3749,2094606,68031,18872664
1788987240746129236,29834481,27628434,3749,2095014,68121,18872664
1788987240860663243,29835193,27628702,3749,2095449,68133,18872664
1788987240973537853,29835886,27628962,3749,2095885,68145,18872664
1788987241089522507,29836610,27629199,3749,2096360,68161,18872664
1788987241209259464,29837345,27629449,3749,2096845,68175,18872664
1788987241324669603,29838065,27629694,3749,2097314,68185,18872664
1788987241440416116,29838778,27629935,3749,2097780,68200,18872664
1788987241555003057,29839520,27630168,3749,2098254,68210,18872664
1788987241670872621,29840240,27630402,3749,2098732,68224,18872664
1788987241784898268,29840977,27630629,3749,2099213,68231,18872664
1788987241901662139,29841708,27630908,3749,2099650,68246,18872664
1788987242016553976,29842426,27631168,3749,2100092,68263,18872664
1788987242131477622,29843153,27631425,3749,2100542,68278,18872664
1788987242246447340,29843873,27631698,3749,2100979,68288,18872664
1788987242361372602,29844590,27631937,3749,2101442,68303,18872664
1788987242476406001,29845314,27632161,3749,2101932,68311,18872664
1788987242589585798,29846020,27632415,3749,2102377,68323,18872664
1788987242704225669,29846745,27632675,3749,2102816,68342,18872664
1788987242820603426,29847499,27632950,3749,2103254,68355,18872664
1788987242936865824,29848220,27633192,3749,2103721,68372,18872664
1788987243051051928,29848918,27633430,3749,2104189,68383,18872664
1788987243168651541,29849673,27633703,3749,2104645,68393,18872664
1788987243284958833,29850379,27633948,3749,2105114,68405,18872664
1788987243399035241,29851088,27634201,3749,2105559,68420,18872664
1788987243513707643,29851794,27634431,3749,2105965,68505,18872664
1788987243628876573,29852524,27634673,3749,2106431,68518,18872664
1788987243746069473,29853261,27634937,3749,2106886,68532,18872664
1788987243859833323,29853981,27635216,3749,2107309,68546,18872664
1788987243982620768,29854748,27635478,3749,2107803,68561,18872664
1788987244097997002,29855472,27635738,3749,2108244,68580,18872664
1788987244214526103,29856201,27635989,3749,2108711,68592,18872664
1788987244328807019,29856917,27636243,3749,2109157,68607,18872664
1788987244442976883,29857624,27636490,3749,2109610,68621,18872664
1788987244560872609,29858362,27636708,3749,2110125,68630,18872664
1788987244673261814,29859079,27637406,3749,2110128,68636,18905944
1788987244785327144,29859786,27637677,3749,2110562,68638,18905944
1788987244903830041,29860543,27637810,3749,2111186,68639,18905944
1788987245017660020,29861274,27637855,3749,2111868,68639,18905944
1788987245132011273,29862016,27637951,3749,2112498,68640,18905944
1788987245249916313,29862772,27638118,3749,2113080,68640,18905944
1788987245364019463,29863501,27638140,3749,2113786,68640,18905944
1788987245482228154,29864256,27638261,3749,2114418,68641,18905944
1788987245599835437,29865010,27638385,3749,2115041,68641,18905944
1788987245713930685,29865737,27638443,3749,2115711,68641,18905944
1788987245829221055,29866467,27638573,3749,2116310,68643,18905944
1788987245947145613,29867222,27638707,3749,2116927,68643,18905944
1788987246061482632,29867950,27638786,3749,2117578,68645,18905944
1788987246179500668,29868703,27638925,3749,2118191,68645,18905944
1788987246297602122,29869459,27639008,3749,2118860,68645,18905944
1788987246412284167,29870185,27639088,3749,2119505,68646,18905944
1788987246530317020,29870941,27639247,3749,2120099,68646,18905944
1788987246644702658,29871672,27639269,3749,2120807,68646,18905944
1788987246759211321,29872411,27639348,3749,2121453,68647,18905944
1788987246877396916,29873165,27639470,3749,2122082,68647,18905944
1788987246991645540,29873894,27639496,3749,2122790,68648,18905944
1788987247107617438,29874633,27639628,3749,2123394,68649,18905944
1788987247225632015,29875391,27639714,3749,2124059,68649,18905944
1788987247339619276,29876121,27639779,3749,2124719,68649,18905944
1788987247466306310,29876933,27639906,3749,2125392,68650,18905944
1788987247583005615,29877681,27639980,3749,2126064,68650,18905944
1788987247697037976,29878413,27640059,3749,2126709,68650,18905944
1788987247814996886,29879166,27640188,3749,2127331,68650,18905944
1788987247929044052,29879894,27640209,3749,2128037,68650,18905944
1788987248044351863,29880636,27640317,3749,2128661,68651,18905944
1788987248160582284,29881383,27640490,3749,2129232,68651,18905944
1788987248278558369,29882137,27640635,3749,2129835,68653,18905944
1788987248396506629,29882899,27640805,3749,2130415,68653,18905944
1788987248514082770,29883648,27640928,3749,2131037,68654,18905944
1788987248625918052,29884359,27641045,3749,2131632,68654,18905944
1788987248744076221,29885110,27641155,3749,2132273,68654,18905944
1788987248858083522,29885839,27641234,3749,2132919,68655,18905944
1788987248976076076,29886591,27641364,3749,2133542,68655,18905944
1788987249092997343,29887343,27641517,3749,2134131,68655,18905944
1788987249210794953,29888086,27641612,3749,2134787,68655,18905944
1788987249328787807,29888847,27641776,3749,2135372,68656,18905944
1788987249442812286,29889579,27641897,3749,2135976,68657,18905944
1788987249561015137,29890342,27641975,3749,2136650,68657,18905944
1788987249675463822,29891065,27642041,3749,2137307,68658,18905944
1788987249793757932,29891820,27642127,3749,2137979,68658,18905944
1788987249911652566,29892583,27642269,3749,2138587,68658,18905944
1788987250029221276,29893335,27642396,3749,2139203,68659,18905944
1788987250147221920,29894085,27642546,3749,2139807,68659,18905944
1788987250266014342,29894846,27642673,3749,2140434,68661,18905944
1788987250383243648,29895599,27642800,3749,2141050,68661,18905944
1788987250497644779,29896329,27642843,3749,2141740,68661,18905944
1788987250614306855,29897081,27642985,3749,2142336,68661,18905944
1788987250732463297,29897837,27643115,3749,2142961,68661,18905944
1788987250847314261,29898571,27643252,3749,2143551,68661,18905944
1788987250965500232,29899325,27643418,3749,2144141,68662,18905944
1788987251083483183,29900077,27643589,3749,2144720,68662,18905944
1788987251202079491,29900840,27643765,3749,2145296,68662,18905944
1788987251316115849,29901569,27643786,3749,2146002,68662,18905944
1788987251433659066,29902320,27643880,3749,2146658,68663,18905944
1788987251548489641,29903056,27644002,3749,2147268,68663,18905944
1788987251666208121,29903815,27644172,3749,2147841,68663,18905944
1788987251784180075,29904571,27644289,3749,2148475,68664,18905944
1788987251902119006,29905328,27644449,3749,2149064,68664,18905944
1788987252020010459,29906086,27644568,3749,2149698,68664,18905944
1788987252131837691,29906806,27644699,3749,2150280,68664,18905944
1788987252246052048,29907538,27644791,3749,2150912,68665,18905944
1788987252363928786,29908292,27644916,3749,2151539,68665,18905944
1788987252481848253,29909050,27645058,3749,2152146,68666,18905944
1788987252600115062,29909802,27645139,3749,2152817,68667,18905944
1788987252715088762,29910533,27645331,3749,2153354,68668,18905944
1788987252832610604,29911272,27645439,3749,2153995,68669,18905944
1788987252950995897,29912035,27645514,3749,2154672,68669,18905944
1788987253065451106,29912768,27645591,3749,2155320,68669,18905944
1788987253183385274,29913522,27645699,3749,2155963,68669,18905944
1788987253301289753,29914261,27645866,3749,2156546,68671,18905944
1788987253419387731,29915018,27645983,3749,2157177,68671,18905944
1788987253537360070,29915778,27646145,3749,2157769,68671,18905944
1788987253653075834,29916515,27646264,3749,2158384,68672,18905944
1788987253771392216,29917266,27646336,3749,2159063,68672,18905944
1788987253885224835,29918005,27646398,3749,2159727,68672,18905944
1788987254002862742,29918760,27646484,3749,2160391,68672,18905944
1788987254119414106,29919498,27646632,3749,2160980,68674,18905944
1788987254236378332,29920247,27646738,3749,2161619,68675,18905944
1788987254354287670,29920997,27646862,3749,2162245,68675,18905944
1788987254471406369,29921749,27646998,3749,2162852,68675,18905944
1788987254589363545,29922504,27647078,3749,2163524,68675,18905944
1788987254703807452,29923232,27647142,3749,2164191,68676,18905944
1788987254821767941,29923983,27647268,3749,2164801,68691,18905944
1788987254940327715,29924738,27647390,3749,2165405,68716,18905944
1788987255056741098,29925482,27647502,3749,2165997,68755,18905944
1788987255175271621,29926233,27647589,3749,2166614,68804,18905944
1788987255293296537,29926994,27647717,3749,2167182,68857,18905944
1788987255411770875,29927750,27647850,3749,2167765,68900,18905944
1788987255526431433,29928486,27647883,3749,2168459,68900,18905944
1788987255642579118,29929229,27647958,3749,2169074,68953,18905944
1788987255759197339,29929979,27648086,3749,2169668,68970,18905944
1788987255877493512,29930732,27648216,3749,2170279,68985,18905944
1788987255995222569,29931490,27648354,3749,2170887,68985,18905944
1788987256113076883,29932249,27648502,3749,2171487,68986,18905944
1788987256231022910,29933003,27648612,3749,2172129,68986,18905944
1788987256344623052,29933728,27648681,3749,2172787,68986,18905944
1788987256459004737,29934469,27648771,3749,2173420,68986,18905944
1788987256576981217,29935222,27648905,3749,2174036,68987,18905944
1788987256698005789,29935995,27649037,3749,2174673,68987,18905944
1788987256819091663,29936769,27649208,3749,2175274,68987,18905944
1788987256939884841,29937546,27649335,3749,2175914,68988,18905944
1788987257056219097,29938291,27649437,3749,2176551,68988,18905944
1788987257172234451,29939030,27649564,3749,2177163,68988,18905944
1788987257286604716,29939759,27649656,3749,2177801,68989,18905944
1788987257404713675,29940510,27649792,3749,2178415,68990,18905944
1788987257522674531,29941269,27649943,3749,2179015,68991,18905944
1788987257640476576,29942019,27650042,3749,2179660,68991,18905944
1788987257760002392,29942786,27650197,3749,2180268,68992,18905944
1788987257877795822,29943536,27650296,3749,2180919,68992,18905944
1788987257995722710,29944296,27650374,3749,2181593,68992,18905944
1788987258110591384,29945020,27650465,3749,2182231,68995,18905944
1788987258228591576,29945775,27650592,3749,2182853,68995,18905944
1788987258348090155,29946544,27650730,3749,2183470,68998,18905944
1788987258464998430,29947287,27650881,3749,2184063,68998,18905944
1788987258582930916,29948040,27651046,3749,2184649,68999,18905944
1788987258700425813,29948783,27651198,3749,2185239,69000,18905944
1788987258818739594,29949542,27651281,3749,2185915,69000,18905944
1788987258933355325,29950277,27651349,3749,2186572,69001,18905944
1788987259055807129,29951060,27651497,3749,2187205,69001,18905944
1788987259173882972,29951813,27651660,3749,2187793,69002,18905944
1788987259292540311,29952561,27651770,3749,2188438,69003,18905944
1788987259410325181,29953324,27651899,3749,2189054,69003,18905944
1788987259527533699,29954072,27652066,3749,2189633,69004,18905944
1788987259645922339,29954826,27652163,3749,2190290,69004,18905944
1788987259760403627,29955552,27652225,3749,2190957,69005,18905944
1788987259877776171,29956300,27652332,3749,2191596,69005,18905944
1788987259995909742,29957052,27652460,3749,2192219,69006,18905944
1788987260110858051,29957792,27652589,3749,2192820,69007,18905944
1788987260228703135,29958541,27652665,3749,2193496,69007,18905944
1788987260346242701,29959280,27652811,3749,2194091,69008,18905944
1788987260461449093,29960019,27652974,3749,2194660,69008,18905944
1788987260575456877,29960746,27653000,3749,2195361,69009,18905944
1788987260690588035,29961477,27653124,3749,2195973,69010,18905944
1788987260808280038,29962231,27653196,3749,2196647,69011,18905944
1788987260924262472,29962969,27653362,3749,2197216,69012,18905944
1788987261042168519,29963729,27653526,3749,2197803,69012,18905944
1788987261159999267,29964487,27653645,3749,2198433,69014,18905944
1788987261277787400,29965236,27653767,3749,2199061,69015,18905944
1788987261391924820,29965972,27653788,3749,2199767,69015,18905944
1788987261507805193,29966708,27653880,3749,2200411,69016,18905944
1788987261624447909,29967458,27654010,3749,2201018,69016,18905944
1788987261742204390,29968205,27654155,3749,2201623,69017,18905944
1788987261860453321,29968954,27654276,3749,2202254,69018,18905944
1788987261978417898,29969710,27654434,3749,2202844,69018,18905944
1788987262096173807,29970469,27654539,3749,2203493,69018,18905944
1788987262210167852,29971200,27654577,3749,2204179,69018,18905944
1788987262324636390,29971931,27654658,3749,2204830,69018,18905944
1788987262442554599,29972691,27654782,3749,2205457,69018,18905944
1788987262560431463,29973451,27654913,3749,2206069,69019,18905944
1788987262678442859,29974205,27655068,3749,2206670,69020,18905944
1788987262796715764,29974968,27655220,3749,2207267,69021,18905944
1788987262915014236,29975731,27655336,3749,2207902,69021,18905944
1788987263031872054,29976481,27655473,3749,2208511,69021,18905944
1788987263146080503,29977208,27655572,3749,2209136,69022,18905944
1788987263264044587,29977963,27655699,3749,2209761,69023,18905944
1788987263381546290,29978708,27655876,3749,2210330,69024,18905944
1788987263499570188,29979461,27655971,3749,2210987,69024,18905944
1788987263617468061,29980217,27656113,3749,2211593,69024,18905944
1788987263734541934,29980968,27656219,3749,2212233,69025,18905944
1788987263852403235,29981722,27656310,3749,2212887,69025,18905944
1788987263966841174,29982447,27656383,3749,2213545,69026,18905944
1788987264084840218,29983200,27656469,3749,2214211,69026,18905944
1788987264202883096,29983953,27656613,3749,2214815,69026,18905944
1788987264320299369,29984700,27656718,3749,2215455,69027,18905944
1788987264438388538,29985457,27656891,3749,2216032,69027,18905944
1788987264555539971,29986201,27657023,3749,2216649,69028,18905944
1788987264673452198,29986957,27657102,3749,2217314,69029,18905944
1788987264787655258,29987695,27657166,3749,2217982,69029,18905944
1788987264905924399,29988454,27657270,3749,2218630,69029,18905944
1788987265023899742,29989208,27657355,3749,2219296,69029,18905944
1788987265138009199,29989939,27657439,3749,2219937,69030,18905944
1788987265256067492,29990692,27657561,3749,2220566,69030,18905944
1788987265371133177,29991431,27657587,3749,2221273,69030,18905944
1788987265485337300,29992163,27657678,3749,2221907,69031,18905944
1788987265603471504,29992920,27657815,3749,2222521,69031,18905944
1788987265717332104,29993650,27657855,3749,2223207,69031,18905944
1788987265833209251,29994383,27657988,3749,2223811,69032,18905944
1788987265951051599,29995138,27658074,3749,2224476,69032,18905944
1788987266065463908,29995868,27658159,3749,2225119,69032,18905944
1788987266182742306,29996611,27658253,3749,2225773,69033,18905944
1788987266300583382,29997368,27658324,3749,2226453,69033,18905944
1788987266414527574,29998100,27658407,3749,2227096,69033,18905944
1788987266532714476,29998860,27658529,3749,2227726,69033,18905944
1788987266647542344,29999589,27658559,3749,2228428,69033,18905944
1788987266761996661,30000321,27658639,3749,2229073,69033,18905944
1788987266880076462,30001077,27658764,3749,2229698,69033,18905944
1788987266994041348,30001808,27658805,3749,2230384,69033,18905944
1788987267110703505,30002558,27658939,3749,2230994,69033,18905944
1788987267228634406,30003309,27659011,3749,2231673,69033,18905944
1788987267342846450,30004051,27659071,3749,2232338,69034,18905944
1788987267461226336,30004803,27659161,3749,2233000,69034,18905944
1788987267579203801,30005560,27659234,3749,2233678,69034,18905944
1788987267693533915,30006281,27659339,3749,2234301,69036,18905944
1788987267810415450,30007013,27659621,3749,2234737,69050,18905944
1788987267926245888,30007752,27659858,3749,2235204,69069,18905944
1788987268041229464,30008466,27660077,3749,2235560,69214,18905944
1788987268158667206,30009198,27660292,3749,2235912,69384,18905944
1788987268274643009,30009937,27660546,3749,2236369,69399,18905944
1788987268391150678,30010690,27660820,3749,2236807,69417,18905944
1788987268507904044,30011413,27661105,3749,2237247,69426,18905944
1788987268623915063,30012157,27661384,3749,2237679,69441,18905944
1788987268738554272,30012870,27661636,3749,2238129,69456,18905944
1788987268866701870,30013680,27661885,3749,2238592,69545,18905944
1788987268982287287,30014382,27662127,3749,2239061,69558,18905944
1788987269098747634,30015129,27662374,3749,2239530,69569,18905944
1788987269213759210,30015860,27662598,3749,2240015,69581,18905944
1788987269329440862,30016596,27662858,3749,2240464,69598,18905944
1788987269444376762,30017320,27663119,3749,2240909,69610,18905944
1788987269560282466,30018028,27663370,3749,2241366,69627,18905944
1788987269675300548,30018798,27663619,3749,2241830,69637,18905944
1788987269791144814,30019551,27663878,3749,2242280,69650,18905944
1788987269905098829,30020275,27664101,3749,2242762,69665,18905944
1788987270021533542,30021000,27664364,3749,2243212,69677,18905944
1788987270138704511,30021724,27664615,3749,2243677,69695,18905944
1788987270252858301,30022445,27664859,3749,2244131,69709,18905944
1788987270367099961,30023172,27665109,3749,2244583,69721,18905944
1788987270479396340,30023895,27665355,3749,2245033,69732,18905944
1788987270597743507,30024642,27665595,3749,2245524,69744,18905944
1788987270713911481,30025369,27665844,3749,2245987,69757,18905944
1788987270829565811,30026099,27666082,3749,2246455,69772,18905944
1788987270943592410,30026809,27666320,3749,2246919,69783,18905944
1788987271059558441,30027517,27666558,3749,2247392,69801,18905944
1788987271175686458,30028246,27666819,3749,2247841,69817,18905944
1788987271293692185,30028995,27667099,3749,2248288,69830,18905944
1788987271409718602,30029709,27667374,3749,2248724,69844,18905944
1788987271525177257,30030446,27667632,3749,2249177,69859,18905944
1788987271641327344,30031173,27667861,3749,2249584,69951,18905944
1788987271755889217,30031898,27668109,3749,2250033,69968,18905944
1788987271872174770,30032616,27668370,3749,2250493,69979,18905944
1788987271986035994,30033335,27668623,3749,2250937,69993,18905944
1788987272103357803,30034061,27668905,3749,2251378,70007,18905944
1788987272219327480,30034794,27669162,3749,2251822,70032,18905944
1788987272336098314,30035558,27669407,3749,2252288,70049,18905944
1788987272451484764,30036297,27669662,3749,2252743,70062,18905944
1788987272567843435,30037033,27669897,3749,2253223,70075,18905944
1788987272682401749,30037752,27670124,3749,2253704,70085,18905944
1788987272799724360,30038492,27670377,3749,2254174,70098,18905944
1788987272914298070,30039223,27670628,3749,2254625,70112,18905944
1788987273030640410,30039965,27670883,3749,2255081,70127,18905944
1788987273147377381,30040691,27671157,3749,2255524,70141,18905944
1788987273264121859,30041443,27671393,3749,2256005,70154,18905944
1788987273377603607,30042143,27671627,3749,2256470,70166,18905944
1788987273494437421,30042885,27671884,3749,2256926,70186,18905944
1788987273611508684,30043634,27672143,3749,2257376,70207,18905944
1788987273729067528,30044355,27672389,3749,2257855,70220,18905944
1788987273848739922,30045105,27672657,3749,2258321,70233,18905944
1788987273964907429,30045829,27672928,3749,2258758,70251,18905944
1788987274084341845,30046587,27673165,3749,2259256,70263,18905944
1788987274198628214,30047304,27673424,3749,2259699,70278,18905944
1788987274314382151,30048034,27673673,3749,2260149,70301,18905944
1788987274433604084,30048797,27673908,3749,2260572,70391,18905944
1788987274549204186,30049528,27674152,3749,2261037,70405,18905944
1788987274665078830,30050257,27674418,3749,2261488,70416,18905944
1788987274781063311,30050975,27674662,3749,2261957,70429,18905944
1788987274896827516,30051718,27674915,3749,2262415,70443,18905944
1788987275011600583,30052432,27675163,3749,2262868,70459,18905944
1788987275127195647,30053190,27675399,3749,2263345,70470,18905944
1788987275243920404,30053939,27675636,3749,2263822,70486,18905944
1788987275358320764,30054670,27675883,3749,2264282,70499,18905944
1788987275477508905,30055414,27676130,3749,2264769,70511,18905944
1788987275590987944,30056115,27676385,3749,2265213,70521,18905944
1788987275706084455,30056836,27676627,3749,2265678,70539,18905944
1788987275820013630,30057550,27676880,3749,2266121,70551,18905944
1788987275935284655,30058254,27677133,3749,2266576,70567,18905944
1788987276051060929,30058969,27677413,3749,2267004,70588,18905944
1788987276169638990,30059709,27677679,3749,2267472,70597,18905944
1788987276284654176,30060439,27677933,3749,2267919,70611,18905944
1788987276398325933,30061165,27678167,3749,2268377,70630,18905944
1788987276513241655,30061900,27678446,3749,2268806,70642,18905944
1788987276628688552,30062623,27678685,3749,2269275,70655,18905944
1788987276744286175,30063339,27678958,3749,2269715,70668,18905944
1788987276858014516,30064064,27679217,3749,2270161,70679,18905944
1788987276973063402,30064785,27679477,3749,2270606,70692,18905944
1788987277089440079,30065518,27679751,3749,2271045,70707,18905944
1788987277204275203,30066255,27679992,3749,2271436,70795,18905944
1788987277320389862,30066963,27680235,3749,2271903,70812,18905944
1788987277432449452,30067655,27680492,3749,2272338,70822,18905944
1788987277547150303,30068366,27680741,3749,2272797,70835,18905944
1788987277660742996,30069076,27680989,3749,2273243,70850,18905944
1788987277777285494,30069807,27681258,3749,2273691,70862,18905944
1788987277893280609,30070564,27681522,3749,2274142,70875,18905944
1788987278009814627,30071293,27681788,3749,2274588,70891,18905944
1788987278125986409,30072031,27682023,3749,2275073,70904,18905944
1788987278243038413,30072776,27682296,3749,2275523,70912,18905944
1788987278357796057,30073487,27682554,3749,2275970,70925,18905944
1788987278473579536,30074210,27682792,3749,2276444,70938,18905944
1788987278586909451,30074918,27683038,3749,2276896,70949,18905944
1788987278702521684,30075633,27683274,3749,2277364,70968,18905944
1788987278817998357,30076358,27683523,3749,2277826,70980,18905944
1788987278931714220,30077075,27683808,3749,2278240,70997,18905944
1788987279046988219,30077796,27684062,3749,2278690,71015,18905944
1788987279162675632,30078516,27684335,3749,2279123,71030,18905944
1788987279278132948,30079233,27684564,3749,2279523,71125,18905944
1788987279392735795,30079954,27684803,3749,2279989,71137,18905944
1788987279508706362,30080690,27685056,3749,2280453,71147,18905944
1788987279626978133,30081434,27685322,3749,2280915,71160,18905944
1788987279740703033,30082153,27685582,3749,2281355,71171,18905944
1788987279857378208,30082869,27685841,3749,2281812,71185,18905944
1788987279972454314,30083592,27686099,3749,2282260,71198,18905944
1788987280089516043,30084333,27686359,3749,2282717,71213,18905944
1788987280203989607,30085069,27686627,3749,2283154,71225,18905944
1788987280322362140,30085795,27686858,3749,2283652,71238,18905944
1788987280438520358,30086520,27687138,3749,2284086,71252,18905944
1788987280554531670,30087253,27687393,3749,2284542,71266,18905944
1788987280670603983,30087982,27687636,3749,2285013,71278,18905944
1788987280787444475,30088692,27687892,3749,2285478,71290,18905944
1788987280902084442,30089414,27688194,3749,2285883,71304,18905944
1788987281017488564,30090151,27688456,3749,2286327,71319,18905944
1788987281132331550,30090876,27688707,3749,2286785,71330,18905944
1788987281247557041,30091601,27688981,3749,2287217,71344,18905944
1788987281364190582,30092347,27689243,3749,2287672,71356,18905944
1788987281479999723,30093080,27689511,3749,2288115,71370,18905944
1788987281594306958,30093770,27689771,3749,2288558,71384,18905944
1788987281711470712,30094506,27690038,3749,2289020,71393,18905944
1788987281826262405,30095218,27690324,3749,2289441,71407,18905944
1788987281941196934,30095926,27690576,3749,2289893,71419,18905944
1788987282057824280,30096664,27690814,3749,2290301,71502,18905944
1788987282173985336,30097366,27691056,3749,2290779,71515,18905944
1788987282291106881,30098113,27691321,3749,2291233,71528,18905944
1788987282405753826,30098837,27691562,3749,2291697,71539,18905944
1788987282521922057,30099566,27691829,3749,2292144,71552,18905944
1788987282638897252,30100288,27692088,3749,2292604,71566,18905944
1788987282752859799,30101007,27692355,3749,2293037,71578,18905944
1788987282868364550,30101738,27692602,3749,2293499,71592,18905944
1788987282983450538,30102459,27692856,3749,2293956,71602,18905944
1788987283097454153,30103186,27693086,3749,2294430,71615,18905944
1788987283214024750,30103921,27693343,3749,2294888,71629,18905944
1788987283329259435,30104620,27693591,3749,2295346,71645,18905944
1788987283444900964,30105340,27693836,3749,2295809,71658,18905944
1788987283561566444,30106054,27694089,3749,2296274,71671,18905944
1788987283678515541,30106754,27694326,3749,2296756,71686,18905944
1788987283792436296,30107473,27694576,3749,2297211,71697,18905944
1788987283909382500,30108190,27694838,3749,2297667,71708,18905944
1788987284026321652,30108907,27695136,3749,2298090,71722,18905944
1788987284141699481,30109628,27695393,3749,2298541,71734,18905944
1788987284256283583,30110349,27695634,3749,2298997,71754,18905944
1788987284371285142,30111069,27695892,3749,2299451,71763,18905944
1788987284487640470,30111813,27696143,3749,2299914,71778,18905944
1788987284603039810,30112545,27696399,3749,2300370,71789,18905944
1788987284719983567,30113269,27696644,3749,2300845,71798,18905944
1788987284834319198,30113993,27696870,3749,2301239,71898,18905944
1788987284948983456,30114707,27697137,3749,2301675,71912,18905944
1788987285065369815,30115436,27697373,3749,2302154,71927,18905944
1788987285180959347,30116169,27697618,3749,2302621,71938,18905944
1788987285296650167,30116909,27697868,3749,2303077,71957,18905944
1788987285412886289,30117656,27698119,3749,2303530,71980,18905944
1788987285529299910,30118383,27698363,3749,2304004,71992,18905944
1788987285645265632,30119119,27698613,3749,2304465,72005,18905944
1788987285761553082,30119857,27698869,3749,2304931,72013,18905944
1788987285881426418,30120617,27699113,3749,2305428,72022,18905944
1788987285997416581,30121344,27699367,3749,2305880,72041,18905944
1788987286111615294,30122051,27699621,3749,2306328,72053,18905944
1788987286227523123,30122781,27699876,3749,2306782,72070,18905944
1788987286344231157,30123507,27700129,3749,2307243,72089,18905944
1788987286461227870,30124234,27700391,3749,2307700,72102,18905944
1788987286580011025,30124967,27700631,3749,2308197,72112,18905944
1788987286694309463,30125690,27700879,3749,2308645,72128,18905944
1788987286810363342,30126426,27701128,3749,2309110,72142,18905944
1788987286926645961,30127154,27701382,3749,2309566,72159,18905944
1788987287042438222,30127883,27701653,3749,2310008,72173,18905944
1788987287157005210,30128617,27701911,3749,2310463,72182,18905944
1788987287275620786,30129377,27702187,3749,2310912,72196,18905944
1788987287391304888,30130092,27702448,3749,2311361,72212,18905944
1788987287506097628,30130820,27702689,3749,2311818,72230,18905944
1788987287621402912,30131532,27702925,3749,2312210,72325,18905944
1788987287738291334,30132269,27703218,3749,2312639,72337,18905944
1788987287853781691,30132994,27703483,3749,2313084,72348,18905944
1788987287973533739,30133752,27703774,3749,2313530,72366,18905944
1788987288088121683,30134467,27704040,3749,2313969,72375,18905944
1788987288203314196,30135182,27704314,3749,2314404,72388,18905944
1788987288319922760,30135922,27704570,3749,2314860,72404,18905944
1788987288436477264,30136631,27704838,3749,2315315,72414,18905944
1788987288551709572,30137364,27705104,3749,2315758,72426,18905944
1788987288671306399,30138110,27705391,3749,2316211,72438,18905944
1788987288797569454,30138902,27705672,3749,2316702,72453,18905944
1788987288913550706,30139637,27705940,3749,2317143,72469,18905944
1788987289028749189,30140353,27706210,3749,2317581,72482,18905944
1788987289143300032,30141080,27706475,3749,2318019,72495,18905944
1788987289260419329,30141814,27706710,3749,2318509,72506,18905944
1788987289376832698,30142549,27706977,3749,2318962,72518,18905944
1788987289492579392,30143286,27707231,3749,2319419,72532,18905944
1788987289607660362,30144018,27707487,3749,2319869,72543,18905944
1788987289724138946,30144744,27707714,3749,2320284,72632,18905944
1788987289838522135,30145471,27707966,3749,2320734,72647,18905944
1788987289954768258,30146204,27708210,3749,2321215,72657,18905944
1788987290075019811,30146954,27708488,3749,2321676,72669,18905944
1788987290191611647,30147682,27708772,3749,2322101,72686,18905944
1788987290307711551,30148391,27709042,3749,2322541,72703,18905944
1788987290423038047,30149106,27709278,3749,2323013,72718,18905944
1788987290537979477,30149838,27709525,3749,2323465,72736,18905944
1788987290655245798,30150574,27709752,3749,2323959,72750,18905944
1788987290768516883,30151284,27710004,3749,2324403,72764,18905944
1788987290882220045,30151994,27710272,3749,2324836,72776,18905944
1788987290998304525,30152712,27710546,3749,2325275,72788,18905944
1788987291113642407,30153472,27710803,3749,2325723,72806,18905944
1788987291229375256,30154191,27711057,3749,2326182,72818,18905944
1788987291346007846,30154911,27711285,3749,2326670,72832,18905944
1788987291459991185,30155606,27711566,3749,2327090,72845,18905944
1788987291574484236,30156325,27711813,3749,2327545,72858,18905944
1788987291690529982,30157069,27712070,3749,2328002,72870,18905944
1788987291806087852,30157822,27712327,3749,2328456,72881,18905944
1788987291921996905,30158547,27712586,3749,2328914,72892,18905944
1788987292039652395,30159291,27712844,3749,2329389,72900,18905944
1788987292154059816,30160008,27713116,3749,2329818,72911,18905944
1788987292269500814,30160721,27713371,3749,2330274,72924,18905944
1788987292385162346,30161468,27713612,3749,2330742,72936,18905944
1788987292501744681,30162210,27713842,3749,2331159,73023,18905944
1788987292616257639,30162918,27714098,3749,2331601,73040,18905944
1788987292731863589,30163629,27714361,3749,2332053,73052,18905944
1788987292849991699,30164380,27714593,3749,2332539,73072,18905944
1788987292966170957,30165114,27714845,3749,2333000,73087,18905944
1788987293080253091,30165837,27715098,3749,2333448,73101,18905944
1788987293196006105,30166567,27715352,3749,2333902,73114,18905944
1788987293310429282,30167274,27715622,3749,2334338,73128,18905944
1788987293425619614,30167977,27715887,3749,2334787,73136,18905944
1788987293547123735,30168742,27716130,3749,2335289,73149,18905944
1788987293662698608,30169450,27716384,3749,2335742,73165,18905944
1788987293778574062,30170160,27716645,3749,2336193,73179,18905944
1788987293891670303,30170893,27716903,3749,2336630,73194,18905944
1788987294007162834,30171605,27717160,3749,2337081,73207,18905944
1788987294125593950,30172384,27717393,3749,2337582,73217,18905944
1788987294240117127,30173086,27717660,3749,2338016,73234,18905944
1788987294355602028,30173804,27717921,3749,2338467,73245,18905944
1788987294470369465,30174524,27718173,3749,2338918,73258,18905944
1788987294586069627,30175237,27718446,3749,2339355,73273,18905944
1788987294701342538,30175927,27718696,3749,2339810,73289,18905944
1788987294818033896,30176691,27718943,3749,2340289,73300,18905944
1788987294931396547,30177396,27719241,3749,2340682,73314,18905944
1788987295046891237,30178125,27719503,3749,2341130,73327,18905944
1788987295161065707,30178828,27719759,3749,2341579,73337,18905944
1788987295277355807,30179547,27719997,3749,2341989,73419,18905944
1788987295391723858,30180312,27720264,3749,2342423,73435,18905944
1788987295508593291,30181051,27720528,3749,2342877,73448,18905944
1788987295628701389,30181795,27720781,3749,2343366,73461,18905944
1788987295744106201,30182513,27721044,3749,2343811,73473,18905944
1788987295857923673,30183217,27721326,3749,2344224,73491,18905944
1788987295973527431,30183950,27721585,3749,2344674,73506,18905944
1788987296090288898,30184703,27721883,3749,2345098,73517,18905944
1788987296206257809,30185460,27722159,3749,2345539,73529,18905944
1788987296329434040,30186229,27722436,3749,2346016,73543,18905944
1788987296445542459,30186938,27722692,3749,2346474,73555,18905944
1788987296562369079,30187664,27722969,3749,2346917,73565,18905944
1788987296677141743,30188388,27723237,3749,2347359,73578,18905944
1788987296793044932,30189117,27723491,3749,2347818,73591,18905944
1788987296911125314,30189854,27723771,3749,2348269,73602,18905944
1788987297027819366,30190600,27724019,3749,2348734,73618,18905944
1788987297143051408,30191322,27724268,3749,2349192,73631,18905944
1788987297258585998,30192029,27724546,3749,2349624,73643,18905944
1788987297374920886,30192779,27724782,3749,2350012,73746,18905944
1788987297489277136,30193479,27725021,3749,2350479,73757,18905944
1788987297604671011,30194221,27725251,3749,2350971,73765,18905944
1788987297723919656,30194982,27725515,3749,2351432,73780,18905944
1788987297839415895,30195714,27725772,3749,2351886,73793,18905944
1788987297956095159,30196444,27726046,3749,2352330,73806,18905944
1788987298070868334,30197191,27726302,3749,2352776,73822,18905944
1788987298186836929,30197915,27726547,3749,2353245,73836,18905944
1788987298303628062,30198664,27726771,3749,2353737,73850,18905944
1788987298418378013,30199381,27727032,3749,2354183,73863,18905944
1788987298534005722,30200121,27727280,3749,2354647,73874,18905944
1788987298648623607,30200825,27727556,3749,2355077,73888,18905944
1788987298762570976,30201528,27727796,3749,2355529,73907,18905944
1788987298878266318,30202248,27728042,3749,2356001,73916,18905944
1788987298994167764,30203002,27728287,3749,2356474,73923,18905944
1788987299107888949,30203707,27728580,3749,2356881,73936,18905944
1788987299223396109,30204426,27728836,3749,2357338,73948,18905944
1788987299338092633,30205158,27729080,3749,2357797,73961,18905944
1788987299453978744,30205880,27729331,3749,2358254,73978,18905944
1788987299570018964,30206605,27729611,3749,2358688,73991,18905944
1788987299685010255,30207315,27729835,3749,2359173,74004,18905944
1788987299802354720,30208054,27730099,3749,2359629,74018,18905944
1788987299917997745,30208791,27730362,3749,2360075,74031,18905944
1788987300033775900,30209526,27730611,3749,2360534,74048,18905944
1788987300149284230,30210272,27730876,3749,2360915,74131,18905944
1788987300264974905,30211003,27731119,3749,2361379,74145,18905944
1788987300381249234,30211731,27731351,3749,2361867,74155,18905944
1788987300497629670,30212460,27731630,3749,2362296,74175,18905944
1788987300612426105,30213173,27731889,3749,2362739,74191,18905944
1788987300728104927,30213906,27732142,3749,2363200,74201,18905944
1788987300843114792,30214615,27732407,3749,2363642,74212,18905944
1788987300958348119,30215334,27732655,3749,2364100,74229,18905944
1788987301075926591,30216069,27732920,3749,2364559,74241,18905944
1788987301191675785,30216807,27733176,3749,2365015,74255,18905944
1788987301305724652,30217532,27733429,3749,2365459,74272,18905944
1788987301420790091,30218268,27733706,3749,2365888,74286,18905944
1788987301534897442,30218983,27733967,3749,2366322,74304,18905944
1788987301650647305,30219699,27734208,3749,2366791,74320,18905944
1788987301766352959,30220410,27734450,3749,2367265,74329,18905944
1788987301878373818,30221124,27735145,3749,2367268,74337,18940760
1788987301993004988,30221855,27735420,3749,2367717,74338,18940760
1788987302111000389,30222609,27735537,3749,2368352,74338,18940760
1788987302225072996,30223339,27735595,3749,2369020,74339,18940760
1788987302339525101,30224080,27735676,3749,2369668,74340,18940760
1788987302457443827,30224834,27735797,3749,2370291,74341,18940760
1788987302571969218,30225571,27735819,3749,2371003,74341,18940760
1788987302686243950,30226306,27735911,3749,2371636,74341,18940760
1788987302804302636,30227060,27736048,3749,2372249,74341,18940760
1788987302918648597,30227788,27736086,3749,2372945,74341,18940760
1788987303036469854,30228541,27736199,3749,2373580,74342,18940760
1788987303153114491,30229288,27736301,3749,2374218,74342,18940760
1788987303267156445,30230024,27736344,3749,2374903,74342,18940760
1788987303383296994,30230752,27736475,3749,2375507,74343,18940760
1788987303501537445,30231507,27736561,3749,2376180,74343,18940760
1788987303615685806,30232240,27736639,3749,2376827,74343,18940760
1788987303733859090,30233001,27736755,3749,2377462,74343,18940760
1788987303851877584,30233749,27736862,3749,2378106,74344,18940760
1788987303966572454,30234478,27736941,3749,2378758,74344,18940760
1788987304084820604,30235235,27737019,3749,2379431,74344,18940760
1788987304200785064,30235972,27737115,3749,2380074,74345,18940760
1788987304315459461,30236703,27737222,3749,2380691,74345,18940760
1788987304433478959,30237460,27737367,3749,2381302,74345,18940760
1788987304550003383,30238208,27737403,3749,2382008,74345,18940760
1788987304671004117,30238983,27737490,3749,2382688,74347,18940760
1788987304794007462,30239772,27737629,3749,2383330,74348,18940760
1788987304910861036,30240522,27737657,3749,2384049,74348,18940760
1788987305028216393,30241278,27737777,3749,2384673,74348,18940760
1788987305146100350,30242032,27737854,3749,2385348,74348,18940760
1788987305260638776,30242767,27737898,3749,2386037,74348,18940760
1788987305377139773,30243515,27738021,3749,2386652,74349,18940760
1788987305495087538,30244272,27738173,3749,2387252,74349,18940760
1788987305609869188,30245021,27738300,3749,2387854,74349,18940760
1788987305727659211,30245771,27738431,3749,2388473,74349,18940760
1788987305845687476,30246525,27738596,3749,2389058,74349,18940760
1788987305963776320,30247279,27738715,3749,2389689,74350,18940760
1788987306078646767,30248012,27738774,3749,2390364,74350,18940760
1788987306193002998,30248758,27738861,3749,2391002,74351,18940760
1788987306311340886,30249519,27739010,3749,2391604,74351,18940760
1788987306429220066,30250271,27739176,3749,2392188,74352,18940760
1788987306546963266,30251031,27739261,3749,2392854,74352,18940760
1788987306665006592,30251778,27739406,3749,2393458,74353,18940760
1788987306782362546,30252531,27739533,3749,2394075,74354,18940760
1788987306900562999,30253285,27739614,3749,2394752,74354,18940760
1788987307014654117,30254007,27739682,3749,2395408,74354,18940760
1788987307132632389,30254764,27739818,3749,2396024,74354,18940760
1788987307250976714,30255528,27740017,3749,2396576,74355,18940760
1788987307368662155,30256281,27740161,3749,2397181,74355,18940760
1788987307483017024,30257019,27740308,3749,2397759,74356,18940760
1788987307601318469,30257773,27740499,3749,2398319,74356,18940760
1788987307719623148,30258532,27740688,3749,2398887,74356,18940760
1788987307834609738,30259267,27740759,3749,2399549,74356,18940760
1788987307948981650,30260004,27740867,3749,2400165,74357,18940760
1788987308067106266,30260752,27741047,3749,2400734,74358,18940760
1788987308185292956,30261510,27741234,3749,2401299,74359,18940760
1788987308303097039,30262271,27741340,3749,2401942,74359,18940760
1788987308419208784,30263017,27741502,3749,2402520,74359,18940760
1788987308536452315,30263763,27741623,3749,2403140,74359,18940760
1788987308654492701,30264517,27741696,3749,2403820,74359,18940760
1788987308768646839,30265245,27741753,3749,2404491,74360,18940760
1788987308889001373,30266013,27741847,3749,2405161,74361,18940760
1788987309010080765,30266789,27742005,3749,2405773,74361,18940760
1788987309124012251,30267531,27742132,3749,2406370,74362,18940760
1788987309243003559,30268291,27742209,3749,2407051,74362,18940760
1788987309359075438,30269037,27742349,3749,2407648,74362,18940760
1788987309477005804,30269794,27742495,3749,2408253,74362,18940760
1788987309591433000,30270521,27742534,3749,2408946,74363,18940760
1788987309709055615,30271276,27742642,3749,2409584,74363,18940760
1788987309826284380,30272030,27742757,3749,2410212,74363,18940760
1788987309944660017,30272779,27742928,3749,2410796,74364,18940760
1788987310062988021,30273538,27743050,3749,2411423,74365,18940760
1788987310181009167,30274293,27743179,3749,2412044,74366,18940760
1788987310299378543,30275049,27743249,3749,2412725,74366,18940760
1788987310416650123,30275799,27743315,3749,2413411,74366,18940760
1788987310531682930,30276536,27743397,3749,2414060,74367,18940760
1788987310649883889,30277290,27743528,3749,2414680,74367,18940760
1788987310768101346,30278052,27743641,3749,2415317,74368,18940760
1788987310885818829,30278816,27743750,3749,2415960,74368,18940760
1788987311004238281,30279573,27743926,3749,2416534,74368,18940760
1788987311121511161,30280321,27744045,3749,2417164,74368,18940760
1788987311239911212,30281084,27744148,3749,2417813,74368,18940760
1788987311355009146,30281811,27744231,3749,2418460,74370,18940760
1788987311473574874,30282559,27744314,3749,2419134,74371,18940760
1788987311591760089,30283312,27744453,3749,2419745,74371,18940760
1788987311707751610,30284046,27744578,3749,2420357,74372,18940760
1788987311826110059,30284808,27744653,3749,2421033,74372,18940760
1788987311944757861,30285559,27744810,3749,2421632,74373,18940760
1788987312065011670,30286331,27744950,3749,2422255,74373,18940760
1788987312185009058,30287099,27744983,3749,2422987,74373,18940760
1788987312300828848,30287826,27745131,3749,2423576,74375,18940760
1788987312415844947,30288567,27745301,3749,2424137,74375,18940760
1788987312534136461,30289321,27745462,3749,2424724,74376,18940760
1788987312659014787,30290117,27745575,3749,2425406,74377,18940760
1788987312780570827,30290891,27745705,3749,2426051,74378,18940760
1788987312901729197,30291667,27745811,3749,2426716,74378,18940760
1788987313015401543,30292393,27745868,3749,2427379,74378,18940760
1788987313141439409,30293198,27745947,3749,2428107,74378,18940760
1788987313259639351,30293946,27746071,3749,2428732,74379,18940760
1788987313377870920,30294709,27746209,3749,2429345,74379,18940760
1788987313496038289,30295465,27746296,3749,2430011,74379,18940760
1788987313611119598,30296206,27746489,3749,2430548,74379,18940760
1788987313728820391,30296968,27746593,3749,2431195,74379,18940760
1788987313846973776,30297721,27746667,3749,2431873,74380,18940760
1788987313962041805,30298451,27746731,3749,2432539,74380,18940760
1788987314080075405,30299208,27746819,3749,2433202,74380,18940760
1788987314198417444,30299970,27746969,3749,2433807,74381,18940760
1788987314314641537,30300712,27747066,3749,2434449,74381,18940760
1788987314433117577,30301475,27747146,3749,2435123,74381,18940760
1788987314548756634,30302202,27747322,3749,2435681,74381,18940760
1788987314667197637,30302966,27747489,3749,2436266,74381,18940760
1788987314782652146,30303701,27747568,3749,2436926,74381,18940760
1788987314901549464,30304465,27747669,3749,2437578,74383,18940760
1788987315019742803,30305213,27747806,3749,2438193,74384,18940760
1788987315138015034,30305973,27747952,3749,2438797,74384,18940760
1788987315256213782,30306725,27748074,3749,2439425,74385,18940760
1788987315374086345,30307479,27748212,3749,2440037,74386,18940760
1788987315492081222,30308232,27748287,3749,2440714,74386,18940760
1788987315609700966,30308980,27748369,3749,2441384,74386,18940760
1788987315724102459,30309709,27748447,3749,2442029,74387,18940760
1788987315841982989,30310463,27748565,3749,2442663,74387,18940760
1788987315959838933,30311226,27748734,3749,2443243,74387,18940760
1788987316078311556,30311980,27748873,3749,2443853,74388,18940760
1788987316196570733,30312737,27749001,3749,2444483,74388,18940760
1788987316313838675,30313481,27749103,3749,2445091,74422,18940760
1788987316425665478,30314194,27749249,3749,2445631,74449,18940760
1788987316539805920,30314921,27749275,3749,2446332,74450,18940760
1788987316658019663,30315680,27749350,3749,2446962,74495,18940760
1788987316775483807,30316429,27749462,3749,2447541,74555,18940760
1788987316893644938,30317183,27749595,3749,2448117,74595,18940760
1788987317011905711,30317948,27749669,3749,2448752,74639,18940760
1788987317128899686,30318691,27749819,3749,2449298,74687,18940760
1788987317246626002,30319437,27749916,3749,2449897,74740,18940760
1788987317365498592,30320199,27749992,3749,2450563,74751,18940760
1788987317479537067,30320927,27750055,3749,2451224,74759,18940760
1788987317597667253,30321683,27750146,3749,2451884,74759,18940760
1788987317715639546,30322434,27750274,3749,2452507,74759,18940760
1788987317830863945,30323168,27750400,3749,2453112,74760,18940760
1788987317948536905,30323922,27750485,3749,2453778,74760,18940760
1788987318065623217,30324668,27750654,3749,2454351,74760,18940760
1788987318183737272,30325425,27750799,3749,2454957,74761,18940760
1788987318297770629,30326154,27750829,3749,2455654,74761,18940760
1788987318413214832,30326900,27750919,3749,2456294,74762,18940760
1788987318531118692,30327648,27751031,3749,2456933,74762,18940760
1788987318649102133,30328401,27751171,3749,2457542,74763,18940760
1788987318767004762,30329146,27751302,3749,2458161,74763,18940760
1788987318884555388,30329904,27751416,3749,2458797,74764,18940760
1788987319002775440,30330656,27751506,3749,2459459,74764,18940760
1788987319121139058,30331419,27751600,3749,2460117,74764,18940760
1788987319235153539,30332150,27751690,3749,2460751,74764,18940760
1788987319353074417,30332897,27751773,3749,2461421,74764,18940760
1788987319467639354,30333623,27751946,3749,2461978,74765,18940760
1788987319585193385,30334379,27752056,3749,2462611,74766,18940760
1788987319703062687,30335126,27752183,3749,2463237,74766,18940760
1788987319821215016,30335880,27752302,3749,2463869,74767,18940760
1788987319939591927,30336631,27752454,3749,2464470,74767,18940760
1788987320053836799,30337367,27752504,3749,2465148,74767,18940760
1788987320166240128,30338068,27752632,3749,2465731,74769,18940760
1788987320284184014,30338822,27752713,3749,2466401,74769,18940760
1788987320401893580,30339568,27752917,3749,2466946,74771,18940760
1788987320519970017,30340322,27753049,3749,2467564,74771,18940760
1788987320637886665,30341080,27753197,3749,2468167,74771,18940760
1788987320756000359,30341833,27753275,3749,2468840,74771,18940760
1788987320873634763,30342577,27753367,3749,2469500,74772,18940760
1788987320988328074,30343317,27753450,3749,2470141,74772,18940760
1788987321106258780,30344068,27753555,3749,2470787,74773,18940760
1788987321224072432,30344822,27753721,3749,2471370,74774,18940760
1788987321342277095,30345582,27753820,3749,2472021,74774,18940760
1788987321460289623,30346334,27753975,3749,2472616,74775,18940760
1788987321577002950,30347081,27754123,3749,2473210,74777,18940760
1788987321694898208,30347838,27754197,3749,2473888,74777,18940760
1788987321809414717,30348557,27754244,3749,2474566,74777,18940760
1788987321926627937,30349312,27754355,3749,2475206,74778,18940760
1788987322044442314,30350065,27754500,3749,2475809,74778,18940760
1788987322159963713,30350804,27754615,3749,2476427,74779,18940760
1788987322277230023,30351556,27754750,3749,2477036,74780,18940760
1788987322395271942,30352308,27754935,3749,2477600,74780,18940760
1788987322513217418,30353063,27755087,3749,2478200,74780,18940760
1788987322627784894,30353790,27755135,3749,2478884,74780,18940760
1788987322741910178,30354531,27755226,3749,2479517,74782,18940760
1788987322859973847,30355287,27755367,3749,2480127,74783,18940760
1788987322975047894,30356023,27755411,3749,2480816,74783,18940760
1788987323090699421,30356753,27755495,3749,2481468,74784,18940760
1788987323207866337,30357501,27755624,3749,2482084,74785,18940760
1788987323322003922,30358227,27755658,3749,2482776,74785,18940760
1788987323438636399,30358971,27755776,3749,2483401,74786,18940760
1788987323556631647,30359729,27755855,3749,2484073,74786,18940760
1788987323670776276,30360462,27755907,3749,2484747,74786,18940760
1788987323786701663,30361192,27756015,3749,2485377,74787,18940760
1788987323904603911,30361947,27756088,3749,2486056,74787,18940760
1788987324018810402,30362684,27756144,3749,2486724,74787,18940760
1788987324136267373,30363434,27756234,3749,2487380,74788,18940760
1788987324254296303,30364190,27756320,3749,2488045,74788,18940760
1788987324368413142,30364922,27756406,3749,2488683,74789,18940760
1788987324486669381,30365677,27756493,3749,2489353,74789,18940760
1788987324599705027,30366397,27756541,3749,2490027,74789,18940760
1788987324714134572,30367125,27756618,3749,2490673,74791,18940760
1788987324832318848,30367882,27756748,3749,2491294,74791,18940760
1788987324946104552,30368612,27756781,3749,2491989,74791,18940760
1788987325060722671,30369345,27756865,3749,2492635,74791,18940760
1788987325178742907,30370099,27757008,3749,2493242,74791,18940760
1788987325293304466,30370837,27757036,3749,2493942,74792,18940760
1788987325411548300,30371587,27757139,3749,2494591,74792,18940760
1788987325527569320,30372333,27757246,3749,2495224,74792,18940760
1788987325641387864,30373064,27757301,3749,2495893,74793,18940760
1788987325757112205,30373798,27757530,3749,2496392,74799,18940760
1788987325873915206,30374530,27757816,3749,2496814,74817,18940760
1788987325988468762,30375259,27758063,3749,2497274,74828,18940760
1788987326103924435,30375990,27758310,3749,2497735,74839,18940760
1788987326220000977,30376725,27758500,3749,2497981,75135,18940760
1788987326336435000,30377452,27758743,3749,2498458,75147,18940760
1788987326452260930,30378167,27759004,3749,2498915,75155,18940760
1788987326569646667,30378919,27759270,3749,2499368,75172,18940760
1788987326684375541,30379634,27759538,3749,2499804,75186,18940760
1788987326799433250,30380349,27759792,3749,2500253,75204,18940760
1788987326914430960,30381072,27760039,3749,2500711,75219,18940760
1788987327029298295,30381801,27760279,3749,2501176,75235,18940760
1788987327145070375,30382512,27760524,3749,2501645,75245,18940760
1788987327259038519,30383248,27760791,3749,2502073,75264,18940760
1788987327373626893,30383974,27761061,3749,2502503,75284,18940760
1788987327489001146,30384687,27761335,3749,2502938,75298,18940760
1788987327604190002,30385397,27761596,3749,2503381,75311,18940760
1788987327720536579,30386121,27761848,3749,2503850,75322,18940760
1788987327834797273,30386856,27762079,3749,2504328,75328,18940760
1788987327948684205,30387575,27762346,3749,2504760,75342,18940760
1788987328063420638,30388287,27762596,3749,2505216,75354,18940760
1788987328177417913,30388999,27762879,3749,2505632,75369,18940760
1788987328293074020,30389738,27763112,3749,2506028,75463,18940760
1788987328408197718,30390448,27763344,3749,2506504,75478,18940760
1788987328525146197,30391176,27763586,3749,2506988,75490,18940760
1788987328639804776,30391910,27763850,3749,2507423,75506,18940760
1788987328755401578,30392621,27764100,3749,2507880,75521,18940760
1788987328870135469,30393328,27764347,3749,2508337,75535,18940760
1788987328985501890,30394055,27764611,3749,2508783,75549,18940760
1788987329101280291,30394789,27764877,3749,2509228,75561,18940760
1788987329216103199,30395522,27765127,3749,2509692,75569,18940760
1788987329330080801,30396256,27765391,3749,2510134,75581,18940760
1788987329445905111,30396979,27765638,3749,2510594,75595,18940760
1788987329560800476,30397702,27765887,3749,2511045,75612,18940760
1788987329676232946,30398445,27766144,3749,2511500,75622,18940760
1788987329790144340,30399165,27766416,3749,2511926,75639,18940760
1788987329907255530,30399930,27766643,3749,2512422,75652,18940760
1788987330022614200,30400674,27766915,3749,2512858,75666,18940760
1788987330136418170,30401403,27767175,3749,2513296,75680,18940760
1788987330250387982,30402128,27767427,3749,2513743,75695,18940760
1788987330365081733,30402855,27767682,3749,2514190,75710,18940760
1788987330481279394,30403608,27767928,3749,2514654,75728,18940760
1788987330596629270,30404340,27768176,3749,2515124,75736,18940760
1788987330712329072,30405076,27768435,3749,2515574,75753,18940760
1788987330827896970,30405814,27768688,3749,2516027,75766,18940760
1788987330945417751,30406548,27768945,3749,2516490,75782,18940760
1788987331060959749,30407272,27769174,3749,2516888,75878,18940760
1788987331175251871,30407963,27769409,3749,2517357,75894,18940760
1788987331292721494,30408715,27769643,3749,2517851,75904,18940760
1788987331406449149,30409436,27769937,3749,2518253,75919,18940760
1788987331523206707,30410172,27770200,3749,2518704,75933,18940760
1788987331638287122,30410891,27770445,3749,2519173,75943,18940760
1788987331753754229,30411611,27770691,3749,2519631,75958,18940760
1788987331870206143,30412354,27770937,3749,2520103,75967,18940760
1788987331984019086,30413052,27771165,3749,2520583,75975,18940760
1788987332101020645,30413778,27771462,3749,2521006,75988,18940760
1788987332217397636,30414515,27771741,3749,2521437,76006,18940760
1788987332332047626,30415222,27772000,3749,2521879,76022,18940760
1788987332447707760,30415952,27772259,3749,2522329,76038,18940760
1788987332562763005,30416677,27772502,3749,2522792,76050,18940760
1788987332680001617,30417402,27772733,3749,2523285,76062,18940760
1788987332795695870,30418119,27772980,3749,2523749,76074,18940760
1788987332910413749,30418836,27773235,3749,2524193,76093,18940760
1788987333025191934,30419534,27773494,3749,2524640,76103,18940760
1788987333141593263,30420264,27773762,3749,2525089,76118,18940760
1788987333256101567,30420993,27774042,3749,2525514,76129,18940760
1788987333373555083,30421727,27774294,3749,2525990,76139,18940760
1788987333489870309,30422466,27774567,3749,2526431,76152,18940760
1788987333605353044,30423169,27774829,3749,2526880,76164,18940760
1788987333721642773,30423883,27775074,3749,2527338,76185,18940760
1788987333837083436,30424632,27775312,3749,2527732,76278,18940760
1788987333952701865,30425367,27775557,3749,2528195,76294,18940760
1788987334068004252,30426079,27775789,3749,2528670,76311,18940760
1788987334183618867,30426788,27776051,3749,2529117,76325,18940760
1788987334297787627,30427529,27776294,3749,2529571,76343,18940760
1788987334413659045,30428261,27776564,3749,2530011,76358,18940760
1788987334529054913,30428999,27776810,3749,2530467,76378,18940760
1788987334644647308,30429707,27777046,3749,2530938,76394,18940760
1788987334758401287,30430422,27777301,3749,2531386,76406,18940760
1788987334874100087,30431154,27777559,3749,2531831,76424,18940760
1788987334990300418,30431877,27777844,3749,2532266,76435,18940760
1788987335106692851,30432621,27778108,3749,2532714,76451,18940760
1788987335221849023,30433350,27778406,3749,2533120,76467,18940760
1788987335337911675,30434085,27778665,3749,2533581,76478,18940760
1788987335455290865,30434831,27778909,3749,2534061,76487,18940760
1788987335571108574,30435562,27779175,3749,2534507,76503,18940760
1788987335686617712,30436277,27779441,3749,2534947,76516,18940760
1788987335803273050,30437007,27779696,3749,2535413,76526,18940760
1788987335919080652,30437726,27779943,3749,2535828,76592,18940760
1788987336035014783,30438463,27780181,3749,2536295,76608,18940760
1788987336151465649,30439195,27780412,3749,2536785,76618,18940760
1788987336265324218,30439915,27780689,3749,2537214,76626,18940760
1788987336380003225,30440618,27780958,3749,2537649,76640,18940760
1788987336496400395,30441349,27781229,3749,2538091,76653,18940760
1788987336609963259,30442066,27781476,3749,2538519,76689,18940760
1788987336725577366,30442793,27781716,3749,2538988,76704,18940760
1788987336842434743,30443536,27781969,3749,2539454,76718,18940760
1788987336956824100,30444245,27782237,3749,2539888,76731,18940760
1788987337071714896,30444951,27782504,3749,2540328,76745,18940760
1788987337185867142,30445685,27782768,3749,2540764,76759,18940760
1788987337302160944,30446422,27783033,3749,2541213,76776,18940760
1788987337416885391,30447129,27783289,3749,2541658,76791,18940760
1788987337535237849,30447867,27783564,3749,2542119,76802,18940760
1788987337650220950,30448600,27783825,3749,2542565,76814,18940760
1788987337765155567,30449333,27784076,3749,2543014,76829,18940760
1788987337880136801,30450039,27784323,3749,2543476,76843,18940760
1788987337995844292,30450784,27784595,3749,2543903,76864,18940760
1788987338110347978,30451507,27784846,3749,2544359,76878,18940760
1788987338226755791,30452263,27785085,3749,2544835,76892,18940760
1788987338343333236,30453000,27785340,3749,2545295,76908,18940760
1788987338458142964,30453689,27785603,3749,2545732,76924,18940760
1788987338574453607,30454405,27785855,3749,2546197,76934,18940760
1788987338688841851,30455126,27786088,3749,2546589,77028,18940760
1788987338805243324,30455855,27786356,3749,2547040,77042,18940760
1788987338920319181,30456558,27786590,3749,2547512,77057,18940760
1788987339036507596,30457294,27786859,3749,2547954,77073,18940760
1788987339152769050,30458013,27787140,3749,2548385,77088,18940760
1788987339268619917,30458755,27787391,3749,2548840,77105,18940760
1788987339382527770,30459452,27787643,3749,2549287,77120,18940760
1788987339498346539,30460153,27787882,3749,2549762,77132,18940760
1788987339615210668,30460908,27788112,3749,2550253,77147,18940760
1788987339729717690,30461636,27788366,3749,2550701,77161,18940760
1788987339845080365,30462354,27788609,3749,2551160,77177,18940760
1788987339960267548,30463103,27788871,3749,2551601,77197,18940760
1788987340076700339,30463820,27789126,3749,2552059,77212,18940760
1788987340191460300,30464531,27789377,3749,2552516,77223,18940760
1788987340306656792,30465246,27789677,3749,2552925,77238,18940760
1788987340422741798,30465986,27789979,3749,2553340,77247,18940760
1788987340538403312,30466705,27790237,3749,2553794,77261,18940760
1788987340654598574,30467410,27790497,3749,2554246,77274,18940760
1788987340770012042,30468154,27790751,3749,2554702,77286,18940760
1788987340884890820,30468841,27790999,3749,2555159,77301,18940760
1788987340998992144,30469566,27791230,3749,2555631,77313,18940760
1788987341112992633,30470286,27791493,3749,2556065,77329,18940760
1788987341227512338,30471014,27791747,3749,2556505,77352,18940760
1788987341344181442,30471752,27792037,3749,2556929,77367,18940760
1788987341457788804,30472481,27792282,3749,2557317,77451,18940760
1788987341573164073,30473187,27792523,3749,2557785,77463,18940760
1788987341686490606,30473894,27792742,3749,2558263,77476,18940760
1788987341799896065,30474602,27792983,3749,2558720,77488,18940760
1788987341913715919,30475324,27793252,3749,2559148,77503,18940760
1788987342027722385,30476034,27793500,3749,2559602,77518,18940760
1788987342144012297,30476751,27793769,3749,2560044,77532,18940760
1788987342258866351,30477466,27794005,3749,2560516,77543,18940760
1788987342376511063,30478200,27794249,3749,2560997,77558,18940760
1788987342491438475,30478920,27794510,3749,2561441,77573,18940760
1788987342607688889,30479655,27794774,3749,2561893,77583,18940760
1788987342721634477,30480368,27795031,3749,2562336,77595,18940760
1788987342837446476,30481076,27795292,3749,2562784,77610,18940760
1788987342953818266,30481833,27795600,3749,2563193,77624,18940760
1788987343069796732,30482579,27795857,3749,2563645,77642,18940760
1788987343183292402,30483293,27796105,3749,2564093,77656,18940760
1788987343298245169,30484021,27796359,3749,2564544,77668,18940760
1788987343413674249,30484744,27796613,3749,2565003,77677,18940760
1788987343529259978,30485449,27796865,3749,2565459,77692,18940760
1788987343644345257,30486176,27797140,3749,2565896,77702,18940760
1788987343760064168,30486888,27797396,3749,2566350,77718,18940760
1788987343875626603,30487619,27797643,3749,2566808,77736,18940760
1788987343991470444,30488343,27797925,3749,2567236,77752,18940760
1788987344105843449,30489068,27798169,3749,2567691,77770,18940760
1788987344220502015,30489773,27798393,3749,2568104,77851,18940760
1788987344335385946,30490500,27798651,3749,2568557,77860,18940760
1788987344452536892,30491229,27798909,3749,2569022,77872,18940760
1788987344568335975,30491972,27799164,3749,2569472,77891,18940760
1788987344683641796,30492688,27799426,3749,2569919,77903,18940760
1788987344797967077,30493412,27799677,3749,2570368,77920,18940760
1788987344913921960,30494138,27799923,3749,2570828,77937,18940760
1788987345030547111,30494841,27800212,3749,2571256,77953,18940760
1788987345149032403,30495588,27800466,3749,2571731,77967,18940760
1788987345263840067,30496314,27800722,3749,2572175,77985,18940760
1788987345378429661,30497037,27800990,3749,2572609,78000,18940760
1788987345493058561,30497752,27801247,3749,2573055,78015,18940760
1788987345609434220,30498479,27801484,3749,2573528,78034,18940760
1788987345726331882,30499195,27801709,3749,2574027,78044,18940760
1788987345841856337,30499920,27801961,3749,2574488,78058,18940760
1788987345958112353,30500637,27802232,3749,2574920,78078,18940760
1788987346073682312,30501379,27802492,3749,2575367,78092,18940760
1788987346190551434,30502118,27802766,3749,2575811,78106,18940760
1788987346307057030,30502853,27803008,3749,2576198,78209,18940760
1788987346423114673,30503569,27803258,3749,2576668,78219,18940760
1788987346542629306,30504316,27803497,3749,2577158,78234,18940760
1788987346657128006,30505053,27803750,3749,2577600,78254,18940760
1788987346772334909,30505780,27803993,3749,2578066,78267,18940760
1788987346888245720,30506506,27804239,3749,2578533,78276,18940760
1788987347002810341,30507224,27804488,3749,2578986,78292,18940760
1788987347119883729,30507960,27804706,3749,2579485,78309,18940760
1788987347236983635,30508697,27804952,3749,2579960,78319,18940760
1788987347352563554,30509416,27805210,3749,2580410,78334,18940760
1788987347469185560,30510138,27805470,3749,2580870,78345,18940760
1788987347583654519,30510863,27805718,3749,2581321,78360,18940760
1788987347697841597,30511577,27805955,3749,2581786,78372,18940760
1788987347813983696,30512320,27806198,3749,2582263,78382,18940760
1788987347929180318,30513027,27806480,3749,2582690,78394,18940760
1788987348044780771,30513750,27806738,3749,2583133,78415,18940760
1788987348159705254,30514467,27806995,3749,2583582,78428,18940760
1788987348274583026,30515168,27807252,3749,2584031,78441,18940760
1788987348390752852,30515899,27807500,3749,2584498,78454,18940760
1788987348507783649,30516640,27807748,3749,2584970,78467,18940760
1788987348622752895,30517362,27808010,3749,2585417,78478,18940760
1788987348738652049,30518093,27808269,3749,2585868,78493,18940760
1788987348855069192,30518805,27808533,3749,2586320,78505,18940760
1788987348970858384,30519542,27808768,3749,2586720,78595,18940760
1788987349085832978,30520268,27809063,3749,2587139,78604,18940760
1788987349203419211,30521004,27809298,3749,2587631,78614,18940760
1788987349320563136,30521743,27809546,3749,2588102,78628,18940760
1788987349436233769,30522468,27809806,3749,2588549,78644,18940760
1788987349552082963,30523176,27810043,3749,2589017,78661,18940760
1788987349667412010,30523898,27810281,3749,2589488,78673,18940760
1788987349781027019,30524599,27810570,3749,2589898,78687,18940760
1788987349899262009,30525341,27810826,3749,2590374,78698,18940760
1788987350014654887,30526065,27811091,3749,2590818,78711,18940760
1788987350131510989,30526799,27811336,3749,2591290,78726,18940760
1788987350248454434,30527537,27811627,3749,2591717,78739,18940760
1788987350363682384,30528262,27811877,3749,2592169,78758,18940760
1788987350479414275,30528979,27812120,3749,2592639,78771,18940760
1788987350594793862,30529692,27812347,3749,2593125,78781,18940760
1788987350711556313,30530441,27812644,3749,2593548,78793,18940760
1788987350825636286,30531160,27812937,3749,2593953,78809,18940760
1788987350940609678,30531881,27813217,3749,2594375,78826,18940760
1788987351055997067,30532611,27813456,3749,2594843,78842,18940760
1788987351171640481,30533346,27813701,3749,2595308,78857,18940760
1788987351286160897,30534070,27813991,3749,2595727,78866,18940760
1788987351400497818,30534775,27814274,3749,2596146,78880,18940760
1788987351515296439,30535520,27814528,3749,2596594,78899,18940760
1788987351632587348,30536252,27814801,3749,2597036,78916,18940760
1788987351747480961,30536975,27815045,3749,2597438,78993,18940760
1788987351864042922,30537702,27815312,3749,2597888,79006,18940760
1788987351978711378,30538432,27815558,3749,2598350,79018,18940760
1788987352093772557,30539161,27815806,3749,2598810,79029,18940760
1788987352209192531,30539894,27816107,3749,2599217,79045,18940760
1788987352324731357,30540607,27816388,3749,2599648,79056,18940760
1788987352439451755,30541314,27816629,3749,2600110,79070,18940760
1788987352555050680,30542032,27816866,3749,2600588,79084,18940760
1788987352670045648,30542760,27817121,3749,2601038,79095,18940760
1788987352785483050,30543484,27817379,3749,2601488,79112,18940760
1788987352898929635,30544191,27817625,3749,2601934,79127,18940760
1788987353014801804,30544923,27817882,3749,2602388,79142,18940760
1788987353129283574,30545627,27818128,3749,2602843,79156,18940760
1788987353245272198,30546371,27818361,3749,2603326,79166,18940760
1788987353362608660,30547083,27818617,3749,2603797,79178,18940760
1788987353479222320,30547809,27818895,3749,2604237,79189,18940760
1788987353595559276,30548545,27819191,3749,2604652,79206,18940760
1788987353708765179,30549277,27819436,3749,2605101,79221,18940760
1788987353825381409,30549987,27819693,3749,2605555,79238,18940760
1788987353941546938,30550714,27819962,3749,2606005,79252,18940760
1788987354059344179,30551481,27820203,3749,2606489,79264,18940760
1788987354173870106,30552205,27820465,3749,2606927,79278,18940760
1788987354289665516,30552916,27820723,3749,2607382,79290,18940760
1788987354404734128,30553630,27821002,3749,2607806,79307,18940760
1788987354520067539,30554343,27821230,3749,2608221,79390,18940760
1788987354634895062,30555081,27821452,3749,2608703,79406,18940760
1788987354752719842,30555827,27821709,3749,2609173,79417,18940760
1788987354868865509,30556558,27822001,3749,2609598,79428,18940760
1788987354984038819,30557260,27822268,3749,2610034,79442,18940760
1788987355098520707,30557975,27822531,3749,2610473,79456,18940760
1788987355215158004,30558695,27822798,3749,2610926,79467,18940760
1788987355332093101,30559443,27823048,3749,2611401,79479,18940760
1788987355454019328,30560222,27823305,3749,2611888,79494,18940760
1788987355576162471,30560981,27823570,3749,2612372,79508,18940760
1788987355692273199,30561725,27823824,3749,2612838,79519,18940760
1788987355806299346,30562436,27824077,3749,2613282,79531,18940760
1788987355922382980,30563186,27824341,3749,2613732,79546,18940760
1788987356038061980,30563922,27824570,3749,2614217,79556,18940760
1788987356153781590,30564665,27824846,3749,2614651,79571,18940760
1788987356270045267,30565392,27825094,3749,2615120,79583,18940760
1788987356385502968,30566114,27825378,3749,2615546,79595,18940760
1788987356501750518,30566824,27825679,3749,2615960,79607,18940760
1788987356617022383,30567552,27825929,3749,2616419,79619,18940760
1788987356733646836,30568280,27826162,3749,2616908,79629,18940760
1788987356849705417,30568990,27826408,3749,2617376,79641,18940760
1788987356964234941,30569709,27826662,3749,2617828,79651,18940760
1788987357077774855,30570446,27826925,3749,2618261,79668,18940760
1788987357193055503,30571186,27827187,3749,2618704,79684,18940760
1788987357308227444,30571910,27827426,3749,2619100,79774,18940760
1788987357426144834,30572646,27827676,3749,2619577,79784,18940760
1788987357540283283,30573373,27827940,3749,2620014,79798,18940760
1788987357656663426,30574097,27828201,3749,2620468,79811,18940760
1788987357773298029,30574834,27828459,3749,2620925,79824,18940760
1788987357889184321,30575554,27828713,3749,2621381,79839,18940760
1788987358005432118,30576280,27828985,3749,2621823,79856,18940760
1788987358123011795,30577017,27829223,3749,2622310,79866,18940760
1788987358238902675,30577751,27829493,3749,2622750,79882,18940760
1788987358354997821,30578494,27829752,3749,2623210,79891,18940760
1788987358470400049,30579224,27830023,3749,2623647,79903,18940760
1788987358584654043,30579929,27830282,3749,2624089,79917,18940760
1788987358698922946,30580644,27830558,3749,2624512,79934,18940760
1788987358816401933,30581365,27830816,3749,2624985,79943,18940760
1788987358933030361,30582095,27831101,3749,2625416,79954,18940760
1788987359049237905,30582850,27831417,3749,2625816,79968,18940760
1788987359164567594,30583553,27831697,3749,2626247,79980,18940760
1788987359281264603,30584283,27831987,3749,2626675,79992,18940760
1788987359397766431,30585015,27832211,3749,2627094,80080,18940760
1788987359514810153,30585737,27832515,3749,2627514,80088,18942936
1788987359626445965,30586450,27833208,3749,2627517,80096,18976600
1788987359743734905,30587196,27833458,3749,2628010,80098,18976600
1788987359864154744,30587973,27833577,3749,2628657,80098,18976600
1788987359979306111,30588707,27833626,3749,2629339,80098,18976600
1788987360093667035,30589427,27833727,3749,2629967,80099,18976600
1788987360211644619,30590185,27833856,3749,2630589,80099,18976600
1788987360326002102,30590920,27833878,3749,2631296,80099,18976600
1788987360440554241,30591653,27833961,3749,2631943,80099,18976600
1788987360558479137,30592407,27834095,3749,2632552,80100,18976600
1788987360672568292,30593136,27834119,3749,2633261,80100,18976600
1788987360787517911,30593871,27834221,3749,2633889,80102,18976600
1788987360905746030,30594627,27834361,3749,2634499,80102,18976600
1788987361019404562,30595357,27834389,3749,2635193,80102,18976600
1788987361137129540,30596112,27834480,3749,2635851,80103,18976600
1788987361254396378,30596859,27834630,3749,2636451,80103,18976600
1788987361375794843,30597637,27834690,3749,2637162,80103,18976600
1788987361493204768,30598383,27834856,3749,2637741,80104,18976600
1788987361609891000,30599134,27835059,3749,2638281,80104,18976600
1788987361723961108,30599862,27835147,3749,2638920,80104,18976600
1788987361835982995,30600579,27835292,3749,2639487,80104,18976600
1788987361951693769,30601318,27835505,3749,2640012,80104,18976600
1788987362066812176,30602055,27835566,3749,2640685,80104,18976600
1788987362184966271,30602819,27835677,3749,2641323,80105,18976600
1788987362300660789,30603557,27835818,3749,2641920,80105,18976600
1788987362414871453,30604291,27835868,3749,2642598,80105,18976600
1788987362533031501,30605050,27835998,3749,2643217,80106,18976600
1788987362647000251,30605781,27836154,3749,2643786,80107,18976600
1788987362761416388,30606515,27836199,3749,2644469,80107,18976600
1788987362878809436,30607264,27836304,3749,2645111,80108,18976600
1788987362994232294,30607998,27836420,3749,2645728,80108,18976600
1788987363108762495,30608732,27836447,3749,2646434,80108,18976600
1788987363223522529,30609465,27836562,3749,2647047,80108,18976600
1788987363341225252,30610217,27836648,3749,2647708,80108,18976600
1788987363459021374,30610968,27836780,3749,2648326,80109,18976600
1788987363577173379,30611729,27836919,3749,2648938,80109,18976600
1788987363694986618,30612484,27837084,3749,2649521,80110,18976600
1788987363812088397,30613228,27837221,3749,2650129,80111,18976600
1788987363930006031,30613991,27837332,3749,2650770,80111,18976600
1788987364044501854,30614715,27837425,3749,2651406,80112,18976600
1788987364161465382,30615470,27837541,3749,2652029,80113,18976600
1788987364279660660,30616217,27837710,3749,2652617,80113,18976600
1788987364392429864,30616940,27837829,3749,2653211,80114,18976600
1788987364510539765,30617704,27837908,3749,2653888,80114,18976600
1788987364628580270,30618450,27838045,3749,2654500,80115,18976600
1788987364746542454,30619210,27838165,3749,2655131,80115,18976600
1788987364860571227,30619940,27838187,3749,2655837,80115,18976600
1788987364975643939,30620672,27838276,3749,2656478,80116,18976600
1788987365093747797,30621431,27838405,3749,2657099,80116,18976600
1788987365211577447,30622177,27838532,3749,2657721,80118,18976600
1788987365329437185,30622931,27838608,3749,2658391,80118,18976600
1788987365446095749,30623681,27838751,3749,2658992,80119,18976600
1788987365563255411,30624431,27838863,3749,2659623,80119,18976600
1788987365681303008,30625189,27838954,3749,2660283,80119,18976600
1788987365795228703,30625921,27839023,3749,2660939,80120,18976600
1788987365913295761,30626677,27839117,3749,2661597,80121,18976600
1788987366031437210,30627430,27839255,3749,2662209,80122,18976600
1788987366148116316,30628170,27839371,3749,2662837,80123,18976600
1788987366264916853,30628912,27839595,3749,2663356,80123,18976600
1788987366382900122,30629669,27839786,3749,2663915,80124,18976600
1788987366501007488,30630421,27839861,3749,2664592,80124,18976600
1788987366616828188,30631163,27839939,3749,2665253,80125,18976600
1788987366731358368,30631887,27840032,3749,2665885,80125,18976600
1788987366849823143,30632646,27840162,3749,2666513,80125,18976600
1788987366965560620,30633377,27840297,3749,2667113,80127,18976600
1788987367082879502,30634137,27840411,3749,2667743,80128,18976600
1788987367200642825,30634892,27840535,3749,2668369,80128,18976600
1788987367318661433,30635635,27840636,3749,2669019,80128,18976600
1788987367433663899,30636376,27840776,3749,2669611,80129,18976600
1788987367548998474,30637117,27840815,3749,2670306,80129,18976600
1788987367667585208,30637867,27840934,3749,2670939,80130,18976600
1788987367786007743,30638627,27841027,3749,2671601,80130,18976600
1788987367912915404,30639436,27841199,3749,2672234,80132,18976600
1788987368030967906,30640184,27841359,3749,2672825,80132,18976600
1788987368149034827,30640934,27841486,3749,2673446,80134,18976600
1788987368267001688,30641689,27841560,3749,2674123,80134,18976600
1788987368383867468,30642438,27841642,3749,2674787,80134,18976600
1788987368498173712,30643175,27841723,3749,2675430,80135,18976600
1788987368616009967,30643928,27841807,3749,2676098,80135,18976600
1788987368731006770,30644655,27842005,3749,2676630,80135,18976600
1788987368847507759,30645394,27842143,3749,2677236,80136,18976600
1788987368965441580,30646142,27842262,3749,2677863,80136,18976600
1788987369082245850,30646897,27842392,3749,2678476,80137,18976600
1788987369200192456,30647651,27842526,3749,2679093,80137,18976600
1788987369314139981,30648380,27842550,3749,2679796,80137,18976600
1788987369430591956,30649126,27842631,3749,2680459,80137,18976600
1788987369548528959,30649873,27842756,3749,2681084,80138,18976600
1788987369666556124,30650627,27842885,3749,2681705,80139,18976600
1788987369784850275,30651389,27842994,3749,2682348,80139,18976600
1788987369901433362,30652147,27843133,3749,2682950,80139,18976600
1788987370019280847,30652893,27843234,3749,2683595,80140,18976600
1788987370137433362,30653648,27843313,3749,2684268,80140,18976600
1788987370252118468,30654386,27843374,3749,2684932,80142,18976600
1788987370369802785,30655136,27843465,3749,2685591,80143,18976600
1788987370487705709,30655891,27843597,3749,2686210,80143,18976600
1788987370603220214,30656636,27843713,3749,2686825,80144,18976600
1788987370721286769,30657390,27843787,3749,2687503,80144,18976600
1788987370839086072,30658151,27843919,3749,2688121,80144,18976600
1788987370957027105,30658906,27844050,3749,2688740,80145,18976600
1788987371071097970,30659635,27844079,3749,2689439,80145,18976600
1788987371186261123,30660365,27844156,3749,2690093,80145,18976600
1788987371304404475,30661125,27844323,3749,2690677,80146,18976600
1788987371422400964,30661867,27844462,3749,2691289,80147,18976600
1788987371540650317,30662622,27844556,3749,2691951,80147,18976600
1788987371657462290,30663363,27844716,3749,2692528,80148,18976600
1788987371773834701,30664116,27844821,3749,2693168,80148,18976600
1788987371891861273,30664872,27844897,3749,2693843,80148,18976600
1788987372006039884,30665595,27844954,3749,2694513,80148,18976600
1788987372123818783,30666341,27845078,3749,2695138,80148,18976600
1788987372241709454,30667094,27845198,3749,2695769,80148,18976600
1788987372358463289,30667834,27845290,3749,2696421,80150,18976600
1788987372473011550,30668567,27845421,3749,2697016,80150,18976600
1788987372591142256,30669320,27845556,3749,2697629,80151,18976600
1788987372709159103,30670071,27845677,3749,2698262,80151,18976600
1788987372825050965,30670810,27845725,3749,2698951,80151,18976600
1788987372939579427,30671547,27845810,3749,2699596,80152,18976600
1788987373057381784,30672304,27845933,3749,2700219,80152,18976600
1788987373175094807,30673064,27846061,3749,2700840,80153,18976600
1788987373293433793,30673819,27846160,3749,2701492,80153,18976600
1788987373411306548,30674575,27846305,3749,2702098,80153,18976600
1788987373527880861,30675320,27846435,3749,2702712,80154,18976600
1788987373645885746,30676077,27846523,3749,2703376,80154,18976600
1788987373760431885,30676810,27846581,3749,2704047,80154,18976600
1788987373873980734,30677544,27846734,3749,2704616,80154,18976600
1788987373992009195,30678303,27846854,3749,2705247,80154,18976600
1788987374110070862,30679058,27847027,3749,2705824,80155,18976600
1788987374228237096,30679815,27847176,3749,2706425,80155,18976600
1788987374346110147,30680570,27847330,3749,2707022,80156,18976600
1788987374464168510,30681326,27847420,3749,2707682,80156,18976600
1788987374582009627,30682083,27847512,3749,2708342,80156,18976600
1788987374696329112,30682813,27847592,3749,2708989,80157,18976600
1788987374813559862,30683556,27847751,3749,2709578,80157,18976600
1788987374931485041,30684311,27847914,3749,2710166,80157,18976600
1788987375046890128,30685055,27848032,3749,2710778,80159,18976600
1788987375164354568,30685815,27848141,3749,2711414,80159,18976600
1788987375282491829,30686567,27848303,3749,2712007,80160,18976600
1788987375400714659,30687319,27848440,3749,2712622,80160,18976600
1788987375515079359,30688055,27848473,3749,2713317,80160,18976600
1788987375629316387,30688777,27848580,3749,2713933,80161,18976600
1788987375747369863,30689535,27848739,3749,2714524,80162,18976600
1788987375865526725,30690289,27848871,3749,2715148,80162,18976600
1788987375981976197,30691039,27848960,3749,2715798,80162,18976600
1788987376099979690,30691786,27849099,3749,2716410,80162,18976600
1788987376214339969,30692516,27849234,3749,2716999,80163,18976600
1788987376332271005,30693264,27849330,3749,2717654,80163,18976600
1788987376446482522,30693995,27849383,3749,2718327,80163,18976600
1788987376562371446,30694741,27849515,3749,2718933,80163,18976600
1788987376680277521,30695499,27849605,3749,2719594,80163,18976600
1788987376796748997,30696234,27849739,3749,2720204,80164,18976600
1788987376914704147,30696987,27849864,3749,2720830,80164,18976600
1788987377032486959,30697742,27849992,3749,2721450,80164,18976600
1788987377150436742,30698497,27850076,3749,2722112,80165,18976600
1788987377267435427,30699246,27850163,3749,2722770,80165,18976600
1788987377382094284,30699981,27850266,3749,2723395,80166,18976600
1788987377500430447,30700739,27850410,3749,2724006,80166,18976600
1788987377619373086,30701497,27850605,3749,2724563,80167,18976600
1788987377736827283,30702246,27850717,3749,2725201,80168,18976600
1788987377854664095,30702999,27850840,3749,2725827,80168,18976600
1788987377972409085,30703749,27850945,3749,2726467,80169,18976600
1788987378090522689,30704503,27851083,3749,2727085,80170,18976600
1788987378204863491,30705240,27851110,3749,2727785,80170,18976600
1788987378321651246,30705983,27851221,3749,2728416,80171,18976600
1788987378437209319,30706722,27851342,3749,2729029,80171,18976600
1788987378555269690,30707482,27851500,3749,2729620,80171,18976600
1788987378673074759,30708237,27851624,3749,2730227,80195,18976600
1788987378792749470,30708999,27851784,3749,2730798,80224,18976600
1788987378910377982,30709756,27851885,3749,2731383,80282,18976600
1788987379028704536,30710511,27851959,3749,2732053,80296,18976600
1788987379142449991,30711240,27852006,3749,2732719,80308,18976600
1788987379258967576,30711982,27852109,3749,2733302,80361,18976600
1788987379377136339,30712739,27852187,3749,2733923,80413,18976600
1788987379495016760,30713489,27852333,3749,2734489,80452,18976600
1788987379613579468,30714247,27852455,3749,2735079,80498,18976600
1788987379731678450,30714992,27852574,3749,2735675,80532,18976600
1788987379851424737,30715763,27852655,3749,2736290,80593,18976600
1788987379969604315,30716519,27852730,3749,2736960,80607,18976600
1788987380083704133,30717250,27852795,3749,2737606,80622,18976600
1788987380202637288,30718012,27852924,3749,2738211,80644,18976600
1788987380320793719,30718771,27853075,3749,2738801,80654,18976600
1788987380438902396,30719537,27853169,3749,2739457,80655,18976600
1788987380552289410,30720258,27853343,3749,2740004,80655,18976600
1788987380684969537,30721105,27853514,3749,2740676,80655,18976600
1788987380802828809,30721859,27853643,3749,2741298,80655,18976600
1788987380917749468,30722590,27853665,3749,2742010,80655,18976600
1788987381032356797,30723318,27853741,3749,2742657,80657,18976600
1788987381150519294,30724079,27853873,3749,2743280,80657,18976600
1788987381264830860,30724814,27853914,3749,2743969,80657,18976600
1788987381378860923,30725543,27854021,3749,2744585,80658,18976600
1788987381496894387,30726298,27854160,3749,2745195,80659,18976600
1788987381611588676,30727027,27854181,3749,2745908,80659,18976600
1788987381726791915,30727760,27854257,3749,2746563,80659,18976600
1788987381845010984,30728520,27854387,3749,2747183,80659,18976600
1788987381959159719,30729248,27854408,3749,2747890,80659,18976600
1788987382078020765,30730013,27854488,3749,2748565,80661,18976600
1788987382196088814,30730769,27854626,3749,2749178,80661,18976600
1788987382310051744,30731496,27854652,3749,2749880,80661,18976600
1788987382426807503,30732235,27854782,3749,2750490,80663,18976600
1788987382543719527,30732978,27854924,3749,2751094,80663,18976600
1788987382658319404,30733715,27854952,3749,2751792,80663,18976600
1788987382775447898,30734464,27855076,3749,2752414,80663,18976600
1788987382893597105,30735215,27855151,3749,2753093,80664,18976600
1788987383007851329,30735951,27855193,3749,2753778,80664,18976600
1788987383124106261,30736691,27855302,3749,2754405,80665,18976600
1788987383242052937,30737449,27855391,3749,2755068,80665,18976600
1788987383356672429,30738175,27855444,3749,2755745,80667,18976600
1788987383474076963,30738932,27855538,3749,2756396,80667,18976600
1788987383592021339,30739686,27855621,3749,2757065,80667,18976600
1788987383706217791,30740426,27855701,3749,2757711,80667,18976600
1788987383824541038,30741181,27855804,3749,2758364,80667,18976600
1788987383942570607,30741936,27855881,3749,2759039,80667,18976600
1788987384056915267,30742671,27855944,3749,2759701,80668,18976600
1788987384173288544,30743412,27856198,3749,2760172,80677,18976600
1788987384288766024,30744131,27856463,3749,2760613,80690,18976600
1788987384404682032,30744853,27856720,3749,2761063,80707,18976600
1788987384520772888,30745587,27856983,3749,2761514,80719,18976600
1788987384636520600,30746318,27857221,3749,2761961,80760,18976600
1788987384752624795,30747060,27857433,3749,2762338,80901,18976600
1788987384869035462,30747796,27857662,3749,2762828,80912,18976600
1788987384982236689,30748514,27857924,3749,2763256,80929,18976600
1788987385096995740,30749247,27858192,3749,2763686,80951,18976600
1788987385210834434,30749950,27858457,3749,2764123,80963,18976600
1788987385326609380,30750696,27858722,3749,2764567,80978,18976600
1788987385441244888,30751434,27858962,3749,2765036,80990,18976600
1788987385559277865,30752172,27859220,3749,2765499,81007,18976600
1788987385673743660,30752879,27859476,3749,2765946,81020,18976600
1788987385788421547,30753594,27859730,3749,2766395,81035,18976600
1788987385901567754,30754310,27859984,3749,2766838,81045,18976600
1788987386015058966,30755020,27860258,3749,2767259,81061,18976600
1788987386127917504,30755744,27860480,3749,2767660,81147,18976600
1788987386242604285,30756475,27860718,3749,2768135,81155,18976600
1788987386357020093,30757194,27860964,3749,2768593,81167,18976600
1788987386471652832,30757908,27861213,3749,2769042,81184,18976600
1788987386587255153,30758644,27861471,3749,2769493,81197,18976600
1788987386704000223,30759398,27861736,3749,2769948,81209,18976600
1788987386819000430,30760125,27862016,3749,2770383,81220,18976600
1788987386941518651,30760900,27862279,3749,2770870,81234,18976600
1788987387056159691,30761612,27862561,3749,2771295,81244,18976600
1788987387173457323,30762371,27862833,3749,2771745,81258,18976600
1788987387289512708,30763101,27863100,3749,2772188,81273,18976600
1788987387405931221,30763828,27863357,3749,2772643,81289,18976600
1788987387523727962,30764545,27863579,3749,2773150,81299,18976600
1788987387640727857,30765270,27863839,3749,2773612,81310,18976600
1788987387756659689,30766008,27864101,3749,2774063,81322,18976600
1788987387872316895,30766731,27864373,3749,2774503,81334,18976600
1788987387987273589,30767451,27864650,3749,2774936,81347,18976600
1788987388102852159,30768175,27864898,3749,2775392,81365,18976600
1788987388217902639,30768905,27865151,3749,2775850,81374,18976600
1788987388333828987,30769640,27865414,3749,2776298,81389,18976600
1788987388447559270,30770354,27865670,3749,2776740,81404,18976600
1788987388563309534,30771078,27865921,3749,2777199,81418,18976600
1788987388678971388,30771789,27866184,3749,2777645,81433,18976600
1788987388793911368,30772516,27866413,3749,2778052,81518,18976600
1788987388911751336,30773271,27866666,3749,2778523,81530,18976600
1788987389027696517,30773984,27866944,3749,2778955,81545,18976600
1788987389142259444,30774694,27867199,3749,2779402,81562,18976600
1788987389257949634,30775426,27867450,3749,2779861,81574,18976600
1788987389374305240,30776167,27867700,3749,2780326,81587,18976600
1788987389490244024,30776901,27867968,3749,2780765,81605,18976600
1788987389605355624,30777628,27868214,3749,2781235,81615,18976600
1788987389721516422,30778354,27868469,3749,2781693,81627,18976600
1788987389837571064,30779068,27868724,3749,2782152,81639,18976600
1788987389953480808,30779812,27868980,3749,2782609,81652,18976600
1788987390069110865,30780548,27869228,3749,2783073,81666,18976600
1788987390183876700,30781277,27869486,3749,2783514,81684,18976600
1788987390300050916,30782010,27869767,3749,2783952,81693,18976600
1788987390414739792,30782714,27870020,3749,2784402,81707,18976600
1788987390531035819,30783441,27870272,3749,2784865,81718,18976600
1788987390646135424,30784182,27870528,3749,2785313,81735,18976600
1788987390762462943,30784924,27870806,3749,2785749,81751,18976600
1788987390878550204,30785662,27871078,3749,2786186,81768,18976600
1788987390992869185,30786374,27871308,3749,2786661,81781,18976600
1788987391107253573,30787105,27871567,3749,2787103,81795,18976600
1788987391223602588,30787843,27871819,3749,2787566,81810,18976600
1788987391338802510,30788570,27872079,3749,2788010,81825,18976600
1788987391455365983,30789291,27872335,3749,2788470,81837,18976600
1788987391570022838,30790006,27872561,3749,2788868,81933,18976600
1788987391688342748,30790775,27872794,3749,2789364,81947,18976600
1788987391804076403,30791502,27873070,3749,2789795,81964,18976600
1788987391919716008,30792221,27873319,3749,2790255,81978,18976600
1788987392037003764,30792937,27873583,3749,2790709,81993,18976600
1788987392151464286,30793664,27873832,3749,2791163,82006,18976600
1788987392264971286,30794373,27874084,3749,2791610,82019,18976600
1788987392382478023,30795115,27874313,3749,2792106,82031,18976600
1788987392497703566,30795864,27874566,3749,2792561,82044,18976600
1788987392613319273,30796591,27874821,3749,2793019,82056,18976600
1788987392727737125,30797310,27875068,3749,2793473,82070,18976600
1788987392842585938,30798031,27875310,3749,2793938,82083,18976600
1788987392958275611,30798741,27875531,3749,2794428,82094,18976600
1788987393074735669,30799469,27875797,3749,2794880,82105,18976600
1788987393190467316,30800195,27876048,3749,2795342,82118,18976600
1788987393306553616,30800912,27876288,3749,2795808,82136,18976600
1788987393423650361,30801647,27876555,3749,2796261,82147,18976600
1788987393538242116,30802369,27876808,3749,2796665,82206,18976600
1788987393653387409,30803074,27877030,3749,2797140,82238,18976600
1788987393769054665,30803799,27877288,3749,2797596,82246,18976600
1788987393883083764,30804527,27877559,3749,2798022,82261,18976600
1788987393999500514,30805260,27877819,3749,2798480,82272,18976600
1788987394113280426,30805974,27878076,3749,2798915,82290,18976600
1788987394228147254,30806707,27878319,3749,2799359,82324,18976600
1788987394343197106,30807444,27878574,3749,2799814,82336,18976600
1788987394459099660,30808180,27878825,3749,2800274,82353,18976600
1788987394572712484,30808887,27879079,3749,2800709,82370,18976600
1788987394687183678,30809612,27879326,3749,2801160,82392,18976600
1788987394803264966,30810351,27879597,3749,2801601,82404,18976600
1788987394919607153,30811069,27879861,3749,2802046,82422,18976600
1788987395036034280,30811806,27880141,3749,2802487,82433,18976600
1788987395152730799,30812541,27880400,3749,2802941,82452,18976600
1788987395269652841,30813280,27880658,3749,2803398,82466,18976600
1788987395386182809,30814016,27880920,3749,2803847,82484,18976600
1788987395501491882,30814750,27881182,3749,2804297,82494,18976600
1788987395617311066,30815485,27881452,3749,2804741,82505,18976600
1788987395732058263,30816206,27881686,3749,2805215,82517,18976600
1788987395845910783,30816910,27881948,3749,2805651,82531,18976600
1788987395961040937,30817620,27882196,3749,2806108,82545,18976600
1788987396076473581,30818330,27882447,3749,2806563,82562,18976600
1788987396192564610,30819054,27882710,3749,2807018,82570,18976600
1788987396308765163,30819781,27882946,3749,2807423,82659,18976600
1788987396422515014,30820482,27883172,3749,2807900,82671,18976600
1788987396538026309,30821218,27883431,3749,2808349,82683,18976600
1788987396653694681,30821930,27883686,3749,2808805,82696,18976600
1788987396769725449,30822669,27883929,3749,2809269,82715,18976600
1788987396885710982,30823389,27884224,3749,2809688,82729,18976600
1788987397000059193,30824102,27884483,3749,2810130,82744,18976600
1788987397116837651,30824831,27884730,3749,2810604,82755,18976600
1788987397231920284,30825538,27884989,3749,2811052,82766,18976600
1788987397348361207,30826260,27885252,3749,2811502,82783,18976600
1788987397463453241,30826988,27885503,3749,2811953,82800,18976600
1788987397578869500,30827716,27885742,3749,2812421,82813,18976600
1788987397694310899,30828425,27886000,3749,2812878,82822,18976600
1788987397814791945,30829200,27886283,3749,2813340,82835,18976600
1788987397929238785,30829908,27886539,3749,2813786,82848,18976600
1788987398044994175,30830631,27886797,3749,2814240,82859,18976600
1788987398159042895,30831343,27887070,3749,2814665,82875,18976600
1788987398274973503,30832058,27887345,3749,2815102,82890,18976600
1788987398391369596,30832790,27887598,3749,2815570,82899,18976600
1788987398510114755,30833533,27887849,3749,2816054,82910,18976600
1788987398626392086,30834272,27888094,3749,2816518,82927,18976600
1788987398742929799,30835006,27888373,3749,2816948,82944,18976600
1788987398858017878,30835724,27888632,3749,2817393,82960,18976600
1788987398973027055,30836440,27888883,3749,2817848,82977,18976600
1788987399089613587,30837155,27889129,3749,2818243,83067,18976600
1788987399205075530,30837885,27889432,3749,2818651,83078,18976600
1788987399320155187,30838613,27889682,3749,2819104,83095,18976600
1788987399435899875,30839327,27889946,3749,2819558,83103,18976600
1788987399552487866,30840060,27890225,3749,2819999,83114,18976600
1788987399668453347,30840769,27890476,3749,2820462,83126,18976600
1788987399782889360,30841504,27890738,3749,2820907,83137,18976600
1788987399900105817,30842258,27890997,3749,2821372,83146,18976600
1788987400015795077,30842978,27891255,3749,2821820,83162,18976600
1788987400131156442,30843715,27891537,3749,2822248,83176,18976600
1788987400247511308,30844447,27891800,3749,2822697,83193,18976600
1788987400363187893,30845185,27892041,3749,2823165,83205,18976600
1788987400477983308,30845918,27892260,3749,2823655,83217,18976600
1788987400591585113,30846620,27892548,3749,2824067,83228,18976600
1788987400707632849,30847339,27892800,3749,2824527,83243,18976600
1788987400824826008,30848063,27893062,3749,2824982,83258,18976600
1788987400938976639,30848795,27893325,3749,2825421,83271,18976600
1788987401053349897,30849510,27893594,3749,2825851,83288,18976600
1788987401168879088,30850218,27893824,3749,2826338,83299,18976600
1788987401286868051,30850967,27894076,3749,2826807,83315,18976600
1788987401402013059,30851702,27894351,3749,2827236,83330,18976600
1788987401516272780,30852403,27894605,3749,2827681,83348,18976600
1788987401631622806,30853150,27894863,3749,2828128,83362,18976600
1788987401747545774,30853883,27895093,3749,2828538,83449,18976600
1788987401863786456,30854625,27895343,3749,2829011,83458,18976600
1788987401981454782,30855338,27895611,3749,2829467,83470,18976600
1788987402096784964,30856075,27895856,3749,2829926,83487,18976600
1788987402212644762,30856789,27896100,3749,2830391,83501,18976600
1788987402328566647,30857511,27896347,3749,2830860,83511,18976600
1788987402443133234,30858228,27896599,3749,2831311,83525,18976600
1788987402557575789,30858946,27896831,3749,2831782,83541,18976600
1788987402671776299,30859672,27897092,3749,2832225,83551,18976600
1788987402787592275,30860381,27897337,3749,2832691,83566,18976600
1788987402903822898,30861102,27897586,3749,2833153,83581,18976600
1788987403019326542,30861827,27897839,3749,2833603,83599,18976600
1788987403135338838,30862578,27898095,3749,2834068,83610,18976600
1788987403256910698,30863351,27898346,3749,2834562,83621,18976600
1788987403372073846,30864058,27898597,3749,2835014,83643,18976600
1788987403487654494,30864790,27898871,3749,2835447,83655,18976600
1788987403604291545,30865505,27899150,3749,2835880,83671,18976600
1788987403719316708,30866227,27899447,3749,2836296,83683,18976600
1788987403834238083,30866952,27899717,3749,2836734,83693,18976600
1788987403949416982,30867666,27899995,3749,2837163,83707,18976600
1788987404065042979,30868389,27900263,3749,2837609,83717,18976600
1788987404180615896,30869113,27900533,3749,2838050,83730,18976600
1788987404295410093,30869837,27900794,3749,2838492,83746,18976600
1788987404411848130,30870573,27901048,3749,2838944,83766,18976600
1788987404526996640,30871304,27901267,3749,2839358,83862,18976600
1788987404643292798,30872007,27901536,3749,2839800,83876,18976600
1788987404758264152,30872713,27901790,3749,2840250,83890,18976600
1788987404873139247,30873435,27902064,3749,2840678,83906,18976600
1788987404988991719,30874175,27902325,3749,2841130,83920,18976600
1788987405104165038,30874896,27902575,3749,2841591,83931,18976600
1788987405220121847,30875594,27902848,3749,2842038,83940,18976600
1788987405334675862,30876308,27903118,3749,2842467,83957,18976600
1788987405450172449,30877039,27903374,3749,2842914,83973,18976600
1788987405567052184,30877784,27903632,3749,2843367,83993,18976600
1788987405682294527,30878507,27903890,3749,2843820,84006,18976600
1788987405798009097,30879238,27904161,3749,2844257,84020,18976600
1788987405911857864,30879957,27904398,3749,2844722,84032,18976600
1788987406029223022,30880689,27904656,3749,2845185,84047,18976600
1788987406145551905,30881412,27904899,3749,2845659,84059,18976600
1788987406260643668,30882130,27905153,3749,2846112,84071,18976600
1788987406375122330,30882843,27905401,3749,2846565,84088,18976600
1788987406491517590,30883584,27905668,3749,2847010,84103,18976600
1788987406607267661,30884321,27905911,3749,2847483,84112,18976600
1788987406721976425,30885046,27906157,3749,2847940,84126,18976600
1788987406836200415,30885759,27906425,3749,2848376,84138,18976600
1788987406952838688,30886470,27906673,3749,2848843,84152,18976600
1788987407068890096,30887193,27906953,3749,2849277,84165,18976600
1788987407185436759,30887942,27907178,3749,2849691,84259,18976600
1788987407301315422,30888702,27907415,3749,2850166,84275,18976600
1788987407417544039,30889448,27907696,3749,2850598,84289,18976600
1788987407532817755,30890173,27907963,3749,2851039,84303,18976600
1788987407648349659,30890895,27908226,3749,2851487,84315,18976600
1788987407763695668,30891616,27908490,3749,2851928,84329,18976600
1788987407880301666,30892337,27908737,3749,2852396,84345,18976600
1788987407997982569,30893084,27908976,3749,2852880,84358,18976600
1788987408112771052,30893785,27909224,3749,2853337,84372,18976600
1788987408228116995,30894514,27909463,3749,2853803,84387,18976600
1788987408343160552,30895232,27909703,3749,2854272,84402,18976600
1788987408458843339,30895967,27909943,3749,2854735,84418,18976600
1788987408575069514,30896693,27910187,3749,2855209,84433,18976600
1788987408692566290,30897440,27910486,3749,2855630,84447,18976600
1788987408808392151,30898174,27910741,3749,2856086,84462,18976600
1788987408923527026,30898890,27911005,3749,2856527,84475,18976600
1788987409039033480,30899617,27911256,3749,2856982,84493,18976600
1788987409154186277,30900353,27911529,3749,2857418,84506,18976600
1788987409269714718,30901081,27911745,3749,2857834,84597,18976600
1788987409383335279,30901788,27911996,3749,2858282,84612,18976600
1788987409499313868,30902530,27912249,3749,2858734,84630,18976600
1788987409613047812,30903236,27912505,3749,2859178,84644,18976600
1788987409727972827,30903943,27912760,3749,2859628,84657,18976600
1788987409843903604,30904657,27913010,3749,2860089,84670,18976600
1788987409961160234,30905395,27913258,3749,2860564,84682,18976600
1788987410077819312,30906133,27913516,3749,2861023,84696,18976600
1788987410192351446,30906854,27913764,3749,2861480,84709,18976600
1788987410306700861,30907576,27914026,3749,2861919,84724,18976600
1788987410423075143,30908325,27914270,3749,2862389,84736,18976600
1788987410537418904,30909036,27914528,3749,2862834,84748,18976600
1788987410653030172,30909776,27914755,3749,2863326,84757,18976600
1788987410769798437,30910513,27915015,3749,2863781,84773,18976600
1788987410884493334,30911239,27915276,3749,2864224,84785,18976600
1788987410999529208,30911967,27915540,3749,2864667,84798,18976600
1788987411115190949,30912681,27915816,3749,2865101,84813,18976600
1788987411232370589,30913405,27916095,3749,2865546,84823,18976600
1788987411349042558,30914137,27916351,3749,2866008,84836,18976600
1788987411466174851,30914871,27916610,3749,2866463,84853,18976600
1788987411581088609,30915578,27916862,3749,2866919,84867,18976600
1788987411697305699,30916310,27917126,3749,2867370,84878,18976600
1788987411813291638,30917015,27917402,3749,2867809,84890,18976600
1788987411929057882,30917734,27917650,3749,2868191,84987,18976600
1788987412046114206,30918475,27917893,3749,2868663,85005,18976600
1788987412162684147,30919212,27918142,3749,2869130,85018,18976600
1788987412279245383,30919943,27918410,3749,2869581,85031,18976600
1788987412396904306,30920682,27918665,3749,2870043,85046,18976600
1788987412511572185,30921418,27918919,3749,2870489,85065,18976600
1788987412627237118,30922143,27919159,3749,2870962,85079,18976600
1788987412748320077,30922903,27919441,3749,2871425,85090,18976600
1788987412863987204,30923640,27919698,3749,2871878,85104,18976600
1788987412980906634,30924371,27919951,3749,2872342,85118,18976600
1788987413094606454,30925088,27920208,3749,2872783,85132,18976600
1788987413210364072,30925820,27920477,3749,2873217,85153,18976600
1788987413327637899,30926543,27920704,3749,2873718,85162,18976600
1788987413442663300,30927273,27920954,3749,2874171,85179,18976600
1788987413556756015,30928002,27921200,3749,2874622,85195,18976600
1788987413672455384,30928736,27921458,3749,2875075,85208,18976600
1788987413788734725,30929456,27921715,3749,2875536,85219,18976600
1788987413905531578,30930184,27921976,3749,2875989,85236,18976600
1788987414019685324,30930914,27922267,3749,2876405,85246,18976600
1788987414135161870,30931650,27922525,3749,2876861,85256,18976600
1788987414251830648,30932373,27922778,3749,2877324,85269,18976600
1788987414366080247,30933085,27923044,3749,2877758,85282,18976600
1788987414482283899,30933828,27923310,3749,2878206,85297,18976600
1788987414597731056,30934541,27923565,3749,2878660,85309,18976600
1788987414715005317,30935265,27923779,3749,2879100,85394,18976600
1788987414832431288,30936009,27924039,3749,2879564,85404,18976600
1788987414946199588,30936728,27924306,3749,2879997,85418,18976600
1788987415062109612,30937451,27924590,3749,2880421,85434,18976600
1788987415178552250,30938191,27924849,3749,2880876,85449,18976600
1788987415294385603,30938921,27925093,3749,2881344,85462,18976600
1788987415411818306,30939687,27925333,3749,2881829,85472,18976600
1788987415527889431,30940419,27925606,3749,2882271,85483,18976600
1788987415642546341,30941127,27925864,3749,2882718,85495,18976600
1788987415759988769,30941864,27926112,3749,2883189,85507,18976600
1788987415876557090,30942570,27926356,3749,2883664,85518,18976600
1788987415990893993,30943280,27926622,3749,2884104,85531,18976600
1788987416107075139,30944016,27926873,3749,2884565,85544,18976600
1788987416219979546,30944723,27927133,3749,2885002,85555,18976600
1788987416334083321,30945456,27927383,3749,2885449,85569,18976600
1788987416450028655,30946177,27927622,3749,2885921,85586,18976600
1788987416566770603,30946905,27927889,3749,2886365,85601,18976600
1788987416683105529,30947658,27928118,3749,2886850,85620,18976600
1788987416798076542,30948351,27928375,3749,2887295,85634,18976600
1788987416911675773,30949066,27928643,3749,2887724,85648,18976600
1788987417027153774,30949801,27928902,3749,2888175,85664,18976600
1788987417143509722,30950537,27929154,3749,2888633,85680,18976600
1788987417260117567,30951274,27929403,3749,2889098,85694,18976600
1788987417376059531,30952003,27929616,3749,2889526,85783,18976600
1788987417488693149,30952719,27930312,3749,2889529,85790,19011672
1788987417605628202,30953462,27930672,3749,2889910,85791,19013080
1788987417723604830,30954219,27930753,3749,2890579,85792,19013080
1788987417836480515,30954937,27930807,3749,2891240,85792,19013080
1788987417950656887,30955670,27930892,3749,2891886,85793,19013080
1788987418068660199,30956425,27931043,3749,2892486,85793,19013080
1788987418182996174,30957164,27931077,3749,2893180,85793,19013080
1788987418298896746,30957898,27931224,3749,2893770,85794,19013080
1788987418416975385,30958656,27931360,3749,2894384,85794,19013080
1788987418531016610,30959386,27931444,3749,2895026,85795,19013080
1788987418649081050,30960142,27931533,3749,2895688,85795,19013080
1788987418767017826,30960896,27931613,3749,2896360,85795,19013080
1788987418880878093,30961626,27931692,3749,2897005,85795,19013080
1788987418998906444,30962380,27931822,3749,2897626,85796,19013080
1788987419112886047,30963103,27931847,3749,2898328,85796,19013080
1788987419230343479,30963858,27931977,3749,2898942,85796,19013080
1788987419348255248,30964608,27932084,3749,2899585,85797,19013080
1788987419462542713,30965335,27932147,3749,2900254,85798,19013080
1788987419580452258,30966084,27932237,3749,2900908,85798,19013080
1788987419698385152,30966843,27932333,3749,2901565,85798,19013080
1788987419812300750,30967579,27932418,3749,2902204,85799,19013080
1788987419930255928,30968333,27932551,3749,2902821,85799,19013080
1788987420044235948,30969064,27932573,3749,2903528,85799,19013080
1788987420169294834,30969874,27932712,3749,2904181,85799,19013080
1788987420287252946,30970630,27932811,3749,2904832,85800,19013080
1788987420401331961,30971366,27932879,3749,2905491,85800,19013080
1788987420520010745,30972130,27932971,3749,2906156,85800,19013080
1788987420639005682,30972892,27933062,3749,2906823,85800,19013080
1788987420762375699,30973671,27933139,3749,2907528,85802,19013080
1788987420881003490,30974429,27933285,3749,2908138,85803,19013080
1788987421002005843,30975195,27933422,3749,2908769,85804,19013080
1788987421137232904,30976058,27933558,3749,2909492,85804,19013080
1788987421255680884,30976808,27933699,3749,2910107,85805,19013080
1788987421373848645,30977563,27933850,3749,2910706,85805,19013080
1788987421490491403,30978304,27933871,3749,2911431,85805,19013080
1788987421609703198,30979061,27934005,3749,2912053,85806,19013080
1788987421727795337,30979818,27934076,3749,2912734,85806,19013080
1788987421845747182,30980573,27934218,3749,2913341,85807,19013080
1788987421961379755,30981313,27934385,3749,2913906,85807,19013080
1788987422079270327,30982062,27934520,3749,2914518,85809,19013080
1788987422197269116,30982814,27934638,3749,2915151,85809,19013080
1788987422310979732,30983546,27934664,3749,2915853,85809,19013080
1788987422427916395,30984295,27934792,3749,2916465,85812,19013080
1788987422545791252,30985047,27934892,3749,2917116,85812,19013080
1788987422657755548,30985765,27935035,3749,2917685,85812,19013080
1788987422774381683,30986516,27935197,3749,2918262,85812,19013080
1788987422892357747,30987275,27935318,3749,2918889,85814,19013080
1788987423010366045,30988031,27935441,3749,2919516,85814,19013080
1788987423124310780,30988760,27935479,3749,2920206,85814,19013080
1788987423240831835,30989505,27935601,3749,2920825,85816,19013080
1788987423358727230,30990255,27935712,3749,2921465,85816,19013080
1788987423476182269,30991005,27935852,3749,2922070,85816,19013080
1788987423592637955,30991752,27935978,3749,2922688,85816,19013080
1788987423710706457,30992515,27936106,3749,2923310,85816,19013080
1788987423828892788,30993277,27936233,3749,2923934,85816,19013080
1788987423942890926,30994004,27936270,3749,2924624,85817,19013080
1788987424057279862,30994737,27936416,3749,2925202,85818,19013080
1788987424175271427,30995495,27936546,3749,2925826,85818,19013080
1788987424293081956,30996257,27936730,3749,2926389,85818,19013080
1788987424410154599,30997003,27936877,3749,2926987,85818,19013080
1788987424528200106,30997743,27937020,3749,2927594,85819,19013080
1788987424645778169,30998493,27937175,3749,2928189,85819,19013080
1788987424759965088,30999227,27937204,3749,2928887,85819,19013080
1788987424875522802,30999963,27937327,3749,2929501,85819,19013080
1788987424993426837,31000719,27937414,3749,2930163,85819,19013080
1788987425108693447,31001451,27937525,3749,2930784,85822,19013080
1788987425222543816,31002179,27937645,3749,2931391,85822,19013080
1788987425340833219,31002939,27937790,3749,2931995,85823,19013080
1788987425458105572,31003689,27937921,3749,2932608,85823,19013080
1788987425572488222,31004420,27937947,3749,2933315,85823,19013080
1788987425686720555,31005151,27938069,3749,2933916,85824,19013080
1788987425804973098,31005905,27938190,3749,2934546,85824,19013080
1788987425923558638,31006665,27938335,3749,2935156,85825,19013080
1788987426041790269,31007412,27938440,3749,2935804,85825,19013080
1788987426159677153,31008169,27938597,3749,2936395,85825,19013080
1788987426274871040,31008907,27938752,3749,2936972,85825,19013080
1788987426388678801,31009630,27938784,3749,2937666,85826,19013080
1788987426502320442,31010358,27938911,3749,2938259,85826,19013080
1788987426620567591,31011106,27939033,3749,2938893,85826,19013080
1788987426738608518,31011874,27939166,3749,2939511,85826,19013080
1788987426856840574,31012638,27939259,3749,2940169,85826,19013080
1788987426975029868,31013398,27939404,3749,2940775,85826,19013080
1788987427090705582,31014134,27939561,3749,2941355,85827,19013080
1788987427223702818,31014985,27939633,3749,2942128,85827,19013080
1788987427335838896,31015707,27939794,3749,2942680,85828,19013080
1788987427453838226,31016458,27939937,3749,2943287,85828,19013080
1788987427571189303,31017210,27940082,3749,2943886,85829,19013080
1788987427689047673,31017962,27940169,3749,2944552,85829,19013080
1788987427804263919,31018688,27940288,3749,2945163,85831,19013080
1788987427918340918,31019410,27940395,3749,2945780,85831,19013080
1788987428032890483,31020148,27940449,3749,2946459,85831,19013080
1788987428149446381,31020897,27940575,3749,2947072,85831,19013080
1788987428267762776,31021652,27940723,3749,2947678,85832,19013080
1788987428382549580,31022384,27940849,3749,2948282,85834,19013080
1788987428500848025,31023138,27940982,3749,2948900,85835,19013080
1788987428618884983,31023883,27941124,3749,2949506,85837,19013080
1788987428736880407,31024638,27941210,3749,2950171,85837,19013080
1788987428851396184,31025376,27941277,3749,2950829,85837,19013080
1788987428969228050,31026125,27941361,3749,2951496,85838,19013080
1788987429085911213,31026865,27941508,3749,2952093,85838,19013080
1788987429202675923,31027605,27941624,3749,2952717,85841,19013080
1788987429320828792,31028366,27941776,3749,2953315,85841,19013080
1788987429437133038,31029106,27941903,3749,2953926,85842,19013080
1788987429555359817,31029863,27941976,3749,2954605,85842,19013080
1788987429669477351,31030594,27942039,3749,2955267,85843,19013080
1788987429787111467,31031350,27942126,3749,2955930,85843,19013080
1788987429905874800,31032113,27942287,3749,2956524,85844,19013080
1788987430024239640,31032863,27942372,3749,2957190,85845,19013080
1788987430142266296,31033623,27942527,3749,2957784,85845,19013080
1788987430259547369,31034370,27942638,3749,2958424,85846,19013080
1788987430377780030,31035123,27942708,3749,2959106,85846,19013080
1788987430492311525,31035857,27942783,3749,2959756,85846,19013080
1788987430610348959,31036612,27942888,3749,2960402,85846,19013080
1788987430728330250,31037367,27943025,3749,2961018,85847,19013080
1788987430844872039,31038112,27943109,3749,2961675,85847,19013080
1788987430964570386,31038862,27943265,3749,2962280,85848,19013080
1788987431082872163,31039625,27943350,3749,2962945,85850,19013080
1788987431200856095,31040377,27943431,3749,2963616,85850,19013080
1788987431315410163,31041113,27943512,3749,2964259,85851,19013080
1788987431433592385,31041868,27943664,3749,2964864,85851,19013080
1788987431551576717,31042632,27943834,3749,2965443,85851,19013080
1788987431669650633,31043389,27943958,3749,2966071,85851,19013080
1788987431785483547,31044127,27944119,3749,2966645,85853,19013080
1788987431903758564,31044885,27944208,3749,2967307,85853,19013080
1788987432021735040,31045641,27944293,3749,2967975,85853,19013080
1788987432135829223,31046384,27944376,3749,2968616,85853,19013080
1788987432253920296,31047140,27944503,3749,2969240,85853,19013080
1788987432371908464,31047895,27944628,3749,2969864,85855,19013080
1788987432490204041,31048647,27944741,3749,2970501,85855,19013080
1788987432607799546,31049399,27944864,3749,2971127,85855,19013080
1788987432725694227,31050156,27944975,3749,2971768,85855,19013080
1788987432839930684,31050889,27945037,3749,2972433,85855,19013080
1788987432953853092,31051615,27945128,3749,2973065,85857,19013080
1788987433071804203,31052361,27945254,3749,2973690,85857,19013080
1788987433189669690,31053113,27945410,3749,2974284,85857,19013080
1788987433307495753,31053863,27945548,3749,2974896,85857,19013080
1788987433425299162,31054620,27945689,3749,2975498,85858,19013080
1788987433543163846,31055367,27945808,3749,2976131,85859,19013080
1788987433657571758,31056099,27945832,3749,2976839,85859,19013080
1788987433772209930,31056830,27945905,3749,2977490,85860,19013080
1788987433889822880,31057584,27946022,3749,2978124,85860,19013080
1788987434007481022,31058331,27946154,3749,2978737,85861,19013080
1788987434125505156,31059084,27946299,3749,2979344,85864,19013080
1788987434243436149,31059827,27946431,3749,2979954,85866,19013080
1788987434361498576,31060586,27946551,3749,2980585,85866,19013080
1788987434475649300,31061316,27946572,3749,2981298,85866,19013080
1788987434591005075,31062054,27946664,3749,2981937,85866,19013080
1788987434709090974,31062810,27946785,3749,2982567,85866,19013080
1788987434826583528,31063566,27946926,3749,2983175,85867,19013080
1788987434944698390,31064322,27947076,3749,2983776,85867,19013080
1788987435062830506,31065081,27947212,3749,2984389,85869,19013080
1788987435181144235,31065837,27947381,3749,2984971,85869,19013080
1788987435297215133,31066579,27947429,3749,2985663,85869,19013080
1788987435416196414,31067340,27947553,3749,2986296,85869,19013080
1788987435532981898,31068090,27947638,3749,2986953,85870,19013080
1788987435650991024,31068846,27947771,3749,2987570,85870,19013080
1788987435768112195,31069601,27947893,3749,2988191,85872,19013080
1788987435886171829,31070358,27948038,3749,2988795,85874,19013080
1788987436004192478,31071113,27948185,3749,2989398,85874,19013080
1788987436118436945,31071841,27948215,3749,2990095,85874,19013080
1788987436233380759,31072560,27948357,3749,2990683,85875,19013080
1788987436351363782,31073309,27948441,3749,2991353,85876,19013080
1788987436467924938,31074040,27948558,3749,2991976,85877,19013080
1788987436582148713,31074776,27948674,3749,2992586,85877,19013080
1788987436700341228,31075539,27948816,3749,2993193,85877,19013080
1788987436818710136,31076295,27948967,3749,2993799,85877,19013080
1788987436932994302,31077033,27949024,3749,2994469,85877,19013080
1788987437048299269,31077777,27949161,3749,2995062,85878,19013080
1788987437166657387,31078527,27949235,3749,2995745,85878,19013080
1788987437280845824,31079259,27949309,3749,2996397,85879,19013080
1788987437399204135,31080009,27949407,3749,2997050,85880,19013080
1788987437513028917,31080737,27949476,3749,2997705,85880,19013080
1788987437627282249,31081473,27949575,3749,2998330,85881,19013080
1788987437745195736,31082223,27949717,3749,2998939,85881,19013080
1788987437859291004,31082952,27949773,3749,2999611,85881,19013080
1788987437974736490,31083685,27949905,3749,3000214,85882,19013080
1788987438092749136,31084442,27950012,3749,3000858,85882,19013080
1788987438206554249,31085171,27950079,3749,3001517,85883,19013080
1788987438325115292,31085927,27950211,3749,3002135,85883,19013080
1788987438443122773,31086686,27950321,3749,3002777,85883,19013080
1788987438557407967,31087407,27950441,3749,3003381,85885,19013080
1788987438675527528,31088163,27950602,3749,3003976,85885,19013080
1788987438789642306,31088892,27950661,3749,3004645,85885,19013080
1788987438905444275,31089636,27950759,3749,3005281,85885,19013080
1788987439020558878,31090369,27950867,3749,3005907,85885,19013080
1788987439135137802,31091104,27950922,3749,3006580,85885,19013080
1788987439252386601,31091856,27951031,3749,3007215,85885,19013080
1788987439370374592,31092609,27951102,3749,3007896,85885,19013080
1788987439484709099,31093338,27951178,3749,3008549,85887,19013080
1788987439602966810,31094104,27951297,3749,3009160,85907,19013080
1788987439717845439,31094840,27951319,3749,3009873,85907,19013080
1788987439833715262,31095580,27951477,3749,3010356,86001,19013080
1788987439948318917,31096310,27951759,3749,3010779,86016,19013080
1788987440063251212,31097036,27952016,3749,3011223,86030,19013080
1788987440178971548,31097769,27952278,3749,3011670,86047,19013080
1788987440293455089,31098468,27952548,3749,3012099,86064,19013080
1788987440408653063,31099197,27952805,3749,3012546,86080,19013080
1788987440521483179,31099910,27953064,3749,3012986,86089,19013080
1788987440635434420,31100616,27953327,3749,3013422,86105,19013080
1788987440750350610,31101322,27953595,3749,3013858,86119,19013080
1788987440865356828,31102048,27953895,3749,3014267,86130,19013080
1788987440981500402,31102773,27954170,3749,3014712,86139,19013080
1788987441097386415,31103490,27954432,3749,3015155,86160,19013080
1788987441214295419,31104224,27954677,3749,3015630,86172,19013080
1788987441328794510,31104928,27954938,3749,3016075,86183,19013080
1788987441444068034,31105628,27955199,3749,3016525,86193,19013080
1788987441560022131,31106373,27955453,3749,3016982,86205,19013080
1788987441675994934,31107091,27955721,3749,3017421,86223,19013080
1788987441791994833,31107820,27956016,3749,3017842,86235,19013080
1788987441908691056,31108544,27956273,3749,3018305,86247,19013080
1788987442025416140,31109289,27956531,3749,3018770,86256,19013080
1788987442140642974,31110013,27956792,3749,3019214,86271,19013080
1788987442256968741,31110743,27957044,3749,3019670,86288,19013080
1788987442370651184,31111466,27957297,3749,3020116,86300,19013080
1788987442487001799,31112211,27957544,3749,3020585,86314,19013080
1788987442601679060,31112932,27957806,3749,3021033,86324,19013080
1788987442717326345,31113674,27958067,3749,3021477,86340,19013080
1788987442833715915,31114400,27958357,3749,3021904,86353,19013080
1788987442949038385,31115130,27958610,3749,3022359,86367,19013080
1788987443064092759,31115843,27958952,3749,3022728,86377,19013080
1788987443179111250,31116560,27959235,3749,3023156,86388,19013080
1788987443298199606,31117321,27959531,3749,3023599,86396,19013080
1788987443412360292,31118023,27959822,3749,3024010,86409,19013080
1788987443528928667,31118759,27960098,3749,3024451,86422,19013080
1788987443644423606,31119481,27960347,3749,3024912,86435,19013080
1788987443757995906,31120190,27960606,3749,3025347,86450,19013080
1788987443874441155,31120924,27960890,3749,3025780,86463,19013080
1788987443992467354,31121674,27961156,3749,3026243,86475,19013080
1788987444107520560,31122390,27961426,3749,3026681,86486,19013080
1788987444222528951,31123111,27961678,3749,3027135,86502,19013080
1788987444337825447,31123827,27961950,3749,3027566,86519,19013080
1788987444451184494,31124523,27962214,3749,3028000,86530,19013080
1788987444564850318,31125237,27962464,3749,3028450,86544,19013080
1788987444679653475,31125949,27962757,3749,3028865,86556,19013080
1788987444795097006,31126662,27963005,3749,3029328,86567,19013080
1788987444910805120,31127395,27963314,3749,3029731,86579,19013080
1788987445028246211,31128134,27963587,3749,3030180,86593,19013080
1788987445141886185,31128844,27963831,3749,3030630,86609,19013080
1788987445255717017,31129555,27964139,3749,3031028,86618,19013080
1788987445371170720,31130270,27964421,3749,3031453,86634,19013080
1788987445486970588,31131013,27964674,3749,3031905,86653,19013080
1788987445602096379,31131739,27964946,3749,3032341,86665,19013080
1788987445719256550,31132443,27965198,3749,3032804,86682,19013080
1788987445835561630,31133162,27965462,3749,3033257,86694,19013080
1788987445951639918,31133899,27965718,3749,3033716,86705,19013080
1788987446066441288,31134609,27965981,3749,3034159,86720,19013080
1788987446180621325,31135331,27966244,3749,3034589,86739,19013080
1788987446297792333,31136074,27966487,3749,3035058,86759,19013080
1788987446414666076,31136810,27966753,3749,3035513,86770,19013080
1788987446527902507,31137532,27967012,3749,3035952,86782,19013080
1788987446643782850,31138269,27967267,3749,3036415,86791,19013080
1788987446758052772,31139007,27967518,3749,3036863,86809,19013080
1788987446874133829,31139747,27967780,3749,3037313,86820,19013080
1788987446989514504,31140480,27968050,3749,3037750,86836,19013080
1788987447105505828,31141219,27968358,3749,3038149,86855,19013080
1788987447219413253,31141947,27968612,3749,3038595,86870,19013080
1788987447335369502,31142678,27968850,3749,3039075,86880,19013080
1788987447451263469,31143397,27969105,3749,3039524,86899,19013080
1788987447567716924,31144146,27969350,3749,3039991,86915,19013080
1788987447684541633,31144859,27969606,3749,3040452,86929,19013080
1788987447800189753,31145595,27969860,3749,3040906,86942,19013080
1788987447916288341,31146311,27970167,3749,3041319,86954,19013080
1788987448035795568,31147077,27970418,3749,3041801,86969,19013080
1788987448150227995,31147809,27970670,3749,3042240,86991,19013080
1788987448265352787,31148527,27970930,3749,3042683,87007,19013080
1788987448380747522,31149253,27971185,3749,3043137,87021,19013080
1788987448496692782,31149963,27971434,3749,3043594,87042,19013080
1788987448611007577,31150687,27971672,3749,3044067,87051,19013080
1788987448727340504,31151401,27971944,3749,3044508,87063,19013080
1788987448841897291,31152110,27972216,3749,3044939,87076,19013080
1788987448957565037,31152823,27972483,3749,3045382,87088,19013080
1788987449072695582,31153533,27972749,3749,3045825,87101,19013080
1788987449189276375,31154256,27973002,3749,3046288,87114,19013080
1788987449305321498,31154974,27973260,3749,3046750,87122,19013080
1788987449421544431,31155725,27973549,3749,3047173,87136,19013080
1788987449535149028,31156439,27973812,3749,3047605,87153,19013080
1788987449651275600,31157177,27974076,3749,3048050,87169,19013080
1788987449766369531,31157887,27974331,3749,3048502,87183,19013080
1788987449882410211,31158615,27974598,3749,3048945,87199,19013080
1788987449998631388,31159357,27974855,3749,3049409,87208,19013080
1788987450115440104,31160102,27975116,3749,3049865,87223,19013080
1788987450230568466,31160816,27975373,3749,3050309,87241,19013080
1788987450347670461,31161528,27975638,3749,3050760,87259,19013080
1788987450462074333,31162245,27975907,3749,3051191,87273,19013080
1788987450576915595,31162973,27976245,3749,3051564,87283,19013080
1788987450691760871,31163684,27976495,3749,3052018,87298,19013080
1788987450808772145,31164391,27976737,3749,3052496,87309,19013080
1788987450922848059,31165122,27977035,3749,3052899,87325,19013080
1788987451037210296,31165861,27977305,3749,3053328,87339,19013080
1788987451153235648,31166597,27977581,3749,3053764,87356,19013080
1788987451268999046,31167327,27977858,3749,3054197,87367,19013080
1788987451385369065,31168073,27978102,3749,3054670,87381,19013080
1788987451500734514,31168800,27978356,3749,3055126,87393,19013080
1788987451616176341,31169516,27978607,3749,3055576,87414,19013080
1788987451731359352,31170243,27978865,3749,3056026,87425,19013080
1788987451846997685,31170967,27979117,3749,3056482,87439,19013080
1788987451962109520,31171717,27979356,3749,3056958,87450,19013080
1788987452080371789,31172454,27979607,3749,3057430,87464,19013080
1788987452196674942,31173191,27979870,3749,3057880,87480,19013080
1788987452310527209,31173890,27980135,3749,3058309,87497,19013080
1788987452427650198,31174626,27980384,3749,3058778,87512,19013080
1788987452542604951,31175366,27980640,3749,3059224,87530,19013080
1788987452656903544,31176080,27980908,3749,3059660,87541,19013080
1788987452772678805,31176816,27981172,3749,3060104,87559,19013080
1788987452888500422,31177536,27981425,3749,3060559,87575,19013080
1788987453002599228,31178246,27981680,3749,3061008,87585,19013080
1788987453118830128,31178993,27981930,3749,3061473,87598,19013080
1788987453232402194,31179709,27982197,3749,3061902,87611,19013080
1788987453349994891,31180454,27982485,3749,3062340,87622,19013080
1788987453467065062,31181214,27982734,3749,3062805,87641,19013080
1788987453583086877,31181933,27982990,3749,3063260,87656,19013080
1788987453699061106,31182665,27983236,3749,3063724,87670,19013080
1788987453813618192,31183383,27983514,3749,3064151,87684,19013080
1788987453927516713,31184108,27983777,3749,3064589,87697,19013080
1788987454044129680,31184840,27984070,3749,3065018,87704,19013080
1788987454162207410,31185567,27984360,3749,3065456,87716,19013080
1788987454277687339,31186275,27984620,3749,3065903,87731,19013080
1788987454392214412,31186997,27984908,3749,3066310,87752,19013080
1788987454509089545,31187729,27985171,3749,3066771,87762,19013080
1788987454623817493,31188437,27985424,3749,3067212,87782,19013080
1788987454737433033,31189170,27985654,3749,3067685,87793,19013080
1788987454854017699,31189900,27985906,3749,3068149,87806,19013080
1788987454971644170,31190646,27986166,3749,3068611,87817,19013080
1788987455087673759,31191370,27986421,3749,3069065,87833,19013080
1788987455204454429,31192089,27986686,3749,3069517,87849,19013080
1788987455319113212,31192814,27986966,3749,3069941,87860,19013080
1788987455435764859,31193537,27987208,3749,3070419,87872,19013080
1788987455550098499,31194251,27987459,3749,3070872,87882,19013080
1788987455666849711,31194984,27987737,3749,3071314,87896,19013080
1788987455782358356,31195708,27987991,3749,3071766,87909,19013080
1788987455898566991,31196421,27988251,3749,3072222,87921,19013080
1788987456014412560,31197145,27988478,3749,3072711,87931,19013080
1788987456127700697,31197846,27988725,3749,3073162,87943,19013080
1788987456243178343,31198558,27989008,3749,3073589,87957,19013080
1788987456359575506,31199299,27989324,3749,3073986,87971,19013080
1788987456474776063,31200013,27989580,3749,3074438,87984,19013080
1788987456589763570,31200720,27989841,3749,3074883,87997,19013080
1788987456706434384,31201464,27990081,3749,3075362,88011,19013080
1788987456822238092,31202203,27990342,3749,3075810,88025,19013080
1788987456937701594,31202933,27990594,3749,3076263,88044,19013080
1788987457053927509,31203669,27990862,3749,3076710,88055,19013080
1788987457169202043,31204385,27991117,3749,3077163,88068,19013080
1788987457284074203,31205083,27991381,3749,3077605,88083,19013080
1788987457399907232,31205828,27991623,3749,3078074,88096,19013080
1788987457515631773,31206559,27991870,3749,3078538,88110,19013080
1788987457632168613,31207292,27992131,3749,3078992,88125,19013080
1788987457747003631,31208019,27992387,3749,3079435,88143,19013080
1788987457862456231,31208740,27992648,3749,3079885,88155,19013080
1788987457977073372,31209475,27992906,3749,3080333,88168,19013080
1788987458095556414,31210219,27993179,3749,3080794,88176,19013080
1788987458210748027,31210937,27993446,3749,3081232,88191,19013080
1788987458327094254,31211684,27993725,3749,3081668,88206,19013080
1788987458441589153,31212400,27993983,3749,3082112,88218,19013080
1788987458556030999,31213140,27994256,3749,3082538,88235,19013080
1788987458672725494,31213861,27994518,3749,3082996,88247,19013080
1788987458789231290,31214581,27994766,3749,3083468,88257,19013080
1788987458903904680,31215279,27995018,3749,3083919,88271,19013080
1788987459021374003,31216023,27995275,3749,3084380,88287,19013080
1788987459136446343,31216751,27995528,3749,3084834,88301,19013080
1788987459251321433,31217480,27995787,3749,3085281,88316,19013080
1788987459368155344,31218239,27996055,3749,3085728,88329,19013080
1788987459486995483,31218993,27996303,3749,3086214,88340,19013080
1788987459603227408,31219729,27996552,3749,3086678,88355,19013080
1788987459719249230,31220454,27996806,3749,3087134,88370,19013080
1788987459833839074,31221186,27997060,3749,3087581,88387,19013080
1788987459948633752,31221882,27997328,3749,3088019,88400,19013080
1788987460065531620,31222612,27997601,3749,3088467,88413,19013080
1788987460183244226,31223347,27997868,3749,3088928,88422,19013080
1788987460297007572,31224065,27998117,3749,3089376,88437,19013080
1788987460412471610,31224790,27998369,3749,3089833,88451,19013080
1788987460527921859,31225519,27998632,3749,3090277,88466,19013080
1788987460644533591,31226246,27998898,3749,3090730,88478,19013080
1788987460760104310,31226989,27999122,3749,3091219,88490,19013080
1788987460875026355,31227721,27999384,3749,3091663,88503,19013080
1788987460990374213,31228455,27999660,3749,3092095,88519,19013080
1788987461105088886,31229179,27999916,3749,3092536,88536,19013080
1788987461222533918,31229908,28000190,3749,3092985,88550,19013080
1788987461338058644,31230637,28000442,3749,3093437,88569,19013080
1788987461452457151,31231341,28000709,3749,3093874,88582,19013080
1788987461569085090,31232088,28000972,3749,3094328,88598,19013080
1788987461684860317,31232800,28001228,3749,3094779,88611,19013080
1788987461800081797,31233517,28001487,3749,3095225,88626,19013080
1788987461916008891,31234246,28001726,3749,3095695,88642,19013080
1788987462032602727,31234974,28001980,3749,3096157,88657,19013080
1788987462148309950,31235711,28002252,3749,3096600,88669,19013080
1788987462264626286,31236450,28002505,3749,3097058,88685,19013080
1788987462379105044,31237160,28002764,3749,3097498,88699,19013080
1788987462494831089,31237903,28003027,3749,3097947,88710,19013080
1788987462610316676,31238620,28003283,3749,3098402,88724,19013080
1788987462723486393,31239327,28003531,3749,3098846,88739,19013080
1788987462838466918,31240050,28003760,3749,3099333,88747,19013080
1788987462955596463,31240787,28004020,3749,3099795,88758,19013080
1788987463071046358,31241525,28004276,3749,3100244,88773,19013080
1788987463186209926,31242244,28004531,3749,3100693,88788,19013080
1788987463302604184,31242970,28004795,3749,3101142,88804,19013080
1788987463418345719,31243696,28005066,3749,3101583,88817,19013080
1788987463537242926,31244464,28005340,3749,3102041,88832,19013080
1788987463652345585,31245181,28005589,3749,3102496,88845,19013080
1788987463768079755,31245895,28005828,3749,3102968,88859,19013080
1788987463882231839,31246621,28006076,3749,3103427,88869,19013080
1788987463997708594,31247345,28006337,3749,3103873,88881,19013080
1788987464114077129,31248065,28006570,3749,3104358,88891,19013080
1788987464230023520,31248779,28006839,3749,3104803,88903,19013080
1788987464345038030,31249490,28007102,3749,3105244,88920,19013080
1788987464460226817,31250212,28007343,3749,3105709,88935,19013080
1788987464584770651,31251018,28007617,3749,3106192,88956,19013080
1788987464700272234,31251725,28007881,3749,3106638,88969,19013080
1788987464813514241,31252440,28008134,3749,3107083,88982,19013080
1788987464929762395,31253169,28008453,3749,3107483,88991,19013080
1788987465044588475,31253898,28008716,3749,3107923,89007,19013080
1788987465161987715,31254637,28009003,3749,3108357,89020,19013080
1788987465276234251,31255345,28009264,3749,3108801,89030,19013080
1788987465391782778,31256085,28009539,3749,3109235,89045,19013080
1788987465505688047,31256791,28009778,3749,3109701,89054,19013080
1788987465621867027,31257524,28010033,3749,3110157,89072,19013080
1788987465737493546,31258248,28010317,3749,3110582,89088,19013080
1788987465853274981,31258987,28010558,3749,3111050,89101,19013080
1788987465969034915,31259720,28010834,3749,3111486,89113,19013080
1788987466085874479,31260436,28011086,3749,3111954,89124,19013080
1788987466204168229,31261192,28011358,3749,3112406,89141,19013080
1788987466319869885,31261911,28011611,3749,3112858,89160,19013080
1788987466433828479,31262633,28011872,3749,3113300,89173,19013080
1788987466550577150,31263351,28012145,3749,3113743,89187,19013080
1788987466665322210,31264076,28012394,3749,3114196,89201,19013080
1788987466781998380,31264798,28012644,3749,3114668,89215,19013080
1788987466900049987,31265536,28012912,3749,3115119,89231,19013080
1788987467014908397,31266256,28013179,3749,3115557,89245,19013080
1788987467130383597,31266991,28013445,3749,3116003,89256,19013080
1788987467246516737,31267714,28013711,3749,3116450,89270,19013080
1788987467360995405,31268442,28013991,3749,3116871,89286,19013080
1788987467478133757,31269183,28014221,3749,3117366,89294,19013080
1788987467595475585,31269929,28014484,3749,3117817,89315,19013080
1788987467708999562,31270628,28014748,3749,3118249,89328,19013080
1788987467825258754,31271354,28014991,3749,3118722,89343,19013080
1788987467939670308,31272073,28015238,3749,3119170,89360,19013080
1788987468054730659,31272787,28015489,3749,3119623,89377,19013080
1788987468172825891,31273548,28015768,3749,3120070,89391,19013080
1788987468289584261,31274286,28016021,3749,3120535,89405,19013080
1788987468403681373,31275017,28016286,3749,3120965,89423,19013080
1788987468520417365,31275774,28016537,3749,3121428,89442,19013080
1788987468636319586,31276501,28016807,3749,3121866,89457,19013080
1788987468751553803,31277235,28017047,3749,3122332,89473,19013080
1788987468867100462,31277977,28017289,3749,3122801,89486,19013080
1788987468981894742,31278700,28017548,3749,3123253,89496,19013080
1788987469096473296,31279430,28017822,3749,3123684,89509,19013080
1788987469212217138,31280162,28018099,3749,3124112,89525,19013080
1788987469328656672,31280887,28018363,3749,3124559,89544,19013080
1788987469443630663,31281583,28018623,3749,3125008,89555,19013080
1788987469560535789,31282343,28018860,3749,3125488,89568,19013080
1788987469676199943,31283066,28019128,3749,3125930,89582,19013080
1788987469791788383,31283787,28019382,3749,3126388,89595,19013080
1788987469907056662,31284507,28019644,3749,3126831,89609,19013080
1788987470024036804,31285249,28019916,3749,3127275,89623,19013080
1788987470139368742,31285970,28020173,3749,3127731,89636,19013080
1788987470256223730,31286705,28020425,3749,3128194,89650,19013080
1788987470370551339,31287415,28020699,3749,3128627,89660,19013080
1788987470486095592,31288128,28020948,3749,3129086,89675,19013080
1788987470600115734,31288840,28021208,3749,3129522,89691,19013080
1788987470714192261,31289564,28021468,3749,3129962,89705,19013080
1788987470831123413,31290309,28021729,3749,3130429,89716,19013080
1788987470947501332,31291037,28021999,3749,3130874,89728,19013080
1788987471064302263,31291796,28022255,3749,3131333,89746,19013080
1788987471180696962,31292522,28022527,3749,3131776,89755,19013080
1788987471297317718,31293258,28022794,3749,3132224,89770,19013080
1788987471413689972,31293991,28023067,3749,3132666,89783,19013080
1788987471529329509,31294733,28023305,3749,3133144,89794,19013080
1788987471645160313,31295465,28023568,3749,3133589,89810,19013080
1788987471762241209,31296182,28023828,3749,3134049,89822,19013080
1788987471876620635,31296899,28024083,3749,3134495,89837,19013080
1788987471991687270,31297611,28024333,3749,3134947,89855,19013080
1788987472108060170,31298347,28024596,3749,3135402,89865,19013080
1788987472222875192,31299090,28024871,3749,3135839,89873,19013080
1788987472338315378,31299810,28025173,3749,3136254,89884,19013080
1788987472453464687,31300522,28025441,3749,3136692,89896,19013080
1788987472568744532,31301261,28025704,3749,3137134,89912,19013080
1788987472683892077,31301988,28025976,3749,3137564,89930,19013080
1788987472799829357,31302720,28026229,3749,3138016,89949,19013080
1788987472914227892,31303431,28026640,3749,3138316,89957,19024216
1788987473026761636,31304148,28027251,3749,3138410,89962,19046872
1788987473140807124,31304874,28027382,3749,3139003,89963,19046872
1788987473258609455,31305629,28027467,3749,3139669,89964,19046872
1788987473372804457,31306355,28027527,3749,3140334,89964,19046872
1788987473490895879,31307111,28027629,3749,3140984,89964,19046872
1788987473606223541,31307850,28027688,3749,3141657,89965,19046872
1788987473720750800,31308583,28027762,3749,3142313,89967,19046872
1788987473836656642,31309325,28027884,3749,3142929,89967,19046872
1788987473950715748,31310060,28027938,3749,3143599,89969,19046872
1788987474068405029,31310816,28028046,3749,3144235,89969,19046872
1788987474186432064,31311570,28028139,3749,3144893,89970,19046872
1788987474300445874,31312297,28028226,3749,3145527,89974,19046872
1788987474418390074,31313047,28028359,3749,3146145,89974,19046872
1788987474532504881,31313779,28028383,3749,3146854,89974,19046872
1788987474647767675,31314512,28028529,3749,3147439,89975,19046872
1788987474765674846,31315266,28028625,3749,3148095,89975,19046872
1788987474879634223,31315991,28028710,3749,3148734,89975,19046872
1788987474997895224,31316750,28028856,3749,3149339,89975,19046872
1788987475112012227,31317480,28028909,3749,3150013,89975,19046872
1788987475229955500,31318239,28029046,3749,3150625,89976,19046872
1788987475348300870,31318995,28029131,3749,3151291,89976,19046872
1788987475462800140,31319720,28029205,3749,3151949,89977,19046872
1788987475580860813,31320481,28029285,3749,3152620,89977,19046872
1788987475693754677,31321204,28029358,3749,3153267,89977,19046872
1788987475808299901,31321936,28029445,3749,3153904,89978,19046872
1788987475926174383,31322695,28029578,3749,3154522,89978,19046872
1788987476040680526,31323418,28029633,3749,3155200,89978,19046872
1788987476157273563,31324167,28029737,3749,3155834,89979,19046872
1788987476275158069,31324917,28029908,3749,3156415,89979,19046872
1788987476390612307,31325652,28030067,3749,3156991,89980,19046872
1788987476508906571,31326405,28030234,3749,3157576,89980,19046872
1788987476627016461,31327170,28030358,3749,3158200,89981,19046872
1788987476744856524,31327925,28030442,3749,3158867,89981,19046872
1788987476858995757,31328647,28030517,3749,3159519,89982,19046872
1788987476976517031,31329400,28030619,3749,3160165,89982,19046872
1788987477094162529,31330155,28030803,3749,3160725,89984,19046872
1788987477211564451,31330905,28030905,3749,3161374,89984,19046872
1788987477329461664,31331656,28031081,3749,3161941,89985,19046872
1788987477447632310,31332408,28031167,3749,3162612,89985,19046872
1788987477565629450,31333163,28031242,3749,3163289,89985,19046872
1788987477680023564,31333891,28031327,3749,3163928,89986,19046872
1788987477797995112,31334637,28031450,3749,3164556,89986,19046872
1788987477916074675,31335397,28031587,3749,3165168,89987,19046872
1788987478034208449,31336155,28031733,3749,3165773,89987,19046872
1788987478152045160,31336917,28031895,3749,3166361,89987,19046872
1788987478269879675,31337672,28032021,3749,3166986,89987,19046872
1788987478385087363,31338412,28032057,3749,3167684,89987,19046872
1788987478501979344,31339158,28032177,3749,3168307,89988,19046872
1788987478619927510,31339914,28032296,3749,3168939,89989,19046872
1788987478737910906,31340664,28032417,3749,3169564,89990,19046872
1788987478855905435,31341416,28032522,3749,3170211,89991,19046872
1788987478970833127,31342156,28032670,3749,3170793,89991,19046872
1788987479088982548,31342916,28032754,3749,3171461,89991,19046872
1788987479203571802,31343648,28032819,3749,3172126,89993,19046872
1788987479321362590,31344402,28032905,3749,3172785,89993,19046872
1788987479439521318,31345152,28033061,3749,3173383,89994,19046872
1788987479557817974,31345908,28033147,3749,3174048,89995,19046872
1788987479675257323,31346651,28033324,3749,3174615,89996,19046872
1788987479793656971,31347404,28033422,3749,3175273,89996,19046872
1788987479911809283,31348165,28033505,3749,3175941,89997,19046872
1788987480025992292,31348896,28033601,3749,3176568,89997,19046872
1788987480143999734,31349651,28033732,3749,3177188,89997,19046872
1788987480261902379,31350409,28033861,3749,3177810,89998,19046872
1788987480380181177,31351163,28033988,3749,3178433,89998,19046872
1788987480497872863,31351917,28034159,3749,3179013,89998,19046872
1788987480615750899,31352663,28034340,3749,3179582,89998,19046872
1788987480731389362,31353404,28034400,3749,3180256,89998,19046872
1788987480849296430,31354148,28034546,3749,3180859,89999,19046872
1788987480967308902,31354905,28034685,3749,3181472,89999,19046872
1788987481081141157,31355622,28034822,3749,3182059,90000,19046872
1788987481197983076,31356367,28034937,3749,3182686,90000,19046872
1788987481315969052,31357123,28035088,3749,3183284,90003,19046872
1788987481432878249,31357876,28035213,3749,3183902,90003,19046872
1788987481546839498,31358608,28035264,3749,3184578,90003,19046872
1788987481664754603,31359354,28035361,3749,3185232,90004,19046872
1788987481782722125,31360118,28035508,3749,3185834,90005,19046872
1788987481900300315,31360867,28035615,3749,3186472,90005,19046872
1788987482018313498,31361619,28035758,3749,3187078,90006,19046872
1788987482135701151,31362371,28035867,3749,3187720,90006,19046872
1788987482253531510,31363127,28035936,3749,3188402,90007,19046872
1788987482368175055,31363862,28036026,3749,3189037,90007,19046872
1788987482486303393,31364621,28036177,3749,3189637,90007,19046872
1788987482604137436,31365369,28036349,3749,3190214,90008,19046872
1788987482722238381,31366122,28036473,3749,3190841,90008,19046872
1788987482840010744,31366868,28036627,3749,3191435,90010,19046872
1788987482957842877,31367618,28036747,3749,3192066,90011,19046872
1788987483072236254,31368347,28036768,3749,3192772,90011,19046872
1788987483187823793,31369074,28036861,3749,3193415,90012,19046872
1788987483302649084,31369809,28036971,3749,3194038,90012,19046872
1788987483420379364,31370560,28037122,3749,3194630,90013,19046872
1788987483538226755,31371316,28037235,3749,3195268,90013,19046872
1788987483656193739,31372060,28037414,3749,3195838,90014,19046872
1788987483774050883,31372814,28037549,3749,3196454,90014,19046872
1788987483888512334,31373541,28037605,3749,3197128,90014,19046872
1788987484002884420,31374280,28037741,3749,3197720,90014,19046872
1788987484120882076,31375032,28037958,3749,3198253,90014,19046872
1788987484238930753,31375775,28038083,3749,3198879,90015,19046872
1788987484356823564,31376525,28038182,3749,3199531,90015,19046872
1788987484473993323,31377269,28038318,3749,3200137,90016,19046872
1788987484592091668,31378022,28038433,3749,3200773,90016,19046872
1788987484706336930,31378749,28038498,3749,3201434,90017,19046872
1788987484823961055,31379504,28038576,3749,3202107,90018,19046872
1788987484942580577,31380269,28038721,3749,3202716,90019,19046872
1788987485060526650,31381029,28038811,3749,3203377,90019,19046872
1788987485177114293,31381778,28039013,3749,3203914,90019,19046872
1788987485295266884,31382535,28039119,3749,3204557,90019,19046872
1788987485412761122,31383280,28039184,3749,3205244,90019,19046872
1788987485526998764,31384020,28039258,3749,3205894,90019,19046872
1788987485644844725,31384776,28039391,3749,3206512,90020,19046872
1788987485762871464,31385522,28039531,3749,3207122,90020,19046872
1788987485881292903,31386266,28039656,3749,3207746,90021,19046872
1788987485999239191,31387026,28039780,3749,3208374,90022,19046872
1788987486117620396,31387779,28039900,3749,3209010,90022,19046872
1788987486231565014,31388511,28039926,3749,3209711,90022,19046872
1788987486346125481,31389244,28040048,3749,3210313,90022,19046872
1788987486464477999,31390001,28040171,3749,3210947,90022,19046872
1788987486581377624,31390742,28040333,3749,3211522,90023,19046872
1788987486699261529,31391497,28040436,3749,3212173,90023,19046872
1788987486814050630,31392230,28040586,3749,3212752,90025,19046872
1788987486930801112,31392977,28040683,3749,3213398,90025,19046872
1788987487044989406,31393718,28040741,3749,3214065,90025,19046872
1788987487163490473,31394471,28040826,3749,3214738,90025,19046872
1788987487278899622,31395214,28040998,3749,3215295,90026,19046872
1788987487396460322,31395965,28041158,3749,3215880,90026,19046872
1788987487514587665,31396719,28041347,3749,3216447,90027,19046872
1788987487629700847,31397453,28041561,3749,3216964,90028,19046872
1788987487747805375,31398207,28041702,3749,3217575,90028,19046872
1788987487862070930,31398936,28041829,3749,3218173,90029,19046872
1788987487977333696,31399670,28041996,3749,3218737,90029,19046872
1788987488093224411,31400413,28042217,3749,3219253,90029,19046872
1788987488210170825,31401161,28042311,3749,3219902,90031,19046872
1788987488328177225,31401917,28042472,3749,3220493,90031,19046872
1788987488443891942,31402659,28042596,3749,3221105,90031,19046872
1788987488561849649,31403415,28042692,3749,3221761,90031,19046872
1788987488676209782,31404139,28042767,3749,3222410,90032,19046872
1788987488794268232,31404888,28042875,3749,3223052,90033,19046872
1788987488912342995,31405635,28042992,3749,3223685,90033,19046872
1788987489030489547,31406384,28043102,3749,3224332,90034,19046872
1788987489148417974,31407128,28043217,3749,3224961,90034,19046872
1788987489266415890,31407888,28043334,3749,3225595,90035,19046872
1788987489380397215,31408610,28043360,3749,3226297,90035,19046872
1788987489498320453,31409362,28043489,3749,3226917,90035,19046872
1788987489616165679,31410115,28043592,3749,3227566,90035,19046872
1788987489730372000,31410836,28043719,3749,3228164,90038,19046872
1788987489846232895,31411580,28043839,3749,3228778,90038,19046872
1788987489963975374,31412335,28043974,3749,3229392,90040,19046872
1788987490080081433,31413079,28044114,3749,3229989,90040,19046872
1788987490194493326,31413811,28044162,3749,3230674,90040,19046872
1788987490310915258,31414560,28044262,3749,3231312,90040,19046872
1788987490428908381,31415312,28044418,3749,3231907,90040,19046872
1788987490543462081,31416038,28044556,3749,3232493,90041,19046872
1788987490661436247,31416794,28044710,3749,3233090,90042,19046872
1788987490778835109,31417550,28044874,3749,3233674,90042,19046872
1788987490896702044,31418297,28044969,3749,3234331,90042,19046872
1788987491011569285,31419039,28045044,3749,3234986,90044,19046872
1788987491129549335,31419793,28045163,3749,3235617,90044,19046872
1788987491247929447,31420545,28045317,3749,3236212,90045,19046872
1788987491366002184,31421302,28045403,3749,3236879,90045,19046872
1788987491479860397,31422020,28045582,3749,3237423,90046,19046872
1788987491597296666,31422764,28045684,3749,3238067,90046,19046872
1788987491715591922,31423525,28045775,3749,3238733,90046,19046872
1788987491829880864,31424251,28045850,3749,3239383,90047,19046872
1788987491947831161,31425003,28045983,3749,3240001,90047,19046872
1788987492062116889,31425735,28046022,3749,3240690,90048,19046872
1788987492178450559,31426480,28046130,3749,3241316,90050,19046872
1788987492296644080,31427232,28046237,3749,3241966,90050,19046872
1788987492410751681,31427962,28046320,3749,3242608,90052,19046872
1788987492529156768,31428726,28046459,3749,3243220,90052,19046872
1788987492643015292,31429455,28046492,3749,3243915,90052,19046872
1788987492762049408,31430221,28046651,3749,3244511,90052,19046872
1788987492880003857,31430971,28046735,3749,3245179,90052,19046872
1788987492994180441,31431703,28046802,3749,3245836,90052,19046872
1788987493110784789,31432446,28046894,3749,3246489,90053,19046872
1788987493224423838,31433171,28046960,3749,3247143,90053,19046872
1788987493338733107,31433893,28047058,3749,3247775,90054,19046872
1788987493456837721,31434649,28047208,3749,3248376,90054,19046872
1788987493571492611,31435378,28047250,3749,3249065,90054,19046872
1788987493688363951,31436129,28047372,3749,3249684,90054,19046872
1788987493806368893,31436885,28047442,3749,3250365,90054,19046872
1788987493920750853,31437610,28047518,3749,3251020,90055,19046872
1788987494038586078,31438367,28047619,3749,3251671,90055,19046872
1788987494152665751,31439098,28047644,3749,3252372,90055,19046872
1788987494268736881,31439837,28047757,3749,3252996,90057,19046872
1788987494386769403,31440589,28047831,3749,3253673,90057,19046872
1788987494500740775,31441316,28047918,3749,3254318,90057,19046872
1788987494623254465,31442082,28048200,3749,3254783,90071,19046872
1788987494740309309,31442816,28048468,3749,3255233,90086,19046872
1788987494857675315,31443550,28048735,3749,3255686,90103,19046872
1788987494972601622,31444278,28048978,3749,3256145,90116,19046872
1788987495089150655,31444998,28049233,3749,3256609,90130,19046872
1788987495206789437,31445744,28049462,3749,3257105,90139,19046872
1788987495322703567,31446465,28049730,3749,3257547,90153,19046872
1788987495438630430,31447191,28049982,3749,3258001,90173,19046872
1788987495555411048,31447931,28050231,3749,3258464,90190,19046872
1788987495671290585,31448672,28050479,3749,3258924,90207,19046872
1788987495786922520,31449406,28050733,3749,3259382,90223,19046872
1788987495901868622,31450118,28050988,3749,3259840,90230,19046872
1788987496017638491,31450825,28051243,3749,3260295,90243,19046872
1788987496133390032,31451565,28051498,3749,3260749,90259,19046872
1788987496249350910,31452311,28051743,3749,3261214,90275,19046872
1788987496364224999,31453032,28052015,3749,3261648,90288,19046872
1788987496480208343,31453765,28052294,3749,3262084,90301,19046872
1788987496595875238,31454518,28052550,3749,3262541,90315,19046872
1788987496712328838,31455257,28052838,3749,3262967,90326,19046872
1788987496827406756,31455986,28053114,3749,3263395,90341,19046872
1788987496942429704,31456717,28053372,3749,3263843,90357,19046872
1788987497057718379,31457454,28053624,3749,3264299,90367,19046872
1788987497173472225,31458173,28053884,3749,3264748,90383,19046872
1788987497291703995,31458914,28054154,3749,3265210,90395,19046872
1788987497408685355,31459645,28054424,3749,3265656,90410,19046872
1788987497527391851,31460390,28054714,3749,3266100,90419,19046872
1788987497642335726,31461097,28054988,3749,3266531,90432,19046872
1788987497757450990,31461826,28055265,3749,3266962,90445,19046872
1788987497872699084,31462543,28055535,3749,3267402,90458,19046872
1788987497991110703,31463271,28055812,3749,3267854,90469,19046872
1788987498108042492,31464012,28056079,3749,3268309,90484,19046872
1788987498224738435,31464740,28056342,3749,3268760,90496,19046872
1788987498339318578,31465451,28056603,3749,3269201,90510,19046872
1788987498455770252,31466188,28056928,3749,3269595,90521,19046872
1788987498570524030,31466906,28057189,3749,3270046,90532,19046872
1788987498686666907,31467646,28057474,3749,3270473,90544,19046872
1788987498801688966,31468374,28057731,3749,3270925,90557,19046872
1788987498917425606,31469087,28057989,3749,3271375,90574,19046872
1788987499031917524,31469807,28058246,3749,3271824,90583,19046872
1788987499147372197,31470525,28058484,3749,3272289,90602,19046872
1788987499262604907,31471242,28058735,3749,3272750,90614,19046872
1788987499378173115,31471968,28058987,3749,3273204,90630,19046872
1788987499492545499,31472675,28059284,3749,3273611,90644,19046872
1788987499608267044,31473390,28059566,3749,3274037,90659,19046872
1788987499725326333,31474136,28059815,3749,3274511,90670,19046872
1788987499841226996,31474868,28060078,3749,3274960,90683,19046872
1788987499957730648,31475595,28060326,3749,3275430,90695,19046872
1788987500075496199,31476333,28060603,3749,3275878,90707,19046872
1788987500190876587,31477049,28060861,3749,3276329,90720,19046872
1788987500305291029,31477771,28061172,3749,3276723,90734,19046872
1788987500420283371,31478503,28061451,3749,3277151,90746,19046872
1788987500535307187,31479217,28061705,3749,3277601,90763,19046872
1788987500651327276,31479950,28061945,3749,3278071,90779,19046872
1788987500766649282,31480667,28062203,3749,3278517,90793,19046872
1788987500881855173,31481377,28062475,3749,3278951,90807,19046872
1788987500998817735,31482104,28062742,3749,3279400,90822,19046872
1788987501113966603,31482838,28063004,3749,3279840,90840,19046872
1788987501228016176,31483583,28063248,3749,3280297,90854,19046872
1788987501344846598,31484313,28063517,3749,3280751,90864,19046872
1788987501459530010,31485046,28063825,3749,3281146,90879,19046872
1788987501575969164,31485787,28064090,3749,3281596,90894,19046872
1788987501690920076,31486519,28064355,3749,3282036,90907,19046872
1788987501805663014,31487220,28064627,3749,3282470,90918,19046872
1788987501921073212,31487949,28064865,3749,3282944,90933,19046872
1788987502038464701,31488711,28065120,3749,3283409,90945,19046872
1788987502153759187,31489439,28065357,3749,3283878,90958,19046872
1788987502267600609,31490159,28065600,3749,3284336,90969,19046872
1788987502382871568,31490876,28065876,3749,3284765,90985,19046872
1788987502497401953,31491586,28066131,3749,3285214,90997,19046872
1788987502611309789,31492275,28066354,3749,3285694,91009,19046872
1788987502725482301,31492985,28066659,3749,3286095,91020,19046872
1788987502840494175,31493711,28066909,3749,3286547,91036,19046872
1788987502956824800,31494442,28067157,3749,3287012,91050,19046872
1788987503072659394,31495180,28067413,3749,3287467,91064,19046872
1788987503187550782,31495905,28067664,3749,3287923,91075,19046872
1788987503300846006,31496593,28067899,3749,3288389,91086,19046872
1788987503416310332,31497340,28068207,3749,3288791,91101,19046872
1788987503532027252,31498055,28068478,3749,3289234,91111,19046872
1788987503646809621,31498786,28068733,3749,3289684,91123,19046872
1788987503762085628,31499515,28068972,3749,3290149,91139,19046872
1788987503876997610,31500230,28069231,3749,3290599,91154,19046872
1788987503992354537,31500967,28069523,3749,3291015,91166,19046872
1788987504109620574,31501704,28069786,3749,3291470,91182,19046872
1788987504225552318,31502449,28070038,3749,3291926,91199,19046872
1788987504340922953,31503170,28070302,3749,3292373,91210,19046872
1788987504456597456,31503877,28070568,3749,3292820,91225,19046872
1788987504571024092,31504581,28070841,3749,3293253,91232,19046872
1788987504685518830,31505294,28071072,3749,3293729,91244,19046872
1788987504799857882,31506031,28071348,3749,3294155,91259,19046872
1788987504914976960,31506762,28071609,3749,3294598,91277,19046872
1788987505029062546,31507460,28071868,3749,3295036,91290,19046872
1788987505144393944,31508188,28072118,3749,3295497,91304,19046872
1788987505259304274,31508887,28072391,3749,3295928,91319,19046872
1788987505374625596,31509618,28072693,3749,3296339,91329,19046872
1788987505489801336,31510332,28072953,3749,3296784,91343,19046872
1788987505605881975,31511055,28073240,3749,3297210,91358,19046872
1788987505722473575,31511785,28073492,3749,3297671,91372,19046872
1788987505836401760,31512514,28073741,3749,3298118,91393,19046872
1788987505953391730,31513257,28074010,3749,3298562,91409,19046872
1788987506071829691,31514026,28074266,3749,3299036,91423,19046872
1788987506188915695,31514763,28074531,3749,3299485,91441,19046872
1788987506304990012,31515500,28074809,3749,3299917,91458,19046872
1788987506420513563,31516221,28075053,3749,3300386,91471,19046872
1788987506534142033,31516941,28075333,3749,3300796,91488,19046872
1788987506648892103,31517667,28075575,3749,3301263,91499,19046872
1788987506764426746,31518415,28075852,3749,3301694,91516,19046872
1788987506878727794,31519127,28076102,3749,3302146,91529,19046872
1788987506994018360,31519854,28076352,3749,3302603,91540,19046872
1788987507110770282,31520594,28076606,3749,3303066,91554,19046872
1788987507225897691,31521324,28076878,3749,3303504,91568,19046872
1788987507342246349,31522069,28077144,3749,3303953,91578,19046872
1788987507458629158,31522804,28077444,3749,3304367,91593,19046872
1788987507573552228,31523526,28077697,3749,3304814,91611,19046872
1788987507689303115,31524244,28077947,3749,3305275,91627,19046872
1788987507802911352,31524958,28078208,3749,3305708,91642,19046872
1788987507917573348,31525683,28078476,3749,3306142,91659,19046872
1788987508033576122,31526406,28078722,3749,3306612,91670,19046872
1788987508148197906,31527135,28078976,3749,3307063,91685,19046872
1788987508263158493,31527849,28079236,3749,3307509,91698,19046872
1788987508378048200,31528566,28079487,3749,3307961,91713,19046872
1788987508493994478,31529285,28079732,3749,3308423,91729,19046872
1788987508609704142,31530011,28080004,3749,3308868,91738,19046872
1788987508727851869,31530765,28080280,3749,3309322,91750,19046872
1788987508845557450,31531496,28080556,3749,3309768,91763,19046872
1788987508961075178,31532232,28080803,3749,3310229,91776,19046872
1788987509076481145,31532952,28081061,3749,3310677,91793,19046872
1788987509191003418,31533666,28081324,3749,3311113,91808,19046872
1788987509305630043,31534396,28081580,3749,3311558,91823,19046872
1788987509422992168,31535125,28081825,3749,3312037,91835,19046872
1788987509540060837,31535865,28082076,3749,3312504,91849,19046872
1788987509655598010,31536595,28082333,3749,3312961,91860,19046872
1788987509771152158,31537322,28082613,3749,3313386,91876,19046872
1788987509886696825,31538034,28082870,3749,3313841,91888,19046872
1788987510000929536,31538760,28083121,3749,3314293,91899,19046872
1788987510116645589,31539474,28083353,3749,3314776,91912,19046872
1788987510231662842,31540204,28083607,3749,3315221,91930,19046872
1788987510347062466,31540934,28083862,3749,3315678,91945,19046872
1788987510462355130,31541659,28084108,3749,3316140,91957,19046872
1788987510578072287,31542393,28084370,3749,3316586,91970,19046872
1788987510692193805,31543126,28084599,3749,3317061,91982,19046872
1788987510806489449,31543842,28084875,3749,3317492,91995,19046872
1788987510923313185,31544567,28085131,3749,3317953,92008,19046872
1788987511039387117,31545297,28085405,3749,3318387,92025,19046872
1788987511155195856,31546018,28085654,3749,3318842,92044,19046872
1788987511270617218,31546754,28085915,3749,3319290,92059,19046872
1788987511386396354,31547481,28086176,3749,3319745,92070,19046872
1788987511502140935,31548198,28086460,3749,3320171,92083,19046872
1788987511617024983,31548919,28086715,3749,3320616,92100,19046872
1788987511732987781,31549650,28086961,3749,3321080,92116,19046872
1788987511847805733,31550385,28087229,3749,3321517,92130,19046872
1788987511962474314,31551103,28087486,3749,3321964,92146,19046872
1788987512077820377,31551840,28087734,3749,3322431,92157,19046872
1788987512192073215,31552566,28087997,3749,3322866,92170,19046872
1788987512307050278,31553288,28088250,3749,3323323,92183,19046872
1788987512421594132,31554003,28088516,3749,3323758,92194,19046872
1788987512538508315,31554744,28088760,3749,3324233,92207,19046872
1788987512654226796,31555467,28089037,3749,3324662,92224,19046872
1788987512768329795,31556188,28089310,3749,3325094,92235,19046872
1788987512884040004,31556923,28089572,3749,3325544,92249,19046872
1788987512998537340,31557656,28089839,3749,3325976,92266,19046872
1788987513113504096,31558376,28090094,3749,3326423,92285,19046872
1788987513229260087,31559117,28090362,3749,3326868,92297,19046872
1788987513344732356,31559839,28090625,3749,3327312,92311,19046872
1788987513461993779,31560578,28090860,3749,3327803,92323,19046872
1788987513576701061,31561283,28091111,3749,3328251,92337,19046872
1788987513692284318,31562019,28091385,3749,3328682,92352,19046872
1788987513807453046,31562731,28091627,3749,3329150,92366,19046872
1788987513921628458,31563456,28091962,3749,3329523,92373,19046872
1788987514037673634,31564187,28092283,3749,3329914,92386,19046872
1788987514154031669,31564903,28092526,3749,3330397,92396,19046872
1788987514268602913,31565612,28092780,3749,3330838,92413,19046872
1788987514383415924,31566315,28093023,3749,3331300,92428,19046872
1788987514499099698,31567059,28093281,3749,3331748,92441,19046872
1788987514614996802,31567795,28093540,3749,3332200,92454,19046872
1788987514731059353,31568515,28093801,3749,3332660,92461,19046872
1788987514849474694,31569247,28094082,3749,3333109,92475,19046872
1788987514966718468,31569988,28094346,3749,3333562,92490,19046872
1788987515082823924,31570717,28094599,3749,3334021,92502,19046872
1788987515197480993,31571438,28094858,3749,3334469,92515,19046872
1788987515313055515,31572165,28095108,3749,3334925,92533,19046872
1788987515429756423,31572881,28095346,3749,3335407,92542,19046872
1788987515543855153,31573598,28095611,3749,3335840,92558,19046872
1788987515660071325,31574341,28095855,3749,3336315,92568,19046872
1788987515774361542,31575068,28096111,3749,3336755,92584,19046872
1788987515890642864,31575798,28096376,3749,3337204,92600,19046872
1788987516006218497,31576492,28096636,3749,3337650,92615,19046872
1788987516122822888,31577229,28096883,3749,3338122,92627,19046872
1788987516239051416,31577941,28097151,3749,3338568,92642,19046872
1788987516354502054,31578665,28097434,3749,3338996,92655,19046872
1788987516470202124,31579381,28097713,3749,3339426,92668,19046872
1788987516584770524,31580119,28097981,3749,3339864,92679,19046872
1788987516700722192,31580835,28098244,3749,3340317,92693,19046872
1788987516818680893,31581569,28098522,3749,3340766,92703,19046872
1788987516935009582,31582309,28098785,3749,3341213,92721,19046872
1788987517051493553,31583031,28099045,3749,3341670,92734,19046872
1788987517166631657,31583769,28099321,3749,3342102,92746,19046872
1788987517279476718,31584471,28099592,3749,3342518,92765,19046872
1788987517394210601,31585203,28099856,3749,3342966,92775,19046872
1788987517509398989,31585930,28100087,3749,3343440,92791,19046872
1788987517624224302,31586648,28100344,3749,3343889,92804,19046872
1788987517739719080,31587397,28100598,3749,3344341,92819,19046872
1788987517854331753,31588120,28100862,3749,3344785,92832,19046872
1788987517969309628,31588837,28101176,3749,3345179,92842,19046872
1788987518083431298,31589554,28101451,3749,3345608,92856,19046872
1788987518199504046,31590287,28101728,3749,3346043,92870,19046872
1788987518315499281,31591019,28101986,3749,3346499,92882,19046872
1788987518430985937,31591730,28102239,3749,3346955,92894,19046872
1788987518544456136,31592444,28102486,3749,3347407,92907,19046872
1788987518660474186,31593167,28102752,3749,3347855,92918,19046872
1788987518775203744,31593914,28102990,3749,3348329,92929,19046872
1788987518894849971,31594677,28103253,3749,3348799,92942,19046872
1788987519009726067,31595413,28103510,3749,3349240,92962,19046872
1788987519126776441,31596157,28103777,3749,3349690,92978,19046872
1788987519242559055,31596894,28104046,3749,3350126,92999,19046872
1788987519358031331,31597608,28104316,3749,3350567,93010,19046872
1788987519474262573,31598339,28104555,3749,3351049,93020,19046872
1788987519591045957,31599078,28104850,3749,3351465,93038,19046872
1788987519706879660,31599793,28105123,3749,3351903,93050,19046872
1788987519824648668,31600526,28105378,3749,3352372,93064,19046872
1788987519941313715,31601253,28105641,3749,3352826,93077,19046872
1788987520055163208,31601970,28105903,3749,3353254,93098,19046872
1788987520172012206,31602699,28106182,3749,3353697,93110,19046872
1788987520288455713,31603457,28106459,3749,3354137,93122,19046872
1788987520406493549,31604194,28106736,3749,3354586,93137,19046872
1788987520522886040,31604906,28107002,3749,3355029,93153,19046872
1788987520638380760,31605621,28107244,3749,3355493,93169,19046872
1788987520755137821,31606355,28107493,3749,3355961,93187,19046872
1788987520870930616,31607082,28107724,3749,3356437,93204,19046872
1788987520988286701,31607822,28107989,3749,3356895,93218,19046872
1788987521103607402,31608524,28108245,3749,3357343,93230,19046872
1788987521217441142,31609237,28108493,3749,3357796,93244,19046872
1788987521332823926,31609961,28108762,3749,3358233,93258,19046872
1788987521449830772,31610701,28109014,3749,3358703,93270,19046872
1788987521568619835,31611448,28109267,3749,3359181,93280,19046872
1788987521683975544,31612199,28109512,3749,3359638,93300,19046872
1788987521797340787,31612922,28109763,3749,3360084,93312,19046872
1788987521911650443,31613634,28110030,3749,3360521,93324,19046872
1788987522028654473,31614362,28110292,3749,3360974,93341,19046872
1788987522143077541,31615080,28110516,3749,3361452,93355,19046872
1788987522259043938,31615806,28110786,3749,3361897,93369,19046872
1788987522373688379,31616518,28111042,3749,3362346,93380,19046872
1788987522489386527,31617258,28111301,3749,3362794,93397,19046872
1788987522603254626,31617979,28111572,3749,3363218,93413,19046872
1788987522720151937,31618703,28111833,3749,3363675,93431,19046872
1788987522835811389,31619452,28112053,3749,3364168,93440,19046872
1788987522948989828,31620171,28112324,3749,3364591,93452,19046872
1788987523064992563,31620888,28112594,3749,3365038,93463,19046872
1788987523180599821,31621616,28112860,3749,3365478,93480,19046872
1788987523295769282,31622352,28113137,3749,3365908,93494,19046872
1788987523412768460,31623077,28113394,3749,3366367,93509,19046872
1788987523529442402,31623813,28113617,3749,3366865,93521,19046872
1788987523645043139,31624539,28113901,3749,3367285,93538,19046872
1788987523759585417,31625260,28114169,3749,3367722,93552,19046872
1788987523875043419,31625992,28114434,3749,3368168,93564,19046872
1788987523989601675,31626720,28114725,3749,3368584,93574,19046872
1788987524104350435,31627443,28115002,3749,3369013,93587,19046872
1788987524222128227,31628179,28115278,3749,3369463,93598,19046872
1788987524340349547,31628917,28115551,3749,3369913,93616,19046872
1788987524456590314,31629655,28115856,3749,3370319,93633,19046872
1788987524572523768,31630386,28116114,3749,3370777,93644,19046872
1788987524687814325,31631114,28116370,3749,3371229,93655,19046872
1788987524802402426,31631830,28116659,3749,3371650,93664,19046872
1788987524919212333,31632558,28116906,3749,3372124,93674,19046872
1788987525034909588,31633267,28117181,3749,3372558,93689,19046872
1788987525149741057,31633984,28117450,3749,3372998,93701,19046872
1788987525264863036,31634703,28117702,3749,3373447,93719,19046872
1788987525379827690,31635418,28117963,3749,3373893,93730,19046872
1788987525496316585,31636157,28118239,3749,3374335,93744,19046872
1788987525614025460,31636897,28118490,3749,3374809,93757,19046872
1788987525728281195,31637632,28118732,3749,3375268,93771,19046872
1788987525843204730,31638362,28118998,3749,3375705,93783,19046872
1788987525957874356,31639096,28119248,3749,3376155,93801,19046872
1788987526073810814,31639833,28119510,3749,3376601,93820,19046872
1788987526188890959,31640553,28119738,3749,3377080,93831,19046872
1788987526303633956,31641249,28120001,3749,3377524,93847,19046872
1788987526419571635,31641964,28120273,3749,3377965,93858,19046872
1788987526537288650,31642710,28120535,3749,3378425,93872,19046872
1788987526651664533,31643427,28120781,3749,3378880,93883,19046872
1788987526766397690,31644145,28121039,3749,3379326,93898,19046872
1788987526881293161,31644864,28121352,3749,3379723,93909,19046872
1788987526998463277,31645603,28121609,3749,3380188,93920,19046872
1788987527114586969,31646323,28121888,3749,3380622,93935,19046872
1788987527230890502,31647039,28122149,3749,3381073,93949,19046872
1788987527347248376,31647776,28122454,3749,3381485,93961,19046872
1788987527462245137,31648487,28122709,3749,3381937,93974,19046872
1788987527577994503,31649230,28123135,3749,3382230,93982,19060440
1788987527693133962,31649971,28123698,3749,3382390,93986,19079256
1788987527820500243,31650783,28123830,3749,3383068,93987,19079256
1788987527938442771,31651536,28123932,3749,3383712,93987,19079256
1788987528052929084,31652269,28124030,3749,3384345,93988,19079256
1788987528171087126,31653023,28124170,3749,3384958,93988,19079256
1788987528285404596,31653751,28124196,3749,3385657,93988,19079256
1788987528399642651,31654470,28124285,3749,3386299,93989,19079256
1788987528516577566,31655216,28124421,3749,3386907,93989,19079256
1788987528630784906,31655938,28124474,3749,3387580,93989,19079256
1788987528748179258,31656684,28124612,3749,3388186,93991,19079256
1788987528866177987,31657438,28124705,3749,3388844,93991,19079256
1788987528979960676,31658170,28124799,3749,3389474,93991,19079256
1788987529097974592,31658923,28124939,3749,3390086,93991,19079256
1788987529212014882,31659653,28124983,3749,3390769,93991,19079256
1788987529329354434,31660405,28125120,3749,3391378,93992,19079256
1788987529447246228,31661158,28125259,3749,3391988,93992,19079256
1788987529561563327,31661892,28125349,3749,3392627,93993,19079256
1788987529679339459,31662643,28125497,3749,3393226,93993,19079256
1788987529797379134,31663397,28125615,3749,3393860,93993,19079256
1788987529911341078,31664124,28125721,3749,3394478,93993,19079256
1788987530029282388,31664875,28125861,3749,3395089,93994,19079256
1788987530143802979,31665605,28125908,3749,3395776,93994,19079256
1788987530262220931,31666363,28126065,3749,3396368,93995,19079256
1788987530380121340,31667114,28126163,3749,3397021,93995,19079256
1788987530494442416,31667849,28126248,3749,3397661,93995,19079256
1788987530612004403,31668610,28126341,3749,3398319,93996,19079256
1788987530729420569,31669358,28126427,3749,3398978,93996,19079256
1788987530843912210,31670095,28126526,3749,3399609,93998,19079256
1788987530973891295,31670931,28126657,3749,3400304,93998,19079256
1788987531091881404,31671678,28126783,3749,3400927,93999,19079256
1788987531209886468,31672437,28126935,3749,3401525,93999,19079256
1788987531327828802,31673196,28127072,3749,3402138,94000,19079256
1788987531445661280,31673942,28127199,3749,3402762,94000,19079256
1788987531559642153,31674673,28127229,3749,3403459,94000,19079256
1788987531676767105,31675419,28127345,3749,3404086,94001,19079256
1788987531794664236,31676176,28127441,3749,3404741,94001,19079256
1788987531909408002,31676907,28127555,3749,3405356,94002,19079256
1788987532023482570,31677639,28127678,3749,3405962,94002,19079256
1788987532141091222,31678398,28127831,3749,3406551,94003,19079256
1788987532258597324,31679142,28127947,3749,3407187,94003,19079256
1788987532372600748,31679867,28127985,3749,3407875,94003,19079256
1788987532487723454,31680601,28128108,3749,3408483,94004,19079256
1788987532605659762,31681346,28128234,3749,3409108,94004,19079256
1788987532722414921,31682094,28128364,3749,3409716,94004,19079256
1788987532840287362,31682846,28128476,3749,3410357,94004,19079256
1788987532955000501,31683587,28128606,3749,3410955,94006,19079256
1788987533071014655,31684328,28128703,3749,3411596,94006,19079256
1788987533184706307,31685059,28128758,3749,3412265,94007,19079256
1788987533302514376,31685818,28128855,3749,3412919,94007,19079256
1788987533420680672,31686558,28128995,3749,3413528,94009,19079256
1788987533537723259,31687298,28129134,3749,3414133,94010,19079256
1788987533655898346,31688059,28129261,3749,3414756,94010,19079256
1788987533772501842,31688798,28129378,3749,3415381,94012,19079256
1788987533890465723,31689550,28129452,3749,3416052,94013,19079256
1788987534004903666,31690281,28129523,3749,3416711,94014,19079256
1788987534122873687,31691037,28129635,3749,3417351,94014,19079256
1788987534240528708,31691781,28129778,3749,3417956,94014,19079256
1788987534358997781,31692535,28129863,3749,3418622,94015,19079256
1788987534475913447,31693291,28130027,3749,3419202,94015,19079256
1788987534593253975,31694039,28130121,3749,3419853,94015,19079256
1788987534711487890,31694796,28130216,3749,3420511,94015,19079256
1788987534825679470,31695535,28130303,3749,3421155,94016,19079256
1788987534943500062,31696292,28130422,3749,3421786,94016,19079256
1788987535061313104,31697040,28130571,3749,3422381,94016,19079256
1788987535179394494,31697800,28130686,3749,3423017,94016,19079256
1788987535297220999,31698560,28130834,3749,3423620,94018,19079256
1788987535415389353,31699318,28130942,3749,3424264,94018,19079256
1788987535529537205,31700045,28130995,3749,3424942,94018,19079256
1788987535643853371,31700778,28131065,3749,3425594,94018,19079256
1788987535761866373,31701536,28131181,3749,3426230,94019,19079256
1788987535879865375,31702294,28131304,3749,3426855,94020,19079256
1788987535997888240,31703051,28131419,3749,3427492,94020,19079256
1788987536116008680,31703809,28131575,3749,3428084,94021,19079256
1788987536233838661,31704562,28131691,3749,3428719,94021,19079256
1788987536348350323,31705295,28131717,3749,3429421,94021,19079256
1788987536465665617,31706038,28131848,3749,3430040,94022,19079256
1788987536583582168,31706796,28131932,3749,3430706,94022,19079256
1788987536701394085,31707549,28132076,3749,3431310,94022,19079256
1788987536814971238,31708277,28132206,3749,3431902,94022,19079256
1788987536933026145,31709033,28132338,3749,3432520,94023,19079256
1788987537051102470,31709783,28132457,3749,3433151,94023,19079256
1788987537165452548,31710514,28132529,3749,3433805,94023,19079256
1788987537280975020,31711247,28132628,3749,3434444,94024,19079256
1788987537398820053,31711996,28132750,3749,3435073,94024,19079256
1788987537512417135,31712717,28132854,3749,3435687,94024,19079256
1788987537630701073,31713469,28133008,3749,3436289,94024,19079256
1788987537748642777,31714227,28133157,3749,3436892,94024,19079256
1788987537866795650,31714982,28133280,3749,3437520,94024,19079256
1788987537980731827,31715715,28133371,3749,3438154,94025,19079256
1788987538098705729,31716472,28133457,3749,3438820,94025,19079256
1788987538215999057,31717222,28133607,3749,3439416,94026,19079256
1788987538335004280,31717983,28133712,3749,3440067,94026,19079256
1788987538461459471,31718773,28133865,3749,3440715,94027,19079256
1788987538579351886,31719534,28133974,3749,3441356,94027,19079256
1788987538699009494,31720298,28134056,3749,3442039,94027,19079256
1788987538822516813,31721083,28134148,3749,3442735,94028,19079256
1788987538940490915,31721835,28134264,3749,3443369,94028,19079256
1788987539058350832,31722600,28134429,3749,3443948,94028,19079256
1788987539176322898,31723359,28134585,3749,3444543,94028,19079256
1788987539294352251,31724107,28134754,3749,3445122,94030,19079256
1788987539412154085,31724862,28134866,3749,3445763,94030,19079256
1788987539527159202,31725596,28134892,3749,3446469,94030,19079256
1788987539641797400,31726320,28134963,3749,3447128,94031,19079256
1788987539759001091,31727070,28135079,3749,3447756,94031,19079256
1788987539877165792,31727829,28135232,3749,3448353,94033,19079256
1788987539995229345,31728595,28135399,3749,3448936,94033,19079256
1788987540113456742,31729340,28135562,3749,3449523,94033,19079256
1788987540231474703,31730092,28135688,3749,3450149,94033,19079256
1788987540345418258,31730818,28135714,3749,3450849,94033,19079256
1788987540463545543,31731579,28135843,3749,3451476,94034,19079256
1788987540581494487,31732335,28135931,3749,3452138,94034,19079256
1788987540698436207,31733079,28136067,3749,3452743,94035,19079256
1788987540810159626,31733795,28136180,3749,3453340,94035,19079256
1788987540928438659,31734559,28136324,3749,3453946,94035,19079256
1788987541044860112,31735302,28136441,3749,3454574,94036,19079256
1788987541162270766,31736057,28136489,3749,3455272,94036,19079256
1788987541279022331,31736804,28136588,3749,3455916,94036,19079256
1788987541397212451,31737551,28136708,3749,3456550,94036,19079256
1788987541511414946,31738278,28136820,3749,3457160,94036,19079256
1788987541629468180,31739033,28136940,3749,3457790,94036,19079256
1788987541746696385,31739772,28137063,3749,3458416,94037,19079256
1788987541864589583,31740524,28137142,3749,3459090,94037,19079256
1788987541978807554,31741247,28137208,3749,3459747,94038,19079256
1788987542095899530,31741998,28137291,3749,3460409,94039,19079256
1788987542210196234,31742722,28137449,3749,3460974,94040,19079256
1788987542332000922,31743498,28137537,3749,3461662,94041,19079256
1788987542450868140,31744257,28137681,3749,3462271,94044,19079256
1788987542569323771,31745015,28137775,3749,3462929,94044,19079256
1788987542687075973,31745772,28137859,3749,3463596,94044,19079256
1788987542801223691,31746508,28137942,3749,3464238,94044,19079256
1788987542919178335,31747265,28138068,3749,3464864,94045,19079256
1788987543037020360,31748008,28138222,3749,3465458,94045,19079256
1788987543155017573,31748762,28138360,3749,3466072,94045,19079256
1788987543273211056,31749510,28138500,3749,3466681,94046,19079256
1788987543391442760,31750261,28138618,3749,3467314,94046,19079256
1788987543505291669,31750991,28138651,3749,3468009,94046,19079256
1788987543621280517,31751740,28138750,3749,3468649,94046,19079256
1788987543735392166,31752468,28138859,3749,3469265,94047,19079256
1788987543853338275,31753218,28138991,3749,3469882,94048,19079256
1788987543969228263,31753960,28139150,3749,3470461,94048,19079256
1788987544086827853,31754707,28139280,3749,3471082,94048,19079256
1788987544204771618,31755455,28139397,3749,3471715,94049,19079256
1788987544318752908,31756183,28139422,3749,3472417,94049,19079256
1788987544433427044,31756916,28139543,3749,3473020,94049,19079256
1788987544551431321,31757672,28139667,3749,3473653,94050,19079256
1788987544669508617,31758433,28139788,3749,3474281,94051,19079256
1788987544787322262,31759186,28139879,3749,3474938,94051,19079256
1788987544900862299,31759912,28140027,3749,3475512,94051,19079256
1788987545019006220,31760664,28140148,3749,3476143,94051,19079256
1788987545133076075,31761391,28140197,3749,3476821,94052,19079256
1788987545250126710,31762134,28140308,3749,3477450,94053,19079256
1788987545368028356,31762878,28140449,3749,3478060,94053,19079256
1788987545481727155,31763597,28140554,3749,3478679,94054,19079256
1788987545599737315,31764352,28140673,3749,3479311,94054,19079256
1788987545716457839,31765096,28140791,3749,3479930,94054,19079256
1788987545834461638,31765848,28140862,3749,3480611,94054,19079256
1788987545948691341,31766575,28140922,3749,3481280,94056,19079256
1788987546065589278,31767327,28141008,3749,3481937,94056,19079256
1788987546181411728,31768071,28141181,3749,3482496,94057,19079256
1788987546299232643,31768830,28141284,3749,3483145,94057,19079256
1788987546417198688,31769579,28141459,3749,3483718,94058,19079256
1788987546534749947,31770331,28141561,3749,3484368,94058,19079256
1788987546652731214,31771085,28141631,3749,3485049,94058,19079256
1788987546767622399,31771811,28141702,3749,3485707,94060,19079256
1788987546885662786,31772562,28141823,3749,3486337,94061,19079256
1788987546999986477,31773294,28141849,3749,3487038,94061,19079256
1788987547117172539,31774054,28141988,3749,3487643,94062,19079256
1788987547235261447,31774810,28142071,3749,3488312,94062,19079256
1788987547349776360,31775539,28142136,3749,3488978,94062,19079256
1788987547466966740,31776299,28142223,3749,3489637,94062,19079256
1788987547581479057,31777033,28142308,3749,3490279,94062,19079256
1788987547696006762,31777761,28142377,3749,3490940,94063,19079256
1788987547814183844,31778509,28142492,3749,3491576,94063,19079256
1788987547928298306,31779239,28142528,3749,3492265,94065,19079256
1788987548044568535,31779979,28142643,3749,3492889,94066,19079256
1788987548162532077,31780731,28142735,3749,3493549,94066,19079256
1788987548276803516,31781457,28142822,3749,3494186,94067,19079256
1788987548395055343,31782214,28142946,3749,3494813,94067,19079256
1788987548509297680,31782943,28142967,3749,3495519,94067,19079256
1788987548625214756,31783673,28143071,3749,3496152,94069,19079256
1788987548741247383,31784414,28143185,3749,3496774,94069,19079256
1788987548855681793,31785144,28143255,3749,3497436,94070,19079256
1788987548973005475,31785900,28143338,3749,3498097,94070,19079256
1788987549090621191,31786648,28143422,3749,3498765,94070,19079256
1788987549204662765,31787374,28143500,3749,3499410,94072,19079256
1788987549323011931,31788134,28143614,3749,3500046,94072,19079256
1788987549437335764,31788868,28143642,3749,3500745,94072,19079256
1788987549554056080,31789622,28143850,3749,3501269,94076,19079256
1788987549670928822,31790363,28144116,3749,3501726,94087,19079256
1788987549786198849,31791064,28144369,3749,3502180,94101,19079256
1788987549902702518,31791805,28144625,3749,3502636,94118,19079256
1788987550016496685,31792517,28144885,3749,3503074,94131,19079256
1788987550132995589,31793242,28145157,3749,3503517,94145,19079256
1788987550248568416,31793964,28145415,3749,3503977,94152,19079256
1788987550364580326,31794683,28145677,3749,3504424,94171,19079256
1788987550480031945,31795407,28145937,3749,3504872,94184,19079256
1788987550595657172,31796127,28146191,3749,3505332,94196,19079256
1788987550711108807,31796852,28146440,3749,3505795,94208,19079256
1788987550825194786,31797578,28146697,3749,3506238,94223,19079256
1788987550944207291,31798329,28146975,3749,3506686,94240,19079256
1788987551059659208,31799044,28147226,3749,3507141,94257,19079256
1788987551173981357,31799767,28147486,3749,3507579,94273,19079256
1788987551287278097,31800479,28147744,3749,3508011,94291,19079256
1788987551402430334,31801194,28147999,3749,3508461,94308,19079256
1788987551518020700,31801921,28148244,3749,3508925,94324,19079256
1788987551631471288,31802627,28148520,3749,3509353,94332,19079256
1788987551745285588,31803347,28148767,3749,3509797,94351,19079256
1788987551861383664,31804082,28149017,3749,3510258,94365,19079256
1788987551977688688,31804815,28149261,3749,3510733,94374,19079256
1788987552094692029,31805565,28149521,3749,3511191,94387,19079256
1788987552211056071,31806298,28149766,3749,3511662,94400,19079256
1788987552327046861,31807009,28150060,3749,3512080,94414,19079256
1788987552441011563,31807709,28150340,3749,3512497,94432,19079256
1788987552558197558,31808441,28150641,3749,3512922,94443,19079256
1788987552673736710,31809170,28150909,3749,3513360,94456,19079256
1788987552788748596,31809876,28151161,3749,3513809,94475,19079256
1788987552903515380,31810614,28151396,3749,3514290,94482,19079256
1788987553019209682,31811336,28151659,3749,3514738,94495,19079256
1788987553134542273,31812059,28151915,3749,3515189,94509,19079256
1788987553249813183,31812799,28152186,3749,3515627,94520,19079256
1788987553364701729,31813524,28152441,3749,3516071,94541,19079256
1788987553480737193,31814239,28152741,3749,3516488,94552,19079256
1788987553598373417,31814994,28152989,3749,3516968,94563,19079256
1788987553715294327,31815728,28153240,3749,3517436,94576,19079256
1788987553828359184,31816440,28153524,3749,3517841,94593,19079256
1788987553943157206,31817173,28153788,3749,3518285,94608,19079256
1788987554057613735,31817886,28154047,3749,3518725,94623,19079256
1788987554173218433,31818599,28154334,3749,3519152,94633,19079256
1788987554288139668,31819342,28154607,3749,3519584,94649,19079256
1788987554403210955,31820075,28154874,3749,3520022,94663,19079256
1788987554517144976,31820812,28155119,3749,3520473,94680,19079256
1788987554630190105,31821510,28155381,3749,3520907,94692,19079256
1788987554744796201,31822220,28155630,3749,3521357,94709,19079256
1788987554860809498,31822932,28155879,3749,3521820,94724,19079256
1788987554980690326,31823707,28156146,3749,3522296,94732,19079256
1788987555096891534,31824452,28156400,3749,3522754,94746,19079256
1788987555211095681,31825164,28156659,3749,3523200,94755,19079256
1788987555326871079,31825891,28156918,3749,3523650,94771,19079256
1788987555440797405,31826610,28157178,3749,3524087,94787,19079256
1788987555556986129,31827342,28157417,3749,3524564,94798,19079256
1788987555670963999,31828050,28157663,3749,3525014,94815,19079256
1788987555787186317,31828798,28157924,3749,3525469,94825,19079256
1788987555901388363,31829512,28158171,3749,3525923,94840,19079256
1788987556017106230,31830233,28158429,3749,3526373,94855,19079256
1788987556133300514,31830972,28158708,3749,3526810,94867,19079256
1788987556246842513,31831693,28158949,3749,3527272,94879,19079256
1788987556363366662,31832409,28159239,3749,3527698,94893,19079256
1788987556477771419,31833143,28159492,3749,3528141,94910,19079256
1788987556594140427,31833868,28159759,3749,3528586,94925,19079256
1788987556708341188,31834577,28160017,3749,3529030,94939,19079256
1788987556823108714,31835306,28160267,3749,3529481,94955,19079256
1788987556940105117,31836042,28160514,3749,3529955,94968,19079256
1788987557057044143,31836763,28160774,3749,3530413,94982,19079256
1788987557171224045,31837494,28161021,3749,3530860,95002,19079256
1788987557286880501,31838226,28161269,3749,3531320,95019,19079256
1788987557402512687,31838935,28161516,3749,3531782,95032,19079256
1788987557518562999,31839648,28161796,3749,3532220,95042,19079256
1788987557635680627,31840390,28162051,3749,3532688,95053,19079256
1788987557751602693,31841137,28162310,3749,3533138,95068,19079256
1788987557867141015,31841875,28162550,3749,3533606,95081,19079256
1788987557983786888,31842608,28162815,3749,3534056,95096,19079256
1788987558099882475,31843322,28163080,3749,3534502,95111,19079256
1788987558215743025,31844049,28163352,3749,3534948,95121,19079256
1788987558335344954,31844821,28163648,3749,3535391,95133,19079256
1788987558451605983,31845531,28163902,3749,3535851,95145,19079256
1788987558566743737,31846248,28164181,3749,3536279,95158,19079256
1788987558682041873,31846971,28164429,3749,3536742,95170,19079256
1788987558797991810,31847701,28164686,3749,3537199,95184,19079256
1788987558913017063,31848413,28164924,3749,3537670,95194,19079256
1788987559028000824,31849131,28165185,3749,3538115,95207,19079256
1788987559143910317,31849862,28165443,3749,3538567,95222,19079256
1788987559258695532,31850576,28165701,3749,3539014,95234,19079256
1788987559374173196,31851296,28165953,3749,3539475,95245,19079256
1788987559489315309,31852043,28166225,3749,3539910,95258,19079256
1788987559605884056,31852778,28166464,3749,3540391,95270,19079256
1788987559718963500,31853493,28166745,3749,3540804,95285,19079256
1788987559834086882,31854192,28167012,3749,3541244,95298,19079256
1788987559949444644,31854939,28167272,3749,3541688,95315,19079256
1788987560066269214,31855659,28167523,3749,3542156,95328,19079256
1788987560180247898,31856380,28167787,3749,3542589,95342,19079256
1788987560295955109,31857099,28168024,3749,3543064,95355,19079256
1788987560412028696,31857840,28168279,3749,3543527,95368,19079256
1788987560527692537,31858570,28168519,3749,3543990,95385,19079256
1788987560643751483,31859305,28168793,3749,3544430,95398,19079256
1788987560760205794,31860032,28169053,3749,3544878,95416,19079256
1788987560873991485,31860752,28169316,3749,3545317,95428,19079256
1788987560991252163,31861474,28169584,3749,3545769,95444,19079256
1788987561108826520,31862202,28169851,3749,3546226,95455,19079256
1788987561225087333,31862917,28170116,3749,3546673,95470,19079256
1788987561340664590,31863645,28170369,3749,3547124,95489,19079256
1788987561457605793,31864395,28170622,3749,3547589,95503,19079256
1788987561574042908,31865112,28170908,3749,3548021,95514,19079256
1788987561690422941,31865832,28171224,3749,3548422,95527,19079256
1788987561806204362,31866574,28171490,3749,3548865,95546,19079256
1788987561922597204,31867310,28171744,3749,3549319,95562,19079256
1788987562038479939,31868019,28171987,3749,3549786,95577,19079256
1788987562153081049,31868740,28172262,3749,3550214,95593,19079256
1788987562268308835,31869451,28172512,3749,3550672,95604,19079256
1788987562391599505,31870222,28172776,3749,3551170,95616,19079256
1788987562507013748,31870966,28173038,3749,3551614,95632,19079256
1788987562622068347,31871694,28173291,3749,3552069,95646,19079256
1788987562737133301,31872424,28173544,3749,3552518,95661,19079256
1788987562853742269,31873166,28173809,3749,3552969,95673,19079256
1788987562967680453,31873879,28174047,3749,3553438,95681,19079256
1788987563083527928,31874627,28174334,3749,3553862,95696,19079256
1788987563201024277,31875374,28174583,3749,3554329,95712,19079256
1788987563318451456,31876105,28174829,3749,3554805,95727,19079256
1788987563434535651,31876811,28175125,3749,3555217,95745,19079256
1788987563550559113,31877544,28175393,3749,3555662,95757,19079256
1788987563668499464,31878272,28175631,3749,3556148,95774,19079256
1788987563789072082,31879036,28175910,3749,3556612,95786,19079256
1788987563904686328,31879752,28176180,3749,3557049,95800,19079256
1788987564018856299,31880468,28176443,3749,3557481,95820,19079256
1788987564135736346,31881199,28176694,3749,3557950,95834,19079256
1788987564251261783,31881924,28176967,3749,3558383,95849,19079256
1788987564369398998,31882665,28177214,3749,3558866,95862,19079256
1788987564486058691,31883395,28177464,3749,3559330,95878,19079256
1788987564600313380,31884122,28177723,3749,3559768,95891,19079256
1788987564715999611,31884850,28177990,3749,3560210,95906,19079256
1788987564831807695,31885579,28178235,3749,3560678,95919,19079256
1788987564949442799,31886315,28178478,3749,3561159,95933,19079256
1788987565064841368,31887024,28178770,3749,3561579,95944,19079256
1788987565180916868,31887735,28179022,3749,3562042,95955,19079256
1788987565294913211,31888469,28179268,3749,3562486,95977,19079256
1788987565411911947,31889197,28179519,3749,3562952,95994,19079256
1788987565527519155,31889923,28179765,3749,3563415,96010,19079256
1788987565642133867,31890673,28179993,3749,3563890,96022,19079256
1788987565758902746,31891432,28180259,3749,3564340,96037,19079256
1788987565873308662,31892126,28180512,3749,3564788,96052,19079256
1788987565989095778,31892863,28180761,3749,3565247,96068,19079256
1788987566103785602,31893576,28181015,3749,3565697,96082,19079256
1788987566220643027,31894300,28181262,3749,3566164,96099,19079256
1788987566335682093,31895016,28181516,3749,3566616,96114,19079256
1788987566452058201,31895736,28181777,3749,3567066,96129,19079256
1788987566567876138,31896463,28182050,3749,3567505,96143,19079256
1788987566682905194,31897188,28182309,3749,3567958,96155,19079256
1788987566797896279,31897903,28182573,3749,3568392,96173,19079256
1788987566913689088,31898637,28182825,3749,3568850,96187,19079256
1788987567029504533,31899358,28183076,3749,3569312,96200,19079256
1788987567146221716,31900093,28183345,3749,3569757,96217,19079256
1788987567261870704,31900823,28183618,3749,3570192,96233,19079256
1788987567377996879,31901550,28183868,3749,3570656,96244,19079256
1788987567494526947,31902290,28184134,3749,3571106,96258,19079256
1788987567609461629,31903025,28184454,3749,3571490,96274,19079256
1788987567726855185,31903742,28184720,3749,3571951,96284,19079256
1788987567845028269,31904483,28184995,3749,3572402,96300,19079256
1788987567960917790,31905233,28185292,3749,3572819,96311,19079256
1788987568075065028,31905945,28185538,3749,3573271,96326,19079256
1788987568190979898,31906666,28185803,3749,3573716,96340,19079256
1788987568306765632,31907409,28186069,3749,3574162,96355,19079256
1788987568422068703,31908117,28186350,3749,3574592,96368,19079256
1788987568538016707,31908837,28186602,3749,3575049,96380,19079256
1788987568653414376,31909562,28186837,3749,3575522,96394,19079256
1788987568768750918,31910294,28187090,3749,3575975,96410,19079256
1788987568883270678,31910996,28187338,3749,3576429,96424,19079256
1788987568998852151,31911720,28187598,3749,3576884,96438,19079256
1788987569121205113,31912485,28187851,3749,3577376,96451,19079256
1788987569235482488,31913208,28188118,3749,3577806,96472,19079256
1788987569351076726,31913943,28188386,3749,3578247,96488,19079256
1788987569466265293,31914658,28188668,3749,3578670,96503,19079256
1788987569582262811,31915383,28188925,3749,3579129,96515,19079256
1788987569698867559,31916108,28189170,3749,3579596,96532,19079256
1788987569815194313,31916857,28189438,3749,3580041,96548,19079256
1788987569930472188,31917574,28189677,3749,3580511,96559,19079256
1788987570045657223,31918288,28189931,3749,3580959,96577,19079256
1788987570160114588,31919018,28190188,3749,3581400,96594,19079256
1788987570277073457,31919775,28190454,3749,3581856,96607,19079256
1788987570394314040,31920513,28190708,3749,3582329,96617,19079256
1788987570509999285,31921235,28190983,3749,3582763,96627,19079256
1788987570624844326,31921953,28191246,3749,3583209,96640,19079256
1788987570742230535,31922684,28191501,3749,3583676,96651,19079256
1788987570856210615,31923401,28191756,3749,3584126,96662,19079256
1788987570972820569,31924145,28192023,3749,3584578,96675,19079256
1788987571089693821,31924873,28192283,3749,3585036,96685,19079256
1788987571205028108,31925593,28192537,3749,3585491,96695,19079256
1788987571319497219,31926314,28192790,3749,3585941,96710,19079256
1788987571435709149,31927049,28193042,3749,3586403,96720,19079256
1788987571551334997,31927785,28193305,3749,3586847,96737,19079256
1788987571667724145,31928522,28193562,3749,3587311,96747,19079256
1788987571787601214,31929291,28193863,3749,3587746,96764,19079256
1788987571901529150,31930029,28194108,3749,3588201,96775,19079256
1788987572017190936,31930741,28194358,3749,3588662,96789,19079256
1788987572132917713,31931452,28194623,3749,3589109,96799,19079256
1788987572248924022,31932182,28194900,3749,3589543,96814,19079256
1788987572366479604,31932917,28195167,3749,3590003,96825,19079256
1788987572483162054,31933653,28195408,3749,3590480,96838,19079256
1788987572598444063,31934364,28195673,3749,3590922,96852,19079256
1788987572713849677,31935091,28195959,3749,3591346,96864,19079256
1788987572829145721,31935826,28196210,3749,3591800,96879,19079256
1788987572942661130,31936532,28196454,3749,3592258,96889,19079256
1788987573055988776,31937250,28196685,3749,3592725,96902,19079256
1788987573169562733,31937955,28196955,3749,3593154,96917,19079256
1788987573285336822,31938659,28197216,3749,3593599,96933,19079256
1788987573401367385,31939376,28197482,3749,3594048,96943,19079256
1788987573516352709,31940091,28197759,3749,3594479,96959,19079256
1788987573630854399,31940801,28198009,3749,3594932,96970,19079256
1788987573744290292,31941520,28198244,3749,3595399,96982,19079256
1788987573860061300,31942250,28198525,3749,3595831,96994,19079256
1788987573975908595,31942983,28198786,3749,3596281,97007,19079256
1788987574091639989,31943719,28199047,3749,3596728,97024,19079256
1788987574207429601,31944450,28199304,3749,3597176,97044,19079256
1788987574323072799,31945189,28199572,3749,3597621,97053,19079256
1788987574437480905,31945906,28199808,3749,3598096,97062,19079256
1788987574553996655,31946640,28200077,3749,3598541,97076,19079256
1788987574670348039,31947346,28200348,3749,3598986,97090,19079256
1788987574784354779,31948049,28200621,3749,3599412,97103,19079256
1788987574899218049,31948757,28200878,3749,3599862,97118,19079256
1788987575015400074,31949495,28201131,3749,3600319,97132,19079256
1788987575130051585,31950195,28201406,3749,3600752,97143,19079256
1788987575246246614,31950921,28201691,3749,3601183,97156,19079256
1788987575360817977,31951643,28201947,3749,3601628,97171,19079256
1788987575475619595,31952367,28202223,3749,3602057,97185,19079256
1788987575591660578,31953097,28202503,3749,3602490,97198,19079256
1788987575707456089,31953833,28202744,3749,3602959,97216,19079256
1788987575821094232,31954565,28203010,3749,3603398,97226,19079256
1788987575936736186,31955301,28203315,3749,3603803,97237,19079256
1788987576052648606,31956024,28203583,3749,3604249,97251,19079256
1788987576169472357,31956773,28203867,3749,3604683,97263,19079256
1788987576285034331,31957507,28204124,3749,3605132,97280,19079256
1788987576401704253,31958255,28204355,3749,3605630,97289,19079256
1788987576516796991,31958996,28204613,3749,3606075,97300,19079256
1788987576632439635,31959705,28204886,3749,3606515,97313,19079256
1788987576746745087,31960399,28205142,3749,3606960,97327,19079256
1788987576863270375,31961143,28205417,3749,3607403,97340,19079256
1788987576979791715,31961861,28205665,3749,3607864,97356,19079256
1788987577094916382,31962580,28205895,3749,3608345,97369,19079256
1788987577211786292,31963304,28206155,3749,3608799,97384,19079256
1788987577327489757,31964042,28206422,3749,3609245,97397,19079256
1788987577443541183,31964763,28206689,3749,3609689,97410,19079256
1788987577559808690,31965491,28206950,3749,3610144,97422,19079256
1788987577674993782,31966203,28207222,3749,3610577,97437,19079256
1788987577792393884,31966952,28207466,3749,3611055,97450,19079256
1788987577906628431,31967664,28207736,3749,3611481,97468,19079256
1788987578021666997,31968400,28208038,3749,3611887,97481,19079256
1788987578138917682,31969123,28208306,3749,3612335,97500,19079256
1788987578255657154,31969851,28208566,3749,3612794,97513,19079256
1788987578370478717,31970561,28208843,3749,3613218,97528,19079256
1788987578484749146,31971284,28209141,3749,3613626,97540,19079256
1788987578602586621,31972040,28209405,3749,3614090,97550,19079256
1788987578719064218,31972753,28209667,3749,3614538,97567,19079256
1788987578833994549,31973491,28209915,3749,3614997,97582,19079256
1788987578950793885,31974224,28210176,3749,3615452,97596,19079256
1788987579064680153,31974941,28210428,3749,3615901,97608,19079256
1788987579180060984,31975669,28210681,3749,3616359,97620,19079256
1788987579296421703,31976400,28210934,3749,3616818,97635,19079256
1788987579412970001,31977132,28211189,3749,3617282,97646,19079256
1788987579528573318,31977848,28211466,3749,3617718,97656,19079256
1788987579644551838,31978574,28211731,3749,3618168,97668,19079256
1788987579760071332,31979300,28211982,3749,3618635,97677,19079256
1788987579880628119,31980054,28212225,3749,3619129,97692,19079256
1788987579994769666,31980773,28212477,3749,3619575,97709,19079256
1788987580111533197,31981514,28212740,3749,3620026,97722,19079256
1788987580227195805,31982243,28212980,3749,3620495,97740,19079256
1788987580341357136,31982955,28213250,3749,3620925,97751,19079256
1788987580457442478,31983685,28213497,3749,3621391,97767,19079256
1788987580574913140,31984426,28213781,3749,3621837,97778,19079256
1788987580691058251,31985162,28214044,3749,3622280,97794,19079256
1788987580806088310,31985911,28214296,3749,3622731,97809,19079256
1788987580922780899,31986621,28214539,3749,3623202,97825,19079256
1788987581036891175,31987340,28214798,3749,3623643,97838,19079256
1788987581153650380,31988084,28215038,3749,3624118,97855,19079256
1788987581269868562,31988820,28215300,3749,3624571,97870,19079256
1788987581384564132,31989529,28215537,3749,3625032,97887,19079256
1788987581499991825,31990270,28215805,3749,3625476,97899,19079256
1788987581613982099,31990997,28216080,3749,3625902,97914,19079256
1788987581728444161,31991719,28216351,3749,3626332,97929,19079256
1788987581843781827,31992468,28216618,3749,3626785,97936,19079256
1788987581959849673,31993174,28216872,3749,3627240,97947,19079256
1788987582077167130,31993921,28217121,3749,3627709,97962,19079256
1788987582193349697,31994648,28217373,3749,3628173,97975,19079256
1788987582308774328,31995367,28217636,3749,3628614,97991,19079256
1788987582423229647,31996113,28217917,3749,3629035,98007,19079256
1788987582538444383,31996845,28218487,3749,3629181,98016,19105752
1788987582651701705,31997566,28218892,3749,3629487,98022,19111815
1788987582782227894,31998405,28218984,3749,3630221,98022,19112583
1788987582900226697,31999160,28219067,3749,3630882,98030,19114503
1788987583014269251,31999891,28219133,3749,3631541,98030,19114503
1788987583132010147,32000643,28219270,3749,3632154,98030,19114503
1788987583250025500,32001390,28219356,3749,3632820,98031,19114503
1788987583364116840,32002127,28219422,3749,3633480,98031,19114503
1788987583481301648,32002876,28219544,3749,3634102,98031,19114503
1788987583599201721,32003631,28219630,3749,3634768,98031,19114503
1788987583713530086,32004365,28219679,3749,3635450,98031,19114503
1788987583826539956,32005094,28219818,3749,3636031,98032,19114503
1788987583942014161,32005835,28219951,3749,3636631,98032,19114503
1788987584056045645,32006561,28220006,3749,3637306,98033,19114503
1788987584174269625,32007316,28220153,3749,3637908,98033,19114503
1788987584292100720,32008078,28220334,3749,3638476,98034,19114503
1788987584407091175,32008814,28220367,3749,3639177,98034,19114503
1788987584521373773,32009538,28220452,3749,3639815,98034,19114503
1788987584639312164,32010291,28220599,3749,3640419,98035,19114503
1788987584753345169,32011021,28220632,3749,3641114,98035,19114503
1788987584867803518,32011752,28220734,3749,3641741,98035,19114503
1788987584985604323,32012504,28220845,3749,3642380,98035,19114503
1788987585098492260,32013230,28220908,3749,3643035,98035,19114503
1788987585213020546,32013961,28220991,3749,3643679,98036,19114503
1788987585330965982,32014714,28221069,3749,3644352,98036,19114503
1788987585448116697,32015458,28221150,3749,3645017,98036,19114503
1788987585562255629,32016187,28221239,3749,3645651,98037,19114503
1788987585680175409,32016945,28221311,3749,3646331,98038,19114503
1788987585798133566,32017702,28221403,3749,3646991,98038,19114503
1788987585911905296,32018431,28221478,3749,3647641,98038,19114503
1788987586029326775,32019178,28221606,3749,3648257,98038,19114503
1788987586147298214,32019924,28221701,3749,3648914,98038,19114503
1788987586262060529,32020658,28221770,3749,3649578,98038,19114503
1788987586380067961,32021414,28221881,3749,3650216,98039,19114503
1788987586498191092,32022164,28221977,3749,3650872,98039,19114503
1788987586613544646,32022895,28222155,3749,3651429,98041,19114503
1788987586731581717,32023654,28222309,3749,3652025,98041,19114503
1788987586849483815,32024406,28222468,3749,3652615,98041,19114503
1788987586966381394,32025161,28222584,3749,3653238,98041,19114503
1788987587084313797,32025909,28222670,3749,3653904,98041,19114503
1788987587198544925,32026634,28222698,3749,3654608,98041,19114503
1788987587312580331,32027360,28222796,3749,3655232,98042,19114503
1788987587428017474,32028095,28222917,3749,3655844,98043,19114503
1788987587546082008,32028845,28223100,3749,3656411,98044,19114503
1788987587664185882,32029596,28223191,3749,3657071,98044,19114503
1788987587782422142,32030351,28223374,3749,3657638,98044,19114503
1788987587899422185,32031104,28223454,3749,3658303,98045,19114503
1788987588014003144,32031828,28223627,3749,3658861,98045,19114503
1788987588134383783,32032596,28223653,3749,3659602,98045,19114503
1788987588255004024,32033367,28223754,3749,3660269,98045,19114503
1788987588377004919,32034146,28223881,3749,3660918,98045,19114503
1788987588498197250,32034916,28224043,3749,3661525,98046,19114503
1788987588614808019,32035652,28224148,3749,3662164,98046,19114503
1788987588738877864,32036450,28224300,3749,3662801,98046,19114503
1788987588856543488,32037197,28224398,3749,3663450,98048,19114503
1788987588970195198,32037925,28224530,3749,3664040,98048,19114503
1788987589088238685,32038676,28224556,3749,3664770,98048,19114503
1788987589200298214,32039399,28224656,3749,3665378,98049,19114503
1788987589318463067,32040158,28224805,3749,3665979,98049,19114503
1788987589436839371,32040920,28224973,3749,3666567,98049,19114503
1788987589555238875,32041681,28225074,3749,3667217,98050,19114503
1788987589673286933,32042440,28225197,3749,3667848,98050,19114503
1788987589790023465,32043179,28225307,3749,3668479,98050,19114503
1788987589910002487,32043944,28225447,3749,3669103,98050,19114503
1788987590023841297,32044672,28225469,3749,3669808,98050,19114503
1788987590141978516,32045432,28225581,3749,3670444,98052,19114503
1788987590260010643,32046191,28225736,3749,3671039,98052,19114503
1788987590377593278,32046945,28225899,3749,3671626,98053,19114503
1788987590495810343,32047697,28226026,3749,3672250,98054,19114503
1788987590613878014,32048451,28226116,3749,3672911,98054,19114503
1788987590731878041,32049205,28226303,3749,3673474,98054,19114503
1788987590850017964,32049956,28226434,3749,3674094,98054,19114503
1788987590963806179,32050678,28226471,3749,3674784,98054,19114503
1788987591078397026,32051419,28226570,3749,3675410,98055,19114503
1788987591196475513,32052172,28226651,3749,3676080,98055,19114503
1788987591314072818,32052924,28226805,3749,3676677,98055,19114503
1788987591429831682,32053658,28226938,3749,3677281,98055,19114503
1788987591547912132,32054417,28227025,3749,3677945,98056,19114503
1788987591665708748,32055159,28227216,3749,3678503,98056,19114503
1788987591783929526,32055922,28227308,3749,3679162,98057,19114503
1788987591899976639,32056665,28227379,3749,3679831,98057,19114503
1788987592014224438,32057397,28227457,3749,3680476,98057,19114503
1788987592132247713,32058150,28227524,3749,3681161,98058,19114503
1788987592250235292,32058898,28227661,3749,3681774,98058,19114503
1788987592364022858,32059621,28227772,3749,3682388,98059,19114503
1788987592479646776,32060348,28227915,3749,3682982,98059,19114503
1788987592597331850,32061101,28228088,3749,3683556,98060,19114503
1788987592715669578,32061858,28228164,3749,3684235,98060,19114503
1788987592833710002,32062618,28228256,3749,3684894,98060,19114503
1788987592947929403,32063351,28228329,3749,3685546,98060,19114503
1788987593065617985,32064095,28228436,3749,3686190,98061,19114503
1788987593183803847,32064857,28228558,3749,3686818,98061,19114503
1788987593301970680,32065616,28228652,3749,3687475,98061,19114503
1788987593419868018,32066378,28228810,3749,3688067,98062,19114503
1788987593537701054,32067125,28228959,3749,3688667,98063,19114503
1788987593655894424,32067886,28229040,3749,3689338,98063,19114503
1788987593773854742,32068640,28229121,3749,3690009,98063,19114503
1788987593888008010,32069363,28229182,3749,3690672,98064,19114503
1788987594006000939,32070118,28229295,3749,3691309,98064,19114503
1788987594123979677,32070870,28229427,3749,3691930,98064,19114503
1788987594242572175,32071623,28229539,3749,3692571,98065,19114503
1788987594360474090,32072376,28229670,3749,3693189,98065,19114503
1788987594478351573,32073129,28229799,3749,3693809,98065,19114503
1788987594593030589,32073859,28229926,3749,3694411,98065,19114503
1788987594711015087,32074606,28230014,3749,3695074,98065,19114503
1788987594824854160,32075339,28230082,3749,3695731,98066,19114503
1788987594943000931,32076086,28230194,3749,3696370,98066,19114503
1788987595061089973,32076846,28230278,3749,3697038,98066,19114503
1788987595176552540,32077586,28230473,3749,3697578,98067,19114503
1788987595294654867,32078339,28230605,3749,3698195,98068,19114503
1788987595412966293,32079093,28230774,3749,3698777,98069,19114503
1788987595530033477,32079839,28230889,3749,3699406,98069,19114503
1788987595648109687,32080601,28230986,3749,3700060,98069,19114503
1788987595762361392,32081333,28231012,3749,3700761,98069,19114503
1788987595874374644,32082056,28231134,3749,3701354,98070,19114503
1788987595992242867,32082815,28231267,3749,3701968,98070,19114503
1788987596110171342,32083568,28231420,3749,3702565,98071,19114503
1788987596228220016,32084319,28231537,3749,3703198,98071,19114503
1788987596346004880,32085071,28231668,3749,3703818,98071,19114503
1788987596461157580,32085814,28231788,3749,3704431,98071,19114503
1788987596575200793,32086546,28231909,3749,3705035,98071,19114503
1788987596689484250,32087275,28231930,3749,3705741,98071,19114503
1788987596807678587,32088045,28232015,3749,3706411,98072,19114503
1788987596924259968,32088784,28232152,3749,3707012,98072,19114503
1788987597042286586,32089534,28232320,3749,3707594,98073,19114503
1788987597160821469,32090291,28232421,3749,3708250,98073,19114503
1788987597278907513,32091044,28232546,3749,3708875,98075,19114503
1788987597396086435,32091797,28232689,3749,3709476,98075,19114503
1788987597514093678,32092553,28232836,3749,3710078,98076,19114503
1788987597628272107,32093284,28232869,3749,3710773,98076,19114503
1788987597742683168,32094016,28232950,3749,3711422,98076,19114503
1788987597860607217,32094782,28233079,3749,3712045,98076,19114503
1788987597978587108,32095543,28233189,3749,3712684,98077,19114503
1788987598096256502,32096305,28233291,3749,3713328,98077,19114503
1788987598214099812,32097051,28233369,3749,3714001,98077,19114503
1788987598329404700,32097797,28233563,3749,3714537,98078,19114503
1788987598447510191,32098547,28233722,3749,3715135,98079,19114503
1788987598563011624,32099289,28233751,3749,3715839,98079,19114503
1788987598677676765,32100023,28233857,3749,3716462,98079,19114503
1788987598795763113,32100780,28233958,3749,3717113,98080,19114503
1788987598909403807,32101501,28234158,3749,3717632,98080,19114503
1788987599028349729,32102265,28234308,3749,3718241,98080,19114503
1788987599143880801,32103004,28234443,3749,3718841,98081,19114503
1788987599261865668,32103764,28234642,3749,3719390,98082,19114503
1788987599380009660,32104518,28234754,3749,3720030,98082,19114503
1788987599498010770,32105273,28234897,3749,3720638,98082,19114503
1788987599612508861,32106006,28234994,3749,3721271,98083,19114503
1788987599730330757,32106762,28235137,3749,3721872,98083,19114503
1788987599848088415,32107515,28235223,3749,3722539,98084,19114503
1788987599962679327,32108236,28235415,3749,3723074,98085,19114503
1788987600080712744,32108985,28235557,3749,3723682,98086,19114503
1788987600198903506,32109741,28235714,3749,3724276,98086,19114503
1788987600316578519,32110487,28235815,3749,3724925,98087,19114503
1788987600434724260,32111244,28235898,3749,3725594,98087,19114503
1788987600548642740,32111973,28235946,3749,3726271,98087,19114503
1788987600663487061,32112706,28236081,3749,3726865,98087,19114503
1788987600781565765,32113459,28236167,3749,3727532,98088,19114503
1788987600899511064,32114213,28236351,3749,3728097,98088,19114503
1788987601017574904,32114966,28236434,3749,3728766,98088,19114503
1788987601134333899,32115705,28236581,3749,3729359,98089,19114503
1788987601248716899,32116437,28236715,3749,3729952,98091,19114503
1788987601366043754,32117194,28236794,3749,3730619,98091,19114503
1788987601480370054,32117927,28236821,3749,3731319,98091,19114503
1788987601597677427,32118680,28236905,3749,3731984,98092,19114503
1788987601713591087,32119409,28237031,3749,3732596,98092,19114503
1788987601831514926,32120178,28237178,3749,3733199,98092,19114503
1788987601949483350,32120931,28237260,3749,3733868,98092,19114503
1788987602067275348,32121680,28237393,3749,3734479,98093,19114503
1788987602182263498,32122415,28237509,3749,3735096,98094,19114503
1788987602298826985,32123168,28237642,3749,3735706,98094,19114503
1788987602413042409,32123900,28237671,3749,3736406,98094,19114503
1788987602530862528,32124653,28237786,3749,3737039,98094,19114503
1788987602648881996,32125396,28237944,3749,3737631,98095,19114503
1788987602767015565,32126154,28238106,3749,3738219,98095,19114503
1788987602885093020,32126912,28238214,3749,3738863,98095,19114503
1788987603003217527,32127668,28238369,3749,3739461,98095,19114503
1788987603117765988,32128396,28238508,3749,3740051,98096,19114503
1788987603235807060,32129152,28238656,3749,3740654,98096,19114503
1788987603350314327,32129889,28238689,3749,3741348,98096,19114503
1788987603464743264,32130614,28238794,3749,3741971,98098,19114503
1788987603582718500,32131376,28238927,3749,3742597,98098,19114503
1788987603702163055,32132136,28239084,3749,3743191,98098,19114503
1788987603818656570,32132884,28239205,3749,3743812,98098,19114503
1788987603936630509,32133640,28239286,3749,3744483,98098,19114503
1788987604053930327,32134396,28239466,3749,3745045,98100,19114503
1788987604171845219,32135150,28239573,3749,3745689,98100,19114503
1788987604284996840,32135871,28239628,3749,3746355,98100,19114503
1788987604399414391,32136597,28239726,3749,3746976,98102,19114503
1788987604517632925,32137353,28239797,3749,3747664,98102,19114503
1788987604635700293,32138113,28239935,3749,3748276,98102,19114503
1788987604747575900,32138833,28240034,3749,3748889,98103,19114503
1788987604865802731,32139587,28240211,3749,3749464,98103,19114503
1788987604983930685,32140331,28240361,3749,3750062,98104,19114503
1788987605102013797,32141084,28240439,3749,3750737,98104,19114503
1788987605219902412,32141843,28240527,3749,3751401,98104,19114503
1788987605333984261,32142575,28240613,3749,3752040,98105,19114503
1788987605451975756,32143331,28240709,3749,3752694,98105,19114503
1788987605569858512,32144088,28240793,3749,3753362,98105,19114503
1788987605684154512,32144815,28240863,3749,3754017,98106,19114503
1788987605801560170,32145561,28240970,3749,3754660,98106,19114503
1788987605919546174,32146311,28241050,3749,3755331,98107,19114503
1788987606033453906,32147039,28241112,3749,3755992,98107,19114503
1788987606151112411,32147792,28241216,3749,3756635,98108,19114503
1788987606269130537,32148548,28241303,3749,3757300,98108,19114503
1788987606383663062,32149282,28241361,3749,3757974,98108,19114503
1788987606500288973,32150020,28241472,3749,3758600,98109,19114503
1788987606618235826,32150776,28241555,3749,3759269,98109,19114503
1788987606732478978,32151504,28241588,3749,3759966,98109,19114503
1788987606846326920,32152230,28241717,3749,3760561,98109,19114503
1788987606964472781,32152983,28241805,3749,3761221,98110,19114503
1788987607078430407,32153715,28241831,3749,3761921,98110,19114503
1788987607195734080,32154460,28241923,3749,3762579,98110,19114503
1788987607310335446,32155196,28242079,3749,3763149,98110,19114503
1788987607424698445,32155925,28242114,3749,3763848,98110,19114503
1788987607540853620,32156672,28242229,3749,3764469,98111,19114503
1788987607658996132,32157420,28242370,3749,3765078,98111,19114503
1788987607772841342,32158150,28242413,3749,3765763,98111,19114503
1788987607887494471,32158883,28242519,3749,3766387,98112,19114503
1788987608005442268,32159640,28242668,3749,3766987,98112,19114503
1788987608119618179,32160368,28242716,3749,3767669,98112,19114503
1788987608233822615,32161095,28242816,3749,3768291,98114,19114503
1788987608352207140,32161851,28242911,3749,3768948,98114,19114503
1788987608469666206,32162606,28243006,3749,3769605,98114,19114503
1788987608584324103,32163342,28243118,3749,3770224,98114,19114503
1788987608703019186,32164080,28243378,3749,3770687,98131,19114503
1788987608818686719,32164822,28243642,3749,3771131,98148,19114503
1788987608935862693,32165557,28243902,3749,3771586,98163,19114503
1788987609050830250,32166289,28244171,3749,3772024,98178,19114503
1788987609168567518,32167003,28244436,3749,3772484,98190,19114503
1788987609286215423,32167764,28244675,3749,3772966,98206,19114503
1788987609400768167,32168478,28244937,3749,3773410,98217,19114503
1788987609516566310,32169210,28245203,3749,3773853,98232,19114503
1788987609632980073,32169934,28245473,3749,3774300,98243,19114503
1788987609747894047,32170649,28245724,3749,3774755,98256,19114503
1788987609865126125,32171402,28246000,3749,3775197,98270,19114503
1788987609982046746,32172148,28246285,3749,3775631,98285,19114503
1788987610098504027,32172878,28246540,3749,3776087,98306,19114503
1788987610214302309,32173596,28246791,3749,3776542,98323,19114503
1788987610329311760,32174321,28247064,3749,3776973,98337,19114503
1788987610446846975,32175071,28247335,3749,3777422,98354,19114503
1788987610561731565,32175790,28247602,3749,3777858,98367,19114503
1788987610678724109,32176541,28247832,3749,3778353,98379,19114503
1788987610795440546,32177285,28248084,3749,3778812,98399,19114503
1788987610911080273,32178016,28248340,3749,3779264,98411,19114503
1788987611026818272,32178749,28248592,3749,3779719,98427,19114503
1788987611142520339,32179465,28248859,3749,3780165,98439,19114503
1788987611258295158,32180204,28249108,3749,3780626,98453,19114503
1788987611375391490,32180941,28249352,3749,3781099,98469,19114503
1788987611490927417,32181669,28249621,3749,3781538,98484,19114503
1788987611604558930,32182395,28249889,3749,3781970,98497,19114503
1788987611721479063,32183134,28250150,3749,3782427,98510,19114503
1788987611838516552,32183864,28250431,3749,3782868,98522,19114503
1788987611954329158,32184595,28250697,3749,3783312,98535,19114503
1788987612069318503,32185338,28250983,3749,3783736,98548,19114503
1788987612186168532,32186067,28251242,3749,3784193,98561,19114503
1788987612303426019,32186826,28251488,3749,3784663,98579,19114503
1788987612419076310,32187568,28251743,3749,3785116,98596,19114503
1788987612532847634,32188260,28251982,3749,3785570,98613,19114503
1788987612648800020,32188979,28252213,3749,3786059,98626,19114503
1788987612764469950,32189703,28252475,3749,3786503,98639,19114503
1788987612878656224,32190394,28252738,3749,3786938,98655,19114503
1788987612992698881,32191121,28252997,3749,3787382,98668,19114503
1788987613107414935,32191857,28253247,3749,3787834,98683,19114503
1788987613223569333,32192604,28253503,3749,3788291,98696,19114503
1788987613340037410,32193319,28253762,3749,3788750,98706,19114503
1788987613455546159,32194048,28254043,3749,3789184,98717,19114503
1788987613569990837,32194764,28254321,3749,3789605,98732,19114503
1788987613685155752,32195487,28254581,3749,3790052,98746,19114503
1788987613801274405,32196210,28254827,3749,3790518,98760,19114503
1788987613914976925,32196928,28255068,3749,3790976,98774,19114503
1788987614030317374,32197652,28255388,3749,3791367,98788,19114503
1788987614147909582,32198397,28255672,3749,3791800,98806,19114503
1788987614262416638,32199106,28255956,3749,3792219,98820,19114503
1788987614377503731,32199839,28256227,3749,3792651,98836,19114503
1788987614490967948,32200556,28256512,3749,3793060,98853,19114503
1788987614608280921,32201286,28256780,3749,3793513,98867,19114503
1788987614722670143,32202006,28257015,3749,3793984,98879,19114503
1788987614835600436,32202706,28257277,3749,3794409,98898,19114503
1788987614949238269,32203408,28257530,3749,3794855,98909,19114503
1788987615064887347,32204125,28257796,3749,3795300,98922,19114503
1788987615179340164,32204847,28258054,3749,3795749,98933,19114503
1788987615295191578,32205572,28258345,3749,3796168,98948,19114503
1788987615408975371,32206282,28258576,3749,3796635,98965,19114503
1788987615526158609,32207014,28258851,3749,3797082,98975,19114503
1788987615640025869,32207739,28259107,3749,3797524,98988,19114503
1788987615757041719,32208475,28259352,3749,3797997,99005,19114503
1788987615872772488,32209197,28259601,3749,3798456,99019,19114503
1788987615989564513,32209913,28259864,3749,3798913,99033,19114503
1788987616107402753,32210656,28260105,3749,3799402,99041,19114503
1788987616222317593,32211380,28260355,3749,3799853,99056,19114503
1788987616335711987,32212115,28260613,3749,3800298,99065,19114503
1788987616451570583,32212827,28260889,3749,3800733,99079,19114503
1788987616568039537,32213556,28261178,3749,3801159,99092,19114503
1788987616682907018,32214287,28261437,3749,3801616,99103,19114503
1788987616798440497,32215003,28261743,3749,3802017,99116,19114503
1788987616914239598,32215748,28262021,3749,3802447,99131,19114503
1788987617029248223,32216465,28262284,3749,3802892,99145,19114503
1788987617145025651,32217203,28262542,3749,3803342,99161,19114503
1788987617261382485,32217918,28262795,3749,3803804,99172,19114503
1788987617375592207,32218632,28263018,3749,3804286,99184,19114503
1788987617492280660,32219377,28263279,3749,3804746,99195,19114503
1788987617606814153,32220082,28263528,3749,3805197,99211,19114503
1788987617722671943,32220805,28263792,3749,3805640,99227,19114503
1788987617838336159,32221541,28264043,3749,3806104,99237,19114503
1788987617953907110,32222244,28264302,3749,3806555,99250,19114503
1788987618068156687,32222972,28264576,3749,3806988,99261,19114503
1788987618185024955,32223704,28264846,3749,3807439,99271,19114503
1788987618301048181,32224448,28265114,3749,3807883,99285,19114503
1788987618416023293,32225166,28265372,3749,3808333,99298,19114503
1788987618531049520,32225888,28265639,3749,3808770,99313,19114503
1788987618646349458,32226605,28265918,3749,3809200,99327,19114503
1788987618762410200,32227335,28266193,3749,3809643,99337,19114503
1788987618878807724,32228060,28266485,3749,3810064,99351,19114503
1788987618993879162,32228788,28266745,3749,3810506,99368,19114503
1788987619109800541,32229482,28267003,3749,3810959,99382,19114503
1788987619225002058,32230189,28267331,3749,3811342,99393,19114503
1788987619342892410,32230928,28267583,3749,3811814,99409,19114503
1788987619459304825,32231640,28267824,3749,3812295,99419,19114503
1788987619573458466,32232363,28268082,3749,3812739,99430,19114503
1788987619688188853,32233083,28268343,3749,3813183,99444,19114503
1788987619804024433,32233819,28268602,3749,3813636,99456,19114503
1788987619918542895,32234562,28268875,3749,3814068,99469,19114503
1788987620034111977,32235286,28269122,3749,3814542,99476,19114503
1788987620156018010,32236061,28269382,3749,3815026,99492,19114503
1788987620271461021,32236807,28269685,3749,3815433,99506,19114503
1788987620386872370,32237522,28269946,3749,3815882,99519,19114503
1788987620502064746,32238244,28270221,3749,3816311,99535,19114503
1788987620617116931,32238972,28270473,3749,3816767,99549,19114503
1788987620733841401,32239707,28270742,3749,3817215,99568,19114503
1788987620849545833,32240428,28270989,3749,3817674,99580,19114503
1788987620964639352,32241139,28271269,3749,3818103,99591,19114503
1788987621078404795,32241864,28271550,3749,3818524,99604,19114503
1788987621193406926,32242581,28271809,3749,3818971,99615,19114503
1788987621307254205,32243311,28272053,3749,3819426,99630,19114503
1788987621422687215,32244057,28272291,3749,3819902,99641,19114503
1788987621538037108,32244782,28272550,3749,3820347,99657,19114503
1788987621653233647,32245500,28272817,3749,3820789,99668,19114503
1788987621768212527,32246218,28273082,3749,3821230,99682,19114503
1788987621884455825,32246955,28273328,3749,3821701,99694,19114503
1788987621999841985,32247685,28273579,3749,3822162,99708,19114503
1788987622115659617,32248414,28273823,3749,3822623,99723,19114503
1788987622232242343,32249164,28274068,3749,3823092,99738,19114503
1788987622347530340,32249870,28274322,3749,3823545,99753,19114503
1788987622464354696,32250628,28274577,3749,3824014,99761,19114503
1788987622580975293,32251358,28274824,3749,3824483,99772,19114503
1788987622694720216,32252069,28275090,3749,3824917,99784,19114503
1788987622812361219,32252813,28275329,3749,3825407,99794,19114503
1788987622928417759,32253538,28275579,3749,3825868,99808,19114503
1788987623044579838,32254263,28275835,3749,3826326,99820,19114503
1788987623160966594,32254998,28276092,3749,3826783,99835,19114503
1788987623276077895,32255715,28276332,3749,3827249,99848,19114503
1788987623391025548,32256440,28276558,3749,3827734,99858,19114503
1788987623507692501,32257161,28276819,3749,3828190,99871,19114503
1788987623624097395,32257913,28277071,3749,3828649,99887,19114503
1788987623741114454,32258657,28277338,3749,3829095,99909,19114503
1788987623856309999,32259373,28277612,3749,3829530,99921,19114503
1788987623972096303,32260106,28277871,3749,3829987,99931,19114503
1788987624088489626,32260816,28278110,3749,3830464,99944,19114503
1788987624204267565,32261531,28278365,3749,3830920,99957,19114503
1788987624319259705,32262243,28278630,3749,3831356,99975,19114503
1788987624434102316,32262975,28278888,3749,3831804,99987,19114503
1788987624551318828,32263706,28279136,3749,3832277,100000,19114503
1788987624666753141,32264439,28279422,3749,3832699,100015,19114503
1788987624784965557,32265175,28279676,3749,3833174,100027,19114503
1788987624901041553,32265889,28279941,3749,3833622,100041,19114503
1788987625015257799,32266615,28280199,3749,3834065,100054,19114503
1788987625131386987,32267344,28280445,3749,3834532,100069,19114503
1788987625246595358,32268062,28280705,3749,3834972,100088,19114503
1788987625363370495,32268802,28280978,3749,3835421,100099,19114503
1788987625481401169,32269525,28281218,3749,3835909,100111,19114503
1788987625597278843,32270240,28281458,3749,3836382,100122,19114503
1788987625713413213,32270924,28281706,3749,3836846,100134,19114503
1788987625827460269,32271648,28281975,3749,3837278,100149,19114503
1788987625941787178,32272363,28282218,3749,3837733,100164,19114503
1788987626057573385,32273090,28282468,3749,3838197,100178,19114503
1788987626174460334,32273824,28282741,3749,3838642,100191,19114503
1788987626289990832,32274534,28282994,3749,3839093,100207,19114503
1788987626406646548,32275235,28283263,3749,3839543,100220,19114503
1788987626520968305,32275958,28283538,3749,3839971,100232,19114503
1788987626635666762,32276681,28283791,3749,3840422,100247,19114503
1788987626752585359,32277386,28284025,3749,3840912,100258,19114503
1788987626869087250,32278112,28284293,3749,3841363,100268,19114503
1788987626984724125,32278847,28284561,3749,3841806,100282,19114503
1788987627101067085,32279590,28284830,3749,3842253,100296,19114503
1788987627216181042,32280302,28285106,3749,3842684,100306,19114503
1788987627330861396,32281024,28285360,3749,3843135,100318,19114503
1788987627447857871,32281761,28285604,3749,3843615,100329,19114503
1788987627564762254,32282513,28285847,3749,3844086,100345,19114503
1788987627677263044,32283229,28286111,3749,3844512,100359,19114503
1788987627791819076,32283949,28286360,3749,3844965,100376,19114503
1788987627906080947,32284658,28286629,3749,3845401,100387,19114503
1788987628020850826,32285375,28286914,3749,3845825,100398,19114503
1788987628137154961,32286113,28287192,3749,3846267,100406,19114503
1788987628251397708,32286837,28287463,3749,3846702,100417,19114503
1788987628367043188,32287559,28287723,3749,3847150,100430,19114503
1788987628483449555,32288285,28287971,3749,3847620,100442,19114503
1788987628600638263,32289011,28288235,3749,3848078,100452,19114503
1788987628717061862,32289753,28288519,3749,3848513,100463,19114503
1788987628834426200,32290510,28288752,3749,3849003,100476,19114503
1788987628951163277,32291223,28289056,3749,3849413,100492,19114503
1788987629065235444,32291931,28289334,3749,3849839,100504,19114503
1788987629180903809,32292668,28289587,3749,3850300,100517,19114503
1788987629295991626,32293370,28289854,3749,3850735,100531,19114503
1788987629412124971,32294099,28290090,3749,3851218,100540,19114503
1788987629530205429,32294855,28290373,3749,3851656,100558,19114503
1788987629644916079,32295555,28290633,3749,3852102,100570,19114503
1788987629761163654,32296274,28290878,3749,3852572,100583,19114503
1788987629875364518,32296995,28291138,3749,3853013,100598,19114503
1788987629991532177,32297748,28291379,3749,3853483,100611,19114503
1788987630104776861,32298448,28291622,3749,3853942,100621,19114503
1788987630219102117,32299157,28291901,3749,3854366,100633,19114503
1788987630333245092,32299875,28292146,3749,3854827,100645,19114503
1788987630449862393,32300589,28292410,3749,3855279,100658,19114503
1788987630566459368,32301313,28292660,3749,3855736,100678,19114503
1788987630682921529,32302046,28292919,3749,3856190,100694,19114503
1788987630798313074,32302799,28293158,3749,3856664,100704,19114503
1788987630913516677,32303534,28293415,3749,3857112,100721,19114503
1788987631028401384,32304249,28293666,3749,3857568,100734,19114503
1788987631143599894,32304963,28293934,3749,3858005,100750,19114503
1788987631259867807,32305695,28294183,3749,3858471,100762,19114503
1788987631374539551,32306401,28294440,3749,3858916,100776,19114503
1788987631490475285,32307142,28294682,3749,3859388,100790,19114503
1788987631605875486,32307867,28294947,3749,3859834,100800,19114503
1788987631722189232,32308612,28295197,3749,3860292,100820,19114503
1788987631836087577,32309326,28295453,3749,3860734,100834,19114503
1788987631951783790,32310054,28295700,3749,3861197,100848,19114503
1788987632065764012,32310772,28295965,3749,3861632,100863,19114503
1788987632181387600,32311502,28296195,3749,3862116,100875,19114503
1788987632295229338,32312233,28296432,3749,3862576,100892,19114503
1788987632409383690,32312965,28296685,3749,3863017,100910,19114503
1788987632524839834,32313690,28296935,3749,3863474,100924,19114503
1788987632640758889,32314416,28297171,3749,3863949,100938,19114503
1788987632755902142,32315145,28297398,3749,3864438,100950,19114503
1788987632869927081,32315850,28297646,3749,3864887,100963,19114503
1788987632984992843,32316566,28297924,3749,3865313,100977,19114503
1788987633101735698,32317305,28298212,3749,3865744,100989,19114503
1788987633217835362,32318057,28298470,3749,3866198,101004,19114503
1788987633334331748,32318774,28298718,3749,3866670,101015,19114503
1788987633451209772,32319521,28298953,3749,3867151,101032,19114503
1788987633565737009,32320235,28299211,3749,3867593,101049,19114503
1788987633681710264,32320951,28299465,3749,3868047,101062,19114503
1788987633799150433,32321683,28299717,3749,3868517,101076,19114503
1788987633913621912,32322400,28299966,3749,3868970,101090,19114503
1788987634029870008,32323129,28300249,3749,3869399,101106,19114503
1788987634145210030,32323864,28300524,3749,3869836,101115,19114503
1788987634261568687,32324610,28300779,3749,3870290,101133,19114503
1788987634377210954,32325337,28301029,3749,3870752,101145,19114503
1788987634492877728,32326066,28301304,3749,3871187,101159,19114503
1788987634608194714,32326817,28301559,3749,3871647,101169,19114503
1788987634723035861,32327543,28301831,3749,3872079,101183,19114503
1788987634839903347,32328301,28302073,3749,3872556,101197,19114503
1788987634955917616,32329042,28302337,3749,3873003,101209,19114503
1788987635070187531,32329737,28302573,3749,3873466,101226,19114503
1788987635185537289,32330468,28302851,3749,3873898,101240,19114503
1788987635301383042,32331190,28303117,3749,3874341,101253,19114503
1788987635417635575,32331910,28303378,3749,3874792,101269,19114503
1788987635532080731,32332638,28303613,3749,3875264,101279,19114503
1788987635647930584,32333368,28303881,3749,3875702,101298,19114503
1788987635763790730,32334117,28304128,3749,3876165,101313,19114503
1788987635878828921,32334842,28304383,3749,3876618,101325,19114503
1788987635993800887,32335554,28304642,3749,3877065,101338,19114503
1788987636110231352,32336291,28304916,3749,3877505,101355,19114503
1788987636226480534,32337041,28305164,3749,3877970,101371,19114503
1788987636341504377,32337769,28305420,3749,3878420,101386,19114503
1788987636457131288,32338506,28305684,3749,3878864,101401,19114503
1788987636571083147,32339217,28305938,3749,3879305,101417,19114503
1788987636687181081,32339939,28306201,3749,3879760,101429,19114503
1788987636802561472,32340653,28306447,3749,3880223,101442,19114503
1788987636918087626,32341370,28306717,3749,3880661,101455,19114503
1788987637034358363,32342097,28306983,3749,3881109,101469,19114503
1788987637150920100,32342820,28307239,3749,3881569,101482,19114503
1788987637265256220,32343521,28307490,3749,3882011,101502,19114503
1788987637381358122,32344248,28307742,3749,3882475,101513,19114503
1788987637496549561,32344966,28307984,3749,3882944,101523,19114503
1788987637609547101,32345660,28308231,3749,3883389,101539,19114503
1788987637724230218,32346375,28308487,3749,3883840,101553,19114503
1788987637838798441,32347089,28308759,3749,3884267,101568,19114503
1788987637954616431,32347814,28309042,3749,3884692,101585,19114503
1788987638068575402,32348525,28309335,3749,3885100,101598,19114503
1788987638184714043,32349247,28309568,3749,3885577,101615,19114503
1788987638301266047,32349973,28309826,3749,3886030,101633,19114503
1788987638417339019,32350704,28310077,3749,3886492,101646,19114503
1788987638533518573,32351412,28310330,3749,3886949,101662,19114503
1788987638647287719,32352094,28310581,3749,3887399,101673,19114503
1788987638763239171,32352807,28310872,3749,3887822,101687,19114503
1788987638880519275,32353550,28311121,3749,3888295,101698,19114503
1788987638995508489,32354290,28311378,3749,3888742,101714,19114503
1788987639111562593,32355028,28311642,3749,3889184,101732,19114503
1788987639226302750,32355734,28311909,3749,3889624,101746,19114503
1788987639340869193,32356455,28312164,3749,3890067,101761,19114503
1788987639457726768,32357183,28312429,3749,3890523,101774,19114503
1788987639573568257,32357923,28312714,3749,3890953,101785,19114503
1788987639691053618,32358661,28312992,3749,3891396,101799,19114503
1788987639807648221,32359382,28313255,3749,3891853,101811,19114503
1788987639923931091,32360122,28313502,3749,3892319,101823,19114503
1788987640038313798,32360821,28313742,3749,3892784,101835,19114503
1788987640153498708,32361527,28313996,3749,3893234,101851,19114503
1788987640268390950,32362252,28314230,3749,3893704,101867,19114503
1788987640385083308,32362978,28314494,3749,3894164,101878,19114503
1788987640500453651,32363674,28314760,3749,3894597,101896,19114503
1788987640616257096,32364396,28315024,3749,3895044,101911,19114503
1788987640732507358,32365119,28315287,3749,3895493,101925,19114503
1788987640846109474,32365830,28315541,3749,3895940,101939,19114503
1788987640965898796,32366567,28315785,3749,3896431,101950,19114503
1788987641081320809,32367283,28316035,3749,3896892,101964,19114503
1788987641195370961,32367984,28316289,3749,3897335,101977,19114503
1788987641309960240,32368700,28316544,3749,3897780,101996,19114503
1788987641424804374,32369436,28316801,3749,3898229,102009,19114503
1788987641541516418,32370163,28317118,3749,3898633,102017,19114503
1788987641654908506,32370885,28317818,3749,3898637,102024,19152519
1788987641771151540,32371631,28318228,3749,3898961,102025,19152903
1788987641889380707,32372385,28318371,3749,3899569,102025,19152903
1788987642006996982,32373138,28318492,3749,3900200,102025,19152903
1788987642121163569,32373865,28318620,3749,3900796,102026,19152903
1788987642239091110,32374623,28318744,3749,3901424,102026,19152903
1788987642355258851,32375364,28318831,3749,3902075,102026,19152903
1788987642469435419,32376095,28318916,3749,3902716,102026,19152903
1788987642587428766,32376845,28319031,3749,3903352,102026,19152903
1788987642703489574,32377582,28319122,3749,3904000,102026,19152903
1788987642817247124,32378307,28319209,3749,3904637,102027,19152903
1788987642935227472,32379061,28319294,3749,3905306,102027,19152903
1788987643050619518,32379796,28319370,3749,3905967,102027,19152903
1788987643164742989,32380521,28319448,3749,3906613,102028,19152903
1788987643282776415,32381274,28319572,3749,3907240,102029,19152903
1788987643397631570,32382010,28319599,3749,3907947,102029,19152903
1788987643511888022,32382750,28319674,3749,3908595,102029,19152903
1788987643630279428,32383506,28319807,3749,3909212,102029,19152903
1788987643744238477,32384236,28319829,3749,3909919,102029,19152903
1788987643858530086,32384972,28319909,3749,3910569,102030,19152903
1788987643976572451,32385726,28320033,3749,3911196,102030,19152903
1788987644090241655,32386457,28320055,3749,3911896,102030,19152903
1788987644205617108,32387190,28320144,3749,3912543,102031,19152903
1788987644323064449,32387948,28320279,3749,3913153,102031,19152903
1788987644437466500,32388677,28320311,3749,3913848,102031,19152903
1788987644556296753,32389441,28320405,3749,3914508,102033,19152903
1788987644673688471,32390189,28320524,3749,3915140,102033,19152903
1788987644788469771,32390921,28320552,3749,3915839,102033,19152903
1788987644905740853,32391668,28320666,3749,3916474,102034,19152903
1788987645021926178,32392413,28320797,3749,3917081,102035,19152903
1788987645135886808,32393144,28320823,3749,3917780,102035,19152903
1788987645252346239,32393882,28320933,3749,3918410,102037,19152903
1788987645366823629,32394621,28321040,3749,3919032,102037,19152903
1788987645484655581,32395370,28321173,3749,3919647,102039,19152903
1788987645602564754,32396123,28321299,3749,3920271,102039,19152903
1788987645720531551,32396871,28321417,3749,3920903,102040,19152903
1788987645839164809,32397634,28321500,3749,3921571,102041,19152903
1788987645957193413,32398388,28321578,3749,3922245,102041,19152903
1788987646071074661,32399119,28321644,3749,3922904,102042,19152903
1788987646188060145,32399864,28321743,3749,3923549,102042,19152903
1788987646305899797,32400622,28321913,3749,3924129,102042,19152903
1788987646421916869,32401359,28322035,3749,3924745,102043,19152903
1788987646539580750,32402100,28322122,3749,3925407,102044,19152903
1788987646657921607,32402857,28322274,3749,3926004,102045,19152903
1788987646776241713,32403610,28322429,3749,3926601,102045,19152903
1788987646890577608,32404339,28322461,3749,3927302,102045,19152903
1788987647005402625,32405083,28322548,3749,3927939,102046,19152903
1788987647123411269,32405841,28322700,3749,3928537,102047,19152903
1788987647241267040,32406599,28322814,3749,3929172,102048,19152903
1788987647359456771,32407355,28322940,3749,3929798,102048,19152903
1788987647477453145,32408117,28323083,3749,3930406,102048,19152903
1788987647595021559,32408864,28323216,3749,3931024,102048,19152903
1788987647709107325,32409589,28323360,3749,3931604,102049,19152903
1788987647822993588,32410314,28323405,3749,3932286,102049,19152903
1788987647940526412,32411070,28323503,3749,3932935,102049,19152903
1788987648054582742,32411795,28323639,3749,3933525,102050,19152903
1788987648172586699,32412534,28323780,3749,3934134,102051,19152903
1788987648305459242,32413387,28323975,3749,3934776,102052,19152903
1788987648423427910,32414145,28324109,3749,3935392,102053,19152903
1788987648541855304,32414905,28324205,3749,3936054,102053,19152903
1788987648660582439,32415663,28324279,3749,3936738,102053,19152903
1788987648774992440,32416401,28324356,3749,3937385,102054,19152903
1788987648893446723,32417159,28324450,3749,3938042,102054,19152903
1788987649011338584,32417910,28324605,3749,3938641,102054,19152903
1788987649124749818,32418626,28324713,3749,3939254,102055,19152903
1788987649242689013,32419385,28324791,3749,3939928,102055,19152903
1788987649360569265,32420137,28324950,3749,3940519,102055,19152903
1788987649478532850,32420891,28325099,3749,3941120,102055,19152903
1788987649592995698,32421626,28325130,3749,3941816,102055,19152903
1788987649707305990,32422357,28325245,3749,3942425,102056,19152903
1788987649825283256,32423112,28325384,3749,3943036,102057,19152903
1788987649946001899,32423877,28325518,3749,3943669,102059,19152903
1788987650067017727,32424651,28325622,3749,3944336,102059,19152903
1788987650183996468,32425399,28325777,3749,3944926,102059,19152903
1788987650302003773,32426153,28325931,3749,3945521,102059,19152903
1788987650423101732,32426926,28326021,3749,3946203,102059,19152903
1788987650540627756,32427670,28326075,3749,3946896,102060,19152903
1788987650660000604,32428434,28326197,3749,3947532,102060,19152903
1788987650780974331,32429207,28326334,3749,3948166,102060,19152903
1788987650900002321,32429964,28326435,3749,3948820,102061,19152903
1788987651017542430,32430715,28326572,3749,3949435,102061,19152903
1788987651137000902,32431475,28326708,3749,3950054,102062,19152903
1788987651273245333,32432346,28326848,3749,3950780,102062,19152903
1788987651387917580,32433082,28326869,3749,3951493,102063,19152903
1788987651503413455,32433816,28326951,3749,3952142,102063,19152903
1788987651621324756,32434564,28327141,3749,3952702,102064,19152903
1788987651739246307,32435317,28327260,3749,3953336,102064,19152903
1788987651855733657,32436062,28327354,3749,3953985,102064,19152903
1788987651973348763,32436814,28327494,3749,3954591,102065,19152903
1788987652087679855,32437531,28327623,3749,3955190,102066,19152903
1788987652205739285,32438285,28327708,3749,3955857,102066,19152903
1788987652319721340,32439011,28327758,3749,3956532,102066,19152903
1788987652435821541,32439755,28327866,3749,3957161,102067,19152903
1788987652553892034,32440515,28327947,3749,3957832,102068,19152903
1788987652672113362,32441276,28328096,3749,3958432,102069,19152903
1788987652789879773,32442032,28328231,3749,3959048,102069,19152903
1788987652908108001,32442783,28328381,3749,3959647,102070,19152903
1788987653026089294,32443537,28328475,3749,3960304,102070,19152903
1788987653142383906,32444279,28328573,3749,3960946,102070,19152903
1788987653256717570,32445014,28328663,3749,3961585,102072,19152903
1788987653374541592,32445772,28328735,3749,3962265,102072,19152903
1788987653490751766,32446502,28328887,3749,3962850,102072,19152903
1788987653607708763,32447258,28328998,3749,3963483,102073,19152903
1788987653725657424,32448017,28329112,3749,3964119,102074,19152903
1788987653840000212,32448756,28329253,3749,3964701,102076,19152903
1788987653957927735,32449515,28329383,3749,3965322,102076,19152903
1788987654072442199,32450244,28329404,3749,3966028,102076,19152903
1788987654188128936,32450985,28329482,3749,3966687,102076,19152903
1788987654305889576,32451738,28329616,3749,3967303,102076,19152903
1788987654423578504,32452498,28329741,3749,3967929,102076,19152903
1788987654541525314,32453253,28329820,3749,3968600,102077,19152903
1788987654656084944,32453986,28329971,3749,3969177,102077,19152903
1788987654773460015,32454743,28330094,3749,3969796,102078,19152903
1788987654891402473,32455493,28330179,3749,3970462,102079,19152903
1788987655005465962,32456225,28330239,3749,3971130,102079,19152903
1788987655122925713,32456974,28330340,3749,3971776,102079,19152903
1788987655240950222,32457723,28330489,3749,3972379,102080,19152903
1788987655357920910,32458472,28330592,3749,3973019,102080,19152903
1788987655474635543,32459210,28330727,3749,3973629,102080,19152903
1788987655592830237,32459973,28330863,3749,3974242,102081,19152903
1788987655710850231,32460729,28330994,3749,3974863,102081,19152903
1788987655825736233,32461460,28331117,3749,3975473,102081,19152903
1788987655939468447,32462191,28331198,3749,3976109,102081,19152903
1788987656057405399,32462946,28331277,3749,3976783,102081,19152903
1788987656174065903,32463696,28331412,3749,3977390,102082,19152903
1788987656291210001,32464443,28331546,3749,3978001,102083,19152903
1788987656409226239,32465199,28331667,3749,3978634,102083,19152903
1788987656527676221,32465947,28331843,3749,3979211,102083,19152903
1788987656645769484,32466703,28331975,3749,3979830,102083,19152903
1788987656759762437,32467433,28331997,3749,3980536,102083,19152903
1788987656877232352,32468181,28332089,3749,3981185,102084,19152903
1788987656994007380,32468928,28332222,3749,3981797,102085,19152903
1788987657111753549,32469674,28332349,3749,3982419,102085,19152903
1788987657229910455,32470432,28332455,3749,3983065,102085,19152903
1788987657346033870,32471171,28332620,3749,3983636,102085,19152903
1788987657463523893,32471911,28332777,3749,3984230,102086,19152903
1788987657581748878,32472663,28332858,3749,3984900,102086,19152903
1788987657695835569,32473397,28332914,3749,3985570,102086,19152903
1788987657812911828,32474149,28333060,3749,3986168,102087,19152903
1788987657930985612,32474902,28333152,3749,3986828,102087,19152903
1788987658046149734,32475650,28333278,3749,3987433,102087,19152903
1788987658163290406,32476395,28333446,3749,3988009,102088,19152903
1788987658281426633,32477147,28333601,3749,3988603,102089,19152903
1788987658399511435,32477900,28333698,3749,3989263,102090,19152903
1788987658516928231,32478654,28333798,3749,3989909,102090,19152903
1788987658630977590,32479384,28333902,3749,3990528,102091,19152903
1788987658748781604,32480132,28334022,3749,3991160,102091,19152903
1788987658867432651,32480893,28334201,3749,3991730,102091,19152903
1788987658984236524,32481639,28334353,3749,3992323,102092,19152903
1788987659102229378,32482396,28334437,3749,3992989,102092,19152903
1788987659220360668,32483145,28334579,3749,3993596,102093,19152903
1788987659338298198,32483900,28334710,3749,3994216,102093,19152903
1788987659453038229,32484636,28334752,3749,3994908,102093,19152903
1788987659567863657,32485360,28334833,3749,3995557,102094,19152903
1788987659686019869,32486111,28334959,3749,3996181,102094,19152903
1788987659804001392,32486862,28335090,3749,3996801,102094,19152903
1788987659921901272,32487618,28335171,3749,3997470,102094,19152903
1788987660039551894,32488366,28335318,3749,3998072,102096,19152903
1788987660157041539,32489121,28335435,3749,3998699,102096,19152903
1788987660274893465,32489873,28335536,3749,3999350,102096,19152903
1788987660388999482,32490602,28335606,3749,4000006,102097,19152903
1788987660506784654,32491349,28335704,3749,4000658,102097,19152903
1788987660624703705,32492100,28335832,3749,4001280,102098,19152903
1788987660743022938,32492857,28335940,3749,4001922,102098,19152903
1788987660858210671,32493588,28336102,3749,4002492,102098,19152903
1788987660976133241,32494334,28336236,3749,4003108,102099,19152903
1788987661094200687,32495086,28336359,3749,4003738,102100,19152903
1788987661208243267,32495817,28336430,3749,4004392,102100,19152903
1788987661322562204,32496545,28336503,3749,4005049,102100,19152903
1788987661441424623,32497304,28336606,3749,4005702,102101,19152903
1788987661559646621,32498056,28336719,3749,4006339,102102,19152903
1788987661677658594,32498815,28336814,3749,4006996,102102,19152903
1788987661795643762,32499569,28336952,3749,4007608,102102,19152903
1788987661912979843,32500323,28337068,3749,4008237,102103,19152903
1788987662030116917,32501070,28337162,3749,4008886,102104,19152903
1788987662143802534,32501792,28337188,3749,4009587,102104,19152903
1788987662257445062,32502524,28337346,3749,4010151,102104,19152903
1788987662374404937,32503270,28337445,3749,4010793,102104,19152903
1788987662492345089,32504019,28337581,3749,4011406,102105,19152903
1788987662610363155,32504772,28337708,3749,4012029,102106,19152903
1788987662728104162,32505526,28337818,3749,4012669,102106,19152903
1788987662845133744,32506281,28337914,3749,4013319,102106,19152903
1788987662963179228,32507037,28337993,3749,4013991,102106,19152903
1788987663077125093,32507755,28338076,3749,4014631,102107,19152903
1788987663195177426,32508509,28338151,3749,4015307,102107,19152903
1788987663310769993,32509252,28338230,3749,4015968,102108,19152903
1788987663425000122,32509991,28338306,3749,4016617,102108,19152903
1788987663544135091,32510755,28338415,3749,4017267,102109,19152903
1788987663658871963,32511492,28338499,3749,4017914,102109,19152903
1788987663773192534,32512219,28338576,3749,4018561,102109,19152903
1788987663891210071,32512971,28338692,3749,4019199,102110,19152903
1788987664005515583,32513702,28338746,3749,4019874,102111,19152903
1788987664120243348,32514447,28338828,3749,4020519,102111,19152903
1788987664238182681,32515197,28338968,3749,4021131,102111,19152903
1788987664352392303,32515925,28339000,3749,4021825,102111,19152903
1788987664466417840,32516641,28339098,3749,4022450,102112,19152903
1788987664584393073,32517400,28339241,3749,4023058,102112,19152903
1788987664698541923,32518129,28339267,3749,4023766,102112,19152903
1788987664812793418,32518861,28339342,3749,4024415,102113,19152903
1788987664930831273,32519620,28339509,3749,4024998,102113,19152903
1788987665044756131,32520344,28339542,3749,4025693,102113,19152903
1788987665159132319,32521085,28339652,3749,4026307,102113,19152903
1788987665277198746,32521839,28339803,3749,4026907,102113,19152903
1788987665391232582,32522569,28339832,3749,4027605,102113,19152903
1788987665505741215,32523298,28339917,3749,4028251,102114,19152903
1788987665623905787,32524059,28340056,3749,4028864,102114,19152903
1788987665738431456,32524789,28340080,3749,4029565,102114,19152903
1788987665855999099,32525548,28340161,3749,4030233,102115,19152903
1788987665971318300,32526287,28340302,3749,4030823,102116,19152903
1788987666085341626,32527013,28340328,3749,4031525,102116,19152903
1788987666203440674,32527773,28340531,3749,4032065,102122,19152903
1788987666321218115,32528502,28340813,3749,4032506,102138,19152903
1788987666436138541,32529220,28341071,3749,4032951,102151,19152903
1788987666552743113,32529973,28341334,3749,4033398,102171,19152903
1788987666667519647,32530696,28341586,3749,4033848,102185,19152903
1788987666783914647,32531438,28341842,3749,4034308,102198,19152903
1788987666898110451,32532168,28342155,3749,4034699,102210,19152903
1788987667012912519,32532879,28342448,3749,4035114,102222,19152903
1788987667127879910,32533617,28342720,3749,4035549,102238,19152903
1788987667242032033,32534336,28342976,3749,4035993,102251,19152903
1788987667358205670,32535047,28343230,3749,4036450,102265,19152903
1788987667473023814,32535764,28343517,3749,4036870,102276,19152903
1788987667587696922,32536491,28343768,3749,4037326,102290,19152903
1788987667704155886,32537235,28344033,3749,4037776,102303,19152903
1788987667818633310,32537934,28344291,3749,4038217,102319,19152903
1788987667934727898,32538653,28344551,3749,4038667,102335,19152903
1788987668049086997,32539358,28344825,3749,4039095,102349,19152903
1788987668163900040,32540065,28345099,3749,4039526,102362,19152903
1788987668280562605,32540785,28345374,3749,4039974,102375,19152903
1788987668397223823,32541505,28345622,3749,4040441,102387,19152903
1788987668512850120,32542229,28345878,3749,4040897,102398,19152903
1788987668628033605,32542954,28346128,3749,4041354,102411,19152903
1788987668742640049,32543666,28346394,3749,4041796,102422,19152903
1788987668857801215,32544386,28346635,3749,4042267,102437,19152903
1788987668974925620,32545134,28346897,3749,4042726,102446,19152903
1788987669090924362,32545840,28347169,3749,4043165,102460,19152903
1788987669208266150,32546569,28347418,3749,4043638,102472,19152903
1788987669325034831,32547309,28347693,3749,4044080,102485,19152903
1788987669440395407,32548030,28347936,3749,4044544,102501,19152903
1788987669557176256,32548765,28348160,3749,4045038,102516,19152903
1788987669672150336,32549506,28348476,3749,4045428,102528,19152903
1788987669788512631,32550230,28348738,3749,4045877,102545,19152903
1788987669904294348,32550974,28349039,3749,4046293,102555,19152903
1788987670021144492,32551690,28349322,3749,4046728,102566,19152903
1788987670136784120,32552428,28349575,3749,4047188,102579,19152903
1788987670253275712,32553154,28349831,3749,4047651,102592,19152903
1788987670368589877,32553864,28350083,3749,4048105,102605,19152903
1788987670483906495,32554610,28350326,3749,4048570,102618,19152903
1788987670599436650,32555337,28350605,3749,4049000,102632,19152903
1788987670718074637,32556084,28350863,3749,4049471,102646,19152903
1788987670832581200,32556823,28351118,3749,4049916,102663,19152903
1788987670949522473,32557544,28351368,3749,4050389,102675,19152903
1788987671065847146,32558282,28351623,3749,4050840,102695,19152903
1788987671182629865,32558989,28351907,3749,4051275,102707,19152903
1788987671298161531,32559725,28352175,3749,4051716,102721,19152903
1788987671412727215,32560441,28352427,3749,4052168,102734,19152903
1788987671527701330,32561163,28352686,3749,4052620,102743,19152903
1788987671641469252,32561889,28352924,3749,4053088,102751,19152903
1788987671755154294,32562604,28353184,3749,4053526,102765,19152903
1788987671870603986,32563332,28353452,3749,4053970,102776,19152903
1788987671984664715,32564064,28353729,3749,4054397,102786,19152903
1788987672099212201,32564795,28353992,3749,4054834,102802,19152903
1788987672215895136,32565547,28354259,3749,4055281,102818,19152903
1788987672332045794,32566266,28354534,3749,4055724,102829,19152903
1788987672448491817,32567001,28354819,3749,4056151,102846,19152903
1788987672564728332,32567736,28355081,3749,4056602,102859,19152903
1788987672681134001,32568455,28355336,3749,4057060,102874,19152903
1788987672796123737,32569172,28355595,3749,4057508,102887,19152903
1788987672912756654,32569884,28355852,3749,4057972,102899,19152903
1788987673027664794,32570605,28356100,3749,4058427,102914,19152903
1788987673142514268,32571333,28356358,3749,4058872,102930,19152903
1788987673258604730,32572086,28356645,3749,4059300,102941,19152903
1788987673373208547,32572814,28356892,3749,4059757,102954,19152903
1788987673488001450,32573540,28357143,3749,4060204,102975,19152903
1788987673604078645,32574269,28357378,3749,4060681,102993,19152903
1788987673721090584,32575009,28357626,3749,4061150,103007,19152903
1788987673838059590,32575735,28357879,3749,4061612,103024,19152903
1788987673953017969,32576459,28358124,3749,4062073,103037,19152903
1788987674068591268,32577192,28358381,3749,4062522,103053,19152903
1788987674183755704,32577909,28358643,3749,4062966,103068,19152903
1788987674301366280,32578655,28358880,3749,4063460,103077,19152903
1788987674416012276,32579375,28359142,3749,4063900,103093,19152903
1788987674532567348,32580090,28359402,3749,4064351,103110,19152903
1788987674647018656,32580803,28359689,3749,4064772,103119,19152903
1788987674762150367,32581527,28359955,3749,4065209,103135,19152903
1788987674876786930,32582239,28360220,3749,4065650,103147,19152903
1788987674992076386,32582957,28360467,3749,4066116,103158,19152903
1788987675106567079,32583682,28360715,3749,4066570,103172,19152903
1788987675219258779,32584383,28360970,3749,4067008,103184,19152903
1788987675335186648,32585107,28361235,3749,4067453,103202,19152903
1788987675451018703,32585839,28361479,3749,4067919,103213,19152903
1788987675565388942,32586543,28361755,3749,4068349,103224,19152903
1788987675682112019,32587280,28362000,3749,4068827,103233,19152903
1788987675796828713,32587999,28362255,3749,4069280,103244,19152903
1788987675913746597,32588714,28362513,3749,4069740,103257,19152903
1788987676030092163,32589438,28362779,3749,4070184,103275,19152903
1788987676146455402,32590177,28363057,3749,4070625,103286,19152903
1788987676264091785,32590912,28363296,3749,4071111,103298,19152903
1788987676379689668,32591652,28363582,3749,4071538,103310,19152903
1788987676496662178,32592393,28363839,3749,4072003,103321,19152903
1788987676612877932,32593109,28364088,3749,4072466,103335,19152903
1788987676728809580,32593828,28364327,3749,4072942,103346,19152903
1788987676844509808,32594549,28364592,3749,4073387,103360,19152903
1788987676959313399,32595270,28364822,3749,4073869,103370,19152903
1788987677074900253,32595992,28365080,3749,4074317,103390,19152903
1788987677191874470,32596719,28365364,3749,4074749,103402,19152903
1788987677307181284,32597437,28365631,3749,4075189,103416,19152903
1788987677424351040,32598173,28365912,3749,4075619,103438,19152903
1788987677539268664,32598901,28366174,3749,4076063,103449,19152903
1788987677653660890,32599619,28366402,3749,4076539,103462,19152903
1788987677771051161,32600365,28366666,3749,4076992,103477,19152903
1788987677885853465,32601088,28366907,3749,4077462,103487,19152903
1788987678000795756,32601820,28367156,3749,4077917,103502,19152903
1788987678115072925,32602540,28367406,3749,4078372,103515,19152903
1788987678231547491,32603276,28367641,3749,4078852,103527,19152903
1788987678351924258,32604033,28367886,3749,4079347,103539,19152903
1788987678465440477,32604753,28368165,3749,4079764,103555,19152903
1788987678581071183,32605466,28368416,3749,4080221,103569,19152903
1788987678698508284,32606203,28368669,3749,4080689,103583,19152903
1788987678814803070,32606941,28368943,3749,4081133,103595,19152903
1788987678931499649,32607663,28369217,3749,4081578,103605,19152903
1788987679046781656,32608388,28369483,3749,4082011,103628,19152903
1788987679162393681,32609129,28369730,3749,4082468,103648,19152903
1788987679278653211,32609866,28369983,3749,4082927,103663,19152903
1788987679394496801,32610581,28370278,3749,4083346,103675,19152903
1788987679509623119,32611300,28370572,3749,4083760,103688,19152903
1788987679626331525,32612040,28370866,3749,4084191,103696,19152903
1788987679743172170,32612781,28371151,3749,4084621,103711,19152903
1788987679857245159,32613509,28371420,3749,4085050,103729,19152903
1788987679972856046,32614230,28371699,3749,4085481,103744,19152903
1788987680088285660,32614931,28371952,3749,4085929,103763,19152903
1788987680204250312,32615655,28372228,3749,4086368,103774,19152903
1788987680317478362,32616360,28372467,3749,4086819,103794,19152903
1788987680434183298,32617077,28372730,3749,4087276,103804,19152903
1788987680550327546,32617805,28372976,3749,4087746,103818,19152903
1788987680666852801,32618537,28373255,3749,4088176,103834,19152903
1788987680784190690,32619272,28373528,3749,4088626,103846,19152903
1788987680900050399,32620032,28373775,3749,4089091,103860,19152903
1788987681020063602,32620775,28374019,3749,4089591,103870,19152903
1788987681135331302,32621494,28374291,3749,4090022,103885,19152903
1788987681251217417,32622214,28374544,3749,4090475,103902,19152903
1788987681366363805,32622922,28374785,3749,4090941,103916,19152903
1788987681482485888,32623640,28375034,3749,4091402,103934,19152903
1788987681597283406,32624349,28375266,3749,4091879,103942,19152903
1788987681711435262,32625062,28375539,3749,4092306,103959,19152903
1788987681828006482,32625786,28375815,3749,4092744,103972,19152903
1788987681942519088,32626508,28376064,3749,4093198,103985,19152903
1788987682058337190,32627227,28376303,3749,4093666,104001,19152903
1788987682174716806,32627964,28376552,3749,4094132,104013,19152903
1788987682291051111,32628699,28376795,3749,4094605,104026,19152903
1788987682405187838,32629399,28377054,3749,4095047,104038,19152903
1788987682521038477,32630127,28377297,3749,4095517,104050,19152903
1788987682637034070,32630855,28377543,3749,4095979,104068,19152903
1788987682753103218,32631566,28377814,3749,4096426,104079,19152903
1788987682869220929,32632276,28378079,3749,4096870,104095,19152903
1788987682984856704,32633016,28378314,3749,4097351,104103,19152903
1788987683100310316,32633734,28378568,3749,4097806,104115,19152903
1788987683215493843,32634456,28378820,3749,4098259,104131,19152903
1788987683331233801,32635207,28379112,3749,4098682,104142,19152903
1788987683447603892,32635938,28379375,3749,4099138,104153,19152903
1788987683562558883,32636664,28379648,3749,4099568,104167,19152903
1788987683677041035,32637377,28379889,3749,4100033,104179,19152903
1788987683791591882,32638078,28380174,3749,4100457,104188,19152903
1788987683911672253,32638832,28380474,3749,4100897,104201,19152903
1788987684026697722,32639558,28380739,3749,4101338,104212,19152903
1788987684141086766,32640266,28380999,3749,4101780,104227,19152903
1788987684257502452,32640989,28381283,3749,4102207,104247,19152903
1788987684376834942,32641737,28381542,3749,4102681,104261,19152903
1788987684492522076,32642466,28381805,3749,4103124,104280,19152903
1788987684606895197,32643181,28382052,3749,4103577,104295,19152903
1788987684721529005,32643891,28382349,3749,4103987,104305,19152903
1788987684836796194,32644608,28382606,3749,4104433,104323,19152903
1788987684954407896,32645340,28382879,3749,4104883,104339,19152903
1788987685070315664,32646069,28383164,3749,4105312,104351,19152903
1788987685185493309,32646795,28383418,3749,4105763,104366,19152903
1788987685300114080,32647511,28383684,3749,4106203,104381,19152903
1788987685417064698,32648247,28383944,3749,4106656,104396,19152903
1788987685533551027,32648975,28384220,3749,4107091,104415,19152903
1788987685650561120,32649706,28384471,3749,4107560,104427,19152903
1788987685768380630,32650447,28384763,3749,4107994,104442,19152903
1788987685884547889,32651171,28385019,3749,4108444,104459,19152903
1788987685999796690,32651891,28385261,3749,4108907,104475,19152903
1788987686115444448,32652604,28385509,3749,4109370,104489,19152903
1788987686231312442,32653334,28385779,3749,4109814,104501,19152903
1788987686347404373,32654061,28386021,3749,4110289,104510,19152903
1788987686461239985,32654761,28386284,3749,4110726,104523,19152903
1788987686577052695,32655491,28386574,3749,4111152,104536,19152903
1788987686694605843,32656219,28386835,3749,4111609,104550,19152903
1788987686810591863,32656954,28387104,3749,4112050,104566,19152903
1788987686927664898,32657679,28387392,3749,4112482,104578,19152903
1788987687042999680,32658412,28387609,3749,4112885,104683,19152903
1788987687160081719,32659151,28387887,3749,4113327,104696,19152903
1788987687275974102,32659880,28388138,3749,4113789,104710,19152903
1788987687391843362,32660612,28388403,3749,4114231,104726,19152903
1788987687507608882,32661325,28388653,3749,4114694,104737,19152903
1788987687623644755,32662058,28388892,3749,4115166,104755,19152903
1788987687740008228,32662792,28389140,3749,4115635,104766,19152903
1788987687856893001,32663513,28389419,3749,4116073,104779,19152903
1788987687971748410,32664231,28389663,3749,4116534,104792,19152903
1788987688087005130,32664959,28389926,3749,4116977,104806,19152903
1788987688204487151,32665710,28390175,3749,4117449,104821,19152903
1788987688319760939,32666441,28390418,3749,4117911,104836,19152903
1788987688437124056,32667182,28390672,3749,4118378,104854,19152903
1788987688553531402,32667914,28390943,3749,4118819,104866,19152903
1788987688669386028,32668640,28391208,3749,4119264,104883,19152903
1788987688784249294,32669349,28391463,3749,4119712,104894,19152903
1788987688899103370,32670064,28391725,3749,4120157,104907,19152903
1788987689014169563,32670774,28391957,3749,4120636,104917,19152903
1788987689131202879,32671536,28392215,3749,4121098,104931,19152903
1788987689247211481,32672255,28392456,3749,4121569,104944,19152903
1788987689362324142,32672972,28392710,3749,4122023,104959,19152903
1788987689479225687,32673705,28392977,3749,4122468,104977,19152903
1788987689595294439,32674448,28393243,3749,4122913,104990,19152903
1788987689709835402,32675176,28393493,3749,4123375,105003,19152903
1788987689826206135,32675896,28393757,3749,4123823,105015,19152903
1788987689941329026,32676625,28394024,3749,4124264,105027,19152903
1788987690057325426,32677351,28394272,3749,4124728,105042,19152903
1788987690171278393,32678073,28394531,3749,4125157,105064,19152903
1788987690286031837,32678816,28394780,3749,4125613,105077,19152903
1788987690401888280,32679521,28395014,3749,4126015,105169,19152903
1788987690518716071,32680245,28395297,3749,4126451,105181,19152903
1788987690635044434,32680990,28395566,3749,4126894,105197,19152903
1788987690752058726,32681732,28395852,3749,4127327,105209,19152903
1788987690866282179,32682435,28396104,3749,4127784,105220,19152903
1788987690981929780,32683176,28396378,3749,4128221,105229,19152903
1788987691096146223,32683899,28396633,3749,4128668,105244,19152903
1788987691209680829,32684617,28396889,3749,4129103,105267,19152903
1788987691325391299,32685351,28397155,3749,4129541,105284,19152903
1788987691440998005,32686092,28397419,3749,4129992,105297,19152903
1788987691556526374,32686817,28397676,3749,4130442,105309,19152903
1788987691675692692,32687569,28397929,3749,4130919,105324,19152903
1788987691795952969,32688324,28398202,3749,4131387,105336,19152903
1788987691911618902,32689055,28398462,3749,4131842,105347,19152903
1788987692027084291,32689787,28398729,3749,4132281,105364,19152903
1788987692143610125,32690527,28398994,3749,4132730,105377,19152903
1788987692258863154,32691251,28399269,3749,4133165,105388,19152903
1788987692375205616,32691979,28399522,3749,4133632,105399,19152903
1788987692490722628,32692694,28399796,3749,4134063,105417,19152903
1788987692606770932,32693414,28400052,3749,4134520,105432,19152903
1788987692724049536,32694131,28400324,3749,4134965,105446,19152903
1788987692839620286,32694869,28400592,3749,4135406,105461,19152903
1788987692954519442,32695584,28400848,3749,4135853,105477,19152903
1788987693069131505,32696321,28401086,3749,4136323,105491,19152903
1788987693185035900,32697048,28401377,3749,4136742,105506,19152903
1788987693301324049,32697775,28401629,3749,4137205,105518,19152903
1788987693416552173,32698504,28401884,3749,4137656,105533,19152903
1788987693533180410,32699242,28402152,3749,4138100,105547,19152903
1788987693649268175,32699971,28402401,3749,4138562,105562,19152903
1788987693767042163,32700710,28402611,3749,4138999,105654,19152903
1788987693881801536,32701433,28402924,3749,4139393,105667,19152903
1788987693994544372,32702112,28403185,3749,4139827,105679,19152903
1788987694111007199,32702850,28403448,3749,4140277,105693,19152903
1788987694225728506,32703574,28403749,3749,4140680,105708,19152903
1788987694341592800,32704297,28404029,3749,4141110,105722,19152903
1788987694458057190,32705008,28404258,3749,4141601,105735,19152903
1788987694572835649,32705724,28404525,3749,4142030,105753,19152903
1788987694688798331,32706455,28404795,3749,4142468,105771,19152903
1788987694804661184,32707171,28405081,3749,4142895,105784,19152903
1788987694919970611,32707901,28405344,3749,4143342,105799,19152903
1788987695036264510,32708608,28405595,3749,4143803,105813,19152903
1788987695151336406,32709339,28405820,3749,4144289,105822,19152903
1788987695266341072,32710067,28406070,3749,4144742,105840,19152903
1788987695381230434,32710786,28406330,3749,4145182,105859,19152903
1788987695496928151,32711507,28406592,3749,4145628,105872,19152903
1788987695611755192,32712223,28406831,3749,4146095,105884,19152903
1788987695726192796,32712935,28407091,3749,4146531,105904,19152903
1788987695844266172,32713659,28407361,3749,4146994,105915,19152903
1788987695960156739,32714393,28407619,3749,4147445,105929,19152903
1788987696076012058,32715121,28407897,3749,4147876,105942,19152903
1788987696191645217,32715833,28408144,3749,4148338,105958,19152903
1788987696305332686,32716542,28408404,3749,4148771,105976,19152903
1788987696420854319,32717276,28408667,3749,4149218,105989,19152903
1788987696537397105,32718005,28408945,3749,4149660,106001,19152903
1788987696653397743,32718732,28409205,3749,4150108,106019,19152903
1788987696768820959,32719476,28409465,3749,4150551,106037,19152903
1788987696885899597,32720220,28409738,3749,4150995,106054,19152903
1788987697000491875,32720914,28410003,3749,4151437,106065,19152903
1788987697114857837,32721646,28410235,3749,4151911,106079,19152903
1788987697233407745,32722404,28410464,3749,4152330,106170,19152903
1788987697347836505,32723116,28410723,3749,4152771,106186,19152903
1788987697462071492,32723843,28410980,3749,4153215,106198,19152903
1788987697578162541,32724576,28411229,3749,4153677,106214,19152903
1788987697693086759,32725295,28411485,3749,4154128,106225,19152903
1788987697809167320,32726038,28411707,3749,4154626,106234,19152903
1788987697925446268,32726762,28411966,3749,4155077,106250,19152903
1788987698039550045,32727470,28412221,3749,4155521,106266,19152903
1788987698154923938,32728186,28412465,3749,4155991,106273,19152903
1788987698271291739,32728919,28412762,3749,4156406,106291,19152903
1788987698387197381,32729644,28413028,3749,4156847,106309,19152903
1788987698504499724,32730369,28413257,3749,4157340,106322,19152903
1788987698621050184,32731105,28413524,3749,4157788,106335,19152903
1788987698738434329,32731834,28413801,3749,4158228,106353,19152903
1788987698855194999,32732571,28414054,3749,4158689,106370,19152903
1788987698969272453,32733282,28414307,3749,4159133,106386,19152903
1788987699085139367,32734006,28414552,3749,4159602,106397,19152903
1788987699199203001,32734729,28415047,3749,4159816,106406,19169159
1788987699312571775,32735454,28415674,3749,4159902,106410,19189511
1788987699432282074,32736220,28415771,3749,4160562,106410,19189511
1788987699551403606,32736973,28415896,3749,4161193,106410,19189511
1788987699665120755,32737704,28415943,3749,4161875,106411,19189511
1788987699783216226,32738467,28416036,3749,4162530,106411,19189511
1788987699898440936,32739201,28416207,3749,4163090,106411,19189511
1788987700012337075,32739930,28416228,3749,4163796,106411,19189511
1788987700128355471,32740660,28416321,3749,4164440,106412,19189511
1788987700246270902,32741414,28416450,3749,4165062,106412,19189511
1788987700360356545,32742142,28416471,3749,4165768,106412,19189511
1788987700476543360,32742880,28416555,3749,4166408,106431,19189511
1788987700594767359,32743637,28416680,3749,4167002,106464,19189511
1788987700709462247,32744373,28416705,3749,4167705,106464,19189511
1788987700824426425,32745102,28416785,3749,4168351,106467,19189511
1788987700942479925,32745858,28416915,3749,4168972,106467,19189511
1788987701057009102,32746593,28416936,3749,4169684,106467,19189511
1788987701172115971,32747336,28417044,3749,4170309,106467,19189511
1788987701290160158,32748092,28417177,3749,4170926,106467,19189511
1788987701404801278,32748823,28417199,3749,4171639,106467,19189511
1788987701519388148,32749560,28417318,3749,4172244,106467,19189511
1788987701637529409,32750315,28417523,3749,4172795,106467,19189511
1788987701752340573,32751052,28417555,3749,4173491,106467,19189511
1788987701866394232,32751777,28417642,3749,4174128,106468,19189511
1788987701984423085,32752533,28417807,3749,4174716,106469,19189511
1788987702099119459,32753271,28417861,3749,4175392,106469,19189511
1788987702213017810,32754005,28417949,3749,4176025,106470,19189511
1788987702331084612,32754757,28418054,3749,4176674,106470,19189511
1788987702445000677,32755491,28418170,3749,4177282,106470,19189511
1788987702558828931,32756218,28418265,3749,4177912,106471,19189511
1788987702676873756,32756973,28418339,3749,4178590,106471,19189511
1788987702792399385,32757714,28418421,3749,4179241,106471,19189511
1788987702906142115,32758432,28418497,3749,4179888,106472,19189511
1788987703039078752,32759286,28418619,3749,4180612,106472,19189511
1788987703155436104,32760024,28418801,3749,4181167,106473,19189511
1788987703272994733,32760778,28418938,3749,4181779,106475,19189511
1788987703390910833,32761532,28419016,3749,4182452,106475,19189511
1788987703507421594,32762280,28419154,3749,4183050,106476,19189511
1788987703625302310,32763022,28419338,3749,4183615,106476,19189511
1788987703739479768,32763752,28419360,3749,4184322,106476,19189511
1788987703853529867,32764472,28419453,3749,4184957,106478,19189511
1788987703971517281,32765227,28419587,3749,4185573,106478,19189511
1788987704088774564,32765974,28419711,3749,4186194,106479,19189511
1788987704206867808,32766738,28419806,3749,4186850,106479,19189511
1788987704324732415,32767492,28419905,3749,4187501,106480,19189511
1788987704441996710,32768242,28420034,3749,4188117,106480,19189511
1788987704559911269,32768997,28420194,3749,4188708,106480,19189511
1788987704673905798,32769727,28420232,3749,4189396,106480,19189511
1788987704789016131,32770461,28420330,3749,4190027,106481,19189511
1788987704919598021,32771297,28420549,3749,4190639,106481,19189511
1788987705037648400,32772049,28420720,3749,4191218,106481,19189511
1788987705155885013,32772810,28420882,3749,4191808,106482,19189511
1788987705274098317,32773569,28421049,3749,4192393,106482,19189511
1788987705403492597,32774400,28421181,3749,4193084,106482,19189511
1788987705520019080,32775149,28421310,3749,4193694,106482,19189511
1788987705633968088,32775876,28421335,3749,4194396,106482,19189511
1788987705751624734,32776632,28421424,3749,4195058,106482,19189511
1788987705867308905,32777375,28421557,3749,4195657,106482,19189511
1788987705985283343,32778125,28421709,3749,4196255,106483,19189511
1788987706103279714,32778885,28421789,3749,4196925,106484,19189511
1788987706219301690,32779628,28421977,3749,4197477,106484,19189511
1788987706333355371,32780355,28422112,3749,4198065,106485,19189511
1788987706451283171,32781108,28422195,3749,4198732,106485,19189511
1788987706565471058,32781840,28422222,3749,4199432,106485,19189511
1788987706679892553,32782575,28422344,3749,4200041,106486,19189511
1788987706793019811,32783289,28422490,3749,4200614,106486,19189511
1788987706911234354,32784037,28422662,3749,4201190,106488,19189511
1788987707029139582,32784792,28422744,3749,4201859,106488,19189511
1788987707146484704,32785544,28422902,3749,4202448,106489,19189511
1788987707263135351,32786286,28423015,3749,4203077,106489,19189511
1788987707381025324,32787040,28423131,3749,4203712,106489,19189511
1788987707495123629,32787775,28423160,3749,4204410,106489,19189511
1788987707609152325,32788504,28423277,3749,4205020,106491,19189511
1788987707722061177,32789231,28423428,3749,4205587,106491,19189511
1788987707839844060,32789982,28423569,3749,4206195,106492,19189511
1788987707957806006,32790732,28423694,3749,4206821,106492,19189511
1788987708074090265,32791471,28423831,3749,4207422,106493,19189511
1788987708190149203,32792208,28423992,3749,4207999,106493,19189511
1788987708306811956,32792956,28424092,3749,4208641,106493,19189511
1788987708420751674,32793688,28424120,3749,4209341,106493,19189511
1788987708538252749,32794440,28424211,3749,4209996,106493,19189511
1788987708650925881,32795158,28424370,3749,4210554,106494,19189511
1788987708768455512,32795908,28424513,3749,4211154,106494,19189511
1788987708886421743,32796666,28424587,3749,4211832,106495,19189511
1788987709003154203,32797419,28424774,3749,4212389,106495,19189511
1788987709119557058,32798162,28424909,3749,4212996,106495,19189511
1788987709238137001,32798922,28425034,3749,4213623,106496,19189511
1788987709352083266,32799644,28425061,3749,4214323,106496,19189511
1788987709469195500,32800386,28425155,3749,4214972,106497,19189511
1788987709584740457,32801118,28425295,3749,4215569,106497,19189511
1788987709702741115,32801871,28425459,3749,4216154,106499,19189511
1788987709820789260,32802627,28425553,3749,4216812,106499,19189511
1788987709938460991,32803388,28425718,3749,4217391,106499,19189511
1788987710055989176,32804139,28425843,3749,4218014,106500,19189511
1788987710173745675,32804885,28425931,3749,4218677,106501,19189511
1788987710288416131,32805618,28425985,3749,4219349,106501,19189511
1788987710403603586,32806355,28426104,3749,4219966,106502,19189511
1788987710521705082,32807108,28426234,3749,4220587,106503,19189511
1788987710639871335,32807872,28426415,3749,4221155,106504,19189511
1788987710757927646,32808623,28426509,3749,4221814,106504,19189511
1788987710873443172,32809354,28426676,3749,4222375,106506,19189511
1788987710989808757,32810096,28426838,3749,4222956,106507,19189511
1788987711107973794,32810861,28426972,3749,4223574,106507,19189511
1788987711221961420,32811588,28427062,3749,4224208,106508,19189511
1788987711337212309,32812318,28427237,3749,4224765,106509,19189511
1788987711455544946,32813078,28427335,3749,4225422,106509,19189511
1788987711573335452,32813833,28427479,3749,4226022,106509,19189511
1788987711691301169,32814588,28427608,3749,4226650,106509,19189511
1788987711809806223,32815347,28427756,3749,4227251,106511,19189511
1788987711927966228,32816106,28427865,3749,4227892,106512,19189511
1788987712045721859,32816852,28427945,3749,4228564,106512,19189511
1788987712159710073,32817582,28427999,3749,4229236,106512,19189511
1788987712277413320,32818342,28428121,3749,4229857,106512,19189511
1788987712395458992,32819102,28428234,3749,4230496,106512,19189511
1788987712512377831,32819845,28428368,3749,4231104,106514,19189511
1788987712630274478,32820599,28428538,3749,4231684,106515,19189511
1788987712748065548,32821348,28428701,3749,4232270,106516,19189511
1788987712866679284,32822109,28428795,3749,4232933,106516,19189511
1788987712984656669,32822864,28428871,3749,4233608,106516,19189511
1788987713099510033,32823605,28428941,3749,4234267,106518,19189511
1788987713217548245,32824354,28429073,3749,4234886,106518,19189511
1788987713335665127,32825101,28429219,3749,4235489,106519,19189511
1788987713452678124,32825843,28429316,3749,4236136,106520,19189511
1788987713570590976,32826600,28429486,3749,4236717,106520,19189511
1788987713688881348,32827357,28429623,3749,4237330,106521,19189511
1788987713806899106,32828111,28429701,3749,4238004,106521,19189511
1788987713924920693,32828868,28429780,3749,4238677,106521,19189511
1788987714039111513,32829590,28429867,3749,4239313,106522,19189511
1788987714157077959,32830343,28429968,3749,4239963,106522,19189511
1788987714275051082,32831095,28430097,3749,4240587,106522,19189511
1788987714386490130,32831802,28430220,3749,4241171,106523,19189511
1788987714502216324,32832544,28430366,3749,4241760,106523,19189511
1788987714620008952,32833306,28430495,3749,4242380,106524,19189511
1788987714738314309,32834060,28430581,3749,4243047,106524,19189511
1788987714852426708,32834788,28430649,3749,4243703,106525,19189511
1788987714966673906,32835510,28430728,3749,4244353,106527,19189511
1788987715084681277,32836259,28430813,3749,4245020,106527,19189511
1788987715201814846,32837014,28430978,3749,4245598,106528,19189511
1788987715318929798,32837769,28431132,3749,4246187,106528,19189511
1788987715436791115,32838515,28431207,3749,4246863,106529,19189511
1788987715554483288,32839267,28431348,3749,4247471,106530,19189511
1788987715672574563,32840025,28431489,3749,4248080,106530,19189511
1788987715787913626,32840768,28431531,3749,4248772,106530,19189511
1788987715902382271,32841497,28431608,3749,4249419,106530,19189511
1788987716020390158,32842259,28431744,3749,4250033,106530,19189511
1788987716138327048,32843013,28431884,3749,4250643,106531,19189511
1788987716255811799,32843763,28432016,3749,4251262,106531,19189511
1788987716373976158,32844512,28432170,3749,4251862,106532,19189511
1788987716492564804,32845270,28432255,3749,4252530,106532,19189511
1788987716610001692,32846024,28432393,3749,4253136,106532,19189511
1788987716730797749,32846795,28432423,3749,4253878,106533,19189511
1788987716848230114,32847547,28432519,3749,4254527,106534,19189511
1788987716960852352,32848268,28432686,3749,4255077,106534,19189511
1788987717078832659,32849029,28432827,3749,4255685,106534,19189511
1788987717196820955,32849782,28432912,3749,4256352,106534,19189511
1788987717313764311,32850529,28433097,3749,4256912,106534,19189511
1788987717430682840,32851279,28433226,3749,4257526,106535,19189511
1788987717548806233,32852033,28433310,3749,4258193,106535,19189511
1788987717662799636,32852765,28433341,3749,4258890,106535,19189511
1788987717776742275,32853498,28433473,3749,4259480,106536,19189511
1788987717894475474,32854245,28433551,3749,4260154,106537,19189511
1788987718012684392,32854998,28433693,3749,4260761,106538,19189511
1788987718130743881,32855750,28433839,3749,4261365,106538,19189511
1788987718248701550,32856500,28433964,3749,4261991,106538,19189511
1788987718366008096,32857252,28434072,3749,4262628,106539,19189511
1788987718484321856,32858012,28434155,3749,4263296,106539,19189511
1788987718598316301,32858741,28434217,3749,4263958,106540,19189511
1788987718715691111,32859491,28434364,3749,4264562,106540,19189511
1788987718833544218,32860240,28434449,3749,4265227,106540,19189511
1788987718951460063,32860998,28434596,3749,4265825,106541,19189511
1788987719069739570,32861759,28434786,3749,4266392,106541,19189511
1788987719187925907,32862526,28434944,3749,4266984,106541,19189511
1788987719305862797,32863281,28435065,3749,4267614,106542,19189511
1788987719423758715,32864031,28435186,3749,4268244,106542,19189511
1788987719538018157,32864769,28435262,3749,4268892,106543,19189511
1788987719656039138,32865522,28435366,3749,4269539,106543,19189511
1788987719773789460,32866271,28435487,3749,4270170,106543,19189511
1788987719890023324,32867031,28435629,3749,4270766,106543,19189511
1788987720008242718,32867781,28435768,3749,4271376,106545,19189511
1788987720126298334,32868536,28435905,3749,4271989,106545,19189511
1788987720244314221,32869292,28436022,3749,4272624,106545,19189511
1788987720362436847,32870045,28436110,3749,4273288,106545,19189511
1788987720477180956,32870780,28436186,3749,4273940,106546,19189511
1788987720594107479,32871528,28436283,3749,4274588,106546,19189511
1788987720711919780,32872285,28436458,3749,4275163,106546,19189511
1788987720828867768,32873031,28436542,3749,4275824,106547,19189511
1788987720945018373,32873770,28436670,3749,4276433,106547,19189511
1788987721062968361,32874531,28436837,3749,4277014,106549,19189511
1788987721180886373,32875284,28436950,3749,4277653,106549,19189511
1788987721298712797,32876030,28437030,3749,4278325,106549,19189511
1788987721413083720,32876770,28437113,3749,4278967,106549,19189511
1788987721531055979,32877522,28437199,3749,4279632,106549,19189511
1788987721649019040,32878279,28437293,3749,4280290,106549,19189511
1788987721763143859,32879011,28437378,3749,4280929,106550,19189511
1788987721881068056,32879768,28437454,3749,4281605,106550,19189511
1788987721999005942,32880520,28437550,3749,4282261,106550,19189511
1788987722113579996,32881251,28437646,3749,4282895,106550,19189511
1788987722231736379,32882006,28437786,3749,4283506,106551,19189511
1788987722349868492,32882766,28437928,3749,4284115,106551,19189511
1788987722463716745,32883486,28438005,3749,4284763,106552,19189511
1788987722581047377,32884239,28438104,3749,4285408,106552,19189511
1788987722699039530,32884997,28438204,3749,4286060,106552,19189511
1788987722812767687,32885718,28438294,3749,4286695,106553,19189511
1788987722930092675,32886472,28438433,3749,4287301,106553,19189511
1788987723048127208,32887235,28438513,3749,4287971,106554,19189511
1788987723162345411,32887961,28438572,3749,4288638,106554,19189511
1788987723279654115,32888713,28438683,3749,4289276,106555,19189511
1788987723397715764,32889471,28438782,3749,4289929,106555,19189511
1788987723511517741,32890193,28438841,3749,4290592,106556,19189511
1788987723629160003,32890951,28438945,3749,4291236,106556,19189511
1788987723747123631,32891708,28439026,3749,4291907,106556,19189511
1788987723861016956,32892448,28439084,3749,4292572,106557,19189511
1788987723978293353,32893197,28439193,3749,4293207,106557,19189511
1788987724096233421,32893950,28439284,3749,4293867,106557,19189511
1788987724210679162,32894675,28439366,3749,4294516,106558,19189511
1788987724328510109,32895425,28439506,3749,4295127,106558,19189511
1788987724446528083,32896182,28439599,3749,4295786,106558,19189511
1788987724560725378,32896908,28439662,3749,4296447,106559,19189511
1788987724677646067,32897655,28439852,3749,4296867,106690,19189511
1788987724795091562,32898398,28440001,3749,4297013,107134,19189511
1788987724910570914,32899126,28440268,3749,4297456,107149,19189511
1788987725026543393,32899859,28440557,3749,4297881,107162,19189511
1788987725143000627,32900604,28440849,3749,4298306,107175,19189511
1788987725257831256,32901320,28441094,3749,4298763,107190,19189511
1788987725371504462,32902051,28441366,3749,4299188,107205,19189511
1788987725489762026,32902799,28441615,3749,4299670,107216,19189511
1788987725605874320,32903537,28441863,3749,4300133,107230,19189511
1788987725722469298,32904284,28442120,3749,4300588,107248,19189511
1788987725837015925,32904999,28442374,3749,4301039,107263,19189511
1788987725953219342,32905735,28442636,3749,4301490,107273,19189511
1788987726069854181,32906455,28442878,3749,4301964,107288,19189511
1788987726186773068,32907183,28443134,3749,4302424,107304,19189511
1788987726304388724,32907933,28443397,3749,4302881,107322,19189511
1788987726421548424,32908655,28443646,3749,4303348,107336,19189511
1788987726538060770,32909386,28443929,3749,4303779,107352,19189511
1788987726653436668,32910106,28444215,3749,4304202,107366,19189511
1788987726771135141,32910850,28444502,3749,4304645,107378,19189511
1788987726889013306,32911614,28444742,3749,4305043,107476,19189511
1788987727004142351,32912337,28444988,3749,4305504,107489,19189511
1788987727116726534,32913027,28445243,3749,4305941,107502,19189511
1788987727233252124,32913776,28445507,3749,4306397,107514,19189511
1788987727349549328,32914508,28445783,3749,4306833,107527,19189511
1788987727467443227,32915240,28446045,3749,4307302,107536,19189511
1788987727585565962,32915999,28446316,3749,4307752,107555,19189511
1788987727701992926,32916740,28446564,3749,4308219,107567,19189511
1788987727819726902,32917478,28446809,3749,4308698,107579,19189511
1788987727935794973,32918202,28447074,3749,4309142,107597,19189511
1788987728051641703,32918936,28447343,3749,4309584,107610,19189511
1788987728166291213,32919652,28447580,3749,4310054,107623,19189511
1788987728283021649,32920378,28447854,3749,4310498,107635,19189511
1788987728397235687,32921087,28448119,3749,4310932,107649,19189511
1788987728512436447,32921795,28448380,3749,4311378,107664,19189511
1788987728627682285,32922530,28448652,3749,4311810,107682,19189511
1788987728743517074,32923265,28448932,3749,4312241,107694,19189511
1788987728860708340,32924019,28449175,3749,4312727,107703,19189511
1788987728977746800,32924768,28449461,3749,4313157,107717,19189511
1788987729094067678,32925504,28449733,3749,4313597,107732,19189511
1788987729209749509,32926218,28450008,3749,4314032,107746,19189511
1788987729325860968,32926938,28450266,3749,4314485,107761,19189511
1788987729443190840,32927669,28450550,3749,4314922,107775,19189511
1788987729561517852,32928428,28450801,3749,4315404,107787,19189511
1788987729676540779,32929144,28451063,3749,4315845,107802,19189511
1788987729791853524,32929880,28451327,3749,4316292,107813,19189511
1788987729908609716,32930608,28451624,3749,4316713,107827,19189511
1788987730024839707,32931347,28451884,3749,4317163,107844,19189511
1788987730138385706,32932059,28452203,3749,4317545,107854,19189511
1788987730256585101,32932790,28452456,3749,4317950,107938,19189511
1788987730371718703,32933521,28452709,3749,4318400,107955,19189511
1788987730486038988,32934237,28452959,3749,4318849,107970,19189511
1788987730601598155,32934968,28453267,3749,4319251,107984,19189511
1788987730714838494,32935698,28453526,3749,4319682,108005,19189511
1788987730830749525,32936419,28453780,3749,4320144,108015,19189511
1788987730947915464,32937137,28454077,3749,4320566,108028,19189511
1788987731064139650,32937865,28454333,3749,4321021,108044,19189511
1788987731178482068,32938579,28454592,3749,4321464,108058,19189511
1788987731291723808,32939276,28454857,3749,4321892,108073,19189511
1788987731406536398,32939992,28455096,3749,4322353,108090,19189511
1788987731521651754,32940701,28455362,3749,4322797,108101,19189511
1788987731640040758,32941450,28455634,3749,4323248,108120,19189511
1788987731756171164,32942180,28455899,3749,4323692,108137,19189511
1788987731871076683,32942907,28456161,3749,4324138,108149,19189511
1788987731985514017,32943619,28456442,3749,4324562,108161,19189511
1788987732102590909,32944353,28456743,3749,4324982,108172,19189511
1788987732217333406,32945085,28456986,3749,4325452,108180,19189511
1788987732334229954,32945827,28457251,3749,4325905,108195,19189511
1788987732450341839,32946561,28457512,3749,4326353,108210,19189511
1788987732565651233,32947299,28457828,3749,4326746,108224,19189511
1788987732681358734,32948023,28458089,3749,4327194,108237,19189511
1788987732798239126,32948754,28458355,3749,4327644,108253,19189511
1788987732914865186,32949505,28458612,3749,4328109,108264,19189511
1788987733032311511,32950238,28458892,3749,4328551,108278,19189511
1788987733149774948,32950952,28459154,3749,4329006,108293,19189511
1788987733266536111,32951689,28459402,3749,4329477,108306,19189511
1788987733381843023,32952420,28459662,3749,4329920,108324,19189511
1788987733497839080,32953135,28459941,3749,4330350,108339,19189511
1788987733615453143,32953865,28460210,3749,4330810,108351,19189511
1788987733733081147,32954608,28460459,3749,4331199,108448,19189511
1788987733849225176,32955337,28460723,3749,4331645,108463,19189511
1788987733964780422,32956068,28460986,3749,4332093,108475,19189511
1788987734081001313,32956810,28461245,3749,4332549,108493,19189511
1788987734196641392,32957550,28461523,3749,4332971,108512,19189511
1788987734317223990,32958319,28461785,3749,4333455,108524,19189511
1788987734431837453,32959040,28462056,3749,4333887,108537,19189511
1788987734548084199,32959768,28462304,3749,4334355,108549,19189511
1788987734663574712,32960489,28462564,3749,4334804,108563,19189511
1788987734779408765,32961206,28462834,3749,4335243,108580,19189511
1788987734895010249,32961937,28463084,3749,4335703,108597,19189511
1788987735010868078,32962647,28463341,3749,4336155,108609,19189511
1788987735126670767,32963372,28463606,3749,4336600,108625,19189511
1788987735241394793,32964080,28463851,3749,4337058,108639,19189511
1788987735357100881,32964801,28464113,3749,4337507,108652,19189511
1788987735471548977,32965515,28464381,3749,4337938,108668,19189511
1788987735587029297,32966229,28464625,3749,4338405,108681,19189511
1788987735700830130,32966945,28464892,3749,4338838,108694,19189511
1788987735816432300,32967668,28465151,3749,4339287,108710,19189511
1788987735932526365,32968404,28465413,3749,4339737,108726,19189511
1788987736049402082,32969142,28465677,3749,4340186,108742,19189511
1788987736164418634,32969852,28465935,3749,4340640,108754,19189511
1788987736280098411,32970585,28466189,3749,4341098,108764,19189511
1788987736395994459,32971315,28466447,3749,4341549,108778,19189511
1788987736511341045,32972028,28466742,3749,4341968,108791,19189511
1788987736625632378,32972742,28466986,3749,4342423,108804,19189511
1788987736741531864,32973465,28467260,3749,4342856,108823,19189511
1788987736857440035,32974177,28467526,3749,4343302,108836,19189511
1788987736971683343,32974885,28467789,3749,4343751,108845,19189511
1788987737087619962,32975596,28468092,3749,4344158,108858,19189511
1788987737203244596,32976339,28468342,3749,4344617,108872,19189511
1788987737317355138,32977053,28468604,3749,4345056,108885,19189511
1788987737432821257,32977783,28468900,3749,4345469,108899,19189511
1788987737547261744,32978502,28469148,3749,4345921,108916,19189511
1788987737664426512,32979247,28469392,3749,4346396,108933,19189511
1788987737782455335,32979983,28469628,3749,4346808,109025,19189511
1788987737898070768,32980711,28469883,3749,4347256,109045,19189511
1788987738014651448,32981445,28470139,3749,4347714,109059,19189511
1788987738130052803,32982157,28470386,3749,4348174,109075,19189511
1788987738245411229,32982874,28470664,3749,4348610,109086,19189511
1788987738361729970,32983611,28470907,3749,4349084,109096,19189511
1788987738477579294,32984338,28471163,3749,4349536,109112,19189511
1788987738593778240,32985075,28471440,3749,4349975,109126,19189511
1788987738709042453,32985798,28471694,3749,4350425,109141,19189511
1788987738824492072,32986542,28471956,3749,4350874,109154,19189511
1788987738939772053,32987266,28472227,3749,4351313,109164,19189511
1788987739056539454,32987988,28472465,3749,4351795,109176,19189511
1788987739172342205,32988730,28472755,3749,4352218,109191,19189511
1788987739287440158,32989448,28472999,3749,4352685,109199,19189511
1788987739404201504,32990193,28473260,3749,4353138,109212,19189511
1788987739519814922,32990931,28473518,3749,4353588,109228,19189511
1788987739635886515,32991660,28473770,3749,4354048,109241,19189511
1788987739750344631,32992384,28474011,3749,4354513,109253,19189511
1788987739865691589,32993117,28474294,3749,4354941,109267,19189511
1788987739981874601,32993859,28474587,3749,4355360,109279,19189511
1788987740098980098,32994586,28474841,3749,4355823,109294,19189511
1788987740214524287,32995303,28475110,3749,4356266,109307,19189511
1788987740329284010,32996031,28475361,3749,4356726,109317,19189511
1788987740445332722,32996763,28475635,3749,4357083,109414,19189511
1788987740561264671,32997478,28475890,3749,4357538,109429,19189511
1788987740677558452,32998205,28476146,3749,4357998,109439,19189511
1788987740794083833,32998942,28476401,3749,4358463,109449,19189511
1788987740910675236,32999658,28476686,3749,4358897,109459,19189511
1788987741028560918,33000403,28476916,3749,4359396,109470,19189511
1788987741145249764,33001132,28477175,3749,4359852,109483,19189511
1788987741260410832,33001869,28477423,3749,4360311,109496,19189511
1788987741376110302,33002595,28477711,3749,4360736,109509,19189511
1788987741491987958,33003329,28477988,3749,4361166,109526,19189511
1788987741607952515,33004065,28478240,3749,4361622,109543,19189511
1788987741722707754,33004776,28478473,3749,4362099,109553,19189511
1788987741838822213,33005517,28478737,3749,4362553,109563,19189511
1788987741954992708,33006247,28478990,3749,4363010,109577,19189511
1788987742071758167,33006987,28479241,3749,4363471,109596,19189511
1788987742187646971,33007711,28479498,3749,4363927,109608,19189511
1788987742302569871,33008444,28479782,3749,4364349,109621,19189511
1788987742418908405,33009164,28480040,3749,4364808,109635,19189511
1788987742533504327,33009880,28480322,3749,4365227,109651,19189511
1788987742650427169,33010594,28480602,3749,4365665,109666,19189511
1788987742766287047,33011324,28480888,3749,4366089,109681,19189511
1788987742882366685,33012058,28481149,3749,4366543,109695,19189511
1788987742998071866,33012773,28481425,3749,4366974,109710,19189511
1788987743115120880,33013511,28481664,3749,4367461,109717,19189511
1788987743230215276,33014232,28481925,3749,4367905,109732,19189511
1788987743344697711,33014942,28482207,3749,4368325,109747,19189511
1788987743458719539,33015656,28482479,3749,4368755,109759,19189511
1788987743574889534,33016383,28482734,3749,4369213,109774,19189511
1788987743689285736,33017104,28482996,3749,4369651,109791,19189511
1788987743805853180,33017838,28483248,3749,4370116,109805,19189511
1788987743923411553,33018586,28483502,3749,4370501,109903,19189511
1788987744039428147,33019301,28483758,3749,4370957,109916,19189511
1788987744153975396,33020025,28484040,3749,4371376,109932,19189511
1788987744268525329,33020734,28484298,3749,4371819,109946,19189511
1788987744383689338,33021439,28484559,3749,4372264,109963,19189511
1788987744500804728,33022183,28484819,3749,4372733,109973,19189511
1788987744617204561,33022923,28485086,3749,4373174,109988,19189511
1788987744733399436,33023652,28485346,3749,4373625,110004,19189511
1788987744849735512,33024364,28485617,3749,4374066,110020,19189511
1788987744965173758,33025102,28485895,3749,4374492,110039,19189511
1788987745081984961,33025847,28486163,3749,4374947,110054,19189511
1788987745199764399,33026614,28486437,3749,4375393,110071,19189511
1788987745316196388,33027367,28486700,3749,4375839,110087,19189511
1788987745431105590,33028096,28486964,3749,4376279,110103,19189511
1788987745546596192,33028813,28487220,3749,4376731,110117,19189511
1788987745661400844,33029539,28487469,3749,4377183,110135,19189511
1788987745778074135,33030282,28487724,3749,4377645,110151,19189511
1788987745895785170,33031023,28488015,3749,4378075,110165,19189511
1788987746010743041,33031746,28488277,3749,4378517,110180,19189511
1788987746127182899,33032472,28488533,3749,4378978,110192,19189511
1788987746241875147,33033197,28488804,3749,4379406,110211,19189511
1788987746356144340,33033900,28489055,3749,4379861,110222,19189511
1788987746471594198,33034638,28489293,3749,4380331,110235,19189511
1788987746585992326,33035367,28489554,3749,4380772,110250,19189511
1788987746701214245,33036081,28489815,3749,4381218,110266,19189511
1788987746816610865,33036806,28490071,3749,4381671,110278,19189511
1788987746930804819,33037512,28490330,3749,4382112,110292,19189511
1788987747045500887,33038224,28490592,3749,4382557,110305,19189511
1788987747172764223,33039037,28490893,3749,4383042,110315,19189511
1788987747289377735,33039770,28491138,3749,4383439,110404,19189511
1788987747404518924,33040495,28491403,3749,4383882,110417,19189511
1788987747521145148,33041239,28491669,3749,4384334,110430,19189511
1788987747636922782,33041978,28491908,3749,4384801,110447,19189511
1788987747752157074,33042703,28492177,3749,4385237,110463,19189511
1788987747869740363,33043450,28492457,3749,4385682,110478,19189511
1788987747987972513,33044199,28492722,3749,4386144,110490,19189511
1788987748103538385,33044919,28493004,3749,4386571,110506,19189511
1788987748219444600,33045636,28493251,3749,4387031,110523,19189511
1788987748334100494,33046349,28493507,3749,4387476,110539,19189511
1788987748448019733,33047061,28493795,3749,4387895,110550,19189511
1788987748563642752,33047791,28494037,3749,4388363,110562,19189511
1788987748679760980,33048512,28494295,3749,4388816,110576,19189511
1788987748795254987,33049240,28494582,3749,4389244,110587,19189511
1788987748910856358,33049970,28494848,3749,4389684,110601,19189511
1788987749027438766,33050705,28495125,3749,4390123,110618,19189511
1788987749140527542,33051422,28495396,3749,4390549,110627,19189511
1788987749256719597,33052140,28495660,3749,4391002,110641,19189511
1788987749370772245,33052837,28495931,3749,4391429,110656,19189511
1788987749485983915,33053552,28496190,3749,4391876,110668,19189511
1788987749601761379,33054290,28496438,3749,4392335,110683,19189511
1788987749717074296,33055029,28496699,3749,4392777,110700,19189511
1788987749832983435,33055782,28496958,3749,4393220,110725,19189511
1788987749953202910,33056540,28497226,3749,4393692,110738,19189511
1788987750069869133,33057264,28497477,3749,4394158,110753,19189511
1788987750185320143,33058005,28497746,3749,4394593,110770,19189511
1788987750301326305,33058747,28498009,3749,4395042,110783,19189511
1788987750417070028,33059471,28498274,3749,4395493,110797,19189511
1788987750531799722,33060206,28498511,3749,4395966,110807,19189511
1788987750648721292,33060960,28498810,3749,4396383,110818,19189511
1788987750764651002,33061686,28499068,3749,4396767,110904,19189511
1788987750881367045,33062426,28499329,3749,4397221,110920,19189511
1788987750995289771,33063147,28499586,3749,4397660,110935,19189511
1788987751111073883,33063856,28499842,3749,4398113,110952,19189511
1788987751227890102,33064599,28500114,3749,4398561,110963,19189511
1788987751343097369,33065330,28500383,3749,4399003,110974,19189511
1788987751458043906,33066055,28500642,3749,4399447,110991,19189511
1788987751573369474,33066770,28500911,3749,4399884,111006,19189511
1788987751689245634,33067503,28501170,3749,4400341,111018,19189511
1788987751803760502,33068236,28501457,3749,4400756,111033,19189511
1788987751919544119,33068966,28501692,3749,4401237,111042,19189511
1788987752035547102,33069692,28501942,3749,4401694,111062,19189511
1788987752149851507,33070415,28502201,3749,4402137,111075,19189511
1788987752266843485,33071148,28502463,3749,4402595,111087,19189511
1788987752382056034,33071870,28502719,3749,4403043,111102,19189511
1788987752497988562,33072606,28502995,3749,4403481,111114,19189511
1788987752611614968,33073319,28503268,3749,4403907,111129,19189511
1788987752727486763,33074029,28503521,3749,4404368,111141,19189511
1788987752843658941,33074764,28503799,3749,4404799,111157,19189511
1788987752959775455,33075492,28504051,3749,4405259,111173,19189511
1788987753074492753,33076220,28504315,3749,4405695,111188,19189511
1788987753189619999,33076935,28504596,3749,4406125,111199,19189511
1788987753306600263,33077671,28504838,3749,4406603,111212,19189511
1788987753423324235,33078407,28505129,3749,4407032,111224,19189511
1788987753536478618,33079123,28505393,3749,4407460,111241,19189511
1788987753652889697,33079852,28505651,3749,4407920,111251,19189511
1788987753768819946,33080578,28505940,3749,4408342,111265,19189511
1788987753883317520,33081298,28506184,3749,4408798,111282,19189511
1788987754001181979,33082044,28506429,3749,4409282,111292,19189511
1788987754115422991,33082777,28506656,3749,4409683,111378,19189511
1788987754229875946,33083494,28506901,3749,4410139,111391,19189511
1788987754344436701,33084203,28507155,3749,4410586,111407,19189511
1788987754459954926,33084934,28507420,3749,4411023,111425,19189511
1788987754575455135,33085636,28507677,3749,4411475,111440,19189511
1788987754690997063,33086360,28507905,3749,4411964,111451,19189511
1788987754807542652,33087087,28508160,3749,4412420,111467,19189511
1788987754924639791,33087821,28508424,3749,4412874,111480,19189511
1788987755040765384,33088541,28508676,3749,4413332,111496,19189511
1788987755156041915,33089281,28508943,3749,4413774,111507,19189511
1788987755272726607,33090007,28509187,3749,4414246,111524,19189511
1788987755391038115,33090753,28509425,3749,4414732,111539,19189511
1788987755507120457,33091469,28509675,3749,4415200,111551,19189511
1788987755622505389,33092197,28509939,3749,4415641,111564,19189511
1788987755738303375,33092916,28510181,3749,4416113,111575,19189511
1788987755854177382,33093653,28510435,3749,4416568,111590,19189511
1788987755971449820,33094400,28510687,3749,4417040,111602,19189511
1788987756089592440,33095156,28510960,3749,4417490,111619,19189511
1788987756206926950,33095894,28511218,3749,4417947,111635,19189511
1788987756321177159,33096607,28511461,3749,4418403,111651,19189511
1788987756435566420,33097333,28511712,3749,4418854,111664,19189511
1788987756551780559,33098049,28511976,3749,4419303,111679,19189511
1788987756668656062,33098786,28512206,3749,4419792,111692,19189511
1788987756785445654,33099521,28512478,3749,4420237,111708,19189511
1788987756901692228,33100254,28512720,3749,4420704,111723,19189511
1788987757016501494,33100980,28512981,3749,4421149,111736,19189511
1788987757131905242,33101718,28513246,3749,4421596,111746,19189511
1788987757247829839,33102472,28513488,3749,4422064,111763,19189511
1788987757363485529,33103183,28513731,3749,4422534,111774,19189511
1788987757480866635,33103927,28513965,3749,4422948,111865,19189511
1788987757594995652,33104647,28514227,3749,4423386,111877,19189511
1788987757709349041,33105349,28514486,3749,4423826,111893,19189511
1788987757826422453,33106076,28514732,3749,4424299,111907,19189511
1788987757943112103,33106817,28514991,3749,4424756,111920,19189511
1788987758057605250,33107546,28515505,3749,4424951,111932,19208839
1788987758171740377,33108275,28516087,3749,4425085,111936,19227143
1788987758291630876,33109041,28516194,3749,4425739,111937,19227143
1788987758409744056,33109795,28516280,3749,4426405,111938,19227143
1788987758523841517,33110531,28516380,3749,4427030,111938,19227143
1788987758642008938,33111286,28516538,3749,4427623,111938,19227143
1788987758755492749,33112008,28516625,3749,4428260,111939,19227143
1788987758873422267,33112761,28516709,3749,4428921,111940,19227143
1788987758989533948,33113501,28516777,3749,4429598,111940,19227143
1788987759104821915,33114242,28516894,3749,4430210,111942,19227143
1788987759223041284,33114998,28517009,3749,4430846,111942,19227143
1788987759337423052,33115724,28517124,3749,4431456,111943,19227143
1788987759455516921,33116477,28517283,3749,4432052,111944,19227143
1788987759569625248,33117207,28517343,3749,4432719,111944,19227143
1788987759688000159,33117963,28517503,3749,4433309,111944,19227143
1788987759812322162,33118753,28517595,3749,4434007,111945,19227143
1788987759927005771,33119488,28517672,3749,4434661,111945,19227143
1788987760053353083,33120296,28517799,3749,4435336,111945,19227143
1788987760167333174,33121030,28517858,3749,4436003,111946,19227143
1788987760285255790,33121785,28517946,3749,4436668,111947,19227143
1788987760401322197,33122532,28518031,3749,4437320,111947,19227143
1788987760515921102,33123277,28518137,3749,4437946,111947,19227143
1788987760633991445,33124033,28518210,3749,4438624,111947,19227143
1788987760748117311,33124758,28518279,3749,4439278,111948,19227143
1788987760866478198,33125512,28518395,3749,4439914,111948,19227143
1788987760980846426,33126250,28518420,3749,4440622,111948,19227143
1788987761094616762,33126967,28518533,3749,4441233,111950,19227143
1788987761212732277,33127725,28518662,3749,4441855,111950,19227143
1788987761329960044,33128475,28518757,3749,4442504,111950,19227143
1788987761448084983,33129226,28518934,3749,4443076,111951,19227143
1788987761566334807,33129984,28519047,3749,4443713,111952,19227143
1788987761683365937,33130730,28519114,3749,4444391,111953,19227143
1788987761797349084,33131454,28519206,3749,4445025,111953,19227143
1788987761909799509,33132173,28519352,3749,4445597,111953,19227143
1788987762025730621,33132913,28519471,3749,4446215,111953,19227143
1788987762140685347,33133650,28519617,3749,4446802,111954,19227143
1788987762258559647,33134410,28519791,3749,4447375,111955,19227143
1788987762375321385,33135157,28519891,3749,4448003,111967,19227143
1788987762489823856,33135880,28519966,3749,4448649,111978,19227143
1788987762608088959,33136636,28520057,3749,4449253,112037,19227143
1788987762726578531,33137397,28520184,3749,4449839,112076,19227143
1788987762844331577,33138147,28520339,3749,4450434,112076,19227143
1788987762961187667,33138890,28520486,3749,4451026,112077,19227143
1788987763079066532,33139642,28520632,3749,4451631,112078,19227143
1788987763195912327,33140394,28520660,3749,4452347,112078,19227143
1788987763313656201,33141136,28520781,3749,4452976,112079,19227143
1788987763432103759,33141895,28520923,3749,4453584,112079,19227143
1788987763546496582,33142626,28521038,3749,4454200,112079,19227143
1788987763664311707,33143380,28521184,3749,4454799,112079,19227143
1788987763780393108,33144120,28521307,3749,4455413,112080,19227143
1788987763898659264,33144876,28521394,3749,4456085,112080,19227143
1788987764012816544,33145610,28521522,3749,4456682,112080,19227143
1788987764130977437,33146362,28521707,3749,4457246,112081,19227143
1788987764249349199,33147113,28521850,3749,4457853,112081,19227143
1788987764367302145,33147869,28521965,3749,4458489,112081,19227143
1788987764485084863,33148619,28522080,3749,4459124,112082,19227143
1788987764602210545,33149367,28522191,3749,4459758,112082,19227143
1788987764716316865,33150094,28522256,3749,4460419,112083,19227143
1788987764833566326,33150839,28522396,3749,4461027,112083,19227143
1788987764949527697,33151570,28522544,3749,4461617,112084,19227143
1788987765067836215,33152330,28522693,3749,4462218,112084,19227143
1788987765186207915,33153082,28522843,3749,4462817,112085,19227143
1788987765304125628,33153839,28522979,3749,4463433,112085,19227143
1788987765418077644,33154571,28523005,3749,4464133,112085,19227143
1788987765535484019,33155319,28523124,3749,4464765,112085,19227143
1788987765653788853,33156078,28523247,3749,4465392,112085,19227143
1788987765769012410,33156817,28523390,3749,4465978,112088,19227143
1788987765887307322,33157576,28523565,3749,4466553,112089,19227143
1788987766004926863,33158330,28523713,3749,4467154,112090,19227143
1788987766122891553,33159081,28523805,3749,4467814,112090,19227143
1788987766237521288,33159812,28523885,3749,4468465,112090,19227143
1788987766355504419,33160562,28524038,3749,4469062,112090,19227143
1788987766473500339,33161314,28524162,3749,4469688,112091,19227143
1788987766591607423,33162068,28524280,3749,4470321,112091,19227143
1788987766709524070,33162818,28524437,3749,4470910,112092,19227143
1788987766827585811,33163572,28524541,3749,4471560,112092,19227143
1788987766941571222,33164295,28524612,3749,4472213,112093,19227143
1788987767059535138,33165052,28524724,3749,4472852,112094,19227143
1788987767177383387,33165804,28524856,3749,4473463,112096,19227143
1788987767295288852,33166558,28524990,3749,4474079,112096,19227143
1788987767413611376,33167316,28525115,3749,4474709,112097,19227143
1788987767531651099,33168075,28525262,3749,4475312,112098,19227143
1788987767645563286,33168805,28525306,3749,4475996,112098,19227143
1788987767762675220,33169551,28525468,3749,4476579,112098,19227143
1788987767880650201,33170308,28525691,3749,4477105,112098,19227143
1788987767998447807,33171068,28525881,3749,4477664,112100,19227143
1788987768116781976,33171817,28526069,3749,4478226,112100,19227143
1788987768234012058,33172573,28526222,3749,4478817,112101,19227143
1788987768352169369,33173330,28526369,3749,4479421,112102,19227143
1788987768483349351,33174175,28526545,3749,4480078,112103,19227143
1788987768597599140,33174904,28526695,3749,4480656,112104,19227143
1788987768713154468,33175641,28526882,3749,4481201,112106,19227143
1788987768829902335,33176390,28527005,3749,4481821,112106,19227143
1788987768943653568,33177113,28527175,3749,4482375,112107,19227143
1788987769068003974,33177907,28527293,3749,4483046,112107,19227143
1788987769184007155,33178644,28527394,3749,4483682,112107,19227143
1788987769306003992,33179427,28527526,3749,4484326,112108,19227143
1788987769430119127,33180220,28527662,3749,4484979,112108,19227143
1788987769552335976,33181002,28527842,3749,4485575,112108,19227143
1788987769670278703,33181756,28527976,3749,4486191,112109,19227143
1788987769786784711,33182498,28528112,3749,4486799,112109,19227143
1788987769901269048,33183235,28528196,3749,4487439,112110,19227143
1788987770019562627,33183989,28528318,3749,4488071,112110,19227143
1788987770136721243,33184739,28528438,3749,4488696,112112,19227143
1788987770254813290,33185491,28528549,3749,4489335,112112,19227143
1788987770372878878,33186243,28528663,3749,4489972,112112,19227143
1788987770491194643,33186994,28528844,3749,4490541,112113,19227143
1788987770605724948,33187726,28528872,3749,4491245,112113,19227143
1788987770720145321,33188456,28529020,3749,4491819,112116,19227143
1788987770837975780,33189206,28529161,3749,4492428,112116,19227143
1788987770953221654,33189935,28529298,3749,4493022,112117,19227143
1788987771071267913,33190688,28529468,3749,4493603,112118,19227143
1788987771188661416,33191432,28529565,3749,4494255,112118,19227143
1788987771306649198,33192190,28529656,3749,4494917,112118,19227143
1788987771421312856,33192920,28529754,3749,4495542,112119,19227143
1788987771538656424,33193668,28529906,3749,4496140,112120,19227143
1788987771656477780,33194421,28530014,3749,4496773,112121,19227143
1788987771773150259,33195168,28530128,3749,4497404,112122,19227143
1788987771888598424,33195897,28530293,3749,4497974,112123,19227143
1788987772006605660,33196655,28530412,3749,4498607,112123,19227143
1788987772120733136,33197389,28530501,3749,4499243,112123,19227143
1788987772238843294,33198151,28530618,3749,4499876,112125,19227143
1788987772356730308,33198894,28530731,3749,4500513,112125,19227143
1788987772475317967,33199658,28530838,3749,4501157,112125,19227143
1788987772593135183,33200414,28530949,3749,4501796,112126,19227143
1788987772711000080,33201173,28531063,3749,4502432,112126,19227143
1788987772824988999,33201901,28531125,3749,4503095,112127,19227143
1788987772943050404,33202658,28531230,3749,4503743,112127,19227143
1788987773060835272,33203414,28531368,3749,4504351,112129,19227143
1788987773178798844,33204161,28531476,3749,4504993,112130,19227143
1788987773296462348,33204919,28531598,3749,4505615,112130,19227143
1788987773414481947,33205679,28531746,3749,4506217,112131,19227143
1788987773528586373,33206405,28531783,3749,4506911,112131,19227143
1788987773643226280,33207141,28531903,3749,4507517,112131,19227143
1788987773761407113,33207895,28532091,3749,4508080,112131,19227143
1788987773876642157,33208633,28532188,3749,4508720,112132,19227143
1788987773994563342,33209383,28532350,3749,4509307,112133,19227143
1788987774111961633,33210137,28532450,3749,4509951,112133,19227143
1788987774229856792,33210898,28532530,3749,4510623,112133,19227143
1788987774344074948,33211626,28532601,3749,4511277,112134,19227143
1788987774460724881,33212367,28532714,3749,4511909,112134,19227143
1788987774578630998,33213114,28532890,3749,4512481,112135,19227143
1788987774695922849,33213863,28533022,3749,4513094,112135,19227143
1788987774813830998,33214615,28533217,3749,4513647,112136,19227143
1788987774930866009,33215365,28533318,3749,4514290,112137,19227143
1788987775045133236,33216093,28533386,3749,4514949,112137,19227143
1788987775162992915,33216844,28533547,3749,4515539,112137,19227143
1788987775281313371,33217597,28533682,3749,4516151,112138,19227143
1788987775399424126,33218345,28533794,3749,4516790,112139,19227143
1788987775517240781,33219098,28533903,3749,4517430,112139,19227143
1788987775635239153,33219857,28534013,3749,4518073,112139,19227143
1788987775749393296,33220582,28534057,3749,4518755,112139,19227143
1788987775865850212,33221326,28534145,3749,4519410,112140,19227143
1788987775983981366,33222087,28534219,3749,4520088,112140,19227143
1788987776098374380,33222810,28534312,3749,4520719,112141,19227143
1788987776214207087,33223553,28534467,3749,4521302,112141,19227143
1788987776328393730,33224277,28534551,3749,4521943,112142,19227143
1788987776446016319,33225031,28534653,3749,4522592,112142,19227143
1788987776560138025,33225764,28534735,3749,4523236,112142,19227143
1788987776674839875,33226499,28534842,3749,4523859,112144,19227143
1788987776792229289,33227251,28534938,3749,4524508,112144,19227143
1788987776909578912,33227998,28535024,3749,4525170,112146,19227143
1788987777027676949,33228749,28535151,3749,4525794,112146,19227143
1788987777141669919,33229475,28535184,3749,4526488,112146,19227143
1788987777257639143,33230219,28535300,3749,4527107,112148,19227143
1788987777375585724,33230973,28535420,3749,4527739,112149,19227143
1788987777489700036,33231710,28535503,3749,4528377,112154,19227143
1788987777608056764,33232476,28535614,3749,4529016,112155,19227143
1788987777722232005,33233210,28535670,3749,4529686,112155,19227143
1788987777839501969,33233963,28535773,3749,4530334,112155,19227143
1788987777957222914,33234722,28535861,3749,4530991,112156,19227143
1788987778071268361,33235448,28535966,3749,4531612,112157,19227143
1788987778186290223,33236181,28536085,3749,4532223,112157,19227143
1788987778300396785,33236901,28536172,3749,4532868,112159,19227143
1788987778421077640,33237657,28536437,3749,4533346,112171,19227143
1788987778536985917,33238399,28536624,3749,4533604,112454,19227143
1788987778655110720,33239145,28536864,3749,4533954,112604,19227143
1788987778770403110,33239860,28537124,3749,4534402,112619,19227143
1788987778886496031,33240595,28537390,3749,4534850,112633,19227143
1788987779002253807,33241308,28537642,3749,4535307,112646,19227143
1788987779116414467,33242015,28537886,3749,4535768,112659,19227143
1788987779232099691,33242758,28538142,3749,4536221,112674,19227143
1788987779347139771,33243471,28538426,3749,4536645,112685,19227143
1788987779460358329,33244184,28538686,3749,4537081,112696,19227143
1788987779574038774,33244896,28538947,3749,4537522,112707,19227143
1788987779691454174,33245646,28539271,3749,4537916,112724,19227143
1788987779809744530,33246385,28539518,3749,4538393,112741,19227143
1788987779925767451,33247100,28539775,3749,4538843,112762,19227143
1788987780042526180,33247835,28540041,3749,4539296,112773,19227143
1788987780157027014,33248545,28540304,3749,4539737,112785,19227143
1788987780272442373,33249274,28540553,3749,4540199,112796,19227143
1788987780389021314,33249996,28540825,3749,4540639,112812,19227143
1788987780507077299,33250754,28541081,3749,4541110,112825,19227143
1788987780623781353,33251501,28541344,3749,4541561,112841,19227143
1788987780739523963,33252209,28541604,3749,4542014,112853,19227143
1788987780855665380,33252936,28541856,3749,4542477,112866,19227143
1788987780971828834,33253670,28542119,3749,4542921,112884,19227143
1788987781088618484,33254393,28542359,3749,4543402,112896,19227143
1788987781206285031,33255160,28542627,3749,4543858,112912,19227143
1788987781321312090,33255883,28542901,3749,4544286,112929,19227143
1788987781436131443,33256607,28543157,3749,4544730,112945,19227143
1788987781551590420,33257333,28543421,3749,4545170,112963,19227143
1788987781668002743,33258049,28543690,3749,4545616,112976,19227143
1788987781784589771,33258793,28543940,3749,4546086,112987,19227143
1788987781898291779,33259516,28544211,3749,4546515,112999,19227143
1788987782012609902,33260232,28544459,3749,4546892,113092,19227143
1788987782129828343,33260991,28544711,3749,4547360,113107,19227143
1788987782245133980,33261702,28544976,3749,4547805,113118,19227143
1788987782359875827,33262427,28545235,3749,4548248,113134,19227143
1788987782478465084,33263158,28545475,3749,4548739,113145,19227143
1788987782592586203,33263863,28545734,3749,4549183,113158,19227143
1788987782709178327,33264607,28546001,3749,4549632,113172,19227143
1788987782824821495,33265350,28546277,3749,4550060,113189,19227143
1788987782940916998,33266057,28546561,3749,4550491,113201,19227143
1788987783056640183,33266804,28546825,3749,4550936,113218,19227143
1788987783172539211,33267530,28547066,3749,4551408,113232,19227143
1788987783288330571,33268251,28547312,3749,4551873,113247,19227143
1788987783402799176,33268956,28547568,3749,4552314,113264,19227143
1788987783518867449,33269668,28547833,3749,4552761,113278,19227143
1788987783632871168,33270378,28548100,3749,4553196,113290,19227143
1788987783747905324,33271097,28548348,3749,4553654,113304,19227143
1788987783863243616,33271804,28548591,3749,4554120,113318,19227143
1788987783977457075,33272517,28548871,3749,4554547,113329,19227143
1788987784090753598,33273229,28549127,3749,4554987,113340,19227143
1788987784204610162,33273933,28549373,3749,4555439,113354,19227143
1788987784319611517,33274651,28549621,3749,4555893,113374,19227143
1788987784434288566,33275375,28549889,3749,4556325,113390,19227143
1788987784553428148,33276143,28550139,3749,4556809,113404,19227143
1788987784668903247,33276870,28550393,3749,4557263,113417,19227143
1788987784785405250,33277594,28550648,3749,4557719,113437,19227143
1788987784899530519,33278311,28550922,3749,4558143,113452,19227143
1788987785022152868,33279108,28551196,3749,4558615,113472,19227143
1788987785139019516,33279838,28551451,3749,4559086,113483,19227143
1788987785256090571,33280575,28551723,3749,4559527,113497,19227143
1788987785373002144,33281308,28551966,3749,4559933,113581,19227143
1788987785489506714,33282024,28552233,3749,4560382,113594,19227143
1788987785606854400,33282754,28552516,3749,4560820,113608,19227143
1788987785721801537,33283456,28552779,3749,4561262,113620,19227143
1788987785836342287,33284176,28553016,3749,4561731,113632,19227143
1788987785954076745,33284907,28553269,3749,4562205,113645,19227143
1788987786069931512,33285648,28553524,3749,4562658,113661,19227143
1788987786184738634,33286369,28553771,3749,4563111,113676,19227143
1788987786300610237,33287089,28554024,3749,4563566,113695,19227143
1788987786416684781,33287802,28554304,3749,4564002,113706,19227143
1788987786531484402,33288518,28554554,3749,4564464,113716,19227143
1788987786646872760,33289261,28554811,3749,4564914,113729,19227143
1788987786763411810,33290000,28555071,3749,4565373,113740,19227143
1788987786879480501,33290731,28555340,3749,4565815,113759,19227143
1788987786995919405,33291454,28555594,3749,4566272,113773,19227143
1788987787111851176,33292179,28555866,3749,4566718,113786,19227143
1788987787227887777,33292911,28556110,3749,4567184,113800,19227143
1788987787342478521,33293618,28556363,3749,4567634,113813,19227143
1788987787458753529,33294337,28556645,3749,4568064,113828,19227143
1788987787575208028,33295052,28556906,3749,4568521,113842,19227143
1788987787691262007,33295777,28557170,3749,4568963,113859,19227143
1788987787805696079,33296500,28557444,3749,4569391,113873,19227143
1788987787921420832,33297224,28557688,3749,4569859,113889,19227143
1788987788036864687,33297965,28557943,3749,4570308,113905,19227143
1788987788152364056,33298673,28558220,3749,4570736,113923,19227143
1788987788267673741,33299402,28558463,3749,4571199,113936,19227143
1788987788383053211,33300129,28558722,3749,4571649,113949,19227143
1788987788499622137,33300853,28558981,3749,4572104,113965,19227143
1788987788616082316,33301579,28559227,3749,4572578,113977,19227143
1788987788732633588,33302315,28559466,3749,4572983,114065,19227143
1788987788847132925,33303044,28559729,3749,4573422,114079,19227143
1788987788962105825,33303777,28559987,3749,4573863,114101,19227143
1788987789078608885,33304503,28560233,3749,4574324,114119,19227143
1788987789194533043,33305218,28560521,3749,4574745,114135,19227143
1788987789312089777,33305969,28560752,3749,4575241,114149,19227143
1788987789428517136,33306696,28561008,3749,4575695,114164,19227143
1788987789543005802,33307413,28561265,3749,4576146,114175,19227143
1788987789659647543,33308119,28561519,3749,4576603,114191,19227143
1788987789774537575,33308840,28561777,3749,4577052,114205,19227143
1788987789889557468,33309554,28562028,3749,4577513,114216,19227143
1788987790004428994,33310286,28562299,3749,4577951,114227,19227143
1788987790119865368,33311015,28562563,3749,4578390,114247,19227143
1788987790235541821,33311742,28562815,3749,4578844,114263,19227143
1788987790350711670,33312475,28563068,3749,4579297,114279,19227143
1788987790467027466,33313194,28563318,3749,4579756,114296,19227143
1788987790582494644,33313923,28563573,3749,4580215,114306,19227143
1788987790698466519,33314665,28563850,3749,4580654,114317,19227143
1788987790813722469,33315391,28564118,3749,4581093,114331,19227143
1788987790928587989,33316111,28564372,3749,4581545,114343,19227143
1788987791044044616,33316854,28564632,3749,4581995,114355,19227143
1788987791157697007,33317573,28564899,3749,4582428,114368,19227143
1788987791272683025,33318275,28565144,3749,4582897,114376,19227143
1788987791387585731,33319006,28565404,3749,4583341,114390,19227143
1788987791503369986,33319749,28565674,3749,4583784,114400,19227143
1788987791619030922,33320489,28565934,3749,4584237,114412,19227143
1788987791735001250,33321207,28566200,3749,4584683,114425,19227143
1788987791850824539,33321923,28566455,3749,4585138,114438,19227143
1788987791967658126,33322665,28566698,3749,4585618,114448,19227143
1788987792084123497,33323409,28566947,3749,4586089,114457,19227143
1788987792199510429,33324124,28567188,3749,4586485,114544,19227143
1788987792315855372,33324827,28567454,3749,4586939,114555,19227143
1788987792431508356,33325557,28567722,3749,4587377,114569,19227143
1788987792547993383,33326303,28567987,3749,4587829,114580,19227143
1788987792663915472,33327028,28568227,3749,4588302,114594,19227143
1788987792779820308,33327758,28568509,3749,4588732,114608,19227143
1788987792893994626,33328484,28568766,3749,4589170,114626,19227143
1788987793010314595,33329217,28569045,3749,4589605,114642,19227143
1788987793125003165,33329912,28569303,3749,4590051,114655,19227143
1788987793241344900,33330647,28569554,3749,4590519,114667,19227143
1788987793357410769,33331375,28569787,3749,4591001,114677,19227143
1788987793470586103,33332101,28570072,3749,4591408,114693,19227143
1788987793584475477,33332801,28570380,3749,4591804,114704,19227143
1788987793697722724,33333519,28570652,3749,4592231,114717,19227143
1788987793814988592,33334244,28570904,3749,4592691,114734,19227143
1788987793930027115,33334981,28571191,3749,4593112,114748,19227143
1788987794046546553,33335705,28571438,3749,4593585,114759,19227143
1788987794164917887,33336441,28571696,3749,4594053,114771,19227143
1788987794280002473,33337177,28571955,3749,4594501,114786,19227143
1788987794395543854,33337905,28572212,3749,4594950,114800,19227143
1788987794512302314,33338631,28572470,3749,4595410,114814,19227143
1788987794629160586,33339373,28572736,3749,4595866,114825,19227143
1788987794748613643,33340124,28572996,3749,4596344,114834,19227143
1788987794863639056,33340835,28573254,3749,4596723,114916,19227143
1788987794980099461,33341585,28573509,3749,4597175,114938,19227143
1788987795096004834,33342300,28573773,3749,4597618,114955,19227143
1788987795211253176,33343033,28574034,3749,4598060,114973,19227143
1788987795327414475,33343772,28574299,3749,4598513,114986,19227143
1788987795446743580,33344531,28574566,3749,4598980,115000,19227143
1788987795564249370,33345259,28574875,3749,4599397,115011,19227143
1788987795679303898,33345980,28575118,3749,4599858,115025,19227143
1788987795795536254,33346697,28575385,3749,4600305,115036,19227143
1788987795913001626,33347418,28575664,3749,4600739,115058,19227143
1788987796029639775,33348188,28575912,3749,4601211,115071,19227143
1788987796146293252,33348921,28576160,3749,4601677,115087,19227143
1788987796263714715,33349653,28576410,3749,4602145,115102,19227143
1788987796380826517,33350400,28576652,3749,4602617,115119,19227143
1788987796496915530,33351134,28576899,3749,4603081,115133,19227143
1788987796613791610,33351882,28577147,3749,4603551,115147,19227143
1788987796730028688,33352603,28577393,3749,4604024,115157,19227143
1788987796846274207,33353341,28577654,3749,4604476,115169,19227143
1788987796962255799,33354070,28577906,3749,4604934,115186,19227143
1788987797076905754,33354782,28578165,3749,4605376,115201,19227143
1788987797192421133,33355492,28578459,3749,4605793,115214,19227143
1788987797308573840,33356207,28578735,3749,4606232,115227,19227143
1788987797423562347,33356921,28578972,3749,4606705,115238,19227143
1788987797541859292,33357652,28579255,3749,4607152,115249,19227143
1788987797657599975,33358376,28579529,3749,4607590,115261,19227143
1788987797774555309,33359101,28579788,3749,4608046,115277,19227143
1788987797889571061,33359800,28580106,3749,4608438,115290,19227143
1788987798004811582,33360526,28580353,3749,4608896,115306,19227143
1788987798119013135,33361249,28580617,3749,4609335,115318,19227143
1788987798236277281,33361983,28580869,3749,4609808,115330,19227143
1788987798355243039,33362745,28581123,3749,4610192,115432,19227143
1788987798471969367,33363487,28581375,3749,4610657,115446,19227143
1788987798587296907,33364226,28581639,3749,4611100,115462,19227143
1788987798702812348,33364951,28581890,3749,4611559,115475,19227143
1788987798818928839,33365675,28582126,3749,4612034,115491,19227143
1788987798933461463,33366384,28582377,3749,4612488,115503,19227143
1788987799048594635,33367099,28582624,3749,4612941,115521,19227143
1788987799164593634,33367830,28582881,3749,4613395,115535,19227143
1788987799279257897,33368552,28583140,3749,4613841,115548,19227143
1788987799393248241,33369297,28583366,3749,4614317,115559,19227143
1788987799510660962,33370057,28583612,3749,4614803,115567,19227143
1788987799624699794,33370764,28583895,3749,4615216,115580,19227143
1788987799740725546,33371473,28584143,3749,4615678,115596,19227143
1788987799855682667,33372194,28584394,3749,4616132,115611,19227143
1788987799971314116,33372929,28584670,3749,4616565,115627,19227143
1788987800088780802,33373657,28584909,3749,4617043,115644,19227143
1788987800206173408,33374414,28585177,3749,4617502,115652,19227143
1788987800322929304,33375143,28585431,3749,4617960,115671,19227143
1788987800438062544,33375879,28585680,3749,4618415,115686,19227143
1788987800553670699,33376603,28585938,3749,4618867,115700,19227143
1788987800668024505,33377320,28586174,3749,4619329,115715,19227143
1788987800782550218,33378053,28586434,3749,4619783,115725,19227143
1788987800898066451,33378779,28586684,3749,4620243,115737,19227143
1788987801013614551,33379508,28586931,3749,4620701,115751,19227143
1788987801129862184,33380239,28587169,3749,4621174,115765,19227143
1788987801245221939,33380944,28587423,3749,4621626,115780,19227143
1788987801359729735,33381657,28587674,3749,4622078,115795,19227143
1788987801475102387,33382381,28587922,3749,4622547,115805,19227143
1788987801591202172,33383114,28588167,3749,4623014,115816,19227143
1788987801706383943,33383837,28588417,3749,4623393,115908,19227143
1788987801821433917,33384561,28588673,3749,4623844,115922,19227143
1788987801936760974,33385298,28588921,3749,4624303,115934,19227143
1788987802052293384,33386025,28589180,3749,4624757,115945,19227143
1788987802169117919,33386751,28589426,3749,4625240,115952,19227143
1788987802284334953,33387474,28589685,3749,4625686,115966,19227143
1788987802400012265,33388203,28589937,3749,4626141,115980,19227143
1788987802516402602,33388938,28590194,3749,4626598,115995,19227143
1788987802633052799,33389663,28590460,3749,4627042,116012,19227143
1788987802749056250,33390377,28590695,3749,4627528,116020,19227143
1788987802865797498,33391112,28590976,3749,4627964,116035,19227143
1788987802981279448,33391844,28591261,3749,4628389,116046,19227143
1788987803096231203,33392566,28591511,3749,4628848,116060,19227143
1788987803213024101,33393303,28591779,3749,4629292,116076,19227143
1788987803329710435,33394027,28592029,3749,4629760,116090,19227143
1788987803445929337,33394752,28592273,3749,4630230,116102,19227143
1788987803563584633,33395504,28592520,3749,4630709,116114,19227143
1788987803679927580,33396226,28592774,3749,4631163,116133,19227143
1788987803797039699,33396968,28593038,3749,4631619,116146,19227143
1788987803912622757,33397693,28593297,3749,4632070,116156,19227143
1788987804026796040,33398407,28593569,3749,4632496,116173,19227143
1788987804143181788,33399150,28593824,3749,4632959,116185,19227143
1788987804259996993,33399889,28594068,3749,4633427,116203,19227143
1788987804376179903,33400619,28594324,3749,4633887,116217,19227143
1788987804492233367,33401359,28594576,3749,4634349,116228,19227143
1788987804608135215,33402087,28594826,3749,4634809,116240,19227143
1788987804723624611,33402827,28595084,3749,4635261,116254,19227143
1788987804839817929,33403578,28595317,3749,4635745,116266,19227143
1788987804953337848,33404296,28595609,3749,4636152,116279,19227143
1788987805066526060,33405010,28595837,3749,4636541,116371,19227143
1788987805180409157,33405731,28596084,3749,4636991,116385,19227143
1788987805295724107,33406463,28596348,3749,4637434,116401,19227143
1788987805410828903,33407182,28596614,3749,4637874,116415,19227143
1788987805524689897,33407879,28596840,3749,4638352,116427,19227143
1788987805640970433,33408636,28597093,3749,4638811,116441,19227143
1788987805756245698,33409364,28597344,3749,4639264,116459,19227143
1788987805873081277,33410084,28597609,3749,4639712,116476,19227143
1788987805987493892,33410812,28597858,3749,4640164,116489,19227143
1788987806103162113,33411555,28598106,3749,4640630,116502,19227143
1788987806225929993,33412330,28598348,3749,4641141,116515,19227143
1788987806341014452,33413050,28598602,3749,4641596,116526,19227143
1788987806458011192,33413759,28598860,3749,4642055,116541,19227143
1788987806575011203,33414501,28599115,3749,4642518,116554,19227143
1788987806688921506,33415218,28599395,3749,4642938,116568,19227143
1788987806806441320,33415960,28599670,3749,4643392,116576,19227143
1788987806921115867,33416679,28599921,3749,4643849,116589,19227143
1788987807038714471,33417409,28600185,3749,4644298,116609,19227143
1788987807155897160,33418129,28600438,3749,4644765,116622,19227143
1788987807272794399,33418874,28600694,3749,4645225,116639,19227143
1788987807388025359,33419609,28600965,3749,4645653,116658,19227143
1788987807503880289,33420340,28601200,3749,4646136,116669,19227143
1788987807619285133,33421059,28601451,3749,4646595,116684,19227143
1788987807735597432,33421795,28601702,3749,4647054,116699,19227143
1788987807851440435,33422534,28601959,3749,4647508,116713,19227143
1788987807967090017,33423283,28602223,3749,4647953,116726,19227143
1788987808082411821,33423996,28602488,3749,4648397,116740,19227143
1788987808198361607,33424731,28602744,3749,4648852,116758,19227143
1788987808313850988,33425465,28603018,3749,4649287,116770,19227143
1788987808430176796,33426192,28603276,3749,4649675,116854,19227143
1788987808545763910,33426923,28603587,3749,4650075,116865,19227143
1788987808660831626,33427635,28603832,3749,4650536,116879,19227143
1788987808774650514,33428340,28604073,3749,4650992,116894,19227143
1788987808891037575,33429089,28604301,3749,4651482,116906,19227143
1788987809004413486,33429790,28604555,3749,4651923,116920,19227143
1788987809117826533,33430514,28604810,3749,4652368,116931,19227143
1788987809232710352,33431225,28605058,3749,4652820,116949,19227143
1788987809348658262,33431972,28605295,3749,4653293,116965,19227143
1788987809464557896,33432705,28605549,3749,4653750,116979,19227143
1788987809587997956,33433474,28605796,3749,4654266,116990,19227143
1788987809703490125,33434211,28606058,3749,4654711,117003,19227143
1788987809820628012,33434932,28606312,3749,4655181,117015,19227143
1788987809938418420,33435660,28606566,3749,4655645,117032,19227143
1788987810053713788,33436386,28606822,3749,4656097,117044,19227143
1788987810170171002,33437116,28607064,3749,4656575,117055,19227143
1788987810284879724,33437828,28607309,3749,4657034,117070,19227143
1788987810400005692,33438561,28607565,3749,4657486,117081,19227143
1788987810514408047,33439294,28607833,3749,4657919,117096,19227143
1788987810631358754,33440028,28608098,3749,4658370,117110,19227143
1788987810745697562,33440738,28608355,3749,4658814,117125,19227143
1788987810866278641,33441512,28608598,3749,4659314,117138,19227143
1788987810981772508,33442217,28608859,3749,4659763,117152,19227143
1788987811099024022,33442944,28609121,3749,4660221,117167,19227143
1788987811212994163,33443662,28609389,3749,4660646,117184,19227143
1788987811327857936,33444360,28609641,3749,4661102,117195,19227143
1788987811441755136,33445066,28609889,3749,4661551,117211,19227143
1788987811558110225,33445813,28610440,3749,4661725,117218,19251079
1788987811675839534,33446567,28610855,3749,4662053,117220,19258119
1788987811796022961,33447338,28610942,3749,4662730,117221,19258119
1788987811914002945,33448097,28611022,3749,4663401,117221,19258119
1788987812028291689,33448833,28611082,3749,4664066,117221,19258119
1788987812146107338,33449584,28611186,3749,4664713,117222,19258119
1788987812264150693,33450340,28611266,3749,4665384,117222,19258119
1788987812378262584,33451068,28611330,3749,4666048,117222,19258119
1788987812495015002,33451817,28611464,3749,4666655,117223,19258119
1788987812613018323,33452572,28611550,3749,4667321,117223,19258119
1788987812727522649,33453303,28611610,3749,4667993,117223,19258119
1788987812845556305,33454057,28611688,3749,4668665,117223,19258119
1788987812963480759,33454814,28611768,3749,4669331,117224,19258119
1788987813077789680,33455538,28611850,3749,4669980,117224,19258119
1788987813195732113,33456289,28611931,3749,4670651,117224,19258119
1788987813313690481,33457040,28612005,3749,4671329,117224,19258119
1788987813428406011,33457780,28612119,3749,4671939,117225,19258119
1788987813546394126,33458531,28612287,3749,4672522,117225,19258119
1788987813664466168,33459286,28612460,3749,4673102,117225,19258119
1788987813778659994,33460019,28612609,3749,4673682,117226,19258119
1788987813895815438,33460765,28612733,3749,4674303,117226,19258119
1788987814013929811,33461521,28612841,3749,4674946,117227,19258119
1788987814128156312,33462253,28612943,3749,4675570,117227,19258119
1788987814245519139,33462997,28613100,3749,4676164,117227,19258119
1788987814363840609,33463756,28613223,3749,4676792,117228,19258119
1788987814478082433,33464478,28613305,3749,4677436,117228,19258119
1788987814596349114,33465230,28613419,3749,4678072,117228,19258119
1788987814714390350,33465984,28613498,3749,4678745,117228,19258119
1788987814829007257,33466720,28613563,3749,4679410,117229,19258119
1788987814946810016,33467464,28613683,3749,4680042,117229,19258119
1788987815064967654,33468224,28613773,3749,4680703,117229,19258119
1788987815178890774,33468949,28613836,3749,4681364,117231,19258119
1788987815297537750,33469702,28613937,3749,4682020,117231,19258119
1788987815415846074,33470462,28614082,3749,4682626,117231,19258119
1788987815531886222,33471201,28614204,3749,4683242,117231,19258119
1788987815649899616,33471960,28614344,3749,4683852,117231,19258119
1788987815767742731,33472698,28614502,3749,4684442,117232,19258119
1788987815885490571,33473447,28614626,3749,4685071,117232,19258119
1788987816003445094,33474197,28614741,3749,4685700,117233,19258119
1788987816117321425,33474924,28614810,3749,4686356,117233,19258119
1788987816235340059,33475677,28614920,3749,4686998,117233,19258119
1788987816353218196,33476434,28615057,3749,4687611,117234,19258119
1788987816469874774,33477183,28615140,3749,4688272,117234,19258119
1788987816584358214,33477911,28615285,3749,4688852,117234,19258119
1788987816702395892,33478664,28615437,3749,4689450,117235,19258119
1788987816820447970,33479424,28615512,3749,4690127,117235,19258119
1788987816937176134,33480172,28615575,3749,4690808,117235,19258119
1788987817051329741,33480897,28615667,3749,4691439,117236,19258119
1788987817169423176,33481654,28615784,3749,4692074,117236,19258119
1788987817291595999,33482434,28615973,3749,4692665,117237,19258119
1788987817415190307,33483231,28616117,3749,4693305,117237,19258119
1788987817528489194,33483950,28616240,3749,4693908,117237,19258119
1788987817646495120,33484706,28616428,3749,4694469,117238,19258119
1788987817764570127,33485460,28616511,3749,4695135,117238,19258119
1788987817878081558,33486189,28616586,3749,4695782,117238,19258119
1788987817992223065,33486918,28616676,3749,4696415,117239,19258119
1788987818110149637,33487674,28616755,3749,4697088,117239,19258119
1788987818229248438,33488431,28616911,3749,4697687,117240,19258119
1788987818345743783,33489166,28617031,3749,4698311,117240,19258119
1788987818463752693,33489926,28617123,3749,4698970,117241,19258119
1788987818579129516,33490655,28617326,3749,4699497,117242,19258119
1788987818697155153,33491416,28617475,3749,4700098,117243,19258119
1788987818812657156,33492152,28617520,3749,4700793,117243,19258119
1788987818927262682,33492888,28617598,3749,4701437,117245,19258119
1788987819045119777,33493643,28617729,3749,4702059,117245,19258119
1788987819162846283,33494394,28617876,3749,4702661,117246,19258119
1788987819280873370,33495148,28617976,3749,4703310,117246,19258119
1788987819398898340,33495905,28618056,3749,4703982,117246,19258119
1788987819516376956,33496655,28618204,3749,4704577,117247,19258119
1788987819634003102,33497395,28618391,3749,4705139,117248,19258119
1788987819748018370,33498126,28618424,3749,4705834,117248,19258119
1788987819862166354,33498856,28618545,3749,4706437,117248,19258119
1788987819980222292,33499611,28618709,3749,4707004,117269,19258119
1788987820097732265,33500355,28618839,3749,4707600,117292,19258119
1788987820215920437,33501119,28618945,3749,4708196,117342,19258119
1788987820334480367,33501874,28619034,3749,4708824,117384,19258119
1788987820451133908,33502625,28619182,3749,4709370,117427,19258119
1788987820569445464,33503380,28619314,3749,4709986,117429,19258119
1788987820684749296,33504117,28619363,3749,4710678,117429,19258119
1788987820799409456,33504837,28619457,3749,4711307,117430,19258119
1788987820917514550,33505599,28619590,3749,4711932,117430,19258119
1788987821035128218,33506354,28619702,3749,4712563,117431,19258119
1788987821153309760,33507106,28619846,3749,4713169,117431,19258119
1788987821271193101,33507852,28619947,3749,4713822,117431,19258119
1788987821387406504,33508597,28620066,3749,4714439,117432,19258119
1788987821505379844,33509358,28620205,3749,4715050,117432,19258119
1788987821619173947,33510087,28620226,3749,4715756,117432,19258119
1788987821736774701,33510836,28620341,3749,4716389,117433,19258119
1788987821854718535,33511595,28620505,3749,4716976,117433,19258119
1788987821972803329,33512349,28620676,3749,4717555,117433,19258119
1788987822090905574,33513111,28620792,3749,4718189,117434,19258119
1788987822208012530,33513848,28621010,3749,4718714,117436,19258119
1788987822324865147,33514589,28621159,3749,4719309,117436,19258119
1788987822440215449,33515334,28621301,3749,4719900,117436,19258119
1788987822554162542,33516061,28621352,3749,4720575,117437,19258119
1788987822672384339,33516824,28621488,3749,4721188,117437,19258119
1788987822790455923,33517571,28621676,3749,4721751,117438,19258119
1788987822908418992,33518323,28621840,3749,4722337,117438,19258119
1788987823026232813,33519075,28621909,3749,4723019,117438,19258119
1788987823144750433,33519832,28622094,3749,4723590,117439,19258119
1788987823259474845,33520564,28622226,3749,4724188,117439,19258119
1788987823378187870,33521323,28622311,3749,4724855,117439,19258119
1788987823492336126,33522050,28622342,3749,4725547,117440,19258119
1788987823606558543,33522779,28622485,3749,4726133,117441,19258119
1788987823724543936,33523530,28622588,3749,4726783,117441,19258119
1788987823842353261,33524288,28622761,3749,4727353,117441,19258119
1788987823960440379,33525039,28622841,3749,4728029,117441,19258119
1788987824075411039,33525785,28622990,3749,4728608,117442,19258119
1788987824192261711,33526532,28623101,3749,4729239,117443,19258119
1788987824310431727,33527289,28623190,3749,4729902,117443,19258119
1788987824424474634,33528020,28623249,3749,4730568,117444,19258119
1788987824541667021,33528768,28623372,3749,4731195,117445,19258119
1788987824659901059,33529533,28623471,3749,4731847,117445,19258119
1788987824774787904,33530263,28623604,3749,4732444,117447,19258119
1788987824892757618,33531017,28623735,3749,4733064,117447,19258119
1788987825010744891,33531771,28623895,3749,4733653,117447,19258119
1788987825129101740,33532526,28623987,3749,4734312,117448,19258119
1788987825247036270,33533284,28624066,3749,4734985,117448,19258119
1788987825361320973,33534019,28624131,3749,4735646,117448,19258119
1788987825478404135,33534761,28624258,3749,4736263,117449,19258119
1788987825596381709,33535508,28624410,3749,4736865,117449,19258119
1788987825712462251,33536250,28624515,3749,4737494,117450,19258119
1788987825830358234,33536998,28624656,3749,4738104,117450,19258119
1788987825948232897,33537753,28624835,3749,4738677,117451,19258119
1788987826066520273,33538510,28624940,3749,4739327,117451,19258119
1788987826184579817,33539263,28625030,3749,4739989,117451,19258119
1788987826299311196,33539998,28625114,3749,4740633,117451,19258119
1788987826417593688,33540757,28625213,3749,4741287,117452,19258119
1788987826535571806,33541515,28625393,3749,4741857,117452,19258119
1788987826650848682,33542259,28625498,3749,4742485,117452,19258119
1788987826765869837,33542992,28625633,3749,4743080,117452,19258119
1788987826884223701,33543738,28625806,3749,4743656,117453,19258119
1788987827002143492,33544493,28625880,3749,4744334,117453,19258119
1788987827119586409,33545249,28625962,3749,4745004,117453,19258119
1788987827233532235,33545982,28626040,3749,4745649,117454,19258119
1788987827351460779,33546738,28626116,3749,4746320,117454,19258119
1788987827469395925,33547486,28626259,3749,4746926,117455,19258119
1788987827586404366,33548237,28626368,3749,4747560,117455,19258119
1788987827704339260,33548995,28626445,3749,4748235,117455,19258119
1788987827822291950,33549735,28626621,3749,4748809,117456,19258119
1788987827940360802,33550489,28626817,3749,4749364,117456,19258119
1788987828054366745,33551219,28626869,3749,4750039,117456,19258119
1788987828168660733,33551944,28626964,3749,4750672,117458,19258119
1788987828286624192,33552698,28627098,3749,4751289,117459,19258119
1788987828404864854,33553464,28627223,3749,4751913,117459,19258119
1788987828523143950,33554222,28627365,3749,4752523,117459,19258119
1788987828641025695,33554974,28627460,3749,4753180,117460,19258119
1788987828752581034,33555682,28627646,3749,4753704,117461,19258119
1788987828870611178,33556442,28627791,3749,4754309,117461,19258119
1788987828984922577,33557179,28627813,3749,4755015,117461,19258119
1788987829099528238,33557908,28627893,3749,4755664,117462,19258119
1788987829217686741,33558668,28628030,3749,4756277,117462,19258119
1788987829335663946,33559424,28628193,3749,4756864,117462,19258119
1788987829452660762,33560176,28628308,3749,4757493,117463,19258119
1788987829570576924,33560936,28628429,3749,4758122,117463,19258119
1788987829687751295,33561684,28628519,3749,4758777,117463,19258119
1788987829803787637,33562426,28628655,3749,4759380,117463,19258119
1788987829918378053,33563161,28628676,3749,4760087,117463,19258119
1788987830036272124,33563914,28628797,3749,4760715,117465,19258119
1788987830152816997,33564653,28628936,3749,4761320,117465,19258119
1788987830270569007,33565406,28629076,3749,4761928,117466,19258119
1788987830388443990,33566156,28629160,3749,4762590,117466,19258119
1788987830504922785,33566899,28629341,3749,4763152,117466,19258119
1788987830620467689,33567632,28629474,3749,4763755,117467,19258119
1788987830738889039,33568396,28629557,3749,4764424,117467,19258119
1788987830852897023,33569126,28629592,3749,4765116,117468,19258119
1788987830965713466,33569837,28629703,3749,4765722,117469,19258119
1788987831082457423,33570584,28629808,3749,4766356,117469,19258119
1788987831207242565,33571374,28629973,3749,4766983,117471,19258119
1788987831325239786,33572127,28630102,3749,4767608,117471,19258119
1788987831444992802,33572903,28630311,3749,4768158,117472,19258119
1788987831563006279,33573652,28630426,3749,4768793,117472,19258119
1788987831686014373,33574439,28630518,3749,4769485,117472,19258119
1788987831801003677,33575181,28630581,3749,4770155,117472,19258119
1788987831920001357,33575936,28630701,3749,4770791,117473,19258119
1788987832041044800,33576710,28630790,3749,4771474,117473,19258119
1788987832156003530,33577452,28630949,3749,4772045,117473,19258119
1788987832286202113,33578290,28631101,3749,4772720,117474,19258119
1788987832404175104,33579047,28631260,3749,4773310,117475,19258119
1788987832522219188,33579805,28631340,3749,4773982,117475,19258119
1788987832640061781,33580558,28631428,3749,4774645,117475,19258119
1788987832753999989,33581285,28631519,3749,4775276,117477,19258119
1788987832872165216,33582041,28631624,3749,4775923,117477,19258119
1788987832990246372,33582800,28631779,3749,4776520,117477,19258119
1788987833103367235,33583523,28631888,3749,4777127,117477,19258119
1788987833221327668,33584273,28631964,3749,4777802,117478,19258119
1788987833339544009,33585021,28632133,3749,4778389,117478,19258119
1788987833457368128,33585774,28632270,3749,4779000,117478,19258119
1788987833571282277,33586495,28632327,3749,4779667,117478,19258119
1788987833685261789,33587222,28632409,3749,4780308,117479,19258119
1788987833803354135,33587973,28632507,3749,4780965,117479,19258119
1788987833916694480,33588696,28632565,3749,4781631,117479,19258119
1788987834030799094,33589423,28632655,3749,4782265,117480,19258119
1788987834149030402,33590179,28632739,3749,4782933,117480,19258119
1788987834264501845,33590918,28632812,3749,4783594,117480,19258119
1788987834378864065,33591646,28632888,3749,4784247,117482,19258119
1788987834496927444,33592401,28632980,3749,4784908,117482,19258119
1788987834611050768,33593126,28633052,3749,4785561,117482,19258119
1788987834725344488,33593850,28633132,3749,4786207,117482,19258119
1788987834843842965,33594609,28633218,3749,4786878,117483,19258119
1788987834956885928,33595330,28633326,3749,4787489,117483,19258119
1788987835071373986,33596063,28633417,3749,4788122,117483,19258119
1788987835189295673,33596818,28633540,3749,4788751,117483,19258119
1788987835307181324,33597576,28633639,3749,4789404,117483,19258119
1788987835421345623,33598304,28633748,3749,4790021,117485,19258119
1788987835539568880,33599057,28633862,3749,4790662,117485,19258119
1788987835657442247,33599818,28633946,3749,4791322,117485,19258119
1788987835771355680,33600546,28634007,3749,4791986,117485,19258119
1788987835888010639,33601295,28634129,3749,4792608,117486,19258119
1788987836011011481,33602085,28634211,3749,4793310,117486,19258119
1788987836144799427,33602929,28634300,3749,4794073,117487,19258119
1788987836262809184,33603681,28634401,3749,4794723,117487,19258119
1788987836377058052,33604409,28634475,3749,4795376,117487,19258119
1788987836491867517,33605140,28634561,3749,4796019,117488,19258119
1788987836609834085,33605889,28634659,3749,4796673,117488,19258119
1788987836723312382,33606615,28634707,3749,4797346,117488,19258119
1788987836837537528,33607346,28634808,3749,4797972,117490,19258119
1788987836951619441,33608060,28635087,3749,4798395,117501,19258119
1788987837068599176,33608793,28635338,3749,4798864,117515,19258119
1788987837184853718,33609515,28635508,3749,4799048,117893,19258119
1788987837299912930,33610231,28635756,3749,4799507,117905,19258119
1788987837416928855,33610965,28636014,3749,4799974,117913,19258119
1788987837530385439,33611670,28636273,3749,4800416,117924,19258119
1788987837647232642,33612390,28636515,3749,4800891,117939,19258119
1788987837764272774,33613131,28636777,3749,4801346,117952,19258119
1788987837877339909,33613816,28637043,3749,4801778,117962,19258119
1788987837993768075,33614533,28637310,3749,4802228,117973,19258119
1788987838109835904,33615244,28637573,3749,4802675,117989,19258119
1788987838224614548,33615965,28637839,3749,4803112,118005,19258119
1788987838341888916,33616700,28638077,3749,4803601,118016,19258119
1788987838460053001,33617445,28638323,3749,4804076,118030,19258119
1788987838576824526,33618149,28638584,3749,4804530,118045,19258119
1788987838692245150,33618886,28638841,3749,4804979,118061,19258119
1788987838808189780,33619594,28639104,3749,4805429,118074,19258119
1788987838924925590,33620331,28639355,3749,4805901,118086,19258119
1788987839045709538,33621077,28639595,3749,4806401,118100,19258119
1788987839161313422,33621790,28639842,3749,4806858,118116,19258119
1788987839278188354,33622545,28640087,3749,4807260,118206,19258119
1788987839394487544,33623273,28640355,3749,4807707,118215,19258119
1788987839512290600,33624015,28640671,3749,4808116,118228,19258119
1788987839629289791,33624765,28640966,3749,4808546,118240,19258119
1788987839749924826,33625521,28641267,3749,4808985,118254,19258119
1788987839865415670,33626221,28641527,3749,4809433,118270,19258119
1788987839981832166,33626938,28641785,3749,4809886,118284,19258119
1788987840097891122,33627679,28642049,3749,4810337,118297,19258119
1788987840214766059,33628401,28642320,3749,4810782,118311,19258119
1788987840331012126,33629150,28642568,3749,4811252,118321,19258119
1788987840447449468,33629869,28642820,3749,4811714,118335,19258119
1788987840563085039,33630591,28643073,3749,4812165,118354,19258119
1788987840678994495,33631334,28643317,3749,4812629,118371,19258119
1788987840794673709,33632060,28643576,3749,4813082,118382,19258119
1788987840910030656,33632793,28643838,3749,4813526,118400,19258119
1788987841027092500,33633522,28644138,3749,4813951,118410,19258119
1788987841144546043,33634253,28644398,3749,4814414,118421,19258119
1788987841260685794,33634968,28644646,3749,4814878,118434,19258119
1788987841375456883,33635689,28644903,3749,4815329,118446,19258119
1788987841490880521,33636392,28645150,3749,4815787,118462,19258119
1788987841606382673,33637108,28645388,3749,4816257,118477,19258119
1788987841722384776,33637831,28645634,3749,4816728,118488,19258119
1788987841839250095,33638571,28645891,3749,4817195,118497,19258119
1788987841955030737,33639306,28646185,3749,4817606,118514,19258119
1788987842069336690,33640023,28646445,3749,4818052,118523,19258119
1788987842186551124,33640762,28646695,3749,4818524,118535,19258119
1788987842301376405,33641479,28646949,3749,4818976,118548,19258119
1788987842417244991,33642214,28647198,3749,4819444,118561,19258119
1788987842533106915,33642931,28647474,3749,4819878,118574,19258119
1788987842649262842,33643657,28647707,3749,4820282,118664,19258119
1788987842764743028,33644396,28647972,3749,4820727,118679,19258119
1788987842881341407,33645144,28648227,3749,4821187,118691,19258119
1788987842997884880,33645878,28648505,3749,4821624,118707,19258119
1788987843114135219,33646615,28648746,3749,4822105,118715,19258119
1788987843231293150,33647358,28648996,3749,4822571,118730,19258119
1788987843346473260,33648091,28649294,3749,4822983,118742,19258119
1788987843461217220,33648805,28649552,3749,4823424,118760,19258119
1788987843577058516,33649557,28649802,3749,4823888,118771,19258119
1788987843692146952,33650294,28650100,3749,4824300,118784,19258119
1788987843810985193,33651031,28650352,3749,4824779,118795,19258119
1788987843926468765,33651763,28650629,3749,4825218,118805,19258119
1788987844040526489,33652490,28650896,3749,4825647,118821,19258119
1788987844155259152,33653221,28651156,3749,4826089,118835,19258119
1788987844272345528,33653967,28651430,3749,4826535,118847,19258119
1788987844387806912,33654708,28651673,3749,4827010,118859,19258119
1788987844505263171,33655464,28651939,3749,4827461,118873,19258119
1788987844621113710,33656207,28652223,3749,4827881,118891,19258119
1788987844737104573,33656935,28652480,3749,4828337,118904,19258119
1788987844853339632,33657658,28652737,3749,4828791,118921,19258119
1788987844968697766,33658377,28653011,3749,4829231,118931,19258119
1788987845086187355,33659116,28653249,3749,4829719,118943,19258119
1788987845201870125,33659851,28653525,3749,4830152,118954,19258119
1788987845317762684,33660585,28653790,3749,4830597,118972,19258119
1788987845433453832,33661301,28654053,3749,4831044,118985,19258119
1788987845548476000,33662030,28654341,3749,4831461,118999,19258119
1788987845664685804,33662751,28654589,3749,4831929,119010,19258119
1788987845780983918,33663475,28654827,3749,4832408,119022,19258119
1788987845896434592,33664195,28655087,3749,4832862,119032,19258119
1788987846012926931,33664917,28655340,3749,4833313,119055,19258119
1788987846129811309,33665658,28655601,3749,4833697,119144,19258119
1788987846245375604,33666375,28655859,3749,4834150,119160,19258119
1788987846361318271,33667111,28656145,3749,4834581,119169,19258119
1788987846477037017,33667835,28656434,3749,4835007,119177,19258119
1788987846593097268,33668590,28656694,3749,4835463,119188,19258119
1788987846709923471,33669321,28656961,3749,4835916,119200,19258119
1788987846825468402,33670064,28657255,3749,4836331,119216,19258119
1788987846950442776,33670847,28657537,3749,4836817,119227,19258119
1788987847067154035,33671594,28657818,3749,4837253,119243,19258119
1788987847182804902,33672330,28658097,3749,4837693,119253,19258119
1788987847299211658,33673074,28658350,3749,4838150,119266,19258119
1788987847414050536,33673809,28658606,3749,4838597,119280,19258119
1788987847529303529,33674555,28658862,3749,4839046,119299,19258119
1788987847645808064,33675305,28659138,3749,4839486,119310,19258119
1788987847761437357,33676031,28659483,3749,4839854,119325,19258119
1788987847879566231,33676781,28659722,3749,4840347,119333,19258119
1788987847996691629,33677527,28659997,3749,4840786,119353,19258119
1788987848111628744,33678253,28660247,3749,4841238,119369,19258119
1788987848226710388,33678991,28660500,3749,4841692,119382,19258119
1788987848343090751,33679735,28660757,3749,4842147,119400,19258119
1788987848458997447,33680472,28660995,3749,4842628,119408,19258119
1788987848572999383,33681169,28661247,3749,4843075,119420,19258119
1788987848689524373,33681902,28661502,3749,4843539,119429,19258119
1788987848807114183,33682632,28661789,3749,4843975,119443,19258119
1788987848923113101,33683365,28662061,3749,4844416,119459,19258119
1788987849038928933,33684106,28662325,3749,4844861,119471,19258119
1788987849153407208,33684807,28662565,3749,4845331,119482,19258119
1788987849268990190,33685538,28662843,3749,4845761,119496,19258119
1788987849384137004,33686254,28663087,3749,4846226,119507,19258119
1788987849500312273,33686975,28663334,3749,4846629,119588,19258119
1788987849616231578,33687689,28663588,3749,4847085,119600,19258119
1788987849733268692,33688428,28663836,3749,4847558,119615,19258119
1788987849848553632,33689153,28664140,3749,4847967,119626,19258119
1788987849965007112,33689880,28664396,3749,4848425,119639,19258119
1788987850081026860,33690627,28664652,3749,4848875,119658,19258119
1788987850198745421,33691383,28664922,3749,4849326,119674,19258119
1788987850313660706,33692092,28665185,3749,4849767,119688,19258119
1788987850429680642,33692822,28665458,3749,4850204,119706,19258119
1788987850545161668,33693555,28665695,3749,4850683,119718,19258119
1788987850661828198,33694300,28665950,3749,4851142,119732,19258119
1788987850777267204,33695006,28666211,3749,4851585,119748,19258119
1788987850894233416,33695717,28666490,3749,4852022,119762,19258119
1788987851009501432,33696414,28666761,3749,4852464,119774,19258119
1788987851126071636,33697142,28667029,3749,4852911,119786,19258119
1788987851242533829,33697870,28667262,3749,4853397,119797,19258119
1788987851359878179,33698609,28667511,3749,4853870,119809,19258119
1788987851476209700,33699321,28667762,3749,4854332,119823,19258119
1788987851592819587,33700059,28668023,3749,4854787,119837,19258119
1788987851706741527,33700778,28668306,3749,4855201,119853,19258119
1788987851822615791,33701494,28668571,3749,4855644,119871,19258119
1788987851940889241,33702254,28668807,3749,4856138,119884,19258119
1788987852058616455,33702991,28669074,3749,4856594,119897,19258119
1788987852174016009,33703720,28669324,3749,4856975,119989,19258119
1788987852288840166,33704429,28669573,3749,4857432,120002,19258119
1788987852404356766,33705177,28669834,3749,4857883,120016,19258119
1788987852520220959,33705903,28670076,3749,4858350,120030,19258119
1788987852635991874,33706634,28670316,3749,4858826,120042,19258119
1788987852752127493,33707369,28670560,3749,4859292,120059,19258119
1788987852867870221,33708085,28670812,3749,4859748,120073,19258119
1788987852984687846,33708822,28671066,3749,4860211,120084,19258119
1788987853101563462,33709570,28671322,3749,4860670,120102,19258119
1788987853217745511,33710316,28671564,3749,4861145,120113,19258119
1788987853335579747,33711047,28671809,3749,4861624,120125,19258119
1788987853451828287,33711780,28672078,3749,4862067,120139,19258119
1788987853566986985,33712516,28672351,3749,4862497,120155,19258119
1788987853684603472,33713237,28672622,3749,4862944,120173,19258119
1788987853800708676,33713976,28672895,3749,4863380,120191,19258119
1788987853916373116,33714695,28673158,3749,4863836,120200,19258119
1788987854031497039,33715436,28673403,3749,4864300,120211,19258119
1788987854147605483,33716158,28673658,3749,4864758,120222,19258119
1788987854263994772,33716881,28673929,3749,4865200,120238,19258119
1788987854379102605,33717619,28674182,3749,4865649,120256,19258119
1788987854493991149,33718339,28674426,3749,4866108,120270,19258119
1788987854610472847,33719062,28674677,3749,4866576,120282,19258119
1788987854726807970,33719784,28674941,3749,4867029,120295,19258119
1788987854841722435,33720500,28675189,3749,4867480,120312,19258119
1788987854957396420,33721251,28675433,3749,4867942,120331,19258119
1788987855073699829,33721989,28675692,3749,4868398,120342,19258119
1788987855190151370,33722704,28675951,3749,4868853,120359,19258119
1788987855305652397,33723412,28676179,3749,4869333,120372,19258119
1788987855422606831,33724144,28676447,3749,4869784,120385,19258119
1788987855538927882,33724863,28676678,3749,4870227,120438,19258119
1788987855654089076,33725579,28676934,3749,4870643,120489,19258119
1788987855770444910,33726320,28677197,3749,4871092,120503,19258119
1788987855885028685,33727038,28677475,3749,4871524,120515,19258119
1788987856001852015,33727751,28677704,3749,4872014,120526,19258119
1788987856117140819,33728480,28677966,3749,4872457,120542,19258119
1788987856233431742,33729208,28678217,3749,4872924,120553,19258119
1788987856348988321,33729942,28678490,3749,4873355,120571,19258119
1788987856463558177,33730666,28678752,3749,4873799,120583,19258119
1788987856581238258,33731420,28678994,3749,4874281,120596,19258119
1788987856695770515,33732163,28679217,3749,4874763,120607,19258119
1788987856810383194,33732885,28679480,3749,4875205,120623,19258119
1788987856925711859,33733601,28679745,3749,4875646,120635,19258119
1788987857042011459,33734330,28680000,3749,4876105,120649,19258119
1788987857157291597,33735043,28680262,3749,4876553,120663,19258119
1788987857272206206,33735780,28680508,3749,4877012,120678,19258119
1788987857391628899,33736528,28680737,3749,4877515,120691,19258119
1788987857507397996,33737260,28680982,3749,4877981,120704,19258119
1788987857622735375,33737981,28681223,3749,4878444,120720,19258119
1788987857738472948,33738686,28681466,3749,4878911,120732,19258119
1788987857853686275,33739398,28681718,3749,4879369,120746,19258119
1788987857971094259,33740148,28682011,3749,4879796,120760,19258119
1788987858087296096,33740891,28682267,3749,4880250,120780,19258119
1788987858203170711,33741613,28682527,3749,4880701,120792,19258119
1788987858319823451,33742314,28682788,3749,4881156,120805,19258119
1788987858435113594,33743061,28683047,3749,4881607,120819,19258119
1788987858549927414,33743765,28683295,3749,4882061,120833,19258119
1788987858668079791,33744502,28683527,3749,4882558,120847,19258119
1788987858784290008,33745222,28683814,3749,4882985,120859,19258119
1788987858900732780,33745962,28684074,3749,4883432,120881,19258119
1788987859016730449,33746681,28684336,3749,4883810,120968,19258119
1788987859131636446,33747414,28684597,3749,4884258,120981,19258119
1788987859247311125,33748142,28684868,3749,4884690,120999,19258119
1788987859365353342,33748896,28685138,3749,4885150,121010,19258119
1788987859482654498,33749657,28685400,3749,4885609,121023,19258119
1788987859599407376,33750417,28685658,3749,4886071,121037,19258119
1788987859715338063,33751144,28685914,3749,4886527,121049,19258119
1788987859833070083,33751862,28686205,3749,4886959,121061,19258119
1788987859948445772,33752598,28686441,3749,4887432,121073,19258119
1788987860064590735,33753322,28686688,3749,4887902,121086,19258119
1788987860182235871,33754054,28686957,3749,4888352,121099,19258119
1788987860295856554,33754764,28687196,3749,4888813,121112,19258119
1788987860412811177,33755500,28687447,3749,4889279,121128,19258119
1788987860529094167,33756242,28687700,3749,4889734,121146,19258119
1788987860646079983,33756988,28687977,3749,4890175,121161,19258119
1788987860764167982,33757734,28688208,3749,4890676,121174,19258119
1788987860881234061,33758476,28688467,3749,4891136,121186,19258119
1788987860997828618,33759204,28688736,3749,4891584,121197,19258119
1788987861114533361,33759934,28689000,3749,4892038,121210,19258119
1788987861229587411,33760661,28689252,3749,4892490,121225,19258119
1788987861346088286,33761403,28689552,3749,4892911,121238,19258119
1788987861466554020,33762153,28689825,3749,4893379,121251,19258119
1788987861582611384,33762869,28690107,3749,4893809,121264,19258119
1788987861699988989,33763602,28690388,3749,4894250,121278,19258119
1788987861814468884,33764324,28690648,3749,4894694,121291,19258119
1788987861930838881,33765062,28690917,3749,4895134,121309,19258119
1788987862048588603,33765831,28691175,3749,4895605,121319,19258119
1788987862164901315,33766569,28691432,3749,4896058,121335,19258119
1788987862281587086,33767296,28691701,3749,4896507,121348,19258119
1788987862397980775,33768042,28691943,3749,4896904,121438,19258119
1788987862514677212,33768773,28692193,3749,4897368,121455,19258119
1788987862630031909,33769513,28692458,3749,4897810,121469,19258119
1788987862747636723,33770239,28692719,3749,4898276,121480,19258119
1788987862863799440,33770959,28692973,3749,4898735,121493,19258119
1788987862980718049,33771686,28693222,3749,4899203,121507,19258119
1788987863097151708,33772439,28693472,3749,4899672,121517,19258119
1788987863210916143,33773156,28693723,3749,4900118,121531,19258119
1788987863326745831,33773873,28694022,3749,4900532,121543,19258119
1788987863442101141,33774586,28694250,3749,4901017,121554,19258119
1788987863556850470,33775309,28694508,3749,4901465,121571,19258119
1788987863672102581,33776046,28694767,3749,4901905,121590,19258119
1788987863789279709,33776776,28695024,3749,4902365,121603,19258119
1788987863905580120,33777512,28695277,3749,4902829,121614,19258119
1788987864020551141,33778224,28695540,3749,4903272,121628,19258119
1788987864137703860,33778958,28695780,3749,4903753,121641,19258119
1788987864252111031,33779668,28696040,3749,4904198,121653,19258119
1788987864365368547,33780385,28696304,3749,4904622,121673,19258119
1788987864481430351,33781116,28696558,3749,4905081,121686,19258119
1788987864598042873,33781839,28696795,3749,4905563,121696,19258119
1788987864712056699,33782539,28697055,3749,4905998,121714,19258119
1788987864830695715,33783268,28697289,3749,4906497,121725,19258119
1788987864947253691,33784015,28697539,3749,4906964,121737,19258119
1788987865061855207,33784738,28697806,3749,4907399,121751,19258119
1788987865179292071,33785483,28698076,3749,4907847,121767,19258119
1788987865295905932,33786229,28698353,3749,4908284,121783,19258119
1788987865412384989,33786976,28698605,3749,4908757,121791,19258119
1788987865528536642,33787719,28698851,3749,4909224,121804,19258119
1788987865644453841,33788427,28699106,3749,4909682,121816,19258119
1788987865760038349,33789156,28699341,3749,4910078,121908,19258119
1788987865875888322,33789886,28699607,3749,4910520,121926,19258119
1788987865989795836,33790587,28699867,3749,4910957,121943,19258119
1788987866107378327,33791333,28700113,3749,4911436,121954,19258119
1788987866228237467,33792100,28700377,3749,4911914,121967,19258119
1788987866344314614,33792840,28700631,3749,4912377,121979,19258119
1788987866462433499,33793581,28700913,3749,4912817,121993,19258119
1788987866577252595,33794309,28701160,3749,4913275,122005,19258119
1788987866691610013,33795002,28701435,3749,4913706,122017,19258119
1788987866807728161,33795716,28701671,3749,4914187,122028,19258119
1788987866923130842,33796444,28701919,3749,4914648,122040,19258119
1788987867039426466,33797165,28702180,3749,4915108,122050,19258119
1788987867156268249,33797891,28702426,3749,4915575,122066,19258119
1788987867271572906,33798587,28702675,3749,4916029,122080,19258119
1788987867387492130,33799320,28702930,3749,4916485,122095,19258119
1788987867502318394,33800023,28703163,3749,4916963,122107,19258119
1788987867619344706,33800763,28703430,3749,4917414,122123,19258119
1788987867734849587,33801486,28703675,3749,4917868,122141,19258119
1788987867850818594,33802213,28703943,3749,4918312,122155,19258119
1788987867966734087,33802947,28704206,3749,4918762,122166,19258119
1788987868082409790,33803696,28704454,3749,4919226,122180,19258119
1788987868198101895,33804430,28704701,3749,4919694,122192,19258119
1788987868314067512,33805165,28704958,3749,4920142,122211,19258119
1788987868430808953,33805902,28705210,3749,4920599,122232,19258119
1788987868545683222,33806614,28705457,3749,4921057,122244,19258119
1788987868662037952,33807362,28705734,3749,4921498,122255,19258119
1788987868777382925,33808104,28705995,3749,4921946,122268,19258119
1788987868896498595,33808848,28706234,3749,4922441,122279,19258119
1788987869012646516,33809581,28706485,3749,4922903,122295,19258119
1788987869127249122,33810318,28706710,3749,4923295,122396,19258119
1788987869241026554,33811051,28706958,3749,4923744,122408,19258119
1788987869356966531,33811798,28707215,3749,4924203,122419,19258119
1788987869471208127,33812536,28707442,3749,4924676,122436,19258119
1788987869588615565,33813258,28707685,3749,4925154,122445,19258119
1788987869704474456,33813983,28707946,3749,4925608,122456,19258119
1788987869820809712,33814702,28708209,3749,4926056,122471,19258119
1788987869936411575,33815435,28708468,3749,4926508,122484,19258119
1788987870051632027,33816162,28708719,3749,4926966,122495,19258119
1788987870166864708,33816872,28709053,3749,4927342,122505,19261959
1788987870278996857,33817586,28709748,3749,4927346,122513,19295367
1788987870393378242,33818319,28709990,3749,4927824,122515,19295367
1788987870511602241,33819073,28710098,3749,4928474,122515,19295367
1788987870626179971,33819808,28710119,3749,4929180,122515,19295367
1788987870742054273,33820543,28710205,3749,4929832,122515,19295367
1788987870857145878,33821280,28710315,3749,4930453,122516,19295367
1788987870971421404,33822011,28710359,3749,4931136,122516,19295367
1788987871088662137,33822762,28710474,3749,4931771,122516,19295367
1788987871206721863,33823517,28710589,3749,4932407,122516,19295367
1788987871320768970,33824247,28710684,3749,4933038,122517,19295367
1788987871438854210,33825009,28710759,3749,4933715,122517,19295367
1788987871554015259,33825744,28710849,3749,4934358,122517,19295367
1788987871668433138,33826484,28710950,3749,4934981,122517,19295367
1788987871786580468,33827239,28711071,3749,4935617,122517,19295367
1788987871901358193,33827972,28711097,3749,4936320,122517,19295367
1788987872019565198,33828728,28711230,3749,4936941,122518,19295367
1788987872137752326,33829481,28711306,3749,4937615,122519,19295367
1788987872251487989,33830214,28711367,3749,4938275,122520,19295367
1788987872369457471,33830972,28711478,3749,4938914,122520,19295367
1788987872487575765,33831724,28711559,3749,4939590,122520,19295367
1788987872601919163,33832460,28711642,3749,4940231,122522,19295367
1788987872720540910,33833220,28711795,3749,4940836,122522,19295367
1788987872835264891,33833954,28711827,3749,4941530,122522,19295367
1788987872949593830,33834688,28711913,3749,4942176,122522,19295367
1788987873067694616,33835445,28712107,3749,4942732,122522,19295367
1788987873182108954,33836176,28712146,3749,4943420,122522,19295367
1788987873300318461,33836921,28712285,3749,4944029,122524,19295367
1788987873418533010,33837670,28712376,3749,4944695,122525,19295367
1788987873532669721,33838401,28712446,3749,4945350,122527,19295367
1788987873650005369,33839156,28712575,3749,4945964,122527,19295367
1788987873768085617,33839915,28712715,3749,4946574,122528,19295367
1788987873880736059,33840629,28712846,3749,4947162,122528,19295367
1788987873998886036,33841390,28712953,3749,4947806,122528,19295367
1788987874116641031,33842133,28713120,3749,4948388,122530,19295367
1788987874234906147,33842893,28713260,3749,4948996,122530,19295367
1788987874349056378,33843625,28713287,3749,4949696,122530,19295367
1788987874464258509,33844356,28713429,3749,4950284,122531,19295367
1788987874582249917,33845113,28713508,3749,4950957,122531,19295367
1788987874700576651,33845869,28713646,3749,4951575,122532,19295367
1788987874818372379,33846622,28713773,3749,4952192,122532,19295367
1788987874936260183,33847387,28713895,3749,4952816,122535,19295367
1788987875054268374,33848145,28714017,3749,4953445,122536,19295367
1788987875168911358,33848879,28714043,3749,4954152,122537,19295367
1788987875286483885,33849641,28714170,3749,4954772,122538,19295367
1788987875404999633,33850400,28714245,3749,4955450,122539,19295367
1788987875523007730,33851155,28714385,3749,4956057,122541,19295367
1788987875640859121,33851910,28714512,3749,4956681,122541,19295367
1788987875758899788,33852675,28714643,3749,4957299,122543,19295367
1788987875877162924,33853432,28714770,3749,4957923,122543,19295367
1788987875991023710,33854161,28714791,3749,4958629,122543,19295367
1788987876109021216,33854918,28714878,3749,4959292,122544,19295367
1788987876223504666,33855644,28714989,3749,4959912,122544,19295367
1788987876341739452,33856392,28715138,3749,4960511,122546,19295367
1788987876459815246,33857155,28715273,3749,4961127,122546,19295367
1788987876577974360,33857902,28715410,3749,4961737,122549,19295367
1788987876696096028,33858658,28715581,3749,4962319,122549,19295367
1788987876810661999,33859386,28715618,3749,4963014,122549,19295367
1788987876924997671,33860119,28715704,3749,4963654,122549,19295367
1788987877043141033,33860878,28715849,3749,4964260,122549,19295367
1788987877161180855,33861638,28715992,3749,4964866,122549,19295367
1788987877279099927,33862394,28716129,3749,4965479,122551,19295367
1788987877396787195,33863148,28716256,3749,4966101,122551,19295367
1788987877514856725,33863908,28716350,3749,4966759,122551,19295367
1788987877631051301,33864651,28716423,3749,4967426,122551,19295367
1788987877745290650,33865384,28716511,3749,4968061,122552,19295367
1788987877863328973,33866140,28716671,3749,4968651,122552,19295367
1788987877981267166,33866888,28716801,3749,4969271,122554,19295367
1788987878099292447,33867636,28716902,3749,4969924,122554,19295367
1788987878216670533,33868378,28717072,3749,4970501,122554,19295367
1788987878335298033,33869139,28717167,3749,4971157,122554,19295367
1788987878453337869,33869893,28717253,3749,4971823,122554,19295367
1788987878567500858,33870620,28717369,3749,4972436,122556,19295367
1788987878685784409,33871380,28717521,3749,4973038,122556,19295367
1788987878804401048,33872137,28717636,3749,4973670,122557,19295367
1788987878922526704,33872885,28717730,3749,4974332,122558,19295367
1788987879040583694,33873636,28717912,3749,4974899,122559,19295367
1788987879157862901,33874384,28718021,3749,4975534,122559,19295367
1788987879276015079,33875139,28718098,3749,4976209,122559,19295367
1788987879389860428,33875868,28718194,3749,4976838,122560,19295367
1788987879508555736,33876622,28718317,3749,4977472,122560,19295367
1788987879627009661,33877381,28718551,3749,4977988,122561,19295367
1788987879744075842,33878133,28718649,3749,4978634,122561,19295367
1788987879862169318,33878882,28718782,3749,4979252,122561,19295367
1788987879978878558,33879611,28718925,3749,4979852,122563,19295367
1788987880096803027,33880359,28718999,3749,4980529,122563,19295367
1788987880211157548,33881087,28719057,3749,4981195,122565,19295367
1788987880329427766,33881846,28719149,3749,4981853,122566,19295367
1788987880447349562,33882592,28719300,3749,4982452,122567,19295367
1788987880563696053,33883336,28719449,3749,4983045,122568,19295367
1788987880681889798,33884097,28719582,3749,4983664,122568,19295367
1788987880797021177,33884833,28719696,3749,4984282,122568,19295367
1788987880913658105,33885580,28719802,3749,4984912,122576,19295367
1788987881027990348,33886318,28719851,3749,4985582,122584,19295367
1788987881144978810,33887063,28719961,3749,4986167,122633,19295367
1788987881264035618,33887826,28720037,3749,4986801,122683,19295367
1788987881376980738,33888554,28720157,3749,4987352,122730,19295367
1788987881495331754,33889310,28720266,3749,4987937,122786,19295367
1788987881613320526,33890067,28720383,3749,4988538,122818,19295367
1788987881731320617,33890827,28720505,3749,4989167,122818,19295367
1788987881845898758,33891562,28720526,3749,4989879,122818,19295367
1788987881960677640,33892289,28720604,3749,4990533,122818,19295367
1788987882078671421,33893043,28720727,3749,4991161,122818,19295367
1788987882196781031,33893796,28720863,3749,4991776,122818,19295367
1788987882315057565,33894554,28720998,3749,4992391,122818,19295367
1788987882433314248,33895308,28721156,3749,4992983,122819,19295367
1788987882551438956,33896064,28721273,3749,4993620,122819,19295367
1788987882664620074,33896786,28721312,3749,4994304,122819,19295367
1788987882779153591,33897519,28721400,3749,4994941,122820,19295367
1788987882897214803,33898274,28721525,3749,4995566,122820,19295367
1788987883015082740,33899026,28721648,3749,4996194,122821,19295367
1788987883133035277,33899780,28721824,3749,4996770,122821,19295367
1788987883250532548,33900540,28721961,3749,4997382,122821,19295367
1788987883368308576,33901299,28722055,3749,4998032,122821,19295367
1788987883486164259,33902053,28722132,3749,4998708,122821,19295367
1788987883600350926,33902779,28722211,3749,4999353,122822,19295367
1788987883718247123,33903524,28722335,3749,4999980,122822,19295367
1788987883835866447,33904277,28722468,3749,5000596,122823,19295367
1788987883953992032,33905032,28722562,3749,5001255,122823,19295367
1788987884067992090,33905755,28722732,3749,5001808,122824,19295367
1788987884185900636,33906512,28722857,3749,5002433,122824,19295367
1788987884304306221,33907269,28722930,3749,5003111,122825,19295367
1788987884418835605,33907997,28723003,3749,5003768,122825,19295367
1788987884536799704,33908747,28723108,3749,5004414,122825,19295367
1788987884655170031,33909504,28723232,3749,5005040,122826,19295367
1788987884773359764,33910250,28723337,3749,5005686,122826,19295367
1788987884891380101,33911005,28723520,3749,5006253,122826,19295367
1788987885008363457,33911756,28723623,3749,5006894,122826,19295367
1788987885126252076,33912513,28723702,3749,5007567,122826,19295367
1788987885240437420,33913244,28723783,3749,5008214,122827,19295367
1788987885359041629,33914005,28723881,3749,5008870,122827,19295367
1788987885474830381,33914752,28724038,3749,5009451,122827,19295367
1788987885592841192,33915508,28724171,3749,5010068,122828,19295367
1788987885710964559,33916263,28724309,3749,5010680,122828,19295367
1788987885826593268,33917008,28724446,3749,5011281,122828,19295367
1788987885944482863,33917762,28724537,3749,5011937,122828,19295367
1788987886058589815,33918495,28724624,3749,5012579,122828,19295367
1788987886176549726,33919258,28724745,3749,5013209,122829,19295367
1788987886294606672,33920007,28724905,3749,5013799,122829,19295367
1788987886406748254,33920725,28725037,3749,5014380,122829,19295367
1788987886524804608,33921487,28725120,3749,5015048,122829,19295367
1788987886642309991,33922246,28725244,3749,5015668,122829,19295367
1788987886759614746,33922992,28725364,3749,5016298,122830,19295367
1788987886873711693,33923723,28725410,3749,5016978,122830,19295367
1788987886990543193,33924466,28725522,3749,5017610,122830,19295367
1788987887108391555,33925208,28725645,3749,5018231,122831,19295367
1788987887225203276,33925953,28725792,3749,5018828,122833,19295367
1788987887342704782,33926702,28725920,3749,5019449,122833,19295367
1788987887460696987,33927450,28726069,3749,5020049,122835,19295367
1788987887578647546,33928205,28726192,3749,5020677,122835,19295367
1788987887692174561,33928929,28726218,3749,5021371,122835,19295367
1788987887808744264,33929669,28726343,3749,5021989,122836,19295367
1788987887926769782,33930426,28726419,3749,5022663,122836,19295367
1788987888044392373,33931181,28726555,3749,5023270,122837,19295367
1788987888160924197,33931927,28726694,3749,5023875,122837,19295367
1788987888279010233,33932681,28726823,3749,5024495,122838,19295367
1788987888397158423,33933434,28726945,3749,5025124,122838,19295367
1788987888511302195,33934164,28726966,3749,5025831,122838,19295367
1788987888629982867,33934919,28727071,3749,5026480,122839,19295367
1788987888745302299,33935655,28727161,3749,5027122,122839,19295367
1788987888863069222,33936413,28727312,3749,5027721,122840,19295367
1788987888981112977,33937168,28727430,3749,5028353,122841,19295367
1788987889099050114,33937919,28727592,3749,5028940,122842,19295367
1788987889217447501,33938676,28727715,3749,5029574,122842,19295367
1788987889332989435,33939418,28727736,3749,5030286,122842,19295367
1788987889447266608,33940146,28727821,3749,5030925,122844,19295367
1788987889565180639,33940903,28727965,3749,5031532,122844,19295367
1788987889683153062,33941651,28728095,3749,5032151,122845,19295367
1788987889801226579,33942413,28728237,3749,5032759,122845,19295367
1788987889919248243,33943166,28728386,3749,5033359,122846,19295367
1788987890037103576,33943922,28728478,3749,5034020,122846,19295367
1788987890150123026,33944644,28728538,3749,5034680,122846,19295367
1788987890264775836,33945370,28728627,3749,5035322,122847,19295367
1788987890382777004,33946118,28728751,3749,5035947,122848,19295367
1788987890496610139,33946851,28728787,3749,5036638,122848,19295367
1788987890613623282,33947595,28728933,3749,5037236,122848,19295367
1788987890731666161,33948343,28729052,3749,5037867,122849,19295367
1788987890846003376,33949079,28729140,3749,5038504,122849,19295367
1788987890964167409,33949829,28729239,3749,5039156,122849,19295367
1788987891082213981,33950584,28729353,3749,5039793,122850,19295367
1788987891196137401,33951322,28729449,3749,5040422,122850,19295367
1788987891314075803,33952071,28729571,3749,5041052,122851,19295367
1788987891428199412,33952803,28729602,3749,5041747,122851,19295367
1788987891542115496,33953528,28729690,3749,5042382,122852,19295367
1788987891660153951,33954288,28729829,3749,5042994,122852,19295367
1788987891774135514,33955017,28729873,3749,5043677,122852,19295367
1788987891890106934,33955756,28729996,3749,5044291,122853,19295367
1788987892008013796,33956511,28730076,3749,5044962,122853,19295367
1788987892122128492,33957244,28730141,3749,5045623,122853,19295367
1788987892240843559,33958008,28730243,3749,5046278,122853,19295367
1788987892358670055,33958755,28730327,3749,5046946,122853,19295367
1788987892473703103,33959486,28730403,3749,5047600,122854,19295367
1788987892591716099,33960239,28730525,3749,5048229,122854,19295367
1788987892705748151,33960969,28730554,3749,5048928,122854,19295367
1788987892821848328,33961714,28730634,3749,5049583,122856,19295367
1788987892939622130,33962464,28730753,3749,5050214,122856,19295367
1788987893053751158,33963189,28730796,3749,5050898,122857,19295367
1788987893170892070,33963926,28731012,3749,5051406,122870,19295367
1788987893286695067,33964637,28731264,3749,5051865,122884,19295367
1788987893402761413,33965358,28731501,3749,5052341,122896,19295367
1788987893519185149,33966079,28731701,3749,5052638,123134,19295367
1788987893635272088,33966799,28731947,3749,5053101,123148,19295367
1788987893748729232,33967525,28732229,3749,5053517,123160,19295367
1788987893862447521,33968248,28732457,3749,5053993,123171,19295367
1788987893976825459,33968980,28732703,3749,5054450,123185,19295367
1788987894091523754,33969700,28732960,3749,5054897,123197,19295367
1788987894207926096,33970444,28733199,3749,5055291,123294,19295367
1788987894324025504,33971169,28733453,3749,5055749,123306,19295367
1788987894440228995,33971914,28733710,3749,5056207,123321,19295367
1788987894555841541,33972648,28733948,3749,5056682,123335,19295367
1788987894671566799,33973395,28734216,3749,5057120,123350,19295367
1788987894787280192,33974124,28734477,3749,5057574,123359,19295367
1788987894904030340,33974844,28734745,3749,5058020,123374,19295367
1788987895021074284,33975575,28735016,3749,5058472,123386,19295367
1788987895136429515,33976295,28735285,3749,5058911,123398,19295367
1788987895252463799,33977030,28735541,3749,5059376,123405,19295367
1788987895368414923,33977760,28735803,3749,5059828,123416,19295367
1788987895489085213,33978533,28736074,3749,5060298,123429,19295367
1788987895605969401,33979274,28736348,3749,5060738,123447,19295367
1788987895718598753,33979979,28736597,3749,5061186,123457,19295367
1788987895834484230,33980729,28736845,3749,5061651,123469,19295367
1788987895948515188,33981439,28737079,3749,5062122,123479,19295367
1788987896061842274,33982137,28737347,3749,5062547,123494,19295367
1788987896176241546,33982851,28737587,3749,5063007,123511,19295367
1788987896289823737,33983545,28737872,3749,5063419,123525,19295367
1788987896403726436,33984245,28738140,3749,5063851,123539,19295367
1788987896517814951,33984956,28738466,3749,5064232,123549,19295367
1788987896633398219,33985691,28738750,3749,5064664,123558,19295367
1788987896750233769,33986439,28739018,3749,5065112,123574,19295367
1788987896866167035,33987166,28739260,3749,5065578,123592,19295367
1788987896983412663,33987911,28739527,3749,5066025,123610,19295367
1788987897098326439,33988641,28739822,3749,5066432,123627,19295367
1788987897214691129,33989381,28740086,3749,5066891,123640,19295367
1788987897336822699,33990136,28740360,3749,5067364,123653,19295367
1788987897453050048,33990840,28740633,3749,5067806,123667,19295367
1788987897569219988,33991577,28740891,3749,5068260,123679,19295367
1788987897688761911,33992334,28741133,3749,5068679,123768,19295367
1788987897804985487,33993068,28741398,3749,5069125,123781,19295367
1788987897919551056,33993786,28741664,3749,5069571,123789,19295367
1788987898037055755,33994527,28741918,3749,5070038,123804,19295367
1788987898152202595,33995242,28742163,3749,5070498,123817,19295367
1788987898268802958,33995985,28742468,3749,5070904,123837,19295367
1788987898384548085,33996711,28742716,3749,5071366,123850,19295367
1788987898500793926,33997445,28742972,3749,5071821,123867,19295367
1788987898616263522,33998169,28743211,3749,5072291,123882,19295367
1788987898734660882,33998919,28743499,3749,5072732,123895,19295367
1788987898850799427,33999653,28743751,3749,5073191,123910,19295367
1788987898966993301,34000384,28744008,3749,5073646,123925,19295367
1788987899081700136,34001099,28744277,3749,5074082,123940,19295367
1788987899196767992,34001810,28744572,3749,5074500,123947,19295367
1788987899314313778,34002566,28744824,3749,5074974,123957,19295367
1788987899432014738,34003305,28745080,3749,5075445,123971,19295367
1788987899547414490,34004018,28745319,3749,5075914,123981,19295367
1788987899663704888,34004752,28745568,3749,5076378,123996,19295367
1788987899779440289,34005482,28745807,3749,5076845,124014,19295367
1788987899894758508,34006220,28746064,3749,5077297,124026,19295367
1788987900012484103,34006958,28746315,3749,5077773,124038,19295367
1788987900130058298,34007679,28746570,3749,5078242,124050,19295367
1788987900246776409,34008408,28746824,3749,5078696,124069,19295367
1788987900363581173,34009149,28747086,3749,5079152,124083,19295367
1788987900479619674,34009887,28747355,3749,5079599,124093,19295367
1788987900596046644,34010626,28747618,3749,5080059,124103,19295367
1788987900717530550,34011382,28747868,3749,5080552,124117,19295367
1788987900832057714,34012097,28748123,3749,5080993,124136,19295367
1788987900948108242,34012816,28748363,3749,5081462,124152,19295367
1788987901067117533,34013556,28748603,3749,5081878,124243,19295367
1788987901182754957,34014278,28748847,3749,5082348,124255,19295367
1788987901298836212,34015011,28749117,3749,5082799,124264,19295367
1788987901414497583,34015744,28749370,3749,5083259,124275,19295367
1788987901532047042,34016488,28749648,3749,5083697,124291,19295367
1788987901647407138,34017219,28749909,3749,5084144,124305,19295367
1788987901763472437,34017937,28750161,3749,5084604,124319,19295367
1788987901877725110,34018666,28750441,3749,5085022,124337,19295367
1788987901994386683,34019391,28750677,3749,5085507,124351,19295367
1788987902111572202,34020135,28750925,3749,5085972,124366,19295367
1788987902226808521,34020857,28751174,3749,5086432,124379,19295367
1788987902343817975,34021605,28751457,3749,5086867,124395,19295367
1788987902458067157,34022315,28751709,3749,5087311,124412,19295367
1788987902572556861,34023024,28751960,3749,5087767,124422,19295367
1788987902688819313,34023747,28752219,3749,5088225,124433,19295367
1788987902805763545,34024494,28752469,3749,5088691,124450,19295367
1788987902921048950,34025240,28752728,3749,5089145,124462,19295367
1788987903037068052,34025950,28752974,3749,5089609,124475,19295367
1788987903151749710,34026664,28753246,3749,5090034,124494,19295367
1788987903269098511,34027411,28753511,3749,5090492,124506,19295367
1788987903385691527,34028146,28753751,3749,5090977,124514,19295367
1788987903502272206,34028880,28753997,3749,5091442,124531,19295367
1788987903618878913,34029628,28754247,3749,5091901,124549,19295367
1788987903735207303,34030337,28754504,3749,5092356,124564,19295367
1788987903851856353,34031063,28754753,3749,5092815,124585,19295367
1788987903966332256,34031765,28754984,3749,5093291,124598,19295367
1788987904083685740,34032498,28755247,3749,5093750,124611,19295367
1788987904199983506,34033221,28755523,3749,5094184,124626,19295367
1788987904315516941,34033974,28755780,3749,5094634,124644,19295367
1788987904431612841,34034699,28756030,3749,5095017,124739,19295367
1788987904547991256,34035416,28756368,3749,5095395,124752,19295367
1788987904663378913,34036157,28756659,3749,5095820,124762,19295367
1788987904777267427,34036872,28756957,3749,5096227,124773,19295367
1788987904893282828,34037586,28757215,3749,5096678,124787,19295367
1788987905010049240,34038319,28757478,3749,5097132,124801,19295367
1788987905125513618,34039046,28757730,3749,5097583,124821,19295367
1788987905240994441,34039792,28757973,3749,5098048,124834,19295367
1788987905357154601,34040514,28758211,3749,5098527,124847,19295367
1788987905471416643,34041227,28758453,3749,5098984,124862,19295367
1788987905588122038,34041968,28758711,3749,5099441,124877,19295367
1788987905702400715,34042685,28758992,3749,5099864,124891,19295367
1788987905817663815,34043409,28759269,3749,5100291,124905,19295367
1788987905933494442,34044130,28759529,3749,5100741,124918,19295367
1788987906049605135,34044859,28759781,3749,5101210,124930,19295367
1788987906167546216,34045593,28760038,3749,5101680,124941,19295367
1788987906283619907,34046309,28760295,3749,5102133,124955,19295367
1788987906400187745,34047034,28760548,3749,5102597,124967,19295367
1788987906514476919,34047756,28760829,3749,5103015,124982,19295367
1788987906627896790,34048441,28761092,3749,5103450,124993,19295367
1788987906745695500,34049173,28761370,3749,5103899,125005,19295367
1788987906862282913,34049887,28761650,3749,5104337,125019,19295367
1788987906978133033,34050630,28761898,3749,5104801,125031,19295367
1788987907093921836,34051326,28762158,3749,5105257,125043,19295367
1788987907210032380,34052055,28762414,3749,5105708,125060,19295367
1788987907326521182,34052804,28762666,3749,5106172,125071,19295367
1788987907441860414,34053520,28762955,3749,5106595,125082,19295367
1788987907559609328,34054254,28763218,3749,5107054,125097,19295367
1788987907675894231,34054972,28763482,3749,5107505,125114,19295367
1788987907792028238,34055697,28763713,3749,5107907,125208,19295367
1788987907907801787,34056421,28763954,3749,5108374,125221,19295367
1788987908023851797,34057149,28764232,3749,5108808,125237,19295367
1788987908139531237,34057844,28764472,3749,5109281,125247,19295367
1788987908255769592,34058566,28764728,3749,5109741,125259,19295367
1788987908371806075,34059293,28764998,3749,5110184,125271,19295367
1788987908489037664,34060016,28765257,3749,5110641,125288,19295367
1788987908605675985,34060749,28765510,3749,5111099,125307,19295367
1788987908719624887,34061454,28765747,3749,5111560,125322,19295367
1788987908835066018,34062160,28765969,3749,5112051,125333,19295367
1788987908949846739,34062908,28766225,3749,5112499,125348,19295367
1788987909065413529,34063635,28766482,3749,5112951,125363,19295367
1788987909181042135,34064376,28766742,3749,5113407,125372,19295367
1788987909297680930,34065107,28767025,3749,5113837,125387,19295367
1788987909411558093,34065827,28767263,3749,5114302,125398,19295367
1788987909529126673,34066569,28767529,3749,5114761,125410,19295367
1788987909645192752,34067299,28767769,3749,5115234,125423,19295367
1788987909763981736,34068033,28768034,3749,5115696,125438,19295367
1788987909879770290,34068759,28768323,3749,5116110,125459,19295367
1788987909996615720,34069481,28768605,3749,5116549,125470,19295367
1788987910113991963,34070219,28768860,3749,5117019,125484,19295367
1788987910232542421,34070950,28769127,3749,5117482,125495,19295367
1788987910347257292,34071691,28769414,3749,5117894,125514,19295367
1788987910462608630,34072407,28769670,3749,5118344,125529,19295367
1788987910576899051,34073125,28769912,3749,5118803,125542,19295367
1788987910691678638,34073840,28770162,3749,5119259,125556,19295367
1788987910805545721,34074556,28770406,3749,5119713,125570,19295367
1788987910922377089,34075281,28770681,3749,5120158,125580,19295367
1788987911039030431,34076031,28770932,3749,5120619,125599,19295367
1788987911154622905,34076751,28771164,3749,5121023,125688,19295367
1788987911269454982,34077469,28771416,3749,5121473,125702,19295367
1788987911385245191,34078200,28771680,3749,5121914,125722,19295367
1788987911501774476,34078920,28771920,3749,5122390,125738,19295367
1788987911617611211,34079646,28772182,3749,5122843,125747,19295367
1788987911732904775,34080366,28772441,3749,5123285,125768,19295367
1788987911849883710,34081092,28772698,3749,5123744,125784,19295367
1788987911963720934,34081799,28772954,3749,5124188,125798,19295367
1788987912078119029,34082538,28773240,3749,5124605,125809,19295367
1788987912193544676,34083246,28773469,3749,5125092,125819,19295367
1788987912308844388,34083971,28773743,3749,5125526,125832,19295367
1788987912423145735,34084675,28773994,3749,5125979,125847,19295367
1788987912538846175,34085385,28774256,3749,5126420,125862,19295367
1788987912655472691,34086121,28774516,3749,5126876,125876,19295367
1788987912771993364,34086872,28774773,3749,5127334,125891,19295367
1788987912889112974,34087612,28775005,3749,5127821,125904,19295367
1788987913004719625,34088327,28775251,3749,5128290,125915,19295367
1788987913120227151,34089051,28775508,3749,5128741,125927,19295367
1788987913237070345,34089766,28775757,3749,5129211,125938,19295367
1788987913353806943,34090505,28776008,3749,5129675,125953,19295367
1788987913468709419,34091236,28776270,3749,5130127,125965,19295367
1788987913584569350,34091935,28776546,3749,5130558,125978,19295367
1788987913701609690,34092666,28776793,3749,5131029,125991,19295367
1788987913818690081,34093400,28777035,3749,5131502,126008,19295367
1788987913932646680,34094119,28777291,3749,5131946,126021,19295367
1788987914047305570,34094830,28777554,3749,5132387,126038,19295367
1788987914162802106,34095566,28777804,3749,5132846,126051,19295367
1788987914279590777,34096297,28778055,3749,5133314,126063,19295367
1788987914396741283,34097020,28778352,3749,5133739,126073,19295367
1788987914512302703,34097736,28778606,3749,5134194,126087,19295367
1788987914630634300,34098473,28778840,3749,5134610,126178,19295367
1788987914745635316,34099190,28779098,3749,5135059,126191,19295367
1788987914861123156,34099905,28779340,3749,5135530,126201,19295367
1788987914975490234,34100636,28779628,3749,5135945,126216,19295367
1788987915092093857,34101390,28779880,3749,5136409,126228,19295367
1788987915207654169,34102122,28780143,3749,5136855,126243,19295367
1788987915322672974,34102823,28780397,3749,5137301,126262,19295367
1788987915438664884,34103543,28780684,3749,5137725,126278,19295367
1788987915553524087,34104279,28780915,3749,5138204,126288,19295367
1788987915670558642,34104991,28781183,3749,5138657,126300,19295367
1788987915786293298,34105724,28781437,3749,5139113,126317,19295367
1788987915903041982,34106469,28781695,3749,5139570,126331,19295367
1788987916018171224,34107180,28781967,3749,5140005,126343,19295367
1788987916133878057,34107908,28782229,3749,5140457,126353,19295367
1788987916250124752,34108651,28782493,3749,5140911,126363,19295367
1788987916364898479,34109365,28782737,3749,5141369,126379,19295367
1788987916481172042,34110092,28782989,3749,5141835,126391,19295367
1788987916596682212,34110806,28783240,3749,5142291,126407,19295367
1788987916712989438,34111530,28783499,3749,5142745,126420,19295367
1788987916828810417,34112264,28783765,3749,5143187,126434,19295367
1788987916944510561,34113004,28784011,3749,5143655,126448,19295367
1788987917062062346,34113748,28784289,3749,5144099,126461,19295367
1788987917178154695,34114485,28784537,3749,5144568,126472,19295367
1788987917294157589,34115208,28784802,3749,5145012,126486,19295367
1788987917410426304,34115944,28785068,3749,5145464,126497,19295367
1788987917526743934,34116677,28785330,3749,5145920,126512,19295367
1788987917645087403,34117426,28785593,3749,5146383,126523,19295367
1788987917761605453,34118164,28785848,3749,5146837,126541,19295367
1788987917878539852,34118891,28786105,3749,5147297,126556,19295367
1788987917995108778,34119623,28786342,3749,5147708,126643,19295367
1788987918110880855,34120342,28786614,3749,5148144,126654,19295367
1788987918227389732,34121074,28786856,3749,5148625,126665,19295367
1788987918343716797,34121807,28787099,3749,5149091,126682,19295367
1788987918458886933,34122523,28787364,3749,5149534,126694,19295367
1788987918573076196,34123254,28787624,3749,5149969,126713,19295367
1788987918689774160,34124009,28787872,3749,5150440,126724,19295367
1788987918805246260,34124728,28788124,3749,5150897,126738,19295367
1788987918922564215,34125476,28788376,3749,5151367,126754,19295367
1788987919039345193,34126235,28788632,3749,5151827,126767,19295367
1788987919155899622,34126972,28788890,3749,5152281,126784,19295367
1788987919271657689,34127692,28789144,3749,5152728,126808,19295367
1788987919385977275,34128425,28789409,3749,5153162,126824,19295367
1788987919501729177,34129165,28789669,3749,5153611,126839,19295367
1788987919617404840,34129877,28789911,3749,5154084,126850,19295367
1788987919733874446,34130625,28790158,3749,5154548,126866,19295367
1788987919848623791,34131342,28790418,3749,5154988,126883,19295367
1788987919966178068,34132073,28790670,3749,5155455,126899,19295367
1788987920082159667,34132819,28790943,3749,5155893,126916,19295367
1788987920198560115,34133529,28791194,3749,5156354,126930,19295367
1788987920315114697,34134280,28791427,3749,5156844,126939,19295367
1788987920430908631,34134987,28791684,3749,5157294,126953,19295367
1788987920544069177,34135683,28791944,3749,5157726,126971,19295367
1788987920660727609,34136430,28792220,3749,5158160,126990,19295367
1788987920777754214,34137186,28792479,3749,5158619,127004,19295367
1788987920892689764,34137896,28792744,3749,5159063,127017,19295367
1788987921009688347,34138633,28792988,3749,5159540,127028,19295367
1788987921124790608,34139349,28793237,3749,5160006,127040,19295367
1788987921241049005,34140080,28793487,3749,5160460,127056,19295367
1788987921356459050,34140804,28793739,3749,5160844,127144,19295367
1788987921472672174,34141534,28793994,3749,5161303,127158,19295367
1788987921587813758,34142261,28794241,3749,5161760,127173,19295367
1788987921707055039,34142995,28794518,3749,5162219,127185,19295367
1788987921822616830,34143744,28794789,3749,5162659,127198,19295367
1788987921938484153,34144456,28795047,3749,5163113,127211,19295367
1788987922053080805,34145180,28795313,3749,5163553,127223,19295367
1788987922167453617,34145900,28795562,3749,5164000,127243,19295367
1788987922284778910,34146650,28795784,3749,5164500,127254,19295367
1788987922397878080,34147359,28796052,3749,5164926,127269,19295367
1788987922514103373,34148071,28796314,3749,5165379,127282,19295367
1788987922629378607,34148795,28796572,3749,5165830,127293,19295367
1788987922747313955,34149530,28796825,3749,5166304,127303,19295367
1788987922861394452,34150229,28797077,3749,5166752,127317,19295367
1788987922976908200,34150959,28797318,3749,5167219,127334,19295367
1788987923094359471,34151697,28797592,3749,5167671,127345,19295367
1788987923210780810,34152429,28797854,3749,5168117,127362,19295367
1788987923327129996,34153170,28798105,3749,5168579,127376,19295367
1788987923442387218,34153896,28798352,3749,5169039,127391,19295367
1788987923557561280,34154603,28798604,3749,5169492,127405,19295367
1788987923671702506,34155310,28798836,3749,5169968,127414,19295367
1788987923788729103,34156040,28799092,3749,5170425,127431,19295367
1788987923904263198,34156745,28799354,3749,5170870,127447,19295367
1788987924021299159,34157467,28799614,3749,5171330,127458,19295367
1788987924136276747,34158200,28799863,3749,5171785,127475,19295367
1788987924252708647,34158959,28800106,3749,5172249,127496,19295367
1788987924367668197,34159672,28800370,3749,5172695,127509,19295367
1788987924483931376,34160383,28800620,3749,5173158,127521,19295367
1788987924600704033,34161108,28800877,3749,5173618,127535,19295367
1788987924717300885,34161838,28801118,3749,5174009,127636,19295367
1788987924833230161,34162570,28801367,3749,5174468,127650,19295367
1788987924949625475,34163314,28801621,3749,5174929,127667,19295367
1788987925065886910,34164049,28801903,3749,5175366,127676,19295367
1788987925182553084,34164798,28802145,3749,5175842,127688,19295367
1788987925299738961,34165521,28802404,3749,5176303,127700,19295367
1788987925414875580,34166252,28802659,3749,5176754,127716,19295367
1788987925531493597,34166987,28802918,3749,5177209,127731,19295367
1788987925646208534,34167729,28803189,3749,5177642,127746,19295367
1788987925767796876,34168485,28803461,3749,5178114,127764,19295367
1788987925885382196,34169214,28803755,3749,5178546,127776,19295367
1788987926000795154,34169932,28804008,3749,5178997,127792,19295367
1788987926116050602,34170655,28804273,3749,5179440,127804,19295367
1788987926231503311,34171397,28804529,3749,5179892,127820,19295367
