timestamp_ns,cpu_total_jiffies,cpu_idle_jiffies,pid,proc_utime_jiffies,proc_stime_jiffies,proc_rss_pages
1788980237499294843,17420091,17144281,13836,19981,10487,18626343
1788980237613508977,17420826,17144411,13836,20544,10519,18626343
1788980237731801536,17421583,17144509,13836,21179,10541,18626343
1788980237846488829,17422320,17144535,13836,21876,10550,18626343
1788980237962254912,17423051,17144621,13836,22481,10593,18626343
1788980238075739220,17423771,17144762,13836,23036,10620,18626343
1788980238190625851,17424507,17144784,13836,23745,10623,18626343
1788980238309416816,17425264,17144874,13836,24360,10667,18626343
1788980238427853449,17426020,17145041,13836,24925,10692,18626343
1788980238542517109,17426751,17145072,13836,25625,10693,18626343
1788980238657369411,17427482,17145187,13836,26195,10732,18626343
1788980238775719910,17428234,17145299,13836,26798,10774,18626343
1788980238890028210,17428971,17145332,13836,27492,10775,18626343
1788980239005168277,17429700,17145410,13836,28108,10812,18626343
1788980239123522564,17430448,17145543,13836,28698,10846,18626343
1788980239238847170,17431190,17145587,13836,29386,10847,18626343
1788980239353666272,17431927,17145676,13836,29995,10881,18626343
1788980239472097987,17432691,17145798,13836,30583,10924,18626343
1788980239587409176,17433427,17145825,13836,31288,10924,18626343
1788980239701814159,17434150,17145905,13836,31903,10958,18626343
1788980239820296653,17434910,17146023,13836,32496,11002,18626343
1788980239934760379,17435640,17146084,13836,33164,11002,18626343
1788980240049369519,17436386,17146168,13836,33784,11023,18626343
1788980240167928365,17437149,17146254,13836,34418,11061,18626343
1788980240286792483,17437905,17146415,13836,34979,11096,18626343
1788980240422307220,17438780,17146543,13836,35648,11158,18626343
1788980240541222138,17439535,17146638,13836,36266,11205,18626343
1788980240655634695,17440264,17146746,13836,36846,11247,18626343
1788980240774060836,17441026,17146858,13836,37443,11290,18626343
1788980240888396464,17441755,17146902,13836,38126,11290,18626343
1788980241004680881,17442495,17147008,13836,38725,11327,18626343
1788980241122812314,17443245,17147129,13836,39308,11374,18626343
1788980241264291162,17444153,17147278,13836,40017,11413,18626343
1788980241382595629,17444909,17147355,13836,40646,11464,18626343
1788980241502434623,17445684,17147499,13836,41222,11502,18626343
1788980241619649004,17446431,17147601,13836,41830,11542,18626343
1788980241737628817,17447184,17147668,13836,42493,11564,18626343
1788980241852590976,17447915,17147710,13836,43169,11570,18626343
1788980241968349761,17448664,17147809,13836,43768,11611,18626343
1788980242086393590,17449420,17147874,13836,44412,11653,18626343
1788980242205146811,17450178,17148015,13836,44990,11689,18626343
1788980242323429095,17450933,17148139,13836,45586,11726,18626343
1788980242441975572,17451685,17148262,13836,46176,11765,18626343
1788980242560042994,17452440,17148369,13836,46773,11812,18626343
1788980242678143874,17453197,17148447,13836,47432,11828,18626343
1788980242793649797,17453937,17148509,13836,48093,11841,18626343
1788980242912093005,17454698,17148591,13836,48710,11893,18626343
1788980243030041980,17455450,17148667,13836,49347,11933,18626343
1788980243147612625,17456201,17148763,13836,49947,11986,18626343
1788980243266229271,17456961,17148876,13836,50536,12035,18626343
1788980243384605965,17457717,17149003,13836,51121,12080,18626343
1788980243502723113,17458472,17149079,13836,51757,12119,18626343
1788980243621224844,17459232,17149157,13836,52430,12121,18626343
1788980243735483398,17459949,17149246,13836,53053,12137,18626343
1788980243853117032,17460707,17149334,13836,53665,12185,18626343
1788980243971338060,17461460,17149473,13836,54237,12227,18626343
1788980244088029707,17462207,17149570,13836,54853,12257,18626343
1788980244207587680,17462972,17149703,13836,55434,12306,18626343
1788980244326599492,17463722,17149836,13836,56022,12342,18626343
1788980244445108608,17464484,17149907,13836,56655,12390,18626343
1788980244559396945,17465214,17149978,13836,57310,12390,18626343
1788980244674405782,17465941,17150069,13836,57926,12414,18626343
1788980244792701705,17466693,17150138,13836,58563,12466,18626343
1788980244908966220,17467436,17150276,13836,59129,12501,18626343
1788980245023158495,17468161,17150368,13836,59721,12543,18626343
1788980245140079336,17468913,17150456,13836,60323,12596,18626343
1788980245258769861,17469663,17150589,13836,60915,12628,18626343
1788980245377270345,17470428,17150684,13836,61539,12664,18626343
1788980245491501121,17471158,17150756,13836,62197,12664,18626343
1788980245606285169,17471889,17150851,13836,62796,12696,18626343
1788980245724630412,17472643,17150920,13836,63440,12741,18626343
1788980245844097401,17473415,17151060,13836,64022,12775,18626343
1788980245959604725,17474150,17151184,13836,64589,12822,18626343
1788980246078179792,17474911,17151266,13836,65211,12870,18626343
1788980246196935152,17475665,17151398,13836,65796,12910,18626343
1788980246315820611,17476423,17151522,13836,66393,12945,18626343
1788980246430571543,17477155,17151577,13836,67072,12946,18626343
1788980246549213575,17477913,17151661,13836,67705,12978,18626343
1788980246667542457,17478665,17151784,13836,68297,13018,18626343
1788980246785427001,17479418,17151905,13836,68887,13057,18626343
1788980246903225036,17480166,17152001,13836,69496,13100,18626343
1788980247022137036,17480925,17152076,13836,70133,13146,18626343
1788980247138587018,17481667,17152218,13836,70698,13183,18626343
1788980247257083737,17482430,17152336,13836,71304,13211,18626343
1788980247371641648,17483159,17152356,13836,72015,13212,18626343
1788980247486185520,17483896,17152438,13836,72621,13250,18626343
1788980247604632734,17484652,17152546,13836,73218,13301,18626343
1788980247722764907,17485409,17152659,13836,73830,13324,18626343
1788980247840123176,17486163,17152756,13836,74421,13381,18626343
1788980247958336773,17486913,17152840,13836,75052,13420,18626343
1788980248070132024,17487623,17153000,13836,75555,13467,18626343
1788980248188515282,17488375,17153109,13836,76165,13505,18626343
1788980248303635716,17489112,17153142,13836,76866,13505,18626343
1788980248418951836,17489867,17153224,13836,77480,13538,18626343
1788980248537501425,17490625,17153340,13836,78079,13582,18626343
1788980248655964120,17491389,17153458,13836,78693,13600,18626343
1788980248773342761,17492137,17153558,13836,79294,13642,18626343
1788980248891544065,17492894,17153655,13836,79913,13683,18626343
1788980249010439231,17493644,17153806,13836,80472,13725,18626343
1788980249128717869,17494401,17153933,13836,81067,13760,18626343
1788980249244218250,17495142,17153977,13836,81756,13760,18626343
1788980249360443851,17495895,17154101,13836,82341,13789,18626343
1788980249478661011,17496648,17154218,13836,82936,13833,18626343
1788980249596739369,17497402,17154330,13836,83539,13869,18626343
1788980249714643731,17498161,17154420,13836,84150,13920,18626343
1788980249833143867,17498927,17154547,13836,84736,13958,18626343
1788980249951377932,17499683,17154627,13836,85367,13998,18626343
1788980250069399138,17500440,17154749,13836,85967,14027,18626343
1788980250184653551,17501174,17154781,13836,86675,14027,18626343
1788980250302766355,17501928,17154875,13836,87299,14059,18626343
1788980250420262177,17502689,17155001,13836,87873,14104,18626343
1788980250538349564,17503439,17155136,13836,88445,14146,18626343
1788980250656308519,17504191,17155196,13836,89082,14202,18626343
1788980250774178099,17504951,17155350,13836,89637,14243,18626343
1788980250891861432,17505700,17155459,13836,90234,14287,18626343
1788980251004936399,17506426,17155578,13836,90805,14317,18626343
1788980251119294491,17507156,17155600,13836,91514,14318,18626343
1788980251238020930,17507927,17155706,13836,92119,14360,18626343
1788980251356047511,17508686,17155843,13836,92694,14398,18626343
1788980251480445085,17509483,17155986,13836,93306,14432,18626343
1788980251604047659,17510275,17156062,13836,93983,14469,18626343
1788980251720506341,17511018,17156210,13836,94536,14506,18626343
1788980251836773039,17511766,17156322,13836,95130,14544,18626343
1788980251955335916,17512527,17156398,13836,95789,14561,18626343
1788980252070302382,17513262,17156436,13836,96464,14583,18626343
1788980252182015769,17513981,17156530,13836,97034,14630,18626343
1788980252299086694,17514725,17156666,13836,97576,14694,18626343
1788980252417345288,17515474,17156820,13836,98131,14735,18626343
1788980252535603968,17516233,17156885,13836,98779,14781,18626343
1788980252654006534,17516987,17157050,13836,99323,14822,18626343
1788980252770601316,17517735,17157145,13836,99929,14867,18626343
1788980252888891821,17518495,17157282,13836,100515,14894,18626343
1788980253005048315,17519234,17157305,13836,101232,14896,18626343
1788980253124055367,17519995,17157392,13836,101841,14954,18626343
1788980253242261937,17520753,17157514,13836,102426,14998,18626343
1788980253360889082,17521514,17157659,13836,102995,15041,18626343
1788980253478495481,17522258,17157773,13836,103579,15087,18626343
1788980253597074763,17523011,17157881,13836,104184,15133,18626343
1788980253714053659,17523751,17158002,13836,104756,15183,18626343
1788980253832558519,17524509,17158114,13836,105366,15217,18626343
1788980253947461059,17525246,17158136,13836,106072,15218,18626343
1788980254063735677,17525993,17158220,13836,106675,15274,18626343
1788980254182037731,17526759,17158349,13836,107257,15314,18626343
1788980254300211834,17527520,17158464,13836,107863,15343,18626343
1788980254419464627,17528282,17158554,13836,108487,15388,18626343
1788980254537971071,17529042,17158675,13836,109083,15429,18626343
1788980254656697129,17529805,17158753,13836,109719,15471,18626343
1788980254774859057,17530567,17158866,13836,110326,15501,18626343
1788980254890310961,17531304,17158892,13836,111036,15502,18626343
1788980255008746943,17532057,17158982,13836,111635,15566,18626343
1788980255127089779,17532820,17159109,13836,112213,15612,18626343
1788980255245630970,17533566,17159232,13836,112803,15654,18626343
1788980255363382361,17534322,17159312,13836,113419,15704,18626343
1788980255481740194,17535070,17159496,13836,113958,15739,18626343
1788980255599927245,17535832,17159601,13836,114562,15780,18626343
1788980255716747208,17536567,17159761,13836,115114,15813,18626343
1788980255832579840,17537310,17159782,13836,115832,15813,18626343
1788980255949193592,17538057,17159881,13836,116424,15859,18626343
1788980256067397441,17538815,17160004,13836,117009,15902,18626343
1788980256185418055,17539565,17160115,13836,117600,15951,18626343
1788980256304050331,17540329,17160212,13836,118214,15997,18626343
1788980256422411663,17541088,17160349,13836,118798,16031,18626343
1788980256539615718,17541841,17160478,13836,119372,16074,18626343
1788980256658166978,17542600,17160619,13836,119952,16104,18626343
1788980256772405448,17543330,17160640,13836,120657,16105,18626343
1788980256888123999,17544070,17160735,13836,121254,16149,18626343
1788980257006648729,17544820,17160857,13836,121842,16195,18626343
1788980257125183627,17545579,17160980,13836,122432,16233,18626343
1788980257243577011,17546333,17161086,13836,123034,16282,18626343
1788980257361862165,17547100,17161177,13836,123654,16325,18626343
1788980257477516586,17547837,17161343,13836,124181,16368,18626343
1788980257595928406,17548596,17161512,13836,124722,16407,18626343
1788980257710390482,17549327,17161534,13836,125428,16407,18626343
1788980257824534545,17550060,17161631,13836,126021,16448,18626343
1788980257942928126,17550819,17161726,13836,126646,16480,18626343
1788980258060821723,17551576,17161870,13836,127215,16517,18626343
1788980258178159596,17552328,17162014,13836,127765,16566,18626343
1788980258296414330,17553084,17162085,13836,128401,16613,18626343
1788980258415199976,17553847,17162264,13836,128933,16658,18626343
1788980258533624041,17554602,17162367,13836,129548,16698,18626343
1788980258650097022,17555348,17162467,13836,130187,16698,18626343
1788980258764604054,17556069,17162559,13836,130799,16724,18626343
1788980258882937456,17556827,17162642,13836,131420,16773,18626343
1788980259001316353,17557587,17162726,13836,132088,16773,18626343
1788980259116097487,17558316,17162801,13836,132715,16802,18626343
1788980259235310814,17559078,17162881,13836,133351,16844,18626343
1788980259353585219,17559824,17162993,13836,133991,16849,18626343
1788980259468815267,17560554,17163063,13836,134629,16873,18626343
1788980259583360105,17561291,17163168,13836,135211,16913,18626343
1788980259702192902,17562052,17163236,13836,135889,16924,18626343
1788980259817307801,17562782,17163302,13836,136538,16941,18626343
1788980259936674748,17563541,17163397,13836,137163,16986,18626343
1788980260055438294,17564298,17163474,13836,137814,17008,18626343
1788980260170482583,17565032,17163546,13836,138462,17020,18626343
1788980260288953876,17565793,17163630,13836,139086,17070,18626343
1788980260407067280,17566545,17163708,13836,139745,17084,18626343
1788980260521370223,17567277,17163780,13836,140385,17099,18626343
1788980260639425067,17568029,17163857,13836,141010,17147,18626343
1788980260757040599,17568782,17163932,13836,141673,17161,18626343
1788980260872251837,17569518,17163993,13836,142327,17179,18626343
1788980260989955142,17570275,17164105,13836,142910,17233,18626343
1788980261108604411,17571036,17164212,13836,143551,17243,18626343
1788980261223301305,17571770,17164277,13836,144204,17252,18626343
1788980261340811387,17572519,17164390,13836,144792,17300,18626343
1788980261459135605,17573278,17164477,13836,145436,17322,18626343
1788980261574380538,17574010,17164515,13836,146125,17329,18626343
1788980261689660964,17574744,17164622,13836,146702,17381,18626343
1788980261808102890,17575499,17164703,13836,147353,17400,18626343
1788980261923233044,17576235,17164753,13836,148029,17407,18626343
1788980262039386611,17576976,17164936,13836,148381,17610,18626727
1788980262155811535,17577709,17165097,13836,148515,18052,18626727
1788980262271438977,17578455,17165272,13836,148645,18475,18626727
1788980262387560791,17579197,17165416,13836,148767,18949,18626727
1788980262503174008,17579934,17165565,13836,148875,19422,18626727
1788980262621065281,17580662,17165801,13836,149252,19553,18626727
1788980262735707185,17581389,17166038,13836,149711,19574,18626727
1788980262852024856,17582105,17166323,13836,150140,19589,18626727
1788980262968319822,17582868,17166594,13836,150591,19596,18626727
1788980263083432058,17583577,17166829,13836,151067,19610,18626727
1788980263202047410,17584339,17167090,13836,151536,19622,18626727
1788980263316396842,17585071,17167333,13836,151916,19715,18626727
1788980263432844409,17585777,17167593,13836,152367,19734,18626727
1788980263549779143,17586482,17167872,13836,152810,19748,18626727
1788980263665689451,17587240,17168114,13836,153283,19756,18626727
1788980263781413350,17587971,17168382,13836,153725,19771,18626727
1788980263900072350,17588716,17168618,13836,154225,19780,18626727
1788980264015709461,17589422,17168856,13836,154626,19866,18626727
1788980264132832803,17590189,17169123,13836,155076,19883,18626727
1788980264249234641,17590923,17169369,13836,155546,19896,18626727
1788980264366422520,17591641,17169608,13836,156029,19910,18626727
1788980264483093862,17592394,17169885,13836,156475,19918,18626727
1788980264598621323,17593136,17170132,13836,156946,19926,18626727
1788980264715879348,17593856,17170370,13836,157358,20009,18626727
1788980264831206411,17594559,17170637,13836,157798,20024,18626727
1788980264947252097,17595296,17170905,13836,158249,20033,18626727
1788980265063480079,17596040,17171180,13836,158691,20045,18626727
1788980265178425844,17596772,17171493,13836,159088,20056,18626727
1788980265293966552,17597500,17171757,13836,159536,20071,18626727
1788980265411114897,17598254,17172032,13836,159969,20092,18626727
1788980265528045128,17598974,17172279,13836,160384,20166,18626727
1788980265645042686,17599725,17172529,13836,160852,20180,18626727
1788980265761390313,17600460,17172778,13836,161321,20192,18626727
1788980265878040451,17601208,17173050,13836,161771,20200,18626727
1788980265995851992,17601934,17173279,13836,162267,20215,18626727
1788980266112561865,17602656,17173580,13836,162682,20229,18626727
1788980266229748386,17603421,17173823,13836,163085,20322,18626727
1788980266344034301,17604127,17174059,13836,163549,20333,18626727
1788980266459788248,17604856,17174307,13836,164012,20347,18626727
1788980266574321444,17605581,17174571,13836,164453,20360,18626727
1788980266692387531,17606318,17174817,13836,164938,20371,18626727
1788980266809286622,17607059,17175086,13836,165389,20384,18626727
1788980266924524418,17607798,17175325,13836,165787,20468,18626727
1788980267041273818,17608563,17175582,13836,166247,20481,18626727
1788980267156440053,17609274,17175824,13836,166712,20495,18626727
1788980267273628051,17610012,17176070,13836,167191,20505,18626727
1788980267389019110,17610732,17176325,13836,167647,20516,18626727
1788980267503776255,17611452,17176567,13836,168118,20526,18626727
1788980267618766867,17612177,17176799,13836,168523,20611,18626727
1788980267733507642,17612905,17177040,13836,168986,20622,18626727
1788980267849249023,17613641,17177287,13836,169453,20634,18626727
1788980267964133358,17614379,17177531,13836,169915,20645,18626727
1788980268081382765,17615124,17177792,13836,170373,20659,18626727
1788980268199049920,17615874,17178043,13836,170854,20667,18626727
1788980268314711855,17616595,17178277,13836,171258,20752,18626727
1788980268431657577,17617314,17178527,13836,171729,20764,18626727
1788980268547670485,17618036,17178790,13836,172182,20775,18626727
1788980268663839498,17618777,17179035,13836,172652,20786,18626727
1788980268778873802,17619503,17179301,13836,173097,20798,18626727
1788980268891835954,17620216,17179526,13836,173571,20807,18626727
1788980269008061454,17620951,17179770,13836,174040,20820,18626727
1788980269124879479,17621688,17180013,13836,174450,20903,18626727
1788980269242567592,17622396,17180268,13836,174912,20920,18626727
1788980269358588494,17623144,17180518,13836,175383,20930,18626727
1788980269473204134,17623855,17180811,13836,175797,20942,18626727
1788980269592065991,17624616,17181054,13836,176293,20951,18626727
1788980269706594897,17625330,17181291,13836,176754,20966,18626727
1788980269820203622,17626025,17181533,13836,177137,21052,18626727
1788980269934760662,17626729,17181784,13836,177595,21064,18626727
1788980270051720085,17627466,17182023,13836,178074,21075,18626727
1788980270166139612,17628201,17182280,13836,178522,21090,18626727
1788980270280297346,17628932,17182530,13836,178974,21101,18626727
1788980270396004993,17629642,17182774,13836,179440,21115,18626727
1788980270512076501,17630371,17183015,13836,179841,21201,18626727
1788980270628073060,17631124,17183243,13836,180328,21211,18626727
1788980270744045519,17631856,17183480,13836,180803,21224,18626727
1788980270860461237,17632614,17183746,13836,181260,21233,18626727
1788980270976816060,17633351,17183973,13836,181750,21245,18626727
1788980271093068356,17634092,17184231,13836,182214,21253,18626727
1788980271208966817,17634840,17184467,13836,182629,21330,18626727
1788980271323913635,17635578,17184726,13836,183074,21344,18626727
1788980271439807703,17636301,17184975,13836,183534,21357,18626727
1788980271556974229,17637030,17185214,13836,184011,21373,18626727
1788980271670796805,17637735,17185450,13836,184481,21383,18626727
1788980271787867398,17638459,17185746,13836,184900,21401,18626727
1788980271902649311,17639181,17185994,13836,185284,21489,18626727
1788980272019110614,17639927,17186239,13836,185757,21502,18626727
1788980272135051432,17640653,17186478,13836,186228,21515,18626727
1788980272250678702,17641356,17186733,13836,186684,21529,18626727
1788980272366949083,17642086,17186991,13836,187147,21537,18626727
1788980272487815367,17642852,17187239,13836,187645,21549,18626727
1788980272603012231,17643576,17187488,13836,188102,21564,18626727
1788980272720422809,17644298,17187718,13836,188526,21646,18626727
1788980272836552593,17645029,17187961,13836,189003,21657,18626727
1788980272954043629,17645781,17188194,13836,189492,21666,18626727
1788980273067951290,17646497,17188474,13836,189922,21676,18626727
1788980273184856768,17647232,17188702,13836,190418,21684,18626727
1788980273300048153,17647953,17188953,13836,190869,21699,18626727
1788980273416944383,17648694,17189185,13836,191291,21784,18626727
1788980273531629401,17649406,17189428,13836,191748,21798,18626727
1788980273647447826,17650168,17189666,13836,192226,21805,18626727
1788980273764640384,17650899,17189928,13836,192685,21820,18626727
1788980273879864972,17651622,17190164,13836,193160,21831,18626727
1788980273995082836,17652336,17190418,13836,193612,21845,18626727
1788980274111202089,17653088,17190669,13836,194005,21932,18626727
1788980274226040318,17653804,17190915,13836,194461,21946,18626727
1788980274341849216,17654525,17191175,13836,194914,21960,18626727
1788980274459034371,17655278,17191444,13836,195374,21969,18626727
1788980274575031392,17656010,17191681,13836,195849,21980,18626727
1788980274691398762,17656749,17191937,13836,196313,21992,18626727
1788980274809476082,17657493,17192181,13836,196728,22072,18626727
1788980274924149811,17658228,17192424,13836,197192,22083,18626727
1788980275040373538,17658955,17192724,13836,197607,22096,18626727
1788980275158076705,17659690,17192978,13836,198081,22107,18626727
1788980275274746547,17660420,17193212,13836,198563,22122,18626727
1788980275388790536,17661127,17193468,13836,199009,22135,18626727
1788980275502920643,17661862,17193709,13836,199400,22220,18626727
1788980275619925655,17662602,17193957,13836,199871,22234,18626727
1788980275735242313,17663327,17194230,13836,200314,22243,18626727
1788980275850021392,17664057,17194505,13836,200748,22251,18626727
1788980275964033404,17664791,17194735,13836,201224,22262,18626727
1788980276079751870,17665538,17194985,13836,201691,22269,18626727
1788980276195063009,17666271,17195224,13836,202158,22285,18626727
1788980276313798391,17666998,17195473,13836,202574,22365,18626727
1788980276430379543,17667734,17195722,13836,203038,22381,18626727
1788980276546882368,17668480,17195976,13836,203500,22394,18626727
1788980276662666380,17669196,17196214,13836,203980,22405,18626727
1788980276775895533,17669902,17196489,13836,204404,22413,18626727
1788980276892166927,17670626,17196739,13836,204869,22426,18626727
1788980277009263173,17671377,17196980,13836,205273,22514,18626727
1788980277122239318,17672085,17197230,13836,205723,22526,18626727
1788980277238034421,17672811,17197481,13836,206183,22538,18626727
1788980277352763963,17673528,17197750,13836,206615,22555,18626727
1788980277467049752,17674236,17198015,13836,207059,22566,18626727
1788980277583016114,17674969,17198282,13836,207506,22578,18626727
1788980277698219620,17675700,17198514,13836,207907,22667,18626727
1788980277813810680,17676438,17198765,13836,208364,22682,18626727
1788980277929882975,17677163,17199031,13836,208815,22694,18626727
1788980278045083041,17677902,17199293,13836,209266,22706,18626727
1788980278161350237,17678633,17199526,13836,209749,22715,18626727
1788980278278359135,17679361,17199804,13836,210194,22729,18626727
1788980278393956830,17680095,17200062,13836,210573,22814,18626727
1788980278509531676,17680814,17200303,13836,211048,22825,18626727
1788980278625011475,17681533,17200544,13836,211519,22837,18626727
1788980278740651195,17682265,17200798,13836,211978,22846,18626727
1788980278858166577,17683013,17201028,13836,212471,22861,18626727
1788980278973117191,17683747,17201276,13836,212926,22873,18626727
1788980279089945037,17684485,17201511,13836,213342,22954,18626727
1788980279206197157,17685228,17201751,13836,213818,22965,18626727
1788980279321970203,17685944,17202002,13836,214277,22982,18626727
1788980279437649489,17686661,17202248,13836,214743,22994,18626727
1788980279551503728,17687382,17202491,13836,215205,23006,18626727
1788980279667546280,17688116,17202767,13836,215644,23017,18626727
1788980279783914423,17688835,17203009,13836,216066,23079,18626727
1788980279899058658,17689566,17203261,13836,216500,23116,18626727
1788980280015050473,17690293,17203534,13836,216947,23125,18626727
1788980280130314134,17691041,17203777,13836,217416,23132,18626727
1788980280247511759,17691788,17204008,13836,217911,23143,18626727
1788980280362897512,17692484,17204257,13836,218367,23158,18626727
1788980280479093232,17693222,17204499,13836,218834,23176,18626727
1788980280597338954,17693955,17204745,13836,219243,23264,18626727
1788980280713943883,17694667,17205000,13836,219702,23277,18626727
1788980280830177838,17695384,17205239,13836,220177,23291,18626727
1788980280945806681,17696107,17205479,13836,220651,23302,18626727
1788980281062125558,17696829,17205725,13836,221120,23317,18626727
1788980281177868079,17697567,17206005,13836,221552,23328,18626727
1788980281294138614,17698282,17206230,13836,221970,23414,18626727
1788980281410244259,17699005,17206481,13836,222428,23433,18626727
1788980281525806776,17699725,17206766,13836,222861,23442,18626727
1788980281642288453,17700455,17206995,13836,223348,23454,18626727
1788980281755622563,17701159,17207272,13836,223771,23466,18626727
1788980281868959462,17701882,17207548,13836,224196,23476,18626727
1788980281984870125,17702609,17207785,13836,224606,23555,18626727
1788980282097307658,17703315,17208045,13836,225039,23567,18626727
1788980282213548051,17704023,17208313,13836,225486,23584,18626727
1788980282328205246,17704745,17208551,13836,225957,23593,18626727
1788980282445847596,17705473,17208826,13836,226406,23604,18626727
1788980282562480930,17706207,17209101,13836,226852,23615,18626727
1788980282678771317,17706933,17209337,13836,227259,23699,18626727
1788980282795944584,17707659,17209568,13836,227750,23712,18626727
1788980282911485094,17708369,17209813,13836,228218,23722,18626727
1788980283027661728,17709092,17210087,13836,228657,23739,18626727
1788980283146220203,17709850,17210349,13836,229129,23749,18626727
1788980283261433566,17710563,17210606,13836,229574,23764,18626727
1788980283375812758,17711270,17210855,13836,229955,23853,18626727
1788980283491670792,17711995,17211090,13836,230432,23869,18626727
1788980283608049275,17712721,17211335,13836,230905,23881,18626727
1788980283724137033,17713460,17211591,13836,231362,23892,18626727
1788980283839905887,17714195,17211848,13836,231822,23905,18626727
1788980283956482347,17714910,17212112,13836,232270,23918,18626727
1788980284069857519,17715618,17212391,13836,232674,23946,18626727
1788980284185597909,17716362,17212619,13836,233097,24022,18626727
1788980284301020338,17717082,17212865,13836,233555,24040,18626727
1788980284417110160,17717818,17213101,13836,234038,24049,18626727
1788980284532873171,17718541,17213349,13836,234508,24060,18626727
1788980284650093322,17719286,17213607,13836,234967,24072,18626727
1788980284766640363,17720028,17213870,13836,235416,24088,18626727
1788980284883064737,17720741,17214105,13836,235818,24179,18626727
1788980284998763336,17721461,17214352,13836,236283,24193,18626727
1788980285115185650,17722174,17214598,13836,236757,24205,18626727
1788980285230618822,17722904,17214845,13836,237220,24217,18626727
1788980285348080928,17723650,17215117,13836,237675,24224,18626727
1788980285464408090,17724369,17215381,13836,238132,24237,18626727
1788980285579626483,17725089,17215626,13836,238518,24325,18626727
1788980285694868488,17725817,17215870,13836,238981,24337,18626727
1788980285810879900,17726550,17216123,13836,239446,24348,18626727
1788980285925368912,17727298,17216349,13836,239934,24355,18626727
1788980286040641757,17728043,17216606,13836,240388,24367,18626727
1788980286155774462,17728781,17216917,13836,240787,24377,18626727
1788980286272249281,17729520,17217203,13836,241219,24386,18626727
1788980286384320552,17730203,17217450,13836,241662,24400,18626727
1788980286500835720,17730939,17217690,13836,242134,24416,18626727
1788980286615528005,17731674,17217935,13836,242599,24426,18626727
1788980286732418256,17732416,17218187,13836,243068,24440,18626727
1788980286848441682,17733143,17218447,13836,243523,24451,18626727
1788980286964942709,17733891,17218718,13836,243901,24532,18626727
1788980287081370062,17734618,17218962,13836,244376,24546,18626727
1788980287197529497,17735355,17219193,13836,244857,24559,18626727
1788980287314224417,17736096,17219404,13836,245369,24566,18626727
1788980287428382389,17736819,17219655,13836,245823,24576,18626727
1788980287543966676,17737529,17219905,13836,246280,24591,18626727
1788980287659795547,17738254,17220127,13836,246691,24684,18626727
1788980287776190445,17738994,17220385,13836,247155,24694,18626727
1788980287891610999,17739717,17220621,13836,247623,24709,18626727
1788980288006924172,17740454,17220856,13836,248100,24721,18626727
1788980288120608580,17741173,17221109,13836,248551,24734,18626727
1788980288236523669,17741905,17221377,13836,248999,24743,18626727
1788980288353848512,17742637,17221617,13836,249407,24827,18626727
1788980288469795260,17743362,17221881,13836,249856,24840,18626727
1788980288584249985,17744073,17222121,13836,250321,24855,18626727
1788980288700678522,17744813,17222337,13836,250825,24868,18626727
1788980288814217406,17745520,17222588,13836,251268,24879,18626727
1788980288928787280,17746239,17222861,13836,251704,24890,18626727
1788980289045890012,17746986,17223108,13836,252131,24948,18626727
1788980289161391014,17747701,17223364,13836,252560,24987,18626727
1788980289276872743,17748452,17223621,13836,253016,25001,18626727
1788980289393861167,17749182,17223862,13836,253501,25011,18626727
1788980289515658953,17749930,17224143,13836,253966,25025,18626727
1788980289630396961,17750663,17224398,13836,254420,25036,18626727
1788980289747142716,17751414,17224642,13836,254850,25089,18626727
1788980289861700277,17752155,17224898,13836,255276,25128,18626727
1788980289977286343,17752885,17225186,13836,255703,25138,18626727
1788980290093479254,17753597,17225432,13836,256173,25150,18626727
1788980290211396900,17754355,17225670,13836,256666,25159,18626727
1788980290327252985,17755095,17225921,13836,257127,25173,18626727
1788980290442890016,17755833,17226198,13836,257561,25185,18626727
1788980290558244827,17756571,17226430,13836,257970,25268,18626727
1788980290674261408,17757287,17226709,13836,258403,25282,18626727
1788980290788946816,17758036,17227003,13836,258820,25294,18626727
1788980290906478728,17758781,17227271,13836,259282,25304,18626727
1788980291023835417,17759525,17227520,13836,259750,25319,18626727
1788980291140546767,17760248,17227783,13836,260199,25338,18626727
1788980291255458319,17760974,17228014,13836,260602,25424,18626727
1788980291372049083,17761721,17228269,13836,261068,25433,18626727
1788980291489236704,17762452,17228527,13836,261532,25449,18626727
1788980291603209853,17763180,17228775,13836,261986,25459,18626727
1788980291719019887,17763902,17229056,13836,262418,25473,18626727
1788980291835934631,17764629,17229309,13836,262879,25489,18626727
1788980291951355953,17765342,17229543,13836,263277,25580,18626727
1788980292068528745,17766069,17229796,13836,263743,25594,18626727
1788980292184786547,17766799,17230051,13836,264208,25606,18626727
1788980292301535747,17767537,17230275,13836,264703,25615,18626727
1788980292418015302,17768282,17230522,13836,265171,25631,18626727
1788980292534450509,17769022,17230760,13836,265648,25645,18626727
1788980292650609433,17769756,17230983,13836,266063,25736,18626727
1788980292766112764,17770463,17231230,13836,266523,25752,18626727
1788980292882039546,17771205,17231482,13836,266984,25765,18626727
1788980292996387763,17771940,17231716,13836,267462,25771,18626727
1788980293112173933,17772677,17231987,13836,267908,25782,18626727
1788980293227618223,17773402,17232238,13836,268368,25792,18626727
1788980293343500471,17774142,17232466,13836,268773,25883,18626727
1788980293457712400,17774865,17232720,13836,269222,25895,18626727
1788980293572018085,17775571,17232961,13836,269684,25909,18626727
1788980293685132549,17776294,17233208,13836,270138,25918,18626727
1788980293798682091,17776998,17233464,13836,270582,25931,18626727
1788980293914189937,17777712,17233715,13836,271038,25943,18626727
1788980294028284610,17778412,17233968,13836,271492,25956,18626727
1788980294147103439,17779143,17234211,13836,271912,26034,18626727
1788980294263307569,17779865,17234453,13836,272382,26050,18626727
1788980294380899609,17780610,17234702,13836,272860,26060,18626727
1788980294496920434,17781340,17234943,13836,273336,26072,18626727
1788980294612798492,17782074,17235198,13836,273792,26084,18626727
1788980294728335047,17782801,17235441,13836,274257,26098,18626727
1788980294843059580,17783519,17235675,13836,274651,26191,18626727
1788980294958634981,17784223,17235935,13836,275101,26208,18626727
1788980295075317812,17784950,17236197,13836,275559,26220,18626727
1788980295195184569,17785719,17236444,13836,276049,26232,18626727
1788980295312020727,17786467,17236694,13836,276517,26245,18626727
1788980295429114208,17787199,17236958,13836,276979,26257,18626727
1788980295545096575,17787923,17237181,13836,277384,26351,18626727
1788980295662439394,17788651,17237423,13836,277868,26364,18626727
1788980295779069799,17789390,17237662,13836,278352,26374,18626727
1788980295901900271,17790154,17237955,13836,278816,26383,18626727
1788980296017168737,17790906,17238214,13836,279263,26399,18626727
1788980296132534337,17791620,17238464,13836,279724,26415,18626727
1788980296249431593,17792351,17238713,13836,280123,26497,18626727
1788980296366458617,17793105,17238970,13836,280589,26507,18626727
1788980296483377360,17793828,17239208,13836,281074,26518,18626727
1788980296602969131,17794587,17239484,13836,281536,26528,18626727
1788980296720485591,17795331,17239758,13836,281982,26544,18626727
1788980296836347114,17796063,17240041,13836,282414,26557,18626727
1788980296950772268,17796791,17240289,13836,282793,26647,18626727
1788980297067327084,17797540,17240525,13836,283271,26661,18626727
1788980297180472862,17798244,17240766,13836,283731,26672,18626727
1788980297299677529,17799001,17241400,13836,283842,26676,18644903
1788980297419689667,17799763,17241994,13836,284003,26680,18663079
1788980297546549523,17800576,17242146,13836,284654,26683,18663079
1788980297664921260,17801337,17242232,13836,285320,26683,18663079
1788980297780244997,17802071,17242307,13836,285976,26684,18663079
1788980297898660281,17802821,17242424,13836,286616,26685,18663079
1788980298016648857,17803576,17242532,13836,287260,26685,18663079
1788980298132008254,17804319,17242620,13836,287903,26685,18663079
1788980298249919802,17805073,17242741,13836,288533,26686,18663079
1788980298363399154,17805800,17242796,13836,289199,26686,18663079
1788980298478443880,17806536,17242874,13836,289848,26689,18663079
1788980298596677386,17807287,17243033,13836,290445,26690,18663079
1788980298710587696,17808018,17243055,13836,291151,26690,18663079
1788980298826938152,17808763,17243175,13836,291765,26692,18663079
1788980298943514157,17809496,17243407,13836,292271,26693,18663079
1788980299058881501,17810238,17243509,13836,292908,26693,18663079
1788980299178597129,17811009,17243649,13836,293529,26693,18663079
1788980299296892303,17811770,17243793,13836,294137,26693,18663079
1788980299412064452,17812502,17243831,13836,294833,26694,18663079
1788980299527512081,17813244,17243946,13836,295451,26694,18663079
1788980299645696047,17814002,17244026,13836,296123,26695,18663079
1788980299760466942,17814745,17244086,13836,296789,26695,18663079
1788980299878009714,17815496,17244164,13836,297461,26695,18663079
1788980299995797490,17816243,17244239,13836,298138,26695,18663079
1788980300110848212,17816978,17244316,13836,298791,26697,18663079
1788980300229050273,17817738,17244470,13836,299389,26697,18663079
1788980300343350470,17818467,17244525,13836,300060,26697,18663079
1788980300458294572,17819204,17244634,13836,300682,26698,18663079
1788980300576311764,17819955,17244762,13836,301305,26698,18663079
1788980300691561826,17820692,17244786,13836,302021,26699,18663079
1788980300809993476,17821440,17244902,13836,302653,26699,18663079
1788980300925566601,17822183,17244992,13836,303301,26699,18663079
1788980301042665632,17822941,17245161,13836,303876,26699,18663079
1788980301160704284,17823700,17245297,13836,304488,26701,18663079
1788980301278775199,17824458,17245457,13836,305078,26701,18663079
1788980301396727127,17825216,17245546,13836,305740,26701,18663079
1788980301509887334,17825944,17245610,13836,306398,26701,18663079
1788980301624620348,17826678,17245690,13836,307048,26701,18663079
1788980301742810493,17827436,17245859,13836,307629,26701,18663079
1788980301860893613,17828186,17246020,13836,308217,26703,18663079
1788980301978772148,17828936,17246112,13836,308877,26703,18663079
1788980302096847266,17829676,17246269,13836,309469,26705,18663079
1788980302216043747,17830439,17246368,13836,310125,26706,18663079
1788980302341052845,17831239,17246451,13836,310839,26706,18663079
1788980302474553283,17832102,17246536,13836,311606,26706,18663079
1788980302592569898,17832853,17246672,13836,312219,26707,18663079
1788980302710474147,17833617,17246816,13836,312822,26707,18663079
1788980302827662320,17834359,17246909,13836,313477,26707,18663079
1788980302943407099,17835101,17247119,13836,314001,26707,18663079
1788980303059052767,17835841,17247242,13836,314612,26708,18663079
1788980303177552258,17836597,17247362,13836,315250,26708,18663079
1788980303292816536,17837335,17247430,13836,315915,26708,18663079
1788980303410914183,17838093,17247536,13836,316559,26709,18663079
1788980303528921480,17838844,17247675,13836,317170,26710,18663079
1788980303642371768,17839556,17247795,13836,317768,26711,18663079
1788980303760242698,17840308,17247867,13836,318446,26711,18663079
1788980303878378921,17841062,17248002,13836,319061,26712,18663079
1788980303996104443,17841814,17248132,13836,319680,26713,18663079
1788980304111500718,17842551,17248163,13836,320383,26713,18663079
1788980304223931679,17843273,17248326,13836,320937,26714,18663079
1788980304341933854,17844030,17248399,13836,321615,26714,18663079
1788980304457059050,17844762,17248523,13836,322221,26714,18663079
1788980304575266641,17845516,17248680,13836,322814,26715,18663079
1788980304693432918,17846273,17248873,13836,323368,26717,18663079
1788980304811304800,17847028,17248990,13836,324005,26717,18663079
1788980304925203146,17847757,17249064,13836,324655,26718,18663079
1788980305040136319,17848485,17249138,13836,325311,26719,18663079
1788980305158041000,17849241,17249287,13836,325914,26719,18663079
1788980305275635357,17849985,17249431,13836,326517,26721,18663079
1788980305394305242,17850745,17249519,13836,327179,26723,18663079
1788980305511237044,17851493,17249682,13836,327760,26723,18663079
1788980305628358078,17852236,17249847,13836,328339,26724,18663079
1788980305746358782,17852987,17249997,13836,328940,26724,18663079
1788980305861641440,17853721,17250092,13836,329582,26724,18663079
1788980305978803182,17854466,17250230,13836,330188,26725,18663079
1788980306096903006,17855224,17250356,13836,330813,26725,18663079
1788980306211117648,17855963,17250507,13836,331387,26726,18663079
1788980306329523747,17856721,17250586,13836,332064,26726,18663079
1788980306447858195,17857483,17250727,13836,332671,26729,18663079
1788980306563888712,17858231,17250910,13836,333225,26729,18663079
1788980306678926215,17858966,17250953,13836,333913,26730,18663079
1788980306796957943,17859731,17251062,13836,334555,26730,18663079
1788980306913236329,17860474,17251166,13836,335189,26730,18663079
1788980307030527161,17861221,17251299,13836,335805,26731,18663079
1788980307148578159,17861973,17251427,13836,336428,26732,18663079
1788980307266491115,17862729,17251596,13836,337001,26732,18663079
1788980307384630966,17863485,17251717,13836,337635,26733,18663079
1788980307499249347,17864219,17251750,13836,338330,26733,18663079
1788980307613974032,17864957,17251848,13836,338961,26735,18663079
1788980307732164697,17865719,17252009,13836,339550,26735,18663079
1788980307850140704,17866467,17252144,13836,340164,26736,18663079
1788980307967919949,17867220,17252217,13836,340843,26736,18663079
1788980308081444189,17867948,17252394,13836,341384,26737,18663079
1788980308198430431,17868691,17252499,13836,342023,26737,18663079
1788980308316536775,17869445,17252574,13836,342705,26738,18663079
1788980308431427721,17870189,17252642,13836,343364,26738,18663079
1788980308549020354,17870944,17252729,13836,344025,26738,18663079
1788980308664838244,17871672,17252911,13836,344579,26739,18663079
1788980308782021278,17872422,17253031,13836,345201,26741,18663079
1788980308899810031,17873175,17253182,13836,345802,26741,18663079
1788980309016316886,17873914,17253297,13836,346424,26744,18663079
1788980309130687062,17874647,17253434,13836,347017,26744,18663079
1788980309246179102,17875387,17253460,13836,347727,26744,18663079
1788980309358684220,17876103,17253619,13836,348283,26744,18663079
1788980309476619144,17876863,17253698,13836,348955,26744,18663079
1788980309594901613,17877631,17253845,13836,349557,26744,18663079
1788980309712829949,17878366,17253970,13836,350183,26746,18663079
1788980309830813162,17879127,17254132,13836,350769,26746,18663079
1788980309948743859,17879876,17254272,13836,351380,26747,18663079
1788980310063035606,17880613,17254305,13836,352075,26747,18663079
1788980310178115005,17881344,17254407,13836,352702,26748,18663079
1788980310296500364,17882091,17254553,13836,353308,26749,18663079
1788980310414395232,17882842,17254714,13836,353892,26751,18663079
1788980310532481897,17883599,17254854,13836,354507,26751,18663079
1788980310650841502,17884357,17254984,13836,355129,26751,18663079
1788980310768281650,17885114,17255086,13836,355772,26751,18663079
1788980310886326958,17885869,17255166,13836,356443,26751,18663079
1788980311001278104,17886600,17255247,13836,357091,26754,18663079
1788980311119610796,17887353,17255385,13836,357707,26754,18663079
1788980311235053625,17888082,17255515,13836,358308,26756,18663079
1788980311353463025,17888836,17255615,13836,358941,26776,18663079
1788980311471566971,17889580,17255746,13836,359534,26809,18663079
1788980311588316971,17890331,17255866,13836,360105,26856,18663079
1788980311706516606,17891092,17255952,13836,360762,26869,18663079
1788980311821633014,17891823,17255998,13836,361444,26874,18663079
1788980311939353177,17892576,17256114,13836,362021,26926,18663079
1788980312058027992,17893327,17256203,13836,362648,26969,18663079
1788980312175044464,17894077,17256348,13836,363208,27007,18663079
1788980312292625335,17894825,17256477,13836,363793,27043,18663079
1788980312411226743,17895588,17256610,13836,364371,27082,18663079
1788980312529884639,17896348,17256725,13836,364985,27113,18663079
1788980312645955054,17897089,17256751,13836,365696,27113,18663079
1788980312761414528,17897822,17256823,13836,366320,27150,18663079
1788980312879648734,17898575,17256971,13836,366899,27180,18663079
1788980312997701403,17899331,17257081,13836,367498,27220,18663079
1788980313116014395,17900095,17257151,13836,368128,27273,18663079
1788980313234306220,17900850,17257290,13836,368696,27316,18663079
1788980313351782312,17901597,17257388,13836,369304,27360,18663079
1788980313470453041,17902356,17257482,13836,369947,27375,18663079
1788980313585379155,17903090,17257556,13836,370600,27383,18663079
1788980313703338010,17903850,17257642,13836,371220,27426,18663079
1788980313821542922,17904596,17257759,13836,371820,27467,18663079
1788980313939782322,17905351,17257849,13836,372445,27502,18663079
1788980314056735117,17906091,17257955,13836,373042,27544,18663079
1788980314174854943,17906853,17258084,13836,373629,27578,18663079
1788980314293123662,17907612,17258196,13836,374239,27609,18663079
1788980314407940560,17908348,17258217,13836,374951,27609,18663079
1788980314525243489,17909094,17258308,13836,375567,27644,18663079
1788980314648604186,17909877,17258435,13836,376177,27697,18663079
1788980314766688901,17910635,17258571,13836,376743,27744,18663079
1788980314884790396,17911390,17258643,13836,377379,27787,18663079
1788980315003057240,17912153,17258807,13836,377917,27835,18663079
1788980315120217557,17912897,17258899,13836,378525,27880,18663079
1788980315238289973,17913651,17258969,13836,379198,27889,18663079
1788980315353617149,17914382,17259028,13836,379858,27908,18663079
1788980315471678033,17915136,17259112,13836,380477,27956,18663079
1788980315589687557,17915889,17259239,13836,381064,27993,18663079
1788980315703415340,17916618,17259372,13836,381621,28026,18663079
1788980315822146700,17917378,17259450,13836,382254,28069,18663079
1788980315941056306,17918142,17259595,13836,382826,28108,18663079
1788980316059383491,17918902,17259710,13836,383449,28121,18663079
1788980316174486557,17919637,17259731,13836,384167,28121,18663079
1788980316294138669,17920390,17259814,13836,384803,28160,18663079
1788980316410593674,17921137,17259939,13836,385423,28160,18663079
1788980316528619825,17921895,17260128,13836,385983,28160,18663079
1788980316646644392,17922657,17260272,13836,386590,28160,18663079
1788980316764578317,17923415,17260402,13836,387209,28160,18663079
1788980316882717783,17924175,17260491,13836,387870,28161,18663079
1788980316998945983,17924918,17260588,13836,388513,28161,18663079
1788980317113850836,17925645,17260701,13836,389130,28163,18663079
1788980317231825115,17926400,17260862,13836,389720,28163,18663079
1788980317349542354,17927161,17260980,13836,390352,28163,18663079
1788980317467413366,17927910,17261097,13836,390979,28164,18663079
1788980317584507667,17928660,17261285,13836,391534,28165,18663079
1788980317702889548,17929421,17261411,13836,392165,28165,18663079
1788980317821021899,17930173,17261511,13836,392816,28165,18663079
1788980317936365040,17930913,17261570,13836,393489,28165,18663079
1788980318054305128,17931666,17261663,13836,394148,28165,18663079
1788980318170246974,17932410,17261749,13836,394801,28166,18663079
1788980318285186643,17933151,17261865,13836,395413,28169,18663079
1788980318403754433,17933911,17262033,13836,396002,28169,18663079
1788980318518673559,17934647,17262085,13836,396683,28169,18663079
1788980318633432203,17935372,17262173,13836,397317,28171,18663079
1788980318751424512,17936124,17262346,13836,397893,28172,18663079
1788980318866382959,17936859,17262385,13836,398588,28172,18663079
1788980318982712530,17937595,17262499,13836,399216,28173,18663079
1788980319097393145,17938328,17262712,13836,399728,28174,18663079
1788980319212367671,17939062,17262770,13836,400408,28175,18663079
1788980319330789794,17939811,17262917,13836,401010,28176,18663079
1788980319446638221,17940550,17263039,13836,401628,28176,18663079
1788980319561843652,17941291,17263115,13836,402284,28176,18663079
1788980319677972671,17942039,17263295,13836,402841,28177,18663079
1788980319796227645,17942798,17263408,13836,403479,28178,18663079
1788980319910779043,17943526,17263475,13836,404143,28178,18663079
1788980320028482454,17944282,17263579,13836,404784,28179,18663079
1788980320146485789,17945040,17263654,13836,405461,28179,18663079
1788980320261543396,17945775,17263725,13836,406128,28179,18663079
1788980320379743410,17946534,17263858,13836,406748,28179,18663079
1788980320495086157,17947269,17263910,13836,407426,28180,18663079
1788980320610046698,17947996,17263997,13836,408068,28181,18663079
1788980320728006849,17948753,17264161,13836,408655,28182,18663079
1788980320843708485,17949489,17264183,13836,409373,28182,18663079
1788980320959133807,17950233,17264357,13836,409924,28186,18663079
1788980321076496202,17950955,17264613,13836,410388,28200,18663079
1788980321192481393,17951670,17264873,13836,410836,28217,18663079
1788980321309389401,17952410,17265118,13836,411303,28234,18663079
1788980321426072627,17953137,17265362,13836,411779,28250,18663079
1788980321541891587,17953870,17265538,13836,412020,28560,18663079
1788980321659575371,17954615,17265749,13836,412343,28768,18663079
1788980321775514999,17955359,17265990,13836,412820,28780,18663079
1788980321892032760,17956100,17266264,13836,413254,28796,18663079
1788980322008509731,17956833,17266516,13836,413712,28815,18663079
1788980322125257544,17957566,17266795,13836,414157,28826,18663079
1788980322241721334,17958304,17267038,13836,414629,28838,18663079
1788980322357044769,17959049,17267268,13836,415047,28914,18663079
1788980322474478645,17959779,17267527,13836,415513,28924,18663079
1788980322591879707,17960510,17267794,13836,415970,28935,18663079
1788980322706783496,17961230,17268047,13836,416423,28949,18663079
1788980322823173626,17961965,17268299,13836,416887,28963,18663079
1788980322938315764,17962677,17268529,13836,417362,28976,18663079
1788980323053811664,17963388,17268754,13836,417789,29052,18663079
1788980323168359303,17964096,17269001,13836,418247,29062,18663079
1788980323286125061,17964829,17269294,13836,418689,29071,18663079
1788980323403189064,17965563,17269570,13836,419126,29086,18663079
1788980323519281297,17966309,17269851,13836,419564,29093,18663079
1788980323632699317,17967027,17270099,13836,420012,29108,18663079
1788980323746466779,17967733,17270330,13836,420419,29180,18663079
1788980323862843376,17968469,17270588,13836,420875,29201,18663079
1788980323977079633,17969203,17270849,13836,421321,29212,18663079
1788980324093633382,17969918,17271094,13836,421793,29227,18663079
1788980324210283317,17970637,17271338,13836,422262,29238,18663079
1788980324324574283,17971337,17271576,13836,422728,29250,18663079
1788980324439919292,17972053,17271804,13836,423211,29260,18663079
1788980324556178507,17972796,17272020,13836,423649,29340,18663079
1788980324676290632,17973539,17272276,13836,424133,29352,18663079
1788980324792378476,17974258,17272540,13836,424576,29368,18663079
1788980324909100804,17974985,17272785,13836,425052,29378,18663079
1788980325024288134,17975706,17273051,13836,425494,29394,18663079
1788980325141221180,17976424,17273290,13836,425975,29408,18663079
1788980325256659116,17977138,17273523,13836,426389,29484,18663079
1788980325373948374,17977865,17273772,13836,426859,29500,18663079
1788980325490123046,17978606,17274018,13836,427325,29515,18663079
1788980325606117235,17979334,17274264,13836,427796,29525,18663079
1788980325723161857,17980065,17274521,13836,428259,29537,18663079
1788980325841172641,17980792,17274765,13836,428741,29549,18663079
1788980325957714723,17981527,17275015,13836,429142,29630,18663079
1788980326075371430,17982271,17275260,13836,429631,29640,18663079
1788980326192057618,17983017,17275524,13836,430077,29655,18663079
1788980326307966934,17983745,17275777,13836,430539,29666,18663079
1788980326424471609,17984452,17276033,13836,431000,29678,18663079
1788980326541347805,17985188,17276278,13836,431471,29692,18663079
1788980326658552441,17985939,17276501,13836,431905,29774,18663079
1788980326773130431,17986665,17276760,13836,432354,29784,18663079
1788980326891033312,17987420,17277045,13836,432793,29798,18663079
1788980327007088041,17988134,17277296,13836,433252,29813,18663079
1788980327124626659,17988874,17277557,13836,433718,29823,18663079
1788980327241045573,17989608,17277782,13836,434211,29838,18663079
1788980327357483986,17990350,17278015,13836,434634,29910,18663079
1788980327471316187,17991075,17278284,13836,435072,29917,18663079
1788980327585107756,17991785,17278569,13836,435484,29934,18663079
1788980327700151621,17992505,17278806,13836,435956,29947,18663079
1788980327814631087,17993227,17279084,13836,436380,29958,18663079
1788980327931088215,17993963,17279314,13836,436867,29970,18663079
1788980328047407341,17994698,17279567,13836,437330,29981,18663079
1788980328162937121,17995443,17279809,13836,437732,30065,18663079
1788980328279501715,17996148,17280070,13836,438185,30082,18663079
1788980328396171936,17996900,17280344,13836,438630,30094,18663079
1788980328512142048,17997627,17280585,13836,439101,30105,18663079
1788980328625518698,17998320,17280852,13836,439534,30117,18663079
1788980328742689057,17999065,17281098,13836,440014,30131,18663079
1788980328860557156,17999798,17281312,13836,440457,30209,18663079
1788980328975029645,18000508,17281567,13836,440905,30222,18663079
1788980329091275678,18001233,17281834,13836,441356,30234,18663079
1788980329205633954,18001955,17282084,13836,441801,30253,18663079
1788980329319972569,18002679,17282325,13836,442264,30265,18663079
1788980329437247827,18003399,17282578,13836,442733,30277,18663079
1788980329555654829,18004174,17282818,13836,443167,30352,18663079
1788980329677515686,18004939,17283146,13836,443589,30364,18663079
1788980329793764459,18005661,17283446,13836,444007,30375,18663079
1788980329908270558,18006397,17283700,13836,444459,30387,18663079
1788980330023804555,18007133,17283956,13836,444916,30395,18663079
1788980330140060489,18007864,17284208,13836,445385,30408,18663079
1788980330253693126,18008582,17284466,13836,445781,30464,18663079
1788980330369108798,18009309,17284691,13836,446245,30498,18663079
1788980330483837959,18010040,17284967,13836,446680,30509,18663079
1788980330600655269,18010776,17285218,13836,447144,30527,18663079
1788980330717116600,18011517,17285455,13836,447620,30538,18663079
1788980330832476340,18012235,17285722,13836,448067,30549,18663079
1788980330947931580,18012976,17285968,13836,448536,30556,18663079
1788980331061931028,18013707,17286186,13836,448955,30636,18663079
1788980331176507623,18014398,17286449,13836,449401,30648,18663079
1788980331292640878,18015123,17286707,13836,449855,30660,18663079
1788980331409098929,18015864,17286975,13836,450303,30674,18663079
1788980331524571063,18016577,17287199,13836,450788,30687,18663079
1788980331639352476,18017300,17287444,13836,451256,30695,18663079
1788980331756447608,18018020,17287657,13836,451689,30782,18663079
1788980331870938765,18018732,17287923,13836,452117,30806,18663079
1788980331987493317,18019469,17288207,13836,452554,30814,18663079
1788980332103629432,18020203,17288465,13836,453009,30827,18663079
1788980332219233159,18020910,17288736,13836,453451,30837,18663079
1788980332336427899,18021627,17288957,13836,453948,30855,18663079
1788980332453095123,18022335,17289170,13836,454402,30920,18663079
1788980332569455224,18023089,17289434,13836,454857,30932,18663079
1788980332685076268,18023834,17289707,13836,455293,30946,18663079
1788980332801506420,18024555,17289951,13836,455767,30955,18663079
1788980332917397194,18025293,17290190,13836,456246,30966,18663079
1788980333032876880,18026026,17290423,13836,456725,30976,18663079
1788980333148099757,18026757,17290645,13836,457214,30987,18663079
1788980333263035172,18027486,17290904,13836,457660,31003,18663079
1788980333379414454,18028208,17291158,13836,458126,31014,18663079
1788980333495543188,18028935,17291417,13836,458577,31030,18663079
1788980333612124671,18029646,17291669,13836,459042,31044,18663079
1788980333730215435,18030403,17291915,13836,459526,31054,18663079
1788980333848147216,18031158,17292144,13836,460030,31061,18663079
1788980333964346584,18031872,17292393,13836,460491,31075,18663079
1788980334080253038,18032583,17292661,13836,460933,31090,18663079
1788980334194961470,18033296,17292917,13836,461378,31105,18663079
1788980334309626638,18034018,17293154,13836,461849,31118,18663079
1788980334423147525,18034742,17293396,13836,462305,31129,18663079
1788980334536515530,18035440,17293617,13836,462785,31140,18663079
1788980334650137699,18036147,17293866,13836,463242,31151,18663079
1788980334766256844,18036865,17294158,13836,463658,31165,18663079
1788980334883551725,18037600,17294413,13836,464122,31179,18663079
1788980334999935657,18038323,17294652,13836,464598,31194,18663079
1788980335115343326,18039028,17294882,13836,465079,31208,18663079
1788980335233554153,18039769,17295106,13836,465590,31214,18663079
1788980335348126829,18040496,17295346,13836,466051,31229,18663079
1788980335464446808,18041229,17295591,13836,466519,31244,18663079
1788980335580633219,18041964,17295845,13836,466978,31258,18663079
1788980335695665601,18042691,17296115,13836,467419,31268,18663079
1788980335810967143,18043423,17296383,13836,467864,31278,18663079
1788980335925402047,18044130,17296602,13836,468357,31289,18663079
1788980336040132128,18044852,17296851,13836,468811,31300,18663079
1788980336155200545,18045582,17297123,13836,469250,31313,18663079
1788980336271539293,18046296,17297375,13836,469706,31331,18663079
1788980336387445569,18047038,17297614,13836,470182,31343,18663079
1788980336501703269,18047760,17297837,13836,470665,31355,18663079
1788980336617617658,18048500,17298058,13836,471165,31365,18663079
1788980336736847845,18049265,17298302,13836,471649,31376,18663079
1788980336853694684,18049968,17298555,13836,472112,31391,18663079
1788980336969630604,18050698,17298807,13836,472575,31403,18663079
1788980337087552391,18051461,17299059,13836,473050,31412,18663079
1788980337203683848,18052215,17299294,13836,473535,31425,18663079
1788980337320751069,18052940,17299516,13836,474034,31434,18663079
1788980337437860927,18053637,17299775,13836,474495,31446,18663079
1788980337553712709,18054353,17300016,13836,474965,31460,18663079
1788980337669444767,18055058,17300257,13836,475436,31470,18663079
1788980337783836504,18055760,17300522,13836,475876,31483,18663079
1788980337900747945,18056490,17300751,13836,476364,31497,18663079
1788980338017165867,18057262,17300985,13836,476860,31505,18663079
1788980338132089829,18057973,17301238,13836,477316,31516,18663079
1788980338247315056,18058696,17301531,13836,477731,31525,18663079
1788980338359709689,18059397,17301799,13836,478154,31540,18663079
1788980338473841009,18060113,17302056,13836,478598,31548,18663079
1788980338590031755,18060842,17302296,13836,479076,31561,18663079
1788980338706040668,18061597,17302561,13836,479527,31573,18663079
1788980338822997304,18062330,17302813,13836,479996,31584,18663079
1788980338938706015,18063054,17303077,13836,480444,31597,18663079
1788980339055724301,18063787,17303325,13836,480916,31609,18663079
1788980339170627019,18064500,17303559,13836,481391,31620,18663079
1788980339286371741,18065216,17303801,13836,481863,31630,18663079
1788980339399888952,18065923,17304066,13836,482301,31641,18663079
1788980339517728790,18066662,17304316,13836,482781,31650,18663079
1788980339633885215,18067393,17304587,13836,483228,31663,18663079
1788980339750481118,18068125,17304834,13836,483693,31676,18663079
1788980339867352825,18068874,17305076,13836,484176,31687,18663079
1788980339983251734,18069585,17305305,13836,484663,31696,18663079
1788980340099903868,18070318,17305534,13836,485152,31706,18663079
1788980340213170084,18071012,17305793,13836,485596,31714,18663079
1788980340330682084,18071756,17306049,13836,486067,31727,18663079
1788980340447900463,18072500,17306320,13836,486510,31741,18663079
1788980340564354791,18073225,17306569,13836,486978,31754,18663079
1788980340680845917,18073950,17306798,13836,487473,31764,18663079
1788980340798065996,18074682,17307034,13836,487959,31772,18663079
1788980340913031945,18075429,17307269,13836,488437,31781,18663079
1788980341028568896,18076155,17307526,13836,488892,31792,18663079
1788980341144336524,18076880,17307809,13836,489323,31803,18663079
1788980341261034125,18077623,17308066,13836,489786,31815,18663079
1788980341376763816,18078360,17308305,13836,490265,31825,18663079
1788980341492452273,18079074,17308540,13836,490741,31836,18663079
1788980341607283407,18079814,17308770,13836,491215,31850,18663079
1788980341723501599,18080550,17309025,13836,491673,31867,18663079
1788980341839605890,18081283,17309292,13836,492117,31881,18663079
1788980341956872467,18082027,17309544,13836,492589,31891,18663079
1788980342072760364,18082744,17309785,13836,493061,31903,18663079
1788980342188073802,18083492,17310029,13836,493529,31919,18663079
1788980342304496838,18084207,17310260,13836,494013,31930,18663079
1788980342422132301,18084951,17310513,13836,494485,31944,18663079
1788980342538069025,18085668,17310771,13836,494937,31957,18663079
1788980342653868442,18086391,17311032,13836,495382,31973,18663079
1788980342769922039,18087130,17311272,13836,495858,31984,18663079
1788980342884776005,18087850,17311510,13836,496329,31997,18663079
1788980343003070139,18088592,17311757,13836,496811,32010,18663079
1788980343118552907,18089324,17312006,13836,497274,32022,18663079
1788980343234199218,18090043,17312261,13836,497730,32031,18663079
1788980343350814836,18090782,17312507,13836,498203,32042,18663079
1788980343468789227,18091541,17312738,13836,498704,32052,18663079
1788980343584485296,18092250,17312996,13836,499159,32064,18663079
1788980343702439451,18093001,17313243,13836,499639,32076,18663079
1788980343817907929,18093723,17313521,13836,500071,32087,18663079
1788980343934035719,18094456,17313780,13836,500525,32100,18663079
1788980344050429981,18095200,17314034,13836,500990,32112,18663079
1788980344167950302,18095955,17314276,13836,501469,32125,18663079
1788980344283820605,18096673,17314528,13836,501942,32134,18663079
1788980344402713350,18097402,17314809,13836,502387,32148,18663079
1788980344519284505,18098157,17315070,13836,502851,32156,18663079
1788980344634606236,18098874,17315329,13836,503295,32170,18663079
1788980344750045101,18099624,17315566,13836,503773,32179,18663079
1788980344866401179,18100384,17315817,13836,504247,32186,18663079
1788980344981393445,18101086,17316047,13836,504728,32195,18663079
1788980345099493727,18101832,17316302,13836,505197,32209,18663079
1788980345215138476,18102565,17316555,13836,505655,32225,18663079
1788980345331743662,18103305,17316811,13836,506117,32235,18663079
1788980345447730035,18104003,17317058,13836,506581,32251,18663079
1788980345564443577,18104734,17317312,13836,507050,32259,18663079
1788980345682165915,18105475,17317515,13836,507576,32268,18663079
1788980345796377086,18106209,17317768,13836,508022,32283,18663079
1788980345912145409,18106928,17318032,13836,508468,32297,18663079
1788980346025461205,18107635,17318289,13836,508916,32308,18663079
1788980346141882887,18108363,17318535,13836,509383,32318,18663079
1788980346256477410,18109086,17318768,13836,509856,32330,18663079
1788980346370686206,18109814,17319011,13836,510325,32340,18663079
1788980346491682290,18110565,17319271,13836,510803,32355,18663079
1788980346608117974,18111291,17319560,13836,511231,32366,18663079
1788980346723926132,18112022,17319802,13836,511702,32377,18663079
1788980346840859186,18112746,17320063,13836,512160,32391,18663079
1788980346956744445,18113471,17320312,13836,512629,32402,18663079
1788980347071308781,18114184,17320538,13836,513112,32413,18663079
1788980347189848665,18114964,17320805,13836,513576,32422,18663079
1788980347304834646,18115673,17321064,13836,514023,32434,18663079
1788980347420816065,18116401,17321325,13836,514477,32450,18663079
1788980347535066607,18117105,17321564,13836,514934,32466,18663079
1788980347652349143,18117869,17321795,13836,515425,32479,18663079
1788980347768159354,18118595,17322045,13836,515893,32489,18663079
1788980347888956747,18119365,17322296,13836,516389,32497,18663079
1788980348004063469,18120079,17322547,13836,516839,32513,18663079
1788980348120570810,18120809,17322795,13836,517305,32528,18663079
1788980348236339905,18121527,17323032,13836,517784,32537,18663079
1788980348353177588,18122263,17323255,13836,518286,32545,18663079
1788980348469641721,18123015,17323491,13836,518772,32561,18663079
1788980348588349900,18123767,17323754,13836,519230,32577,18663079
1788980348704367266,18124498,17324025,13836,519673,32589,18663079
1788980348821485568,18125238,17324294,13836,520128,32601,18663079
1788980348936522822,18125965,17324556,13836,520574,32612,18663079
1788980349053129044,18126714,17324783,13836,521074,32620,18663079
1788980349169646625,18127444,17325009,13836,521571,32631,18663079
1788980349286162216,18128181,17325261,13836,522036,32639,18663079
1788980349401313652,18128906,17325547,13836,522458,32654,18663079
1788980349518840874,18129644,17325807,13836,522913,32671,18663079
1788980349635166902,18130373,17326067,13836,523368,32687,18663079
1788980349751744590,18131109,17326307,13836,523839,32703,18663079
1788980349867188452,18131848,17326564,13836,524304,32708,18663079
1788980349989358237,18132611,17326820,13836,524800,32720,18663079
1788980350104572821,18133340,17327074,13836,525254,32734,18663079
1788980350221019432,18134079,17327324,13836,525716,32748,18663079
1788980350337770487,18134813,17327557,13836,526199,32761,18663079
1788980350454440839,18135543,17327839,13836,526634,32776,18663079
1788980350569168938,18136241,17328071,13836,527114,32788,18663079
1788980350690905725,18137000,17328317,13836,527618,32800,18663079
1788980350805527815,18137714,17328578,13836,528052,32816,18663079
1788980350922349484,18138446,17328862,13836,528484,32831,18663079
1788980351038875556,18139190,17329127,13836,528939,32841,18663079
1788980351154584117,18139914,17329363,13836,529413,32855,18663079
1788980351271801223,18140646,17329588,13836,529921,32863,18663079
1788980351392468025,18141415,17329837,13836,530406,32878,18663079
1788980351507801445,18142144,17330080,13836,530878,32889,18663079
1788980351624412657,18142880,17330324,13836,531347,32903,18663079
1788980351742489083,18143607,17330573,13836,531822,32919,18663079
1788980351859807675,18144353,17330806,13836,532314,32931,18663079
1788980351974803947,18145084,17331089,13836,532750,32938,18663079
1788980352094311929,18145824,17331358,13836,533214,32947,18663079
1788980352210310351,18146551,17331611,13836,533672,32963,18663079
1788980352325257283,18147265,17331857,13836,534133,32976,18663079
1788980352442417001,18148018,17332097,13836,534618,32983,18663079
1788980352556886987,18148732,17332325,13836,535093,32997,18663079
1788980352669805562,18149438,17332545,13836,535577,33009,18663079
1788980352789971050,18150185,17332807,13836,536045,33026,18663079
1788980352906076663,18150922,17333066,13836,536501,33042,18663079
1788980353022525820,18151645,17333317,13836,536958,33057,18663079
1788980353138967512,18152387,17333561,13836,537430,33074,18663079
1788980353254636742,18153126,17333790,13836,537909,33088,18663079
1788980353372564787,18153870,17334021,13836,538415,33099,18663079
1788980353487504707,18154570,17334276,13836,538862,33111,18663079
1788980353601507949,18155284,17334532,13836,539306,33125,18663079
1788980353718765502,18156037,17334794,13836,539762,33143,18663079
1788980353836155650,18156812,17335040,13836,540237,33159,18663079
1788980353952282997,18157551,17335287,13836,540705,33169,18663079
1788980354069239463,18158275,17335497,13836,541221,33178,18663079
1788980354184515630,18159001,17335743,13836,541683,33191,18663079
1788980354298272355,18159719,17335993,13836,542121,33213,18663079
1788980354415664127,18160464,17336235,13836,542594,33233,18663079
1788980354532884985,18161206,17336503,13836,543046,33248,18663079
1788980354649456549,18161952,17336741,13836,543522,33265,18663079
1788980354766189865,18162686,17336960,13836,544031,33272,18663079
1788980354884853799,18163421,17337209,13836,544513,33279,18663079
1788980355000740995,18164144,17337464,13836,544979,33291,18663079
1788980355117341753,18164876,17337714,13836,545441,33303,18663079
1788980355234410332,18165603,17337955,13836,545920,33315,18663079
1788980355350809104,18166344,17338209,13836,546383,33325,18663079
1788980355466057270,18167089,17338431,13836,546881,33334,18663079
1788980355579069334,18167808,17339126,13836,546884,33341,18698023
1788980355695882415,18168559,17339443,13836,547303,33344,18698023
1788980355818502399,18169339,17339586,13836,547941,33345,18698023
1788980355949081757,18170177,17339612,13836,548745,33345,18698023
1788980356062876198,18170915,17339751,13836,549328,33345,18698023
1788980356179679482,18171657,17339898,13836,549926,33346,18698023
1788980356294712729,18172396,17339976,13836,550579,33346,18698023
1788980356412423775,18173149,17340112,13836,551188,33347,18698023
1788980356530509182,18173912,17340201,13836,551857,33347,18698023
1788980356645210205,18174652,17340281,13836,552499,33349,18698023
1788980356763435359,18175404,17340402,13836,553128,33349,18698023
1788980356877964252,18176141,17340424,13836,553841,33349,18698023
1788980356994049847,18176882,17340500,13836,554501,33349,18698023
1788980357112421596,18177643,17340609,13836,555144,33349,18698023
1788980357227623710,18178373,17340657,13836,555833,33350,18698023
1788980357344188043,18179110,17340755,13836,556473,33351,18698023
1788980357462771148,18179865,17340829,13836,557157,33351,18698023
1788980357577929328,18180611,17340908,13836,557809,33351,18698023
1788980357695932887,18181361,17341073,13836,558395,33351,18698023
1788980357809329458,18182091,17341153,13836,559036,33351,18698023
1788980357924315230,18182823,17341239,13836,559679,33353,18698023
1788980358042429340,18183576,17341368,13836,560301,33353,18698023
1788980358157562290,18184314,17341406,13836,561003,33353,18698023
1788980358273046700,18185057,17341552,13836,561586,33354,18698023
1788980358391068902,18185807,17341632,13836,562258,33354,18698023
1788980358506337122,18186542,17341721,13836,562900,33355,18698023
1788980358623481906,18187289,17341840,13836,563524,33355,18698023
1788980358740934930,18188043,17341934,13836,564182,33355,18698023
1788980358855821064,18188774,17342036,13836,564812,33355,18698023
1788980358974024919,18189538,17342183,13836,565415,33355,18698023
1788980359092373132,18190299,17342359,13836,565989,33355,18698023
1788980359210264566,18191055,17342457,13836,566645,33355,18698023
1788980359327888185,18191817,17342593,13836,567256,33355,18698023
1788980359446152068,18192573,17342692,13836,567909,33355,18698023
1788980359564356484,18193326,17342788,13836,568564,33356,18698023
1788980359679165588,18194063,17342876,13836,569207,33357,18698023
1788980359797287041,18194822,17342996,13836,569838,33357,18698023
1788980359915477858,18195574,17343122,13836,570461,33358,18698023
1788980360034128677,18196339,17343280,13836,571064,33358,18698023
1788980360152636330,18197100,17343428,13836,571668,33359,18698023
1788980360270672417,18197854,17343515,13836,572332,33359,18698023
1788980360388653637,18198614,17343588,13836,573010,33359,18698023
1788980360503220561,18199348,17343664,13836,573658,33360,18698023
1788980360621320428,18200099,17343795,13836,574278,33360,18698023
1788980360739492982,18200850,17343951,13836,574876,33361,18698023
1788980360857885724,18201613,17344074,13836,575504,33361,18698023
1788980360975838191,18202351,17344194,13836,576133,33363,18698023
1788980361093664876,18203107,17344304,13836,576773,33363,18698023
1788980361208422474,18203840,17344336,13836,577468,33363,18698023
1788980361323652025,18204568,17344420,13836,578122,33363,18698023
1788980361441921319,18205330,17344551,13836,578742,33363,18698023
1788980361560164993,18206077,17344704,13836,579339,33364,18698023
1788980361689835874,18206904,17344883,13836,579987,33364,18698023
1788980361807848836,18207657,17345023,13836,580597,33365,18698023
1788980361925705140,18208407,17345177,13836,581193,33365,18698023
1788980362041528502,18209149,17345222,13836,581889,33365,18698023
1788980362157765117,18209878,17345363,13836,582483,33366,18698023
1788980362273366406,18210621,17345574,13836,583004,33366,18698023
1788980362391840122,18211373,17345721,13836,583611,33367,18698023
1788980362510095702,18212127,17345900,13836,584183,33368,18698023
1788980362628298051,18212881,17346087,13836,584746,33368,18698023
1788980362746267876,18213631,17346216,13836,585370,33368,18698023
1788980362860192649,18214359,17346290,13836,586021,33368,18698023
1788980362975283831,18215098,17346383,13836,586660,33368,18698023
1788980363093339682,18215862,17346500,13836,587293,33368,18698023
1788980363211476058,18216615,17346657,13836,587885,33371,18698023
1788980363329464815,18217374,17346807,13836,588485,33371,18698023
1788980363447631400,18218123,17346924,13836,589124,33371,18698023
1788980363565640104,18218873,17347023,13836,589774,33372,18698023
1788980363679138232,18219600,17347066,13836,590453,33372,18698023
1788980363794154243,18220334,17347168,13836,591082,33372,18698023
1788980363912186304,18221083,17347307,13836,591693,33373,18698023
1788980364030313682,18221825,17347462,13836,592287,33374,18698023
1788980364148314087,18222581,17347598,13836,592902,33374,18698023
1788980364266685858,18223325,17347726,13836,593529,33376,18698023
1788980364384643098,18224076,17347844,13836,594161,33376,18698023
1788980364499288229,18224812,17347876,13836,594857,33376,18698023
1788980364614518113,18225559,17347972,13836,595498,33377,18698023
1788980364732551689,18226304,17348128,13836,596092,33377,18698023
1788980364850742308,18227067,17348273,13836,596697,33378,18698023
1788980364968653151,18227818,17348389,13836,597332,33378,18698023
1788980365086664637,18228583,17348510,13836,597961,33378,18698023
1788980365204640430,18229335,17348655,13836,598566,33378,18698023
1788980365318866780,18230069,17348682,13836,599267,33378,18698023
1788980365436436213,18230820,17348767,13836,599929,33379,18698023
1788980365550957932,18231561,17348881,13836,600543,33379,18698023
1788980365668132121,18232306,17349014,13836,601154,33380,18698023
1788980365786512026,18233067,17349141,13836,601784,33380,18698023
1788980365904399914,18233820,17349305,13836,602362,33381,18698023
1788980366022243501,18234569,17349425,13836,602991,33382,18698023
1788980366136695227,18235298,17349463,13836,603688,33382,18698023
1788980366255643827,18236059,17349574,13836,604330,33383,18698023
1788980366371375001,18236796,17349672,13836,604965,33383,18698023
1788980366489187024,18237544,17349804,13836,605583,33384,18698023
1788980366607040387,18238301,17349933,13836,606205,33384,18698023
1788980366725136439,18239045,17350080,13836,606808,33385,18698023
1788980366843169931,18239791,17350201,13836,607436,33386,18698023
1788980366958272173,18240530,17350230,13836,608141,33386,18698023
1788980367074805003,18241267,17350350,13836,608763,33387,18698023
1788980367192670567,18242024,17350429,13836,609435,33387,18698023
1788980367310326730,18242774,17350567,13836,610040,33389,18698023
1788980367426194387,18243508,17350693,13836,610652,33390,18698023
1788980367544316548,18244258,17350820,13836,611273,33391,18698023
1788980367662684860,18245013,17350948,13836,611902,33392,18698023
1788980367777873571,18245752,17350972,13836,612610,33392,18698023
1788980367891342097,18246474,17351127,13836,613174,33392,18698023
1788980368009256543,18247232,17351210,13836,613844,33392,18698023
1788980368123223755,18247951,17351316,13836,614460,33393,18698023
1788980368240594666,18248700,17351429,13836,615097,33393,18698023
1788980368357501609,18249443,17351561,13836,615709,33395,18698023
1788980368475572355,18250199,17351692,13836,616327,33395,18698023
1788980368590899616,18250940,17351719,13836,617034,33396,18698023
1788980368703718294,18251659,17351856,13836,617616,33396,18698023
1788980368821769178,18252411,17351964,13836,618259,33396,18698023
1788980368936123570,18253143,17352093,13836,618855,33398,18698023
1788980369049539306,18253869,17352299,13836,619374,33398,18698023
1788980369168073717,18254624,17352438,13836,619985,33398,18698023
1788980369286429711,18255375,17352574,13836,620599,33399,18698023
1788980369400843242,18256106,17352608,13836,621299,33399,18698023
1788980369519278724,18256860,17352745,13836,621914,33401,18698023
1788980369637762267,18257609,17352816,13836,622596,33402,18698023
1788980369756266352,18258362,17352935,13836,623224,33405,18698023
1788980369871801824,18259094,17353044,13836,623852,33406,18698023
1788980369990076504,18259863,17353182,13836,624465,33406,18698023
1788980370108282277,18260618,17353325,13836,625073,33406,18698023
1788980370223451792,18261352,17353369,13836,625762,33406,18698023
1788980370337546783,18262075,17353488,13836,626371,33408,18698023
1788980370455946494,18262842,17353628,13836,626983,33408,18698023
1788980370573354540,18263599,17353763,13836,627591,33408,18698023
1788980370688563863,18264333,17353884,13836,628209,33408,18698023
1788980370806832581,18265083,17354026,13836,628815,33410,18698023
1788980370924903132,18265848,17354146,13836,629445,33410,18698023
1788980371040373052,18266581,17354172,13836,630153,33410,18698023
1788980371155622585,18267314,17354296,13836,630765,33412,18698023
1788980371273582678,18268070,17354407,13836,631403,33412,18698023
1788980371391771291,18268820,17354533,13836,632027,33414,18698023
1788980371508558363,18269561,17354623,13836,632682,33414,18698023
1788980371626883680,18270324,17354765,13836,633289,33415,18698023
1788980371745042024,18271074,17354895,13836,633909,33416,18698023
1788980371860251127,18271807,17354939,13836,634598,33416,18698023
1788980371976613797,18272545,17355040,13836,635240,33417,18698023
1788980372094473339,18273301,17355163,13836,635863,33417,18698023
1788980372210357620,18274053,17355295,13836,636468,33417,18698023
1788980372328271769,18274816,17355388,13836,637130,33417,18698023
1788980372442698614,18275553,17355514,13836,637731,33417,18698023
1788980372559191267,18276301,17355668,13836,638317,33417,18698023
1788980372674883090,18277042,17355711,13836,639011,33418,18698023
1788980372791723078,18277772,17355816,13836,639648,33419,18698023
1788980372909587294,18278541,17355941,13836,640274,33419,18698023
1788980373026370129,18279276,17356089,13836,640863,33421,18698023
1788980373144374007,18280027,17356192,13836,641514,33421,18698023
1788980373256316060,18280740,17356306,13836,642108,33423,18698023
1788980373370883113,18281479,17356493,13836,642652,33423,18698023
1788980373486510177,18282211,17356520,13836,643364,33423,18698023
1788980373615246162,18283035,17356653,13836,644043,33424,18698023
1788980373733046705,18283788,17356783,13836,644663,33424,18698023
1788980373848710549,18284526,17356939,13836,645245,33425,18698023
1788980373966835782,18285274,17357011,13836,645923,33425,18698023
1788980374085087989,18286036,17357139,13836,646548,33426,18698023
1788980374199864542,18286774,17357262,13836,647156,33426,18698023
1788980374315280577,18287500,17357309,13836,647839,33427,18698023
1788980374431827187,18288247,17357408,13836,648485,33427,18698023
1788980374550169513,18289013,17357528,13836,649116,33427,18698023
1788980374663808371,18289734,17357649,13836,649719,33428,18698023
1788980374782124334,18290499,17357764,13836,650357,33429,18698023
1788980374900535148,18291252,17357905,13836,650969,33430,18698023
1788980375018673936,18292009,17358021,13836,651604,33431,18698023
1788980375134134380,18292742,17358084,13836,652274,33431,18698023
1788980375251762332,18293493,17358203,13836,652904,33431,18698023
1788980375369753236,18294256,17358286,13836,653573,33431,18698023
1788980375484896483,18294978,17358365,13836,654224,33433,18698023
1788980375603054978,18295729,17358489,13836,654850,33433,18698023
1788980375718101339,18296465,17358511,13836,655563,33433,18698023
1788980375834033455,18297215,17358588,13836,656224,33433,18698023
1788980375949069895,18297951,17358712,13836,656831,33433,18698023
1788980376064185765,18298693,17358768,13836,657508,33433,18698023
1788980376181352608,18299439,17358871,13836,658149,33434,18698023
1788980376299406264,18300198,17358956,13836,658821,33434,18698023
1788980376425965246,18301014,17359057,13836,659521,33434,18698023
1788980376544008671,18301759,17359248,13836,660082,33434,18698023
1788980376658356935,18302492,17359272,13836,660784,33434,18698023
1788980376773708787,18303238,17359354,13836,661439,33434,18698023
1788980376891748560,18303992,17359491,13836,662053,33434,18698023
1788980377007284790,18304726,17359531,13836,662746,33435,18698023
1788980377122121327,18305467,17359637,13836,663369,33435,18698023
1788980377240169149,18306228,17359709,13836,664049,33436,18698023
1788980377355268577,18306957,17359792,13836,664695,33437,18698023
1788980377473178638,18307709,17359881,13836,665359,33437,18698023
1788980377586562282,18308432,17359927,13836,666039,33437,18698023
1788980377701664667,18309170,17360005,13836,666689,33439,18698023
1788980377819722197,18309926,17360128,13836,667317,33439,18698023
1788980377934943423,18310662,17360162,13836,668016,33440,18698023
1788980378050608585,18311395,17360368,13836,668534,33448,18698023
1788980378167075923,18312118,17360617,13836,669002,33456,18698023
1788980378283079383,18312850,17360885,13836,669447,33470,18698023
1788980378399855312,18313586,17361127,13836,669924,33482,18698023
1788980378515808691,18314298,17361356,13836,670409,33492,18698023
1788980378632492918,18315012,17361594,13836,670888,33507,18698023
1788980378748786199,18315731,17361823,13836,671376,33517,18698023
1788980378864914952,18316461,17362075,13836,671843,33530,18698023
1788980378980774346,18317182,17362341,13836,672286,33542,18698023
1788980379097688236,18317914,17362596,13836,672749,33556,18698023
1788980379213534231,18318633,17362827,13836,673230,33567,18698023
1788980379330587176,18319385,17363050,13836,673731,33575,18698023
1788980379445012134,18320111,17363290,13836,674202,33584,18698023
1788980379561203829,18320852,17363546,13836,674662,33597,18698023
1788980379676104113,18321590,17363801,13836,675118,33609,18698023
1788980379791852940,18322325,17364084,13836,675540,33624,18698023
1788980379906744421,18323082,17364333,13836,676007,33631,18698023
1788980380022790156,18323776,17364569,13836,676484,33645,18698023
1788980380136416733,18324499,17364803,13836,676950,33659,18698023
1788980380251159518,18325189,17365061,13836,677398,33671,18698023
1788980380364823574,18325876,17365323,13836,677831,33687,18698023
1788980380479196353,18326602,17365562,13836,678296,33699,18698023
1788980380593506939,18327315,17365786,13836,678779,33711,18698023
1788980380707749333,18328048,17366028,13836,679245,33720,18698023
1788980380823427295,18328779,17366255,13836,679732,33728,18698023
1788980380940128510,18329506,17366509,13836,680193,33742,18698023
1788980381056121058,18330233,17366778,13836,680635,33758,18698023
1788980381175098716,18330965,17367047,13836,681096,33773,18698023
1788980381291122842,18331696,17367277,13836,681580,33783,18698023
1788980381403746231,18332387,17367529,13836,682022,33796,18698023
1788980381521895049,18333125,17367778,13836,682507,33804,18698023
1788980381638464845,18333856,17368086,13836,682921,33816,18698023
1788980381753953961,18334584,17368337,13836,683372,33831,18698023
1788980381871094330,18335325,17368603,13836,683828,33845,18698023
1788980381986374604,18336019,17368835,13836,684302,33859,18698023
1788980382099926880,18336740,17369074,13836,684766,33871,18698023
1788980382217378376,18337475,17369312,13836,685250,33883,18698023
1788980382331395644,18338182,17369566,13836,685708,33891,18698023
1788980382446177481,18338913,17369824,13836,686151,33906,18698023
1788980382562892395,18339642,17370098,13836,686595,33920,18698023
1788980382678304210,18340378,17370400,13836,687007,33930,18698023
1788980382795364015,18341107,17370647,13836,687479,33942,18698023
1788980382909673304,18341806,17370877,13836,687956,33954,18698023
1788980383026171212,18342540,17371139,13836,688414,33965,18698023
1788980383142456872,18343265,17371389,13836,688884,33975,18698023
1788980383258568403,18343990,17371636,13836,689349,33990,18698023
1788980383373374607,18344712,17371868,13836,689821,34005,18698023
1788980383490688969,18345442,17372114,13836,690300,34015,18698023
1788980383606735903,18346194,17372339,13836,690793,34027,18698023
1788980383722482846,18346919,17372591,13836,691251,34039,18698023
1788980383838139847,18347643,17372852,13836,691706,34052,18698023
1788980383953459574,18348374,17373103,13836,692159,34067,18698023
1788980384069737226,18349130,17373334,13836,692645,34079,18698023
1788980384186280484,18349857,17373556,13836,693137,34093,18698023
1788980384303507604,18350596,17373800,13836,693619,34104,18698023
1788980384419071675,18351349,17374054,13836,694076,34116,18698023
1788980384534800317,18352072,17374306,13836,694536,34128,18698023
1788980384651464605,18352808,17374558,13836,694999,34143,18698023
1788980384766082893,18353530,17374814,13836,695449,34155,18698023
1788980384882883984,18354282,17375060,13836,695927,34164,18698023
1788980384996942866,18355001,17375285,13836,696409,34174,18698023
1788980385113804040,18355741,17375553,13836,696858,34188,18698023
1788980385229956720,18356457,17375794,13836,697327,34205,18698023
1788980385346311845,18357186,17376048,13836,697788,34221,18698023
1788980385461613893,18357906,17376286,13836,698257,34233,18698023
1788980385576911450,18358631,17376509,13836,698741,34247,18698023
1788980385695127702,18359381,17376730,13836,699251,34258,18698023
1788980385812356632,18360113,17377002,13836,699701,34270,18698023
1788980385928154612,18360832,17377254,13836,700160,34282,18698023
1788980386045113098,18361540,17377508,13836,700625,34295,18698023
1788980386161473441,18362238,17377740,13836,701110,34306,18698023
1788980386279319959,18362981,17377979,13836,701598,34317,18698023
1788980386396697786,18363741,17378226,13836,702075,34330,18698023
1788980386513848655,18364488,17378484,13836,702539,34342,18698023
1788980386629655082,18365221,17378732,13836,702998,34357,18698023
1788980386746567885,18365952,17378981,13836,703470,34368,18698023
1788980386863576344,18366677,17379217,13836,703951,34382,18698023
1788980386981187855,18367427,17379476,13836,704421,34394,18698023
1788980387095495763,18368157,17379716,13836,704884,34405,18698023
1788980387212129621,18368875,17379965,13836,705354,34415,18698023
1788980387327827696,18369601,17380223,13836,705809,34425,18698023
1788980387444348166,18370318,17380478,13836,706269,34440,18698023
1788980387558069503,18371022,17380718,13836,706727,34454,18698023
1788980387672651367,18371734,17380986,13836,707171,34462,18698023
1788980387788046691,18372447,17381205,13836,707664,34472,18698023
1788980387902920239,18373164,17381455,13836,708124,34486,18698023
1788980388019482762,18373889,17381706,13836,708584,34500,18698023
1788980388134341758,18374613,17381949,13836,709047,34513,18698023
1788980388250941889,18375340,17382184,13836,709532,34524,18698023
1788980388369749778,18376078,17382418,13836,710026,34536,18698023
1788980388485747289,18376798,17382639,13836,710523,34547,18698023
1788980388600058127,18377506,17382899,13836,710965,34559,18698023
1788980388715247281,18378230,17383153,13836,711420,34571,18698023
1788980388830921570,18378950,17383426,13836,711859,34583,18698023
1788980388945691749,18379671,17383678,13836,712313,34600,18698023
1788980389061749513,18380406,17383918,13836,712793,34608,18698023
1788980389177916032,18381135,17384141,13836,713288,34615,18698023
1788980389293596319,18381873,17384401,13836,713739,34628,18698023
1788980389408589876,18382584,17384651,13836,714196,34639,18698023
1788980389525299791,18383302,17384909,13836,714653,34654,18698023
1788980389641879121,18384052,17385159,13836,715127,34663,18698023
1788980389762557114,18384813,17385408,13836,715624,34672,18698023
1788980389876752932,18385540,17385627,13836,716110,34683,18698023
1788980389993952290,18386278,17385885,13836,716573,34696,18698023
1788980390110397693,18387017,17386141,13836,717032,34709,18698023
1788980390226514061,18387746,17386401,13836,717487,34722,18698023
1788980390342085004,18388458,17386645,13836,717949,34738,18698023
1788980390458422607,18389169,17386896,13836,718413,34752,18698023
1788980390576735107,18389909,17387129,13836,718911,34764,18698023
1788980390693546528,18390631,17387377,13836,719380,34777,18698023
1788980390808857693,18391350,17387639,13836,719829,34787,18698023
1788980390926141708,18392089,17387895,13836,720292,34802,18698023
1788980391041924433,18392796,17388123,13836,720774,34818,18698023
1788980391158679526,18393547,17388370,13836,721252,34825,18698023
1788980391271962194,18394244,17388612,13836,721711,34835,18698023
1788980391386239476,18394967,17388870,13836,722161,34845,18698023
1788980391504549613,18395708,17389133,13836,722621,34863,18698023
1788980391620792804,18396458,17389382,13836,723084,34874,18698023
1788980391736710506,18397182,17389631,13836,723552,34883,18698023
1788980391853747996,18397943,17389882,13836,724026,34891,18698023
1788980391968585190,18398668,17390103,13836,724516,34904,18698023
1788980392083732855,18399392,17390356,13836,724969,34916,18698023
1788980392200036547,18400148,17390607,13836,725434,34927,18698023
1788980392317101236,18400875,17390855,13836,725906,34940,18698023
1788980392434287499,18401621,17391084,13836,726401,34948,18698023
1788980392548969503,18402331,17391343,13836,726852,34958,18698023
1788980392663038731,18403040,17391579,13836,727326,34969,18698023
1788980392777497519,18403757,17391850,13836,727754,34984,18698023
1788980392893484352,18404479,17392129,13836,728190,34994,18698023
1788980393009861596,18405225,17392378,13836,728656,35007,18698023
1788980393125557637,18405956,17392633,13836,729118,35018,18698023
1788980393241593787,18406691,17392861,13836,729603,35029,18698023
1788980393357031466,18407420,17393086,13836,730093,35037,18698023
1788980393472169638,18408145,17393339,13836,730543,35056,18698023
1788980393588523464,18408877,17393576,13836,731025,35069,18698023
1788980393706262544,18409638,17393834,13836,731483,35086,18698023
1788980393821029551,18410367,17394110,13836,731919,35097,18698023
1788980393938171217,18411105,17394379,13836,732370,35109,18698023
1788980394052844879,18411844,17394610,13836,732848,35119,18698023
1788980394168461762,18412581,17394873,13836,733300,35128,18698023
1788980394284112933,18413305,17395138,13836,733749,35139,18698023
1788980394400762517,18414032,17395392,13836,734208,35157,18698023
1788980394515323515,18414761,17395627,13836,734677,35169,18698023
1788980394633064002,18415480,17395882,13836,735150,35179,18698023
1788980394749325953,18416202,17396108,13836,735638,35194,18698023
1788980394866542510,18416936,17396376,13836,736092,35206,18698023
1788980394982523934,18417672,17396631,13836,736548,35221,18698023
1788980395099432479,18418410,17396888,13836,737009,35235,18698023
1788980395215682209,18419138,17397128,13836,737484,35248,18698023
1788980395332823115,18419878,17397361,13836,737971,35261,18698023
1788980395450165168,18420584,17397589,13836,738466,35272,18698023
1788980395565301058,18421325,17397837,13836,738925,35287,18698023
1788980395681782211,18422063,17398106,13836,739372,35301,18698023
1788980395797739837,18422786,17398349,13836,739840,35313,18698023
1788980395914040173,18423526,17398583,13836,740324,35325,18698023
1788980396030132724,18424277,17398834,13836,740790,35335,18698023
1788980396147757739,18425040,17399057,13836,741295,35346,18698023
1788980396261034131,18425744,17399308,13836,741738,35360,18698023
1788980396375095018,18426452,17399545,13836,742200,35376,18698023
1788980396489819676,18427154,17399798,13836,742654,35387,18698023
1788980396604199964,18427882,17400076,13836,743088,35397,18698023
1788980396720309292,18428631,17400330,13836,743550,35407,18698023
1788980396838297049,18429370,17400578,13836,744032,35416,18698023
1788980396955439523,18430095,17400829,13836,744505,35428,18698023
1788980397070765092,18430806,17401100,13836,744944,35440,18698023
1788980397187847452,18431533,17401376,13836,745382,35457,18698023
1788980397303709279,18432264,17401619,13836,745855,35470,18698023
1788980397420455604,18432975,17401908,13836,746285,35483,18698023
1788980397537505206,18433685,17402142,13836,746771,35499,18698023
1788980397652733510,18434425,17402410,13836,747206,35515,18698023
1788980397769496902,18435148,17402685,13836,747647,35529,18698023
1788980397884229476,18435881,17402951,13836,748085,35544,18698023
1788980398000209998,18436624,17403213,13836,748537,35556,18698023
1788980398115719839,18437359,17403452,13836,749011,35568,18698023
1788980398229499487,18438083,17403680,13836,749491,35576,18698023
1788980398344554177,18438799,17403939,13836,749942,35585,18698023
1788980398459573561,18439510,17404196,13836,750390,35599,18698023
1788980398576258681,18440239,17404459,13836,750841,35613,18698023
1788980398692265317,18440964,17404707,13836,751310,35626,18698023
1788980398808915675,18441686,17404931,13836,751806,35637,18698023
1788980398924243768,18442415,17405173,13836,752272,35652,18698023
1788980399038186316,18443128,17405459,13836,752694,35660,18698023
1788980399154020897,18443864,17405711,13836,753153,35672,18698023
1788980399270273413,18444595,17405961,13836,753616,35681,18698023
1788980399385681443,18445298,17406200,13836,754089,35693,18698023
1788980399501115074,18446035,17406433,13836,754565,35707,18698023
1788980399614581021,18446741,17406663,13836,755038,35717,18698023
1788980399726735964,18447444,17406920,13836,755482,35725,18698023
1788980399842030660,18448163,17407181,13836,755923,35739,18698023
1788980399959799298,18448904,17407433,13836,756394,35752,18698023
1788980400077237607,18449645,17407676,13836,756879,35762,18698023
1788980400192819752,18450375,17407910,13836,757355,35776,18698023
1788980400309951549,18451129,17408122,13836,757867,35785,18698023
1788980400427295703,18451869,17408404,13836,758311,35797,18698023
1788980400543789045,18452597,17408651,13836,758776,35810,18698023
1788980400660367131,18453322,17408902,13836,759246,35821,18698023
1788980400775238096,18454037,17409137,13836,759722,35830,18698023
1788980400891068631,18454763,17409369,13836,760204,35841,18698023
1788980401005779236,18455493,17409584,13836,760698,35848,18698023
1788980401119762308,18456213,17409847,13836,761131,35868,18698023
1788980401235097102,18456927,17410105,13836,761581,35882,18698023
1788980401351505947,18457671,17410366,13836,762033,35896,18698023
1788980401469124529,18458386,17410616,13836,762509,35907,18698023
1788980401586434884,18459131,17410856,13836,762991,35920,18698023
1788980401701740038,18459869,17411084,13836,763476,35929,18698023
1788980401819228234,18460596,17411367,13836,763920,35940,18698023
1788980401935438973,18461315,17411623,13836,764378,35952,18698023
1788980402051299822,18462044,17411887,13836,764827,35963,18698023
1788980402167544183,18462753,17412119,13836,765312,35977,18698023
1788980402283323941,18463497,17412380,13836,765762,35990,18698023
1788980402399371584,18464243,17412611,13836,766256,35998,18698023
1788980402513255632,18464966,17412886,13836,766669,36020,18698023
1788980402627934573,18465675,17413146,13836,767104,36041,18698023
1788980402743889126,18466399,17413401,13836,767558,36058,18698023
1788980402860099897,18467133,17413649,13836,768023,36072,18698023
1788980402977095746,18467886,17413901,13836,768500,36082,18698023
1788980403093727213,18468614,17414125,13836,768991,36095,18698023
1788980403211202037,18469334,17414377,13836,769468,36104,18698023
1788980403327822764,18470060,17414654,13836,769906,36117,18698023
1788980403443691648,18470771,17414919,13836,770353,36130,18698023
1788980403560394223,18471508,17415173,13836,770822,36141,18698023
1788980403676025161,18472235,17415411,13836,771295,36153,18698023
1788980403792159012,18472969,17415645,13836,771782,36162,18698023
1788980403908897860,18473686,17415898,13836,772249,36172,18698023
1788980404025050403,18474401,17416147,13836,772713,36184,18698023
1788980404142870462,18475164,17416404,13836,773180,36199,18698023
1788980404259248246,18475899,17416658,13836,773644,36211,18698023
1788980404375335832,18476633,17416885,13836,774129,36222,18698023
1788980404493155417,18477366,17417138,13836,774608,36233,18698023
1788980404616145823,18478132,17417387,13836,775118,36242,18698023
1788980404730538618,18478839,17417653,13836,775550,36258,18698023
1788980404847586186,18479565,17417908,13836,776017,36271,18698023
1788980404963149454,18480288,17418155,13836,776483,36284,18698023
1788980405079871934,18481054,17418385,13836,776970,36295,18698023
1788980405194887959,18481751,17418613,13836,777460,36304,18698023
1788980405314685216,18482532,17418856,13836,777954,36313,18698023
1788980405428119213,18483244,17419114,13836,778386,36331,18698023
1788980405545024267,18483978,17419376,13836,778848,36342,18698023
1788980405663154241,18484716,17419618,13836,779332,36354,18698023
1788980405779097787,18485436,17419872,13836,779790,36367,18698023
1788980405897158021,18486151,17420112,13836,780285,36378,18698023
1788980406013280304,18486869,17420362,13836,780750,36388,18698023
1788980406129806088,18487614,17420622,13836,781205,36401,18698023
1788980406246209851,18488335,17420871,13836,781665,36418,18698023
1788980406361571545,18489030,17421120,13836,782115,36442,18698023
1788980406478373713,18489774,17421358,13836,782601,36453,18698023
1788980406595195036,18490526,17421599,13836,783085,36463,18698023
1788980406708391706,18491256,17421851,13836,783526,36474,18698023
1788980406823396675,18492003,17422119,13836,783958,36497,18698023
1788980406939420655,18492733,17422369,13836,784409,36520,18698023
1788980407056844413,18493454,17422613,13836,784887,36532,18698023
1788980407171540567,18494168,17422863,13836,785344,36544,18698023
1788980407287585990,18494915,17423080,13836,785852,36555,18698023
1788980407406186131,18495669,17423344,13836,786311,36571,18698023
1788980407521302412,18496387,17423607,13836,786755,36582,18698023
1788980407637043051,18497107,17423862,13836,787212,36593,18698023
1788980407752040311,18497829,17424103,13836,787680,36606,18698023
1788980407868153068,18498565,17424337,13836,788156,36621,18698023
1788980407985076912,18499289,17424589,13836,788634,36629,18698023
1788980408104594351,18500056,17424860,13836,789094,36643,18698023
1788980408220195493,18500790,17425115,13836,789546,36659,18698023
1788980408337427836,18501519,17425383,13836,790003,36670,18698023
1788980408453326982,18502249,17425643,13836,790448,36688,18698023
1788980408569110517,18502978,17425895,13836,790903,36707,18698023
1788980408685692048,18503737,17426138,13836,791374,36725,18698023
1788980408803469839,18504473,17426384,13836,791850,36743,18698023
1788980408918963449,18505203,17426630,13836,792311,36756,18698023
1788980409035670831,18505933,17426891,13836,792768,36769,18698023
1788980409151404672,18506657,17427133,13836,793236,36784,18698023
1788980409268034622,18507391,17427435,13836,793647,36803,18698023
1788980409381778166,18508116,17427677,13836,794115,36813,18698023
1788980409498267607,18508845,17427930,13836,794578,36826,18698023
1788980409613189201,18509560,17428199,13836,795013,36839,18698023
1788980409728741309,18510292,17428477,13836,795440,36855,18698023
1788980409846392470,18511029,17428722,13836,795922,36866,18698023
1788980409963460657,18511737,17428956,13836,796411,36877,18698023
1788980410078348334,18512468,17429290,13836,796792,36886,18698023
1788980410194229869,18513201,17429542,13836,797255,36896,18698023
1788980410311696607,18513951,17429816,13836,797704,36909,18698023
1788980410428649617,18514658,17430083,13836,798156,36923,18698023
1788980410544751735,18515391,17430324,13836,798627,36936,18698023
1788980410661637649,18516150,17430568,13836,799105,36947,18698023
1788980410779885909,18516890,17430857,13836,799545,36959,18698023
1788980410897792572,18517642,17431095,13836,800039,36969,18698023
1788980411014460465,18518359,17431373,13836,800477,36982,18698023
1788980411128758947,18519079,17431628,13836,800924,36994,18698023
1788980411244462894,18519803,17431883,13836,801382,37007,18698023
1788980411361645896,18520534,17432124,13836,801858,37022,18698023
1788980411478037326,18521253,17432367,13836,802337,37032,18698023
1788980411595621209,18522010,17432606,13836,802824,37043,18698023
1788980411711405851,18522756,17432872,13836,803271,37053,18698023
1788980411828244583,18523487,17433121,13836,803742,37065,18698023
1788980411943575248,18524218,17433362,13836,804211,37075,18698023
1788980412057932654,18524954,17433630,13836,804650,37085,18698023
1788980412173034649,18525665,17433892,13836,805100,37096,18698023
1788980412287755666,18526413,17434398,13836,805308,37102,18716327
1788980412401612293,18527131,17434944,13836,805454,37130,18731943
1788980412523298191,18527906,17435072,13836,806061,37163,18731943
1788980412641843921,18528658,17435148,13836,806703,37202,18731943
1788980412756747706,18529385,17435202,13836,807380,37202,18731943
1788980412874105146,18530140,17435325,13836,808001,37203,18731943
1788980412992331845,18530897,17435398,13836,808679,37203,18731943
1788980413107235977,18531629,17435484,13836,809324,37204,18731943
1788980413225106096,18532381,17435611,13836,809950,37204,18731943
1788980413338071632,18533105,17435705,13836,810575,37204,18731943
1788980413453013919,18533839,17435792,13836,811218,37205,18731943
1788980413571427341,18534591,17435937,13836,811824,37205,18731943
1788980413686318639,18535326,17436003,13836,812492,37205,18731943
1788980413804916215,18536083,17436154,13836,813096,37206,18731943
1788980413923192924,18536839,17436301,13836,813700,37206,18731943
1788980414038597305,18537576,17436352,13836,814387,37206,18731943
1788980414155231447,18538317,17436493,13836,814984,37207,18731943
1788980414273392377,18539071,17436613,13836,815615,37207,18731943
1788980414388585701,18539800,17436677,13836,816285,37210,18731943
1788980414506735156,18540559,17436763,13836,816951,37210,18731943
1788980414622058394,18541305,17436836,13836,817611,37211,18731943
1788980414737489271,18542037,17436918,13836,818265,37211,18731943
1788980414855903180,18542802,17437047,13836,818887,37212,18731943
1788980414970635627,18543531,17437075,13836,819594,37212,18731943
1788980415088934316,18544307,17437209,13836,820209,37212,18731943
1788980415207212210,18545063,17437340,13836,820829,37212,18731943
1788980415322076029,18545801,17437397,13836,821506,37213,18731943
1788980415440640872,18546563,17437546,13836,822113,37213,18731943
1788980415558799293,18547318,17437682,13836,822727,37213,18731943
1788980415673693062,18548050,17437777,13836,823359,37214,18731943
1788980415790968768,18548802,17437936,13836,823943,37215,18731943
1788980415908090383,18549548,17438134,13836,824489,37216,18731943
1788980416025277170,18550303,17438237,13836,825129,37216,18731943
1788980416143107666,18551051,17438368,13836,825749,37217,18731943
1788980416260342445,18551794,17438495,13836,826364,37217,18731943
1788980416378316643,18552548,17438607,13836,827003,37217,18731943
1788980416493381282,18553285,17438660,13836,827685,37217,18731943
1788980416611337219,18554039,17438795,13836,828298,37217,18731943
1788980416729389102,18554790,17438919,13836,828924,37218,18731943
1788980416843520936,18555514,17439064,13836,829509,37219,18731943
1788980416961586073,18556267,17439168,13836,830154,37219,18731943
1788980417075328048,18557002,17439301,13836,830744,37219,18731943
1788980417190126615,18557734,17439477,13836,831299,37219,18731943
1788980417305467471,18558473,17439516,13836,831993,37219,18731943
1788980417419363815,18559198,17439640,13836,832594,37220,18731943
1788980417537316518,18559955,17439737,13836,833251,37220,18731943
1788980417652850036,18560689,17439840,13836,833882,37220,18731943
1788980417768629493,18561429,17439961,13836,834499,37220,18731943
1788980417886839008,18562193,17440091,13836,835120,37220,18731943
1788980418004865666,18562949,17440257,13836,835704,37220,18731943
1788980418119955070,18563688,17440283,13836,836412,37221,18731943
1788980418236746342,18564430,17440410,13836,837028,37222,18731943
1788980418354612773,18565186,17440481,13836,837708,37222,18731943
1788980418472313286,18565940,17440599,13836,838333,37222,18731943
1788980418588009818,18566681,17440726,13836,838945,37222,18731943
1788980418709052855,18567442,17440855,13836,839583,37223,18731943
1788980418835057878,18568244,17440978,13836,840261,37224,18731943
1788980418953419152,18569001,17441025,13836,840968,37225,18731943
1788980419068385847,18569739,17441134,13836,841589,37225,18731943
1788980419186373416,18570488,17441264,13836,842212,37225,18731943
1788980419300962294,18571222,17441365,13836,842840,37225,18731943
1788980419416826230,18571961,17441485,13836,843458,37226,18731943
1788980419534655618,18572721,17441612,13836,844080,37226,18731943
1788980419652545137,18573471,17441722,13836,844722,37226,18731943
1788980419768064354,18574216,17441747,13836,845430,37226,18731943
1788980419882812467,18574944,17441906,13836,846002,37227,18731943
1788980420000766443,18575692,17442012,13836,846646,37227,18731943
1788980420118419148,18576448,17442172,13836,847228,37229,18731943
1788980420236326544,18577196,17442373,13836,847777,37229,18731943
1788980420354406481,18577947,17442495,13836,848404,37230,18731943
1788980420472749829,18578701,17442630,13836,849026,37230,18731943
1788980420587311527,18579437,17442663,13836,849721,37230,18731943
1788980420702562497,18580170,17442735,13836,850385,37231,18731943
1788980420820494241,18580923,17442858,13836,851011,37232,18731943
1788980420938553394,18581683,17442984,13836,851635,37232,18731943
1788980421056790336,18582437,17443141,13836,852228,37232,18731943
1788980421175046885,18583198,17443266,13836,852852,37233,18731943
1788980421293039710,18583950,17443385,13836,853486,37233,18731943
1788980421406716743,18584680,17443444,13836,854153,37233,18731943
1788980421522156294,18585421,17443533,13836,854794,37235,18731943
1788980421640119052,18586179,17443687,13836,855391,37235,18731943
1788980421758219440,18586935,17443834,13836,855991,37237,18731943
1788980421876458412,18587688,17443966,13836,856616,37238,18731943
1788980421995592926,18588446,17444113,13836,857224,37238,18731943
1788980422112856929,18589204,17444220,13836,857863,37239,18731943
1788980422230901617,18589966,17444350,13836,858484,37239,18731943
1788980422346009875,18590695,17444447,13836,859118,37240,18731943
1788980422464038843,18591438,17444599,13836,859715,37241,18731943
1788980422582283867,18592195,17444715,13836,860348,37242,18731943
1788980422700043878,18592949,17444828,13836,860987,37242,18731943
1788980422817069342,18593701,17445007,13836,861550,37243,18731943
1788980422933887969,18594439,17445114,13836,862187,37244,18731943
1788980423052229670,18595192,17445203,13836,862849,37244,18731943
1788980423167217433,18595936,17445284,13836,863498,37246,18731943
1788980423285117016,18596690,17445382,13836,864154,37246,18731943
1788980423401121382,18597431,17445529,13836,864740,37247,18731943
1788980423519768547,18598185,17445611,13836,865415,37247,18731943
1788980423638199149,18598951,17445750,13836,866027,37248,18731943
1788980423755271624,18599697,17445851,13836,866669,37248,18731943
1788980423873713936,18600452,17445960,13836,867318,37249,18731943
1788980423988826555,18601182,17446037,13836,867971,37250,18731943
1788980424106888082,18601948,17446150,13836,868609,37250,18731943
1788980424225628563,18602697,17446312,13836,869203,37250,18731943
1788980424343228455,18603450,17446433,13836,869826,37251,18731943
1788980424461215146,18604201,17446610,13836,870399,37251,18731943
1788980424577057986,18604936,17446745,13836,871001,37253,18731943
1788980424695029075,18605691,17446829,13836,871668,37253,18731943
1788980424809904400,18606430,17446889,13836,872340,37253,18731943
1788980424928339979,18607190,17446981,13836,872999,37253,18731943
1788980425046194447,18607956,17447134,13836,873598,37254,18731943
1788980425164044842,18608710,17447240,13836,874239,37255,18731943
1788980425282046520,18609464,17447373,13836,874858,37255,18731943
1788980425398051140,18610202,17447526,13836,875440,37256,18731943
1788980425515953586,18610957,17447602,13836,876116,37256,18731943
1788980425631397320,18611695,17447663,13836,876786,37256,18731943
1788980425749598966,18612453,17447747,13836,877461,37256,18731943
1788980425867541646,18613214,17447920,13836,878037,37257,18731943
1788980425979725151,18613921,17448052,13836,878617,37258,18731943
1788980426097886077,18614684,17448170,13836,879250,37258,18731943
1788980426215961185,18615438,17448340,13836,879829,37258,18731943
1788980426333417912,18616190,17448471,13836,880443,37259,18731943
1788980426448577466,18616931,17448499,13836,881154,37259,18731943
1788980426561551256,18617651,17448612,13836,881757,37259,18731943
1788980426679448055,18618405,17448713,13836,882405,37260,18731943
1788980426796152639,18619159,17448824,13836,883034,37260,18731943
1788980426909487852,18619883,17448972,13836,883605,37260,18731943
1788980427027543671,18620632,17449141,13836,884191,37262,18731943
1788980427145525978,18621382,17449318,13836,884765,37262,18731943
1788980427259889823,18622118,17449344,13836,885466,37262,18731943
1788980427376156545,18622858,17449422,13836,886124,37262,18731943
1788980427492291543,18623607,17449571,13836,886713,37262,18731943
1788980427610399117,18624364,17449701,13836,887334,37262,18731943
1788980427728514958,18625120,17449823,13836,887969,37262,18731943
1788980427846641066,18625870,17449957,13836,888584,37263,18731943
1788980427964592436,18626622,17450091,13836,889199,37263,18731943
1788980428080229325,18627363,17450118,13836,889908,37263,18731943
1788980428195025618,18628104,17450191,13836,890566,37263,18731943
1788980428313070472,18628855,17450358,13836,891149,37263,18731943
1788980428431071813,18629598,17450536,13836,891718,37266,18731943
1788980428549441659,18630352,17450698,13836,892310,37266,18731943
1788980428666212565,18631102,17450839,13836,892910,37266,18731943
1788980428784117704,18631859,17450938,13836,893562,37267,18731943
1788980428902079136,18632612,17451028,13836,894224,37267,18731943
1788980429016885595,18633346,17451114,13836,894867,37268,18731943
1788980429134907073,18634096,17451249,13836,895482,37269,18731943
1788980429253349883,18634858,17451387,13836,896094,37269,18731943
1788980429371255772,18635611,17451503,13836,896732,37269,18731943
1788980429485507890,18636329,17451661,13836,897295,37270,18731943
1788980429603593303,18637082,17451776,13836,897937,37271,18731943
1788980429721575445,18637839,17451866,13836,898599,37271,18731943
1788980429837138294,18638579,17451948,13836,899249,37271,18731943
1788980429955094584,18639333,17452083,13836,899865,37271,18731943
1788980430073166694,18640092,17452197,13836,900502,37271,18731943
1788980430191360407,18640843,17452319,13836,901130,37271,18731943
1788980430306684137,18641579,17452481,13836,901703,37273,18731943
1788980430424138294,18642329,17452591,13836,902338,37274,18731943
1788980430542241084,18643078,17452665,13836,903015,37274,18731943
1788980430657047659,18643818,17452744,13836,903666,37276,18731943
1788980430775030686,18644575,17452855,13836,904307,37276,18731943
1788980430889676283,18645307,17453005,13836,904886,37276,18731943
1788980431001858622,18646024,17453146,13836,905460,37276,18731943
1788980431119906823,18646771,17453282,13836,906075,37277,18731943
1788980431236942413,18647517,17453402,13836,906697,37278,18731943
1788980431354895402,18648267,17453477,13836,907373,37279,18731943
1788980431470247915,18649005,17453537,13836,908045,37279,18731943
1788980431588552476,18649757,17453630,13836,908710,37280,18731943
1788980431706536735,18650514,17453802,13836,909285,37280,18731943
1788980431821972955,18651249,17453917,13836,909902,37281,18731943
1788980431940222450,18652005,17454052,13836,910521,37282,18731943
1788980432053789041,18652720,17454194,13836,911100,37283,18731943
1788980432169078730,18653456,17454316,13836,911710,37284,18731943
1788980432284449322,18654196,17454344,13836,912418,37284,18731943
1788980432400477460,18654937,17454473,13836,913024,37284,18731943
1788980432518579675,18655690,17454573,13836,913681,37285,18731943
1788980432633779898,18656425,17454642,13836,914341,37287,18731943
1788980432751277425,18657174,17454747,13836,914980,37288,18731943
1788980432867695202,18657919,17454831,13836,915642,37288,18731943
1788980432982910287,18658657,17454941,13836,916262,37289,18731943
1788980433101005234,18659409,17455094,13836,916860,37289,18731943
1788980433215355256,18660139,17455139,13836,917544,37289,18731943
1788980433333570577,18660896,17455247,13836,918186,37291,18731943
1788980433450585617,18661648,17455338,13836,918841,37291,18731943
1788980433565711181,18662380,17455393,13836,919518,37292,18731943
1788980433683266608,18663138,17455535,13836,920120,37292,18731943
1788980433801529300,18663890,17455616,13836,920797,37292,18731943
1788980433916901025,18664628,17455711,13836,921433,37292,18731943
1788980434034820258,18665376,17455815,13836,922081,37292,18731943
1788980434149491082,18666116,17455894,13836,922729,37292,18731943
1788980434264814352,18666839,17455973,13836,923386,37294,18731943
1788980434382818164,18667594,17456098,13836,924011,37295,18731943
1788980434498299863,18668333,17456123,13836,924719,37296,18731943
1788980434615050088,18669085,17456250,13836,925336,37296,18731943
1788980434733014480,18669842,17456322,13836,926015,37296,18731943
1788980434848257528,18670573,17456377,13836,926690,37297,18731943
1788980434966850830,18671335,17456485,13836,927340,37298,18731943
1788980435085068798,18672094,17456568,13836,928008,37298,18731943
1788980435200367492,18672831,17456676,13836,928632,37300,18731943
1788980435315390727,18673559,17456882,13836,928809,37641,18731943
1788980435432186962,18674304,17457098,13836,929031,37945,18731943
1788980435548969609,18675041,17457360,13836,929490,37955,18731943
1788980435664685559,18675769,17457610,13836,929946,37971,18731943
1788980435780664119,18676475,17457866,13836,930405,37982,18731943
1788980435897428733,18677192,17458108,13836,930883,37994,18731943
1788980436013570652,18677895,17458327,13836,931386,38005,18731943
1788980436130686675,18678644,17458624,13836,931800,38020,18731943
1788980436243407669,18679359,17458882,13836,932236,38032,18731943
1788980436359123975,18680103,17459135,13836,932697,38043,18731943
1788980436473928203,18680807,17459393,13836,933144,38058,18731943
1788980436590580439,18681553,17459656,13836,933602,38066,18731943
1788980436707205141,18682276,17459885,13836,934098,38075,18731943
1788980436827691533,18683025,17460139,13836,934519,38154,18731943
1788980436944356054,18683760,17460391,13836,934983,38167,18731943
1788980437061580854,18684482,17460651,13836,935442,38181,18731943
1788980437178032317,18685211,17460902,13836,935910,38191,18731943
1788980437297283631,18685961,17461153,13836,936393,38206,18731943
1788980437413700130,18686692,17461399,13836,936868,38217,18731943
1788980437529028576,18687415,17461650,13836,937323,38231,18731943
1788980437646960273,18688151,17461896,13836,937801,38244,18731943
1788980437762613793,18688890,17462151,13836,938260,38255,18731943
1788980437880598794,18689625,17462423,13836,938718,38263,18731943
1788980437994851652,18690345,17462654,13836,939190,38277,18731943
1788980438109934899,18691057,17462890,13836,939672,38285,18731943
1788980438228399823,18691780,17463142,13836,940149,38296,18731943
1788980438344751126,18692503,17463394,13836,940607,38315,18731943
1788980438460052384,18693240,17463652,13836,941055,38329,18731943
1788980438578476339,18693989,17463906,13836,941530,38342,18731943
1788980438695326518,18694739,17464180,13836,941976,38354,18731943
1788980438812044238,18695495,17464447,13836,942431,38362,18731943
1788980438928786932,18696225,17464701,13836,942900,38373,18731943
1788980439045929147,18696963,17464945,13836,943314,38451,18731943
1788980439162138271,18697682,17465222,13836,943754,38464,18731943
1788980439279027788,18698427,17465468,13836,944225,38474,18731943
1788980439395207508,18699166,17465710,13836,944698,38486,18731943
1788980439512904139,18699915,17465977,13836,945160,38497,18731943
1788980439629415376,18700645,17466239,13836,945618,38508,18731943
1788980439743820758,18701356,17466502,13836,946058,38521,18731943
1788980439857783344,18702068,17466744,13836,946516,38533,18731943
1788980439972182603,18702780,17466987,13836,946980,38543,18731943
1788980440087420022,18703484,17467216,13836,947464,38556,18731943
1788980440202910616,18704228,17467450,13836,947943,38564,18731943
1788980440316160678,18704932,17467708,13836,948388,38571,18731943
1788980440430818667,18705657,17467964,13836,948840,38582,18731943
1788980440547913227,18706401,17468217,13836,949310,38597,18731943
1788980440663518187,18707133,17468476,13836,949756,38611,18731943
1788980440781563737,18707867,17468740,13836,950217,38625,18731943
1788980440898311658,18708626,17468973,13836,950703,38634,18731943
1788980441011712028,18709328,17469222,13836,951154,38648,18731943
1788980441125186824,18710032,17469463,13836,951554,38721,18731943
1788980441239851536,18710755,17469703,13836,952015,38736,18731943
1788980441356679872,18711476,17469944,13836,952488,38752,18731943
1788980441474129594,18712196,17470167,13836,952986,38763,18731943
1788980441589310306,18712900,17470405,13836,953456,38776,18731943
1788980441707066644,18713621,17470641,13836,953947,38788,18731943
1788980441821037923,18714325,17470888,13836,954402,38798,18731943
1788980441937273011,18715052,17471161,13836,954845,38813,18731943
1788980442053451711,18715771,17471408,13836,955313,38823,18731943
1788980442169229798,18716483,17471653,13836,955776,38838,18731943
1788980442286131817,18717195,17471926,13836,956228,38847,18731943
1788980442401684105,18717953,17472171,13836,956703,38853,18731943
1788980442516195670,18718659,17472440,13836,957139,38866,18731943
1788980442633102211,18719389,17472707,13836,957587,38884,18731943
1788980442748111763,18720116,17472956,13836,958041,38898,18731943
1788980442863328625,18720851,17473212,13836,958496,38908,18731943
1788980442977766862,18721567,17473518,13836,958895,38922,18731943
1788980443092210309,18722285,17473727,13836,959396,38934,18731943
1788980443205276893,18722968,17473956,13836,959802,39005,18731943
1788980443320711266,18723693,17474228,13836,960241,39021,18731943
1788980443436439801,18724398,17474486,13836,960687,39037,18731943
1788980443552351071,18725126,17474730,13836,961158,39052,18731943
1788980443669849306,18725894,17474997,13836,961611,39066,18731943
1788980443787550971,18726640,17475235,13836,962100,39077,18731943
1788980443904924936,18727371,17475475,13836,962587,39086,18731943
1788980444020701732,18728093,17475724,13836,963049,39098,18731943
1788980444136356024,18728822,17475983,13836,963502,39112,18731943
1788980444253176820,18729530,17476232,13836,963969,39125,18731943
1788980444369197468,18730265,17476474,13836,964443,39138,18731943
1788980444484721183,18730999,17476698,13836,964931,39151,18731943
1788980444603381813,18731737,17476951,13836,965406,39166,18731943
1788980444719509063,18732475,17477225,13836,965847,39177,18731943
1788980444835736804,18733208,17477487,13836,966300,39190,18731943
1788980444952295979,18733943,17477740,13836,966765,39205,18731943
1788980445067670468,18734669,17477976,13836,967236,39217,18731943
1788980445183485201,18735400,17478226,13836,967701,39230,18731943
1788980445301671459,18736123,17478472,13836,968170,39255,18731943
1788980445417112071,18736842,17478718,13836,968586,39317,18731943
1788980445532849839,18737558,17478972,13836,969045,39330,18731943
1788980445648953137,18738282,17479265,13836,969467,39340,18731943
1788980445766263769,18738987,17479502,13836,969954,39351,18731943
1788980445882640443,18739709,17479788,13836,970387,39362,18731943
1788980446001318714,18740467,17480056,13836,970849,39377,18731943
1788980446117772147,18741202,17480304,13836,971317,39389,18731943
1788980446235307755,18741932,17480563,13836,971779,39403,18731943
1788980446352074561,18742675,17480844,13836,972217,39414,18731943
1788980446469714029,18743417,17481121,13836,972670,39425,18731943
1788980446586884963,18744149,17481378,13836,973133,39436,18731943
1788980446703747216,18744880,17481610,13836,973624,39447,18731943
1788980446818858438,18745607,17481864,13836,974078,39463,18731943
1788980446935361261,18746332,17482127,13836,974532,39474,18731943
1788980447052097789,18747055,17482376,13836,975001,39484,18731943
1788980447166649676,18747744,17482634,13836,975451,39496,18731943
1788980447283575234,18748459,17482894,13836,975914,39507,18731943
1788980447400224812,18749190,17483125,13836,976402,39516,18731943
1788980447514923787,18749907,17483367,13836,976795,39603,18731943
1788980447631185414,18750649,17483639,13836,977240,39612,18731943
1788980447748027440,18751402,17483908,13836,977691,39624,18731943
1788980447865227138,18752115,17484146,13836,978173,39637,18731943
1788980447980031820,18752827,17484462,13836,978567,39648,18731943
1788980448097460746,18753566,17484732,13836,979023,39661,18731943
1788980448212953559,18754303,17484970,13836,979489,39677,18731943
1788980448328128525,18755016,17485232,13836,979935,39691,18731943
1788980448444181541,18755747,17485480,13836,980404,39703,18731943
1788980448560565721,18756483,17485725,13836,980871,39716,18731943
1788980448674780764,18757199,17485976,13836,981328,39726,18731943
1788980448790498908,18757924,17486226,13836,981796,39735,18731943
1788980448904721688,18758634,17486490,13836,982231,39751,18731943
1788980449020213672,18759353,17486740,13836,982688,39764,18731943
1788980449135644510,18760070,17486985,13836,983155,39775,18731943
1788980449251791679,18760787,17487225,13836,983631,39787,18731943
1788980449368759369,18761520,17487495,13836,984084,39797,18731943
1788980449485744623,18762232,17487724,13836,984578,39807,18731943
1788980449603398979,18762989,17487973,13836,984998,39873,18731943
1788980449717926605,18763689,17488237,13836,985438,39887,18731943
1788980449834657186,18764426,17488524,13836,985864,39906,18731943
1788980449952261702,18765194,17488754,13836,986353,39921,18731943
1788980450069067655,18765927,17488987,13836,986839,39934,18731943
1788980450187127036,18766671,17489221,13836,987340,39943,18731943
1788980450301746973,18767396,17489464,13836,987800,39957,18731943
1788980450418897135,18768125,17489719,13836,988268,39968,18731943
1788980450534957424,18768860,17489996,13836,988703,39979,18731943
1788980450649786454,18769591,17490306,13836,989106,39990,18731943
1788980450765618555,18770280,17490559,13836,989565,40002,18731943
1788980450882324029,18771021,17490792,13836,990055,40013,18731943
1788980450996424194,18771757,17491045,13836,990499,40027,18731943
1788980451112548074,18772501,17491295,13836,990965,40041,18731943
1788980451230150613,18773253,17491537,13836,991443,40056,18731943
1788980451346912708,18773967,17491781,13836,991918,40066,18731943
1788980451464196433,18774710,17492010,13836,992414,40076,18731943
1788980451579337763,18775449,17492244,13836,992894,40086,18731943
1788980451693858847,18776161,17492524,13836,993316,40099,18731943
1788980451811170623,18776912,17492794,13836,993770,40114,18731943
1788980451926726424,18777630,17493039,13836,994228,40129,18731943
1788980452042746800,18778351,17493276,13836,994710,40140,18731943
1788980452159078117,18779093,17493543,13836,995156,40152,18731943
1788980452272223720,18779837,17493773,13836,995624,40164,18731943
1788980452385425865,18780539,17494016,13836,996007,40247,18731943
1788980452503275002,18781272,17494279,13836,996473,40259,18731943
1788980452620549703,18782013,17494541,13836,996931,40272,18731943
1788980452736820119,18782751,17494801,13836,997388,40281,18731943
1788980452851033647,18783471,17495049,13836,997844,40291,18731943
1788980452967335632,18784236,17495278,13836,998340,40297,18731943
1788980453081433304,18784951,17495522,13836,998802,40307,18731943
1788980453197653156,18785693,17495785,13836,999253,40320,18731943
1788980453314473421,18786431,17496041,13836,999712,40336,18731943
1788980453430633251,18787155,17496305,13836,1000161,40349,18731943
1788980453548212422,18787897,17496544,13836,1000651,40360,18731943
1788980453666033449,18788654,17496784,13836,1001134,40373,18731943
1788980453780012884,18789366,17497042,13836,1001575,40388,18731943
1788980453896010826,18790093,17497313,13836,1002017,40400,18731943
1788980454012149246,18790835,17497566,13836,1002481,40413,18731943
1788980454128009563,18791564,17497798,13836,1002960,40423,18731943
1788980454245082637,18792291,17498027,13836,1003451,40437,18731943
1788980454359601891,18793015,17498263,13836,1003928,40447,18731943
1788980454473542190,18793725,17498539,13836,1004352,40461,18731943
1788980454589558073,18794457,17498776,13836,1004761,40541,18731943
1788980454706534415,18795202,17499035,13836,1005222,40554,18731943
1788980454821805876,18795927,17499276,13836,1005689,40567,18731943
1788980454936721412,18796649,17499526,13836,1006143,40581,18731943
1788980455053443280,18797381,17499776,13836,1006611,40595,18731943
1788980455172694928,18798119,17500006,13836,1007120,40603,18731943
1788980455287867561,18798836,17500269,13836,1007568,40617,18731943
1788980455403401372,18799567,17500541,13836,1008004,40629,18731943
1788980455519826193,18800274,17500799,13836,1008463,40641,18731943
1788980455636485603,18801005,17501036,13836,1008944,40652,18731943
1788980455753395927,18801730,17501270,13836,1009429,40666,18731943
1788980455872874602,18802479,17501544,13836,1009895,40674,18731943
1788980455989042935,18803235,17501796,13836,1010295,40755,18731943
1788980456105150884,18803960,17502044,13836,1010755,40769,18731943
1788980456221016304,18804697,17502314,13836,1011196,40783,18731943
1788980456335872459,18805415,17502559,13836,1011666,40791,18731943
1788980456451789949,18806147,17502821,13836,1012119,40799,18731943
1788980456566241559,18806864,17503060,13836,1012584,40813,18731943
1788980456682910746,18807597,17503314,13836,1013049,40824,18731943
1788980456798868828,18808330,17503573,13836,1013511,40833,18731943
1788980456914540809,18809054,17503816,13836,1013978,40845,18731943
1788980457030588878,18809809,17504051,13836,1014455,40857,18731943
1788980457147733945,18810541,17504298,13836,1014931,40868,18731943
1788980457263427745,18811262,17504541,13836,1015406,40877,18731943
1788980457379378991,18811984,17504794,13836,1015866,40892,18731943
1788980457495072468,18812691,17505062,13836,1016306,40905,18731943
1788980457611289537,18813422,17505306,13836,1016773,40920,18731943
1788980457728358211,18814142,17505562,13836,1017238,40933,18731943
1788980457844538765,18814886,17505800,13836,1017719,40944,18731943
1788980457960264119,18815605,17506034,13836,1018198,40953,18731943
1788980458074352609,18816326,17506323,13836,1018611,40969,18731943
1788980458189906885,18817071,17506601,13836,1019044,40983,18731943
1788980458307370288,18817798,17506875,13836,1019490,40992,18731943
1788980458421083507,18818539,17507227,13836,1019850,41002,18731943
1788980458538399800,18819281,17507460,13836,1020336,41010,18731943
1788980458654076845,18820020,17507689,13836,1020825,41018,18731943
1788980458768183941,18820752,17507923,13836,1021230,41099,18731943
1788980458883059364,18821474,17508198,13836,1021664,41111,18731943
1788980458999499580,18822195,17508441,13836,1022134,41122,18731943
1788980459117037175,18822933,17508719,13836,1022585,41134,18731943
1788980459233616152,18823645,17508937,13836,1023081,41145,18731943
1788980459349819129,18824403,17509147,13836,1023594,41151,18731943
1788980459467114446,18825147,17509411,13836,1024053,41165,18731943
1788980459583495378,18825858,17509676,13836,1024500,41177,18731943
1788980459699889252,18826584,17509968,13836,1024923,41193,18731943
1788980459825701656,18827384,17510339,13836,1025331,41203,18731943
1788980459942866965,18828116,17510571,13836,1025822,41215,18731943
1788980460059117534,18828846,17510787,13836,1026322,41228,18731943
1788980460175747610,18829587,17511030,13836,1026792,41244,18731943
1788980460292490863,18830317,17511307,13836,1027235,41257,18731943
1788980460407694400,18831066,17511575,13836,1027672,41272,18731943
1788980460525368562,18831807,17511829,13836,1028144,41286,18731943
1788980460641521567,18832537,17512060,13836,1028625,41299,18731943
1788980460757301344,18833244,17512276,13836,1029126,41310,18731943
1788980460873793128,18833977,17512522,13836,1029567,41350,18731943
1788980460990624110,18834710,17512756,13836,1029999,41414,18731943
1788980461105204461,18835427,17513003,13836,1030456,41426,18731943
1788980461221529584,18836156,17513231,13836,1030944,41440,18731943
1788980461337047160,18836866,17513475,13836,1031405,41459,18731943
1788980461454569245,18837615,17513700,13836,1031908,41468,18731943
1788980461569346798,18838315,17513962,13836,1032353,41479,18731943
1788980461686222920,18839058,17514218,13836,1032815,41494,18731943
1788980461802796784,18839774,17514470,13836,1033282,41503,18731943
1788980461918125617,18840513,17514708,13836,1033758,41516,18731943
1788980462033805958,18841247,17514933,13836,1034245,41527,18731943
1788980462149253993,18841981,17515145,13836,1034747,41537,18731943
1788980462265628443,18842724,17515400,13836,1035210,41546,18731943
1788980462382110648,18843460,17515656,13836,1035668,41559,18731943
1788980462498264662,18844195,17515909,13836,1036137,41568,18731943
1788980462614873112,18844920,17516140,13836,1036616,41584,18731943
1788980462731148626,18845662,17516385,13836,1037089,41596,18731943
1788980462848625811,18846398,17516625,13836,1037578,41606,18731943
1788980462964889227,18847138,17516909,13836,1037994,41632,18731943
1788980463080588387,18847840,17517153,13836,1038410,41696,18731943
1788980463197297370,18848561,17517392,13836,1038885,41713,18731943
1788980463313995194,18849283,17517636,13836,1039359,41726,18731943
1788980463428489109,18850008,17517884,13836,1039821,41735,18731943
1788980463544539372,18850731,17518130,13836,1040294,41744,18731943
1788980463660273525,18851464,17518378,13836,1040756,41756,18731943
1788980463775504966,18852194,17518637,13836,1041204,41771,18731943
1788980463891313977,18852924,17518936,13836,1041616,41785,18731943
1788980464009412286,18853669,17519178,13836,1042101,41795,18731943
1788980464123235932,18854384,17519411,13836,1042573,41807,18731943
1788980464241620107,18855133,17519634,13836,1043084,41815,18731943
1788980464358420879,18855869,17519913,13836,1043520,41831,18731943
1788980464474262316,18856620,17520208,13836,1043937,41844,18731943
1788980464589861404,18857323,17520496,13836,1044363,41854,18731943
1788980464707215200,18858044,17520736,13836,1044844,41866,18731943
1788980464823542447,18858778,17520976,13836,1045322,41877,18731943
1788980464940916924,18859501,17521200,13836,1045825,41887,18731943
1788980465056507213,18860231,17521456,13836,1046281,41902,18731943
1788980465173309430,18860987,17521694,13836,1046685,41990,18731943
1788980465289341059,18861717,17521948,13836,1047139,42008,18731943
1788980465406149731,18862453,17522187,13836,1047615,42024,18731943
1788980465522735979,18863179,17522414,13836,1048112,42033,18731943
1788980465637397506,18863900,17522630,13836,1048602,42045,18731943
1788980465755063223,18864630,17522889,13836,1049059,42062,18731943
1788980465869652741,18865352,17523140,13836,1049514,42075,18731943
1788980465986668692,18866094,17523400,13836,1049972,42089,18731943
1788980466102794676,18866818,17523632,13836,1050454,42101,18731943
1788980466218213328,18867533,17523858,13836,1050944,42112,18731943
1788980466332130109,18868254,17524068,13836,1051433,42124,18731943
1788980466446195143,18868967,17524340,13836,1051867,42137,18731943
1788980466562188881,18869680,17524623,13836,1052291,42151,18731943
1788980466676221937,18870371,17524886,13836,1052733,42163,18731943
1788980466792643121,18871107,17525139,13836,1053190,42179,18731943
1788980466909473207,18871813,17525369,13836,1053675,42195,18731943
1788980467027160591,18872580,17525607,13836,1054168,42203,18731943
1788980467140110634,18873292,17525862,13836,1054611,42214,18731943
1788980467256280748,18874023,17526130,13836,1055000,42289,18731943
1788980467370507129,18874747,17526445,13836,1055387,42301,18731943
1788980467484882713,18875460,17526697,13836,1055841,42311,18731943
1788980467601408054,18876209,17526950,13836,1056308,42322,18731943
1788980467716824797,18876930,17527205,13836,1056767,42331,18731943
1788980467835911010,18877672,17527451,13836,1057258,42342,18731943
1788980467950647013,18878404,17527711,13836,1057705,42354,18731943
1788980468067273441,18879128,17527958,13836,1058170,42371,18731943
1788980468183574504,18879851,17528220,13836,1058626,42383,18731943
1788980468297643771,18880582,17528462,13836,1059088,42395,18731943
1788980468413894522,18881308,17528694,13836,1059570,42407,18731943
1788980468533529024,18882080,17528937,13836,1060060,42424,18731943
1788980468650226633,18882819,17529193,13836,1060519,42438,18731943
1788980468767353866,18883543,17529454,13836,1060982,42450,18731943
1788980468882625265,18884259,17529704,13836,1061442,42461,18731943
1788980468999937999,18885024,17529951,13836,1061921,42469,18731943
1788980469117189327,18885744,17530156,13836,1062444,42482,18731943
1788980469230412476,18886462,17530419,13836,1062876,42492,18731943
1788980469345837116,18887190,17530681,13836,1063265,42568,18731943
1788980469463355036,18887921,17530958,13836,1063709,42581,18731943
1788980469578445634,18888653,17531196,13836,1064178,42595,18731943
1788980469694536763,18889379,17531469,13836,1064619,42606,18731943
1788980469810725236,18890119,17531719,13836,1065084,42620,18731943
1788980469929575173,18890878,17532348,13836,1065196,42627,18762023
1788980470041687159,18891595,17532715,13836,1065539,42629,18765991
1788980470164422566,18892380,17532799,13836,1066230,42631,18765991
1788980470281054838,18893129,17532873,13836,1066902,42631,18765991
1788980470406941052,18893934,17532965,13836,1067609,42632,18765991
1788980470525108788,18894695,17533095,13836,1068231,42632,18765991
1788980470640386614,18895435,17533132,13836,1068927,42632,18765991
1788980470758671029,18896203,17533270,13836,1069544,42632,18765991
1788980470877038418,18896964,17533346,13836,1070219,42633,18765991
1788980470992361780,18897701,17533399,13836,1070899,42633,18765991
1788980471109894043,18898463,17533503,13836,1071546,42633,18765991
1788980471228070776,18899218,17533578,13836,1072223,42633,18765991
1788980471343033542,18899956,17533654,13836,1072877,42634,18765991
1788980471461042042,18900711,17533740,13836,1073544,42634,18765991
1788980471574488230,18901433,17533792,13836,1074212,42634,18765991
1788980471689966249,18902179,17533878,13836,1074862,42635,18765991
1788980471808046448,18902940,17533998,13836,1075493,42635,18765991
1788980471923287039,18903676,17534031,13836,1076197,42635,18765991
1788980472042124475,18904441,17534148,13836,1076831,42638,18765991
1788980472158906514,18905194,17534244,13836,1077478,42638,18765991
1788980472274133253,18905925,17534302,13836,1078152,42639,18765991
1788980472391779275,18906673,17534435,13836,1078769,42639,18765991
1788980472510018988,18907437,17534527,13836,1079428,42639,18765991
1788980472624967739,18908172,17534623,13836,1080064,42640,18765991
1788980472743073404,18908929,17534709,13836,1080730,42640,18765991
1788980472859291606,18909672,17534793,13836,1081385,42640,18765991
1788980472974167596,18910411,17534894,13836,1082015,42640,18765991
1788980473092539643,18911161,17535070,13836,1082595,42641,18765991
1788980473206736158,18911890,17535126,13836,1083267,42641,18765991
1788980473322301404,18912626,17535208,13836,1083914,42642,18765991
1788980473440246702,18913376,17535374,13836,1084498,42643,18765991
1788980473558572129,18914125,17535521,13836,1085105,42644,18765991
1788980473676569720,18914882,17535654,13836,1085722,42645,18765991
1788980473796016908,18915661,17535798,13836,1086336,42645,18765991
1788980473914065037,18916408,17535978,13836,1086907,42645,18765991
1788980474032085021,18917167,17536095,13836,1087541,42645,18765991
1788980474147130760,18917911,17536212,13836,1088154,42645,18765991
1788980474265083818,18918661,17536309,13836,1088809,42646,18765991
1788980474379911512,18919394,17536456,13836,1089390,42648,18765991
1788980474498358712,18920147,17536563,13836,1090034,42649,18765991
1788980474616349661,18920913,17536711,13836,1090637,42649,18765991
1788980474732261119,18921653,17536852,13836,1091231,42650,18765991
1788980474850208046,18922409,17536925,13836,1091910,42650,18765991
1788980474965379077,18923143,17536980,13836,1092586,42651,18765991
1788980475083088331,18923898,17537071,13836,1093245,42651,18765991
1788980475201012596,18924655,17537223,13836,1093844,42652,18765991
1788980475315349541,18925386,17537344,13836,1094448,42652,18765991
1788980475433262950,18926141,17537416,13836,1095127,42652,18765991
1788980475549040089,18926870,17537550,13836,1095729,42653,18765991
1788980475664393943,18927604,17537675,13836,1096328,42661,18765991
1788980475780182860,18928346,17537715,13836,1097024,42665,18765991
1788980475895116379,18929085,17537832,13836,1097603,42702,18765991
1788980476013897598,18929844,17537962,13836,1098186,42745,18765991
1788980476132374928,18930598,17538095,13836,1098765,42782,18765991
1788980476250412099,18931357,17538223,13836,1099351,42820,18765991
1788980476368700937,18932116,17538376,13836,1099914,42860,18765991
1788980476487266376,18932875,17538466,13836,1100574,42861,18765991
1788980476605400916,18933629,17538548,13836,1101244,42861,18765991
1788980476720647112,18934373,17538638,13836,1101891,42862,18765991
1788980476839123993,18935133,17538758,13836,1102523,42862,18765991
1788980476957170500,18935890,17538897,13836,1103132,42862,18765991
1788980477075532263,18936638,17539038,13836,1103748,42862,18765991
1788980477193540624,18937394,17539215,13836,1104321,42863,18765991
1788980477309171378,18938139,17539402,13836,1104868,42863,18765991
1788980477442180139,18938991,17539559,13836,1105553,42864,18765991
1788980477557637215,18939734,17539652,13836,1106199,42864,18765991
1788980477675245489,18940487,17539753,13836,1106841,42865,18765991
1788980477793234292,18941246,17539886,13836,1107460,42865,18765991
1788980477905099447,18941961,17540020,13836,1108037,42865,18765991
1788980478023089869,18942718,17540104,13836,1108705,42865,18765991
1788980478139420045,18943467,17540247,13836,1109299,42866,18765991
1788980478257199931,18944222,17540371,13836,1109925,42866,18765991
1788980478372327118,18944958,17540400,13836,1110629,42867,18765991
1788980478486394145,18945680,17540580,13836,1111173,42869,18765991
1788980478604647941,18946442,17540698,13836,1111812,42869,18765991
1788980478724048178,18947198,17540888,13836,1112378,42869,18765991
1788980478851239525,18948014,17541102,13836,1112972,42870,18765991
1788980478969435517,18948765,17541245,13836,1113578,42870,18765991
1788980479087697445,18949527,17541366,13836,1114218,42870,18765991
1788980479202402245,18950256,17541405,13836,1114903,42870,18765991
1788980479317351663,18950991,17541492,13836,1115545,42871,18765991
1788980479435346893,18951747,17541639,13836,1116149,42871,18765991
1788980479553348029,18952494,17541821,13836,1116715,42873,18765991
1788980479671230152,18953248,17541905,13836,1117385,42873,18765991
1788980479786300647,18953984,17542054,13836,1117964,42874,18765991
1788980479903680519,18954733,17542207,13836,1118561,42874,18765991
1788980480022146879,18955494,17542305,13836,1119216,42874,18765991
1788980480137168160,18956230,17542382,13836,1119870,42874,18765991
1788980480255381682,18956989,17542459,13836,1120547,42874,18765991
1788980480369788310,18957714,17542620,13836,1121112,42876,18765991
1788980480487646108,18958461,17542720,13836,1121762,42877,18765991
1788980480606009154,18959227,17542851,13836,1122382,42877,18765991
1788980480722675883,18959975,17542979,13836,1122997,42878,18765991
1788980480840645691,18960733,17543058,13836,1123669,42879,18765991
1788980480955546683,18961469,17543127,13836,1124331,42880,18765991
1788980481073688897,18962224,17543239,13836,1124970,42880,18765991
1788980481191744304,18962978,17543366,13836,1125592,42880,18765991
1788980481305228333,18963705,17543517,13836,1126160,42881,18765991
1788980481423322249,18964462,17543615,13836,1126813,42881,18765991
1788980481539127338,18965211,17543782,13836,1127381,42883,18765991
1788980481657340458,18965968,17543909,13836,1128004,42883,18765991
1788980481772675531,18966703,17543948,13836,1128705,42883,18765991
1788980481889627752,18967458,17544075,13836,1129321,42883,18765991
1788980482007653691,18968210,17544202,13836,1129945,42884,18765991
1788980482125686491,18968957,17544361,13836,1130536,42884,18765991
1788980482243683436,18969709,17544519,13836,1131127,42885,18765991
1788980482362038634,18970468,17544696,13836,1131698,42887,18765991
1788980482480044016,18971223,17544782,13836,1132363,42888,18765991
1788980482595804029,18971957,17544856,13836,1133027,42888,18765991
1788980482710777567,18972691,17544932,13836,1133682,42888,18765991
1788980482828646017,18973445,17545053,13836,1134313,42888,18765991
1788980482946927014,18974203,17545179,13836,1134935,42890,18765991
1788980483064837394,18974950,17545255,13836,1135610,42890,18765991
1788980483180583009,18975686,17545417,13836,1136186,42890,18765991
1788980483298213920,18976438,17545523,13836,1136824,42890,18765991
1788980483416211906,18977189,17545627,13836,1137472,42891,18765991
1788980483531523631,18977914,17545740,13836,1138096,42892,18765991
1788980483649615094,18978670,17545840,13836,1138747,42892,18765991
1788980483766458268,18979417,17546007,13836,1139317,42892,18765991
1788980483884618123,18980175,17546100,13836,1139982,42892,18765991
1788980484002526376,18980926,17546225,13836,1140607,42892,18765991
1788980484118278732,18981674,17546343,13836,1141218,42894,18765991
1788980484236182992,18982430,17546418,13836,1141895,42894,18765991
1788980484351050783,18983164,17546492,13836,1142551,42896,18765991
1788980484468891284,18983922,17546599,13836,1143196,42896,18765991
1788980484587034311,18984680,17546733,13836,1143812,42896,18765991
1788980484700716061,18985402,17546872,13836,1144397,42897,18765991
1788980484818657422,18986162,17546941,13836,1145080,42897,18765991
1788980484937039866,18986926,17547094,13836,1145676,42897,18765991
1788980485055032001,18987685,17547263,13836,1146257,42898,18765991
1788980485170466216,18988425,17547311,13836,1146942,42898,18765991
1788980485286647791,18989167,17547456,13836,1147540,42900,18765991
1788980485404673185,18989926,17547552,13836,1148195,42900,18765991
1788980485521339066,18990672,17547701,13836,1148782,42900,18765991
1788980485639613066,18991431,17547831,13836,1149409,42901,18765991
1788980485757771905,18992190,17547955,13836,1150035,42901,18765991
1788980485875690229,18992953,17548079,13836,1150662,42901,18765991
1788980485991049562,18993695,17548112,13836,1151363,42901,18765991
1788980486107344425,18994441,17548201,13836,1152011,42901,18765991
1788980486223748852,18995183,17548333,13836,1152623,42902,18765991
1788980486341683997,18995938,17548495,13836,1153210,42902,18765991
1788980486459859701,18996695,17548622,13836,1153834,42902,18765991
1788980486577643536,18997443,17548744,13836,1154462,42903,18765991
1788980486695877116,18998205,17548829,13836,1155128,42903,18765991
1788980486809333861,18998928,17548938,13836,1155739,42904,18765991
1788980486924391841,18999657,17549029,13836,1156378,42904,18765991
1788980487042351424,19000413,17549165,13836,1156992,42904,18765991
1788980487160172339,19001169,17549309,13836,1157597,42906,18765991
1788980487277521006,19001916,17549416,13836,1158241,42906,18765991
1788980487395760196,19002677,17549565,13836,1158841,42907,18765991
1788980487512663098,19003430,17549667,13836,1159483,42907,18765991
1788980487630751171,19004184,17549744,13836,1160158,42907,18765991
1788980487745361983,19004913,17549808,13836,1160822,42908,18765991
1788980487863259054,19005674,17549890,13836,1161487,42908,18765991
1788980487979028640,19006412,17550107,13836,1162007,42908,18765991
1788980488092588857,19007137,17550229,13836,1162610,42908,18765991
1788980488210556996,19007897,17550320,13836,1163271,42908,18765991
1788980488326534919,19008631,17550463,13836,1163865,42909,18765991
1788980488443052215,19009380,17550584,13836,1164483,42910,18765991
1788980488564768454,19010154,17550633,13836,1165212,42910,18765991
1788980488682528670,19010906,17550740,13836,1165854,42910,18765991
1788980488800512149,19011660,17550874,13836,1166470,42911,18765991
1788980488918749820,19012409,17550984,13836,1167109,42912,18765991
1788980489034609016,19013148,17551085,13836,1167747,42912,18765991
1788980489153226845,19013919,17551228,13836,1168354,42912,18765991
1788980489271262543,19014673,17551405,13836,1168927,42913,18765991
1788980489386079292,19015410,17551429,13836,1169637,42913,18765991
1788980489504995014,19016158,17551526,13836,1170294,42914,18765991
1788980489620014006,19016896,17551635,13836,1170918,42914,18765991
1788980489738354220,19017656,17551773,13836,1171530,42915,18765991
1788980489856321864,19018408,17551895,13836,1172158,42915,18765991
1788980489974478500,19019157,17552074,13836,1172727,42917,18765991
1788980490092274287,19019913,17552191,13836,1173362,42917,18765991
1788980490209551965,19020660,17552282,13836,1174022,42917,18765991
1788980490324277290,19021397,17552375,13836,1174653,42919,18765991
1788980490442598910,19022147,17552518,13836,1175267,42919,18765991
1788980490556691143,19022876,17552571,13836,1175942,42919,18765991
1788980490674282691,19023630,17552657,13836,1176602,42920,18765991
1788980490790884059,19024379,17552774,13836,1177227,42920,18765991
1788980490906252544,19025119,17552816,13836,1177917,42921,18765991
1788980491023215340,19025868,17552937,13836,1178539,42921,18765991
1788980491141155956,19026621,17553020,13836,1179207,42922,18765991
1788980491256063857,19027358,17553098,13836,1179861,42922,18765991
1788980491372812300,19028105,17553249,13836,1180454,42922,18765991
1788980491490059804,19028857,17553391,13836,1181055,42924,18765991
1788980491612046094,19029631,17553496,13836,1181725,42925,18765991
1788980491742443778,19030464,17553640,13836,1182408,42925,18765991
1788980491857877049,19031203,17553670,13836,1183118,42925,18765991
1788980491975789671,19031948,17553803,13836,1183733,42926,18765991
1788980492093794228,19032702,17553874,13836,1184413,42926,18765991
1788980492209031177,19033449,17553932,13836,1185088,42926,18765991
1788980492327319720,19034209,17554030,13836,1185740,42926,18765991
1788980492445212483,19034965,17554106,13836,1186416,42926,18765991
1788980492560240321,19035696,17554179,13836,1187074,42927,18765991
1788980492678210159,19036451,17554297,13836,1187709,42927,18765991
1788980492792538546,19037180,17554332,13836,1188405,42927,18765991
1788980492907696359,19037914,17554429,13836,1189036,42929,18765991
1788980493025654073,19038671,17554563,13836,1189653,42930,18765991
1788980493140730720,19039410,17554591,13836,1190358,42930,18765991
1788980493258763956,19040170,17554784,13836,1190905,42933,18765991
1788980493374542928,19040907,17555046,13836,1191352,42948,18765991
1788980493490878393,19041643,17555232,13836,1191525,43323,18765991
1788980493606568550,19042360,17555469,13836,1191836,43503,18765991
1788980493721391969,19043076,17555719,13836,1192294,43513,18765991
1788980493838322505,19043806,17555947,13836,1192792,43521,18765991
1788980493954193477,19044542,17556179,13836,1193271,43533,18765991
1788980494067603876,19045267,17556430,13836,1193728,43539,18765991
1788980494183285188,19046014,17556685,13836,1194186,43548,18765991
1788980494299973824,19046752,17556963,13836,1194626,43560,18765991
1788980494415723322,19047458,17557235,13836,1195067,43572,18765991
1788980494532286547,19048184,17557474,13836,1195547,43585,18765991
1788980494648111162,19048912,17557727,13836,1196008,43595,18765991
1788980494765933921,19049670,17557979,13836,1196483,43608,18765991
1788980494882517087,19050403,17558249,13836,1196926,43623,18765991
1788980494997443145,19051123,17558510,13836,1197368,43642,18765991
1788980495113796512,19051857,17558772,13836,1197821,43656,18765991
1788980495228863620,19052565,17559025,13836,1198274,43667,18765991
1788980495341845372,19053273,17559274,13836,1198719,43682,18765991
1788980495458774626,19053996,17559516,13836,1199200,43693,18765991
1788980495575502707,19054716,17559782,13836,1199655,43706,18765991
1788980495690728856,19055445,17560014,13836,1200065,43784,18765991
1788980495807016617,19056176,17560260,13836,1200533,43795,18765991
1788980495923757771,19056896,17560484,13836,1201031,43807,18765991
1788980496041276481,19057637,17560724,13836,1201518,43818,18765991
1788980496157970507,19058374,17560949,13836,1202013,43827,18765991
1788980496274559935,19059095,17561227,13836,1202451,43838,18765991
1788980496391609761,19059833,17561494,13836,1202907,43850,18765991
1788980496506248088,19060555,17561770,13836,1203330,43866,18765991
1788980496622817895,19061265,17562001,13836,1203811,43883,18765991
1788980496739023231,19061982,17562231,13836,1204297,43895,18765991
1788980496853475747,19062715,17562465,13836,1204767,43909,18765991
1788980496968891184,19063451,17562711,13836,1205231,43922,18765991
1788980497084389506,19064185,17562955,13836,1205699,43932,18765991
1788980497200012944,19064905,17563217,13836,1206155,43942,18765991
1788980497317421239,19065652,17563468,13836,1206626,43954,18765991
1788980497433047814,19066371,17563691,13836,1207113,43965,18765991
1788980497548447340,19067081,17563927,13836,1207593,43973,18765991
1788980497662902283,19067820,17564169,13836,1208055,43986,18765991
1788980497776814318,19068529,17564420,13836,1208441,44064,18765991
1788980497893385090,19069254,17564677,13836,1208903,44076,18765991
1788980498009745399,19069966,17564917,13836,1209380,44086,18765991
1788980498124500906,19070660,17565190,13836,1209817,44098,18765991
1788980498241726767,19071397,17565428,13836,1210301,44110,18765991
1788980498357067937,19072106,17565711,13836,1210725,44125,18765991
1788980498474353707,19072853,17565984,13836,1211172,44141,18765991
1788980498587352279,19073557,17566245,13836,1211598,44159,18765991
1788980498704416391,19074292,17566474,13836,1212093,44170,18765991
1788980498819249196,19075019,17566714,13836,1212564,44181,18765991
1788980498936702901,19075738,17566937,13836,1213060,44194,18765991
1788980499053472407,19076451,17567191,13836,1213524,44207,18765991
1788980499169618307,19077173,17567460,13836,1213971,44218,18765991
1788980499285420727,19077883,17567739,13836,1214408,44229,18765991
1788980499400380010,19078602,17568046,13836,1214809,44240,18765991
1788980499517514901,19079353,17568308,13836,1215267,44256,18765991
1788980499632345771,19080059,17568539,13836,1215750,44265,18765991
1788980499748357124,19080782,17568794,13836,1216206,44277,18765991
1788980499863777292,19081517,17569028,13836,1216613,44360,18765991
1788980499978950673,19082255,17569273,13836,1217076,44371,18765991
1788980500094415886,19082990,17569582,13836,1217483,44380,18765991
1788980500207673693,19083701,17569831,13836,1217935,44391,18765991
1788980500322230016,19084433,17570081,13836,1218393,44400,18765991
1788980500436725641,19085135,17570342,13836,1218837,44413,18765991
1788980500551657178,19085870,17570592,13836,1219296,44425,18765991
1788980500668306769,19086595,17570853,13836,1219750,44439,18765991
1788980500784965053,19087345,17571104,13836,1220221,44448,18765991
1788980500899655095,19088045,17571341,13836,1220686,44463,18765991
1788980501014232312,19088806,17571576,13836,1221160,44477,18765991
1788980501129720905,19089546,17571820,13836,1221622,44491,18765991
1788980501243594684,19090255,17572073,13836,1222064,44507,18765991
1788980501357092893,19090947,17572345,13836,1222495,44516,18765991
1788980501471060863,19091660,17572598,13836,1222936,44533,18765991
1788980501584817178,19092384,17572837,13836,1223401,44543,18765991
1788980501701917899,19093117,17573075,13836,1223886,44553,18765991
1788980501819779868,19093861,17573317,13836,1224373,44563,18765991
1788980501935784542,19094599,17573563,13836,1224840,44576,18765991
1788980502051500512,19095327,17573800,13836,1225243,44661,18765991
1788980502167496039,19096064,17574058,13836,1225701,44674,18765991
1788980502283156049,19096782,17574293,13836,1226177,44687,18765991
1788980502398398629,19097480,17574551,13836,1226629,44700,18765991
1788980502513043210,19098199,17574767,13836,1227119,44710,18765991
1788980502626966641,19098922,17575030,13836,1227553,44724,18765991
1788980502741855231,19099670,17575287,13836,1227998,44741,18765991
1788980502857964985,19100393,17575536,13836,1228465,44754,18765991
1788980502974601549,19101117,17575764,13836,1228953,44768,18765991
1788980503090250063,19101854,17576011,13836,1229421,44779,18765991
1788980503206507514,19102583,17576258,13836,1229889,44793,18765991
1788980503324079107,19103322,17576509,13836,1230362,44803,18765991
1788980503440064174,19104052,17576769,13836,1230811,44822,18765991
1788980503559082851,19104792,17577051,13836,1231256,44836,18765991
1788980503672666490,19105495,17577290,13836,1231716,44849,18765991
1788980503788881315,19106231,17577530,13836,1232195,44860,18765991
1788980503902812513,19106956,17577772,13836,1232655,44874,18765991
1788980504018247109,19107677,17578032,13836,1233106,44885,18765991
1788980504131695374,19108407,17578291,13836,1233487,44959,18765991
1788980504246303220,19109128,17578572,13836,1233913,44972,18765991
1788980504362860091,19109873,17578836,13836,1234368,44983,18765991
1788980504480690108,19110602,17579084,13836,1234847,44994,18765991
1788980504597566182,19111346,17579330,13836,1235323,45005,18765991
1788980504713929425,19112080,17579596,13836,1235773,45016,18765991
1788980504829436199,19112800,17579853,13836,1236222,45034,18765991
1788980504945050355,19113527,17580138,13836,1236651,45047,18765991
1788980505061191596,19114263,17580373,13836,1237125,45063,18765991
1788980505178049791,19114989,17580628,13836,1237587,45078,18765991
1788980505295067471,19115717,17580873,13836,1238069,45084,18765991
1788980505410239372,19116433,17581141,13836,1238511,45098,18765991
1788980505527882316,19117182,17581424,13836,1238951,45111,18765991
1788980505643528500,19117907,17581672,13836,1239413,45124,18765991
1788980505758781300,19118640,17581907,13836,1239889,45136,18765991
1788980505872648633,19119347,17582148,13836,1240348,45149,18765991
1788980505988158814,19120082,17582413,13836,1240803,45155,18765991
1788980506104630921,19120805,17582671,13836,1241260,45170,18765991
1788980506220115949,19121527,17582907,13836,1241668,45248,18765991
1788980506335652224,19122234,17583164,13836,1242126,45257,18765991
1788980506450682967,19122968,17583464,13836,1242537,45267,18765991
1788980506569135675,19123713,17583703,13836,1243031,45276,18765991
1788980506683928908,19124444,17583946,13836,1243501,45283,18765991
1788980506798458076,19125145,17584203,13836,1243947,45298,18765991
1788980506913227217,19125873,17584468,13836,1244386,45312,18765991
1788980507029173937,19126589,17584715,13836,1244854,45324,18765991
1788980507145826849,19127320,17584946,13836,1245340,45337,18765991
1788980507259121152,19128041,17585207,13836,1245778,45351,18765991
1788980507376125157,19128757,17585449,13836,1246256,45360,18765991
1788980507491406003,19129470,17585697,13836,1246720,45373,18765991
1788980507607191919,19130199,17585967,13836,1247154,45390,18765991
1788980507723947305,19130938,17586234,13836,1247536,45475,18765991
1788980507841034911,19131686,17586474,13836,1248010,45492,18765991
1788980507956198563,19132425,17586703,13836,1248493,45503,18765991
1788980508073591827,19133184,17586967,13836,1248965,45510,18765991
1788980508193625344,19133919,17587221,13836,1249444,45521,18765991
1788980508307651565,19134647,17587479,13836,1249889,45530,18765991
1788980508423586865,19135355,17587723,13836,1250363,45540,18765991
1788980508539916432,19136089,17587963,13836,1250842,45552,18765991
1788980508654067592,19136809,17588223,13836,1251284,45561,18765991
1788980508768874115,19137516,17588513,13836,1251702,45574,18765991
1788980508888277555,19138274,17588770,13836,1252185,45584,18765991
1788980509003599103,19139007,17589021,13836,1252631,45607,18765991
1788980509118107102,19139738,17589254,13836,1253104,45616,18765991
1788980509232263494,19140460,17589488,13836,1253578,45627,18765991
1788980509348091913,19141177,17589736,13836,1254047,45636,18765991
1788980509461033325,19141908,17590004,13836,1254474,45647,18765991
1788980509579449339,19142667,17590240,13836,1254969,45660,18765991
1788980509694568921,19143391,17590524,13836,1255391,45674,18765991
1788980509809434246,19144110,17590772,13836,1255784,45757,18765991
1788980509925535769,19144855,17591058,13836,1256209,45768,18765991
1788980510039724832,19145591,17591303,13836,1256665,45784,18765991
1788980510157477454,19146295,17591531,13836,1257164,45794,18765991
1788980510273728905,19147014,17591769,13836,1257643,45805,18765991
1788980510388922189,19147730,17592041,13836,1258081,45816,18765991
1788980510504170568,19148468,17592290,13836,1258531,45840,18765991
1788980510620347824,19149184,17592523,13836,1259012,45854,18765991
1788980510735680834,19149921,17592773,13836,1259472,45867,18765991
1788980510851102420,19150659,17593007,13836,1259948,45878,18765991
1788980510967613933,19151424,17593288,13836,1260392,45885,18765991
1788980511081529591,19152131,17593557,13836,1260816,45902,18765991
1788980511196819940,19152864,17593799,13836,1261279,45919,18765991
1788980511311854712,19153596,17594041,13836,1261748,45930,18765991
1788980511427629408,19154296,17594277,13836,1262226,45940,18765991
1788980511544178592,19155038,17594568,13836,1262654,45955,18765991
1788980511660930085,19155763,17594812,13836,1263130,45968,18765991
1788980511775664369,19156489,17595111,13836,1263532,45984,18765991
1788980511896469429,19157250,17595371,13836,1263946,46071,18765991
1788980512013496786,19157985,17595631,13836,1264398,46088,18765991
1788980512129859145,19158733,17595876,13836,1264866,46104,18765991
1788980512246920883,19159468,17596137,13836,1265331,46113,18765991
1788980512360875358,19160209,17596400,13836,1265779,46120,18765991
1788980512478131190,19160957,17596647,13836,1266247,46137,18765991
1788980512593947406,19161697,17596900,13836,1266702,46151,18765991
1788980512709587312,19162414,17597149,13836,1267166,46165,18765991
1788980512827125833,19163157,17597376,13836,1267665,46176,18765991
1788980512944738193,19163892,17597605,13836,1268161,46185,18765991
1788980513058826148,19164618,17597853,13836,1268620,46195,18765991
1788980513174027184,19165334,17598112,13836,1269070,46205,18765991
1788980513289333314,19166041,17598399,13836,1269491,46220,18765991
1788980513406119103,19166772,17598656,13836,1269958,46231,18765991
1788980513522171570,19167520,17598939,13836,1270391,46240,18765991
1788980513638854125,19168247,17599204,13836,1270841,46254,18765991
1788980513756810295,19168989,17599448,13836,1271329,46263,18765991
1788980513872242412,19169714,17599717,13836,1271768,46278,18765991
1788980513988688057,19170447,17599983,13836,1272218,46289,18765991
1788980514105211191,19171195,17600251,13836,1272672,46298,18765991
1788980514221531278,19171918,17600502,13836,1273139,46310,18765991
1788980514339148977,19172640,17600753,13836,1273617,46321,18765991
1788980514453894407,19173372,17600969,13836,1274108,46330,18765991
1788980514568638214,19174080,17601226,13836,1274558,46341,18765991
1788980514683594875,19174788,17601502,13836,1274932,46415,18765991
1788980514797856066,19175512,17601772,13836,1275362,46430,18765991
1788980514914423689,19176245,17602019,13836,1275834,46440,18765991
1788980515032041443,19176977,17602252,13836,1276324,46453,18765991
1788980515147243469,19177733,17602478,13836,1276811,46463,18765991
1788980515264244648,19178484,17602732,13836,1277278,46480,18765991
1788980515380482849,19179218,17602996,13836,1277727,46491,18765991
1788980515497161778,19179955,17603256,13836,1278186,46504,18765991
1788980515612723003,19180687,17603489,13836,1278663,46515,18765991
1788980515727637085,19181402,17603727,13836,1279135,46525,18765991
1788980515845294772,19182150,17603957,13836,1279633,46534,18765991
1788980515961428277,19182894,17604211,13836,1280093,46549,18765991
1788980516078073284,19183633,17604472,13836,1280532,46574,18765991
1788980516195476994,19184359,17604706,13836,1280962,46645,18765991
1788980516312341794,19185076,17604956,13836,1281435,46659,18765991
1788980516427628361,19185766,17605194,13836,1281903,46673,18765991
1788980516544725475,19186492,17605429,13836,1282390,46685,18765991
1788980516661592463,19187228,17605682,13836,1282855,46700,18765991
1788980516777433801,19187947,17605944,13836,1283305,46712,18765991
1788980516893631208,19188683,17606225,13836,1283738,46726,18765991
1788980517009282998,19189384,17606488,13836,1284188,46738,18765991
1788980517124909550,19190103,17606741,13836,1284651,46749,18765991
1788980517241778468,19190831,17606962,13836,1285150,46760,18765991
1788980517356924429,19191553,17607217,13836,1285604,46773,18765991
1788980517473276316,19192276,17607486,13836,1286054,46783,18765991
1788980517587391451,19192999,17607778,13836,1286463,46794,18765991
1788980517702085892,19193721,17608042,13836,1286904,46808,18765991
1788980517817886451,19194436,17608275,13836,1287384,46819,18765991
1788980517935493130,19195175,17608500,13836,1287887,46829,18765991
1788980518051952581,19195892,17608755,13836,1288349,46842,18765991
1788980518167587506,19196621,17609012,13836,1288799,46855,18765991
1788980518282739843,19197358,17609258,13836,1289200,46935,18765991
1788980518399732966,19198113,17609498,13836,1289675,46949,18765991
1788980518516148719,19198858,17609743,13836,1290151,46959,18765991
1788980518632926187,19199604,17609974,13836,1290649,46967,18765991
1788980518748042903,19200331,17610232,13836,1291097,46977,18765991
1788980518864557523,19201073,17610486,13836,1291560,46989,18765991
1788980518980703167,19201802,17610729,13836,1292027,47006,18765991
1788980519097865185,19202535,17610982,13836,1292499,47017,18765991
1788980519214524383,19203251,17611216,13836,1292976,47030,18765991
1788980519331803272,19203981,17611446,13836,1293475,47038,18765991
1788980519444764516,19204688,17611697,13836,1293919,47051,18765991
1788980519561686137,19205424,17611954,13836,1294380,47064,18765991
1788980519678700276,19206163,17612203,13836,1294855,47076,18765991
1788980519793580998,19206888,17612495,13836,1295270,47086,18765991
1788980519908617828,19207593,17612724,13836,1295753,47094,18765991
1788980520022461136,19208308,17612972,13836,1296208,47104,18765991
1788980520137998599,19209040,17613249,13836,1296645,47116,18765991
1788980520255168021,19209747,17613517,13836,1297100,47126,18765991
1788980520371469008,19210478,17613761,13836,1297566,47143,18765991
1788980520486952681,19211201,17614023,13836,1298017,47153,18765991
1788980520604197176,19211928,17614262,13836,1298502,47167,18765991
1788980520721028087,19212663,17614481,13836,1299002,47176,18765991
1788980520836576801,19213400,17614763,13836,1299430,47192,18765991
1788980520951426752,19214123,17615024,13836,1299876,47203,18765991
1788980521067017957,19214845,17615260,13836,1300292,47276,18765991
1788980521187891692,19215607,17615533,13836,1300769,47285,18765991
1788980521303120155,19216343,17615779,13836,1301235,47297,18765991
1788980521418546353,19217082,17615994,13836,1301735,47304,18765991
1788980521531116466,19217781,17616236,13836,1302186,47316,18765991
1788980521644614119,19218502,17616482,13836,1302637,47328,18765991
1788980521759734940,19219217,17616741,13836,1303086,47340,18765991
1788980521875291234,19219940,17617005,13836,1303533,47352,18765991
1788980521989379347,19220669,17617268,13836,1303982,47361,18765991
1788980522103398218,19221384,17617505,13836,1304449,47370,18765991
1788980522222620417,19222132,17617744,13836,1304941,47383,18765991
1788980522337038951,19222844,17617992,13836,1305399,47397,18765991
1788980522452029590,19223564,17618239,13836,1305851,47411,18765991
1788980522568576272,19224281,17618478,13836,1306332,47423,18765991
1788980522685402719,19225016,17618718,13836,1306810,47438,18765991
1788980522803112598,19225747,17618973,13836,1307281,47448,18765991
1788980522914766130,19226460,17619220,13836,1307723,47459,18765991
1788980523030248178,19227186,17619481,13836,1308169,47474,18765991
1788980523146826630,19227914,17619717,13836,1308582,47555,18765991
1788980523261613011,19228642,17619963,13836,1309045,47569,18765991
1788980523377545633,19229392,17620200,13836,1309521,47579,18765991
1788980523494203658,19230134,17620464,13836,1309981,47589,18765991
1788980523616746134,19230909,17620711,13836,1310489,47598,18765991
1788980523730770560,19231612,17620963,13836,1310939,47609,18765991
1788980523846946550,19232340,17621210,13836,1311412,47620,18765991
1788980523963858104,19233086,17621466,13836,1311878,47631,18765991
1788980524080129503,19233811,17621701,13836,1312356,47642,18765991
1788980524195029571,19234525,17621913,13836,1312856,47651,18765991
1788980524309767706,19235266,17622187,13836,1313294,47659,18765991
1788980524424937944,19235987,17622452,13836,1313739,47674,18765991
1788980524539031371,19236702,17622728,13836,1314159,47689,18765991
1788980524655131165,19237438,17622996,13836,1314609,47698,18765991
1788980524772145456,19238160,17623258,13836,1315067,47709,18765991
1788980524886222281,19238873,17623486,13836,1315550,47718,18765991
1788980525005482825,19239626,17623735,13836,1316035,47728,18765991
1788980525120304297,19240357,17623987,13836,1316490,47742,18765991
1788980525236577658,19241089,17624224,13836,1316892,47831,18765991
1788980525354113954,19241832,17624462,13836,1317375,47843,18765991
1788980525471122041,19242566,17624706,13836,1317856,47855,18765991
1788980525587192387,19243328,17624925,13836,1318354,47867,18765991
1788980525705428983,19244058,17625223,13836,1318783,47879,18765991
1788980525819496299,19244775,17625478,13836,1319225,47892,18765991
1788980525935006630,19245482,17625725,13836,1319686,47906,18765991
1788980526051162583,19246210,17625970,13836,1320158,47920,18765991
1788980526166922513,19246931,17626189,13836,1320649,47931,18765991
1788980526285185285,19247669,17626411,13836,1321163,47941,18765991
1788980526398537824,19248374,17626682,13836,1321590,47951,18765991
1788980526513206386,19249083,17627018,13836,1321957,47964,18765991
1788980526629184032,19249802,17627266,13836,1322421,47978,18765991
1788980526744546717,19250532,17627520,13836,1322876,47992,18765991
1788980526858043729,19251243,17627775,13836,1323319,48004,18765991
1788980526974827939,19251987,17628034,13836,1323790,48013,18765991
1788980527094036553,19252746,17628272,13836,1324283,48025,18765991
1788980527210147841,19253472,17628526,13836,1324748,48035,18765991
1788980527327049265,19254198,17628773,13836,1325146,48118,18765991
1788980527443389807,19254928,17629011,13836,1325625,48130,18765991
1788980527560430421,19255654,17629249,13836,1326115,48140,18765991
1788980527675577726,19256383,17629486,13836,1326585,48152,18765991
1788980527792358236,19257133,17630068,13836,1326730,48159,18792743
1788980527909815255,19257878,17630498,13836,1327040,48161,18800551
1788980528030200390,19258651,17630610,13836,1327693,48161,18800551
1788980528148276920,19259410,17630700,13836,1328353,48161,18800551
1788980528263380722,19260143,17630783,13836,1329001,48162,18800551
1788980528381301065,19260903,17630906,13836,1329629,48163,18800551
1788980528497059179,19261646,17630928,13836,1330347,48163,18800551
1788980528614351895,19262390,17631028,13836,1330989,48166,18800551
1788980528727446021,19263110,17631177,13836,1331556,48166,18800551
1788980528842784097,19263846,17631210,13836,1332262,48166,18800551
1788980528958249413,19264593,17631328,13836,1332876,48166,18800551
1788980529076364634,19265350,17631398,13836,1333557,48167,18800551
1788980529191398754,19266083,17631473,13836,1334217,48167,18800551
1788980529309741542,19266835,17631581,13836,1334862,48168,18800551
1788980529427306421,19267590,17631658,13836,1335531,48168,18800551
1788980529542774892,19268327,17631735,13836,1336190,48169,18800551
1788980529660934334,19269087,17631894,13836,1336782,48169,18800551
1788980529775254810,19269816,17631915,13836,1337488,48169,18800551
1788980529893452370,19270568,17632032,13836,1338123,48171,18800551
1788980530007895564,19271305,17632155,13836,1338728,48171,18800551
1788980530123466608,19272042,17632232,13836,1339383,48172,18800551
1788980530242040936,19272804,17632346,13836,1340025,48173,18800551
1788980530365053174,19273588,17632450,13836,1340705,48173,18800551
1788980530482900624,19274346,17632549,13836,1341356,48174,18800551
1788980530607890549,19275144,17632703,13836,1341998,48174,18800551
1788980530725008729,19275892,17632761,13836,1342686,48174,18800551
1788980530843180253,19276644,17632888,13836,1343306,48177,18800551
1788980530963048352,19277407,17633102,13836,1343854,48178,18800551
1788980531082518450,19278163,17633161,13836,1344559,48178,18800551
1788980531196394678,19278892,17633301,13836,1345136,48180,18800551
1788980531318284418,19279672,17633413,13836,1345802,48180,18800551
1788980531432043711,19280401,17633543,13836,1346394,48182,18800551
1788980531548048989,19281138,17633675,13836,1346999,48183,18800551
1788980531672050224,19281930,17633811,13836,1347650,48184,18800551
1788980531793928530,19282710,17633935,13836,1348302,48184,18800551
1788980531909170839,19283451,17633961,13836,1349011,48184,18800551
1788980532024094407,19284183,17634087,13836,1349616,48184,18800551
1788980532142039868,19284941,17634177,13836,1350278,48185,18800551
1788980532260249538,19285697,17634322,13836,1350882,48185,18800551
1788980532377968242,19286446,17634430,13836,1351525,48186,18800551
1788980532496206066,19287207,17634574,13836,1352129,48186,18800551
1788980532614238271,19287956,17634720,13836,1352734,48187,18800551
1788980532729059737,19288695,17634780,13836,1353408,48187,18800551
1788980532845686619,19289440,17634915,13836,1354012,48189,18800551
1788980532963681984,19290189,17635027,13836,1354652,48189,18800551
1788980533081361284,19290940,17635210,13836,1355212,48190,18800551
1788980533199268801,19291686,17635372,13836,1355800,48190,18800551
1788980533317621724,19292442,17635521,13836,1356407,48191,18800551
1788980533435595127,19293197,17635647,13836,1357030,48191,18800551
1788980533552352108,19293945,17635676,13836,1357742,48191,18800551
1788980533667975033,19294678,17635760,13836,1358395,48192,18800551
1788980533786261655,19295428,17635942,13836,1358963,48192,18800551
1788980533904671563,19296185,17636077,13836,1359582,48195,18800551
1788980534023131688,19296940,17636209,13836,1360201,48195,18800551
1788980534140871316,19297692,17636354,13836,1360804,48197,18800551
1788980534258458181,19298442,17636447,13836,1361456,48197,18800551
1788980534376573940,19299192,17636534,13836,1362127,48198,18800551
1788980534491830956,19299924,17636642,13836,1362750,48198,18800551
1788980534609890009,19300680,17636804,13836,1363339,48198,18800551
1788980534728061860,19301439,17636944,13836,1363949,48198,18800551
1788980534846044308,19302188,17637047,13836,1364598,48199,18800551
1788980534964322890,19302943,17637160,13836,1365233,48199,18800551
1788980535081598143,19303692,17637251,13836,1365893,48199,18800551
1788980535198589134,19304437,17637325,13836,1366563,48200,18800551
1788980535313655703,19305179,17637402,13836,1367218,48200,18800551
1788980535432168997,19305942,17637520,13836,1367851,48200,18800551
1788980535550183836,19306706,17637659,13836,1368461,48201,18800551
1788980535668171388,19307458,17637802,13836,1369072,48201,18800551
1788980535784337728,19308199,17637947,13836,1369662,48201,18800551
1788980535902498798,19308958,17638043,13836,1370323,48201,18800551
1788980536020352845,19309715,17638121,13836,1370991,48201,18800551
1788980536135421820,19310448,17638214,13836,1371629,48202,18800551
1788980536253432455,19311200,17638410,13836,1372187,48202,18800551
1788980536372493430,19311961,17638582,13836,1372767,48203,18800551
1788980536490772342,19312721,17638696,13836,1373410,48203,18800551
1788980536609150138,19313478,17638854,13836,1374002,48203,18800551
1788980536726047109,19314218,17638966,13836,1374634,48203,18800551
1788980536844364034,19314977,17639075,13836,1375277,48203,18800551
1788980536959572482,19315723,17639152,13836,1375936,48204,18800551
1788980537078012932,19316483,17639242,13836,1376598,48204,18800551
1788980537194905646,19317225,17639399,13836,1377184,48205,18800551
1788980537313252630,19317981,17639542,13836,1377791,48206,18800551
1788980537431686794,19318734,17639688,13836,1378402,48206,18800551
1788980537547871189,19319483,17639823,13836,1379005,48206,18800551
1788980537665715199,19320233,17639900,13836,1379679,48206,18800551
1788980537780887136,19320983,17639959,13836,1380352,48207,18800551
1788980537898944523,19321737,17640051,13836,1381011,48207,18800551
1788980538016813768,19322488,17640197,13836,1381615,48207,18800551
1788980538134203887,19323244,17640302,13836,1382254,48208,18800551
1788980538252126385,19323993,17640430,13836,1382875,48209,18800551
1788980538369899188,19324747,17640536,13836,1383465,48263,18800551
1788980538488048139,19325499,17640641,13836,1384092,48283,18800551
1788980538603079511,19326230,17640706,13836,1384750,48293,18800551
1788980538720187939,19326979,17640811,13836,1385342,48339,18800551
1788980538838073933,19327727,17640925,13836,1385940,48379,18800551
1788980538955317026,19328470,17641019,13836,1386550,48418,18800551
1788980539072118460,19329219,17641123,13836,1387142,48467,18800551
1788980539190360740,19329977,17641254,13836,1387725,48503,18800551
1788980539308539927,19330732,17641394,13836,1388314,48532,18800551
1788980539423128375,19331469,17641429,13836,1389006,48532,18800551
1788980539539654473,19332201,17641518,13836,1389658,48534,18800551
1788980539657869327,19332954,17641663,13836,1390264,48534,18800551
1788980539776052262,19333714,17641796,13836,1390881,48535,18800551
1788980539894014880,19334468,17641929,13836,1391498,48535,18800551
1788980540012303377,19335228,17642056,13836,1392121,48535,18800551
1788980540130248741,19335982,17642181,13836,1392748,48535,18800551
1788980540244883525,19336717,17642214,13836,1393449,48535,18800551
1788980540361088617,19337453,17642286,13836,1394112,48537,18800551
1788980540478047944,19338198,17642413,13836,1394730,48538,18800551
1788980540596098472,19338946,17642553,13836,1395338,48539,18800551
1788980540714229483,19339701,17642686,13836,1395955,48540,18800551
1788980540832355144,19340455,17642846,13836,1396546,48541,18800551
1788980540950841373,19341211,17643010,13836,1397139,48541,18800551
1788980541065011515,19341943,17643037,13836,1397839,48541,18800551
1788980541180578243,19342676,17643119,13836,1398493,48543,18800551
1788980541298243970,19343426,17643296,13836,1399060,48543,18800551
1788980541416390275,19344178,17643435,13836,1399670,48544,18800551
1788980541534533986,19344934,17643588,13836,1400273,48544,18800551
1788980541651454121,19345674,17643731,13836,1400867,48546,18800551
1788980541769862558,19346432,17643820,13836,1401536,48546,18800551
1788980541887780872,19347178,17643896,13836,1402211,48547,18800551
1788980542002709949,19347909,17643981,13836,1402857,48548,18800551
1788980542120712506,19348667,17644104,13836,1403484,48548,18800551
1788980542238619573,19349422,17644233,13836,1404106,48549,18800551
1788980542356566652,19350180,17644319,13836,1404769,48549,18800551
1788980542473744695,19350930,17644456,13836,1405377,48549,18800551
1788980542591519706,19351688,17644574,13836,1406010,48551,18800551
1788980542710082611,19352445,17644683,13836,1406652,48551,18800551
1788980542825044020,19353184,17644763,13836,1407302,48552,18800551
1788980542943427182,19353935,17644883,13836,1407934,48552,18800551
1788980543061375142,19354693,17645008,13836,1408560,48553,18800551
1788980543179244700,19355440,17645102,13836,1409214,48553,18800551
1788980543297170210,19356193,17645276,13836,1409790,48555,18800551
1788980543415395354,19356945,17645373,13836,1410443,48555,18800551
1788980543533362642,19357697,17645483,13836,1411084,48556,18800551
1788980543648400053,19358434,17645553,13836,1411746,48556,18800551
1788980543766416732,19359188,17645671,13836,1412387,48556,18800551
1788980543885188940,19359948,17645795,13836,1413013,48556,18800551
1788980544003217543,19360699,17645886,13836,1413673,48556,18800551
1788980544119825613,19361445,17646040,13836,1414261,48558,18800551
1788980544237807547,19362201,17646145,13836,1414907,48558,18800551
1788980544355880087,19362960,17646224,13836,1415579,48559,18800551
1788980544470927164,19363702,17646304,13836,1416230,48559,18800551
1788980544589043980,19364453,17646437,13836,1416849,48560,18800551
1788980544707202756,19365212,17646590,13836,1417445,48561,18800551
1788980544824007764,19365965,17646687,13836,1418092,48561,18800551
1788980544942046183,19366718,17646829,13836,1418699,48562,18800551
1788980545058374253,19367459,17646961,13836,1419305,48562,18800551
1788980545176431736,19368213,17647080,13836,1419937,48562,18800551
1788980545291378589,19368955,17647150,13836,1420598,48564,18800551
1788980545409166822,19369713,17647297,13836,1421201,48564,18800551
1788980545527087914,19370461,17647479,13836,1421771,48564,18800551
1788980545643263868,19371197,17647598,13836,1422387,48565,18800551
1788980545761420065,19371953,17647732,13836,1423009,48565,18800551
1788980545879896351,19372718,17647864,13836,1423629,48565,18800551
1788980545995548455,19373455,17647976,13836,1424255,48565,18800551
1788980546110904038,19374195,17648022,13836,1424941,48566,18800551
1788980546228055331,19374941,17648126,13836,1425580,48567,18800551
1788980546346013775,19375695,17648261,13836,1426196,48567,18800551
1788980546461777663,19376437,17648408,13836,1426787,48567,18800551
1788980546580056905,19377202,17648485,13836,1427461,48567,18800551
1788980546695270340,19377929,17648606,13836,1428070,48569,18800551
1788980546811253596,19378672,17648727,13836,1428687,48569,18800551
1788980546926560707,19379402,17648752,13836,1429400,48570,18800551
1788980547039713204,19380132,17648884,13836,1429985,48572,18800551
1788980547157684360,19380890,17649000,13836,1430620,48572,18800551
1788980547273043911,19381628,17649126,13836,1431224,48573,18800551
1788980547390049203,19382372,17649251,13836,1431842,48574,18800551
1788980547511383009,19383138,17649403,13836,1432458,48574,18800551
1788980547635236837,19383929,17649530,13836,1433121,48574,18800551
1788980547750636727,19384662,17649565,13836,1433826,48575,18800551
1788980547868045826,19385423,17649689,13836,1434445,48575,18800551
1788980547995051982,19386234,17649770,13836,1435173,48575,18800551
1788980548113175511,19386988,17649848,13836,1435844,48577,18800551
1788980548237457186,19387781,17650002,13836,1436483,48577,18800551
1788980548354051933,19388528,17650047,13836,1437180,48578,18800551
1788980548480045572,19389325,17650137,13836,1437892,48578,18800551
1788980548600647843,19390094,17650326,13836,1438472,48578,18800551
1788980548717748954,19390842,17650367,13836,1439177,48578,18800551
1788980548833649655,19391584,17650490,13836,1439792,48579,18800551
1788980548951699355,19392337,17650576,13836,1440457,48579,18800551
1788980549066733912,19393073,17650641,13836,1441120,48582,18800551
1788980549183386240,19393823,17650723,13836,1441777,48582,18800551
1788980549298544295,19394556,17650798,13836,1442441,48582,18800551
1788980549413504846,19395282,17650873,13836,1443095,48583,18800551
1788980549531545167,19396034,17650996,13836,1443722,48583,18800551
1788980549646513534,19396770,17651021,13836,1444432,48583,18800551
1788980549763809580,19397516,17651143,13836,1445053,48584,18800551
1788980549882102618,19398285,17651220,13836,1445728,48584,18800551
1788980549997244853,19399027,17651276,13836,1446404,48584,18800551
1788980550115424669,19399781,17651354,13836,1447076,48585,18800551
1788980550233583493,19400543,17651445,13836,1447743,48585,18800551
1788980550348407077,19401277,17651531,13836,1448382,48586,18800551
1788980550466517260,19402027,17651674,13836,1448995,48586,18800551
1788980550582050545,19402769,17651702,13836,1449701,48586,18800551
1788980550698270519,19403504,17651882,13836,1450251,48592,18800551
1788980550813068392,19404210,17652128,13836,1450714,48604,18800551
1788980550927824341,19404928,17652369,13836,1451174,48618,18800551
1788980551042748483,19405643,17652603,13836,1451458,48822,18800551
1788980551162502992,19406400,17652800,13836,1451792,49046,18800551
1788980551278777946,19407131,17653047,13836,1452261,49056,18800551
1788980551395636287,19407878,17653297,13836,1452736,49064,18800551
1788980551509673669,19408628,17653527,13836,1453214,49071,18800551
1788980551626074907,19409360,17653778,13836,1453677,49084,18800551
1788980551741912351,19410098,17654050,13836,1454117,49097,18800551
1788980551858495897,19410833,17654295,13836,1454592,49107,18800551
1788980551975170805,19411566,17654532,13836,1455075,49122,18800551
1788980552089876041,19412294,17654761,13836,1455548,49136,18800551
1788980552203785113,19413011,17654992,13836,1456023,49145,18800551
1788980552317761490,19413724,17655265,13836,1456454,49155,18800551
1788980552434147228,19414451,17655535,13836,1456895,49172,18800551
1788980552549356111,19415169,17655774,13836,1457369,49183,18800551
1788980552668833591,19415929,17656019,13836,1457859,49194,18800551
1788980552785384514,19416650,17656263,13836,1458334,49208,18800551
1788980552903857063,19417410,17656516,13836,1458813,49217,18800551
1788980553017663855,19418126,17656779,13836,1459249,49232,18800551
1788980553133039366,19418850,17657050,13836,1459684,49244,18800551
1788980553251192655,19419600,17657283,13836,1460112,49324,18800551
1788980553365827017,19420309,17657520,13836,1460584,49334,18800551
1788980553482719927,19421055,17657770,13836,1461058,49345,18800551
1788980553599222200,19421773,17658022,13836,1461523,49356,18800551
1788980553716469142,19422526,17658269,13836,1461997,49368,18800551
1788980553831909209,19423258,17658515,13836,1462458,49384,18800551
1788980553947974366,19423991,17658758,13836,1462928,49395,18800551
1788980554064035470,19424719,17659000,13836,1463401,49407,18800551
1788980554179904025,19425453,17659227,13836,1463888,49420,18800551
1788980554295849618,19426196,17659475,13836,1464358,49430,18800551
1788980554411040973,19426909,17659727,13836,1464814,49444,18800551
1788980554526703566,19427629,17660007,13836,1465245,49456,18800551
1788980554642340595,19428358,17660267,13836,1465697,49466,18800551
1788980554759232948,19429114,17660532,13836,1466154,49477,18800551
1788980554874185904,19429825,17660780,13836,1466616,49488,18800551
1788980554990206877,19430568,17661039,13836,1467073,49499,18800551
1788980555106734268,19431301,17661302,13836,1467529,49511,18800551
1788980555223875474,19432030,17661573,13836,1467974,49527,18800551
1788980555340568359,19432791,17661817,13836,1468379,49608,18800551
1788980555455374519,19433514,17662055,13836,1468847,49623,18800551
1788980555572012002,19434255,17662294,13836,1469328,49634,18800551
1788980555687899231,19434964,17662543,13836,1469794,49645,18800551
1788980555804291549,19435672,17662818,13836,1470237,49659,18800551
1788980555920054581,19436398,17663083,13836,1470680,49672,18800551
1788980556037549384,19437132,17663335,13836,1471149,49686,18800551
1788980556153556826,19437866,17663572,13836,1471625,49701,18800551
1788980556269581802,19438594,17663810,13836,1472104,49711,18800551
1788980556387716716,19439351,17664086,13836,1472562,49719,18800551
1788980556503267036,19440082,17664355,13836,1473007,49730,18800551
1788980556616228084,19440786,17664682,13836,1473379,49741,18800551
1788980556732251435,19441514,17664927,13836,1473844,49755,18800551
1788980556849064560,19442240,17665172,13836,1474324,49766,18800551
1788980556963492688,19442958,17665411,13836,1474792,49778,18800551
1788980557079792888,19443684,17665648,13836,1475269,49788,18800551
1788980557194080551,19444405,17665947,13836,1475668,49807,18800551
1788980557311232768,19445143,17666211,13836,1476121,49823,18800551
1788980557427406511,19445861,17666447,13836,1476527,49909,18800551
1788980557544243728,19446614,17666691,13836,1477008,49918,18800551
1788980557661131331,19447347,17666929,13836,1477492,49929,18800551
1788980557776284838,19448078,17667177,13836,1477949,49944,18800551
1788980557892151050,19448821,17667425,13836,1478411,49958,18800551
1788980558008351618,19449570,17667678,13836,1478867,49974,18800551
1788980558124858256,19450291,17667926,13836,1479335,49988,18800551
1788980558239945502,19450998,17668164,13836,1479806,50000,18800551
1788980558357147415,19451741,17668414,13836,1480279,50011,18800551
1788980558475492964,19452495,17668677,13836,1480746,50025,18800551
1788980558592526423,19453233,17668942,13836,1481200,50038,18800551
1788980558708390704,19453970,17669208,13836,1481643,50056,18800551
1788980558822902985,19454704,17669461,13836,1482093,50067,18800551
1788980558937320121,19455433,17669723,13836,1482539,50077,18800551
1788980559053226734,19456156,17669980,13836,1483002,50086,18800551
1788980559167866598,19456859,17670203,13836,1483489,50095,18800551
1788980559283882512,19457588,17670480,13836,1483926,50105,18800551
1788980559400088931,19458310,17670744,13836,1484374,50120,18800551
1788980559516561074,19459035,17670990,13836,1484775,50206,18800551
1788980559631554642,19459768,17671257,13836,1485213,50219,18800551
1788980559747642715,19460511,17671498,13836,1485688,50230,18800551
1788980559862423203,19461250,17671729,13836,1486160,50246,18800551
1788980559978618027,19461980,17671985,13836,1486624,50257,18800551
1788980560095070878,19462722,17672247,13836,1487073,50274,18800551
1788980560210506258,19463437,17672523,13836,1487498,50291,18800551
1788980560327254603,19464148,17672744,13836,1487999,50299,18800551
1788980560441477480,19464849,17672983,13836,1488465,50310,18800551
1788980560559235673,19465609,17673229,13836,1488952,50316,18800551
1788980560676083916,19466341,17673485,13836,1489416,50327,18800551
1788980560790801209,19467064,17673738,13836,1489862,50346,18800551
1788980560906034502,19467789,17674014,13836,1490293,50360,18800551
1788980561023968462,19468537,17674266,13836,1490775,50370,18800551
1788980561140252966,19469265,17674496,13836,1491257,50383,18800551
1788980561258665070,19469991,17674734,13836,1491748,50396,18800551
1788980561375371623,19470727,17674977,13836,1492220,50411,18800551
1788980561491339329,19471446,17675268,13836,1492641,50426,18800551
1788980561608611523,19472190,17675508,13836,1493058,50504,18800551
1788980561726155943,19472930,17675738,13836,1493555,50514,18800551
1788980561843115875,19473688,17675999,13836,1494018,50524,18800551
1788980561956887792,19474405,17676243,13836,1494477,50531,18800551
1788980562072260138,19475134,17676523,13836,1494910,50541,18800551
1788980562188338852,19475837,17676789,13836,1495357,50555,18800551
1788980562303699698,19476564,17677043,13836,1495808,50571,18800551
1788980562419590733,19477287,17677284,13836,1496281,50584,18800551
1788980562535760023,19478009,17677541,13836,1496736,50599,18800551
1788980562651823710,19478738,17677793,13836,1497205,50607,18800551
1788980562767213360,19479464,17678051,13836,1497658,50618,18800551
1788980562883119659,19480188,17678301,13836,1498119,50632,18800551
1788980562998960986,19480916,17678546,13836,1498587,50644,18800551
1788980563113743758,19481632,17678787,13836,1499055,50655,18800551
1788980563230193966,19482370,17679016,13836,1499544,50667,18800551
1788980563346401409,19483096,17679245,13836,1500034,50677,18800551
1788980563460596322,19483839,17679516,13836,1500455,50699,18800551
1788980563577599574,19484571,17679798,13836,1500895,50710,18800551
1788980563693850139,19485278,17680025,13836,1501311,50793,18800551
1788980563811104660,19486004,17680275,13836,1501786,50803,18800551
1788980563926588323,19486722,17680518,13836,1502255,50813,18800551
1788980564041295321,19487433,17680760,13836,1502721,50826,18800551
1788980564155431947,19488153,17681010,13836,1503174,50838,18800551
1788980564271765095,19488884,17681278,13836,1503618,50851,18800551
1788980564388721745,19489614,17681533,13836,1504086,50861,18800551
1788980564505559581,19490352,17681778,13836,1504567,50870,18800551
1788980564621962746,19491083,17682012,13836,1505049,50883,18800551
1788980564737631514,19491798,17682235,13836,1505538,50895,18800551
1788980564851489912,19492502,17682487,13836,1505984,50908,18800551
1788980564967875096,19493236,17682731,13836,1506448,50925,18800551
1788980565082566339,19493936,17682989,13836,1506895,50941,18800551
1788980565200492820,19494681,17683230,13836,1507381,50955,18800551
1788980565316877820,19495411,17683453,13836,1507872,50966,18800551
1788980565435095467,19496135,17683723,13836,1508337,50976,18800551
1788980565550999923,19496844,17684003,13836,1508767,50987,18800551
1788980565667153464,19497566,17684278,13836,1509206,51003,18800551
1788980565782944826,19498294,17684521,13836,1509610,51080,18800551
1788980565899143583,19499006,17684767,13836,1510084,51092,18800551
1788980566017022616,19499761,17685062,13836,1510512,51105,18800551
1788980566132031035,19500493,17685296,13836,1510985,51120,18800551
1788980566247552870,19501209,17685568,13836,1511423,51133,18800551
1788980566363608253,19501944,17685816,13836,1511881,51152,18800551
1788980566478553982,19502641,17686064,13836,1512341,51163,18800551
1788980566595455128,19503351,17686308,13836,1512820,51176,18800551
1788980566712773131,19504064,17686551,13836,1513299,51185,18800551
1788980566829336712,19504795,17686855,13836,1513722,51194,18800551
1788980566944949309,19505532,17687147,13836,1514141,51203,18800551
1788980567062509425,19506284,17687446,13836,1514569,51213,18800551
1788980567177843149,19507003,17687705,13836,1515021,51226,18800551
1788980567294543503,19507736,17687982,13836,1515459,51242,18800551
1788980567412149838,19508472,17688233,13836,1515938,51254,18800551
1788980567527744136,19509200,17688495,13836,1516385,51264,18800551
1788980567644006855,19509931,17688747,13836,1516847,51278,18800551
1788980567758085271,19510653,17689014,13836,1517276,51296,18800551
1788980567874174127,19511368,17689257,13836,1517679,51378,18800551
1788980567990627157,19512103,17689513,13836,1518139,51392,18800551
1788980568105775924,19512818,17689777,13836,1518592,51404,18800551
1788980568220312849,19513530,17690035,13836,1519042,51413,18800551
1788980568337145721,19514258,17690296,13836,1519498,51427,18800551
1788980568452301586,19515003,17690580,13836,1519921,51441,18800551
1788980568569108576,19515744,17690847,13836,1520366,51458,18800551
1788980568685967828,19516489,17691094,13836,1520838,51468,18800551
1788980568802168771,19517205,17691344,13836,1521308,51479,18800551
1788980568918753378,19517931,17691575,13836,1521796,51489,18800551
1788980569036068904,19518659,17691843,13836,1522247,51504,18800551
1788980569152109674,19519388,17692101,13836,1522704,51513,18800551
1788980569266050480,19520122,17692353,13836,1523153,51526,18800551
1788980569383963456,19520850,17692589,13836,1523642,51543,18800551
1788980569499794999,19521580,17692851,13836,1524091,51554,18800551
1788980569614296615,19522295,17693080,13836,1524575,51562,18800551
1788980569728937529,19523010,17693370,13836,1524992,51572,18800551
1788980569843767094,19523719,17693623,13836,1525442,51584,18800551
1788980569960324305,19524481,17693872,13836,1525849,51663,18800551
1788980570075998428,19525226,17694128,13836,1526302,51673,18800551
1788980570190696025,19525954,17694378,13836,1526766,51682,18800551
1788980570305616451,19526689,17694600,13836,1527251,51695,18800551
1788980570421430059,19527427,17694863,13836,1527703,51705,18800551
1788980570536675687,19528142,17695126,13836,1528148,51720,18800551
1788980570652085471,19528864,17695396,13836,1528583,51735,18800551
1788980570766753354,19529557,17695645,13836,1529043,51746,18800551
1788980570883562967,19530271,17695878,13836,1529535,51752,18800551
1788980571001042310,19531005,17696136,13836,1530004,51760,18800551
1788980571114813166,19531716,17696406,13836,1530434,51773,18800551
1788980571230890184,19532445,17696672,13836,1530884,51784,18800551
1788980571346102295,19533154,17696928,13836,1531334,51801,18800551
1788980571462112042,19533871,17697172,13836,1531803,51812,18800551
1788980571580745427,19534603,17697404,13836,1532301,51823,18800551
1788980571696012517,19535340,17697627,13836,1532789,51834,18800551
1788980571810718909,19536068,17697889,13836,1533235,51847,18800551
1788980571926910196,19536812,17698138,13836,1533699,51861,18800551
1788980572045844842,19537548,17698409,13836,1534134,51896,18800551
1788980572162774369,19538293,17698637,13836,1534585,51952,18800551
1788980572280385282,19539033,17698866,13836,1535085,51961,18800551
1788980572394873629,19539772,17699108,13836,1535549,51971,18800551
1788980572508519758,19540479,17699370,13836,1535985,51986,18800551
1788980572624562044,19541213,17699628,13836,1536440,52001,18800551
1788980572740454561,19541930,17699895,13836,1536885,52014,18800551
1788980572855333398,19542659,17700147,13836,1537344,52023,18800551
1788980572969512270,19543382,17700450,13836,1537748,52031,18800551
1788980573086453855,19544078,17700675,13836,1538241,52046,18800551
1788980573203750540,19544818,17700918,13836,1538721,52059,18800551
1788980573318934033,19545531,17701174,13836,1539173,52074,18800551
1788980573433656289,19546254,17701435,13836,1539611,52087,18800551
1788980573547672845,19546964,17701691,13836,1540060,52100,18800551
1788980573664954030,19547683,17701935,13836,1540538,52110,18800551
1788980573782319716,19548407,17702172,13836,1541030,52120,18800551
1788980573896735599,19549132,17702440,13836,1541464,52132,18800551
1788980574009502673,19549841,17702723,13836,1541874,52145,18800551
1788980574125615220,19550559,17702979,13836,1542333,52156,18800551
1788980574243608385,19551278,17703210,13836,1542770,52230,18800551
1788980574360812516,19552015,17703440,13836,1543263,52243,18800551
1788980574477630361,19552762,17703667,13836,1543760,52250,18800551
1788980574593865016,19553487,17703933,13836,1544208,52263,18800551
1788980574709586994,19554208,17704215,13836,1544642,52272,18800551
1788980574825038273,19554940,17704507,13836,1545061,52287,18800551
1788980574940316483,19555673,17704755,13836,1545522,52299,18800551
1788980575057018402,19556400,17704991,13836,1546006,52310,18800551
1788980575175183561,19557151,17705224,13836,1546503,52321,18800551
1788980575291769228,19557876,17705510,13836,1546936,52332,18800551
1788980575406599189,19558598,17705760,13836,1547387,52348,18800551
1788980575522595432,19559307,17706045,13836,1547816,52362,18800551
1788980575637895523,19560054,17706301,13836,1548269,52373,18800551
1788980575751503616,19560755,17706543,13836,1548726,52386,18800551
1788980575869857075,19561516,17706779,13836,1549225,52394,18800551
1788980575984843859,19562234,17707051,13836,1549661,52407,18800551
1788980576100228465,19562959,17707305,13836,1550112,52425,18800551
1788980576216547188,19563702,17707572,13836,1550563,52435,18800551
1788980576333310109,19564458,17707800,13836,1550990,52514,18800551
1788980576449328699,19565193,17708038,13836,1551462,52527,18800551
1788980576566476796,19565932,17708307,13836,1551919,52539,18800551
1788980576683052392,19566655,17708564,13836,1552375,52555,18800551
1788980576798566594,19567390,17708825,13836,1552818,52573,18800551
1788980576914967126,19568135,17709093,13836,1553267,52584,18800551
1788980577028724946,19568853,17709347,13836,1553712,52597,18800551
1788980577145514407,19569587,17709583,13836,1554197,52612,18800551
1788980577262964490,19570337,17709793,13836,1554713,52617,18800551
1788980577378041334,19571074,17710061,13836,1555156,52628,18800551
1788980577494236412,19571800,17710356,13836,1555577,52640,18800551
1788980577609713091,19572529,17710635,13836,1556009,52653,18800551
1788980577726359334,19573241,17710881,13836,1556479,52666,18800551
1788980577841742776,19573966,17711112,13836,1556962,52678,18800551
1788980577957280448,19574700,17711354,13836,1557432,52689,18800551
1788980578072226498,19575432,17711639,13836,1557857,52700,18800551
1788980578185374354,19576147,17711916,13836,1558277,52713,18800551
1788980578300396574,19576884,17712187,13836,1558708,52728,18800551
1788980578417711852,19577633,17712430,13836,1559123,52806,18800551
1788980578533160795,19578353,17712662,13836,1559601,52820,18800551
1788980578651258559,19579105,17712905,13836,1560088,52827,18800551
1788980578768378708,19579832,17713156,13836,1560560,52839,18800551
1788980578884132869,19580557,17713423,13836,1561002,52851,18800551
1788980579000053194,19581297,17713675,13836,1561459,52864,18800551
1788980579116602290,19582031,17713944,13836,1561910,52875,18800551
1788980579234014983,19582790,17714177,13836,1562402,52885,18800551
1788980579352250900,19583536,17714416,13836,1562891,52897,18800551
1788980579465971484,19584261,17714677,13836,1563329,52911,18800551
1788980579581616612,19584995,17714945,13836,1563771,52925,18800551
1788980579698265246,19585725,17715198,13836,1564232,52938,18800551
1788980579815207210,19586441,17715432,13836,1564718,52952,18800551
1788980579931104350,19587152,17715669,13836,1565191,52967,18800551
1788980580045814838,19587876,17715903,13836,1565668,52976,18800551
1788980580160410797,19588580,17716168,13836,1566113,52985,18800551
1788980580275163483,19589300,17716430,13836,1566555,53001,18800551
1788980580391085145,19590034,17716701,13836,1566993,53012,18800551
1788980580505578487,19590746,17716933,13836,1567404,53088,18800551
1788980580619911872,19591461,17717183,13836,1567862,53098,18800551
1788980580736544434,19592201,17717411,13836,1568354,53109,18800551
1788980580853933389,19592959,17717710,13836,1568774,53124,18800551
1788980580968793803,19593687,17717956,13836,1569233,53140,18800551
1788980581084159076,19594414,17718206,13836,1569692,53155,18800551
1788980581199612804,19595141,17718463,13836,1570148,53162,18800551
1788980581316778790,19595893,17718685,13836,1570652,53170,18800551
1788980581433530844,19596630,17718934,13836,1571126,53179,18800551
1788980581548971830,19597345,17719190,13836,1571579,53193,18800551
1788980581664255919,19598076,17719452,13836,1572025,53205,18800551
1788980581780735557,19598803,17719704,13836,1572491,53216,18800551
1788980581896450918,19599511,17719946,13836,1572959,53231,18800551
1788980582012734811,19600204,17720188,13836,1573434,53243,18800551
1788980582127527915,19600918,17720423,13836,1573910,53253,18800551
1788980582242870440,19601653,17720711,13836,1574330,53265,18800551
1788980582357601238,19602371,17720982,13836,1574763,53280,18800551
1788980582473422685,19603097,17721232,13836,1575222,53295,18800551
1788980582589695482,19603840,17721460,13836,1575643,53376,18800551
1788980582704531498,19604563,17721713,13836,1576095,53392,18800551
1788980582821319276,19605319,17721971,13836,1576557,53400,18800551
1788980582936375829,19606049,17722243,13836,1576997,53412,18800551
1788980583050880557,19606770,17722490,13836,1577452,53424,18800551
1788980583165282503,19607470,17722750,13836,1577901,53435,18800551
1788980583282084131,19608233,17723003,13836,1578369,53443,18800551
1788980583399520779,19608988,17723239,13836,1578855,53459,18800551
1788980583514870869,19609705,17723498,13836,1579309,53471,18800551
1788980583630321997,19610421,17723741,13836,1579774,53483,18800551
1788980583746430245,19611175,17723991,13836,1580237,53497,18800551
1788980583862623102,19611892,17724276,13836,1580666,53510,18800551
1788980583978208258,19612618,17724523,13836,1581129,53523,18800551
1788980584094934114,19613349,17724758,13836,1581613,53534,18800551
1788980584211691172,19614070,17724983,13836,1582116,53543,18800551
1788980584326385434,19614797,17725248,13836,1582549,53557,18800551
1788980584439896667,19615513,17725520,13836,1582976,53571,18800551
1788980584556597053,19616243,17725813,13836,1583403,53581,18800551
1788980584672580508,19616957,17726034,13836,1583821,53670,18800551
1788980584789135188,19617694,17726274,13836,1584303,53682,18800551
1788980584904141406,19618422,17726738,13836,1584550,53691,18816807
1788980585017351534,19619143,17727328,13836,1584671,53695,18834599
1788980585142039993,19619941,17727454,13836,1585335,53696,18834599
1788980585260245200,19620696,17727539,13836,1585999,53698,18834599
1788980585375377305,19621434,17727593,13836,1586676,53699,18834599
1788980585492364297,19622183,17727724,13836,1587290,53699,18834599
1788980585610605435,19622935,17727844,13836,1587926,53700,18834599
1788980585725795460,19623668,17727941,13836,1588560,53700,18834599
1788980585843120117,19624425,17728079,13836,1589168,53700,18834599
1788980585961124946,19625180,17728190,13836,1589809,53700,18834599
1788980586076700933,19625912,17728303,13836,1590432,53702,18834599
1788980586194858843,19626670,17728380,13836,1591106,53702,18834599
1788980586312971285,19627430,17728476,13836,1591762,53702,18834599
1788980586428171486,19628163,17728583,13836,1592386,53702,18834599
1788980586546368045,19628919,17728721,13836,1593001,53703,18834599
1788980586661893017,19629664,17728756,13836,1593702,53703,18834599
1788980586776816689,19630388,17728844,13836,1594347,53703,18834599
1788980586894960742,19631145,17728988,13836,1594952,53704,18834599
1788980587010197008,19631881,17729010,13836,1595665,53704,18834599
1788980587126459693,19632617,17729093,13836,1596318,53705,18834599
1788980587243404999,19633361,17729232,13836,1596922,53705,18834599
1788980587359058404,19634101,17729259,13836,1597634,53706,18834599
1788980587477594159,19634853,17729406,13836,1598242,53707,18834599
1788980587595657877,19635610,17729528,13836,1598871,53708,18834599
1788980587710781109,19636347,17729605,13836,1599526,53708,18834599
1788980587827274616,19637100,17729742,13836,1600127,53708,18834599
1788980587945594331,19637859,17729853,13836,1600773,53709,18834599
1788980588060478511,19638593,17729936,13836,1601418,53709,18834599
1788980588178360954,19639338,17730044,13836,1602056,53710,18834599
1788980588296575821,19640093,17730119,13836,1602740,53710,18834599
1788980588411460004,19640825,17730180,13836,1603402,53713,18834599
1788980588529410966,19641585,17730270,13836,1604063,53713,18834599
1788980588647397480,19642339,17730417,13836,1604665,53714,18834599
1788980588764044915,19643096,17730534,13836,1605291,53715,18834599
1788980588882150208,19643853,17730625,13836,1605952,53715,18834599
1788980589000600399,19644602,17730789,13836,1606543,53716,18834599
1788980589118260955,19645356,17730929,13836,1607147,53717,18834599
1788980589233225896,19646094,17730953,13836,1607860,53717,18834599
1788980589351895953,19646847,17731036,13836,1608525,53721,18834599
1788980589469814482,19647596,17731151,13836,1609161,53721,18834599
1788980589587727077,19648351,17731275,13836,1609787,53722,18834599
1788980589705907404,19649115,17731413,13836,1610400,53722,18834599
1788980589824361107,19649872,17731578,13836,1610984,53723,18834599
1788980589942053169,19650625,17731667,13836,1611646,53723,18834599
1788980590060072151,19651382,17731741,13836,1612325,53723,18834599
1788980590175406080,19652122,17731827,13836,1612968,53724,18834599
1788980590293448945,19652878,17731932,13836,1613618,53724,18834599
1788980590411230907,19653636,17732083,13836,1614215,53725,18834599
1788980590529536002,19654387,17732186,13836,1614867,53725,18834599
1788980590647930574,19655150,17732316,13836,1615487,53725,18834599
1788980590765853633,19655902,17732446,13836,1616107,53726,18834599
1788980590884126098,19656660,17732529,13836,1616775,53726,18834599
1788980590999446389,19657393,17732585,13836,1617452,53726,18834599
1788980591119049501,19658157,17732692,13836,1618106,53728,18834599
1788980591240185487,19658931,17732818,13836,1618751,53728,18834599
1788980591354749667,19659664,17732947,13836,1619351,53730,18834599
1788980591472727856,19660411,17733082,13836,1619966,53730,18834599
1788980591590866735,19661164,17733257,13836,1620540,53731,18834599
1788980591708844493,19661919,17733374,13836,1621175,53732,18834599
1788980591822059656,19662647,17733477,13836,1621792,53732,18834599
1788980591936778506,19663375,17733564,13836,1622435,53732,18834599
1788980592055037858,19664138,17733684,13836,1623068,53732,18834599
1788980592173038383,19664887,17733793,13836,1623706,53734,18834599
1788980592291221650,19665646,17733896,13836,1624355,53734,18834599
1788980592409386287,19666404,17734036,13836,1624967,53734,18834599
1788980592525327973,19667155,17734168,13836,1625571,53734,18834599
1788980592643369669,19667918,17734257,13836,1626233,53734,18834599
1788980592758710116,19668660,17734313,13836,1626916,53735,18834599
1788980592876011022,19669414,17734410,13836,1627562,53735,18834599
1788980592993815082,19670163,17734560,13836,1628163,53735,18834599
1788980593111503806,19670913,17734653,13836,1628817,53736,18834599
1788980593230321066,19671676,17734778,13836,1629446,53736,18834599
1788980593348204813,19672428,17734940,13836,1630032,53737,18834599
1788980593466146434,19673182,17735092,13836,1630630,53738,18834599
1788980593580747542,19673914,17735119,13836,1631337,53738,18834599
1788980593696046240,19674651,17735201,13836,1631985,53739,18834599
1788980593814080634,19675403,17735326,13836,1632610,53739,18834599
1788980593932550301,19676152,17735491,13836,1633200,53740,18834599
1788980594050307610,19676910,17735580,13836,1633857,53740,18834599
1788980594167046025,19677656,17735762,13836,1634418,53741,18834599
1788980594284866990,19678405,17735884,13836,1635046,53741,18834599
1788980594402815258,19679152,17735969,13836,1635711,53741,18834599
1788980594518176022,19679891,17736029,13836,1636384,53743,18834599
1788980594635969551,19680649,17736132,13836,1637030,53743,18834599
1788980594753930605,19681405,17736258,13836,1637655,53743,18834599
1788980594871764963,19682154,17736349,13836,1638314,53743,18834599
1788980594986798353,19682888,17736468,13836,1638928,53743,18834599
1788980595104711474,19683641,17736604,13836,1639542,53743,18834599
1788980595223070147,19684399,17736750,13836,1640146,53743,18834599
1788980595337299951,19685128,17736779,13836,1640845,53743,18834599
1788980595452435868,19685856,17736897,13836,1641458,53744,18834599
1788980595570521081,19686614,17737106,13836,1642005,53745,18834599
1788980595688904876,19687376,17737278,13836,1642582,53746,18834599
1788980595806944011,19688132,17737373,13836,1643239,53746,18834599
1788980595926037839,19688896,17737539,13836,1643828,53747,18834599
1788980596042533414,19689633,17737643,13836,1644468,53747,18834599
1788980596160536672,19690386,17737732,13836,1645131,53748,18834599
1788980596275623700,19691121,17737797,13836,1645796,53748,18834599
1788980596394247912,19691884,17737888,13836,1646456,53749,18834599
1788980596512200246,19692641,17738037,13836,1647056,53750,18834599
1788980596628548704,19693386,17738164,13836,1647672,53750,18834599
1788980596746560472,19694144,17738247,13836,1648340,53750,18834599
1788980596863194681,19694896,17738413,13836,1648912,53750,18834599
1788980596981298725,19695653,17738540,13836,1649536,53750,18834599
1788980597095743947,19696383,17738561,13836,1650248,53750,18834599
1788980597211434196,19697111,17738638,13836,1650899,53754,18834599
1788980597328683133,19697855,17738763,13836,1651525,53754,18834599
1788980597466636906,19698733,17738914,13836,1652251,53754,18834599
1788980597583482740,19699479,17739073,13836,1652836,53755,18834599
1788980597701746268,19700234,17739250,13836,1653408,53756,18834599
1788980597819885940,19700992,17739358,13836,1654052,53756,18834599
1788980597938282914,19701748,17739444,13836,1654718,53756,18834599
1788980598053434054,19702480,17739527,13836,1655363,53757,18834599
1788980598171311988,19703232,17739616,13836,1656028,53757,18834599
1788980598285473902,19703962,17739765,13836,1656602,53757,18834599
1788980598403247266,19704711,17739876,13836,1657241,53758,18834599
1788980598521403053,19705463,17740048,13836,1657823,53758,18834599
1788980598640095053,19706226,17740142,13836,1658480,53760,18834599
1788980598755884447,19706965,17740265,13836,1659096,53760,18834599
1788980598871146390,19707698,17740292,13836,1659801,53760,18834599
1788980598985145101,19708419,17740447,13836,1660373,53761,18834599
1788980599101588977,19709157,17740563,13836,1661000,53761,18834599
1788980599219820689,19709915,17740701,13836,1661612,53762,18834599
1788980599338312192,19710669,17740843,13836,1662220,53762,18834599
1788980599456522072,19711416,17740980,13836,1662839,53762,18834599
1788980599574600069,19712172,17741059,13836,1663511,53763,18834599
1788980599690284538,19712911,17741143,13836,1664161,53763,18834599
1788980599805514769,19713643,17741228,13836,1664810,53764,18834599
1788980599923895455,19714405,17741372,13836,1665420,53764,18834599
1788980600042324977,19715156,17741490,13836,1666050,53765,18834599
1788980600160740753,19715907,17741594,13836,1666703,53765,18834599
1788980600278697219,19716658,17741771,13836,1667276,53765,18834599
1788980600396283642,19717410,17741907,13836,1667885,53766,18834599
1788980600514271358,19718166,17742052,13836,1668491,53766,18834599
1788980600629718938,19718900,17742132,13836,1669149,53766,18834599
1788980600743100172,19719621,17742267,13836,1669732,53767,18834599
1788980600861368771,19720370,17742371,13836,1670379,53767,18834599
1788980600979327961,19721123,17742547,13836,1670953,53768,18834599
1788980601097377328,19721875,17742680,13836,1671545,53794,18834599
1788980601215680779,19722630,17742798,13836,1672147,53830,18834599
1788980601332200892,19723371,17742881,13836,1672756,53877,18834599
1788980601450463963,19724124,17742971,13836,1673412,53882,18834599
1788980601565836146,19724857,17743062,13836,1674043,53898,18834599
1788980601684532206,19725615,17743166,13836,1674647,53948,18834599
1788980601802586158,19726364,17743295,13836,1675225,53992,18834599
1788980601918692041,19727108,17743380,13836,1675832,54038,18834599
1788980602033104949,19727840,17743504,13836,1676386,54086,18834599
1788980602151360502,19728584,17743626,13836,1676973,54126,18834599
1788980602269938357,19729343,17743706,13836,1677610,54170,18834599
1788980602386431723,19730089,17743787,13836,1678267,54170,18834599
1788980602501388975,19730828,17743874,13836,1678877,54204,18834599
1788980602620072057,19731586,17743965,13836,1679508,54241,18834599
1788980602736227748,19732331,17744085,13836,1680080,54288,18834599
1788980602853828286,19733075,17744181,13836,1680731,54289,18834599
1788980602971707791,19733831,17744312,13836,1681350,54290,18834599
1788980603090042489,19734599,17744422,13836,1681991,54291,18834599
1788980603208130751,19735354,17744540,13836,1682623,54291,18834599
1788980603323735113,19736092,17744567,13836,1683334,54291,18834599
1788980603435825031,19736810,17744690,13836,1683923,54292,18834599
1788980603553817437,19737572,17744773,13836,1684591,54292,18834599
1788980603671753662,19738329,17744939,13836,1685173,54294,18834599
1788980603789764972,19739093,17745073,13836,1685789,54294,18834599
1788980603907918185,19739856,17745202,13836,1686409,54296,18834599
1788980604025844462,19740610,17745260,13836,1687103,54296,18834599
1788980604140449795,19741341,17745323,13836,1687766,54296,18834599
1788980604255330971,19742082,17745410,13836,1688410,54297,18834599
1788980604373167721,19742845,17745547,13836,1689024,54297,18834599
1788980604490846192,19743584,17745700,13836,1689621,54298,18834599
1788980604608168078,19744339,17745801,13836,1690263,54298,18834599
1788980604726294071,19745091,17745977,13836,1690837,54299,18834599
1788980604844683388,19745850,17746082,13836,1691487,54300,18834599
1788980604960245800,19746591,17746174,13836,1692128,54300,18834599
1788980605075568592,19747331,17746215,13836,1692825,54300,18834599
1788980605190433346,19748074,17746358,13836,1693408,54301,18834599
1788980605308416421,19748828,17746463,13836,1694055,54301,18834599
1788980605424474095,19749567,17746626,13836,1694628,54302,18834599
1788980605542547271,19750327,17746751,13836,1695260,54302,18834599
1788980605660724618,19751081,17746916,13836,1695844,54303,18834599
1788980605778742666,19751837,17746997,13836,1696513,54303,18834599
1788980605895817844,19752588,17747076,13836,1697181,54303,18834599
1788980606010766074,19753327,17747164,13836,1697824,54304,18834599
1788980606128727186,19754087,17747295,13836,1698444,54304,18834599
1788980606243508175,19754822,17747333,13836,1699139,54304,18834599
1788980606358551441,19755560,17747425,13836,1699778,54304,18834599
1788980606476629104,19756318,17747566,13836,1700388,54304,18834599
1788980606591377102,19757053,17747587,13836,1701094,54304,18834599
1788980606707926031,19757794,17747665,13836,1701759,54306,18834599
1788980606825079852,19758539,17747788,13836,1702377,54307,18834599
1788980606941050691,19759279,17747814,13836,1703091,54307,18834599
1788980607057149809,19760025,17747951,13836,1703690,54309,18834599
1788980607175149349,19760782,17748035,13836,1704357,54309,18834599
1788980607290123798,19761519,17748097,13836,1705027,54309,18834599
1788980607407656137,19762265,17748209,13836,1705663,54309,18834599
1788980607525733052,19763025,17748300,13836,1706323,54310,18834599
1788980607640691021,19763760,17748374,13836,1706980,54311,18834599
1788980607758024507,19764513,17748464,13836,1707635,54311,18834599
1788980607876025041,19765271,17748562,13836,1708285,54312,18834599
1788980607991075418,19766005,17748640,13836,1708940,54313,18834599
1788980608108545024,19766756,17748722,13836,1709608,54313,18834599
1788980608226396768,19767509,17748797,13836,1710279,54313,18834599
1788980608341554331,19768239,17748878,13836,1710933,54314,18834599
1788980608459751096,19768996,17749008,13836,1711556,54315,18834599
1788980608574594709,19769728,17749034,13836,1712262,54315,18834599
1788980608689746706,19770462,17749129,13836,1712896,54316,18834599
1788980608807882959,19771225,17749265,13836,1713511,54316,18834599
1788980608923130959,19771960,17749296,13836,1714213,54316,18834599
1788980609039517317,19772715,17749463,13836,1714779,54321,18834599
1788980609156038431,19773449,17749768,13836,1715186,54338,18834599
1788980609271085426,19774176,17750024,13836,1715639,54352,18834599
1788980609387765443,19774892,17750280,13836,1716098,54365,18834599
1788980609504945607,19775616,17750559,13836,1716473,54443,18834599
1788980609620298576,19776339,17750777,13836,1716831,54592,18834599
1788980609733533208,19777030,17751007,13836,1717306,54601,18834599
1788980609848544521,19777767,17751270,13836,1717748,54615,18834599
1788980609963946337,19778496,17751533,13836,1718189,54633,18834599
1788980610080426286,19779213,17751786,13836,1718649,54650,18834599
1788980610197002465,19779959,17752097,13836,1719055,54663,18834599
1788980610313794163,19780687,17752317,13836,1719493,54739,18834599
1788980610429268671,19781412,17752552,13836,1719972,54751,18834599
1788980610549727945,19782161,17752797,13836,1720467,54765,18834599
1788980610665548805,19782891,17753063,13836,1720908,54782,18834599
1788980610780505560,19783611,17753350,13836,1721325,54795,18834599
1788980610897016439,19784359,17753606,13836,1721781,54811,18834599
1788980611011052970,19785091,17753858,13836,1722232,54823,18834599
1788980611124793593,19785823,17754130,13836,1722675,54830,18834599
1788980611243377651,19786560,17754394,13836,1723134,54844,18834599
1788980611358604552,19787282,17754679,13836,1723559,54857,18834599
1788980611474770175,19788003,17754948,13836,1724006,54867,18834599
1788980611591156022,19788746,17755216,13836,1724452,54880,18834599
1788980611707131853,19789483,17755510,13836,1724877,54890,18834599
1788980611823270019,19790225,17755751,13836,1725352,54904,18834599
1788980611940584046,19790961,17756004,13836,1725817,54920,18834599
1788980612056571644,19791697,17756265,13836,1726272,54932,18834599
1788980612172640652,19792413,17756528,13836,1726717,54946,18834599
1788980612288292442,19793156,17756782,13836,1727173,54957,18834599
1788980612403424322,19793871,17757016,13836,1727596,55028,18834599
1788980612518533805,19794613,17757244,13836,1728082,55034,18834599
1788980612634594239,19795365,17757493,13836,1728552,55046,18834599
1788980612750051890,19796106,17757757,13836,1728993,55060,18834599
1788980612866825374,19796840,17758022,13836,1729446,55073,18834599
1788980612982392495,19797566,17758283,13836,1729896,55086,18834599
1788980613098268155,19798310,17758545,13836,1730350,55095,18834599
1788980613214183104,19799039,17758783,13836,1730830,55105,18834599
1788980613329046482,19799749,17759021,13836,1731296,55119,18834599
1788980613443521109,19800455,17759281,13836,1731738,55135,18834599
1788980613559260538,19801177,17759535,13836,1732194,55147,18834599
1788980613674123050,19801886,17759843,13836,1732594,55158,18834599
1788980613789850808,19802630,17760079,13836,1733077,55170,18834599
1788980613905324049,19803349,17760323,13836,1733540,55182,18834599
1788980614019778868,19804069,17760602,13836,1733970,55190,18834599
1788980614133224386,19804784,17760889,13836,1734381,55205,18834599
1788980614250045250,19805530,17761180,13836,1734802,55221,18834599
1788980614366856996,19806283,17761492,13836,1735207,55237,18834599
1788980614482134594,19807005,17761714,13836,1735631,55313,18834599
1788980614600039235,19807728,17761933,13836,1736141,55324,18834599
1788980614716579799,19808469,17762207,13836,1736585,55335,18834599
1788980614832021119,19809183,17762478,13836,1737022,55349,18834599
1788980614948327599,19809915,17762741,13836,1737475,55363,18834599
1788980615063704402,19810645,17763006,13836,1737917,55376,18834599
1788980615179111915,19811374,17763262,13836,1738378,55387,18834599
1788980615293474561,19812066,17763518,13836,1738832,55394,18834599
1788980615407891335,19812780,17763775,13836,1739269,55414,18834599
1788980615524490062,19813506,17764033,13836,1739728,55427,18834599
1788980615641355552,19814218,17764284,13836,1740193,55439,18834599
1788980615757037189,19814954,17764547,13836,1740644,55448,18834599
1788980615871848694,19815671,17764815,13836,1741087,55458,18834599
1788980615987516131,19816373,17765062,13836,1741556,55470,18834599
1788980616103996808,19817103,17765356,13836,1741979,55481,18834599
1788980616218025988,19817836,17765615,13836,1742420,55497,18834599
1788980616332440392,19818539,17765858,13836,1742881,55507,18834599
1788980616448937004,19819266,17766102,13836,1743329,55542,18834599
1788980616565294497,19819982,17766328,13836,1743776,55598,18834599
1788980616683104821,19820725,17766548,13836,1744288,55609,18834599
1788980616799246614,19821445,17766809,13836,1744740,55621,18834599
1788980616914764144,19822188,17767070,13836,1745188,55633,18834599
1788980617030777296,19822930,17767331,13836,1745641,55645,18834599
1788980617146890749,19823657,17767587,13836,1746093,55664,18834599
1788980617263368956,19824387,17767817,13836,1746582,55678,18834599
1788980617379949880,19825111,17768090,13836,1747028,55687,18834599
1788980617494708916,19825840,17768382,13836,1747444,55699,18834599
1788980617611596497,19826553,17768652,13836,1747883,55720,18834599
1788980617726960807,19827274,17768928,13836,1748321,55729,18834599
1788980617843555323,19827997,17769169,13836,1748797,55745,18834599
1788980617959082279,19828726,17769430,13836,1749248,55756,18834599
1788980618076759830,19829489,17769677,13836,1749721,55771,18834599
1788980618192329316,19830211,17769975,13836,1750132,55786,18834599
1788980618308928115,19830935,17770255,13836,1750567,55798,18834599
1788980618423459636,19831651,17770512,13836,1751013,55812,18834599
1788980618539773097,19832392,17770751,13836,1751419,55896,18834599
1788980618657141494,19833112,17770990,13836,1751901,55911,18834599
1788980618775691432,19833866,17771216,13836,1752408,55920,18834599
1788980618890776725,19834557,17771469,13836,1752860,55933,18834599
1788980619007213782,19835267,17771735,13836,1753304,55951,18834599
1788980619121672765,19835986,17771991,13836,1753749,55967,18834599
1788980619237713828,19836724,17772237,13836,1754211,55984,18834599
1788980619353715386,19837432,17772449,13836,1754722,55994,18834599
1788980619472159800,19838148,17772707,13836,1755188,56005,18834599
1788980619586635268,19838856,17772951,13836,1755648,56017,18834599
1788980619703002226,19839599,17773203,13836,1756107,56032,18834599
1788980619818025830,19840302,17773453,13836,1756566,56043,18834599
1788980619933460872,19841026,17773691,13836,1757042,56054,18834599
1788980620051378651,19841770,17773919,13836,1757539,56067,18834599
1788980620166677549,19842496,17774174,13836,1757997,56077,18834599
1788980620282297998,19843223,17774452,13836,1758431,56091,18834599
1788980620398656399,19843954,17774716,13836,1758881,56102,18834599
1788980620515834534,19844682,17774983,13836,1759335,56117,18834599
1788980620631528885,19845419,17775204,13836,1759757,56198,18834599
1788980620745602671,19846121,17775429,13836,1760235,56209,18834599
1788980620862585464,19846852,17775691,13836,1760696,56221,18834599
1788980620978361462,19847551,17775942,13836,1761155,56234,18834599
1788980621094216664,19848274,17776214,13836,1761590,56254,18834599
1788980621210945346,19849031,17776476,13836,1762039,56269,18834599
1788980621327370965,19849756,17776730,13836,1762501,56282,18834599
1788980621443900569,19850515,17776961,13836,1762993,56290,18834599
1788980621561530338,19851243,17777218,13836,1763458,56304,18834599
1788980621677336707,19851971,17777484,13836,1763905,56317,18834599
1788980621792451310,19852696,17777743,13836,1764353,56329,18834599
1788980621909060961,19853434,17777988,13836,1764820,56343,18834599
1788980622022943936,19854156,17778216,13836,1765296,56356,18834599
1788980622140258540,19854905,17778465,13836,1765768,56369,18834599
1788980622256873007,19855654,17778709,13836,1766242,56382,18834599
1788980622372650034,19856350,17778977,13836,1766685,56395,18834599
1788980622487749620,19857109,17779223,13836,1767143,56410,18834599
1788980622602245701,19857813,17779468,13836,1767571,56453,18834599
1788980622718626665,19858572,17779713,13836,1768002,56508,18834599
1788980622834780537,19859289,17779961,13836,1768469,56520,18834599
1788980622949634377,19860018,17780216,13836,1768918,56533,18834599
1788980623065821892,19860738,17780477,13836,1769369,56548,18834599
1788980623183171897,19861471,17780739,13836,1769831,56561,18834599
1788980623300310998,19862221,17780992,13836,1770296,56573,18834599
1788980623416345927,19862941,17781232,13836,1770772,56585,18834599
1788980623534337316,19863681,17781478,13836,1771252,56597,18834599
1788980623649731959,19864394,17781743,13836,1771697,56610,18834599
1788980623764504233,19865106,17782005,13836,1772144,56620,18834599
1788980623880122812,19865858,17782254,13836,1772603,56638,18834599
1788980623995662450,19866551,17782499,13836,1773063,56651,18834599
1788980624111050271,19867302,17782751,13836,1773525,56666,18834599
1788980624233227532,19868073,17783009,13836,1774020,56675,18834599
1788980624348070752,19868813,17783274,13836,1774459,56692,18834599
1788980624464271365,19869543,17783542,13836,1774904,56702,18834599
1788980624581688024,19870276,17783790,13836,1775376,56716,18834599
1788980624701357847,19871033,17784039,13836,1775800,56793,18834599
1788980624819694234,19871777,17784267,13836,1776310,56804,18834599
1788980624934713263,19872525,17784526,13836,1776751,56819,18834599
1788980625051265700,19873261,17784794,13836,1777198,56835,18834599
1788980625167968946,19873999,17785067,13836,1777639,56849,18834599
1788980625283466659,19874724,17785329,13836,1778088,56861,18834599
1788980625400196455,19875453,17785569,13836,1778567,56870,18834599
1788980625517581378,19876174,17785784,13836,1779074,56883,18834599
1788980625633380359,19876915,17786070,13836,1779505,56894,18834599
1788980625749922836,19877649,17786332,13836,1779958,56909,18834599
1788980625865964305,19878380,17786588,13836,1780411,56924,18834599
1788980625981966981,19879112,17786839,13836,1780879,56937,18834599
1788980626096874043,19879826,17787071,13836,1781349,56949,18834599
1788980626209500942,19880529,17787292,13836,1781824,56961,18834599
1788980626324922204,19881259,17787543,13836,1782275,56979,18834599
1788980626440365158,19881979,17787805,13836,1782726,56991,18834599
1788980626555670920,19882700,17788083,13836,1783157,57002,18834599
1788980626671820617,19883437,17788330,13836,1783622,57015,18834599
1788980626789437712,19884170,17788551,13836,1784058,57094,18834599
1788980626903010301,19884878,17788777,13836,1784536,57103,18834599
1788980627018693143,19885598,17789036,13836,1784987,57116,18834599
1788980627134639223,19886318,17789287,13836,1785450,57128,18834599
1788980627250585273,19887043,17789541,13836,1785911,57138,18834599
1788980627367127650,19887787,17789805,13836,1786366,57150,18834599
1788980627482460585,19888515,17790039,13836,1786842,57161,18834599
1788980627600343650,19889242,17790260,13836,1787353,57171,18834599
1788980627715865224,19889968,17790550,13836,1787773,57182,18834599
1788980627829275668,19890676,17790841,13836,1788180,57193,18834599
1788980627944455833,19891400,17791100,13836,1788626,57207,18834599
1788980628060164433,19892120,17791403,13836,1789037,57216,18834599
1788980628174441366,19892837,17791671,13836,1789476,57228,18834599
1788980628291283615,19893584,17791902,13836,1789965,57241,18834599
1788980628407332748,19894312,17792161,13836,1790414,57258,18834599
1788980628524171603,19895029,17792422,13836,1790870,57271,18834599
1788980628640923972,19895756,17792707,13836,1791302,57286,18834599
1788980628760232539,19896500,17792957,13836,1791740,57340,18834599
1788980628875176465,19897228,17793186,13836,1792201,57377,18834599
1788980628991343100,19897955,17793417,13836,1792684,57387,18834599
1788980629106214957,19898687,17793673,13836,1793135,57403,18834599
1788980629221818637,19899414,17793944,13836,1793571,57417,18834599
1788980629338580282,19900165,17794200,13836,1794032,57430,18834599
1788980629454353440,19900897,17794470,13836,1794477,57442,18834599
1788980629570510414,19901623,17794714,13836,1794950,57452,18834599
1788980629689448626,19902360,17794964,13836,1795439,57462,18834599
1788980629805645499,19903078,17795234,13836,1795877,57476,18834599
1788980629922195613,19903806,17795505,13836,1796322,57491,18834599
1788980630037965843,19904532,17795781,13836,1796758,57504,18834599
1788980630154129984,19905276,17796035,13836,1797218,57519,18834599
1788980630270288228,19906004,17796252,13836,1797724,57526,18834599
1788980630383899404,19906713,17796502,13836,1798173,57540,18834599
1788980630498593049,19907438,17796758,13836,1798615,57554,18834599
1788980630614217830,19908169,17797006,13836,1799073,57568,18834599
1788980630729119474,19908912,17797268,13836,1799519,57581,18834599
1788980630845929978,19909665,17797514,13836,1799927,57664,18834599
1788980630960652187,19910388,17797754,13836,1800399,57673,18834599
1788980631075868671,19911089,17798013,13836,1800842,57685,18834599
1788980631189767054,19911808,17798281,13836,1801275,57700,18834599
1788980631306426165,19912550,17798531,13836,1801743,57712,18834599
1788980631423186842,19913290,17798792,13836,1802199,57724,18834599
1788980631539517242,19914035,17799062,13836,1802649,57732,18834599
1788980631656485791,19914781,17799312,13836,1803129,57739,18834599
1788980631773255380,19915508,17799560,13836,1803597,57751,18834599
1788980631888085033,19916224,17799835,13836,1804031,57762,18834599
1788980632005430264,19916950,17800085,13836,1804500,57779,18834599
1788980632121658703,19917687,17800347,13836,1804945,57794,18834599
1788980632238767148,19918428,17800593,13836,1805417,57808,18834599
1788980632353516831,19919143,17800817,13836,1805903,57819,18834599
1788980632468651012,19919866,17801074,13836,1806356,57831,18834599
1788980632584670223,19920613,17801346,13836,1806797,57844,18834599
1788980632699203664,19921322,17801618,13836,1807236,57853,18834599
1788980632815319202,19922051,17801881,13836,1807680,57870,18834599
1788980632930605705,19922785,17802100,13836,1808102,57951,18834599
1788980633047371492,19923524,17802336,13836,1808586,57963,18834599
1788980633163123136,19924257,17802621,13836,1809010,57978,18834599
1788980633278063188,19924985,17802879,13836,1809461,57991,18834599
1788980633393866093,19925721,17803140,13836,1809911,58002,18834599
1788980633508838941,19926446,17803399,13836,1810360,58012,18834599
1788980633626485995,19927199,17803656,13836,1810831,58022,18834599
1788980633741582647,19927910,17803891,13836,1811304,58036,18834599
1788980633857304916,19928657,17804147,13836,1811757,58051,18834599
1788980633973186540,19929376,17804395,13836,1812219,58066,18834599
1788980634089565177,19930103,17804647,13836,1812683,58077,18834599
1788980634207166590,19930839,17804917,13836,1813136,58092,18834599
1788980634323377525,19931551,17805162,13836,1813605,58102,18834599
1788980634438156765,19932262,17805401,13836,1814074,58113,18834599
1788980634551683775,19932952,17805661,13836,1814517,58123,18834599
1788980634667037446,19933676,17805916,13836,1814973,58134,18834599
1788980634782865611,19934411,17806164,13836,1815436,58148,18834599
1788980634898885644,19935152,17806412,13836,1815902,58161,18834599
1788980635014812968,19935885,17806651,13836,1816380,58172,18834599
1788980635131638534,19936607,17806929,13836,1816821,58184,18834599
1788980635247906993,19937356,17807205,13836,1817259,58198,18834599
1788980635363208155,19938075,17807469,13836,1817701,58213,18834599
1788980635476740121,19938790,17807736,13836,1818131,58229,18834599
1788980635594028020,19939543,17808019,13836,1818564,58246,18834599
1788980635713640354,19940305,17808267,13836,1818987,58326,18834599
1788980635828484677,19941017,17808508,13836,1819456,58336,18834599
1788980635943753515,19941730,17808762,13836,1819906,58353,18834599
1788980636059256451,19942475,17809033,13836,1820343,58369,18834599
1788980636175174214,19943209,17809329,13836,1820767,58379,18834599
1788980636289702019,19943939,17809600,13836,1821191,58397,18834599
1788980636404024497,19944633,17809854,13836,1821647,58409,18834599
1788980636525375376,19945392,17810113,13836,1822131,58426,18834599
1788980636641416415,19946127,17810361,13836,1822596,58436,18834599
1788980636756247503,19946831,17810610,13836,1823050,58449,18834599
1788980636872640875,19947564,17810857,13836,1823513,58469,18834599
1788980636990188692,19948284,17811123,13836,1823970,58481,18834599
1788980637106667121,19949026,17811355,13836,1824461,58489,18834599
1788980637222895810,19949742,17811627,13836,1824905,58502,18834599
1788980637339897713,19950463,17811907,13836,1825343,58514,18834599
1788980637455030661,19951180,17812168,13836,1825790,58527,18834599
1788980637571135236,19951908,17812422,13836,1826248,58541,18834599
1788980637685082793,19952628,17812661,13836,1826634,58628,18834599
1788980637798910920,19953341,17812887,13836,1827116,58635,18834599
1788980637913769449,19954068,17813143,13836,1827566,58649,18834599
1788980638030046575,19954797,17813411,13836,1828013,58661,18834599
1788980638147220467,19955544,17813680,13836,1828462,58676,18834599
1788980638262393107,19956277,17813965,13836,1828886,58688,18834599
1788980638378799227,19957023,17814221,13836,1829348,58700,18834599
1788980638496323963,19957756,17814446,13836,1829850,58707,18834599
1788980638611051437,19958502,17814702,13836,1830299,58722,18834599
1788980638727098306,19959230,17814976,13836,1830740,58734,18834599
1788980638842751852,19959956,17815242,13836,1831184,58747,18834599
1788980638959014123,19960676,17815492,13836,1831643,58763,18834599
1788980639073165826,19961404,17815724,13836,1832113,58776,18834599
1788980639187366315,19962136,17815946,13836,1832600,58783,18834599
1788980639300413382,19962847,17816203,13836,1833034,58801,18834599
1788980639413584107,19963534,17816499,13836,1833434,58816,18834599
1788980639530080291,19964255,17816756,13836,1833896,58826,18834599
1788980639646519015,19964980,17817009,13836,1834349,58845,18834599
1788980639762811072,19965727,17817271,13836,1834745,58921,18834599
1788980639878224840,19966454,17817501,13836,1835225,58931,18834599
1788980639995257443,19967204,17817745,13836,1835697,58947,18834599
1788980640112198493,19967932,17818018,13836,1836147,58956,18834599
1788980640228432658,19968666,17818291,13836,1836582,58972,18834599
1788980640345602311,19969403,17818552,13836,1837038,58988,18834599
1788980640461311176,19970148,17818803,13836,1837499,59001,18834599
1788980640578470471,19970883,17819038,13836,1837989,59010,18834599
1788980640696353254,19971638,17819300,13836,1838450,59023,18834599
1788980640811428272,19972350,17819547,13836,1838910,59036,18834599
1788980640928226592,19973076,17819804,13836,1839367,59051,18834599
1788980641043588035,19973808,17820082,13836,1839800,59063,18834599
1788980641159717510,19974562,17820321,13836,1840280,59074,18834599
1788980641278408944,19975296,17820566,13836,1840765,59085,18834599
1788980641393593756,19975992,17820835,13836,1841211,59094,18834599
1788980641508268644,19976720,17821096,13836,1841653,59105,18834599
1788980641623746428,19977445,17821357,13836,1842099,59118,18834599
1788980641739916035,19978181,17821613,13836,1842554,59134,18834599
1788980641856363127,19978914,17821826,13836,1842997,59212,18834599
1788980641975057833,19979663,17822078,13836,1843472,59225,18834599
1788980642090539506,19980365,17822339,13836,1843916,59242,18834599
1788980642206175503,19981106,17822597,13836,1844367,59257,18834599
1788980642322186835,19981817,17822844,13836,1844831,59271,18834599
1788980642435959545,19982532,17823098,13836,1845274,59285,18834599
1788980642550450045,19983239,17823394,13836,1845686,59296,18836391
1788980642662200267,19983954,17824088,13836,1845690,59303,18870567
1788980642776100713,19984685,17824336,13836,1846161,59304,18870567
1788980642894481458,19985442,17824465,13836,1846782,59304,18870567
1788980643008637188,19986172,17824486,13836,1847495,59304,18870567
1788980643126219149,19986927,17824598,13836,1848128,59306,18870567
1788980643243843112,19987677,17824721,13836,1848754,59306,18870567
1788980643359411122,19988428,17824797,13836,1849411,59306,18870567
1788980643477620665,19989177,17824924,13836,1850040,59306,18870567
1788980643595851448,19989937,17825047,13836,1850668,59306,18870567
1788980643711409108,19990674,17825165,13836,1851280,59307,18870567
1788980643829591280,19991423,17825309,13836,1851892,59307,18870567
1788980643945183303,19992167,17825348,13836,1852590,59308,18870567
1788980644063372214,19992930,17825494,13836,1853193,59308,18870567
1788980644181358577,19993683,17825570,13836,1853866,59308,18870567
1788980644296167124,19994419,17825631,13836,1854537,59309,18870567
1788980644413633252,19995172,17825717,13836,1855201,59310,18870567
1788980644530852566,19995925,17825798,13836,1855866,59310,18870567
1788980644645917832,19996662,17825869,13836,1856525,59310,18870567
1788980644763932913,19997416,17826014,13836,1857131,59310,18870567
1788980644879222513,19998157,17826064,13836,1857815,59310,18870567
1788980644995478512,19998900,17826191,13836,1858423,59311,18870567
1788980645113705214,19999652,17826264,13836,1859108,59311,18870567
1788980645228778190,20000384,17826352,13836,1859748,59314,18870567
1788980645346881258,20001145,17826457,13836,1860394,59315,18870567
1788980645461155691,20001875,17826507,13836,1861071,59316,18870567
1788980645576224575,20002617,17826599,13836,1861709,59317,18870567
1788980645694251296,20003369,17826720,13836,1862339,59318,18870567
1788980645809494309,20004099,17826768,13836,1863024,59318,18870567
1788980645924042010,20004830,17826881,13836,1863642,59318,18870567
1788980646041950235,20005574,17827012,13836,1864261,59319,18870567
1788980646157777998,20006303,17827139,13836,1864871,59320,18870567
1788980646289307585,20007150,17827316,13836,1865527,59320,18870567
1788980646405658764,20007892,17827448,13836,1866138,59320,18870567
1788980646523643555,20008644,17827540,13836,1866797,59320,18870567
1788980646638928443,20009384,17827624,13836,1867443,59322,18870567
1788980646756278578,20010135,17827740,13836,1868072,59322,18870567
1788980646875039492,20010886,17827932,13836,1868636,59323,18870567
1788980646992652691,20011639,17828046,13836,1869271,59324,18870567
1788980647110710506,20012391,17828189,13836,1869877,59325,18870567
1788980647227695126,20013137,17828317,13836,1870493,59325,18870567
1788980647345772028,20013891,17828418,13836,1871144,59325,18870567
1788980647460770651,20014620,17828521,13836,1871771,59326,18870567
1788980647578909410,20015378,17828638,13836,1872406,59327,18870567
1788980647697686904,20016136,17828791,13836,1873008,59327,18870567
1788980647816244017,20016892,17828876,13836,1873674,59327,18870567
1788980647935144874,20017662,17829064,13836,1874242,59327,18870567
1788980648053264874,20018420,17829181,13836,1874877,59328,18870567
1788980648171555869,20019175,17829299,13836,1875517,59328,18870567
1788980648286713748,20019906,17829401,13836,1876144,59329,18870567
1788980648404962355,20020674,17829535,13836,1876760,59329,18870567
1788980648523269583,20021430,17829653,13836,1877392,59330,18870567
1788980648641339283,20022188,17829776,13836,1878020,59330,18870567
1788980648759256121,20022933,17829897,13836,1878648,59330,18870567
1788980648877550767,20023682,17830014,13836,1879287,59331,18870567
1788980648992051052,20024417,17830047,13836,1879982,59332,18870567
1788980649108444305,20025158,17830129,13836,1880640,59333,18870567
1788980649223422208,20025896,17830246,13836,1881251,59333,18870567
1788980649340218504,20026651,17830413,13836,1881828,59333,18870567
1788980649458304396,20027405,17830547,13836,1882445,59333,18870567
1788980649576624364,20028165,17830696,13836,1883051,59334,18870567
1788980649694686069,20028922,17830845,13836,1883652,59334,18870567
1788980649810065862,20029662,17830873,13836,1884358,59334,18870567
1788980649927037705,20030409,17831010,13836,1884964,59335,18870567
1788980650045034653,20031159,17831124,13836,1885602,59335,18870567
1788980650161653235,20031903,17831278,13836,1886190,59336,18870567
1788980650277630120,20032646,17831396,13836,1886810,59337,18870567
1788980650395647701,20033399,17831550,13836,1887405,59338,18870567
1788980650513609672,20034150,17831667,13836,1888039,59338,18870567
1788980650629126074,20034887,17831705,13836,1888734,59339,18870567
1788980650743064873,20035621,17831823,13836,1889340,59339,18870567
1788980650861266116,20036374,17831948,13836,1889965,59339,18870567
1788980650978360899,20037116,17832071,13836,1890584,59342,18870567
1788980651096393916,20037874,17832171,13836,1891238,59343,18870567
1788980651212778066,20038607,17832313,13836,1891834,59345,18870567
1788980651330346490,20039355,17832413,13836,1892479,59345,18870567
1788980651445754182,20040092,17832481,13836,1893150,59345,18870567
1788980651563864567,20040849,17832565,13836,1893817,59345,18870567
1788980651681919532,20041601,17832707,13836,1894424,59346,18870567
1788980651799012839,20042343,17832870,13836,1895003,59348,18870567
1788980651916925484,20043109,17833010,13836,1895614,59348,18870567
1788980652033344319,20043845,17833130,13836,1896232,59348,18870567
1788980652151429323,20044599,17833211,13836,1896903,59348,18870567
1788980652266723033,20045333,17833292,13836,1897558,59349,18870567
1788980652384843616,20046087,17833404,13836,1898197,59349,18870567
1788980652502051981,20046854,17833533,13836,1898812,59349,18870567
1788980652620096897,20047607,17833668,13836,1899428,59349,18870567
1788980652737860159,20048362,17833828,13836,1900017,59350,18870567
1788980652855818360,20049111,17833943,13836,1900653,59350,18870567
1788980652973823075,20049864,17834030,13836,1901318,59350,18870567
1788980653089016510,20050599,17834126,13836,1901953,59351,18870567
1788980653207151267,20051349,17834308,13836,1902520,59352,18870567
1788980653325293661,20052108,17834467,13836,1903110,59353,18870567
1788980653443129467,20052866,17834580,13836,1903750,59353,18870567
1788980653561469864,20053630,17834713,13836,1904368,59353,18870567
1788980653679139444,20054379,17834798,13836,1905034,59353,18870567
1788980653793604152,20055106,17834873,13836,1905690,59353,18870567
1788980653909047161,20055848,17834972,13836,1906322,59354,18870567
1788980654027104791,20056601,17835135,13836,1906911,59354,18870567
1788980654145403246,20057357,17835330,13836,1907463,59357,18870567
1788980654263337728,20058107,17835450,13836,1908092,59357,18870567
1788980654381671296,20058865,17835620,13836,1908678,59358,18870567
1788980654499669292,20059618,17835754,13836,1909293,59358,18870567
1788980654614526883,20060355,17835795,13836,1909987,59358,18870567
1788980654729975083,20061098,17835880,13836,1910632,59359,18870567
1788980654846046979,20061842,17835991,13836,1911259,59359,18870567
1788980654968046594,20062622,17836152,13836,1911872,59361,18870567
1788980655092045458,20063418,17836288,13836,1912527,59361,18870567
1788980655221846635,20064237,17836463,13836,1913176,59364,18870567
1788980655339533455,20064988,17836620,13836,1913770,59364,18870567
1788980655470316728,20065819,17836719,13836,1914496,59364,18870567
1788980655588037154,20066568,17836820,13836,1915145,59365,18870567
1788980655706037075,20067317,17836970,13836,1915745,59366,18870567
1788980655822845287,20068065,17837106,13836,1916352,59366,18870567
1788980655940750747,20068819,17837241,13836,1916968,59366,18870567
1788980656056594432,20069554,17837360,13836,1917586,59367,18870567
1788980656174689015,20070306,17837432,13836,1918267,59367,18870567
1788980656289875556,20071044,17837509,13836,1918921,59367,18870567
1788980656407775760,20071795,17837610,13836,1919570,59367,18870567
1788980656524184450,20072534,17837767,13836,1920151,59368,18870567
1788980656643616180,20073291,17837854,13836,1920827,59368,18870567
1788980656761705535,20074055,17838024,13836,1921407,59368,18870567
1788980656879170075,20074808,17838113,13836,1922063,59369,18870567
1788980656997301958,20075559,17838184,13836,1922744,59369,18870567
1788980657112219790,20076301,17838263,13836,1923395,59370,18870567
1788980657230240425,20077056,17838381,13836,1924028,59371,18870567
1788980657348588302,20077809,17838539,13836,1924623,59373,18870567
1788980657466633930,20078569,17838657,13836,1925256,59374,18870567
1788980657584285172,20079324,17838801,13836,1925860,59374,18870567
1788980657702930950,20080086,17838911,13836,1926504,59374,18870567
1788980657816483137,20080813,17838986,13836,1927149,59374,18870567
1788980657931438189,20081551,17839072,13836,1927793,59375,18870567
1788980658049593746,20082300,17839192,13836,1928429,59375,18870567
1788980658167662333,20083043,17839379,13836,1928992,59376,18870567
1788980658285743006,20083806,17839521,13836,1929600,59377,18870567
1788980658404160827,20084565,17839683,13836,1930187,59378,18870567
1788980658522354233,20085324,17839818,13836,1930802,59379,18870567
1788980658636883378,20086059,17839851,13836,1931509,59379,18870567
1788980658753471820,20086796,17839942,13836,1932147,59380,18870567
1788980658871367524,20087550,17840057,13836,1932784,59380,18870567
1788980658988876470,20088300,17840196,13836,1933394,59382,18870567
1788980659106971145,20089047,17840343,13836,1933997,59383,18870567
1788980659225273115,20089806,17840528,13836,1934562,59383,18870567
1788980659345920030,20090581,17840699,13836,1935159,59384,18870567
1788980659460390555,20091313,17840760,13836,1935826,59384,18870567
1788980659576913690,20092068,17840879,13836,1936447,59386,18870567
1788980659694809501,20092823,17840982,13836,1937095,59387,18870567
1788980659811409940,20093569,17841109,13836,1937707,59388,18870567
1788980659929205976,20094323,17841199,13836,1938365,59389,18870567
1788980660046446373,20095066,17841325,13836,1938985,59390,18870567
1788980660161090675,20095803,17841431,13836,1939608,59390,18870567
1788980660276396350,20096537,17841486,13836,1940285,59391,18870567
1788980660393276711,20097287,17841585,13836,1940931,59391,18870567
1788980660511244326,20098036,17841722,13836,1941544,59391,18870567
1788980660628217917,20098782,17841827,13836,1942183,59392,18870567
1788980660747202555,20099539,17841959,13836,1942807,59394,18870567
1788980660862429455,20100271,17842110,13836,1943386,59394,18870567
1788980660980818706,20101028,17842191,13836,1944064,59394,18870567
1788980661095761817,20101761,17842275,13836,1944710,59395,18870567
1788980661213521336,20102509,17842399,13836,1945337,59395,18870567
1788980661331722688,20103255,17842564,13836,1945921,59396,18870567
1788980661450398715,20104013,17842665,13836,1946570,59396,18870567
1788980661568375110,20104768,17842835,13836,1947149,59397,18870567
1788980661685561681,20105509,17842926,13836,1947809,59398,18870567
1788980661803540243,20106262,17843002,13836,1948484,59398,18870567
1788980661918358450,20106990,17843083,13836,1949127,59399,18870567
1788980662036336791,20107745,17843206,13836,1949756,59399,18870567
1788980662151425512,20108480,17843234,13836,1950462,59400,18870567
1788980662268547918,20109226,17843361,13836,1951056,59426,18870567
1788980662386589581,20109984,17843429,13836,1951722,59444,18870567
1788980662501633511,20110715,17843487,13836,1952371,59469,18870567
1788980662620602322,20111476,17843571,13836,1952992,59521,18870567
1788980662739093264,20112237,17843645,13836,1953665,59526,18870567
1788980662854902327,20112990,17843718,13836,1954297,59559,18870567
1788980662973071655,20113744,17843814,13836,1954909,59602,18870567
1788980663088230764,20114481,17843836,13836,1955623,59602,18870567
1788980663206677325,20115232,17843961,13836,1956199,59654,18870567
1788980663325189543,20115985,17844066,13836,1956825,59674,18870567
1788980663440333364,20116723,17844119,13836,1957496,59682,18870567
1788980663557646210,20117472,17844210,13836,1958102,59736,18870567
1788980663676417459,20118230,17844278,13836,1958776,59746,18870567
1788980663791436689,20118960,17844356,13836,1959403,59773,18870567
1788980663909733501,20119717,17844498,13836,1959986,59803,18870567
1788980664023927639,20120448,17844535,13836,1960678,59803,18870567
1788980664138813737,20121176,17844620,13836,1961289,59839,18870567
1788980664257050606,20121932,17844744,13836,1961889,59866,18870567
1788980664372254165,20122667,17844772,13836,1962590,59871,18870567
1788980664487183344,20123402,17844883,13836,1963156,59925,18870567
1788980664605476401,20124158,17844966,13836,1963813,59937,18870567
1788980664720197938,20124891,17845025,13836,1964470,59953,18870567
1788980664838497436,20125634,17845258,13836,1964922,60016,18870567
1788980664952091137,20126368,17845515,13836,1965363,60027,18870567
1788980665067965458,20127117,17845769,13836,1965820,60040,18870567
1788980665184174397,20127849,17846027,13836,1966280,60050,18870567
1788980665298468773,20128560,17846330,13836,1966682,60063,18870567
1788980665414627521,20129298,17846577,13836,1967148,60077,18870567
1788980665533559149,20130045,17846840,13836,1967618,60088,18870567
1788980665648854514,20130758,17847129,13836,1968026,60113,18870567
1788980665764747802,20131497,17847376,13836,1968485,60130,18870567
1788980665880120795,20132241,17847633,13836,1968942,60143,18870567
1788980665995170695,20132952,17847970,13836,1969312,60153,18870567
1788980666111533705,20133697,17848202,13836,1969787,60179,18870567
1788980666225397067,20134399,17848489,13836,1970200,60191,18870567
1788980666341802058,20135137,17848745,13836,1970659,60203,18870567
1788980666456235804,20135839,17849012,13836,1971094,60216,18870567
1788980666573096549,20136563,17849265,13836,1971558,60229,18870567
1788980666690295832,20137302,17849547,13836,1971997,60240,18870567
1788980666806835908,20138053,17849829,13836,1972436,60250,18870567
1788980666920845253,20138767,17850093,13836,1972874,60264,18870567
1788980667037351952,20139496,17850346,13836,1973336,60275,18870567
1788980667152486035,20140211,17850590,13836,1973797,60290,18870567
1788980667269298786,20140965,17850867,13836,1974239,60304,18870567
1788980667385425656,20141691,17851118,13836,1974703,60314,18870567
1788980667502070263,20142417,17851351,13836,1975193,60323,18870567
1788980667616488406,20143137,17851613,13836,1975634,60336,18870567
1788980667733567266,20143878,17851882,13836,1976084,60349,18870567
1788980667848824539,20144617,17852153,13836,1976522,60363,18870567
1788980667963816322,20145337,17852452,13836,1976931,60373,18870567
1788980668079921372,20146065,17852722,13836,1977381,60383,18870567
1788980668196453505,20146791,17852954,13836,1977868,60392,18870567
1788980668311785698,20147507,17853242,13836,1978289,60406,18870567
1788980668427494721,20148256,17853500,13836,1978732,60427,18870567
1788980668542760912,20148991,17853774,13836,1979168,60438,18870567
1788980668659493775,20149720,17854038,13836,1979624,60450,18870567
1788980668773665128,20150435,17854338,13836,1980026,60464,18870567
1788980668886927412,20151147,17854571,13836,1980493,60475,18870567
1788980669003338447,20151871,17854838,13836,1980940,60487,18870567
1788980669119823553,20152609,17855116,13836,1981378,60501,18870567
1788980669235869770,20153344,17855369,13836,1981840,60514,18870567
1788980669352208638,20154069,17855635,13836,1982285,60527,18870567
1788980669467415165,20154806,17855897,13836,1982736,60540,18870567
1788980669588063830,20155559,17856158,13836,1983216,60556,18870567
1788980669702951963,20156289,17856432,13836,1983638,60575,18870567
1788980669816809712,20157018,17856713,13836,1984062,60587,18870567
1788980669932402582,20157757,17856974,13836,1984508,60599,18870567
1788980670048292466,20158494,17857208,13836,1984987,60611,18870567
1788980670165353846,20159232,17857468,13836,1985452,60624,18870567
1788980670281900839,20159986,17857730,13836,1985907,60633,18870567
1788980670398769041,20160728,17858003,13836,1986349,60650,18870567
1788980670512484357,20161462,17858271,13836,1986782,60664,18870567
1788980670629038825,20162183,17858524,13836,1987243,60675,18870567
1788980670743617516,20162903,17858777,13836,1987696,60688,18870567
1788980670857415659,20163644,17859026,13836,1988141,60709,18870567
1788980670971771635,20164363,17859295,13836,1988570,60725,18870567
1788980671088722209,20165085,17859555,13836,1989027,60741,18870567
1788980671205706155,20165827,17859821,13836,1989474,60758,18870567
1788980671322341142,20166561,17860068,13836,1989947,60769,18870567
1788980671438838925,20167312,17860332,13836,1990398,60786,18870567
1788980671553869580,20168040,17860624,13836,1990812,60799,18870567
1788980671670266995,20168756,17860891,13836,1991262,60812,18870567
1788980671785036727,20169485,17861201,13836,1991656,60825,18870567
1788980671899715930,20170207,17861462,13836,1992099,60841,18870567
1788980672014363815,20170921,17861752,13836,1992513,60854,18870567
1788980672129432721,20171639,17862019,13836,1992959,60864,18870567
1788980672245401689,20172380,17862268,13836,1993422,60878,18870567
1788980672361733112,20173105,17862543,13836,1993860,60892,18870567
1788980672477543569,20173845,17862797,13836,1994316,60905,18870567
1788980672593098563,20174587,17863047,13836,1994774,60918,18870567
1788980672708837469,20175312,17863318,13836,1995214,60932,18870567
1788980672825184761,20176043,17863574,13836,1995677,60945,18870567
1788980672944540302,20176793,17863836,13836,1996150,60957,18870567
1788980673059811490,20177508,17864097,13836,1996592,60974,18870567
1788980673175472472,20178259,17864361,13836,1997035,60990,18870567
1788980673291824889,20179009,17864614,13836,1997501,60999,18870567
1788980673408596632,20179740,17864861,13836,1997967,61015,18870567
1788980673524361749,20180458,17865092,13836,1998451,61024,18870567
1788980673639744883,20181188,17865352,13836,1998905,61032,18870567
1788980673755347159,20181883,17865628,13836,1999342,61045,18870567
1788980673871340938,20182605,17865904,13836,1999773,61061,18870567
1788980673987717396,20183336,17866154,13836,2000237,61075,18870567
1788980674103127355,20184061,17866431,13836,2000666,61091,18870567
1788980674219645274,20184793,17866672,13836,2001145,61102,18870567
1788980674334089990,20185523,17866945,13836,2001574,61118,18870567
1788980674449919428,20186273,17867207,13836,2002017,61137,18870567
1788980674565618171,20186980,17867485,13836,2002448,61151,18870567
1788980674681718267,20187698,17867742,13836,2002904,61166,18870567
1788980674796086967,20188422,17868038,13836,2003319,61175,18870567
1788980674910924526,20189146,17868311,13836,2003754,61185,18870567
1788980675026697015,20189890,17868576,13836,2004201,61197,18870567
1788980675141624700,20190605,17868830,13836,2004653,61210,18870567
1788980675257504253,20191333,17869109,13836,2005083,61225,18870567
1788980675371512693,20192041,17869357,13836,2005532,61241,18870567
1788980675487854422,20192770,17869609,13836,2005994,61256,18870567
1788980675602877907,20193509,17869834,13836,2006481,61264,18870567
1788980675716027899,20194230,17870087,13836,2006914,61283,18870567
1788980675831413453,20194957,17870333,13836,2007379,61294,18870567
1788980675947046226,20195699,17870598,13836,2007823,61311,18870567
1788980676063021516,20196448,17870869,13836,2008264,61322,18870567
1788980676178935708,20197177,17871103,13836,2008751,61333,18870567
1788980676294535847,20197904,17871383,13836,2009179,61348,18870567
1788980676409705406,20198618,17871636,13836,2009633,61357,18870567
1788980676524828922,20199346,17871911,13836,2010068,61366,18870567
1788980676640365281,20200068,17872158,13836,2010533,61380,18870567
1788980676756784371,20200788,17872408,13836,2010992,61396,18870567
1788980676871805245,20201511,17872666,13836,2011445,61408,18870567
1788980676987269927,20202215,17872919,13836,2011907,61418,18870567
1788980677103785006,20202953,17873184,13836,2012356,61433,18870567
1788980677218537020,20203667,17873451,13836,2012790,61446,18870567
1788980677334639878,20204418,17873717,13836,2013238,61458,18870567
1788980677450385123,20205150,17873960,13836,2013705,61471,18870567
1788980677566718182,20205892,17874219,13836,2014164,61484,18870567
1788980677681587330,20206622,17874489,13836,2014606,61494,18870567
1788980677796854673,20207355,17874765,13836,2015039,61503,18870567
1788980677913506593,20208087,17875039,13836,2015482,61518,18870567
1788980678029785811,20208814,17875303,13836,2015927,61535,18870567
1788980678145098729,20209551,17875576,13836,2016365,61549,18870567
1788980678260654543,20210266,17875859,13836,2016795,61558,18870567
1788980678378038575,20211008,17876117,13836,2017255,61574,18870567
1788980678493593837,20211730,17876366,13836,2017715,61590,18870567
1788980678616186197,20212485,17876635,13836,2018191,61609,18870567
1788980678731728341,20213225,17876930,13836,2018606,61622,18870567
1788980678848915547,20213955,17877209,13836,2019055,61634,18870567
1788980678968623298,20214696,17877471,13836,2019524,61649,18870567
1788980679084947746,20215438,17877750,13836,2019960,61663,18870567
1788980679199426458,20216157,17878009,13836,2020397,61680,18870567
1788980679315654149,20216889,17878262,13836,2020859,61693,18870567
1788980679432396646,20217612,17878506,13836,2021335,61704,18870567
1788980679549055669,20218356,17878756,13836,2021801,61717,18870567
1788980679666146749,20219090,17879079,13836,2022200,61731,18870567
1788980679781996708,20219815,17879340,13836,2022650,61745,18870567
1788980679896743725,20220540,17879596,13836,2023098,61756,18870567
1788980680012870365,20221262,17879845,13836,2023556,61775,18870567
1788980680128307918,20221989,17880135,13836,2023980,61784,18870567
1788980680244572391,20222736,17880375,13836,2024459,61794,18870567
1788980680359226392,20223482,17880630,13836,2024910,61806,18870567
1788980680474829072,20224207,17880898,13836,2025350,61821,18870567
1788980680590932597,20224929,17881160,13836,2025804,61833,18870567
1788980680707608258,20225649,17881431,13836,2026248,61846,18870567
1788980680822557727,20226381,17881673,13836,2026712,61860,18870567
1788980680937614668,20227110,17881917,13836,2027183,61869,18870567
1788980681053811134,20227850,17882183,13836,2027631,61883,18870567
1788980681169627308,20228588,17882426,13836,2028092,61901,18870567
1788980681284655196,20229310,17882687,13836,2028535,61917,18870567
1788980681400724883,20230043,17882932,13836,2028999,61932,18870567
1788980681516847554,20230779,17883192,13836,2029454,61944,18870567
1788980681634194550,20231526,17883454,13836,2029917,61956,18870567
1788980681750255942,20232274,17883722,13836,2030359,61970,18870567
1788980681866613332,20233005,17883989,13836,2030809,61982,18870567
1788980681983332776,20233746,17884260,13836,2031259,61991,18870567
1788980682097127227,20234454,17884514,13836,2031705,62005,18870567
1788980682213243045,20235175,17884741,13836,2032199,62015,18870567
1788980682326703231,20235867,17885006,13836,2032635,62024,18870567
1788980682441198901,20236575,17885252,13836,2033090,62036,18870567
1788980682556789233,20237298,17885502,13836,2033550,62049,18870567
1788980682672326000,20238036,17885785,13836,2033983,62060,18870567
1788980682786485787,20238778,17886042,13836,2034426,62072,18870567
1788980682901687401,20239489,17886281,13836,2034900,62079,18870567
1788980683019306864,20240230,17886530,13836,2035371,62092,18870567
1788980683133462460,20240957,17886832,13836,2035776,62103,18870567
1788980683249663842,20241688,17887107,13836,2036212,62118,18870567
1788980683366566173,20242425,17887373,13836,2036665,62130,18870567
1788980683482554316,20243154,17887623,13836,2037130,62142,18870567
1788980683597634392,20243886,17887885,13836,2037574,62158,18870567
1788980683713970656,20244622,17888132,13836,2038042,62169,18870567
1788980683829214744,20245330,17888393,13836,2038491,62180,18870567
1788980683944741791,20246069,17888678,13836,2038918,62192,18870567
1788980684061299645,20246791,17888933,13836,2039378,62209,18870567
1788980684176756033,20247515,17889222,13836,2039796,62223,18870567
1788980684290753336,20248218,17889449,13836,2040272,62235,18870567
1788980684407797608,20248942,17889716,13836,2040720,62253,18870567
1788980684522784287,20249661,17889968,13836,2041174,62265,18870567
1788980684638034491,20250414,17890231,13836,2041612,62286,18870567
1788980684754397920,20251149,17890578,13836,2041985,62297,18870567
1788980684870440778,20251885,17890828,13836,2042444,62312,18870567
1788980684985511762,20252623,17891095,13836,2042894,62321,18870567
1788980685099569992,20253348,17891368,13836,2043322,62332,18870567
1788980685216956934,20254073,17891639,13836,2043772,62345,18870567
1788980685332512334,20254787,17891892,13836,2044228,62358,18870567
1788980685446550524,20255494,17892132,13836,2044693,62368,18870567
1788980685559891798,20256226,17892396,13836,2045130,62377,18870567
1788980685676751886,20256947,17892633,13836,2045614,62389,18870567
1788980685792324555,20257696,17892879,13836,2046079,62403,18870567
1788980685907461995,20258399,17893139,13836,2046526,62418,18870567
1788980686022231700,20259130,17893405,13836,2046959,62432,18870567
1788980686136392828,20259853,17893667,13836,2047400,62445,18870567
1788980686252231542,20260588,17893923,13836,2047860,62455,18870567
1788980686369607438,20261336,17894185,13836,2048321,62466,18870567
1788980686482852917,20262053,17894440,13836,2048767,62478,18870567
1788980686598410846,20262753,17894698,13836,2049216,62490,18870567
1788980686712609529,20263488,17894970,13836,2049646,62503,18870567
1788980686827517835,20264205,17895286,13836,2050038,62515,18870567
1788980686944370707,20264934,17895559,13836,2050488,62529,18870567
1788980687060561839,20265651,17895846,13836,2050916,62541,18870567
1788980687177396696,20266384,17896104,13836,2051371,62558,18870567
1788980687292355039,20267108,17896372,13836,2051808,62572,18870567
1788980687407076589,20267825,17896624,13836,2052265,62580,18870567
1788980687523618263,20268546,17896874,13836,2052732,62594,18870567
1788980687640240156,20269290,17897106,13836,2053218,62606,18870567
1788980687757678119,20270033,17897351,13836,2053691,62622,18870567
1788980687873094737,20270758,17897611,13836,2054143,62633,18870567
1788980687988768740,20271484,17897879,13836,2054585,62645,18870567
1788980688105349268,20272235,17898140,13836,2055039,62658,18870567
1788980688221040847,20272980,17898425,13836,2055467,62672,18870567
1788980688338605824,20273709,17898697,13836,2055922,62685,18870567
1788980688454178547,20274440,17898955,13836,2056372,62696,18870567
1788980688569701040,20275171,17899208,13836,2056830,62707,18870567
1788980688684684122,20275898,17899455,13836,2057291,62721,18870567
1788980688799930597,20276631,17899719,13836,2057734,62731,18870567
1788980688913885480,20277362,17899967,13836,2058186,62746,18870567
1788980689030091340,20278080,17900216,13836,2058654,62758,18870567
1788980689144070525,20278806,17900485,13836,2059085,62775,18870567
1788980689260090286,20279551,17900751,13836,2059531,62784,18870567
1788980689375053527,20280275,17901015,13836,2059970,62800,18870567
1788980689491270446,20280995,17901308,13836,2060393,62812,18870567
1788980689606806674,20281730,17901548,13836,2060869,62822,18870567
1788980689724128057,20282481,17901847,13836,2061293,62834,18870567
1788980689840499210,20283172,17902115,13836,2061738,62847,18870567
1788980689956861021,20283923,17902384,13836,2062185,62858,18870567
1788980690073107569,20284640,17902639,13836,2062641,62874,18870567
1788980690187822432,20285367,17902907,13836,2063075,62891,18870567
1788980690303355977,20286115,17903158,13836,2063539,62901,18870567
1788980690417638715,20286844,17903414,13836,2063989,62912,18870567
1788980690531943385,20287587,17903659,13836,2064447,62926,18870567
1788980690648506976,20288317,17903932,13836,2064889,62938,18870567
1788980690763031124,20289035,17904191,13836,2065335,62950,18870567
1788980690880066095,20289767,17904432,13836,2065815,62958,18870567
1788980690996903131,20290493,17904678,13836,2066290,62971,18870567
1788980691111355694,20291224,17904930,13836,2066741,62988,18870567
1788980691226515197,20291940,17905176,13836,2067200,63004,18870567
1788980691341709169,20292665,17905432,13836,2067652,63013,18870567
1788980691457798209,20293385,17905717,13836,2068083,63024,18870567
1788980691573759483,20294119,17905975,13836,2068538,63038,18870567
1788980691691003550,20294816,17906207,13836,2069025,63053,18870567
1788980691806683765,20295546,17906465,13836,2069479,63069,18870567
1788980691922968049,20296274,17906720,13836,2069935,63083,18870567
1788980692038655756,20297005,17906974,13836,2070390,63096,18870567
1788980692154263065,20297730,17907260,13836,2070818,63106,18870567
1788980692268855648,20298437,17907510,13836,2071270,63120,18870567
1788980692392222913,20299208,17907750,13836,2071797,63129,18870567
1788980692506969944,20299946,17907995,13836,2072251,63144,18870567
1788980692622726627,20300654,17908251,13836,2072705,63157,18870567
1788980692738736047,20301399,17908542,13836,2073129,63168,18870567
1788980692856659375,20302153,17908831,13836,2073568,63180,18870567
1788980692973047294,20302908,17909079,13836,2074038,63191,18870567
1788980693090678590,20303638,17909344,13836,2074496,63203,18870567
1788980693206521696,20304347,17909603,13836,2074953,63213,18870567
1788980693322384738,20305080,17909855,13836,2075412,63228,18870567
1788980693438875300,20305824,17910110,13836,2075871,63240,18870567
1788980693553312183,20306546,17910353,13836,2076332,63250,18870567
1788980693667261609,20307261,17910587,13836,2076799,63266,18870567
1788980693781786662,20308000,17910858,13836,2077227,63284,18870567
1788980693896047387,20308716,17911118,13836,2077672,63296,18870567
1788980694012607824,20309437,17911372,13836,2078133,63310,18870567
1788980694128943766,20310175,17911615,13836,2078601,63324,18870567
1788980694243235229,20310902,17911926,13836,2078993,63339,18870567
1788980694360036296,20311619,17912187,13836,2079452,63350,18870567
1788980694476266305,20312356,17912449,13836,2079909,63362,18870567
1788980694592375632,20313103,17912706,13836,2080363,63374,18870567
1788980694708636103,20313831,17912960,13836,2080817,63392,18870567
1788980694824946001,20314553,17913214,13836,2081284,63403,18870567
1788980694940377621,20315271,17913466,13836,2081743,63413,18870567
1788980695056559246,20316004,17913779,13836,2082148,63422,18870567
1788980695171948094,20316718,17914086,13836,2082548,63437,18870567
1788980695287893291,20317446,17914348,13836,2083000,63449,18870567
1788980695401537012,20318157,17914624,13836,2083426,63462,18870567
1788980695517807823,20318899,17914876,13836,2083880,63479,18870567
1788980695634556276,20319638,17915140,13836,2084336,63491,18870567
1788980695749127332,20320326,17915387,13836,2084796,63503,18870567
1788980695866059738,20321074,17915658,13836,2085241,63518,18870567
1788980695980677619,20321779,17915912,13836,2085691,63532,18870567
1788980696094532672,20322477,17916223,13836,2086084,63541,18870567
1788980696208723660,20323194,17916540,13836,2086471,63556,18870567
1788980696323734508,20323913,17916807,13836,2086914,63566,18870567
1788980696440884579,20324646,17917067,13836,2087372,63581,18870567
1788980696557422242,20325390,17917315,13836,2087840,63594,18870567
1788980696673084442,20326124,17917597,13836,2088269,63609,18870567
1788980696788723758,20326837,17917851,13836,2088727,63620,18870567
1788980696903540615,20327561,17918093,13836,2089193,63629,18870567
1788980697019781697,20328286,17918388,13836,2089620,63636,18870567
1788980697135510413,20329018,17918647,13836,2090076,63647,18870567
1788980697250846149,20329738,17918915,13836,2090518,63657,18870567
1788980697366830005,20330452,17919170,13836,2090977,63669,18870567
1788980697482508563,20331184,17919431,13836,2091426,63682,18870567
1788980697598727890,20331891,17919678,13836,2091893,63695,18870567
1788980697715145425,20332635,17920155,13836,2092141,63702,18887719
1788980697832182015,20333383,17920700,13836,2092330,63706,18903975
1788980697952374705,20334145,17920813,13836,2092977,63708,18903975
1788980698070273846,20334905,17920897,13836,2093643,63710,18903975
1788980698185471835,20335638,17920953,13836,2094318,63711,18903975
1788980698303404380,20336395,17921081,13836,2094941,63711,18903975
1788980698421580391,20337151,17921158,13836,2095622,63711,18903975
1788980698537155949,20337903,17921258,13836,2096253,63711,18903975
1788980698655713097,20338660,17921410,13836,2096854,63713,18903975
1788980698771071316,20339403,17921468,13836,2097530,63714,18903975
1788980698885839950,20340132,17921579,13836,2098150,63714,18903975
1788980699004043418,20340892,17921755,13836,2098725,63714,18903975
1788980699119478611,20341629,17921816,13836,2099398,63714,18903975
1788980699236060734,20342375,17921910,13836,2100045,63715,18903975
1788980699352108842,20343113,17922035,13836,2100659,63715,18903975
1788980699467290075,20343846,17922062,13836,2101365,63716,18903975
1788980699582828728,20344574,17922179,13836,2101984,63717,18903975
1788980699700813832,20345325,17922262,13836,2102653,63718,18903975
1788980699816116550,20346071,17922340,13836,2103306,63718,18903975
1788980699934364696,20346825,17922434,13836,2103962,63718,18903975
1788980700052488155,20347578,17922521,13836,2104633,63718,18903975
1788980700167607735,20348324,17922599,13836,2105286,63719,18903975
1788980700285678281,20349082,17922714,13836,2105923,63719,18903975
1788980700400607490,20349817,17922789,13836,2106581,63719,18903975
1788980700515267819,20350563,17922869,13836,2107225,63719,18903975
1788980700633288624,20351313,17922995,13836,2107850,63719,18903975
1788980700748057414,20352049,17923016,13836,2108563,63719,18903975
1788980700864474960,20352788,17923110,13836,2109206,63720,18903975
1788980700980857771,20353536,17923288,13836,2109772,63720,18903975
1788980701096194596,20354272,17923346,13836,2110448,63720,18903975
1788980701213317993,20355027,17923461,13836,2111078,63720,18903975
1788980701331511862,20355783,17923558,13836,2111735,63720,18903975
1788980701449491651,20356525,17923730,13836,2112306,63722,18903975
1788980701567559789,20357273,17923869,13836,2112923,63722,18903975
1788980701685824753,20358017,17924019,13836,2113523,63723,18903975
1788980701804019002,20358772,17924145,13836,2114149,63723,18903975
1788980701919373333,20359509,17924178,13836,2114848,63723,18903975
1788980702035432091,20360263,17924265,13836,2115498,63724,18903975
1788980702153425520,20361019,17924416,13836,2116101,63724,18903975
1788980702271680680,20361766,17924578,13836,2116690,63724,18903975
1788980702389796341,20362521,17924670,13836,2117351,63724,18903975
1788980702504831532,20363255,17924861,13836,2117891,63725,18903975
1788980702621319714,20364004,17924968,13836,2118522,63725,18903975
1788980702739387494,20364760,17925046,13836,2119195,63725,18903975
1788980702854280706,20365504,17925107,13836,2119864,63726,18903975
1788980702972357379,20366257,17925205,13836,2120517,63726,18903975
1788980703090039221,20367012,17925357,13836,2121116,63727,18903975
1788980703206470207,20367758,17925458,13836,2121753,63727,18903975
1788980703324558382,20368513,17925571,13836,2122395,63727,18903975
1788980703442469121,20369268,17925690,13836,2123026,63727,18903975
1788980703557268540,20370004,17925807,13836,2123638,63727,18903975
1788980703672564525,20370740,17925855,13836,2124326,63727,18903975
1788980703786677935,20371472,17925956,13836,2124952,63728,18903975
1788980703905051637,20372231,17926059,13836,2125602,63728,18903975
1788980704019418929,20372958,17926170,13836,2126215,63729,18903975
1788980704134943519,20373700,17926298,13836,2126825,63729,18903975
1788980704253151445,20374455,17926467,13836,2127405,63729,18903975
1788980704371227225,20375212,17926617,13836,2128007,63729,18903975
1788980704486134539,20375948,17926672,13836,2128685,63729,18903975
1788980704601346301,20376676,17926760,13836,2129328,63730,18903975
1788980704719338094,20377429,17926891,13836,2129947,63730,18903975
1788980704837542755,20378195,17927052,13836,2130541,63732,18903975
1788980704955549926,20378953,17927163,13836,2131179,63732,18903975
1788980705070689255,20379682,17927296,13836,2131780,63732,18903975
1788980705188486297,20380437,17927386,13836,2132434,63733,18903975
1788980705306539075,20381189,17927460,13836,2133118,63733,18903975
1788980705422262695,20381934,17927549,13836,2133758,63735,18903975
1788980705540383120,20382689,17927655,13836,2134406,63735,18903975
1788980705654449998,20383419,17927821,13836,2134962,63736,18903975
1788980705772048622,20384171,17927920,13836,2135613,63736,18903975
1788980705890286859,20384933,17928064,13836,2136220,63736,18903975
1788980706006310416,20385687,17928206,13836,2136815,63737,18903975
1788980706124444550,20386442,17928317,13836,2137455,63737,18903975
1788980706239793830,20387174,17928402,13836,2138105,63739,18903975
1788980706357063460,20387920,17928512,13836,2138738,63740,18903975
1788980706475061683,20388672,17928648,13836,2139353,63740,18903975
1788980706592718484,20389418,17928772,13836,2139976,63741,18903975
1788980706706705408,20390146,17928867,13836,2140607,63741,18903975
1788980706824818142,20390897,17928991,13836,2141234,63742,18903975
1788980706942819945,20391652,17929115,13836,2141860,63742,18903975
1788980707057787718,20392387,17929145,13836,2142563,63742,18903975
1788980707176188129,20393140,17929251,13836,2143207,63745,18903975
1788980707290594619,20393868,17929400,13836,2143787,63745,18903975
1788980707408665148,20394626,17929588,13836,2144348,63746,18903975
1788980707526782236,20395380,17929736,13836,2144952,63746,18903975
1788980707644739331,20396134,17929900,13836,2145536,63747,18903975
1788980707762625317,20396885,17930050,13836,2146137,63747,18903975
1788980707880578045,20397636,17930177,13836,2146762,63747,18903975
1788980707995700635,20398369,17930267,13836,2147400,63750,18903975
1788980708112466487,20399119,17930348,13836,2148058,63750,18903975
1788980708231423202,20399870,17930490,13836,2148673,63751,18903975
1788980708349093175,20400620,17930583,13836,2149329,63752,18903975
1788980708467536946,20401373,17930748,13836,2149921,63752,18903975
1788980708584828707,20402118,17930877,13836,2150536,63752,18903975
1788980708703435376,20402874,17930961,13836,2151202,63752,18903975
1788980708818557758,20403618,17931007,13836,2151894,63752,18903975
1788980708936153814,20404380,17931117,13836,2152528,63752,18903975
1788980709054038510,20405136,17931273,13836,2153124,63752,18903975
1788980709171379701,20405898,17931382,13836,2153758,63752,18903975
1788980709286817455,20406638,17931496,13836,2154383,63752,18903975
1788980709404588690,20407395,17931660,13836,2154968,63752,18903975
1788980709522631489,20408148,17931790,13836,2155589,63753,18903975
1788980709637179449,20408884,17931815,13836,2156292,63753,18903975
1788980709753229794,20409612,17931911,13836,2156933,63754,18903975
1788980709871161671,20410367,17932046,13836,2157548,63754,18903975
1788980709989241019,20411120,17932221,13836,2158122,63755,18903975
1788980710107724641,20411879,17932344,13836,2158755,63756,18903975
1788980710226551945,20412646,17932508,13836,2159347,63757,18903975
1788980710344878309,20413407,17932604,13836,2160001,63758,18903975
1788980710462816414,20414156,17932690,13836,2160667,63758,18903975
1788980710577968313,20414897,17932783,13836,2161304,63759,18903975
1788980710695818199,20415651,17932886,13836,2161952,63759,18903975
1788980710811700466,20416391,17933050,13836,2162525,63760,18903975
1788980710929282933,20417144,17933159,13836,2163160,63760,18903975
1788980711047629611,20417900,17933305,13836,2163771,63760,18903975
1788980711164094718,20418635,17933439,13836,2164374,63761,18903975
1788980711282088341,20419390,17933520,13836,2165044,63761,18903975
1788980711397241321,20420121,17933568,13836,2165729,63762,18903975
1788980711514345854,20420866,17933669,13836,2166371,63763,18903975
1788980711632301776,20421624,17933799,13836,2166991,63763,18903975
1788980711748877573,20422367,17933936,13836,2167598,63763,18903975
1788980711864428864,20423112,17934054,13836,2168213,63763,18903975
1788980711982500131,20423861,17934214,13836,2168799,63766,18903975
1788980712100417772,20424616,17934419,13836,2169345,63766,18903975
1788980712214691018,20425346,17934445,13836,2170052,63766,18903975
1788980712331243868,20426091,17934536,13836,2170698,63767,18903975
1788980712449404882,20426850,17934666,13836,2171318,63768,18903975
1788980712567747200,20427608,17934829,13836,2171911,63768,18903975
1788980712685696866,20428361,17934998,13836,2172493,63768,18903975
1788980712803822315,20429122,17935166,13836,2173074,63769,18903975
1788980712922050950,20429882,17935284,13836,2173707,63769,18903975
1788980713040374933,20430637,17935365,13836,2174377,63769,18903975
1788980713155126486,20431368,17935440,13836,2175032,63770,18903975
1788980713273135370,20432125,17935559,13836,2175667,63770,18903975
1788980713387050498,20432854,17935714,13836,2176236,63771,18903975
1788980713498911200,20433566,17935828,13836,2176833,63771,18903975
1788980713616822311,20434318,17935972,13836,2177440,63771,18903975
1788980713734040557,20435074,17936081,13836,2178074,63773,18903975
1788980713847635659,20435800,17936210,13836,2178670,63773,18903975
1788980713963113970,20436541,17936239,13836,2179375,63773,18903975
1788980714075695879,20437256,17936368,13836,2179963,63773,18903975
1788980714193789411,20438005,17936453,13836,2180629,63774,18903975
1788980714311642066,20438760,17936584,13836,2181248,63774,18903975
1788980714430478285,20439515,17936759,13836,2181823,63775,18903975
1788980714548230780,20440266,17936920,13836,2182411,63776,18903975
1788980714666512618,20441018,17937053,13836,2183037,63776,18903975
1788980714781281241,20441753,17937080,13836,2183735,63776,18903975
1788980714896242666,20442494,17937166,13836,2184380,63777,18903975
1788980715014238284,20443244,17937320,13836,2184975,63778,18903975
1788980715132489345,20443999,17937495,13836,2185553,63778,18903975
1788980715250743095,20444751,17937605,13836,2186198,63778,18903975
1788980715368242355,20445518,17937785,13836,2186763,63779,18903975
1788980715485454334,20446272,17937888,13836,2187402,63780,18903975
1788980715603598156,20447027,17937963,13836,2188085,63780,18903975
1788980715718619583,20447759,17938030,13836,2188747,63780,18903975
1788980715836091001,20448513,17938142,13836,2189381,63781,18903975
1788980715954191164,20449262,17938338,13836,2189934,63781,18903975
1788980716070027035,20450005,17938449,13836,2190560,63783,18903975
1788980716187962858,20450753,17938572,13836,2191189,63783,18903975
1788980716303058571,20451495,17938706,13836,2191785,63783,18903975
1788980716419073369,20452241,17938843,13836,2192387,63783,18903975
1788980716534456640,20452976,17938876,13836,2193086,63783,18903975
1788980716649133944,20453706,17939001,13836,2193691,63786,18903975
1788980716767123271,20454465,17939116,13836,2194326,63786,18903975
1788980716884932924,20455219,17939280,13836,2194912,63786,18903975
1788980717003027640,20455968,17939425,13836,2195517,63787,18903975
1788980717121087244,20456708,17939601,13836,2196089,63788,18903975
1788980717239169854,20457464,17939728,13836,2196714,63788,18903975
1788980717354618271,20458202,17939826,13836,2197356,63788,18903975
1788980717469480286,20458938,17939921,13836,2197984,63789,18903975
1788980717587557264,20459697,17940076,13836,2198587,63789,18903975
1788980717705598759,20460447,17940229,13836,2199183,63790,18903975
1788980717823631843,20461202,17940318,13836,2199845,63790,18903975
1788980717941558185,20461952,17940462,13836,2200451,63790,18903975
1788980718058447858,20462708,17940565,13836,2201086,63791,18903975
1788980718176405841,20463463,17940641,13836,2201762,63791,18903975
1788980718292004160,20464207,17940705,13836,2202434,63792,18903975
1788980718409547917,20464961,17940806,13836,2203085,63792,18903975
1788980718527218293,20465714,17940882,13836,2203755,63792,18903975
1788980718642657269,20466456,17940953,13836,2204421,63792,18903975
1788980718760526753,20467211,17941075,13836,2205049,63792,18903975
1788980718875343300,20467948,17941104,13836,2205749,63792,18903975
1788980718991291819,20468696,17941185,13836,2206404,63793,18903975
1788980719109420064,20469447,17941347,13836,2206993,63794,18903975
1788980719224677895,20470176,17941384,13836,2207695,63794,18903975
1788980719342330646,20470935,17941518,13836,2208305,63794,18903975
1788980719460272077,20471688,17941628,13836,2208945,63794,18903975
1788980719575312411,20472421,17941674,13836,2209632,63795,18903975
1788980719692077054,20473162,17941790,13836,2210259,63795,18903975
1788980719810045324,20473916,17941864,13836,2210937,63795,18903975
1788980719924910502,20474656,17941925,13836,2211607,63795,18903975
1788980720042842431,20475411,17942008,13836,2212276,63796,18903975
1788980720160514004,20476170,17942084,13836,2212952,63796,18903975
1788980720275677218,20476906,17942167,13836,2213599,63797,18903975
1788980720393604821,20477656,17942324,13836,2214193,63797,18903975
1788980720508045998,20478392,17942368,13836,2214876,63797,18903975
1788980720623288423,20479137,17942451,13836,2215524,63797,18903975
1788980720741285226,20479888,17942571,13836,2216154,63798,18903975
1788980720856748350,20480627,17942596,13836,2216868,63798,18903975
1788980720974129422,20481395,17942724,13836,2217484,63798,18903975
1788980721092376786,20482152,17942811,13836,2218148,63798,18903975
1788980721207640557,20482889,17942859,13836,2218840,63798,18903975
1788980721323808872,20483640,17943094,13836,2219326,63807,18903975
1788980721441564455,20484378,17943350,13836,2219791,63819,18903975
1788980721555529195,20485086,17943601,13836,2220242,63833,18903975
1788980721670146224,20485837,17943868,13836,2220672,63853,18903975
1788980721787566578,20486585,17944123,13836,2221138,63867,18903975
1788980721904813434,20487320,17944375,13836,2221604,63881,18903975
1788980722018725678,20488035,17944608,13836,2222076,63891,18903975
1788980722134334305,20488788,17944871,13836,2222518,63910,18903975
1788980722248441353,20489524,17945126,13836,2222962,63925,18903975
1788980722361849519,20490245,17945391,13836,2223397,63938,18903975
1788980722476781795,20490963,17945647,13836,2223839,63955,18903975
1788980722593206912,20491687,17945897,13836,2224316,63963,18903975
1788980722710366277,20492447,17946160,13836,2224767,63979,18903975
1788980722826087518,20493195,17946415,13836,2225225,63991,18903975
1788980722940304542,20493901,17946676,13836,2225664,64008,18903975
1788980723055853382,20494625,17946926,13836,2226122,64019,18903975
1788980723170521863,20495363,17947194,13836,2226556,64036,18903975
1788980723285241658,20496095,17947431,13836,2227028,64046,18903975
1788980723399401737,20496817,17947721,13836,2227442,64056,18903975
1788980723513494842,20497529,17947970,13836,2227897,64067,18903975
1788980723630110655,20498272,17948227,13836,2228355,64081,18903975
1788980723745661569,20498996,17948481,13836,2228813,64090,18903975
1788980723859134368,20499707,17948752,13836,2229240,64102,18903975
1788980723976308310,20500449,17948993,13836,2229726,64112,18903975
1788980724092314297,20501176,17949250,13836,2230178,64125,18903975
1788980724206853122,20501917,17949514,13836,2230618,64139,18903975
1788980724321811062,20502647,17949790,13836,2231049,64151,18903975
1788980724438491361,20503385,17950056,13836,2231503,64165,18903975
1788980724554390930,20504108,17950302,13836,2231968,64179,18903975
1788980724670478222,20504830,17950552,13836,2232435,64189,18903975
1788980724786491867,20505562,17950822,13836,2232875,64202,18903975
1788980724901264836,20506276,17951076,13836,2233325,64215,18903975
1788980725015751673,20507000,17951339,13836,2233762,64232,18903975
1788980725130030512,20507736,17951596,13836,2234207,64244,18903975
1788980725245909818,20508471,17951860,13836,2234656,64257,18903975
1788980725362404357,20509207,17952097,13836,2235140,64270,18903975
1788980725478231630,20509927,17952351,13836,2235600,64281,18903975
1788980725593901654,20510654,17952605,13836,2236051,64296,18903975
1788980725709553255,20511373,17952863,13836,2236505,64309,18903975
1788980725824446711,20512101,17953126,13836,2236945,64326,18903975
1788980725940149287,20512831,17953371,13836,2237412,64343,18903975
1788980726055521958,20513530,17953636,13836,2237847,64362,18903975
1788980726172191701,20514275,17953896,13836,2238305,64374,18903975
1788980726290738597,20515025,17954165,13836,2238769,64384,18903975
1788980726408274810,20515764,17954426,13836,2239229,64395,18903975
1788980726525106905,20516495,17954680,13836,2239695,64407,18903975
1788980726640900359,20517224,17954916,13836,2240178,64418,18903975
1788980726757092140,20517933,17955174,13836,2240629,64433,18903975
1788980726873533691,20518671,17955423,13836,2241096,64444,18903975
1788980726991050636,20519442,17955698,13836,2241542,64458,18903975
1788980727108153659,20520180,17955977,13836,2241984,64469,18903975
1788980727225105694,20520903,17956239,13836,2242438,64486,18903975
1788980727341420738,20521646,17956519,13836,2242876,64500,18903975
1788980727455597806,20522370,17956790,13836,2243309,64509,18903975
1788980727571072896,20523107,17957043,13836,2243768,64522,18903975
1788980727686524488,20523833,17957322,13836,2244197,64534,18903975
1788980727801958250,20524550,17957604,13836,2244622,64553,18903975
1788980727919056295,20525276,17957880,13836,2245058,64567,18903975
1788980728034499714,20526010,17958142,13836,2245513,64573,18903975
1788980728150766538,20526743,17958391,13836,2245976,64588,18903975
1788980728265607618,20527473,17958657,13836,2246411,64605,18903975
1788980728381449869,20528207,17958926,13836,2246854,64619,18903975
1788980728497524931,20528930,17959172,13836,2247323,64630,18903975
1788980728614054113,20529679,17959401,13836,2247815,64643,18903975
1788980728732501508,20530434,17959681,13836,2248263,64653,18903975
1788980728849606565,20531158,17959937,13836,2248725,64666,18903975
1788980728965739699,20531892,17960190,13836,2249191,64677,18903975
1788980729081151582,20532610,17960446,13836,2249644,64690,18903975
1788980729194730556,20533308,17960693,13836,2250092,64705,18903975
1788980729307605335,20534014,17960963,13836,2250519,64716,18903975
1788980729424266898,20534755,17961225,13836,2250979,64726,18903975
1788980729538588696,20535488,17961471,13836,2251432,64742,18903975
1788980729656078918,20536230,17961742,13836,2251874,64762,18903975
1788980729772658594,20536944,17962002,13836,2252331,64774,18903975
1788980729889789467,20537681,17962258,13836,2252798,64784,18903975
1788980730006608953,20538423,17962499,13836,2253280,64793,18903975
1788980730121194576,20539136,17962800,13836,2253687,64804,18903975
1788980730237054367,20539853,17963105,13836,2254093,64818,18903975
1788980730353469389,20540589,17963415,13836,2254493,64836,18903975
1788980730470725220,20541336,17963659,13836,2254967,64851,18903975
1788980730587656163,20542057,17963914,13836,2255432,64862,18903975
1788980730702221533,20542798,17964187,13836,2255865,64877,18903975
1788980730819700784,20543521,17964455,13836,2256317,64891,18903975
1788980730934486200,20544229,17964700,13836,2256773,64909,18903975
1788980731049365301,20544948,17964982,13836,2257196,64920,18903975
1788980731166615815,20545688,17965237,13836,2257664,64932,18903975
1788980731281161361,20546399,17965474,13836,2258133,64944,18903975
1788980731400123528,20547135,17965723,13836,2258621,64957,18903975
1788980731514810071,20547871,17966006,13836,2259040,64972,18903975
1788980731631171296,20548596,17966285,13836,2259472,64985,18903975
1788980731747262068,20549317,17966535,13836,2259938,65000,18903975
1788980731863014634,20550048,17966789,13836,2260395,65010,18903975
1788980731980678327,20550786,17967027,13836,2260885,65022,18903975
1788980732095127233,20551506,17967271,13836,2261347,65033,18903975
1788980732211460459,20552223,17967535,13836,2261791,65049,18903975
1788980732330782404,20552969,17967830,13836,2262233,65065,18903975
1788980732445784519,20553696,17968115,13836,2262653,65077,18903975
1788980732562953358,20554448,17968373,13836,2263109,65093,18903975
1788980732678544758,20555171,17968653,13836,2263545,65104,18903975
1788980732793890932,20555884,17968946,13836,2263961,65115,18903975
1788980732912613517,20556628,17969218,13836,2264418,65129,18903975
1788980733027024754,20557339,17969485,13836,2264855,65141,18903975
1788980733144460202,20558072,17969759,13836,2265304,65152,18903975
1788980733261103329,20558788,17970016,13836,2265768,65164,18903975
1788980733375922527,20559524,17970300,13836,2266193,65175,18903975
1788980733493177116,20560245,17970565,13836,2266647,65189,18903975
1788980733609700525,20560953,17970821,13836,2267109,65200,18903975
1788980733725260489,20561650,17971106,13836,2267536,65209,18903975
1788980733852807515,20562460,17971490,13836,2267947,65215,18903975
1788980733968743517,20563184,17971746,13836,2268408,65226,18903975
1788980734087887418,20563929,17971992,13836,2268899,65234,18903975
1788980734203734455,20564653,17972241,13836,2269363,65246,18903975
1788980734319831317,20565358,17972485,13836,2269829,65261,18903975
1788980734435678056,20566070,17972739,13836,2270283,65277,18903975
1788980734562370131,20566859,17973066,13836,2270733,65292,18903975
1788980734677480201,20567605,17973323,13836,2271190,65300,18903975
1788980734791106759,20568331,17973567,13836,2271639,65319,18903975
1788980734905252675,20569036,17973827,13836,2272076,65335,18903975
1788980735020872803,20569756,17974095,13836,2272514,65352,18903975
1788980735136491711,20570496,17974377,13836,2272946,65365,18903975
1788980735251586073,20571237,17974645,13836,2273385,65374,18903975
1788980735368727398,20572021,17974904,13836,2273849,65386,18903975
1788980735485451340,20572765,17975160,13836,2274308,65402,18903975
1788980735602316131,20573501,17975426,13836,2274759,65418,18903975
1788980735717581842,20574198,17975670,13836,2275220,65430,18903975
1788980735833272304,20574931,17975938,13836,2275661,65444,18903975
1788980735949824781,20575644,17976236,13836,2276078,65459,18903975
1788980736065530087,20576340,17976502,13836,2276530,65469,18903975
1788980736178889168,20577085,17976751,13836,2276971,65487,18903975
1788980736294511941,20577803,17976998,13836,2277436,65500,18903975
1788980736411034702,20578537,17977248,13836,2277898,65514,18903975
1788980736526017497,20579268,17977509,13836,2278335,65536,18903975
1788980736641709925,20579987,17977772,13836,2278783,65549,18903975
1788980736756700248,20580703,17978019,13836,2279246,65561,18903975
1788980736871188478,20581414,17978263,13836,2279709,65572,18903975
1788980736985119620,20582133,17978510,13836,2280156,65588,18903975
1788980737098930930,20582846,17978756,13836,2280608,65602,18903975
1788980737214590866,20583582,17979002,13836,2281077,65613,18903975
1788980737332676743,20584337,17979249,13836,2281563,65624,18903975
1788980737448089514,20585055,17979512,13836,2282005,65637,18903975
1788980737563468778,20585805,17979783,13836,2282442,65652,18903975
1788980737679595861,20586518,17980082,13836,2282854,65667,18903975
1788980737794755886,20587274,17980342,13836,2283302,65680,18903975
1788980737912741064,20588010,17980596,13836,2283770,65696,18903975
1788980738027540414,20588741,17980816,13836,2284261,65705,18903975
1788980738141356476,20589443,17981118,13836,2284660,65717,18903975
1788980738257069440,20590148,17981362,13836,2285123,65733,18903975
1788980738373078570,20590880,17981610,13836,2285588,65745,18903975
1788980738487835654,20591595,17981858,13836,2286042,65761,18903975
1788980738602616068,20592312,17982110,13836,2286496,65773,18903975
1788980738723970320,20593098,17982403,13836,2286952,65785,18903975
1788980738840875924,20593831,17982655,13836,2287420,65794,18903975
1788980738958641743,20594581,17982916,13836,2287887,65807,18903975
1788980739075587417,20595311,17983177,13836,2288346,65818,18903975
1788980739189699826,20596021,17983429,13836,2288793,65829,18903975
1788980739305076453,20596763,17983691,13836,2289241,65842,18903975
1788980739421600088,20597494,17983986,13836,2289664,65857,18903975
1788980739538842411,20598234,17984249,13836,2290118,65872,18903975
1788980739654293981,20598951,17984540,13836,2290536,65886,18903975
1788980739769797347,20599692,17984792,13836,2290993,65902,18903975
1788980739886218377,20600419,17985058,13836,2291444,65915,18903975
1788980740001250995,20601161,17985329,13836,2291880,65928,18903975
1788980740121798227,20601921,17985607,13836,2292348,65939,18903975
1788980740241426569,20602670,17985867,13836,2292816,65955,18903975
1788980740357074123,20603414,17986128,13836,2293268,65969,18903975
1788980740472093621,20604147,17986381,13836,2293720,65981,18903975
1788980740588472980,20604875,17986624,13836,2294191,65993,18903975
1788980740704666899,20605613,17986859,13836,2294673,66005,18903975
1788980740821286839,20606352,17987118,13836,2295133,66016,18903975
1788980740937171013,20607088,17987360,13836,2295603,66030,18903975
1788980741052190148,20607795,17987611,13836,2296057,66044,18903975
1788980741168561604,20608526,17987864,13836,2296512,66061,18903975
1788980741284504638,20609244,17988179,13836,2296914,66070,18903975
1788980741400411888,20609971,17988427,13836,2297382,66083,18903975
1788980741515780839,20610704,17988682,13836,2297833,66099,18903975
1788980741630802374,20611408,17988944,13836,2298279,66110,18903975
1788980741745957308,20612128,17989220,13836,2298707,66127,18903975
1788980741860435601,20612858,17989495,13836,2299134,66144,18903975
1788980741976030082,20613603,17989750,13836,2299586,66156,18903975
1788980742092589766,20614333,17989992,13836,2300066,66166,18903975
1788980742208865942,20615058,17990254,13836,2300520,66177,18903975
1788980742323146183,20615771,17990508,13836,2300970,66192,18903975
1788980742438834782,20616495,17990791,13836,2301400,66202,18903975
1788980742555953439,20617229,17991052,13836,2301857,66214,18903975
1788980742671303278,20617964,17991340,13836,2302286,66222,18903975
1788980742792116741,20618737,17991635,13836,2302736,66235,18903975
1788980742906303164,20619459,17991912,13836,2303160,66247,18903975
1788980743021755118,20620183,17992186,13836,2303594,66261,18903975
1788980743138637023,20620938,17992468,13836,2304030,66274,18903975
1788980743253683540,20621657,17992741,13836,2304465,66287,18903975
1788980743368711955,20622371,17993003,13836,2304916,66296,18903975
1788980743485647034,20623088,17993277,13836,2305364,66310,18903975
1788980743600960278,20623819,17993550,13836,2305799,66321,18903975
1788980743716535393,20624545,17993806,13836,2306251,66334,18903975
1788980743833061848,20625269,17994066,13836,2306705,66348,18903975
1788980743947799402,20625984,17994321,13836,2307156,66361,18903975
1788980744061718292,20626709,17994611,13836,2307569,66377,18903975
1788980744178103138,20627440,17994870,13836,2308027,66388,18903975
1788980744292975193,20628137,17995128,13836,2308475,66399,18903975
1788980744407926668,20628864,17995394,13836,2308916,66412,18903975
1788980744521271460,20629569,17995646,13836,2309361,66425,18903975
1788980744636679176,20630301,17995948,13836,2309770,66436,18903975
1788980744765686351,20631102,17996231,13836,2310284,66446,18903975
1788980744881311697,20631842,17996495,13836,2310729,66462,18903975
1788980744996205277,20632565,17996763,13836,2311167,66472,18903975
1788980745111923889,20633279,17997014,13836,2311626,66487,18903975
1788980745228112691,20634009,17997271,13836,2312087,66498,18903975
1788980745342796639,20634729,17997522,13836,2312531,66517,18903975
1788980745460033029,20635470,17997763,13836,2313016,66527,18903975
1788980745574380492,20636182,17998021,13836,2313459,66540,18903975
1788980745690548195,20636922,17998282,13836,2313916,66551,18903975
1788980745807251688,20637650,17998532,13836,2314386,66562,18903975
1788980745923151136,20638396,17998768,13836,2314856,66577,18903975
1788980746036926528,20639117,17999014,13836,2315321,66585,18903975
1788980746156163914,20639870,17999288,13836,2315776,66596,18903975
1788980746272894864,20640609,17999558,13836,2316226,66610,18903975
1788980746390502053,20641333,17999827,13836,2316675,66625,18903975
1788980746507279039,20642096,18000092,13836,2317135,66635,18903975
1788980746623262911,20642812,18000352,13836,2317586,66646,18903975
1788980746735855522,20643518,18000612,13836,2318018,66660,18903975
1788980746850682620,20644235,18000882,13836,2318458,66671,18903975
1788980746966941475,20644974,18001138,13836,2318914,66686,18903975
1788980747083104177,20645697,18001414,13836,2319355,66699,18903975
1788980747202836307,20646432,18001668,13836,2319833,66710,18903975
1788980747317054785,20647145,18001934,13836,2320273,66719,18903975
1788980747435145683,20647887,18002198,13836,2320739,66732,18903975
1788980747551426560,20648608,18002462,13836,2321189,66744,18903975
1788980747667826728,20649337,18002727,13836,2321639,66756,18903975
1788980747782779405,20650059,18002997,13836,2322075,66773,18903975
1788980747898611431,20650786,18003267,13836,2322514,66787,18903975
1788980748014370751,20651503,18003524,13836,2322967,66804,18903975
1788980748130250523,20652246,18003766,13836,2323433,66820,18903975
1788980748246865901,20652969,18004020,13836,2323896,66832,18903975
1788980748362472193,20653688,18004268,13836,2324359,66845,18903975
1788980748478199119,20654415,18004540,13836,2324796,66859,18903975
1788980748593312675,20655139,18004816,13836,2325231,66871,18903975
1788980748708743923,20655862,18005080,13836,2325683,66880,18903975
1788980748824685328,20656568,18005320,13836,2326149,66894,18903975
1788980748939107296,20657278,18005573,13836,2326595,66909,18903975
1788980749054930229,20657982,18005829,13836,2327055,66925,18903975
1788980749170066259,20658713,18006089,13836,2327496,66938,18903975
1788980749286036349,20659446,18006349,13836,2327950,66951,18903975
1788980749402038716,20660190,18006595,13836,2328413,66968,18903975
1788980749519039976,20660905,18006838,13836,2328886,66983,18903975
1788980749635785887,20661636,18007103,13836,2329334,67004,18903975
1788980749752216373,20662380,18007351,13836,2329797,67020,18903975
1788980749867769666,20663110,18007615,13836,2330241,67032,18903975
1788980749984694487,20663841,18007864,13836,2330713,67042,18903975
1788980750100138357,20664554,18008093,13836,2331199,67051,18903975
1788980750214357308,20665244,18008354,13836,2331639,67065,18903975
1788980750330818269,20665986,18008605,13836,2332104,67076,18903975
1788980750446747791,20666735,18008862,13836,2332559,67089,18903975
1788980750562921395,20667478,18009113,13836,2333024,67103,18903975
1788980750678643169,20668191,18009401,13836,2333446,67113,18903975
1788980750792823382,20668911,18009647,13836,2333904,67124,18903975
1788980750910278219,20669665,18009904,13836,2334370,67138,18903975
1788980751024871178,20670388,18010161,13836,2334817,67150,18903975
1788980751141481569,20671111,18010436,13836,2335251,67169,18903975
1788980751256967894,20671834,18010686,13836,2335709,67182,18903975
1788980751373421793,20672587,18010935,13836,2336177,67193,18903975
1788980751490029345,20673312,18011182,13836,2336644,67209,18903975
1788980751606873997,20674043,18011444,13836,2337102,67222,18903975
1788980751722701272,20674757,18011703,13836,2337557,67234,18903975
1788980751837704268,20675473,18011970,13836,2337991,67249,18903975
1788980751954101888,20676194,18012222,13836,2338454,67264,18903975
1788980752071350359,20676935,18012453,13836,2338949,67275,18903975
1788980752187088852,20677669,18012753,13836,2339359,67286,18903975
1788980752301649771,20678392,18013030,13836,2339789,67297,18903975
1788980752418616817,20679116,18013294,13836,2340243,67310,18903975
1788980752535082762,20679863,18013576,13836,2340676,67324,18903975
1788980752650644659,20680585,18013838,13836,2341127,67335,18903975
1788980752765560967,20681311,18014103,13836,2341570,67347,18903975
1788980752882441339,20682051,18014360,13836,2342028,67363,18903975
1788980752998569448,20682795,18014622,13836,2342482,67375,18903975
1788980753115035125,20683507,18014884,13836,2342931,67390,18903975
1788980753231310027,20684235,18015134,13836,2343398,67404,18903975
1788980753348261305,20684949,18015384,13836,2343862,67420,18903975
1788980753464850619,20685694,18015630,13836,2344337,67431,18903975
1788980753580106734,20686407,18015880,13836,2344793,67444,18903975
1788980753696454655,20687139,18016122,13836,2345264,67455,18903975
1788980753812708306,20687870,18016393,13836,2345709,67467,18903975
1788980753929708035,20688604,18016660,13836,2346160,67480,18903975
1788980754046607747,20689344,18016933,13836,2346607,67493,18903975
1788980754161035560,20690074,18017478,13836,2346772,67502,18927783
1788980754274571170,20690797,18017964,13836,2347000,67504,18939175
1788980754394531155,20691562,18018052,13836,2347677,67505,18939175
1788980754512679270,20692316,18018130,13836,2348351,67505,18939175
1788980754627373168,20693057,18018190,13836,2349017,67505,18939175
1788980754745426000,20693815,18018280,13836,2349679,67505,18939175
1788980754863530108,20694571,18018357,13836,2350360,67505,18939175
1788980754978425326,20695313,18018443,13836,2350999,67505,18939175
1788980755096330560,20696070,18018531,13836,2351665,67505,18939175
1788980755209354465,20696793,18018595,13836,2352319,67505,18939175
1788980755324861975,20697522,18018692,13836,2352959,67506,18939175
1788980755442908697,20698274,18018849,13836,2353553,67506,18939175
1788980755557254802,20699002,18018881,13836,2354248,67506,18939175
1788980755672733882,20699732,18018966,13836,2354901,67507,18939175
1788980755790730404,20700486,18019125,13836,2355492,67507,18939175
1788980755904796173,20701214,18019157,13836,2356187,67507,18939175
1788980756020035734,20701951,18019237,13836,2356838,67508,18939175
1788980756137866274,20702708,18019374,13836,2357452,67509,18939175
1788980756253582658,20703444,18019412,13836,2358153,67509,18939175
1788980756371685331,20704200,18019511,13836,2358802,67509,18939175
1788980756487455880,20704942,18019615,13836,2359431,67509,18939175
1788980756602673715,20705682,18019657,13836,2360127,67509,18939175
1788980756715243554,20706409,18019776,13836,2360722,67510,18939175
1788980756833199662,20707162,18019866,13836,2361383,67510,18939175
1788980756948518395,20707900,18019941,13836,2362047,67510,18939175
1788980757064960447,20708647,18020106,13836,2362620,67511,18939175
1788980757183236653,20709402,18020239,13836,2363238,67511,18939175
1788980757298196978,20710142,18020350,13836,2363859,67511,18939175
1788980757415792196,20710890,18020526,13836,2364432,67511,18939175
1788980757533842007,20711647,18020637,13836,2365073,67511,18939175
1788980757648576414,20712379,18020739,13836,2365701,67512,18939175
1788980757766265752,20713125,18020830,13836,2366354,67512,18939175
1788980757884235123,20713875,18020962,13836,2366973,67512,18939175
1788980758000306770,20714623,18021080,13836,2367595,67513,18939175
1788980758117049514,20715369,18021180,13836,2368237,67513,18939175
1788980758234899598,20716117,18021348,13836,2368817,67515,18939175
1788980758352828225,20716864,18021481,13836,2369434,67516,18939175
1788980758467077319,20717599,18021502,13836,2370140,67516,18939175
1788980758582508402,20718328,18021596,13836,2370783,67516,18939175
1788980758700640095,20719080,18021733,13836,2371397,67517,18939175
1788980758818809679,20719836,18021892,13836,2371987,67517,18939175
1788980758936632804,20720589,18021980,13836,2372650,67518,18939175
1788980759054860214,20721343,18022136,13836,2373245,67518,18939175
1788980759170404946,20722090,18022259,13836,2373852,67519,18939175
1788980759288419726,20722845,18022336,13836,2374526,67520,18939175
1788980759403723850,20723579,18022395,13836,2375206,67520,18939175
1788980759521295525,20724338,18022503,13836,2375842,67520,18939175
1788980759639209459,20725087,18022637,13836,2376462,67520,18939175
1788980759757541296,20725852,18022744,13836,2377109,67520,18939175
1788980759873687389,20726586,18022899,13836,2377693,67521,18939175
1788980759992712754,20727341,18023037,13836,2378310,67521,18939175
1788980760110625204,20728094,18023162,13836,2378937,67522,18939175
1788980760224898914,20728829,18023183,13836,2379641,67522,18939175
1788980760340202470,20729573,18023264,13836,2380289,67522,18939175
1788980760458222009,20730323,18023380,13836,2380924,67522,18939175
1788980760576224648,20731075,18023540,13836,2381514,67525,18939175
1788980760693710709,20731823,18023631,13836,2382171,67525,18939175
1788980760811673291,20732578,18023780,13836,2382772,67526,18939175
1788980760929245292,20733337,18023887,13836,2383409,67526,18939175
1788980761047356456,20734095,18023979,13836,2384069,67526,18939175
1788980761162581893,20734827,18024063,13836,2384721,67527,18939175
1788980761280688817,20735577,18024165,13836,2385370,67528,18939175
1788980761399083592,20736334,18024330,13836,2385956,67528,18939175
1788980761517272774,20737091,18024420,13836,2386614,67529,18939175
1788980761634667301,20737835,18024585,13836,2387200,67530,18939175
1788980761752611398,20738584,18024755,13836,2387778,67531,18939175
1788980761870973580,20739343,18024892,13836,2388394,67531,18939175
1788980761985549444,20740074,18024934,13836,2389084,67531,18939175
1788980762100614518,20740817,18025021,13836,2389727,67532,18939175
1788980762218591399,20741562,18025151,13836,2390346,67533,18939175
1788980762336209858,20742310,18025274,13836,2390967,67534,18939175
1788980762454141909,20743066,18025374,13836,2391618,67534,18939175
1788980762572213224,20743821,18025543,13836,2392199,67535,18939175
1788980762687822367,20744556,18025678,13836,2392802,67535,18939175
1788980762805953295,20745315,18025764,13836,2393466,67535,18939175
1788980762921042392,20746052,18025822,13836,2394141,67535,18939175
1788980763037458585,20746803,18025946,13836,2394760,67535,18939175
1788980763155606067,20747555,18026038,13836,2395418,67536,18939175
1788980763272653299,20748301,18026162,13836,2396039,67536,18939175
1788980763390695243,20749056,18026289,13836,2396663,67536,18939175
1788980763508895957,20749812,18026428,13836,2397274,67537,18939175
1788980763641646307,20750655,18026638,13836,2397909,67538,18939175
1788980763756297748,20751391,18026684,13836,2398591,67538,18939175
1788980763871150030,20752119,18026771,13836,2399234,67538,18939175
1788980763989244433,20752876,18026897,13836,2399859,67538,18939175
1788980764108136450,20753638,18027055,13836,2400459,67538,18939175
1788980764225381686,20754385,18027149,13836,2401109,67539,18939175
1788980764343290290,20755142,18027311,13836,2401697,67539,18939175
1788980764460042894,20755895,18027438,13836,2402315,67539,18939175
1788980764584385371,20756686,18027531,13836,2403011,67539,18939175
1788980764701044335,20757432,18027611,13836,2403676,67539,18939175
1788980764818451025,20758177,18027708,13836,2404324,67540,18939175
1788980764945045303,20758989,18027872,13836,2404967,67540,18939175
1788980765059579160,20759717,18028003,13836,2405567,67541,18939175
1788980765178133099,20760476,18028084,13836,2406238,67541,18939175
1788980765299325955,20761254,18028239,13836,2406851,67542,18939175
1788980765428048250,20762074,18028391,13836,2407520,67542,18939175
1788980765546553827,20762825,18028458,13836,2408212,67542,18939175
1788980765665471758,20763594,18028597,13836,2408826,67543,18939175
1788980765783750909,20764341,18028725,13836,2409452,67543,18939175
1788980765907043662,20765134,18028870,13836,2410088,67544,18939175
1788980766040231264,20765984,18029015,13836,2410791,67544,18939175
1788980766176052803,20766865,18029184,13836,2411486,67544,18939175
1788980766306816827,20767702,18029312,13836,2412193,67544,18939175
1788980766422040801,20768448,18029339,13836,2412898,67544,18939175
1788980766540268597,20769203,18029434,13836,2413553,67545,18939175
1788980766655043805,20769937,18029592,13836,2414127,67545,18939175
1788980766773514563,20770696,18029766,13836,2414707,67546,18939175
1788980766891514559,20771455,18029855,13836,2415368,67547,18939175
1788980767006545862,20772187,18030055,13836,2415895,67547,18939175
1788980767123879067,20772944,18030185,13836,2416514,67547,18939175
1788980767242059671,20773697,18030266,13836,2417185,67547,18939175
1788980767356903597,20774438,18030331,13836,2417852,67547,18939175
1788980767475080818,20775200,18030421,13836,2418514,67548,18939175
1788980767593050844,20775951,18030588,13836,2419096,67548,18939175
1788980767711054523,20776698,18030677,13836,2419759,67549,18939175
1788980767824861625,20777429,18030798,13836,2420363,67549,18939175
1788980767942874716,20778184,18030963,13836,2420946,67549,18939175
1788980768060776993,20778936,18031085,13836,2421576,67549,18939175
1788980768174635253,20779664,18031122,13836,2422266,67549,18939175
1788980768289739118,20780395,18031209,13836,2422908,67550,18939175
1788980768408052831,20781146,18031329,13836,2423540,67550,18939175
1788980768526109422,20781902,18031467,13836,2424152,67551,18939175
1788980768642403796,20782650,18031555,13836,2424802,67551,18939175
1788980768760285525,20783402,18031718,13836,2425391,67553,18939175
1788980768876543745,20784157,18031849,13836,2426001,67553,18939175
1788980768994564394,20784906,18031931,13836,2426671,67554,18939175
1788980769109442393,20785641,18031980,13836,2427349,67554,18939175
1788980769226314518,20786389,18032080,13836,2427988,67555,18939175
1788980769344424481,20787147,18032212,13836,2428613,67556,18939175
1788980769463090527,20787906,18032295,13836,2429283,67556,18939175
1788980769576591141,20788630,18032466,13836,2429836,67556,18939175
1788980769695040594,20789395,18032590,13836,2430461,67558,18939175
1788980769813042574,20790149,18032711,13836,2431092,67558,18939175
1788980769928105231,20790885,18032734,13836,2431802,67558,18939175
1788980770043081126,20791621,18032830,13836,2432436,67559,18939175
1788980770161077274,20792374,18032965,13836,2433051,67560,18939175
1788980770279189008,20793125,18033093,13836,2433675,67561,18939175
1788980770397580890,20793881,18033181,13836,2434342,67562,18939175
1788980770516029497,20794641,18033336,13836,2434936,67563,18939175
1788980770633589185,20795385,18033450,13836,2435572,67563,18939175
1788980770751571050,20796142,18033534,13836,2436239,67563,18939175
1788980770866467726,20796885,18033608,13836,2436887,67566,18939175
1788980770984300368,20797639,18033701,13836,2437545,67567,18939175
1788980771102468409,20798397,18033839,13836,2438157,67568,18939175
1788980771220175585,20799148,18033965,13836,2438782,67568,18939175
1788980771335590232,20799887,18034077,13836,2439407,67569,18939175
1788980771453683751,20800637,18034242,13836,2439990,67570,18939175
1788980771571612907,20801397,18034370,13836,2440613,67570,18939175
1788980771686105747,20802133,18034392,13836,2441319,67570,18939175
1788980771801226600,20802871,18034473,13836,2441969,67570,18939175
1788980771919257333,20803626,18034608,13836,2442585,67570,18939175
1788980772037458213,20804379,18034735,13836,2443207,67571,18939175
1788980772155379354,20805137,18034805,13836,2443888,67571,18939175
1788980772272414309,20805889,18034982,13836,2444456,67571,18939175
1788980772390082222,20806640,18035104,13836,2445082,67572,18939175
1788980772508933973,20807404,18035180,13836,2445765,67572,18939175
1788980772624186349,20808135,18035242,13836,2446433,67573,18939175
1788980772741639547,20808880,18035336,13836,2447090,67574,18939175
1788980772859687846,20809628,18035505,13836,2447671,67574,18939175
1788980772976931439,20810376,18035599,13836,2448320,67575,18939175
1788980773093048391,20811120,18035721,13836,2448937,67575,18939175
1788980773223362912,20811956,18035875,13836,2449608,67576,18939175
1788980773341287628,20812713,18036005,13836,2450229,67576,18939175
1788980773456218010,20813448,18036030,13836,2450938,67576,18939175
1788980773573597352,20814197,18036134,13836,2451582,67577,18939175
1788980773690213969,20814944,18036259,13836,2452195,67577,18939175
1788980773808454359,20815701,18036404,13836,2452800,67578,18939175
1788980773926549822,20816458,18036534,13836,2453425,67578,18939175
1788980774045737818,20817212,18036697,13836,2454018,67580,18939175
1788980774163694748,20817970,18036802,13836,2454664,67581,18939175
1788980774281848685,20818726,18036877,13836,2455341,67581,18939175
1788980774397235657,20819457,18036939,13836,2456008,67582,18939175
1788980774514784311,20820205,18037031,13836,2456667,67583,18939175
1788980774632840909,20820963,18037192,13836,2457257,67584,18939175
1788980774746928818,20821692,18037297,13836,2457876,67584,18939175
1788980774864908996,20822450,18037377,13836,2458547,67584,18939175
1788980774982896264,20823199,18037516,13836,2459157,67585,18939175
1788980775101242163,20823949,18037641,13836,2459783,67585,18939175
1788980775216529856,20824683,18037668,13836,2460496,67585,18939175
1788980775334607817,20825433,18037768,13836,2461142,67586,18939175
1788980775449630849,20826162,18037897,13836,2461747,67586,18939175
1788980775565473910,20826903,18037926,13836,2462451,67587,18939175
1788980775681691836,20827642,18038052,13836,2463067,67588,18939175
1788980775799789052,20828395,18038133,13836,2463737,67589,18939175
1788980775914711362,20829131,18038198,13836,2464404,67589,18939175
1788980776032049849,20829881,18038301,13836,2465045,67591,18939175
1788980776150043670,20830636,18038376,13836,2465722,67591,18939175
1788980776265466668,20831377,18038440,13836,2466389,67591,18939175
1788980776383902747,20832135,18038537,13836,2467051,67591,18939175
1788980776501910898,20832885,18038633,13836,2467706,67591,18939175
1788980776617217585,20833624,18038732,13836,2468338,67592,18939175
1788980776735229202,20834380,18038810,13836,2469011,67592,18939175
1788980776851905580,20835128,18038885,13836,2469681,67592,18939175
1788980776966885203,20835873,18038963,13836,2470333,67593,18939175
1788980777084816418,20836624,18039091,13836,2470957,67593,18939175
1788980777199970239,20837367,18039136,13836,2471646,67593,18939175
1788980777315017635,20838099,18039217,13836,2472294,67593,18939175
1788980777433031783,20838855,18039344,13836,2472918,67594,18939175
1788980777547800760,20839585,18039377,13836,2473619,67594,18939175
1788980777664642581,20840331,18039455,13836,2474284,67594,18939175
1788980777782581330,20841086,18039583,13836,2474907,67594,18939175
1788980777897927289,20841828,18039610,13836,2475614,67594,18939175
1788980778014490294,20842575,18039729,13836,2476232,67595,18939175
1788980778132342852,20843327,18039807,13836,2476904,67596,18939175
1788980778247486211,20844064,18039851,13836,2477598,67596,18939175
1788980778364773475,20844806,18040075,13836,2478105,67602,18939175
1788980778479795006,20845535,18040351,13836,2478536,67616,18939175
1788980778594670515,20846249,18040637,13836,2478956,67627,18939175
1788980778707640538,20846931,18040893,13836,2479392,67641,18939175
1788980778823772119,20847661,18041149,13836,2479845,67657,18939175
1788980778938959280,20848378,18041412,13836,2480291,67669,18939175
1788980779053293868,20849102,18041650,13836,2480764,67679,18939175
1788980779169709540,20849822,18041927,13836,2481198,67692,18939175
1788980779285490599,20850535,18042200,13836,2481636,67707,18939175
1788980779401557723,20851270,18042466,13836,2482076,67727,18939175
1788980779518789318,20852005,18042716,13836,2482549,67740,18939175
1788980779635175581,20852753,18043023,13836,2482954,67754,18939175
1788980779752863231,20853506,18043259,13836,2483449,67764,18939175
1788980779867663848,20854225,18043519,13836,2483890,67778,18939175
1788980779983316261,20854962,18043764,13836,2484351,67794,18939175
1788980780098775864,20855672,18044030,13836,2484797,67805,18939175
1788980780213480212,20856411,18044311,13836,2485222,67818,18939175
1788980780328498714,20857125,18044610,13836,2485639,67826,18939175
1788980780448029091,20857869,18044931,13836,2486050,67841,18939175
1788980780563024272,20858592,18045199,13836,2486486,67857,18939175
1788980780677319144,20859313,18045481,13836,2486908,67869,18939175
1788980780792814987,20860039,18045732,13836,2487368,67882,18939175
1788980780907778231,20860781,18046001,13836,2487806,67893,18939175
1788980781022662627,20861494,18046240,13836,2488277,67904,18939175
1788980781137854873,20862230,18046509,13836,2488718,67915,18939175
1788980781254494179,20862950,18046775,13836,2489166,67930,18939175
1788980781370725799,20863672,18047030,13836,2489626,67943,18939175
1788980781485136172,20864390,18047294,13836,2490065,67957,18939175
1788980781601040206,20865118,18047556,13836,2490512,67972,18939175
1788980781717579684,20865864,18047800,13836,2490987,67984,18939175
1788980781834091402,20866592,18048071,13836,2491430,68000,18939175
1788980781950727893,20867335,18048334,13836,2491887,68013,18939175
1788980782067298913,20868046,18048587,13836,2492349,68026,18939175
1788980782182678783,20868771,18048862,13836,2492785,68038,18939175
1788980782298786983,20869506,18049120,13836,2493238,68049,18939175
1788980782413951106,20870240,18049367,13836,2493706,68058,18939175
1788980782529139796,20870991,18049625,13836,2494156,68070,18939175
1788980782645059176,20871697,18049891,13836,2494605,68081,18939175
1788980782761888072,20872426,18050152,13836,2495060,68094,18939175
1788980782877173413,20873167,18050418,13836,2495505,68107,18939175
1788980782994906295,20873937,18050672,13836,2495970,68123,18939175
1788980783112565371,20874665,18050923,13836,2496443,68136,18939175
1788980783228436147,20875415,18051220,13836,2496858,68149,18939175
1788980783343846490,20876155,18051473,13836,2497311,68166,18939175
1788980783459423333,20876881,18051741,13836,2497752,68178,18939175
1788980783575275073,20877606,18051987,13836,2498222,68190,18939175
1788980783692745156,20878340,18052259,13836,2498672,68203,18939175
1788980783807394305,20879058,18052534,13836,2499103,68217,18939175
1788980783922084322,20879777,18052787,13836,2499554,68229,18939175
1788980784039897198,20880514,18053062,13836,2499999,68245,18939175
1788980784154766086,20881255,18053309,13836,2500459,68259,18939175
1788980784271198044,20881987,18053559,13836,2500924,68273,18939175
1788980784386015168,20882705,18053816,13836,2501376,68283,18939175
1788980784501639586,20883425,18054061,13836,2501840,68294,18939175
1788980784617892321,20884153,18054352,13836,2502263,68308,18939175
1788980784734473500,20884870,18054599,13836,2502735,68318,18939175
1788980784850870223,20885600,18054867,13836,2503182,68333,18939175
1788980784966355747,20886297,18055131,13836,2503629,68343,18939175
1788980785083645423,20887011,18055361,13836,2504121,68355,18939175
1788980785199251721,20887738,18055622,13836,2504575,68365,18939175
1788980785314049612,20888446,18055877,13836,2505029,68377,18939175
1788980785430081204,20889176,18056133,13836,2505480,68391,18939175
1788980785546034923,20889903,18056383,13836,2505942,68404,18939175
1788980785663128430,20890628,18056642,13836,2506403,68417,18939175
1788980785778387086,20891372,18056878,13836,2506879,68427,18939175
1788980785892792729,20892074,18057129,13836,2507326,68444,18939175
1788980786007361530,20892778,18057391,13836,2507771,68454,18939175
1788980786123426078,20893499,18057638,13836,2508240,68464,18939175
1788980786240880578,20894234,18057905,13836,2508702,68474,18939175
1788980786356446123,20894942,18058181,13836,2509136,68485,18939175
1788980786480088881,20895719,18058436,13836,2509643,68495,18939175
1788980786596187054,20896448,18058715,13836,2510079,68507,18939175
1788980786712418706,20897171,18058982,13836,2510527,68522,18939175
1788980786827098037,20897885,18059249,13836,2510966,68532,18939175
1788980786942928838,20898616,18059529,13836,2511403,68545,18939175
1788980787058297779,20899331,18059765,13836,2511874,68554,18939175
1788980787171671988,20900048,18060031,13836,2512306,68568,18939175
1788980787285156790,20900755,18060272,13836,2512761,68582,18939175
1788980787401158951,20901478,18060534,13836,2513212,68597,18939175
1788980787516283542,20902203,18060815,13836,2513638,68606,18939175
1788980787631091144,20902935,18061052,13836,2514106,68619,18939175
1788980787746691780,20903666,18061289,13836,2514583,68630,18939175
1788980787861633546,20904377,18061561,13836,2515020,68641,18939175
1788980787978114155,20905113,18061824,13836,2515473,68655,18939175
1788980788094649386,20905848,18062073,13836,2515936,68670,18939175
1788980788209432050,20906571,18062345,13836,2516373,68681,18939175
1788980788326058767,20907306,18062605,13836,2516829,68694,18939175
1788980788443066982,20908061,18062845,13836,2517309,68707,18939175
1788980788558548067,20908779,18063097,13836,2517762,68722,18939175
1788980788675219704,20909515,18063349,13836,2518228,68735,18939175
1788980788790869471,20910245,18063632,13836,2518651,68753,18939175
1788980788907413967,20910980,18063883,13836,2519113,68767,18939175
1788980789024118415,20911733,18064146,13836,2519562,68787,18939175
1788980789142913160,20912461,18064393,13836,2520049,68799,18939175
1788980789258824006,20913200,18064663,13836,2520488,68817,18939175
1788980789374540674,20913937,18064926,13836,2520930,68834,18939175
1788980789491095328,20914665,18065172,13836,2521402,68847,18939175
1788980789606689454,20915376,18065429,13836,2521848,68863,18939175
1788980789723382613,20916125,18065663,13836,2522339,68870,18939175
1788980789839020414,20916839,18065935,13836,2522777,68883,18939175
1788980789955735987,20917574,18066202,13836,2523225,68899,18939175
1788980790071093435,20918308,18066455,13836,2523679,68914,18939175
1788980790187021973,20919019,18066708,13836,2524136,68928,18939175
1788980790303874437,20919753,18066981,13836,2524584,68939,18939175
1788980790416595472,20920465,18067246,13836,2525015,68951,18939175
1788980790533455700,20921211,18067497,13836,2525479,68967,18939175
1788980790648628340,20921923,18067770,13836,2525917,68976,18939175
1788980790764458184,20922635,18068031,13836,2526365,68991,18939175
1788980790881475865,20923366,18068275,13836,2526840,69004,18939175
1788980790998256352,20924091,18068564,13836,2527268,69019,18939175
1788980791115371703,20924816,18068840,13836,2527716,69030,18939175
1788980791231704533,20925558,18069108,13836,2528164,69042,18939175
1788980791347815428,20926281,18069366,13836,2528622,69051,18939175
1788980791463024986,20927017,18069638,13836,2529056,69067,18939175
1788980791579645711,20927768,18069905,13836,2529510,69079,18939175
1788980791694883985,20928489,18070157,13836,2529963,69092,18939175
1788980791809473169,20929223,18070392,13836,2530439,69100,18939175
1788980791925922743,20929948,18070652,13836,2530893,69114,18939175
1788980792042073292,20930699,18070918,13836,2531342,69125,18939175
1788980792158833863,20931411,18071207,13836,2531776,69140,18939175
1788980792275113440,20932147,18071509,13836,2532182,69154,18939175
1788980792390514081,20932881,18071752,13836,2532648,69170,18939175
1788980792505852941,20933620,18072027,13836,2533083,69182,18939175
1788980792620906623,20934348,18072292,13836,2533529,69193,18939175
1788980792736782211,20935053,18072560,13836,2533969,69208,18939175
1788980792852616011,20935798,18072831,13836,2534408,69223,18939175
1788980792967072683,20936513,18073096,13836,2534847,69234,18939175
1788980793082871690,20937255,18073337,13836,2535319,69248,18939175
1788980793196309750,20937959,18073591,13836,2535762,69261,18939175
1788980793311258639,20938686,18073857,13836,2536200,69276,18939175
1788980793425246839,20939402,18074126,13836,2536638,69286,18939175
1788980793540861865,20940129,18074399,13836,2537076,69297,18939175
1788980793657806829,20940841,18074656,13836,2537534,69310,18939175
1788980793771133093,20941566,18074881,13836,2538006,69323,18939175
1788980793886288257,20942284,18075141,13836,2538453,69337,18939175
1788980794001327939,20943000,18075391,13836,2538906,69352,18939175
1788980794116585727,20943717,18075647,13836,2539357,69369,18939175
1788980794231696007,20944427,18075917,13836,2539794,69381,18939175
1788980794348035951,20945151,18076186,13836,2540247,69391,18939175
1788980794464269351,20945873,18076404,13836,2540742,69404,18939175
1788980794578727093,20946609,18076689,13836,2541160,69416,18939175
1788980794693463061,20947320,18076951,13836,2541603,69428,18939175
1788980794808015214,20948035,18077217,13836,2542042,69439,18939175
1788980794924101248,20948764,18077484,13836,2542491,69451,18939175
1788980795039947656,20949506,18077744,13836,2542941,69464,18939175
1788980795157138119,20950256,18077989,13836,2543415,69482,18939175
1788980795273644104,20950983,18078246,13836,2543869,69497,18939175
1788980795389178105,20951695,18078490,13836,2544338,69509,18939175
1788980795504762114,20952426,18078782,13836,2544752,69523,18939175
1788980795620102521,20953160,18079048,13836,2545194,69537,18939175
1788980795735083233,20953878,18079311,13836,2545641,69549,18939175
1788980795851765213,20954612,18079554,13836,2546119,69559,18939175
1788980795966647558,20955307,18079808,13836,2546569,69572,18939175
1788980796082600732,20956031,18080054,13836,2547029,69592,18939175
1788980796197555901,20956741,18080308,13836,2547480,69606,18939175
1788980796312446942,20957465,18080581,13836,2547912,69621,18939175
1788980796427133443,20958169,18080836,13836,2548363,69631,18939175
1788980796542556562,20958894,18081111,13836,2548796,69644,18939175
1788980796656844757,20959618,18081363,13836,2549248,69659,18939175
1788980796771589122,20960329,18081618,13836,2549700,69670,18939175
1788980796885788349,20961049,18081874,13836,2550144,69684,18939175
1788980796999436668,20961776,18082154,13836,2550562,69697,18939175
1788980797113113037,20962482,18082441,13836,2550975,69711,18939175
1788980797230641967,20963215,18082698,13836,2551438,69727,18939175
1788980797346326619,20963936,18082955,13836,2551894,69736,18939175
1788980797462299155,20964677,18083205,13836,2552359,69749,18939175
1788980797577640585,20965401,18083512,13836,2552765,69757,18939175
1788980797692522034,20966128,18083778,13836,2553208,69769,18939175
1788980797808895215,20966868,18084020,13836,2553681,69782,18939175
1788980797925097661,20967613,18084289,13836,2554124,69796,18939175
1788980798041026677,20968321,18084548,13836,2554576,69811,18939175
1788980798156139321,20969017,18084795,13836,2555033,69826,18939175
1788980798271409911,20969730,18085054,13836,2555485,69837,18939175
1788980798387995980,20970484,18085316,13836,2555944,69845,18939175
1788980798503551270,20971207,18085559,13836,2556415,69856,18939175
1788980798617059718,20971916,18085827,13836,2556843,69870,18939175
1788980798729783457,20972613,18086088,13836,2557277,69880,18939175
1788980798846491314,20973338,18086367,13836,2557718,69890,18939175
1788980798962563158,20974085,18086628,13836,2558165,69909,18939175
1788980799078073337,20974809,18086900,13836,2558602,69923,18939175
1788980799195350574,20975535,18087161,13836,2559068,69932,18939175
1788980799311592686,20976267,18087423,13836,2559516,69949,18939175
1788980799425215189,20976991,18087677,13836,2559963,69960,18939175
1788980799541759986,20977704,18087934,13836,2560421,69974,18939175
1788980799656041042,20978417,18088208,13836,2560852,69986,18939175
1788980799773466799,20979150,18088460,13836,2561326,69996,18939175
1788980799893101473,20979908,18088724,13836,2561800,70006,18939175
1788980800008880935,20980653,18088980,13836,2562253,70019,18939175
1788980800125480312,20981368,18089236,13836,2562716,70034,18939175
1788980800241554335,20982081,18089489,13836,2563172,70049,18939175
1788980800357594953,20982818,18089755,13836,2563619,70061,18939175
1788980800473888275,20983556,18090049,13836,2564040,70076,18939175
1788980800588331075,20984282,18090297,13836,2564499,70089,18939175
1788980800702009582,20984991,18090571,13836,2564919,70103,18939175
1788980800817409890,20985724,18090836,13836,2565359,70116,18939175
1788980800932745312,20986458,18091134,13836,2565775,70128,18939175
1788980801049741688,20987178,18091393,13836,2566230,70143,18939175
1788980801165400636,20987894,18091619,13836,2566717,70154,18939175
1788980801279991849,20988597,18091878,13836,2567165,70165,18939175
1788980801395241911,20989308,18092138,13836,2567613,70179,18939175
1788980801509508268,20990044,18092401,13836,2568046,70194,18939175
1788980801626505560,20990799,18092713,13836,2568457,70206,18939175
1788980801738772889,20991507,18092989,13836,2568875,70216,18939175
1788980801854157211,20992254,18093266,13836,2569316,70226,18939175
1788980801968704497,20992967,18093517,13836,2569764,70240,18939175
1788980802083569482,20993664,18093797,13836,2570187,70256,18939175
1788980802199152865,20994391,18094053,13836,2570638,70271,18939175
1788980802315176933,20995113,18094317,13836,2571092,70283,18939175
1788980802430158060,20995830,18094594,13836,2571521,70297,18939175
1788980802546209367,20996547,18094834,13836,2572000,70305,18939175
1788980802665279278,20997305,18095090,13836,2572471,70318,18939175
1788980802781026346,20998040,18095340,13836,2572930,70331,18939175
1788980802898188590,20998795,18095595,13836,2573396,70343,18939175
1788980803014178230,20999520,18095853,13836,2573852,70355,18939175
1788980803129732707,21000223,18096126,13836,2574292,70366,18939175
1788980803245808057,21000966,18096392,13836,2574741,70378,18939175
1788980803361777179,21001695,18096640,13836,2575203,70394,18939175
1788980803477384417,21002413,18096898,13836,2575656,70405,18939175
1788980803592538353,21003126,18097152,13836,2576111,70416,18939175
1788980803709015817,21003858,18097404,13836,2576576,70428,18939175
1788980803823214016,21004571,18097687,13836,2576998,70438,18939175
1788980803940717370,21005311,18097939,13836,2577467,70455,18939175
1788980804057454310,21006063,18098209,13836,2577911,70469,18939175
1788980804173247927,21006806,18098460,13836,2578369,70485,18939175
1788980804287916890,21007508,18098714,13836,2578822,70495,18939175
1788980804403766055,21008213,18098984,13836,2579271,70504,18939175
1788980804520088422,21008914,18099210,13836,2579760,70515,18939175
1788980804635334726,21009633,18099500,13836,2580177,70530,18939175
1788980804751040658,21010356,18099765,13836,2580621,70544,18939175
1788980804866699159,21011078,18100046,13836,2581052,70556,18939175
1788980804982693117,21011815,18100302,13836,2581512,70570,18939175
1788980805098283198,21012523,18100580,13836,2581940,70583,18939175
1788980805219034350,21013285,18100913,13836,2582357,70592,18939175
1788980805332120047,21013990,18101162,13836,2582802,70607,18939175
1788980805447721482,21014696,18101415,13836,2583259,70618,18939175
1788980805563583733,21015411,18101666,13836,2583722,70631,18939175
1788980805680351355,21016124,18101941,13836,2584161,70644,18939175
1788980805796580589,21016849,18102237,13836,2584582,70656,18939175
1788980805913572158,21017601,18102517,13836,2585027,70665,18939175
1788980806026164325,21018308,18102780,13836,2585453,70680,18939175
1788980806141905414,21019007,18103050,13836,2585899,70691,18939175
1788980806257107260,21019726,18103329,13836,2586324,70705,18939175
1788980806373630990,21020475,18103573,13836,2586796,70718,18939175
1788980806487856577,21021183,18103843,13836,2587230,70729,18939175
1788980806609485173,21021954,18104105,13836,2587719,70743,18939175
1788980806724314276,21022667,18104391,13836,2588140,70757,18939175
1788980806839271846,21023373,18104642,13836,2588585,70774,18939175
1788980806955452846,21024103,18104900,13836,2589043,70789,18939175
1788980807073570170,21024847,18105176,13836,2589487,70804,18939175
1788980807189223730,21025585,18105436,13836,2589944,70813,18939175
1788980807302391218,21026284,18105695,13836,2590385,70823,18939175
1788980807417863674,21026992,18105963,13836,2590823,70837,18939175
1788980807532904256,21027706,18106226,13836,2591269,70848,18939175
1788980807648684172,21028432,18106485,13836,2591714,70869,18939175
1788980807762972796,21029147,18106739,13836,2592158,70885,18939175
1788980807876591292,21029866,18107015,13836,2592585,70896,18939175
1788980807994241287,21030598,18107297,13836,2593028,70904,18939175
1788980808107868845,21031308,18107549,13836,2593480,70917,18939175
1788980808223112513,21032018,18107814,13836,2593919,70930,18939175
1788980808339408512,21032760,18108072,13836,2594373,70944,18939175
1788980808454884021,21033475,18108322,13836,2594835,70959,18939175
1788980808569571405,21034183,18108567,13836,2595299,70970,18939175
1788980808685935458,21034921,18108850,13836,2595728,70983,18939175
1788980808801787966,21035657,18109094,13836,2596186,71005,18939175
1788980808918261699,21036407,18109353,13836,2596646,71015,18939175
1788980809034126923,21037148,18109660,13836,2597053,71027,18939175
1788980809151736461,21037888,18109951,13836,2597490,71039,18939175
1788980809267548898,21038604,18110184,13836,2597971,71050,18939175
1788980809383573751,21039326,18110450,13836,2598418,71061,18939175
1788980809499360737,21040048,18110713,13836,2598870,71072,18939175
1788980809615256159,21040767,18110976,13836,2599313,71087,18939175
1788980809734572576,21041526,18111261,13836,2599763,71102,18939175
1788980809851445701,21042265,18111516,13836,2600230,71112,18939175
1788980809969482507,21043017,18111764,13836,2600710,71123,18939175
1788980810085080896,21043730,18112024,13836,2601158,71134,18939175
1788980810201928638,21044442,18112279,13836,2601622,71146,18939175
1788980810318731043,21045170,18112552,13836,2602064,71162,18939175
1788980810434293231,21045880,18112811,13836,2602516,71175,18939175
1788980810549881473,21046608,18113050,13836,2602991,71183,18939175
1788980810664422176,21047302,18113305,13836,2603442,71194,18939175
1788980810779558121,21048035,18113642,13836,2603810,71210,18939175
1788980810895395838,21048757,18113896,13836,2604266,71226,18939175
1788980811011200965,21049484,18114177,13836,2604694,71240,18939175
1788980811127585192,21050222,18114445,13836,2605143,71253,18939175
1788980811241743920,21050940,18114750,13836,2605545,71262,18939175
1788980811354271875,21051660,18115448,13836,2605547,71271,18973991
1788980811467098091,21052378,18115787,13836,2605912,71280,18974784
1788980811585371136,21053129,18115858,13836,2606591,71280,18974784
1788980811702301498,21053875,18115938,13836,2607250,71286,18975680
1788980811817549431,21054606,18116025,13836,2607900,71287,18975680
1788980811935640586,21055363,18116110,13836,2608567,71287,18975680
1788980812052896231,21056119,18116187,13836,2609236,71287,18975680
1788980812167784974,21056854,18116277,13836,2609876,71288,18975680
1788980812285666945,21057612,18116356,13836,2610549,71288,18975680
1788980812402505937,21058363,18116434,13836,2611208,71288,18975680
1788980812517634609,21059091,18116526,13836,2611848,71291,18975680
1788980812635731578,21059853,18116653,13836,2612472,71291,18975680
1788980812751509617,21060592,18116736,13836,2613123,71291,18975680
1788980812866789507,21061332,18116819,13836,2613778,71291,18975680
1788980812985010016,21062089,18116936,13836,2614414,71291,18975680
1788980813100185874,21062828,18116974,13836,2615108,71291,18975680
1788980813215135228,21063562,18117082,13836,2615731,71291,18975680
1788980813333288436,21064321,18117247,13836,2616320,71291,18975680
1788980813449557547,21065059,18117358,13836,2616951,71292,18975680
1788980813564686191,21065793,18117485,13836,2617555,71293,18975680
1788980813683097864,21066557,18117644,13836,2618148,71293,18975680
1788980813796069774,21067275,18117810,13836,2618702,71293,18975680
1788980813911030166,21068007,18117933,13836,2619309,71293,18975680
1788980814029173289,21068760,18118035,13836,2619959,71294,18975680
1788980814145641026,21069500,18118177,13836,2620563,71294,18975680
1788980814260514229,21070228,18118270,13836,2621200,71295,18975680
1788980814378569742,21070987,18118370,13836,2621852,71295,18975680
1788980814496672555,21071744,18118485,13836,2622489,71295,18975680
1788980814611676327,21072477,18118595,13836,2623107,71296,18975680
1788980814729927715,21073236,18118753,13836,2623700,71296,18975680
1788980814847919443,21073993,18118866,13836,2624339,71296,18975680
1788980814963482043,21074732,18118964,13836,2624975,71296,18975680
1788980815082041357,21075492,18119111,13836,2625582,71297,18975680
1788980815201195111,21076250,18119270,13836,2626177,71299,18975680
1788980815316266358,21076994,18119375,13836,2626807,71300,18975680
1788980815432970390,21077747,18119491,13836,2627432,71300,18975680
1788980815550723541,21078493,18119629,13836,2628043,71301,18975680
1788980815668611003,21079250,18119778,13836,2628644,71301,18975680
1788980815781587920,21079970,18119828,13836,2629316,71301,18975680
1788980815896957499,21080717,18119918,13836,2629957,71302,18975680
1788980816015601252,21081473,18120032,13836,2630600,71302,18975680
1788980816131943334,21082211,18120193,13836,2631178,71302,18975680
1788980816249586778,21082959,18120317,13836,2631804,71302,18975680
1788980816367846185,21083716,18120447,13836,2632425,71302,18975680
1788980816483276783,21084452,18120583,13836,2633018,71303,18975680
1788980816601223702,21085208,18120721,13836,2633631,71304,18975680
1788980816715565173,21085937,18120764,13836,2634321,71304,18975680
1788980816831026525,21086684,18120848,13836,2634968,71305,18975680
1788980816949055182,21087436,18120976,13836,2635590,71305,18975680
1788980817067212814,21088194,18121124,13836,2636194,71307,18975680
1788980817185559794,21088949,18121199,13836,2636873,71307,18975680
1788980817303478262,21089699,18121377,13836,2637438,71308,18975680
1788980817419243082,21090441,18121504,13836,2638048,71309,18975680
1788980817537314279,21091191,18121588,13836,2638715,71309,18975680
1788980817652573751,21091930,18121640,13836,2639399,71310,18975680
1788980817766918104,21092661,18121760,13836,2640007,71310,18975680
1788980817884947014,21093419,18121846,13836,2640673,71310,18975680
1788980818003042119,21094177,18121985,13836,2641283,71311,18975680
1788980818121117632,21094939,18122117,13836,2641901,71311,18975680
1788980818239145229,21095700,18122253,13836,2642515,71311,18975680
1788980818356759947,21096448,18122355,13836,2643164,71312,18975680
1788980818474833437,21097200,18122433,13836,2643837,71313,18975680
1788980818590334016,21097936,18122509,13836,2644491,71315,18975680
1788980818708494500,21098691,18122597,13836,2645156,71315,18975680
1788980818826498699,21099449,18122740,13836,2645758,71316,18975680
1788980818938556141,21100166,18122859,13836,2646355,71317,18975680
1788980819056746576,21100916,18122946,13836,2647021,71317,18975680
1788980819175062424,21101682,18123145,13836,2647569,71318,18975680
1788980819293084190,21102430,18123289,13836,2648177,71319,18975680
1788980819408465977,21103170,18123314,13836,2648884,71319,18975680
1788980819523512656,21103904,18123402,13836,2649533,71320,18975680
1788980819641343235,21104661,18123576,13836,2650106,71320,18975680
1788980819759855207,21105423,18123712,13836,2650722,71322,18975680
1788980819877648539,21106179,18123812,13836,2651372,71322,18975680
1788980819995557401,21106924,18123940,13836,2651993,71323,18975680
1788980820114486894,21107681,18124040,13836,2652644,71325,18975680
1788980820229532003,21108417,18124178,13836,2653244,71325,18975680
1788980820344891315,21109155,18124218,13836,2653938,71325,18975680
1788980820462541432,21109910,18124309,13836,2654596,71325,18975680
1788980820578399421,21110653,18124436,13836,2655201,71325,18975680
1788980820696384057,21111411,18124571,13836,2655816,71326,18975680
1788980820814415405,21112163,18124686,13836,2656456,71326,18975680
1788980820929260741,21112902,18124835,13836,2657035,71326,18975680
1788980821047469556,21113649,18124994,13836,2657626,71327,18975680
1788980821165710231,21114406,18125075,13836,2658302,71327,18975680
1788980821280585362,21115142,18125129,13836,2658979,71328,18975680
1788980821397687266,21115892,18125290,13836,2659562,71328,18975680
1788980821515930101,21116647,18125366,13836,2660237,71328,18975680
1788980821633492868,21117385,18125512,13836,2660833,71330,18975680
1788980821751791231,21118135,18125678,13836,2661423,71331,18975680
1788980821869875201,21118887,18125830,13836,2662023,71331,18975680
1788980821988486882,21119643,18125905,13836,2662697,71332,18975680
1788980822104870649,21120388,18125989,13836,2663359,71332,18975680
1788980822220049378,21121124,18126071,13836,2664006,71333,18975680
1788980822337921739,21121882,18126138,13836,2664691,71333,18975680
1788980822456000333,21122643,18126295,13836,2665284,71334,18975680
1788980822571727919,21123380,18126402,13836,2665913,71334,18975680
1788980822689753879,21124130,18126541,13836,2666526,71334,18975680
1788980822808022324,21124895,18126676,13836,2667140,71335,18975680
1788980822925952538,21125653,18126803,13836,2667764,71336,18975680
1788980823039971364,21126381,18126824,13836,2668470,71336,18975680
1788980823155866846,21127120,18126896,13836,2669135,71336,18975680
1788980823274009884,21127877,18127020,13836,2669761,71336,18975680
1788980823391892769,21128615,18127156,13836,2670374,71338,18975680
1788980823509936716,21129371,18127264,13836,2671017,71338,18975680
1788980823627209421,21130116,18127433,13836,2671591,71339,18975680
1788980823743763219,21130852,18127537,13836,2672230,71340,18975680
1788980823861708793,21131608,18127618,13836,2672901,71340,18975680
1788980823976860768,21132344,18127664,13836,2673587,71340,18975680
1788980824093423131,21133091,18127797,13836,2674193,71340,18975680
1788980824211841614,21133837,18127892,13836,2674854,71341,18975680
1788980824329400001,21134588,18128039,13836,2675450,71342,18975680
1788980824447666212,21135348,18128204,13836,2676040,71343,18975680
1788980824565868143,21136114,18128337,13836,2676657,71344,18975680
1788980824683879317,21136869,18128448,13836,2677297,71344,18975680
1788980824802010289,21137618,18128537,13836,2677960,71344,18975680
1788980824917279557,21138350,18128623,13836,2678605,71345,18975680
1788980825035329310,21139108,18128726,13836,2679251,71345,18975680
1788980825153256053,21139872,18128901,13836,2679827,71346,18975680
1788980825266884151,21140597,18129053,13836,2680399,71346,18975680
1788980825385146749,21141352,18129160,13836,2681043,71346,18975680
1788980825503655455,21142103,18129317,13836,2681641,71347,18975680
1788980825621685096,21142859,18129479,13836,2682231,71347,18975680
1788980825737420548,21143595,18129515,13836,2682928,71347,18975680
1788980825852966857,21144345,18129599,13836,2683577,71349,18975680
1788980825971590537,21145090,18129737,13836,2684197,71350,18975680
1788980826089264980,21145844,18129852,13836,2684826,71350,18975680
1788980826207756970,21146598,18129983,13836,2685451,71351,18975680
1788980826325737815,21147360,18130126,13836,2686059,71351,18975680
1788980826444054337,21148108,18130214,13836,2686721,71352,18975680
1788980826562257008,21148862,18130375,13836,2687311,71352,18975680
1788980826677133270,21149601,18130401,13836,2688018,71352,18975680
1788980826795269442,21150354,18130483,13836,2688686,71353,18975680
1788980826911570555,21151090,18130618,13836,2689295,71353,18975680
1788980827029443343,21151854,18130754,13836,2689902,71354,18975680
1788980827147546494,21152606,18130858,13836,2690553,71354,18975680
1788980827263825596,21153334,18131007,13836,2691143,71354,18975680
1788980827381616007,21154084,18131122,13836,2691779,71355,18975680
1788980827499434932,21154841,18131199,13836,2692447,71355,18975680
1788980827614383872,21155574,18131262,13836,2693116,71355,18975680
1788980827732588862,21156330,18131353,13836,2693781,71356,18975680
1788980827851061384,21157091,18131515,13836,2694372,71356,18975680
1788980827970650740,21157855,18131660,13836,2694988,71356,18975680
1788980828088888464,21158621,18131789,13836,2695610,71357,18975680
1788980828206903964,21159374,18131930,13836,2696218,71358,18975680
1788980828324953595,21160128,18132023,13836,2696877,71358,18975680
1788980828443329917,21160878,18132116,13836,2697535,71358,18975680
1788980828558057024,21161604,18132196,13836,2698184,71360,18975680
1788980828676022382,21162357,18132280,13836,2698854,71360,18975680
1788980828791390655,21163080,18132439,13836,2699424,71360,18975680
1788980828908072054,21163830,18132592,13836,2700014,71361,18975680
1788980829026100155,21164589,18132667,13836,2700691,71361,18975680
1788980829142044526,21165326,18132804,13836,2701291,71361,18975680
1788980829270046086,21166144,18132982,13836,2701929,71361,18975680
1788980829391124884,21166918,18133006,13836,2702678,71361,18975680
1788980829509559950,21167665,18133103,13836,2703335,71362,18975680
1788980829624067443,21168401,18133281,13836,2703882,71363,18975680
1788980829743048000,21169167,18133426,13836,2704493,71364,18975680
1788980829864053099,21169939,18133506,13836,2705184,71364,18975680
1788980829983050212,21170699,18133694,13836,2705752,71364,18975680
1788980830101835711,21171459,18133818,13836,2706384,71365,18975680
1788980830220161062,21172217,18133896,13836,2707057,71365,18975680
1788980830334869296,21172946,18133942,13836,2707743,71366,18975680
1788980830451683015,21173692,18134099,13836,2708328,71367,18975680
1788980830569641707,21174446,18134205,13836,2708974,71367,18975680
1788980830687386270,21175197,18134351,13836,2709572,71367,18975680
1788980830805355272,21175949,18134528,13836,2710146,71368,18975680
1788980830923443514,21176713,18134652,13836,2710771,71368,18975680
1788980831040394623,21177460,18134763,13836,2711405,71368,18975680
1788980831158345186,21178214,18134879,13836,2712040,71369,18975680
1788980831273265190,21178946,18134960,13836,2712690,71369,18975680
1788980831390741167,21179691,18135096,13836,2713305,71369,18975680
1788980831508848379,21180448,18135242,13836,2713910,71370,18975680
1788980831626386332,21181195,18135324,13836,2714572,71370,18975680
1788980831740635318,21181922,18135490,13836,2715137,71370,18975680
1788980831858397848,21182674,18135664,13836,2715706,71371,18975680
1788980831976343070,21183427,18135746,13836,2716376,71371,18975680
1788980832093252200,21184178,18135823,13836,2717044,71371,18975680
1788980832208771858,21184919,18135914,13836,2717690,71372,18975680
1788980832326761149,21185675,18135987,13836,2718369,71372,18975680
1788980832445762703,21186434,18136174,13836,2718939,71373,18975680
1788980832561880614,21187182,18136320,13836,2719530,71373,18975680
1788980832679692326,21187931,18136439,13836,2720161,71374,18975680
1788980832797951310,21188695,18136613,13836,2720736,71375,18975680
1788980832915903136,21189455,18136752,13836,2721347,71375,18975680
1788980833030363367,21190184,18136796,13836,2722031,71375,18975680
1788980833145341137,21190915,18136874,13836,2722684,71376,18975680
1788980833263424138,21191672,18137035,13836,2723275,71376,18975680
1788980833378263499,21192407,18137060,13836,2723981,71376,18975680
1788980833493296389,21193142,18137155,13836,2724617,71377,18975680
1788980833611286761,21193896,18137340,13836,2725184,71377,18975680
1788980833725819323,21194627,18137397,13836,2725859,71377,18975680
1788980833840948487,21195377,18137489,13836,2726495,71378,18975680
1788980833958899110,21196135,18137619,13836,2727116,71378,18975680
1788980834073061138,21196863,18137645,13836,2727817,71378,18975680
1788980834188210334,21197592,18137729,13836,2728463,71379,18975680
1788980834307137776,21198354,18137889,13836,2729061,71379,18975680
1788980834422203427,21199090,18137910,13836,2729773,71379,18975680
1788980834537049314,21199837,18137994,13836,2730419,71380,18975680
1788980834655183553,21200589,18138168,13836,2730998,71381,18975680
1788980834770063424,21201324,18138200,13836,2731697,71381,18975680
1788980834885294697,21202054,18138280,13836,2732346,71382,18975680
1788980835003386931,21202809,18138444,13836,2732936,71382,18975680
1788980835118442843,21203542,18138469,13836,2733642,71382,18975680
1788980835233435197,21204271,18138556,13836,2734285,71383,18975680
1788980835351651145,21205027,18138727,13836,2734869,71383,18975680
1788980835466245808,21205760,18138771,13836,2735553,71383,18975680
1788980835581426173,21206498,18138857,13836,2736198,71383,18975680
1788980835699379037,21207252,18138992,13836,2736818,71384,18975680
1788980835813725176,21207982,18139087,13836,2737453,71384,18975680
1788980835928821172,21208724,18139178,13836,2738091,71385,18975680
1788980836046814528,21209478,18139267,13836,2738754,71385,18975680
1788980836162006255,21210214,18139339,13836,2739415,71385,18975680
1788980836279026248,21210965,18139433,13836,2740067,71386,18975680
1788980836393029402,21211675,18139725,13836,2740475,71398,18975680
1788980836508713634,21212391,18139998,13836,2740911,71413,18975680
1788980836624581496,21213124,18140274,13836,2741346,71429,18975680
1788980836740405613,21213875,18140537,13836,2741791,71446,18975680
1788980836856417279,21214598,18140805,13836,2742235,71459,18975680
1788980836972109551,21215342,18141041,13836,2742713,71469,18975680
1788980837088323809,21216084,18141286,13836,2743181,71483,18975680
1788980837204857181,21216811,18141544,13836,2743635,71499,18975680
1788980837321941138,21217548,18141812,13836,2744084,71514,18975680
1788980837438393159,21218284,18142080,13836,2744536,71524,18975680
1788980837553484772,21219023,18142330,13836,2744992,71540,18975680
1788980837670297325,21219733,18142571,13836,2745469,71550,18975680
1788980837787032334,21220473,18142825,13836,2745932,71563,18975680
1788980837902030410,21221193,18143093,13836,2746372,71576,18975680
1788980838018665420,21221932,18143352,13836,2746826,71591,18975680
1788980838135588086,21222684,18143611,13836,2747288,71603,18975680
1788980838251940711,21223412,18143866,13836,2747744,71619,18975680
1788980838366410053,21224137,18144105,13836,2748212,71630,18975680
1788980838481228795,21224864,18144363,13836,2748658,71644,18975680
1788980838597602297,21225603,18144637,13836,2749099,71658,18975680
1788980838713486722,21226340,18144907,13836,2749542,71671,18975680
1788980838830044075,21227081,18145201,13836,2749969,71682,18975680
1788980838945722226,21227809,18145441,13836,2750446,71694,18975680
1788980839065705344,21228570,18145701,13836,2750922,71705,18975680
1788980839180816141,21229297,18145953,13836,2751371,71721,18975680
1788980839297099143,21230024,18146207,13836,2751835,71733,18975680
1788980839412741592,21230755,18146473,13836,2752277,71746,18975680
1788980839528251975,21231483,18146745,13836,2752718,71756,18975680
1788980839642228972,21232211,18147003,13836,2753164,71768,18975680
1788980839756419991,21232942,18147263,13836,2753612,71779,18975680
1788980839873042504,21233683,18147527,13836,2754058,71795,18975680
1788980839990552565,21234433,18147793,13836,2754515,71808,18975680
1788980840106776726,21235165,18148076,13836,2754950,71819,18975680
1788980840223178591,21235881,18148321,13836,2755420,71834,18975680
1788980840337844898,21236615,18148609,13836,2755836,71845,18975680
1788980840452520145,21237337,18148890,13836,2756267,71855,18975680
1788980840567898682,21238068,18149144,13836,2756720,71867,18975680
1788980840682450198,21238782,18149475,13836,2757097,71876,18975680
1788980840796632182,21239485,18149750,13836,2757526,71887,18975680
1788980840912584141,21240212,18150000,13836,2757986,71904,18975680
1788980841029267573,21240949,18150243,13836,2758468,71913,18975680
1788980841150558185,21241706,18150531,13836,2758923,71927,18975680
1788980841266205357,21242439,18150793,13836,2759370,71943,18975680
1788980841382559191,21243181,18151046,13836,2759828,71957,18975680
1788980841498547739,21243902,18151323,13836,2760267,71968,18975680
1788980841612520112,21244609,18151653,13836,2760638,71981,18975680
1788980841727034805,21245338,18151890,13836,2761110,71993,18975680
1788980841844587489,21246051,18152173,13836,2761544,72008,18975680
1788980841960512992,21246776,18152444,13836,2761986,72020,18975680
1788980842075145144,21247509,18152703,13836,2762433,72036,18975680
1788980842190069920,21248250,18152977,13836,2762864,72046,18975680
1788980842305143636,21248981,18153252,13836,2763297,72059,18975680
1788980842424521036,21249730,18153505,13836,2763782,72070,18975680
1788980842540767413,21250459,18153752,13836,2764245,72088,18975680
1788980842656852602,21251184,18154011,13836,2764698,72099,18975680
1788980842773092713,21251916,18154272,13836,2765150,72114,18975680
1788980842889872223,21252647,18154522,13836,2765617,72127,18975680
1788980843002519994,21253358,18154751,13836,2766087,72136,18975680
1788980843117015155,21254065,18155034,13836,2766508,72148,18975680
1788980843232649062,21254790,18155287,13836,2766969,72159,18975680
1788980843347293726,21255518,18155553,13836,2767407,72172,18975680
1788980843460669996,21256225,18155825,13836,2767835,72182,18975680
1788980843578613984,21256949,18156094,13836,2768296,72191,18975680
1788980843693118411,21257680,18156341,13836,2768757,72200,18975680
1788980843807861783,21258384,18156600,13836,2769204,72212,18975680
1788980843923081257,21259094,18156854,13836,2769656,72228,18975680
1788980844038840026,21259829,18157125,13836,2770093,72241,18975680
1788980844154656217,21260546,18157386,13836,2770546,72256,18975680
1788980844269846024,21261263,18157651,13836,2770985,72269,18975680
1788980844385640433,21261989,18157903,13836,2771445,72283,18975680
1788980844502310598,21262697,18158173,13836,2771889,72298,18975680
1788980844617648382,21263415,18158434,13836,2772334,72317,18975680
1788980844731264071,21264145,18158717,13836,2772746,72331,18975680
1788980844847646038,21264872,18158987,13836,2773190,72347,18975680
1788980844966141368,21265609,18159260,13836,2773644,72357,18975680
1788980845082554892,21266341,18159526,13836,2774099,72366,18975680
1788980845199747657,21267078,18159800,13836,2774543,72383,18975680
1788980845315043440,21267835,18160073,13836,2774980,72395,18975680
1788980845428975269,21268558,18160335,13836,2775417,72413,18975680
1788980845543424660,21269275,18160599,13836,2775854,72426,18975680
1788980845660140166,21270009,18160910,13836,2776262,72437,18975680
1788980845775708370,21270760,18161155,13836,2776735,72446,18975680
1788980845892331199,21271509,18161409,13836,2777197,72461,18975680
1788980846007871107,21272238,18161666,13836,2777651,72471,18975680
1788980846123400791,21272965,18161919,13836,2778111,72482,18975680
1788980846241204314,21273696,18162206,13836,2778547,72496,18975680
1788980846355972765,21274415,18162454,13836,2779013,72507,18975680
1788980846475422657,21275175,18162728,13836,2779472,72519,18975680
1788980846591308724,21275900,18163014,13836,2779901,72531,18975680
1788980846705147747,21276596,18163281,13836,2780330,72543,18975680
1788980846818636397,21277302,18163563,13836,2780751,72553,18975680
1788980846934077912,21278013,18163817,13836,2781207,72564,18975680
1788980847048746095,21278734,18164048,13836,2781682,72577,18975680
1788980847161525254,21279465,18164338,13836,2782083,72593,18975680
1788980847277480029,21280183,18164595,13836,2782539,72606,18975680
1788980847394063233,21280919,18164875,13836,2782979,72618,18975680
1788980847510106139,21281644,18165130,13836,2783432,72631,18975680
1788980847625275090,21282341,18165383,13836,2783891,72642,18975680
1788980847741337258,21283059,18165673,13836,2784317,72650,18975680
1788980847855657773,21283792,18165934,13836,2784759,72665,18975680
1788980847970797496,21284492,18166183,13836,2785218,72680,18975680
1788980848087259939,21285216,18166433,13836,2785673,72694,18975680
1788980848202952386,21285952,18166686,13836,2786134,72707,18975680
1788980848319356664,21286673,18166934,13836,2786604,72717,18975680
1788980848433968024,21287406,18167195,13836,2787053,72725,18975680
1788980848550056469,21288160,18167460,13836,2787500,72738,18975680
1788980848666144946,21288901,18167707,13836,2787965,72750,18975680
1788980848782413053,21289634,18167965,13836,2788422,72764,18975680
1788980848900049236,21290348,18168218,13836,2788891,72777,18975680
1788980849016154987,21291053,18168485,13836,2789337,72788,18975680
1788980849132880616,21291791,18168736,13836,2789808,72801,18975680
1788980849248253803,21292530,18168996,13836,2790256,72814,18975680
1788980849363821488,21293285,18169250,13836,2790711,72831,18975680
1788980849480893335,21294027,18169498,13836,2791173,72851,18975680
1788980849596973098,21294742,18169779,13836,2791606,72861,18975680
1788980849713400458,21295469,18170016,13836,2792091,72871,18975680
1788980849833708829,21296239,18170257,13836,2792588,72884,18975680
1788980849947766393,21296948,18170515,13836,2793027,72900,18975680
1788980850062124431,21297684,18170768,13836,2793475,72913,18975680
1788980850177237652,21298392,18171056,13836,2793898,72924,18975680
1788980850292179528,21299103,18171326,13836,2794339,72937,18975680
1788980850407704604,21299810,18171614,13836,2794759,72951,18975680
1788980850521564181,21300540,18171882,13836,2795191,72964,18975680
1788980850637446053,21301256,18172162,13836,2795627,72977,18975680
1788980850753882528,21301974,18172407,13836,2796090,72993,18975680
1788980850869274526,21302730,18172652,13836,2796553,73008,18975680
1788980850985153939,21303470,18172901,13836,2797007,73030,18975680
1788980851101323735,21304213,18173136,13836,2797482,73045,18975680
1788980851216091521,21304929,18173419,13836,2797907,73057,18975680
1788980851332079622,21305658,18173673,13836,2798366,73069,18975680
1788980851447697459,21306376,18173931,13836,2798816,73085,18975680
1788980851565256163,21307118,18174179,13836,2799289,73099,18975680
1788980851681253287,21307844,18174427,13836,2799754,73110,18975680
1788980851795121851,21308570,18174695,13836,2800190,73125,18975680
1788980851911339387,21309308,18174955,13836,2800644,73137,18975680
1788980852027713290,21310066,18175207,13836,2801101,73154,18975680
1788980852144222814,21310789,18175480,13836,2801549,73164,18975680
1788980852259922985,21311523,18175745,13836,2801986,73183,18975680
1788980852376296351,21312232,18176005,13836,2802448,73193,18975680
1788980852494188345,21312985,18176269,13836,2802912,73204,18975680
1788980852609088000,21313699,18176542,13836,2803339,73220,18975680
1788980852724083995,21314427,18176796,13836,2803791,73235,18975680
1788980852838881829,21315152,18177052,13836,2804238,73249,18975680
1788980852955935379,21315911,18177303,13836,2804705,73263,18975680
1788980853073962165,21316653,18177558,13836,2805180,73273,18975680
1788980853187739837,21317371,18177806,13836,2805635,73283,18975680
1788980853302919776,21318081,18178058,13836,2806090,73295,18975680
1788980853418281367,21318821,18178330,13836,2806523,73312,18975680
1788980853534044292,21319542,18178585,13836,2806977,73326,18975680
1788980853647549595,21320251,18178832,13836,2807426,73341,18975680
1788980853762120469,21320996,18179092,13836,2807874,73356,18975680
1788980853876539188,21321714,18179348,13836,2808317,73368,18975680
1788980853992255087,21322425,18179600,13836,2808777,73380,18975680
1788980854107638262,21323149,18179858,13836,2809229,73393,18975680
1788980854222382819,21323870,18180179,13836,2809615,73406,18975680
1788980854336794766,21324576,18180452,13836,2810040,73423,18975680
1788980854452078380,21325312,18180694,13836,2810510,73434,18975680
1788980854567734656,21326049,18180938,13836,2810970,73455,18975680
1788980854681722107,21326780,18181180,13836,2811428,73467,18975680
1788980854796458934,21327467,18181457,13836,2811858,73480,18975680
1788980854913125239,21328202,18181703,13836,2812331,73489,18975680
1788980855030100694,21328944,18181976,13836,2812776,73502,18975680
1788980855146188167,21329659,18182236,13836,2813232,73513,18975680
1788980855261555488,21330391,18182503,13836,2813674,73527,18975680
1788980855377396471,21331114,18182756,13836,2814133,73540,18975680
1788980855492766103,21331811,18183012,13836,2814583,73553,18975680
1788980855607333206,21332539,18183278,13836,2815021,73565,18975680
1788980855722346714,21333274,18183526,13836,2815482,73579,18975680
1788980855838092640,21333999,18183772,13836,2815948,73589,18975680
1788980855953490156,21334712,18184026,13836,2816401,73607,18975680
1788980856068433941,21335443,18184286,13836,2816847,73621,18975680
1788980856183602149,21336162,18184543,13836,2817293,73636,18975680
1788980856299388512,21336900,18184806,13836,2817746,73647,18975680
1788980856417518475,21337630,18185039,13836,2818245,73655,18975680
1788980856532887987,21338349,18185315,13836,2818676,73667,18975680
1788980856648441399,21339076,18185575,13836,2819128,73679,18975680
1788980856763958855,21339804,18185828,13836,2819584,73693,18975680
1788980856879816055,21340547,18186077,13836,2820050,73703,18975680
1788980856996950682,21341284,18186364,13836,2820483,73717,18975680
1788980857112116145,21342008,18186598,13836,2820962,73727,18975680
1788980857226697101,21342732,18186861,13836,2821401,73741,18975680
1788980857342941776,21343476,18187172,13836,2821803,73756,18975680
1788980857458811020,21344215,18187421,13836,2822266,73769,18975680
1788980857573893777,21344946,18187661,13836,2822733,73783,18975680
1788980857690249028,21345676,18187978,13836,2823129,73799,18975680
1788980857806084257,21346412,18188271,13836,2823552,73809,18975680
1788980857918975674,21347115,18188523,13836,2823996,73825,18975680
1788980858034081454,21347844,18188762,13836,2824461,73835,18975680
1788980858150368734,21348577,18189017,13836,2824918,73850,18975680
1788980858267214680,21349324,18189274,13836,2825379,73862,18975680
1788980858381792134,21350057,18189521,13836,2825836,73876,18975680
1788980858495316463,21350780,18189751,13836,2826307,73887,18975680
1788980858611716513,21351531,18190013,13836,2826762,73903,18975680
1788980858727961923,21352237,18190275,13836,2827210,73915,18975680
1788980858843859106,21352963,18190524,13836,2827675,73925,18975680
1788980858960904466,21353705,18190771,13836,2828147,73940,18975680
1788980859076257840,21354435,18191016,13836,2828618,73950,18975680
1788980859189376585,21355160,18191304,13836,2829022,73962,18975680
1788980859305373168,21355891,18191569,13836,2829470,73976,18975680
1788980859420208242,21356613,18191816,13836,2829930,73987,18975680
1788980859536810594,21357344,18192076,13836,2830387,73998,18975680
1788980859653822119,21358079,18192335,13836,2830853,74009,18975680
1788980859768676480,21358796,18192572,13836,2831317,74024,18975680
1788980859885048001,21359515,18192858,13836,2831742,74044,18975680
1788980860001581071,21360246,18193112,13836,2832205,74056,18975680
1788980860117582695,21360993,18193360,13836,2832666,74071,18975680
1788980860233309958,21361722,18193605,13836,2833130,74086,18975680
1788980860349593243,21362461,18193873,13836,2833583,74095,18975680
1788980860463741798,21363193,18194140,13836,2834021,74106,18975680
1788980860579666463,21363904,18194401,13836,2834477,74116,18975680
1788980860695036931,21364620,18194653,13836,2834929,74130,18975680
1788980860810774452,21365337,18194902,13836,2835390,74144,18975680
1788980860926858058,21366073,18195145,13836,2835861,74155,18975680
1788980861042857591,21366789,18195389,13836,2836330,74168,18975680
1788980861160754723,21367563,18195621,13836,2836823,74183,18975680
1788980861275611470,21368274,18195875,13836,2837276,74196,18975680
1788980861391258959,21368993,18196136,13836,2837728,74205,18975680
1788980861508073603,21369717,18196390,13836,2838187,74223,18975680
1788980861624798248,21370446,18196650,13836,2838645,74233,18975680
1788980861741105619,21371179,18196906,13836,2839104,74247,18975680
1788980861854481670,21371885,18197168,13836,2839537,74260,18975680
1788980861968551351,21372605,18197431,13836,2839978,74274,18975680
1788980862084362382,21373343,18197690,13836,2840429,74289,18975680
1788980862199764560,21374070,18197963,13836,2840863,74302,18975680
1788980862317124866,21374805,18198229,13836,2841318,74316,18975680
1788980862431921258,21375544,18198451,13836,2841803,74328,18975680
1788980862546851283,21376264,18198700,13836,2842259,74343,18975680
1788980862661907144,21376989,18198952,13836,2842711,74358,18975680
1788980862775515691,21377703,18199202,13836,2843161,74371,18975680
1788980862889523447,21378410,18199463,13836,2843598,74385,18975680
1788980863005071895,21379134,18199731,13836,2844043,74398,18975680
1788980863122370029,21379868,18199989,13836,2844510,74407,18975680
1788980863236232097,21380570,18200263,13836,2844932,74421,18975680
1788980863350491432,21381278,18200545,13836,2845351,74435,18975680
1788980863467409303,21382019,18200808,13836,2845807,74447,18975680
1788980863584047415,21382756,18201073,13836,2846260,74459,18975680
1788980863700008706,21383478,18201316,13836,2846722,74477,18975680
1788980863817028860,21384215,18201579,13836,2847182,74488,18975680
1788980863932268498,21384954,18201823,13836,2847649,74498,18975680
1788980864049043506,21385699,18202086,13836,2848099,74515,18975680
1788980864164131788,21386411,18202335,13836,2848561,74524,18975680
1788980864280123491,21387139,18202617,13836,2848996,74536,18975680
1788980864396110283,21387867,18202894,13836,2849429,74549,18975680
1788980864514354090,21388613,18203182,13836,2849873,74561,18975680
1788980864631027260,21389344,18203487,13836,2850282,74576,18975680
1788980864747250669,21390058,18203747,13836,2850737,74589,18975680
1788980864864225124,21390776,18204012,13836,2851185,74605,18975680
1788980864981033954,21391496,18204285,13836,2851629,74618,18975680
1788980865096846790,21392239,18204522,13836,2852112,74628,18975680
1788980865211642876,21392950,18204787,13836,2852550,74643,18975680
1788980865328438664,21393674,18205049,13836,2853008,74653,18975680
1788980865444729882,21394408,18205330,13836,2853439,74667,18975680
1788980865560067279,21395124,18205597,13836,2853881,74679,18975680
1788980865676076950,21395847,18205874,13836,2854320,74690,18975680
1788980865792650196,21396566,18206155,13836,2854757,74704,18975680
1788980865908468386,21397300,18206427,13836,2855199,74719,18975680
1788980866024050556,21398058,18206681,13836,2855638,74745,18975680
1788980866140151191,21398785,18206962,13836,2856056,74774,18975680
1788980866254562205,21399496,18207259,13836,2856464,74786,18975680
1788980866367798449,21400205,18207554,13836,2856867,74797,18975680
1788980866485322998,21400978,18207819,13836,2857332,74808,18975680
1788980866601488476,21401711,18208078,13836,2857780,74823,18975680
1788980866716564356,21402437,18208335,13836,2858229,74835,18975680
1788980866829555335,21403165,18208581,13836,2858671,74858,18975680
1788980866944830602,21403870,18208830,13836,2859131,74868,18975680
1788980867062088385,21404624,18209098,13836,2859577,74886,18975680
1788980867178373952,21405357,18209331,13836,2860065,74895,18975680
1788980867294403318,21406070,18209590,13836,2860517,74910,18975680
1788980867411692136,21406814,18209845,13836,2860983,74924,18975680
1788980867527718228,21407523,18210133,13836,2861398,74943,18975680
1788980867644452984,21408265,18210391,13836,2861861,74954,18975680
1788980867760962983,21408999,18210651,13836,2862316,74966,18975680
1788980867876023641,21409710,18210899,13836,2862773,74981,18975680
1788980867990543724,21410419,18211139,13836,2863236,74991,18975680
1788980868104183350,21411145,18211400,13836,2863680,75005,18975680
1788980868221037996,21411890,18211660,13836,2864132,75020,18975680
1788980868338117418,21412644,18211905,13836,2864610,75033,18975680
1788980868453559810,21413365,18212146,13836,2865076,75043,18975680
1788980868567876782,21414099,18212412,13836,2865513,75059,18975680
1788980868683515340,21414837,18212663,13836,2865976,75071,18975680
1788980868798777736,21415560,18212911,13836,2866428,75087,18975680
1788980868913676099,21416275,18213157,13836,2866889,75099,18975680
1788980869031298586,21417003,18213418,13836,2867349,75113,18975680
1788980869144706200,21417742,18213907,13836,2867565,75122,18993088
1788980869257531465,21418459,18214497,13836,2867655,75149,19012416
1788980869373742314,21419206,18214611,13836,2868272,75160,19012416
1788980869489921330,21419956,18214748,13836,2868838,75195,19012416
1788980869604943041,21420689,18214778,13836,2869542,75195,19012416
1788980869720611298,21421436,18214906,13836,2870151,75195,19012416
1788980869838612514,21422189,18214986,13836,2870822,75195,19012416
1788980869953738895,21422917,18215053,13836,2871486,75197,19012416
1788980870070261624,21423666,18215183,13836,2872094,75197,19012416
1788980870188456407,21424420,18215290,13836,2872739,75197,19012416
1788980870303650728,21425149,18215370,13836,2873396,75198,19012416
1788980870421745006,21425906,18215505,13836,2874012,75199,19012416
1788980870536674319,21426641,18215526,13836,2874724,75199,19012416
1788980870652829872,21427388,18215617,13836,2875371,75200,19012416
1788980870770969819,21428153,18215747,13836,2875992,75200,19012416
1788980870886376143,21428895,18215802,13836,2876670,75200,19012416
1788980871003772830,21429635,18215958,13836,2877264,75200,19012416
1788980871121966065,21430399,18216053,13836,2877921,75200,19012416
1788980871237410893,21431128,18216150,13836,2878553,75201,19012416
1788980871355276519,21431887,18216248,13836,2879208,75202,19012416
1788980871468768764,21432614,18216306,13836,2879876,75202,19012416
1788980871583719640,21433350,18216381,13836,2880531,75203,19012416
1788980871701521468,21434109,18216505,13836,2881152,75203,19012416
1788980871817290338,21434844,18216540,13836,2881856,75203,19012416
1788980871932901914,21435584,18216676,13836,2882458,75203,19012416
1788980872050837795,21436331,18216747,13836,2883138,75204,19012416
1788980872166054268,21437077,18216817,13836,2883799,75205,19012416
1788980872282932824,21437824,18216939,13836,2884422,75205,19012416
1788980872400826197,21438569,18217027,13836,2885085,75205,19012416
1788980872515554371,21439307,18217110,13836,2885732,75206,19012416
1788980872633416617,21440065,18217227,13836,2886360,75206,19012416
1788980872751401648,21440810,18217357,13836,2886978,75208,19012416
1788980872869431556,21441570,18217489,13836,2887603,75208,19012416
1788980872987384238,21442323,18217617,13836,2888220,75209,19012416
1788980873104035400,21443072,18217759,13836,2888822,75209,19012416
1788980873221395546,21443820,18217833,13836,2889492,75210,19012416
1788980873336362487,21444548,18217914,13836,2890143,75211,19012416
1788980873454436755,21445298,18218088,13836,2890719,75211,19012416
1788980873572665868,21446043,18218217,13836,2891344,75212,19012416
1788980873690799747,21446796,18218318,13836,2891994,75212,19012416
1788980873803665106,21447514,18218445,13836,2892586,75212,19012416
1788980873922198999,21448273,18218570,13836,2893213,75212,19012416
1788980874040281972,21449022,18218678,13836,2893856,75213,19012416
1788980874155351314,21449754,18218750,13836,2894513,75214,19012416
1788980874273818369,21450511,18218871,13836,2895149,75215,19012416
1788980874391386787,21451268,18218994,13836,2895772,75216,19012416
1788980874508923408,21452026,18219122,13836,2896393,75216,19012416
1788980874624121078,21452762,18219302,13836,2896945,75216,19012416
1788980874741749874,21453510,18219400,13836,2897596,75216,19012416
1788980874859868034,21454271,18219472,13836,2898275,75216,19012416
1788980874974771593,21454997,18219567,13836,2898912,75217,19012416
1788980875092927719,21455747,18219711,13836,2899519,75217,19012416
1788980875211044940,21456492,18219821,13836,2900158,75219,19012416
1788980875328234389,21457243,18219940,13836,2900783,75219,19012416
1788980875446213673,21457989,18220103,13836,2901370,75222,19012416
1788980875564237539,21458742,18220199,13836,2902022,75223,19012416
1788980875683061715,21459496,18220315,13836,2902663,75224,19012416
1788980875798435771,21460223,18220397,13836,2903311,75224,19012416
1788980875916307204,21460974,18220519,13836,2903943,75224,19012416
1788980876033217600,21461728,18220675,13836,2904527,75225,19012416
1788980876151237820,21462479,18220786,13836,2905167,75225,19012416
1788980876269344422,21463234,18220931,13836,2905772,75225,19012416
1788980876386242799,21463987,18221064,13836,2906382,75226,19012416
1788980876504063762,21464749,18221137,13836,2907062,75226,19012416
1788980876619058807,21465480,18221222,13836,2907707,75227,19012416
1788980876737046785,21466233,18221307,13836,2908372,75228,19012416
1788980876854887440,21466976,18221464,13836,2908964,75229,19012416
1788980876971842194,21467724,18221559,13836,2909614,75229,19012416
1788980877089703431,21468484,18221697,13836,2910224,75230,19012416
1788980877206830633,21469223,18221796,13836,2910867,75233,19012416
1788980877324917307,21469987,18221910,13836,2911504,75234,19012416
1788980877440159934,21470731,18221993,13836,2912154,75234,19012416
1788980877558508574,21471486,18222101,13836,2912801,75235,19012416
1788980877676378140,21472238,18222293,13836,2913356,75235,19012416
1788980877794056563,21472994,18222438,13836,2913957,75235,19012416
1788980877912124313,21473745,18222563,13836,2914582,75236,19012416
1788980878029173458,21474498,18222710,13836,2915179,75237,19012416
1788980878147178896,21475248,18222815,13836,2915825,75238,19012416
1788980878262231731,21475988,18222906,13836,2916465,75238,19012416
1788980878380117357,21476744,18223018,13836,2917104,75238,19012416
1788980878495827274,21477475,18223193,13836,2917667,75238,19012416
1788980878612449515,21478224,18223309,13836,2918284,75242,19012416
1788980878730250576,21478978,18223454,13836,2918890,75243,19012416
1788980878844659653,21479701,18223594,13836,2919478,75244,19012416
1788980878961244397,21480449,18223691,13836,2920121,75244,19012416
1788980879076554424,21481171,18223748,13836,2920801,75246,19012416
1788980879194042601,21481915,18223887,13836,2921405,75246,19012416
1788980879312464684,21482673,18224033,13836,2922009,75247,19012416
1788980879428040553,21483414,18224175,13836,2922604,75248,19012416
1788980879546043885,21484168,18224286,13836,2923244,75248,19012416
1788980879664501073,21484929,18224436,13836,2923848,75249,19012416
1788980879780712467,21485670,18224599,13836,2924423,75250,19012416
1788980879896036064,21486410,18224625,13836,2925131,75251,19012416
1788980880010310060,21487134,18224782,13836,2925697,75252,19012416
1788980880128302280,21487898,18224854,13836,2926377,75252,19012416
1788980880243836316,21488642,18224990,13836,2926977,75252,19012416
1788980880359460782,21489384,18225187,13836,2927512,75253,19012416
1788980880480666143,21490156,18225358,13836,2928116,75253,19012416
1788980880598638045,21490905,18225536,13836,2928688,75254,19012416
1788980880712919341,21491638,18225566,13836,2929385,75254,19012416
1788980880828059887,21492380,18225643,13836,2930039,75254,19012416
1788980880946092131,21493138,18225765,13836,2930669,75255,19012416
1788980881064300683,21493896,18225910,13836,2931274,75255,19012416
1788980881182678990,21494648,18226070,13836,2931869,75256,19012416
1788980881300835722,21495411,18226200,13836,2932489,75256,19012416
1788980881418831378,21496167,18226331,13836,2933109,75256,19012416
1788980881532939865,21496899,18226382,13836,2933784,75257,19012416
1788980881647638366,21497636,18226486,13836,2934411,75257,19012416
1788980881765671782,21498398,18226605,13836,2935042,75258,19012416
1788980881883865087,21499166,18226777,13836,2935620,75258,19012416
1788980882001973086,21499926,18226934,13836,2936212,75258,19012416
1788980882120246667,21500685,18227059,13836,2936840,75259,19012416
1788980882238820868,21501435,18227147,13836,2937508,75259,19012416
1788980882353015752,21502171,18227223,13836,2938158,75259,19012416
1788980882468307541,21502908,18227321,13836,2938790,75261,19012416
1788980882586377928,21503664,18227505,13836,2939356,75261,19012416
1788980882704544832,21504407,18227646,13836,2939970,75263,19012416
1788980882822518513,21505160,18227767,13836,2940607,75263,19012416
1788980882942174505,21505925,18227885,13836,2941238,75263,19012416
1788980883059616687,21506676,18227969,13836,2941905,75264,19012416
1788980883177254746,21507436,18228046,13836,2942574,75264,19012416
1788980883292410892,21508184,18228127,13836,2943223,75264,19012416
1788980883410542806,21508927,18228245,13836,2943862,75265,19012416
1788980883528565235,21509673,18228372,13836,2944483,75266,19012416
1788980883646624970,21510427,18228512,13836,2945094,75267,19012416
1788980883764584236,21511175,18228650,13836,2945703,75269,19012416
1788980883882391729,21511928,18228765,13836,2946337,75269,19012416
1788980883996041755,21512657,18228870,13836,2946956,75269,19012416
1788980884111070204,21513398,18228960,13836,2947592,75274,19012416
1788980884229204212,21514144,18229083,13836,2948220,75274,19012416
1788980884347511509,21514895,18229219,13836,2948840,75274,19012416
1788980884466034057,21515652,18229370,13836,2949440,75274,19012416
1788980884583901727,21516407,18229540,13836,2950015,75279,19012416
1788980884700812734,21517146,18229644,13836,2950656,75279,19012416
1788980884817159141,21517892,18229722,13836,2951318,75279,19012416
1788980884932226291,21518634,18229810,13836,2951960,75280,19012416
1788980885050281187,21519380,18229961,13836,2952560,75280,19012416
1788980885168325692,21520126,18230112,13836,2953154,75286,19012416
1788980885286554219,21520883,18230294,13836,2953725,75287,19012416
1788980885405280462,21521642,18230440,13836,2954326,75292,19012416
1788980885522786600,21522389,18230568,13836,2954949,75293,19012416
1788980885641041222,21523157,18230676,13836,2955592,75293,19012416
1788980885756034524,21523893,18230777,13836,2956220,75295,19012416
1788980885874055786,21524653,18230934,13836,2956814,75296,19012416
1788980885991862375,21525399,18231057,13836,2957440,75296,19012416
1788980886109517351,21526150,18231146,13836,2958102,75297,19012416
1788980886225396524,21526889,18231316,13836,2958662,75298,19012416
1788980886343870630,21527650,18231464,13836,2959271,75299,19012416
1788980886462015589,21528411,18231602,13836,2959884,75299,19012416
1788980886577164658,21529141,18231698,13836,2960519,75299,19012416
1788980886695143513,21529895,18231831,13836,2961139,75299,19012416
1788980886806804832,21530613,18232022,13836,2961657,75301,19012416
1788980886923775326,21531363,18232118,13836,2962304,75301,19012416
1788980887041968842,21532117,18232238,13836,2962935,75302,19012416
1788980887157680811,21532852,18232395,13836,2963515,75302,19012416
1788980887275680150,21533608,18232472,13836,2964189,75302,19012416
1788980887391108533,21534336,18232548,13836,2964845,75303,19012416
1788980887509015923,21535093,18232672,13836,2965472,75304,19012416
1788980887626877211,21535850,18232820,13836,2966073,75304,19012416
1788980887744557411,21536596,18232970,13836,2966673,75305,19012416
1788980887862687373,21537348,18233131,13836,2967261,75305,19012416
1788980887978177493,21538083,18233266,13836,2967855,75311,19012416
1788980888090781334,21538796,18233449,13836,2968390,75311,19012416
1788980888206261861,21539534,18233493,13836,2969079,75311,19012416
1788980888320773434,21540258,18233635,13836,2969667,75312,19012416
1788980888438747843,21541017,18233743,13836,2970309,75313,19012416
1788980888556140936,21541775,18233875,13836,2970921,75313,19012416
1788980888674226481,21542531,18233993,13836,2971553,75313,19012416
1788980888792606539,21543286,18234130,13836,2972171,75314,19012416
1788980888911047171,21544051,18234272,13836,2972780,75315,19012416
1788980889026190078,21544787,18234315,13836,2973469,75315,19012416
1788980889144042207,21545546,18234478,13836,2974056,75315,19012416
1788980889265275947,21546316,18234603,13836,2974701,75316,19012416
1788980889385041819,21547083,18234707,13836,2975360,75316,19012416
1788980889505046189,21547845,18234843,13836,2975988,75316,19012416
1788980889621074911,21548581,18234972,13836,2976598,75316,19012416
1788980889736077154,21549317,18235091,13836,2977203,75323,19012416
1788980889854052620,21550075,18235253,13836,2977790,75323,19012416
1788980889969194255,21550811,18235275,13836,2978503,75323,19012416
1788980890086287203,21551561,18235384,13836,2979137,75326,19012416
1788980890204236004,21552319,18235532,13836,2979738,75326,19012416
1788980890319582198,21553049,18235627,13836,2980380,75326,19012416
1788980890436165238,21553787,18235741,13836,2981003,75327,19012416
1788980890554474462,21554542,18235853,13836,2981643,75327,19012416
1788980890669749460,21555279,18235939,13836,2982294,75328,19012416
1788980890787906656,21556041,18236079,13836,2982906,75328,19012416
1788980890904268743,21556782,18236197,13836,2983527,75328,19012416
1788980891019411854,21557520,18236294,13836,2984157,75329,19012416
1788980891137500744,21558276,18236421,13836,2984781,75329,19012416
1788980891252675620,21559012,18236448,13836,2985494,75330,19012416
1788980891369330166,21559757,18236616,13836,2986060,75336,19012416
1788980891488043040,21560522,18236709,13836,2986721,75337,19012416
1788980891603300252,21561268,18236780,13836,2987381,75338,19012416
1788980891720877070,21562019,18236923,13836,2987987,75339,19012416
1788980891838860397,21562768,18237049,13836,2988612,75339,19012416
1788980891954133099,21563489,18237153,13836,2989245,75340,19012416
1788980892075648245,21564256,18237347,13836,2989458,75698,19012416
1788980892192633837,21564982,18237590,13836,2989804,75842,19012416
1788980892309609714,21565714,18237860,13836,2990255,75853,19012416
1788980892425654447,21566452,18238156,13836,2990670,75869,19012416
1788980892541651581,21567195,18238412,13836,2991135,75877,19012416
1788980892658238293,21567945,18238669,13836,2991594,75889,19012416
1788980892774571000,21568665,18238922,13836,2992060,75898,19012416
1788980892889362730,21569377,18239208,13836,2992480,75911,19012416
1788980893005185995,21570122,18239530,13836,2992872,75927,19012416
1788980893120631979,21570853,18239787,13836,2993319,75943,19012416
1788980893237490784,21571582,18240038,13836,2993786,75956,19012416
1788980893353150515,21572315,18240293,13836,2994243,75968,19012416
1788980893469963753,21573026,18240526,13836,2994728,75979,19012416
1788980893586045432,21573739,18240789,13836,2995179,75991,19012416
1788980893700394377,21574453,18241058,13836,2995613,76006,19012416
1788980893815370891,21575178,18241312,13836,2996061,76021,19012416
1788980893931378478,21575906,18241569,13836,2996522,76032,19012416
1788980894047638346,21576662,18241844,13836,2996954,76049,19012416
1788980894163435253,21577380,18242080,13836,2997433,76061,19012416
1788980894276432444,21578101,18242363,13836,2997846,76073,19012416
1788980894392368380,21578835,18242614,13836,2998305,76088,19012416
1788980894511592168,21579568,18242899,13836,2998749,76102,19012416
1788980894626729455,21580279,18243194,13836,2999163,76114,19012416
1788980894742376161,21581007,18243436,13836,2999633,76127,19012416
1788980894864509659,21581768,18243690,13836,3000063,76211,19012416
1788980894979563420,21582499,18243948,13836,3000510,76225,19012416
1788980895095146105,21583243,18244207,13836,3000963,76238,19012416
1788980895210020706,21583952,18244475,13836,3001398,76253,19012416
1788980895325666697,21584681,18244726,13836,3001860,76261,19012416
1788980895439448817,21585398,18244951,13836,3002335,76271,19012416
1788980895552881278,21586113,18245230,13836,3002760,76285,19012416
1788980895668328989,21586837,18245516,13836,3003176,76301,19012416
1788980895784667297,21587573,18245763,13836,3003640,76316,19012416
1788980895898387107,21588272,18246006,13836,3004096,76332,19012416
1788980896013948901,21589005,18246249,13836,3004562,76347,19012416
1788980896129933822,21589752,18246490,13836,3005035,76361,19012416
1788980896245646797,21590479,18246747,13836,3005484,76373,19012416
1788980896361197647,21591214,18247003,13836,3005941,76383,19012416
1788980896476961722,21591932,18247250,13836,3006404,76396,19012416
1788980896591688818,21592660,18247551,13836,3006813,76406,19012416
1788980896708807730,21593407,18247840,13836,3007242,76419,19012416
1788980896825398769,21594164,18248093,13836,3007708,76435,19012416
1788980896940262989,21594887,18248343,13836,3008161,76447,19012416
1788980897055554776,21595613,18248627,13836,3008585,76461,19012416
1788980897171684156,21596349,18248912,13836,3009013,76475,19012416
1788980897285584114,21597043,18249175,13836,3009448,76489,19012416
1788980897401874067,21597776,18249426,13836,3009912,76501,19012416
1788980897517472187,21598515,18249634,13836,3010351,76578,19012416
1788980897630088830,21599228,18249885,13836,3010785,76600,19012416
1788980897745353368,21599942,18250152,13836,3011223,76617,19012416
1788980897862031244,21600656,18250438,13836,3011660,76629,19012416
1788980897977855178,21601383,18250704,13836,3012100,76644,19012416
1788980898094118658,21602124,18250953,13836,3012565,76655,19012416
1788980898211639398,21602872,18251206,13836,3013043,76662,19012416
1788980898327687028,21603586,18251462,13836,3013497,76677,19012416
1788980898443056157,21604328,18251715,13836,3013954,76689,19012416
1788980898557146684,21605043,18251965,13836,3014411,76699,19012416
1788980898672530126,21605769,18252258,13836,3014831,76709,19012416
1788980898788674439,21606512,18252522,13836,3015282,76722,19012416
1788980898902724592,21607242,18252800,13836,3015705,76733,19012416
1788980899016803421,21607978,18253051,13836,3016160,76744,19012416
1788980899130743016,21608685,18253301,13836,3016606,76757,19012416
1788980899245890700,21609400,18253612,13836,3017007,76770,19012416
1788980899362517454,21610126,18253863,13836,3017474,76783,19012416
1788980899477096855,21610877,18254100,13836,3017943,76797,19012416
1788980899592041181,21611603,18254363,13836,3018386,76806,19012416
1788980899708664352,21612329,18254623,13836,3018844,76820,19012416
1788980899825101693,21613062,18254883,13836,3019298,76833,19012416
1788980899942018549,21613778,18255162,13836,3019737,76845,19012416
1788980900058423283,21614521,18255439,13836,3020178,76855,19012416
1788980900172584458,21615217,18255689,13836,3020634,76864,19012416
1788980900287118813,21615921,18255913,13836,3021048,76949,19012416
1788980900401185567,21616632,18256177,13836,3021481,76961,19012416
1788980900517523238,21617363,18256445,13836,3021927,76975,19012416
1788980900634966742,21618089,18256708,13836,3022389,76988,19012416
1788980900751938692,21618807,18256964,13836,3022852,76998,19012416
1788980900868363281,21619535,18257197,13836,3023337,77009,19012416
1788980900984654861,21620272,18257451,13836,3023796,77022,19012416
1788980901099554261,21620996,18257697,13836,3024251,77039,19012416
1788980901216253830,21621737,18257961,13836,3024702,77054,19012416
1788980901333554861,21622470,18258235,13836,3025147,77068,19012416
1788980901448539205,21623204,18258549,13836,3025544,77078,19012416
1788980901562377549,21623916,18258795,13836,3026004,77086,19012416
1788980901679562838,21624668,18259069,13836,3026448,77104,19012416
1788980901795841540,21625380,18259337,13836,3026890,77116,19012416
1788980901911777060,21626106,18259605,13836,3027337,77129,19012416
1788980902028550454,21626838,18259865,13836,3027794,77142,19012416
1788980902145142795,21627550,18260103,13836,3028276,77154,19012416
1788980902260443093,21628289,18260361,13836,3028728,77166,19012416
1788980902377293190,21629006,18260608,13836,3029194,77180,19012416
1788980902494845280,21629745,18260864,13836,3029658,77194,19012416
1788980902609036828,21630463,18261123,13836,3030097,77211,19012416
1788980902725272869,21631202,18261397,13836,3030536,77227,19012416
1788980902840928910,21631927,18261652,13836,3030995,77239,19012416
1788980902955438514,21632645,18261891,13836,3031391,77318,19012416
1788980903070001582,21633358,18262163,13836,3031824,77331,19012416
1788980903185655862,21634086,18262423,13836,3032273,77346,19012416
1788980903301918619,21634805,18262710,13836,3032701,77359,19012416
1788980903416587621,21635545,18262951,13836,3033161,77375,19012416
1788980903534486301,21636310,18263170,13836,3033675,77384,19012416
1788980903648764017,21637007,18263415,13836,3034128,77399,19012416
1788980903763914944,21637743,18263690,13836,3034557,77415,19012416
1788980903880210722,21638468,18263951,13836,3035012,77427,19012416
1788980903996034610,21639213,18264206,13836,3035468,77444,19012416
1788980904113101043,21639956,18264476,13836,3035922,77452,19012416
1788980904230355350,21640688,18264719,13836,3036402,77464,19012416
1788980904345447066,21641389,18264978,13836,3036849,77476,19012416
1788980904461429294,21642104,18265242,13836,3037301,77488,19012416
1788980904577087498,21642825,18265519,13836,3037730,77504,19012416
1788980904693115912,21643561,18265764,13836,3038201,77515,19012416
1788980904809817298,21644291,18266025,13836,3038659,77525,19012416
1788980904927218556,21645022,18266277,13836,3039136,77536,19012416
1788980905041852169,21645735,18266537,13836,3039577,77550,19012416
1788980905156715481,21646476,18266812,13836,3040008,77564,19012416
1788980905272118751,21647210,18267074,13836,3040450,77581,19012416
1788980905387863545,21647946,18267338,13836,3040904,77590,19012416
1788980905503854702,21648674,18267586,13836,3041378,77598,19012416
1788980905617034602,21649381,18267844,13836,3041811,77610,19012416
1788980905734852821,21650132,18268088,13836,3042293,77620,19012416
1788980905850032448,21650847,18268381,13836,3042708,77634,19012416
1788980905964612202,21651549,18268637,13836,3043155,77647,19012416
1788980906079099648,21652259,18268891,13836,3043604,77661,19012416
1788980906197085720,21652998,18269163,13836,3044060,77671,19012416
1788980906311828542,21653703,18269399,13836,3044474,77743,19012416
1788980906427422082,21654441,18269650,13836,3044929,77760,19012416
1788980906542857300,21655185,18269914,13836,3045371,77775,19012416
1788980906659154231,21655910,18270191,13836,3045808,77789,19012416
1788980906775528338,21656627,18270444,13836,3046272,77801,19012416
1788980906892639531,21657377,18270692,13836,3046749,77811,19012416
1788980907009727172,21658122,18270953,13836,3047205,77826,19012416
1788980907126344252,21658864,18271239,13836,3047634,77842,19012416
1788980907242593817,21659584,18271517,13836,3048069,77855,19012416
1788980907357391989,21660309,18271779,13836,3048511,77868,19012416
1788980907474035427,21661044,18272042,13836,3048966,77880,19012416
1788980907589144310,21661751,18272300,13836,3049425,77889,19012416
1788980907704235722,21662476,18272616,13836,3049813,77904,19012416
1788980907819468953,21663195,18272874,13836,3050263,77916,19012416
1788980907934631590,21663921,18273153,13836,3050690,77932,19012416
1788980908048483437,21664640,18273401,13836,3051144,77942,19012416
1788980908165806852,21665383,18273671,13836,3051600,77952,19012416
1788980908280386228,21666107,18273907,13836,3052069,77963,19012416
1788980908396683125,21666821,18274159,13836,3052531,77978,19012416
1788980908510359506,21667526,18274438,13836,3052949,77992,19012416
1788980908625773562,21668258,18274696,13836,3053401,78004,19012416
1788980908742687280,21669003,18274953,13836,3053861,78019,19012416
1788980908857413301,21669729,18275237,13836,3054288,78028,19012416
1788980908974021914,21670461,18275470,13836,3054773,78039,19012416
1788980909091510247,21671191,18275708,13836,3055181,78130,19012416
1788980909207021616,21671929,18275976,13836,3055623,78142,19012416
1788980909320079869,21672626,18276239,13836,3056058,78156,19012416
1788980909435450238,21673344,18276528,13836,3056472,78172,19012416
1788980909551523272,21674075,18276806,13836,3056909,78182,19012416
1788980909665051451,21674788,18277043,13836,3057382,78191,19012416
1788980909778742763,21675487,18277300,13836,3057821,78201,19012416
1788980909894027762,21676194,18277552,13836,3058276,78216,19012416
1788980910010076979,21676945,18277804,13836,3058731,78236,19012416
1788980910125104227,21677661,18278058,13836,3059184,78246,19012416
1788980910241542447,21678386,18278339,13836,3059621,78258,19012416
1788980910360556134,21679133,18278573,13836,3060123,78266,19012416
1788980910476626778,21679845,18278844,13836,3060568,78279,19012416
1788980910590534428,21680561,18279169,13836,3060942,78292,19012416
1788980910703753715,21681285,18279451,13836,3061355,78305,19012416
1788980910819179663,21682014,18279732,13836,3061783,78318,19012416
1788980910936546175,21682746,18279978,13836,3062261,78330,19012416
1788980911052385304,21683485,18280225,13836,3062728,78341,19012416
1788980911166926907,21684201,18280473,13836,3063182,78354,19012416
1788980911281672321,21684929,18280727,13836,3063630,78369,19012416
1788980911397816355,21685655,18280987,13836,3064083,78383,19012416
1788980911514151459,21686383,18281253,13836,3064535,78396,19012416
1788980911631654990,21687142,18281500,13836,3065015,78404,19012416
1788980911749198866,21687885,18281804,13836,3065430,78420,19012416
1788980911863592698,21688594,18282105,13836,3065837,78431,19012416
1788980911979644099,21689322,18282386,13836,3066268,78445,19012416
1788980912094598048,21690063,18282654,13836,3066702,78461,19012416
1788980912207765566,21690784,18282942,13836,3067111,78473,19012416
1788980912321449772,21691475,18283175,13836,3067584,78484,19012416
1788980912436780460,21692198,18283404,13836,3067993,78566,19012416
1788980912551574278,21692923,18283658,13836,3068440,78583,19012416
1788980912667555422,21693660,18283952,13836,3068860,78595,19012416
1788980912783725177,21694404,18284227,13836,3069297,78610,19012416
1788980912900096415,21695126,18284515,13836,3069729,78622,19012416
1788980913015547072,21695852,18284775,13836,3070176,78635,19012416
1788980913133614326,21696568,18285035,13836,3070643,78647,19012416
1788980913249752370,21697283,18285284,13836,3071108,78659,19012416
1788980913365681077,21698027,18285541,13836,3071564,78672,19012416
1788980913481800724,21698735,18285787,13836,3072030,78685,19012416
1788980913596294776,21699450,18286048,13836,3072477,78694,19012416
1788980913712840622,21700175,18286298,13836,3072947,78706,19012416
1788980913829916117,21700905,18286560,13836,3073406,78718,19012416
1788980913945273551,21701622,18286827,13836,3073849,78729,19012416
1788980914061560305,21702332,18287068,13836,3074316,78744,19012416
1788980914177600811,21703063,18287316,13836,3074780,78759,19012416
1788980914292008629,21703789,18287606,13836,3075192,78774,19012416
1788980914410764850,21704527,18287847,13836,3075685,78783,19012416
1788980914526934712,21705257,18288111,13836,3076135,78796,19012416
1788980914642791369,21705984,18288371,13836,3076584,78810,19012416
1788980914757407819,21706726,18288666,13836,3076991,78827,19012416
1788980914874465906,21707441,18288934,13836,3077443,78839,19012416
1788980914990914137,21708167,18289194,13836,3077904,78848,19012416
1788980915103685532,21708850,18289429,13836,3078297,78928,19012416
1788980915217756390,21709583,18289671,13836,3078739,78957,19012416
1788980915333052768,21710324,18289954,13836,3079165,78971,19012416
1788980915448924893,21711058,18290215,13836,3079619,78980,19012416
1788980915563636493,21711762,18290470,13836,3080066,78995,19012416
1788980915679962052,21712516,18290776,13836,3080488,79003,19012416
1788980915795797810,21713217,18291038,13836,3080933,79017,19012416
1788980915909437277,21713926,18291295,13836,3081379,79029,19012416
1788980916025708124,21714636,18291544,13836,3081843,79039,19012416
1788980916141480700,21715357,18291802,13836,3082299,79050,19012416
1788980916257236897,21716082,18292097,13836,3082718,79060,19012416
1788980916371669995,21716802,18292432,13836,3083095,79071,19012416
1788980916485375658,21717521,18292710,13836,3083521,79079,19012416
1788980916599717289,21718248,18292954,13836,3083978,79092,19012416
1788980916713244154,21718939,18293236,13836,3084393,79106,19012416
1788980916826918014,21719683,18293509,13836,3084819,79119,19012416
1788980916940816705,21720419,18293765,13836,3085266,79130,19012416
1788980917055963818,21721144,18293996,13836,3085749,79139,19012416
1788980917172426292,21721865,18294250,13836,3086209,79154,19012416
1788980917286906741,21722576,18294519,13836,3086640,79169,19012416
1788980917401302242,21723300,18294771,13836,3087092,79185,19012416
1788980917519610826,21724040,18295075,13836,3087514,79197,19012416
1788980917633172233,21724734,18295423,13836,3087867,79208,19012416
1788980917747306585,21725460,18295692,13836,3088300,79222,19012416
1788980917862221675,21726194,18295908,13836,3088733,79296,19012416
1788980917977540741,21726915,18296160,13836,3089184,79314,19012416
1788980918091557355,21727637,18296415,13836,3089633,79326,19012416
1788980918206592724,21728371,18296674,13836,3090079,79341,19012416
1788980918322072856,21729115,18296935,13836,3090524,79354,19012416
1788980918438693292,21729862,18297181,13836,3091000,79365,19012416
1788980918555525368,21730592,18297444,13836,3091455,79378,19012416
1788980918671249412,21731336,18297708,13836,3091897,79395,19012416
1788980918787406671,21732081,18297965,13836,3092352,79413,19012416
1788980918903218892,21732824,18298219,13836,3092805,79427,19012416
1788980919018825512,21733551,18298507,13836,3093223,79443,19012416
1788980919134159643,21734262,18298785,13836,3093661,79452,19012416
1788980919252908164,21735009,18299032,13836,3094142,79469,19012416
1788980919368595518,21735756,18299281,13836,3094605,79481,19012416
1788980919484590130,21736486,18299555,13836,3095046,79492,19012416
1788980919600480658,21737229,18299807,13836,3095505,79506,19012416
1788980919716847421,21737956,18300060,13836,3095964,79518,19012416
1788980919832503861,21738673,18300303,13836,3096438,79529,19012416
1788980919949447593,21739414,18300561,13836,3096900,79541,19012416
1788980920066462885,21740145,18300831,13836,3097351,79553,19012416
1788980920183684135,21740890,18301092,13836,3097809,79565,19012416
1788980920300311653,21741629,18301362,13836,3098256,79576,19012416
1788980920416273344,21742384,18301616,13836,3098718,79590,19012416
1788980920536039328,21743120,18301891,13836,3099183,79598,19012416
1788980920653178522,21743835,18302158,13836,3099635,79612,19012416
1788980920769907873,21744573,18302422,13836,3100086,79627,19012416
1788980920884035450,21745278,18302715,13836,3100496,79638,19012416
1788980920998501783,21745981,18302963,13836,3100957,79648,19012416
1788980921112865302,21746716,18303209,13836,3101418,79658,19012416
1788980921228477440,21747441,18303440,13836,3101837,79732,19012416
1788980921343438131,21748170,18303702,13836,3102282,79746,19012416
1788980921458562868,21748879,18303967,13836,3102722,79760,19012416
1788980921574882687,21749620,18304214,13836,3103184,79778,19012416
1788980921690156725,21750337,18304460,13836,3103647,79789,19012416
1788980921808383547,21751069,18304710,13836,3104130,79800,19012416
1788980921924052627,21751802,18304976,13836,3104576,79809,19012416
1788980922039589243,21752527,18305265,13836,3104999,79822,19012416
1788980922155664458,21753228,18305523,13836,3105453,79834,19012416
1788980922271655211,21753959,18305779,13836,3105917,79841,19012416
1788980922385563938,21754659,18306033,13836,3106364,79855,19012416
1788980922501888345,21755401,18306272,13836,3106839,79868,19012416
1788980922618839650,21756134,18306532,13836,3107301,79876,19012416
1788980922736135552,21756870,18306807,13836,3107747,79888,19012416
1788980922852312311,21757580,18307066,13836,3108204,79899,19012416
1788980922968824433,21758314,18307354,13836,3108633,79911,19012416
1788980923086035990,21759057,18307606,13836,3109096,79929,19012416
1788980923200953249,21759768,18307852,13836,3109564,79938,19012416
1788980923317444051,21760489,18308099,13836,3110029,79952,19012416
1788980923434149995,21761225,18308348,13836,3110493,79967,19012416
1788980923550552720,21761975,18308603,13836,3110953,79982,19012416
1788980923666946760,21762714,18308866,13836,3111407,79992,19012416
1788980923783238098,21763468,18309144,13836,3111844,80004,19012416
1788980923902910794,21764241,18309370,13836,3112358,80015,19012416
1788980924020971953,21764974,18309622,13836,3112755,80106,19012416
1788980924135793163,21765697,18309901,13836,3113183,80118,19012416
1788980924252050470,21766429,18310141,13836,3113650,80136,19012416
1788980924367610077,21767162,18310406,13836,3114097,80147,19012416
1788980924484324464,21767891,18310643,13836,3114585,80157,19012416
1788980924599664992,21768618,18310884,13836,3115051,80168,19012416
1788980924714011529,21769344,18311139,13836,3115497,80182,19012416
1788980924828309655,21770054,18311401,13836,3115938,80194,19012416
1788980924942769623,21770780,18311653,13836,3116391,80206,19012416
1788980925058137407,21771520,18311903,13836,3116847,80222,19012416
1788980925174829582,21772254,18312285,13836,3117184,80233,19017920
1788980925287568357,21772974,18312985,13836,3117189,80239,19046336
1788980925403365483,21773706,18313118,13836,3117788,80240,19046336
1788980925520658086,21774452,18313222,13836,3118435,80241,19046336
1788980925636050514,21775193,18313273,13836,3119116,80242,19046336
1788980925753319545,21775938,18313376,13836,3119757,80242,19046336
1788980925871296140,21776691,18313448,13836,3120437,80242,19046336
1788980925986597993,21777419,18313526,13836,3121095,80243,19046336
1788980926104656361,21778173,18313642,13836,3121731,80243,19046336
1788980926219640152,21778907,18313671,13836,3122435,80243,19046336
1788980926335877850,21779653,18313791,13836,3123052,80243,19046336
1788980926454194086,21780406,18313861,13836,3123733,80244,19046336
1788980926569642206,21781128,18313940,13836,3124392,80245,19046336
1788980926687880371,21781887,18314093,13836,3124992,80246,19046336
1788980926803334135,21782626,18314148,13836,3125668,80246,19046336
1788980926919478924,21783366,18314217,13836,3126338,80249,19046336
1788980927037584292,21784121,18314338,13836,3126970,80249,19046336
1788980927152687436,21784849,18314397,13836,3127642,80249,19046336
1788980927271046548,21785609,18314483,13836,3128307,80249,19046336
1788980927389057502,21786363,18314555,13836,3128987,80249,19046336
1788980927504104612,21787101,18314630,13836,3129643,80250,19046336
1788980927622124937,21787856,18314751,13836,3130274,80250,19046336
1788980927738049316,21788597,18314793,13836,3130971,80250,19046336
1788980927854457772,21789333,18314907,13836,3131594,80252,19046336
1788980927972757827,21790080,18314998,13836,3132260,80252,19046336
1788980928087884247,21790821,18315079,13836,3132910,80253,19046336
1788980928206028003,21791579,18315199,13836,3133542,80253,19046336
1788980928321253084,21792310,18315247,13836,3134228,80254,19046336
1788980928439452423,21793065,18315394,13836,3134827,80255,19046336
1788980928557527548,21793816,18315467,13836,3135510,80255,19046336
1788980928672471176,21794553,18315625,13836,3136078,80255,19046336
1788980928789562145,21795300,18315745,13836,3136708,80256,19046336
1788980928907310305,21796066,18315914,13836,3137282,80256,19046336
1788980929025335067,21796825,18316033,13836,3137913,80257,19046336
1788980929140606341,21797561,18316068,13836,3138618,80257,19046336
1788980929256254108,21798300,18316192,13836,3139200,80283,19046336
1788980929375451618,21799066,18316305,13836,3139802,80329,19046336
1788980929491966048,21799824,18316400,13836,3140403,80373,19046336
1788980929610027981,21800588,18316528,13836,3141024,80373,19046336
1788980929727957046,21801340,18316681,13836,3141621,80374,19046336
1788980929844566059,21802081,18316835,13836,3142211,80375,19046336
1788980929959663009,21802821,18316886,13836,3142893,80375,19046336
1788980930075762610,21803560,18316995,13836,3143521,80375,19046336
1788980930193777335,21804319,18317163,13836,3144103,80375,19046336
1788980930308937554,21805062,18317278,13836,3144719,80376,19046336
1788980930426818528,21805817,18317405,13836,3145343,80376,19046336
1788980930545377401,21806578,18317550,13836,3145947,80377,19046336
1788980930663424862,21807334,18317636,13836,3146612,80377,19046336
1788980930778938820,21808082,18317709,13836,3147278,80377,19046336
1788980930897078428,21808837,18317794,13836,3147944,80377,19046336
1788980931013420170,21809580,18317979,13836,3148497,80378,19046336
1788980931130366055,21810331,18318078,13836,3149142,80378,19046336
1788980931248292527,21811091,18318254,13836,3149715,80379,19046336
1788980931365133084,21811839,18318357,13836,3150355,80380,19046336
1788980931483423423,21812595,18318443,13836,3151021,80380,19046336
1788980931598635278,21813330,18318538,13836,3151662,80381,19046336
1788980931716867084,21814089,18318741,13836,3152211,80381,19046336
1788980931835691201,21814836,18318898,13836,3152808,80382,19046336
1788980931953778547,21815591,18318994,13836,3153463,80383,19046336
1788980932070140184,21816337,18319149,13836,3154044,80384,19046336
1788980932188675761,21817087,18319234,13836,3154716,80385,19046336
1788980932306410187,21817843,18319303,13836,3155392,80385,19046336
1788980932421636832,21818580,18319388,13836,3156044,80386,19046336
1788980932539648089,21819325,18319501,13836,3156680,80386,19046336
1788980932657627287,21820074,18319666,13836,3157265,80387,19046336
1788980932775849537,21820839,18319787,13836,3157895,80387,19046336
1788980932894074218,21821600,18319906,13836,3158525,80388,19046336
1788980933011930881,21822351,18320021,13836,3159161,80388,19046336
1788980933126524318,21823085,18320049,13836,3159866,80388,19046336
1788980933243410741,21823827,18320177,13836,3160475,80389,19046336
1788980933362319714,21824586,18320307,13836,3161106,80389,19046336
1788980933480378258,21825344,18320453,13836,3161709,80389,19046336
1788980933598227839,21826097,18320528,13836,3162382,80389,19046336
1788980933715486634,21826841,18320670,13836,3162987,80390,19046336
1788980933831182247,21827579,18320761,13836,3163629,80390,19046336
1788980933946479416,21828312,18320822,13836,3164300,80391,19046336
1788980934064518928,21829062,18320936,13836,3164944,80391,19046336
1788980934180670836,21829800,18321131,13836,3165486,80391,19046336
1788980934297366250,21830546,18321254,13836,3166101,80392,19046336
1788980934415625385,21831291,18321383,13836,3166727,80393,19046336
1788980934531781503,21832037,18321483,13836,3167365,80394,19046336
1788980934649710497,21832790,18321557,13836,3168042,80394,19046336
1788980934765292724,21833535,18321631,13836,3168699,80395,19046336
1788980934883395576,21834291,18321753,13836,3169327,80396,19046336
1788980935001064455,21835054,18321905,13836,3169921,80399,19046336
1788980935119182446,21835804,18322020,13836,3170563,80399,19046336
1788980935238450047,21836554,18322177,13836,3171155,80400,19046336
1788980935356243247,21837311,18322271,13836,3171816,80400,19046336
1788980935470593182,21838035,18322344,13836,3172472,80400,19046336
1788980935585556679,21838772,18322427,13836,3173120,80401,19046336
1788980935703825237,21839520,18322552,13836,3173746,80402,19046336
1788980935821799088,21840261,18322707,13836,3174340,80402,19046336
1788980935939853549,21841021,18322821,13836,3174976,80402,19046336
1788980936057913457,21841766,18322974,13836,3175574,80403,19046336
1788980936175762657,21842512,18323093,13836,3176204,80403,19046336
1788980936290660524,21843248,18323119,13836,3176912,80403,19046336
1788980936408044985,21844009,18323237,13836,3177537,80405,19046336
1788980936525906684,21844751,18323336,13836,3178187,80406,19046336
1788980936639260388,21845474,18323468,13836,3178773,80407,19046336
1788980936755738127,21846225,18323594,13836,3179391,80407,19046336
1788980936876053703,21847004,18323745,13836,3180003,80407,19046336
1788980936997053086,21847783,18323869,13836,3180650,80407,19046336
1788980937118042654,21848563,18323934,13836,3181355,80408,19046336
1788980937236053124,21849317,18324043,13836,3181996,80408,19046336
1788980937360003336,21850113,18324196,13836,3182633,80409,19046336
1788980937481048255,21850887,18324284,13836,3183314,80409,19046336
1788980937598715886,21851634,18324446,13836,3183901,80410,19046336
1788980937716874001,21852399,18324542,13836,3184557,80410,19046336
1788980937842052456,21853199,18324632,13836,3185264,80410,19046336
1788980937967325036,21853989,18324711,13836,3185979,80411,19046336
1788980938084533459,21854735,18324906,13836,3186534,80411,19046336
1788980938202505919,21855474,18325081,13836,3187107,80413,19046336
1788980938320410165,21856221,18325227,13836,3187706,80413,19046336
1788980938438767989,21856974,18325390,13836,3188298,80414,19046336
1788980938556904042,21857731,18325515,13836,3188924,80414,19046336
1788980938672571571,21858467,18325536,13836,3189642,80414,19046336
1788980938790699660,21859231,18325660,13836,3190266,80415,19046336
1788980938908824620,21859994,18325735,13836,3190943,80416,19046336
1788980939023426205,21860724,18325896,13836,3191507,80416,19046336
1788980939140710134,21861472,18326017,13836,3192136,80417,19046336
1788980939258455287,21862220,18326143,13836,3192753,80418,19046336
1788980939375063693,21862970,18326268,13836,3193372,80418,19046336
1788980939490483375,21863708,18326306,13836,3194067,80418,19046336
1788980939607598343,21864451,18326421,13836,3194701,80418,19046336
1788980939726042074,21865206,18326564,13836,3195310,80419,19046336
1788980939838447790,21865915,18326682,13836,3195903,80419,19046336
1788980939956617304,21866662,18326842,13836,3196501,80420,19046336
1788980940075082170,21867420,18326978,13836,3197114,80421,19046336
1788980940193261161,21868168,18327096,13836,3197747,80421,19046336
1788980940308625636,21868903,18327174,13836,3198406,80422,19046336
1788980940426008764,21869657,18327256,13836,3199069,80422,19046336
1788980940543677511,21870394,18327411,13836,3199662,80424,19046336
1788980940661851916,21871161,18327499,13836,3200326,80424,19046336
1788980940777012501,21871899,18327660,13836,3200897,80424,19046336
1788980940894785817,21872640,18327766,13836,3201541,80425,19046336
1788980941012739870,21873391,18327844,13836,3202214,80425,19046336
1788980941128046934,21874136,18327918,13836,3202871,80426,19046336
1788980941246040026,21874898,18328035,13836,3203505,80426,19046336
1788980941363975375,21875655,18328192,13836,3204097,80426,19046336
1788980941482016621,21876400,18328307,13836,3204733,80427,19046336
1788980941600242269,21877145,18328436,13836,3205353,80427,19046336
1788980941718285812,21877898,18328549,13836,3205991,80427,19046336
1788980941833357334,21878635,18328571,13836,3206707,80428,19046336
1788980941951746552,21879393,18328695,13836,3207334,80428,19046336
1788980942069679541,21880148,18328784,13836,3207995,80428,19046336
1788980942186024051,21880886,18328914,13836,3208604,80430,19046336
1788980942303404221,21881629,18329000,13836,3209262,80430,19046336
1788980942421008503,21882372,18329144,13836,3209868,80431,19046336
1788980942536056505,21883111,18329271,13836,3210471,80431,19046336
1788980942651517558,21883840,18329333,13836,3211147,80432,19046336
1788980942769219775,21884601,18329427,13836,3211799,80432,19046336
1788980942886760223,21885345,18329569,13836,3212408,80432,19046336
1788980943004277417,21886099,18329666,13836,3213055,80433,19046336
1788980943132807146,21886921,18329818,13836,3213723,80433,19046336
1788980943254047388,21887703,18329906,13836,3214406,80433,19046336
1788980943375066423,21888479,18329996,13836,3215086,80434,19046336
1788980943490205925,21889207,18330082,13836,3215732,80434,19046336
1788980943608262320,21889964,18330199,13836,3216364,80434,19046336
1788980943726326042,21890717,18330349,13836,3216964,80434,19046336
1788980943844605276,21891480,18330463,13836,3217607,80435,19046336
1788980943962648228,21892239,18330632,13836,3218186,80437,19046336
1788980944080722233,21892995,18330768,13836,3218801,80437,19046336
1788980944195296596,21893731,18330801,13836,3219497,80437,19046336
1788980944314243761,21894489,18330937,13836,3220116,80437,19046336
1788980944432284017,21895242,18331014,13836,3220790,80437,19046336
1788980944547528782,21895978,18331101,13836,3221441,80438,19046336
1788980944663868712,21896719,18331205,13836,3222076,80438,19046336
1788980944780922359,21897470,18331283,13836,3222743,80438,19046336
1788980944895838589,21898210,18331356,13836,3223402,80439,19046336
1788980945013804627,21898962,18331477,13836,3224031,80439,19046336
1788980945129609499,21899704,18331524,13836,3224722,80440,19046336
1788980945247065359,21900457,18331650,13836,3225339,80441,19046336
1788980945365084435,21901210,18331754,13836,3225987,80441,19046336
1788980945479961654,21901954,18331847,13836,3226625,80441,19046336
1788980945597816125,21902710,18331974,13836,3227248,80442,19046336
1788980945713053044,21903455,18332000,13836,3227956,80442,19046336
1788980945830512782,21904203,18332130,13836,3228572,80443,19046336
1788980945948514525,21904958,18332232,13836,3229222,80444,19046336
1788980946063300937,21905704,18332296,13836,3229886,80444,19046336
1788980946181054351,21906456,18332392,13836,3230539,80445,19046336
1788980946299308237,21907216,18332448,13836,3231234,80445,19046336
1788980946414517276,21907943,18332528,13836,3231889,80446,19046336
1788980946532171106,21908700,18332650,13836,3232513,80446,19046336
1788980946647377677,21909428,18332709,13836,3233187,80446,19046336
1788980946765177681,21910183,18332795,13836,3233851,80446,19046336
1788980946883528243,21910937,18332870,13836,3234534,80446,19046336
1788980946998314486,21911663,18332989,13836,3235138,80448,19046336
1788980947112853176,21912381,18333224,13836,3235606,80465,19046336
1788980947230454948,21913129,18333378,13836,3235775,80884,19046336
1788980947345866252,21913849,18333644,13836,3236219,80898,19046336
1788980947459355361,21914563,18333923,13836,3236637,80910,19046336
1788980947575445256,21915279,18334178,13836,3237094,80923,19046336
1788980947691001335,21915997,18334434,13836,3237554,80932,19046336
1788980947808015765,21916731,18334664,13836,3238049,80943,19046336
1788980947924704784,21917460,18334932,13836,3238500,80953,19046336
1788980948039873105,21918183,18335189,13836,3238945,80970,19046336
1788980948154775926,21918915,18335480,13836,3239362,80982,19046336
1788980948269266377,21919642,18335730,13836,3239820,80992,19046336
1788980948386173203,21920391,18335987,13836,3240285,81003,19046336
1788980948503848943,21921145,18336231,13836,3240770,81010,19046336
1788980948619649730,21921877,18336507,13836,3241204,81025,19046336
1788980948734747779,21922596,18336778,13836,3241636,81039,19046336
1788980948850585124,21923320,18337024,13836,3242096,81057,19046336
1788980948966590571,21924035,18337272,13836,3242564,81069,19046336
1788980949082667754,21924782,18337515,13836,3243037,81078,19046336
1788980949197652095,21925515,18337765,13836,3243497,81089,19046336
1788980949313554672,21926249,18338000,13836,3243897,81181,19046336
1788980949429008889,21926980,18338261,13836,3244342,81195,19046336
1788980949545585273,21927706,18338519,13836,3244801,81210,19046336
1788980949660128967,21928412,18338797,13836,3245223,81223,19046336
1788980949775719210,21929138,18339040,13836,3245695,81232,19046336
1788980949892916198,21929879,18339307,13836,3246151,81246,19046336
1788980950007571109,21930595,18339568,13836,3246596,81258,19046336
1788980950122412534,21931303,18339832,13836,3247033,81271,19046336
1788980950238179884,21932045,18340086,13836,3247486,81288,19046336
1788980950353693557,21932774,18340335,13836,3247951,81298,19046336
1788980950468074024,21933489,18340561,13836,3248432,81308,19046336
1788980950582213318,21934203,18340814,13836,3248881,81320,19046336
1788980950698039623,21934930,18341069,13836,3249334,81336,19046336
1788980950813824500,21935646,18341323,13836,3249792,81348,19046336
1788980950930488512,21936380,18341590,13836,3250241,81367,19046336
1788980951047099875,21937118,18341854,13836,3250695,81375,19046336
1788980951164613151,21937850,18342084,13836,3251188,81389,19046336
1788980951279818635,21938591,18342342,13836,3251633,81407,19046336
1788980951394578423,21939313,18342597,13836,3252085,81419,19046336
1788980951510511645,21940042,18342858,13836,3252542,81430,19046336
1788980951624413324,21940778,18343163,13836,3252941,81441,19046336
1788980951741457076,21941523,18343420,13836,3253398,81451,19046336
1788980951855788769,21942258,18343667,13836,3253864,81460,19046336
1788980951972083756,21943000,18343937,13836,3254231,81550,19046336
1788980952087797006,21943729,18344193,13836,3254684,81564,19046336
1788980952203774695,21944461,18344445,13836,3255144,81579,19046336
1788980952318450909,21945171,18344702,13836,3255592,81592,19046336
1788980952435131836,21945896,18344968,13836,3256040,81606,19046336
1788980952550892941,21946625,18345198,13836,3256526,81619,19046336
1788980952665372938,21947336,18345449,13836,3256979,81631,19046336
1788980952780933268,21948070,18345726,13836,3257401,81652,19046336
1788980952898310610,21948819,18345986,13836,3257856,81673,19046336
1788980953014853674,21949551,18346249,13836,3258307,81687,19046336
1788980953130408071,21950275,18346539,13836,3258728,81702,19046336
1788980953248478495,21951008,18346807,13836,3259184,81717,19046336
1788980953363485793,21951736,18347044,13836,3259657,81725,19046336
1788980953477448385,21952467,18347295,13836,3260108,81739,19046336
1788980953593130155,21953181,18347555,13836,3260557,81752,19046336
1788980953708760844,21953918,18347810,13836,3261014,81768,19046336
1788980953825737848,21954653,18348061,13836,3261482,81779,19046336
1788980953941594510,21955375,18348325,13836,3261935,81788,19046336
1788980954057518680,21956109,18348591,13836,3262382,81802,19046336
1788980954172347585,21956834,18348845,13836,3262835,81816,19046336
1788980954288036744,21957564,18349098,13836,3263284,81833,19046336
1788980954405088811,21958301,18349340,13836,3263765,81843,19046336
1788980954520206726,21959048,18349607,13836,3264208,81854,19046336
1788980954637107393,21959780,18349862,13836,3264676,81867,19046336
1788980954751291165,21960516,18350107,13836,3265063,81950,19046336
1788980954867831125,21961254,18350373,13836,3265510,81965,19046336
1788980954981670769,21961972,18350639,13836,3265943,81977,19046336
1788980955098168495,21962698,18350908,13836,3266391,81988,19046336
1788980955215101367,21963438,18351155,13836,3266866,81999,19046336
1788980955332059226,21964173,18351396,13836,3267339,82017,19046336
1788980955447086541,21964886,18351664,13836,3267780,82028,19046336
1788980955562312200,21965608,18351931,13836,3268226,82039,19046336
1788980955678686494,21966352,18352213,13836,3268655,82054,19046336
1788980955793477629,21967070,18352487,13836,3269088,82065,19046336
1788980955907194866,21967785,18352718,13836,3269560,82074,19046336
1788980956019673376,21968472,18352968,13836,3270006,82085,19046336
1788980956136495100,21969222,18353247,13836,3270444,82098,19046336
1788980956252069327,21969945,18353549,13836,3270853,82112,19046336
1788980956367897093,21970676,18353817,13836,3271292,82127,19046336
1788980956483746678,21971412,18354071,13836,3271756,82136,19046336
1788980956600464409,21972145,18354315,13836,3272233,82147,19046336
1788980956717652589,21972892,18354556,13836,3272707,82165,19046336
1788980956833210913,21973624,18354814,13836,3273156,82181,19046336
1788980956949812302,21974364,18355069,13836,3273618,82193,19046336
1788980957065958079,21975104,18355321,13836,3274078,82206,19046336
1788980957183851121,21975838,18355572,13836,3274556,82219,19046336
1788980957298462227,21976543,18355814,13836,3275020,82230,19046336
1788980957415730488,21977278,18356067,13836,3275486,82246,19046336
1788980957531763243,21978002,18356358,13836,3275904,82262,19046336
1788980957648343909,21978740,18356642,13836,3276340,82272,19046336
1788980957764314125,21979467,18356895,13836,3276797,82286,19046336
1788980957880294697,21980197,18357168,13836,3277242,82298,19046336
1788980958000817320,21980963,18357415,13836,3277738,82309,19046336
1788980958118237298,21981698,18357645,13836,3278143,82410,19046336
1788980958234055983,21982412,18357925,13836,3278573,82422,19046336
1788980958348433337,21983128,18358175,13836,3279022,82437,19046336
1788980958464553166,21983842,18358424,13836,3279484,82450,19046336
1788980958578502116,21984575,18358661,13836,3279951,82466,19046336
1788980958691875992,21985291,18358921,13836,3280388,82480,19046336
1788980958807830777,21985997,18359174,13836,3280846,82491,19046336
1788980958922871063,21986733,18359436,13836,3281292,82503,19046336
1788980959036669986,21987455,18359689,13836,3281740,82516,19046336
1788980959152133490,21988182,18359937,13836,3282203,82527,19046336
1788980959266386173,21988892,18360200,13836,3282644,82539,19046336
1788980959382558010,21989623,18360463,13836,3283098,82553,19046336
1788980959498924521,21990349,18360714,13836,3283558,82566,19046336
1788980959615798436,21991090,18360964,13836,3284023,82583,19046336
1788980959731966062,21991824,18361211,13836,3284490,82595,19046336
1788980959847920398,21992549,18361466,13836,3284941,82613,19046336
1788980959962265115,21993255,18361704,13836,3285406,82626,19046336
1788980960076298292,21993974,18361949,13836,3285857,82646,19046336
1788980960193063922,21994711,18362213,13836,3286305,82663,19046336
1788980960309540622,21995451,18362514,13836,3286719,82678,19046336
1788980960423751328,21996182,18362782,13836,3287150,82692,19046336
1788980960540481896,21996901,18363039,13836,3287610,82705,19046336
1788980960655103256,21997641,18363329,13836,3288029,82720,19046336
1788980960770239660,21998352,18363564,13836,3288500,82733,19046336
1788980960887654077,21999084,18363813,13836,3288903,82818,19046336
1788980961002539848,21999805,18364077,13836,3289341,82830,19046336
1788980961118122189,22000535,18364316,13836,3289815,82843,19046336
1788980961235003835,22001251,18364571,13836,3290278,82854,19046336
1788980961351781739,22001976,18364810,13836,3290762,82864,19046336
1788980961466289943,22002695,18365051,13836,3291222,82880,19046336
1788980961581817202,22003400,18365312,13836,3291676,82889,19046336
1788980961697015397,22004133,18365580,13836,3292113,82902,19046336
1788980961813259884,22004869,18365830,13836,3292581,82914,19046336
1788980961928791226,22005590,18366092,13836,3293032,82924,19046336
1788980962042418047,22006330,18366311,13836,3293516,82932,19046336
1788980962156418890,22007057,18366559,13836,3293973,82944,19046336
1788980962272881516,22007788,18366822,13836,3294423,82959,19046336
1788980962389086983,22008521,18367086,13836,3294871,82973,19046336
1788980962503833598,22009228,18367334,13836,3295327,82985,19046336
1788980962619283500,22009968,18367640,13836,3295737,82997,19046336
1788980962739965551,22010748,18367892,13836,3296233,83005,19046336
1788980962854422033,22011476,18368131,13836,3296692,83019,19046336
1788980962970059517,22012210,18368410,13836,3297117,83039,19046336
1788980963085652738,22012939,18368679,13836,3297560,83051,19046336
1788980963200700210,22013670,18368929,13836,3298015,83065,19046336
1788980963316583579,22014403,18369231,13836,3298433,83074,19046336
1788980963432644310,22015148,18369475,13836,3298904,83085,19046336
1788980963548022795,22015851,18369730,13836,3299356,83100,19046336
1788980963664789962,22016586,18369987,13836,3299819,83109,19046336
1788980963781698908,22017315,18370251,13836,3300274,83120,19046336
1788980963896889119,22018049,18370516,13836,3300715,83139,19046336
1788980964014375379,22018804,18370735,13836,3301219,83149,19046336
1788980964131632631,22019532,18370989,13836,3301686,83161,19046336
1788980964245971999,22020256,18371237,13836,3302070,83247,19046336
1788980964361887621,22020981,18371499,13836,3302521,83259,19046336
1788980964477052170,22021705,18371756,13836,3302966,83276,19046336
1788980964591811894,22022427,18372020,13836,3303410,83286,19046336
1788980964707698245,22023178,18372267,13836,3303880,83298,19046336
1788980964824282777,22023922,18372512,13836,3304352,83310,19046336
1788980964940788666,22024652,18372766,13836,3304807,83329,19046336
1788980965057233936,22025388,18373036,13836,3305251,83341,19046336
1788980965171304563,22026109,18373318,13836,3305670,83356,19046336
1788980965288456309,22026846,18373595,13836,3306116,83365,19046336
1788980965405204350,22027585,18373849,13836,3306584,83375,19046336
1788980965521432626,22028283,18374127,13836,3307023,83387,19046336
1788980965637720344,22029025,18374391,13836,3307473,83401,19046336
1788980965753125581,22029761,18374651,13836,3307915,83418,19046336
1788980965867246615,22030461,18374946,13836,3308326,83430,19046336
1788980965984143049,22031201,18375201,13836,3308791,83443,19046336
1788980966100413713,22031927,18375440,13836,3309267,83456,19046336
1788980966215695132,22032638,18375699,13836,3309715,83469,19046336
1788980966332552926,22033370,18375955,13836,3310173,83488,19046336
1788980966448587298,22034100,18376203,13836,3310635,83500,19046336
1788980966565833925,22034845,18376451,13836,3311111,83511,19046336
1788980966683104834,22035599,18376723,13836,3311568,83519,19046336
1788980966803057184,22036346,18376978,13836,3312052,83528,19046336
1788980966919621484,22037078,18377214,13836,3312468,83608,19046336
1788980967033536763,22037797,18377467,13836,3312911,83625,19046336
1788980967147951048,22038500,18377717,13836,3313365,83637,19046336
1788980967264177783,22039228,18377970,13836,3313823,83651,19046336
1788980967380142378,22039958,18378272,13836,3314243,83660,19046336
1788980967499465047,22040722,18378561,13836,3314687,83673,19046336
1788980967615751190,22041452,18378814,13836,3315146,83688,19046336
1788980967729964804,22042187,18379072,13836,3315595,83700,19046336
1788980967846369196,22042915,18379334,13836,3316045,83713,19046336
1788980967962638549,22043644,18379587,13836,3316502,83725,19046336
1788980968077629466,22044356,18379838,13836,3316958,83741,19046336
1788980968192727704,22045084,18380107,13836,3317398,83754,19046336
1788980968308771578,22045819,18380360,13836,3317858,83769,19046336
1788980968425597667,22046545,18380656,13836,3318279,83783,19046336
1788980968541840811,22047283,18380927,13836,3318724,83797,19046336
1788980968658224579,22048015,18381203,13836,3319160,83809,19046336
1788980968775891057,22048731,18381473,13836,3319615,83822,19046336
1788980968894036478,22049481,18381736,13836,3320081,83834,19046336
1788980969009208259,22050212,18381989,13836,3320533,83848,19046336
1788980969124604962,22050946,18382243,13836,3320984,83864,19046336
1788980969240771187,22051696,18382500,13836,3321439,83879,19046336
1788980969356868328,22052447,18382758,13836,3321896,83890,19046336
1788980969472479269,22053177,18382998,13836,3322369,83903,19046336
1788980969588869056,22053900,18383243,13836,3322839,83915,19046336
1788980969704036626,22054619,18383505,13836,3323282,83929,19046336
1788980969820311309,22055325,18383761,13836,3323742,83940,19046336
1788980969933819234,22056041,18384027,13836,3324169,83957,19046336
1788980970050625835,22056761,18384299,13836,3324619,83969,19046336
1788980970167730724,22057512,18384553,13836,3325089,83978,19046336
1788980970283852806,22058239,18384805,13836,3325547,83993,19046336
1788980970402300292,22058974,18385051,13836,3325958,84079,19046336
1788980970517118075,22059699,18385313,13836,3326399,84095,19046336
1788980970632879401,22060423,18385575,13836,3326843,84112,19046336
1788980970749526643,22061146,18385844,13836,3327293,84123,19046336
1788980970865056232,22061869,18386103,13836,3327745,84136,19046336
1788980970981655619,22062581,18386366,13836,3328200,84150,19046336
1788980971097918503,22063301,18386616,13836,3328663,84165,19046336
1788980971213787361,22064021,18386894,13836,3329098,84175,19046336
1788980971329608167,22064745,18387163,13836,3329541,84187,19046336
1788980971445622279,22065482,18387464,13836,3329955,84200,19046336
1788980971561110196,22066202,18387700,13836,3330431,84210,19046336
1788980971675031356,22066914,18387955,13836,3330874,84226,19046336
1788980971791819625,22067638,18388222,13836,3331323,84240,19046336
1788980971908166978,22068369,18388479,13836,3331776,84258,19046336
1788980972023535431,22069086,18388754,13836,3332215,84270,19046336
1788980972140156330,22069827,18389009,13836,3332677,84285,19046336
1788980972258698985,22070573,18389288,13836,3333126,84295,19046336
1788980972373373455,22071303,18389550,13836,3333572,84306,19046336
1788980972488098234,22072013,18389813,13836,3334009,84322,19046336
1788980972603738150,22072739,18390075,13836,3334459,84337,19046336
1788980972720802023,22073457,18390319,13836,3334932,84349,19046336
1788980972838489567,22074193,18390556,13836,3335425,84359,19046336
1788980972954191136,22074909,18390816,13836,3335876,84371,19046336
1788980973068276983,22075605,18391048,13836,3336279,84453,19046336
1788980973185085116,22076334,18391302,13836,3336741,84467,19046336
1788980973300934554,22077064,18391565,13836,3337194,84476,19046336
1788980973418686194,22077784,18391847,13836,3337639,84487,19046336
1788980973534205643,22078511,18392094,13836,3338109,84496,19046336
1788980973649820856,22079252,18392350,13836,3338564,84506,19046336
1788980973765425430,22079958,18392660,13836,3338966,84521,19046336
1788980973881769582,22080679,18392942,13836,3339396,84536,19046336
1788980973997407415,22081412,18393202,13836,3339845,84547,19046336
1788980974110792706,22082137,18393478,13836,3340271,84559,19046336
1788980974226015992,22082871,18393723,13836,3340740,84569,19046336
1788980974341453046,22083570,18393981,13836,3341191,84581,19046336
1788980974456274518,22084293,18394238,13836,3341643,84591,19046336
1788980974571920022,22085031,18394497,13836,3342094,84604,19046336
1788980974687858121,22085752,18394776,13836,3342527,84617,19046336
1788980974803491676,22086475,18395040,13836,3342971,84634,19046336
1788980974918628490,22087198,18395273,13836,3343448,84645,19046336
1788980975032742403,22087919,18395553,13836,3343870,84659,19046336
1788980975150138384,22088652,18395807,13836,3344338,84674,19046336
1788980975267115563,22089372,18396071,13836,3344788,84689,19046336
1788980975382669286,22090102,18396325,13836,3345244,84700,19046336
1788980975498957008,22090833,18396586,13836,3345701,84712,19046336
1788980975613551415,22091549,18396816,13836,3346183,84721,19046336
1788980975730722295,22092304,18397068,13836,3346654,84731,19046336
1788980975844534652,22092997,18397332,13836,3347088,84743,19046336
1788980975959925084,22093720,18397590,13836,3347536,84757,19046336
1788980976077518042,22094460,18397856,13836,3347996,84768,19046336
1788980976192785956,22095198,18398106,13836,3348459,84779,19046336
1788980976309036426,22095927,18398344,13836,3348937,84788,19046336
1788980976425611632,22096636,18398597,13836,3349401,84800,19046336
1788980976543807736,22097370,18398830,13836,3349827,84882,19046336
1788980976661364792,22098107,18399093,13836,3350287,84894,19046336
1788980976779184292,22098851,18399353,13836,3350754,84907,19046336
1788980976895535410,22099580,18399619,13836,3351196,84923,19046336
1788980977014502711,22100347,18399876,13836,3351676,84934,19046336
1788980977131752820,22101071,18400141,13836,3352131,84947,19046336
1788980977247449597,22101789,18400387,13836,3352595,84961,19046336
1788980977362438185,22102508,18400648,13836,3353039,84974,19046336
1788980977479582882,22103265,18400940,13836,3353469,84985,19046336
1788980977595920463,22103983,18401193,13836,3353936,84995,19046336
1788980977712165311,22104718,18401450,13836,3354394,85008,19046336
1788980977827890181,22105419,18401711,13836,3354838,85027,19046336
1788980977951896119,22106202,18401997,13836,3355309,85045,19046336
1788980978065875562,22106922,18402258,13836,3355749,85059,19046336
1788980978182031020,22107663,18402494,13836,3356222,85076,19046336
1788980978295349093,22108363,18402732,13836,3356686,85088,19046336
1788980978411758289,22109090,18402988,13836,3357144,85098,19046336
1788980978525921197,22109803,18403241,13836,3357597,85109,19046336
1788980978642810695,22110526,18403502,13836,3358050,85123,19046336
1788980978759155075,22111261,18403805,13836,3358467,85132,19046336
1788980978874627941,22111994,18404069,13836,3358916,85143,19046336
1788980978991578142,22112736,18404343,13836,3359362,85157,19046336
1788980979108240152,22113471,18404588,13836,3359834,85168,19046336
1788980979223450668,22114202,18404847,13836,3360215,85252,19046336
1788980979338076838,22114925,18405105,13836,3360658,85267,19046336
1788980979453920461,22115672,18405356,13836,3361120,85279,19046336
1788980979570131557,22116421,18405613,13836,3361578,85291,19046336
1788980979684917515,22117149,18405847,13836,3362054,85302,19046336
1788980979802408974,22117873,18406095,13836,3362529,85314,19046336
1788980979918610439,22118593,18406347,13836,3362995,85324,19046336
1788980980034155817,22119318,18406613,13836,3363434,85339,19046336
1788980980154188499,22120076,18406880,13836,3363905,85352,19046336
1788980980269487416,22120790,18407134,13836,3364364,85363,19046336
1788980980384515848,22121516,18407672,13836,3364540,85371,19070272
1788980980498641004,22122231,18408094,13836,3364838,85374,19078976
1788980980619211722,22123006,18408168,13836,3365529,85374,19078976
1788980980734956822,22123752,18408269,13836,3366167,85374,19078976
1788980980865614512,22124578,18408380,13836,3366886,85376,19078976
1788980980986051825,22125350,18408520,13836,3367509,85376,19078976
1788980981104106317,22126101,18408565,13836,3368217,85377,19078976
1788980981223041603,22126869,18408679,13836,3368858,85377,19078976
1788980981343051579,22127636,18408771,13836,3369532,85377,19078976
1788980981469045013,22128439,18408853,13836,3370250,85378,19078976
1788980981590058773,22129214,18408969,13836,3370904,85378,19078976
1788980981706999279,22129956,18408996,13836,3371624,85378,19078976
1788980981825423987,22130711,18409128,13836,3372239,85379,19078976
1788980981947047657,22131493,18409203,13836,3372941,85379,19078976
1788980982061699996,22132219,18409265,13836,3373611,85380,19078976
1788980982179336397,22132969,18409387,13836,3374233,85380,19078976
1788980982297335113,22133723,18409476,13836,3374895,85380,19078976
1788980982412277897,22134452,18409559,13836,3375543,85382,19078976
1788980982530528340,22135204,18409678,13836,3376174,85382,19078976
1788980982645296472,22135939,18409703,13836,3376887,85383,19078976
1788980982763891122,22136706,18409823,13836,3377519,85383,19078976
1788980982881918598,22137461,18409934,13836,3378159,85383,19078976
1788980982997169842,22138203,18410001,13836,3378824,85383,19078976
1788980983114907009,22138952,18410141,13836,3379435,85383,19078976
1788980983232879589,22139704,18410226,13836,3380101,85384,19078976
1788980983348070402,22140436,18410303,13836,3380754,85385,19078976
1788980983466205805,22141187,18410460,13836,3381347,85385,19078976
1788980983580720477,22141916,18410488,13836,3382053,85385,19078976
1788980983697309921,22142666,18410571,13836,3382706,85386,19078976
1788980983813652609,22143401,18410726,13836,3383294,85387,19078976
1788980983931798347,22144157,18410867,13836,3383904,85387,19078976
1788980984049904202,22144915,18411034,13836,3384488,85388,19078976
1788980984168059950,22145676,18411165,13836,3385106,85388,19078976
1788980984286433605,22146429,18411326,13836,3385699,85389,19078976
1788980984401409300,22147161,18411361,13836,3386394,85389,19078976
1788980984517062207,22147895,18411446,13836,3387045,85389,19078976
1788980984633955788,22148643,18411582,13836,3387654,85389,19078976
1788980984752129646,22149397,18411737,13836,3388248,85390,19078976
1788980984870049479,22150159,18411858,13836,3388878,85390,19078976
1788980984988383601,22150903,18411998,13836,3389486,85393,19078976
1788980985106515286,22151655,18412144,13836,3390095,85394,19078976
1788980985234140313,22152475,18412187,13836,3390861,85394,19078976
1788980985353725342,22153226,18412282,13836,3391526,85396,19078976
1788980985468799131,22153955,18412415,13836,3392124,85396,19078976
1788980985587036814,22154725,18412596,13836,3392694,85397,19078976
1788980985704972980,22155477,18412756,13836,3393284,85397,19078976
1788980985823235345,22156223,18412901,13836,3393889,85398,19078976
1788980985941364849,22156980,18413035,13836,3394505,85398,19078976
1788980986056500635,22157715,18413068,13836,3395206,85398,19078976
1788980986172488591,22158459,18413153,13836,3395858,85399,19078976
1788980986288295403,22159198,18413256,13836,3396493,85399,19078976
1788980986406265262,22159961,18413386,13836,3397112,85400,19078976
1788980986524396993,22160722,18413521,13836,3397727,85400,19078976
1788980986642454801,22161469,18413679,13836,3398318,85402,19078976
1788980986760452651,22162217,18413836,13836,3398911,85402,19078976
1788980986877057782,22162964,18413857,13836,3399636,85402,19078976
1788980986993398014,22163717,18413938,13836,3400293,85402,19078976
1788980987109689489,22164457,18414045,13836,3400931,85402,19078976
1788980987227278817,22165213,18414185,13836,3401532,85405,19078976
1788980987345407437,22165967,18414310,13836,3402158,85405,19078976
1788980987463518399,22166719,18414470,13836,3402754,85405,19078976
1788980987581729543,22167475,18414588,13836,3403386,85406,19078976
1788980987697258952,22168223,18414615,13836,3404096,85406,19078976
1788980987815518621,22168966,18414707,13836,3404713,85447,19078976
1788980987931808596,22169698,18414803,13836,3405307,85498,19078976
1788980988049969090,22170450,18414955,13836,3405865,85538,19078976
1788980988168433602,22171210,18415094,13836,3406459,85557,19078976
1788980988287072573,22171970,18415216,13836,3407081,85570,19078976
1788980988405040915,22172730,18415342,13836,3407705,85570,19078976
1788980988519185253,22173460,18415364,13836,3408411,85570,19078976
1788980988635471440,22174204,18415467,13836,3409045,85571,19078976
1788980988753628472,22174956,18415601,13836,3409667,85571,19078976
1788980988872011976,22175715,18415731,13836,3410287,85572,19078976
1788980988990225994,22176471,18415866,13836,3410902,85572,19078976
1788980989108351804,22177231,18415993,13836,3411525,85573,19078976
1788980989226395403,22177983,18416122,13836,3412147,85573,19078976
1788980989341620266,22178715,18416148,13836,3412861,85573,19078976
1788980989458715509,22179457,18416313,13836,3413437,85574,19078976
1788980989576710766,22180214,18416419,13836,3414083,85575,19078976
1788980989690819042,22180942,18416574,13836,3414651,85576,19078976
1788980989808669405,22181707,18416696,13836,3415280,85576,19078976
1788980989926740260,22182454,18416882,13836,3415839,85580,19078976
1788980990045154387,22183216,18417019,13836,3416454,85581,19078976
1788980990160433710,22183948,18417043,13836,3417167,85581,19078976
1788980990278559408,22184701,18417177,13836,3417782,85583,19078976
1788980990397016006,22185464,18417261,13836,3418451,85583,19078976
1788980990515666627,22186217,18417417,13836,3419048,85585,19078976
1788980990631719318,22186957,18417583,13836,3419619,85586,19078976
1788980990749850206,22187706,18417714,13836,3420238,85587,19078976
1788980990867865789,22188462,18417871,13836,3420831,85587,19078976
1788980990983350970,22189199,18417905,13836,3421535,85587,19078976
1788980991101975967,22189959,18418049,13836,3422143,85588,19078976
1788980991220338030,22190716,18418146,13836,3422798,85588,19078976
1788980991335611928,22191453,18418301,13836,3423380,85588,19078976
1788980991451626391,22192192,18418411,13836,3424009,85589,19078976
1788980991569760720,22192944,18418555,13836,3424614,85589,19078976
1788980991687751566,22193697,18418693,13836,3425227,85589,19078976
1788980991803433811,22194439,18418730,13836,3425923,85589,19078976
1788980991919866209,22195189,18418846,13836,3426550,85590,19078976
1788980992037868440,22195943,18418935,13836,3427212,85590,19078976
1788980992154173970,22196670,18419047,13836,3427838,85591,19078976
1788980992269822604,22197408,18419173,13836,3428448,85592,19078976
1788980992387661675,22198158,18419306,13836,3429061,85596,19078976
1788980992503800917,22198899,18419425,13836,3429681,85596,19078976
1788980992619802666,22199635,18419462,13836,3430382,85597,19078976
1788980992734505885,22200372,18419572,13836,3431002,85599,19078976
1788980992852559718,22201117,18419703,13836,3431621,85599,19078976
1788980992969426526,22201867,18419816,13836,3432246,85599,19078976
1788980993087446398,22202615,18419903,13836,3432913,85600,19078976
1788980993202344824,22203342,18420022,13836,3433524,85601,19078976
1788980993314890246,22204056,18420205,13836,3434056,85601,19078976
1788980993430154474,22204794,18420232,13836,3434764,85602,19078976
1788980993545615635,22205533,18420366,13836,3435366,85602,19078976
1788980993663785805,22206282,18420489,13836,3435992,85602,19078976
1788980993781376489,22207029,18420627,13836,3436601,85604,19078976
1788980993897329846,22207768,18420734,13836,3437229,85604,19078976
1788980994015526266,22208525,18420881,13836,3437836,85605,19078976
1788980994133476469,22209284,18421011,13836,3438451,85606,19078976
1788980994248344399,22210020,18421049,13836,3439148,85606,19078976
1788980994364539883,22210762,18421208,13836,3439730,85607,19078976
1788980994482629762,22211513,18421334,13836,3440353,85607,19078976
1788980994597213520,22212246,18421477,13836,3440935,85609,19078976
1788980994714288123,22212997,18421601,13836,3441556,85609,19078976
1788980994832464745,22213753,18421731,13836,3442177,85609,19078976
1788980994950862180,22214513,18421852,13836,3442812,85609,19078976
1788980995066195503,22215246,18421888,13836,3443509,85610,19078976
1788980995179747919,22215963,18422005,13836,3444116,85611,19078976
1788980995297971637,22216722,18422124,13836,3444748,85612,19078976
1788980995415831437,22217480,18422244,13836,3445377,85612,19078976
1788980995533708873,22218236,18422363,13836,3446009,85612,19078976
1788980995650402974,22218978,18422491,13836,3446618,85613,19078976
1788980995767149245,22219730,18422609,13836,3447243,85613,19078976
1788980995882153666,22220468,18422636,13836,3447952,85613,19078976
1788980995994173763,22221191,18422764,13836,3448533,85614,19078976
1788980996112138534,22221940,18422873,13836,3449177,85615,19078976
1788980996229876414,22222691,18422997,13836,3449799,85617,19078976
1788980996347534372,22223440,18423079,13836,3450469,85617,19078976
1788980996465350869,22224197,18423242,13836,3451049,85617,19078976
1788980996581351987,22224937,18423365,13836,3451663,85618,19078976
1788980996696671560,22225681,18423402,13836,3452365,85618,19078976
1788980996810383619,22226401,18423508,13836,3452977,85620,19078976
1788980996928424146,22227150,18423628,13836,3453607,85621,19078976
1788980997046042138,22227892,18423751,13836,3454234,85622,19078976
1788980997164237045,22228647,18423850,13836,3454890,85622,19078976
1788980997279807020,22229374,18424000,13836,3455473,85623,19078976
1788980997395017423,22230117,18424156,13836,3456048,85623,19078976
1788980997510372462,22230854,18424221,13836,3456716,85624,19078976
1788980997627859707,22231605,18424329,13836,3457357,85624,19078976
1788980997745758857,22232360,18424462,13836,3457976,85624,19078976
1788980997861946625,22233103,18424590,13836,3458582,85626,19078976
1788980997979867984,22233857,18424670,13836,3459254,85626,19078976
1788980998097028513,22234591,18424802,13836,3459865,85628,19078976
1788980998213302802,22235327,18424929,13836,3460475,85630,19078976
1788980998328733254,22236057,18424975,13836,3461167,85630,19078976
1788980998446450482,22236814,18425120,13836,3461765,85631,19078976
1788980998564367331,22237556,18425289,13836,3462346,85631,19078976
1788980998681621652,22238299,18425429,13836,3462954,85632,19078976
1788980998798380577,22239044,18425526,13836,3463597,85632,19078976
1788980998916639868,22239789,18425695,13836,3464184,85633,19078976
1788980999037503194,22240562,18425827,13836,3464818,85633,19078976
1788980999152665389,22241295,18425870,13836,3465511,85633,19078976
1788980999268862119,22242042,18425976,13836,3466143,85633,19078976
1788980999386811223,22242788,18426140,13836,3466729,85634,19078976
1788980999504067793,22243534,18426284,13836,3467328,85635,19078976
1788980999621507466,22244285,18426410,13836,3467952,85635,19078976
1788980999739439757,22245044,18426582,13836,3468523,85635,19078976
1788980999857474902,22245803,18426710,13836,3469145,85636,19078976
1788980999972521385,22246542,18426740,13836,3469855,85636,19078976
1788981000088049999,22247290,18426868,13836,3470459,85636,19078976
1788981000206241368,22248040,18426980,13836,3471098,85636,19078976
1788981000321541272,22248777,18427042,13836,3471773,85637,19078976
1788981000438919889,22249531,18427168,13836,3472392,85637,19078976
1788981000556879692,22250288,18427250,13836,3473062,85637,19078976
1788981000671949783,22251023,18427325,13836,3473716,85638,19078976
1788981000790122464,22251774,18427459,13836,3474333,85638,19078976
1788981000905430790,22252507,18427483,13836,3475049,85638,19078976
1788981001023815025,22253252,18427619,13836,3475663,85638,19078976
1788981001141699905,22254006,18427692,13836,3476341,85639,19078976
1788981001256877325,22254753,18427751,13836,3477012,85640,19078976
1788981001375296346,22255508,18427860,13836,3477654,85640,19078976
1788981001493306825,22256265,18427989,13836,3478277,85640,19078976
1788981001608448105,22257008,18428086,13836,3478908,85644,19078976
1788981001726484302,22257764,18428215,13836,3479529,85644,19078976
1788981001841860151,22258507,18428237,13836,3480248,85644,19078976
1788981001961214517,22259258,18428354,13836,3480885,85645,19078976
1788981002079147602,22260016,18428425,13836,3481565,85645,19078976
1788981002194533442,22260743,18428479,13836,3482247,85647,19078976
1788981002312478770,22261501,18428567,13836,3482903,85647,19078976
1788981002431700097,22262261,18428666,13836,3483568,85647,19078976
1788981002556157280,22263048,18428768,13836,3484252,85649,19078976
1788981002684055444,22263866,18428915,13836,3484920,85650,19078976
1788981002805041963,22264637,18428963,13836,3485645,85650,19078976
1788981002922030858,22265377,18429193,13836,3486144,85657,19078976
1788981003038446737,22266108,18429449,13836,3486599,85672,19078976
1788981003156210429,22266854,18429634,13836,3486858,85967,19078976
1788981003272699400,22267586,18429891,13836,3487268,86034,19078976
1788981003388540458,22268315,18430125,13836,3487746,86045,19078976
1788981003503421449,22269038,18430382,13836,3488194,86060,19078976
1788981003620007897,22269787,18430640,13836,3488652,86072,19078976
1788981003736337669,22270505,18430911,13836,3489101,86082,19078976
1788981003853144639,22271241,18431183,13836,3489547,86096,19078976
1788981003967963564,22271944,18431455,13836,3489977,86110,19078976
1788981004083307384,22272673,18431721,13836,3490421,86122,19078976
1788981004198740410,22273411,18431987,13836,3490867,86132,19078976
1788981004312958845,22274132,18432282,13836,3491284,86144,19078976
1788981004427486389,22274870,18432522,13836,3491742,86158,19078976
1788981004543477681,22275596,18432768,13836,3492156,86221,19078976
1788981004658056182,22276321,18433021,13836,3492586,86258,19078976
1788981004774304908,22277046,18433271,13836,3493057,86269,19078976
1788981004889162501,22277760,18433538,13836,3493488,86285,19078976
1788981005003253763,22278489,18433803,13836,3493932,86298,19078976
1788981005118538355,22279203,18434069,13836,3494372,86310,19078976
1788981005233245218,22279915,18434306,13836,3494838,86324,19078976
1788981005347900380,22280637,18434570,13836,3495279,86337,19078976
1788981005462879477,22281369,18434827,13836,3495729,86351,19078976
1788981005577834928,22282084,18435075,13836,3496183,86366,19078976
1788981005692624723,22282817,18435297,13836,3496669,86379,19078976
1788981005806151008,22283530,18435556,13836,3497112,86388,19078976
1788981005923447213,22284262,18435802,13836,3497592,86398,19078976
1788981006038855762,22284969,18436050,13836,3498049,86413,19078976
1788981006153963888,22285685,18436304,13836,3498500,86428,19078976
1788981006270758979,22286421,18436600,13836,3498915,86442,19078976
1788981006385580583,22287134,18436877,13836,3499345,86458,19078976
1788981006502872893,22287879,18437163,13836,3499782,86470,19078976
1788981006616709427,22288595,18437469,13836,3500180,86482,19078976
1788981006731490782,22289312,18437743,13836,3500608,86495,19078976
1788981006846782435,22290052,18438018,13836,3501045,86505,19078976
1788981006961617335,22290761,18438287,13836,3501485,86516,19078976
1788981007078118313,22291500,18438537,13836,3501958,86524,19078976
1788981007195717764,22292233,18438792,13836,3502429,86533,19078976
1788981007311444832,22292957,18439018,13836,3502845,86619,19078976
1788981007427638864,22293685,18439283,13836,3503296,86631,19078976
1788981007543859385,22294402,18439551,13836,3503738,86644,19078976
1788981007659470977,22295134,18439792,13836,3504212,86653,19078976
1788981007776743740,22295865,18440031,13836,3504698,86666,19078976
1788981007893800134,22296612,18440291,13836,3505157,86678,19078976
1788981008009571559,22297348,18440538,13836,3505617,86695,19078976
1788981008124106285,22298065,18440798,13836,3506062,86706,19078976
1788981008240142153,22298798,18441072,13836,3506505,86718,19078976
1788981008355755356,22299519,18441319,13836,3506967,86730,19078976
1788981008470232936,22300238,18441553,13836,3507441,86739,19078976
1788981008584358913,22300969,18441785,13836,3507907,86755,19078976
1788981008698363266,22301687,18442039,13836,3508355,86770,19078976
1788981008814314383,22302414,18442298,13836,3508810,86783,19078976
1788981008929258821,22303142,18442584,13836,3509230,86794,19078976
1788981009044317634,22303849,18442858,13836,3509662,86808,19078976
1788981009162068145,22304619,18443111,13836,3510133,86824,19078976
1788981009276200696,22305333,18443381,13836,3510569,86837,19078976
1788981009392122853,22306051,18443640,13836,3511019,86849,19078976
1788981009506034740,22306756,18443890,13836,3511464,86867,19078976
1788981009618768453,22307468,18444179,13836,3511868,86880,19078976
1788981009734968258,22308187,18444478,13836,3512290,86889,19078976
1788981009851735385,22308918,18444773,13836,3512718,86899,19078976
1788981009968777820,22309652,18445040,13836,3513171,86912,19078976
1788981010082607185,22310335,18445288,13836,3513560,86989,19078976
1788981010198444790,22311069,18445546,13836,3514013,87003,19078976
1788981010315378575,22311811,18445810,13836,3514465,87018,19078976
1788981010430923971,22312555,18446069,13836,3514917,87030,19078976
1788981010546059714,22313271,18446287,13836,3515410,87040,19078976
1788981010658594575,22313962,18446523,13836,3515867,87055,19078976
1788981010775342768,22314695,18446765,13836,3516341,87066,19078976
1788981010892494670,22315404,18447023,13836,3516804,87079,19078976
1788981011008178196,22316147,18447311,13836,3517228,87091,19078976
1788981011123640148,22316882,18447600,13836,3517650,87102,19078976
1788981011238902501,22317611,18447852,13836,3518108,87114,19078976
1788981011353770942,22318345,18448091,13836,3518575,87127,19078976
1788981011470224074,22319069,18448341,13836,3519040,87144,19078976
1788981011585778993,22319787,18448605,13836,3519487,87154,19078976
1788981011702322855,22320522,18448854,13836,3519959,87163,19078976
1788981011818729476,22321255,18449154,13836,3520374,87176,19078976
1788981011939121394,22322032,18449391,13836,3520885,87185,19078976
1788981012053599597,22322743,18449635,13836,3521341,87198,19078976
1788981012168159443,22323462,18449879,13836,3521799,87212,19078976
1788981012283498534,22324183,18450157,13836,3522228,87227,19078976
1788981012400418604,22324920,18450425,13836,3522685,87236,19078976
1788981012516331148,22325636,18450650,13836,3523176,87247,19078976
1788981012631083906,22326365,18450895,13836,3523635,87258,19078976
1788981012746810957,22327072,18451148,13836,3524092,87272,19078976
1788981012862621286,22327783,18451445,13836,3524510,87285,19078976
1788981012977681489,22328522,18451709,13836,3524953,87296,19078976
1788981013092099907,22329231,18452001,13836,3525364,87309,19078976
1788981013205306196,22329959,18452243,13836,3525821,87321,19078976
1788981013319823777,22330665,18452528,13836,3526237,87338,19078976
1788981013434661118,22331389,18452776,13836,3526697,87348,19078976
1788981013551855665,22332143,18453018,13836,3527113,87427,19078976
1788981013667910700,22332857,18453273,13836,3527564,87444,19078976
1788981013784052413,22333599,18453538,13836,3528014,87459,19078976
1788981013900561639,22334327,18453778,13836,3528491,87469,19078976
1788981014015658665,22335034,18454021,13836,3528951,87485,19078976
1788981014132030626,22335759,18454274,13836,3529411,87501,19078976
1788981014248546426,22336487,18454532,13836,3529864,87519,19078976
1788981014363105831,22337223,18454781,13836,3530321,87533,19078976
1788981014479536579,22337944,18455050,13836,3530759,87551,19078976
1788981014595289086,22338674,18455272,13836,3531249,87561,19078976
1788981014710109932,22339404,18455529,13836,3531703,87571,19078976
1788981014823065716,22340122,18455780,13836,3532148,87583,19078976
1788981014938849887,22340841,18456037,13836,3532601,87596,19078976
1788981015054535403,22341564,18456292,13836,3533058,87608,19078976
1788981015169286894,22342292,18456558,13836,3533496,87621,19078976
1788981015286061685,22343003,18456800,13836,3533972,87635,19078976
1788981015403080640,22343747,18457075,13836,3534416,87650,19078976
1788981015518852311,22344479,18457318,13836,3534881,87666,19078976
1788981015635289153,22345210,18457575,13836,3535338,87680,19078976
1788981015748744274,22345918,18457846,13836,3535761,87696,19078976
1788981015862549165,22346621,18458103,13836,3536207,87706,19078976
1788981015978919156,22347376,18458357,13836,3536673,87715,19078976
1788981016092917240,22348084,18458610,13836,3537122,87727,19078976
1788981016208038617,22348811,18458874,13836,3537536,87769,19078976
1788981016324130624,22349525,18459122,13836,3537970,87815,19078976
1788981016445357920,22350274,18459413,13836,3538422,87830,19078976
1788981016561360379,22351002,18459704,13836,3538849,87841,19078976
1788981016676036067,22351723,18459958,13836,3539300,87852,19078976
1788981016790289633,22352443,18460201,13836,3539763,87861,19078976
1788981016904051921,22353172,18460454,13836,3540214,87872,19078976
1788981017019796151,22353897,18460719,13836,3540659,87884,19078976
1788981017137285393,22354637,18460990,13836,3541113,87897,19078976
1788981017253459988,22355369,18461286,13836,3541529,87912,19078976
1788981017368410167,22356099,18461514,13836,3542016,87919,19078976
1788981017483413245,22356804,18461770,13836,3542471,87930,19078976
1788981017596590681,22357511,18462030,13836,3542905,87944,19078976
1788981017711190552,22358219,18462287,13836,3543355,87956,19078976
1788981017826347493,22358926,18462537,13836,3543807,87969,19078976
1788981017942854596,22359658,18462806,13836,3544261,87979,19078976
1788981018059845310,22360395,18463033,13836,3544759,87987,19078976
1788981018174693888,22361109,18463291,13836,3545209,87998,19078976
1788981018290524210,22361810,18463583,13836,3545630,88011,19078976
1788981018408246323,22362534,18463834,13836,3546103,88025,19078976
1788981018523252872,22363231,18464082,13836,3546555,88039,19078976
1788981018640191065,22363977,18464362,13836,3546994,88050,19078976
1788981018766462350,22364774,18464629,13836,3547510,88060,19078976
1788981018879509518,22365489,18464880,13836,3547955,88075,19078976
1788981018995224192,22366211,18465135,13836,3548336,88163,19078976
1788981019111421746,22366929,18465398,13836,3548788,88180,19078976
1788981019229116722,22367670,18465658,13836,3549246,88193,19078976
1788981019346056868,22368409,18465885,13836,3549745,88203,19078976
1788981019461253083,22369139,18466138,13836,3550194,88217,19078976
1788981019575879044,22369861,18466376,13836,3550659,88231,19078976
1788981019691585898,22370566,18466638,13836,3551110,88242,19078976
1788981019806717376,22371279,18466896,13836,3551558,88256,19078976
1788981019924974038,22372040,18467190,13836,3551992,88273,19078976
1788981020040263706,22372768,18467420,13836,3552466,88287,19078976
1788981020155195767,22373497,18467675,13836,3552918,88299,19078976
1788981020271340538,22374244,18467914,13836,3553392,88312,19078976
1788981020387205955,22374979,18468175,13836,3553843,88325,19078976
1788981020503884277,22375706,18468419,13836,3554315,88338,19078976
1788981020620868691,22376431,18468682,13836,3554774,88348,19078976
1788981020738497985,22377160,18468976,13836,3555206,88362,19078976
1788981020854079442,22377905,18469231,13836,3555657,88378,19078976
1788981020969321900,22378640,18469472,13836,3556129,88390,19078976
1788981021084929761,22379395,18469715,13836,3556596,88402,19078976
1788981021199636975,22380106,18469993,13836,3557025,88411,19078976
1788981021317781462,22380857,18470251,13836,3557490,88426,19078976
1788981021431663473,22381546,18470476,13836,3557967,88438,19078976
1788981021546238746,22382265,18470729,13836,3558422,88450,19078976
1788981021661308015,22382995,18470989,13836,3558840,88488,19078976
1788981021779547592,22383735,18471246,13836,3559258,88556,19078976
1788981021896333621,22384486,18471547,13836,3559677,88567,19078976
1788981022011520768,22385227,18471833,13836,3560100,88580,19078976
1788981022128584979,22385953,18472074,13836,3560583,88590,19078976
1788981022244291277,22386687,18472324,13836,3561037,88609,19078976
1788981022360210589,22387425,18472596,13836,3561480,88620,19078976
1788981022475816324,22388146,18472855,13836,3561929,88634,19078976
1788981022590667369,22388866,18473111,13836,3562379,88646,19078976
1788981022706856139,22389602,18473375,13836,3562831,88659,19078976
1788981022821532601,22390322,18473602,13836,3563314,88667,19078976
1788981022934789128,22391019,18473876,13836,3563737,88680,19078976
1788981023047739310,22391732,18474212,13836,3564102,88688,19078976
1788981023162429090,22392459,18474481,13836,3564545,88697,19078976
1788981023278130526,22393187,18474729,13836,3565011,88709,19078976
1788981023394385272,22393917,18474971,13836,3565477,88723,19078976
1788981023511461779,22394657,18475213,13836,3565965,88729,19078976
1788981023627443923,22395360,18475470,13836,3566423,88742,19078976
1788981023743298281,22396078,18475709,13836,3566892,88752,19078976
1788981023859022322,22396814,18475971,13836,3567340,88768,19078976
1788981023974278748,22397549,18476227,13836,3567790,88780,19078976
1788981024091562489,22398284,18476476,13836,3568265,88791,19078976
1788981024211219982,22399058,18476715,13836,3568762,88804,19078976
1788981024327217299,22399769,18476958,13836,3569233,88816,19078976
1788981024444304896,22400512,18477218,13836,3569696,88825,19078976
1788981024560488906,22401249,18477506,13836,3570124,88838,19078976
1788981024676049974,22401955,18477767,13836,3570578,88848,19078976
1788981024792290568,22402684,18477998,13836,3571065,88857,19078976
1788981024906044126,22403405,18478243,13836,3571518,88870,19078976
1788981025020083287,22404125,18478487,13836,3571968,88886,19078976
1788981025134548317,22404841,18478727,13836,3572370,88965,19078976
1788981025250411045,22405568,18478982,13836,3572824,88982,19078976
1788981025366209724,22406296,18479235,13836,3573280,88993,19078976
1788981025479464081,22407012,18479478,13836,3573737,89005,19078976
1788981025594478057,22407740,18479732,13836,3574186,89022,19078976
1788981025711088456,22408474,18479997,13836,3574640,89036,19078976
1788981025826046116,22409192,18480248,13836,3575095,89047,19078976
1788981025941738104,22409926,18480513,13836,3575542,89059,19078976
1788981026055295648,22410662,18480823,13836,3575930,89071,19078976
1788981026170699890,22411386,18481054,13836,3576408,89086,19078976
1788981026287412564,22412115,18481298,13836,3576879,89102,19078976
1788981026402626417,22412838,18481558,13836,3577329,89116,19078976
1788981026519854191,22413589,18481803,13836,3577799,89132,19078976
1788981026635955845,22414309,18482047,13836,3578264,89147,19078976
1788981026750966324,22415035,18482332,13836,3578686,89160,19078976
1788981026868047958,22415769,18482601,13836,3579140,89172,19078976
1788981026981428696,22416490,18482851,13836,3579591,89184,19078976
1788981027095520706,22417190,18483113,13836,3580032,89196,19078976
1788981027211379733,22417895,18483371,13836,3580490,89205,19078976
1788981027328625978,22418631,18483630,13836,3580952,89215,19078976
1788981027445546096,22419386,18483913,13836,3581389,89230,19078976
1788981027561881232,22420121,18484146,13836,3581873,89238,19078976
1788981027676621567,22420835,18484390,13836,3582338,89248,19078976
1788981027792432120,22421573,18484650,13836,3582795,89258,19078976
1788981027908764616,22422307,18484900,13836,3583187,89345,19078976
1788981028023116529,22423024,18485161,13836,3583627,89359,19078976
1788981028138291580,22423737,18485437,13836,3584059,89370,19078976
1788981028255069263,22424475,18485696,13836,3584519,89386,19078976
1788981028372107046,22425217,18485978,13836,3584956,89400,19078976
1788981028488305762,22425947,18486251,13836,3585396,89413,19078976
1788981028603732467,22426672,18486545,13836,3585808,89429,19078976
1788981028718336568,22427380,18486820,13836,3586242,89438,19078976
1788981028832133479,22428113,18487070,13836,3586696,89447,19078976
1788981028946295444,22428847,18487290,13836,3587186,89455,19078976
1788981029062479912,22429566,18487668,13836,3587525,89466,19078976
1788981029179544172,22430321,18487928,13836,3587990,89476,19078976
1788981029297836817,22431062,18488201,13836,3588444,89485,19078976
1788981029413837350,22431811,18488455,13836,3588901,89501,19078976
1788981029529846323,22432546,18488726,13836,3589346,89511,19078976
1788981029647358094,22433305,18488955,13836,3589849,89520,19078976
1788981029762593095,22434053,18489238,13836,3590275,89529,19078976
1788981029875024556,22434753,18489524,13836,3590679,89543,19078976
1788981029988740736,22435480,18489771,13836,3591135,89552,19078976
1788981030106053732,22436201,18490039,13836,3591590,89567,19078976
1788981030221906905,22436929,18490298,13836,3592041,89578,19078976
1788981030335083839,22437675,18490569,13836,3592473,89585,19078976
1788981030447756003,22438396,18490820,13836,3592919,89597,19078976
1788981030562453794,22439102,18491063,13836,3593379,89608,19078976
1788981030677621649,22439855,18491314,13836,3593771,89689,19078976
1788981030793141228,22440583,18491563,13836,3594233,89700,19078976
1788981030909061240,22441312,18491823,13836,3594684,89715,19078976
1788981031025543593,22442034,18492056,13836,3595175,89726,19078976
1788981031140405505,22442768,18492308,13836,3595627,89739,19078976
1788981031255100878,22443489,18492568,13836,3596072,89753,19078976
1788981031370878429,22444190,18492829,13836,3596516,89769,19078976
1788981031487145373,22444921,18493113,13836,3596950,89779,19078976
1788981031601078901,22445615,18493372,13836,3597393,89791,19078976
1788981031716550780,22446323,18493592,13836,3597888,89801,19078976
1788981031832197176,22447039,18493847,13836,3598339,89818,19078976
1788981031946279821,22447762,18494130,13836,3598760,89828,19078976
1788981032062918595,22448491,18494380,13836,3599230,89839,19078976
1788981032178872999,22449222,18494674,13836,3599653,89849,19078976
1788981032294607601,22449934,18494957,13836,3600082,89862,19078976
1788981032410775630,22450640,18495239,13836,3600516,89873,19078976
1788981032525797905,22451363,18495482,13836,3600979,89889,19078976
1788981032642469162,22452104,18495745,13836,3601433,89901,19078976
1788981032756870380,22452836,18496045,13836,3601837,89914,19078976
1788981032872117081,22453554,18496296,13836,3602295,89926,19078976
1788981032989149496,22454320,18496551,13836,3602766,89937,19078976
1788981033111068586,22455083,18496788,13836,3603280,89950,19078976
1788981033225840120,22455790,18497038,13836,3603734,89961,19078976
1788981033342271251,22456525,18497275,13836,3604143,90043,19078976
1788981033458866825,22457257,18497531,13836,3604603,90059,19078976
1788981033574600479,22457964,18497785,13836,3605057,90071,19078976
1788981033689967916,22458696,18498067,13836,3605494,90081,19078976
1788981033810053142,22459458,18498331,13836,3605965,90094,19078976
1788981033926000850,22460178,18498597,13836,3606409,90110,19078976
1788981034041520557,22460913,18498865,13836,3606852,90123,19078976
1788981034156589123,22461633,18499138,13836,3607283,90138,19078976
1788981034271620704,22462359,18499410,13836,3607720,90148,19078976
1788981034387956694,22463094,18499681,13836,3608168,90160,19078976
1788981034504266743,22463799,18499920,13836,3608648,90170,19078976
1788981034620176386,22464531,18500179,13836,3609105,90182,19078976
1788981034735115810,22465273,18500422,13836,3609561,90199,19078976
1788981034851190188,22465999,18500697,13836,3609999,90212,19078976
1788981034967124952,22466734,18500971,13836,3610443,90224,19078976
1788981035082836522,22467452,18501225,13836,3610898,90236,19078976
1788981035199665440,22468180,18501495,13836,3611346,90250,19078976
1788981035314574637,22468917,18501759,13836,3611790,90262,19078976
1788981035429796367,22469630,18502012,13836,3612248,90272,19078976
1788981035545662399,22470373,18502273,13836,3612698,90286,19078976
1788981035660720336,22471087,18502528,13836,3613148,90299,19078976
1788981035774924662,22471817,18502793,13836,3613589,90311,19078976
1788981035891451946,22472549,18503043,13836,3614057,90324,19078976
1788981036007746177,22473278,18503304,13836,3614511,90335,19078976
1788981036122831240,22474008,18503579,13836,3614945,90348,19078976
1788981036237834542,22474734,18503834,13836,3615397,90360,19078976
1788981036354581722,22475468,18504082,13836,3615863,90374,19078976
1788981036468957134,22476198,18504453,13836,3616200,90383,19085120
1788981036585590618,22476938,18505165,13836,3616218,90390,19112768
1788981036708797329,22477730,18505259,13836,3616906,90391,19112768
1788981036827178732,22478489,18505396,13836,3617517,90393,19112768
1788981036942401075,22479225,18505447,13836,3618200,90393,19112768
1788981037057882504,22479969,18505613,13836,3618769,90394,19112768
1788981037176042897,22480716,18505723,13836,3619411,90394,19112768
1788981037291495829,22481449,18505779,13836,3620088,90394,19112768
1788981037408834004,22482197,18505894,13836,3620723,90395,19112768
1788981037526847232,22482949,18505980,13836,3621387,90396,19112768
1788981037641773817,22483674,18506046,13836,3622053,90397,19112768
1788981037759827708,22484428,18506132,13836,3622718,90397,19112768
1788981037877887328,22485189,18506206,13836,3623395,90397,19112768
1788981037992763396,22485919,18506305,13836,3624025,90398,19112768
1788981038110842041,22486678,18506415,13836,3624667,90398,19112768
1788981038224200127,22487403,18506501,13836,3625302,90398,19112768
1788981038339500815,22488140,18506605,13836,3625928,90399,19112768
1788981038457416250,22488894,18506768,13836,3626516,90399,19112768
1788981038572683573,22489631,18506824,13836,3627200,90399,19112768
1788981038688040724,22490365,18506928,13836,3627825,90400,19112768
1788981038806048468,22491119,18507082,13836,3628422,90400,19112768
1788981038921151748,22491855,18507126,13836,3629111,90400,19112768
1788981039038136483,22492600,18507217,13836,3629764,90401,19112768
1788981039155004835,22493353,18507347,13836,3630378,90401,19112768
1788981039270004496,22494093,18507384,13836,3631074,90401,19112768
1788981039385812863,22494825,18507525,13836,3631671,90402,19112768
1788981039501204864,22495562,18507650,13836,3632276,90403,19112768
1788981039616688276,22496298,18507691,13836,3632975,90403,19112768
1788981039731655174,22497034,18507843,13836,3633553,90404,19112768
1788981039852866264,22497812,18507960,13836,3634205,90405,19112768
1788981039972487463,22498581,18508021,13836,3634906,90405,19112768
1788981040090048373,22499341,18508122,13836,3635551,90405,19112768
1788981040223045237,22500184,18508284,13836,3636235,90406,19112768
1788981040335291026,22500894,18508416,13836,3636814,90407,19112768
1788981040456401497,22501659,18508500,13836,3637501,90407,19112768
1788981040573152256,22502409,18508654,13836,3638090,90409,19112768
1788981040699048302,22503209,18508812,13836,3638733,90409,19112768
1788981040813917046,22503945,18508833,13836,3639446,90409,19112768
1788981040932480430,22504717,18508939,13836,3640092,90410,19112768
1788981041047417320,22505456,18509104,13836,3640656,90410,19112768
1788981041165814468,22506204,18509316,13836,3641199,90411,19112768
1788981041284140028,22506963,18509484,13836,3641786,90411,19112768
1788981041402654611,22507724,18509683,13836,3642339,90411,19112768
1788981041521027041,22508476,18509833,13836,3642939,90412,19112768
1788981041639073681,22509231,18509952,13836,3643572,90412,19112768
1788981041753883727,22509965,18510031,13836,3644224,90412,19112768
1788981041870934957,22510709,18510122,13836,3644879,90413,19112768
1788981041988919112,22511471,18510283,13836,3645467,90413,19112768
1788981042105606598,22512206,18510414,13836,3646080,90413,19112768
1788981042223892589,22512966,18510514,13836,3646731,90414,19112768
1788981042339517062,22513704,18510643,13836,3647340,90414,19112768
1788981042456968222,22514462,18510780,13836,3647947,90415,19112768
1788981042572020693,22515198,18510806,13836,3648654,90415,19112768
1788981042688954407,22515949,18510930,13836,3649273,90416,19112768
1788981042805864774,22516698,18511013,13836,3649934,90416,19112768
1788981042924035380,22517453,18511145,13836,3650551,90417,19112768
1788981043042093521,22518209,18511296,13836,3651150,90417,19112768
1788981043160201981,22518965,18511456,13836,3651740,90420,19112768
1788981043277804287,22519712,18511540,13836,3652405,90420,19112768
1788981043394925587,22520466,18511622,13836,3653068,90420,19112768
1788981043509641076,22521203,18511703,13836,3653718,90421,19112768
1788981043627958292,22521962,18511817,13836,3654356,90421,19112768
1788981043746051471,22522726,18511941,13836,3654980,90422,19112768
1788981043862881277,22523478,18512043,13836,3655623,90422,19112768
1788981043980824756,22524231,18512178,13836,3656238,90422,19112768
1788981044096763393,22524976,18512301,13836,3656852,90423,19112768
1788981044214747594,22525739,18512382,13836,3657523,90423,19112768
1788981044329884902,22526481,18512431,13836,3658207,90423,19112768
1788981044446845772,22527215,18512543,13836,3658837,90424,19112768
1788981044564818959,22527970,18512660,13836,3659471,90424,19112768
1788981044682574029,22528721,18512752,13836,3660129,90425,19112768
1788981044800148329,22529472,18512877,13836,3660749,90425,19112768
1788981044918092422,22530220,18513043,13836,3661331,90427,19112768
1788981045036026120,22530971,18513172,13836,3661951,90428,19112768
1788981045150534267,22531699,18513193,13836,3662663,90428,19112768
1788981045265387472,22532437,18513275,13836,3663306,90429,19112768
1788981045383300957,22533191,18513404,13836,3663927,90429,19112768
1788981045501366788,22533941,18513538,13836,3664542,90431,19112768
1788981045619309482,22534693,18513632,13836,3665199,90431,19112768
1788981045738444960,22535445,18513830,13836,3665761,90431,19112768
1788981045854946370,22536199,18513949,13836,3666382,90431,19112768
1788981045972965422,22536953,18514029,13836,3667054,90431,19112768
1788981046088176561,22537694,18514097,13836,3667717,90432,19112768
1788981046206023383,22538453,18514186,13836,3668379,90432,19112768
1788981046324041954,22539214,18514343,13836,3668972,90433,19112768
1788981046440205155,22539957,18514475,13836,3669580,90433,19112768
1788981046558482311,22540711,18514580,13836,3670224,90433,19112768
1788981046676393570,22541470,18514756,13836,3670797,90434,19112768
1788981046794520651,22542225,18514900,13836,3671410,90434,19112768
1788981046910061715,22542968,18514922,13836,3672122,90434,19112768
1788981047026470092,22543711,18515009,13836,3672770,90435,19112768
1788981047144224646,22544461,18515134,13836,3673395,90436,19112768
1788981047262614915,22545212,18515298,13836,3673986,90437,19112768
1788981047380794764,22545968,18515406,13836,3674628,90437,19112768
1788981047499371706,22546735,18515576,13836,3675212,90437,19112768
1788981047617518560,22547494,18515667,13836,3675867,90446,19112768
1788981047735618820,22548252,18515746,13836,3676534,90451,19112768
1788981047851032323,22548989,18515822,13836,3677177,90463,19112768
1788981047968219740,22549738,18515922,13836,3677781,90505,19112768
1788981048086421745,22550491,18516049,13836,3678367,90542,19112768
1788981048203584874,22551244,18516158,13836,3678968,90581,19112768
1788981048318949020,22551979,18516263,13836,3679548,90630,19112768
1788981048437221427,22552732,18516407,13836,3680116,90668,19112768
1788981048555850185,22553494,18516493,13836,3680751,90704,19112768
1788981048668862872,22554222,18516562,13836,3681403,90704,19112768
1788981048783856956,22554960,18516643,13836,3682028,90730,19112768
1788981048902583134,22555715,18516764,13836,3682656,90739,19112768
1788981049021366670,22556461,18516879,13836,3683284,90747,19112768
1788981049139620073,22557217,18516971,13836,3683949,90747,19112768
1788981049257589636,22557971,18517138,13836,3684532,90747,19112768
1788981049373443933,22558713,18517263,13836,3685137,90748,19112768
1788981049491627092,22559471,18517347,13836,3685811,90748,19112768
1788981049607134348,22560215,18517395,13836,3686495,90749,19112768
1788981049724371437,22560963,18517534,13836,3687098,90751,19112768
1788981049842343924,22561714,18517665,13836,3687721,90751,19112768
1788981049957484367,22562448,18517778,13836,3688336,90752,19112768
1788981050073233648,22563188,18517940,13836,3688912,90752,19112768
1788981050206089561,22564042,18518123,13836,3689573,90752,19112768
1788981050324459935,22564794,18518269,13836,3690178,90752,19112768
1788981050439348801,22565528,18518312,13836,3690868,90752,19112768
1788981050554874792,22566276,18518409,13836,3691508,90753,19112768
1788981050673085065,22567022,18518541,13836,3692127,90754,19112768
1788981050791059976,22567779,18518688,13836,3692729,90754,19112768
1788981050909173988,22568536,18518807,13836,3693364,90755,19112768
1788981051027006531,22569296,18518945,13836,3693973,90755,19112768
1788981051145513716,22570050,18519085,13836,3694590,90755,19112768
1788981051263860074,22570814,18519171,13836,3695255,90756,19112768
1788981051379243092,22571548,18519253,13836,3695903,90757,19112768
1788981051496143910,22572300,18519348,13836,3696552,90758,19112768
1788981051614083655,22573050,18519525,13836,3697124,90759,19112768
1788981051727307000,22573768,18519657,13836,3697711,90760,19112768
1788981051845458877,22574530,18519747,13836,3698372,90760,19112768
1788981051963446498,22575271,18519925,13836,3698942,90761,19112768
1788981052081447308,22576021,18520050,13836,3699568,90762,19112768
1788981052196775452,22576756,18520071,13836,3700286,90762,19112768
1788981052315256166,22577517,18520179,13836,3700927,90763,19112768
1788981052433371861,22578267,18520336,13836,3701520,90763,19112768
1788981052551413618,22579020,18520451,13836,3702152,90766,19112768
1788981052669254209,22579770,18520581,13836,3702773,90766,19112768
1788981052787140865,22580525,18520749,13836,3703355,90767,19112768
1788981052905325775,22581283,18520848,13836,3704007,90767,19112768
1788981053023373700,22582037,18520977,13836,3704629,90767,19112768
1788981053138853470,22582778,18521067,13836,3705276,90769,19112768
1788981053256747561,22583529,18521140,13836,3705954,90769,19112768
1788981053375026066,22584294,18521289,13836,3706555,90771,19112768
1788981053492365947,22585051,18521400,13836,3707188,90771,19112768
1788981053610298529,22585807,18521544,13836,3707797,90772,19112768
1788981053727943959,22586550,18521652,13836,3708436,90773,19112768
1788981053843254761,22587289,18521813,13836,3709007,90773,19112768
1788981053958543260,22588026,18521868,13836,3709691,90774,19112768
1788981054073515147,22588761,18522012,13836,3710276,90774,19112768
1788981054191686022,22589511,18522087,13836,3710953,90775,19112768
1788981054309524411,22590266,18522258,13836,3711530,90776,19112768
1788981054427617534,22591031,18522402,13836,3712136,90777,19112768
1788981054545449758,22591781,18522530,13836,3712755,90778,19112768
1788981054663859684,22592534,18522636,13836,3713403,90778,19112768
1788981054782894550,22593294,18522767,13836,3714029,90778,19112768
1788981054898041487,22594043,18522904,13836,3714624,90778,19112768
1788981055016104872,22594799,18523034,13836,3715246,90778,19112768
1788981055130516318,22595534,18523220,13836,3715790,90779,19112768
1788981055247139031,22596280,18523352,13836,3716395,90780,19112768
1788981055365104872,22597029,18523480,13836,3717019,90781,19112768
1788981055481764165,22597778,18523624,13836,3717618,90782,19112768
1788981055605454294,22598569,18523805,13836,3718225,90782,19112768
1788981055739172143,22599419,18523897,13836,3718977,90783,19112768
1788981055856917673,22600179,18523992,13836,3719632,90783,19112768
1788981055975272553,22600936,18524144,13836,3720232,90783,19112768
1788981056092144706,22601683,18524260,13836,3720861,90783,19112768
1788981056208644206,22602421,18524368,13836,3721496,90784,19112768
1788981056326940488,22603187,18524535,13836,3722077,90786,19112768
1788981056445462745,22603935,18524676,13836,3722686,90786,19112768
1788981056559439916,22604663,18524721,13836,3723368,90786,19112768
1788981056674383794,22605397,18524814,13836,3724006,90787,19112768
1788981056792421104,22606150,18524946,13836,3724624,90788,19112768
1788981056910432532,22606903,18525127,13836,3725191,90790,19112768
1788981057028507112,22607653,18525236,13836,3725834,90790,19112768
1788981057144193276,22608393,18525419,13836,3726387,90790,19112768
1788981057260566963,22609119,18525526,13836,3727023,90792,19112768
1788981057378675923,22609865,18525614,13836,3727686,90793,19112768
1788981057494121668,22610611,18525688,13836,3728342,90793,19112768
1788981057611434010,22611358,18525797,13836,3728978,90794,19112768
1788981057729451155,22612119,18525952,13836,3729576,90794,19112768
1788981057844741199,22612864,18526053,13836,3730212,90794,19112768
1788981057962062932,22613617,18526145,13836,3730865,90794,19112768
1788981058079952180,22614371,18526225,13836,3731536,90794,19112768
1788981058195262219,22615100,18526310,13836,3732182,90795,19112768
1788981058313975639,22615857,18526426,13836,3732828,90795,19112768
1788981058429231282,22616597,18526454,13836,3733530,90795,19112768
1788981058544227206,22617329,18526527,13836,3734186,90796,19112768
1788981058662160645,22618073,18526645,13836,3734818,90797,19112768
1788981058777333177,22618810,18526665,13836,3735530,90797,19112768
1788981058895366746,22619565,18526751,13836,3736196,90798,19112768
1788981059009974817,22620298,18526873,13836,3736805,90798,19112768
1788981059125120130,22621036,18526900,13836,3737510,90798,19112768
1788981059241089185,22621775,18527029,13836,3738119,90799,19112768
1788981059359047627,22622531,18527125,13836,3738774,90799,19112768
1788981059474542374,22623271,18527205,13836,3739431,90799,19112768
1788981059591594330,22624022,18527310,13836,3740071,90800,19112768
1788981059709533565,22624772,18527391,13836,3740741,90800,19112768
1788981059824778648,22625518,18527460,13836,3741403,90801,19112768
1788981059942716062,22626277,18527550,13836,3742064,90801,19112768
1788981060060598267,22627035,18527633,13836,3742733,90801,19112768
1788981060175724476,22627769,18527712,13836,3743384,90801,19112768
1788981060294271505,22628530,18527851,13836,3743998,90802,19112768
1788981060407137006,22629253,18527921,13836,3744645,90803,19112768
1788981060522305060,22629981,18528061,13836,3745236,90805,19112768
1788981060639366321,22630711,18528311,13836,3745709,90816,19112768
1788981060756542503,22631432,18528570,13836,3746168,90833,19112768
1788981060871554461,22632151,18528811,13836,3746588,90891,19112768
1788981060989078609,22632878,18529049,13836,3746859,91121,19112768
1788981061105051200,22633622,18529320,13836,3747307,91133,19112768
1788981061220926601,22634347,18529590,13836,3747744,91147,19112768
1788981061337643438,22635078,18529825,13836,3748229,91162,19112768
1788981061453951372,22635824,18530071,13836,3748698,91173,19112768
1788981061568584431,22636560,18530319,13836,3749155,91185,19112768
1788981061684756925,22637289,18530574,13836,3749610,91201,19112768
1788981061801091022,22638013,18530834,13836,3750063,91217,19112768
1788981061916683120,22638746,18531088,13836,3750525,91226,19112768
1788981062035125049,22639469,18531383,13836,3750965,91236,19112768
1788981062149967314,22640186,18531621,13836,3751430,91251,19112768
1788981062267235113,22640909,18531888,13836,3751879,91266,19112768
1788981062383054996,22641631,18532133,13836,3752342,91281,19112768
1788981062498112429,22642341,18532397,13836,3752786,91295,19112768
1788981062614397246,22643082,18532645,13836,3753253,91308,19112768
1788981062730248853,22643806,18532896,13836,3753716,91322,19112768
1788981062846441519,22644534,18533146,13836,3754180,91333,19112768
1788981062960740199,22645242,18533403,13836,3754628,91344,19112768
1788981063076073302,22645954,18533662,13836,3755076,91359,19112768
1788981063191337615,22646660,18533931,13836,3755518,91369,19112768
1788981063308587063,22647410,18534186,13836,3755989,91380,19112768
1788981063425869539,22648140,18534433,13836,3756463,91391,19112768
1788981063541319856,22648875,18534679,13836,3756923,91408,19112768
1788981063657072167,22649613,18534928,13836,3757378,91427,19112768
1788981063774170079,22650336,18535181,13836,3757774,91513,19112768
1788981063891091726,22651056,18535431,13836,3758241,91528,19112768
1788981064006924017,22651796,18535714,13836,3758675,91537,19112768
1788981064124619450,22652538,18535974,13836,3759139,91550,19112768
1788981064240543230,22653275,18536228,13836,3759598,91564,19112768
1788981064356749431,22653989,18536474,13836,3760063,91578,19112768
1788981064470207440,22654713,18536732,13836,3760504,91592,19112768
1788981064585935996,22655426,18537005,13836,3760943,91604,19112768
1788981064701057475,22656158,18537261,13836,3761393,91617,19112768
1788981064817938516,22656909,18537514,13836,3761861,91628,19112768
1788981064932222628,22657632,18537759,13836,3762317,91643,19112768
1788981065046076604,22658350,18538004,13836,3762770,91658,19112768
1788981065161511640,22659060,18538278,13836,3763203,91672,19112768
1788981065278445932,22659806,18538527,13836,3763675,91685,19112768
1788981065393870363,22660542,18538791,13836,3764120,91699,19112768
1788981065509693899,22661278,18539052,13836,3764574,91710,19112768
1788981065625110890,22662017,18539323,13836,3765008,91727,19112768
1788981065740911722,22662737,18539565,13836,3765480,91740,19112768
1788981065857576545,22663471,18539845,13836,3765915,91752,19112768
1788981065973952967,22664225,18540096,13836,3766382,91762,19112768
1788981066091365335,22664959,18540353,13836,3766851,91773,19112768
1788981066208916751,22665693,18540612,13836,3767312,91788,19112768
1788981066323708547,22666407,18540893,13836,3767742,91798,19112768
1788981066440261113,22667150,18541156,13836,3768130,91876,19112768
1788981066557290513,22667887,18541420,13836,3768588,91885,19112768
1788981066673611342,22668623,18541716,13836,3769008,91899,19112768
1788981066788885333,22669345,18541963,13836,3769474,91908,19112768
1788981066905648568,22670047,18542207,13836,3769950,91919,19112768
1788981067023126712,22670780,18542444,13836,3770431,91935,19112768
1788981067138720758,22671530,18542707,13836,3770879,91947,19112768
1788981067253933310,22672242,18542976,13836,3771315,91962,19112768
1788981067370161031,22672962,18543229,13836,3771776,91975,19112768
1788981067486676363,22673690,18543478,13836,3772245,91990,19112768
1788981067600348173,22674385,18543751,13836,3772673,92001,19112768
1788981067716555243,22675097,18544007,13836,3773130,92015,19112768
1788981067832048000,22675826,18544278,13836,3773569,92027,19112768
1788981067947002045,22676540,18544540,13836,3774015,92038,19112768
1788981068064304780,22677290,18544802,13836,3774478,92052,19112768
1788981068178877461,22678023,18545029,13836,3774958,92060,19112768
1788981068295070605,22678750,18545278,13836,3775420,92075,19112768
1788981068411774207,22679496,18545543,13836,3775876,92088,19112768
1788981068527396810,22680225,18545818,13836,3776313,92101,19112768
1788981068644227139,22680952,18546090,13836,3776757,92116,19112768
1788981068759606682,22681684,18546349,13836,3777202,92131,19112768
1788981068876737177,22682439,18546595,13836,3777682,92140,19112768
1788981068993805363,22683172,18546849,13836,3778146,92153,19112768
1788981069109373712,22683893,18547093,13836,3778607,92171,19112768
1788981069225021477,22684609,18547342,13836,3779006,92249,19112768
1788981069340452867,22685326,18547640,13836,3779420,92260,19112768
1788981069455931528,22686053,18547921,13836,3779852,92271,19112768
1788981069571759125,22686780,18548158,13836,3780334,92281,19112768
1788981069688189552,22687526,18548449,13836,3780752,92299,19112768
1788981069802403583,22688253,18548694,13836,3781209,92312,19112768
1788981069919026607,22688989,18548948,13836,3781668,92326,19112768
1788981070037511485,22689735,18549212,13836,3782133,92339,19112768
1788981070153782769,22690460,18549479,13836,3782580,92353,19112768
1788981070269337637,22691184,18549712,13836,3783060,92364,19112768
1788981070385126594,22691902,18549949,13836,3783532,92383,19112768
1788981070499917842,22692603,18550193,13836,3783988,92398,19112768
1788981070613463592,22693309,18550448,13836,3784428,92413,19112768
1788981070729748410,22694034,18550697,13836,3784897,92427,19112768
1788981070846698826,22694770,18550964,13836,3785354,92438,19112768
1788981070965887020,22695500,18551208,13836,3785837,92450,19112768
1788981071082718921,22696236,18551451,13836,3786316,92459,19112768
1788981071199470720,22696975,18551696,13836,3786787,92470,19112768
1788981071313071099,22697674,18551960,13836,3787225,92482,19112768
1788981071429622248,22698412,18552231,13836,3787670,92496,19112768
1788981071545578107,22699134,18552470,13836,3788147,92507,19112768
1788981071663244304,22699881,18552730,13836,3788608,92521,19112768
1788981071778565739,22700631,18552979,13836,3789072,92534,19112768
1788981071893547833,22701345,18553258,13836,3789497,92546,19112768
1788981072008837506,22702075,18553504,13836,3789899,92621,19112768
1788981072124044797,22702818,18553773,13836,3790338,92634,19112768
1788981072239914372,22703542,18554047,13836,3790782,92648,19112768
1788981072359296605,22704295,18554285,13836,3791271,92664,19112768
1788981072474222528,22705032,18554551,13836,3791714,92674,19112768
1788981072589360812,22705752,18554792,13836,3792181,92687,19112768
1788981072703148398,22706470,18555046,13836,3792630,92697,19112768
1788981072819358653,22707208,18555296,13836,3793094,92712,19112768
1788981072934888948,22707939,18555524,13836,3793576,92725,19112768
1788981073048830620,22708631,18555771,13836,3794027,92740,19112768
1788981073163562775,22709367,18556014,13836,3794490,92755,19112768
1788981073277261236,22710082,18556316,13836,3794889,92769,19112768
1788981073392741188,22710795,18556576,13836,3795337,92781,19112768
1788981073508351440,22711520,18556841,13836,3795781,92796,19112768
1788981073625844803,22712263,18557060,13836,3796279,92813,19112768
1788981073739929470,22712972,18557311,13836,3796729,92826,19112768
1788981073853916783,22713700,18557561,13836,3797178,92840,19112768
1788981073970526723,22714422,18557843,13836,3797614,92856,19112768
1788981074086570196,22715155,18558131,13836,3798037,92870,19112768
1788981074202063131,22715869,18558394,13836,3798487,92883,19112768
1788981074318846106,22716595,18558665,13836,3798932,92896,19112768
1788981074434275972,22717310,18558909,13836,3799398,92908,19112768
1788981074551085281,22718062,18559152,13836,3799870,92925,19112768
1788981074665636862,22718790,18559401,13836,3800328,92937,19112768
1788981074779154298,22719514,18559653,13836,3800776,92949,19112768
1788981074894947553,22720231,18559893,13836,3801247,92958,19112768
1788981075009128853,22720953,18560138,13836,3801706,92971,19112768
1788981075126094383,22721709,18560410,13836,3802154,92981,19112768
1788981075241480723,22722438,18560670,13836,3802607,92995,19112768
1788981075356182416,22723165,18560914,13836,3803068,93007,19112768
1788981075472951696,22723898,18561145,13836,3803478,93095,19112768
1788981075589711483,22724645,18561393,13836,3803951,93106,19112768
1788981075706257531,22725365,18561610,13836,3804452,93115,19112768
1788981075819809694,22726076,18561849,13836,3804910,93132,19112768
1788981075936291481,22726811,18562091,13836,3805386,93145,19112768
1788981076051848397,22727520,18562348,13836,3805843,93157,19112768
1788981076168032637,22728247,18562607,13836,3806293,93173,19112768
1788981076283925000,22728958,18562870,13836,3806738,93185,19112768
1788981076401591634,22729715,18563101,13836,3807238,93196,19112768
1788981076516585089,22730440,18563342,13836,3807697,93211,19112768
1788981076631302870,22731142,18563593,13836,3808153,93223,19112768
1788981076748141819,22731873,18563856,13836,3808611,93236,19112768
1788981076864287509,22732589,18564125,13836,3809054,93247,19112768
1788981076979137281,22733312,18564387,13836,3809500,93258,19112768
1788981077093643110,22734051,18564605,13836,3809992,93267,19112768
1788981077209463185,22734779,18564866,13836,3810442,93281,19112768
1788981077325831285,22735505,18565113,13836,3810906,93296,19112768
1788981077442375465,22736232,18565362,13836,3811377,93306,19112768
1788981077558285048,22736961,18565617,13836,3811835,93320,19112768
1788981077674598656,22737684,18565871,13836,3812298,93329,19112768
1788981077788585895,22738428,18566108,13836,3812765,93340,19112768
1788981077904011132,22739156,18566372,13836,3813209,93352,19112768
1788981078018797004,22739862,18566628,13836,3813656,93368,19112768
1788981078136325470,22740613,18566872,13836,3814076,93441,19112768
1788981078250743151,22741337,18567131,13836,3814524,93450,19112768
1788981078366903833,22742089,18567383,13836,3814991,93462,19112768
1788981078482835934,22742825,18567614,13836,3815474,93472,19112768
1788981078600163499,22743557,18567858,13836,3815951,93482,19112768
1788981078715111027,22744275,18568102,13836,3816414,93495,19112768
1788981078831454604,22744983,18568344,13836,3816890,93507,19112768
1788981078948797220,22745717,18568617,13836,3817336,93518,19112768
1788981079065070345,22746459,18568868,13836,3817800,93530,19112768
1788981079179817704,22747178,18569093,13836,3818285,93541,19112768
1788981079295399844,22747896,18569361,13836,3818730,93552,19112768
1788981079412293060,22748616,18569622,13836,3819190,93564,19112768
1788981079527748398,22749341,18569888,13836,3819627,93581,19112768
1788981079644025556,22750081,18570176,13836,3820053,93595,19112768
1788981079757838347,22750785,18570504,13836,3820427,93609,19112768
1788981079875288819,22751521,18570746,13836,3820909,93620,19112768
1788981079991398450,22752251,18570987,13836,3821385,93632,19112768
1788981080107084463,22752969,18571247,13836,3821835,93644,19112768
1788981080223246672,22753707,18571494,13836,3822300,93657,19112768
1788981080340527790,22754461,18571757,13836,3822759,93670,19112768
1788981080455291194,22755178,18572096,13836,3823129,93680,19112768
1788981080576568494,22755927,18572343,13836,3823635,93689,19112768
1788981080692511358,22756682,18572585,13836,3824105,93703,19112768
1788981080808091860,22757416,18572859,13836,3824540,93716,19112768
1788981080922775370,22758137,18573123,13836,3824909,93804,19112768
1788981081039602087,22758869,18573369,13836,3825375,93820,19112768
1788981081154521485,22759616,18573606,13836,3825857,93829,19112768
1788981081274092117,22760365,18573845,13836,3826349,93843,19112768
1788981081390678967,22761084,18574082,13836,3826829,93854,19112768
1788981081505111480,22761789,18574326,13836,3827285,93866,19112768
1788981081619919137,22762505,18574564,13836,3827755,93876,19112768
1788981081736358804,22763240,18574803,13836,3828227,93891,19112768
1788981081851335896,22763971,18575047,13836,3828695,93901,19112768
1788981081968367347,22764702,18575296,13836,3829170,93913,19112768
1788981082083743791,22765425,18575563,13836,3829608,93927,19112768
1788981082198356551,22766160,18575806,13836,3830064,93944,19112768
1788981082311875599,22766866,18576093,13836,3830477,93956,19112768
1788981082426359707,22767590,18576346,13836,3830928,93967,19112768
1788981082541376028,22768314,18576560,13836,3831426,93976,19112768
1788981082655932198,22769034,18576815,13836,3831880,93986,19112768
1788981082772910507,22769761,18577076,13836,3832343,93997,19112768
1788981082888859248,22770484,18577327,13836,3832802,94010,19112768
1788981083005027550,22771219,18577574,13836,3833264,94024,19112768
1788981083121050936,22771944,18577823,13836,3833738,94033,19112768
1788981083234634333,22772663,18578076,13836,3834184,94042,19112768
1788981083351445136,22773414,18578320,13836,3834660,94053,19112768
1788981083466942711,22774143,18578572,13836,3835122,94063,19112768
1788981083582450713,22774872,18578813,13836,3835589,94077,19112768
1788981083697895327,22775575,18579102,13836,3836007,94090,19112768
1788981083813880775,22776297,18579360,13836,3836464,94100,19112768
1788981083929899352,22777049,18579584,13836,3836962,94111,19112768
1788981084044879523,22777800,18579843,13836,3837408,94120,19112768
1788981084161513236,22778538,18580104,13836,3837865,94134,19112768
1788981084276820523,22779259,18580352,13836,3838329,94142,19112768
1788981084392763734,22779979,18580605,13836,3838716,94230,19112768
1788981084507691632,22780711,18580875,13836,3839154,94239,19112768
1788981084623583450,22781454,18581142,13836,3839608,94247,19112768
1788981084738920377,22782189,18581403,13836,3840053,94262,19112768
1788981084854905379,22782918,18581659,13836,3840509,94275,19112768
1788981084971232588,22783657,18581916,13836,3840969,94287,19112768
1788981085085951688,22784373,18582198,13836,3841394,94298,19112768
1788981085200386545,22785096,18582464,13836,3841836,94308,19112768
1788981085316073506,22785831,18582714,13836,3842294,94325,19112768
1788981085432919381,22786562,18582981,13836,3842748,94336,19112768
1788981085548744303,22787280,18583240,13836,3843199,94350,19112768
1788981085664212608,22788006,18583507,13836,3843638,94366,19112768
1788981085780828208,22788751,18583772,13836,3844091,94378,19112768
1788981085895365969,22789448,18584070,13836,3844502,94388,19112768
1788981086010334939,22790162,18584362,13836,3844920,94402,19112768
1788981086126878556,22790918,18584611,13836,3845386,94414,19112768
1788981086240600506,22791630,18584880,13836,3845820,94425,19112768
1788981086355680369,22792344,18585168,13836,3846241,94436,19112768
1788981086470581115,22793070,18585420,13836,3846694,94448,19112768
1788981086585601844,22793784,18585695,13836,3847127,94461,19112768
1788981086701295928,22794494,18585935,13836,3847602,94475,19112768
1788981086815659087,22795213,18586188,13836,3848051,94486,19112768
1788981086932705462,22795960,18586447,13836,3848513,94499,19112768
1788981087047619584,22796694,18586717,13836,3848948,94513,19112768
1788981087163033205,22797421,18586957,13836,3849349,94593,19112768
1788981087277853623,22798148,18587212,13836,3849801,94605,19112768
1788981087395401611,22798871,18587450,13836,3850287,94618,19112768
1788981087511692535,22799610,18587720,13836,3850728,94634,19112768
1788981087627806230,22800350,18587974,13836,3851190,94646,19112768
1788981087743691666,22801067,18588231,13836,3851649,94656,19112768
1788981087858402653,22801776,18588488,13836,3852095,94670,19112768
1788981087972073004,22802483,18588791,13836,3852487,94681,19112768
1788981088086174502,22803194,18589065,13836,3852921,94690,19112768
1788981088200309443,22803913,18589320,13836,3853374,94701,19112768
1788981088316117314,22804654,18589564,13836,3853839,94714,19112768
1788981088432009016,22805371,18589811,13836,3854301,94730,19112768
1788981088547731948,22806099,18590058,13836,3854765,94742,19112768
1788981088662145392,22806813,18590298,13836,3855229,94754,19112768
1788981088777927997,22807536,18590536,13836,3855705,94765,19112768
1788981088891883945,22808244,18590794,13836,3856153,94774,19112768
1788981089008463737,22808964,18591038,13836,3856626,94787,19112768
1788981089123883655,22809685,18591280,13836,3857090,94802,19112768
1788981089238916661,22810410,18591541,13836,3857535,94816,19112768
1788981089352636374,22811138,18591817,13836,3857961,94826,19112768
1788981089469440602,22811875,18592041,13836,3858457,94837,19112768
1788981089585061441,22812622,18592323,13836,3858886,94851,19112768
1788981089699878328,22813348,18592573,13836,3859338,94867,19112768
1788981089816306081,22814062,18592821,13836,3859802,94881,19112768
1788981089934072987,22814811,18593073,13836,3860219,94951,19112768
1788981090051107943,22815545,18593331,13836,3860679,94964,19112768
1788981090167341549,22816286,18593581,13836,3861152,94970,19112768
1788981090280959922,22816980,18593822,13836,3861612,94982,19112768
1788981090397801447,22817714,18594066,13836,3862087,94997,19112768
1788981090513602747,22818440,18594299,13836,3862561,95012,19112768
1788981090629933853,22819153,18594567,13836,3863007,95027,19112768
1788981090746040345,22819893,18594820,13836,3863468,95036,19112768
1788981090863003775,22820621,18595070,13836,3863942,95046,19112768
1788981090978519385,22821347,18595318,13836,3864405,95059,19112768
1788981091094262162,22822072,18595577,13836,3864856,95073,19112768
1788981091210848703,22822819,18595829,13836,3865321,95085,19112768
1788981091324912147,22823535,18596110,13836,3865745,95095,19112768
1788981091442066473,22824277,18596416,13836,3866157,95112,19112768
1788981091556614897,22825002,18596657,13836,3866627,95120,19112768
1788981091672517168,22825736,18596901,13836,3867089,95138,19112768
1788981091789190505,22826465,18597160,13836,3867551,95151,19112768
1788981091904715680,22827203,18597396,13836,3868023,95163,19112768
1788981092019027254,22827917,18597643,13836,3868481,95178,19112768
1788981092135141622,22828652,18597933,13836,3868896,95196,19112768
1788981092251922401,22829383,18598176,13836,3869374,95207,19112768
1788981092367808487,22830122,18598422,13836,3869842,95218,19112768
1788981092481448845,22830829,18598681,13836,3870279,95233,19112768
1788981092597825372,22831552,18598938,13836,3870737,95247,19112768
1788981092718036683,22832322,18599179,13836,3871169,95325,19112768
1788981092834689333,22833048,18599457,13836,3871608,95337,19112768
1788981092950937041,22833775,18599739,13836,3872043,95350,19112768
1788981093064372522,22834485,18599995,13836,3872492,95359,19112768
1788981093179839642,22835210,18600244,13836,3872948,95374,19112768
1788981093294950429,22835940,18600494,13836,3873406,95387,19112768
1788981093411018415,22836666,18600765,13836,3873844,95407,19112768
1788981093527075018,22837410,18601040,13836,3874280,95420,19112768
1788981093645136104,22838160,18601273,13836,3874778,95429,19112768
1788981093760506775,22838885,18601533,13836,3875229,95441,19112768
1788981093876480072,22839616,18601794,13836,3875680,95456,19112768
1788981093991896420,22840342,18602042,13836,3876142,95470,19112768
1788981094108674675,22841064,18602307,13836,3876586,95488,19112768
1788981094225081814,22841786,18602565,13836,3877047,95499,19112768
1788981094341384867,22842530,18603149,13836,3877186,95505,19139520
1788981094458755392,22843273,18603598,13836,3877478,95507,19148352
1788981094581192751,22844064,18603680,13836,3878172,95508,19148352
1788981094699303263,22844819,18603769,13836,3878834,95509,19148352
1788981094814454139,22845551,18603851,13836,3879482,95509,19148352
1788981094932495634,22846304,18603978,13836,3880106,95510,19148352
1788981095050468367,22847058,18604125,13836,3880710,95510,19148352
1788981095165418137,22847788,18604237,13836,3881330,95510,19148352
1788981095283068700,22848545,18604368,13836,3881949,95510,19148352
1788981095401164078,22849300,18604524,13836,3882545,95510,19148352
1788981095516272925,22850044,18604632,13836,3883169,95510,19148352
1788981095633574865,22850788,18604771,13836,3883780,95510,19148352
1788981095751850670,22851547,18604892,13836,3884410,95512,19148352
1788981095867182741,22852282,18605002,13836,3885032,95513,19148352
1788981095985253171,22853039,18605208,13836,3885575,95514,19148352
1788981096103418576,22853795,18605373,13836,3886162,95514,19148352
1788981096218459352,22854534,18605509,13836,3886758,95515,19148352
1788981096336557696,22855291,18605626,13836,3887396,95516,19148352
1788981096454747926,22856045,18605723,13836,3888050,95516,19148352
1788981096570204477,22856781,18605824,13836,3888680,95516,19148352
1788981096688055009,22857536,18605952,13836,3889303,95517,19148352
1788981096806198289,22858292,18606085,13836,3889921,95517,19148352
1788981096920745461,22859026,18606156,13836,3890581,95518,19148352
1788981097038896509,22859785,18606273,13836,3891216,95518,19148352
1788981097157177831,22860534,18606354,13836,3891884,95518,19148352
1788981097272172995,22861274,18606420,13836,3892550,95519,19148352
1788981097390624627,22862026,18606511,13836,3893215,95519,19148352
1788981097508823071,22862778,18606615,13836,3893862,95519,19148352
1788981097623870229,22863511,18606706,13836,3894499,95520,19148352
1788981097739338525,22864248,18606804,13836,3895132,95521,19148352
1788981097857285368,22865008,18606891,13836,3895798,95521,19148352
1788981097972152123,22865740,18606962,13836,3896460,95521,19148352
1788981098090537772,22866496,18607050,13836,3897127,95521,19148352
1788981098208418242,22867242,18607233,13836,3897688,95522,19148352
1788981098325003697,22867987,18607346,13836,3898318,95523,19148352
1788981098441809809,22868736,18607442,13836,3898966,95523,19148352
1788981098559722136,22869497,18607602,13836,3899555,95524,19148352
1788981098677733419,22870259,18607791,13836,3900122,95524,19148352
1788981098794346884,22871002,18607857,13836,3900790,95525,19148352
1788981098909052193,22871735,18607984,13836,3901394,95525,19148352
1788981099027518078,22872487,18608156,13836,3901979,95525,19148352
1788981099146125920,22873242,18608331,13836,3902554,95527,19148352
1788981099264439216,22874005,18608553,13836,3903082,95527,19148352
1788981099382579589,22874755,18608746,13836,3903644,95528,19148352
1788981099500079873,22875505,18608964,13836,3904170,95529,19148352
1788981099617789764,22876257,18609169,13836,3904716,95529,19148352
1788981099733418750,22876998,18609254,13836,3905365,95529,19148352
1788981099850019908,22877759,18609382,13836,3905979,95530,19148352
1788981099968153485,22878512,18609575,13836,3906537,95530,19148352
1788981100086465290,22879267,18609721,13836,3907144,95530,19148352
1788981100203486303,22880014,18609849,13836,3907758,95531,19148352
1788981100321532871,22880776,18609981,13836,3908383,95531,19148352
1788981100437817629,22881520,18610126,13836,3908975,95531,19148352
1788981100556046791,22882284,18610261,13836,3909590,95532,19148352
1788981100671340983,22883013,18610338,13836,3910245,95533,19148352
1788981100785618087,22883743,18610488,13836,3910824,95534,19148352
1788981100900921674,22884488,18610632,13836,3911414,95534,19148352
1788981101019202047,22885241,18610810,13836,3911985,95534,19148352
1788981101137404795,22885996,18610902,13836,3912649,95534,19148352
1788981101253082436,22886747,18611048,13836,3913236,95535,19148352
1788981101370341903,22887492,18611155,13836,3913873,95535,19148352
1788981101488307979,22888253,18611234,13836,3914546,95535,19148352
1788981101603695713,22889000,18611299,13836,3915217,95535,19148352
1788981101721643511,22889760,18611407,13836,3915860,95535,19148352
1788981101839718108,22890510,18611563,13836,3916455,95536,19148352
1788981101957889995,22891276,18611657,13836,3917112,95536,19148352
1788981102074266899,22892016,18611792,13836,3917715,95536,19148352
1788981102192690531,22892769,18611926,13836,3918336,95538,19148352
1788981102310776438,22893525,18612049,13836,3918964,95538,19148352
1788981102427250257,22894266,18612084,13836,3919669,95538,19148352
1788981102542452842,22895000,18612173,13836,3920310,95539,19148352
1788981102660316324,22895756,18612301,13836,3920935,95540,19148352
1788981102778222537,22896509,18612413,13836,3921570,95541,19148352
1788981102896619332,22897267,18612530,13836,3922210,95541,19148352
1788981103014713884,22898029,18612695,13836,3922795,95542,19148352
1788981103133056474,22898791,18612780,13836,3923460,95542,19148352
1788981103249658854,22899532,18612910,13836,3924075,95542,19148352
1788981103365075484,22900276,18612939,13836,3924780,95542,19148352
1788981103481934001,22901018,18613046,13836,3925415,95543,19148352
1788981103598045138,22901759,18613155,13836,3926044,95544,19148352
1788981103722120465,22902531,18613292,13836,3926695,95544,19148352
1788981103854050224,22903368,18613447,13836,3927379,95546,19148352
1788981103975156626,22904138,18613637,13836,3927956,95546,19148352
1788981104098046421,22904923,18613730,13836,3928647,95546,19148352
1788981104213424584,22905663,18613830,13836,3929280,95546,19148352
1788981104336702777,22906445,18613936,13836,3929961,95547,19148352
1788981104454811653,22907208,18614066,13836,3930584,95547,19148352
1788981104573689527,22907961,18614215,13836,3931186,95549,19148352
1788981104691308642,22908710,18614324,13836,3931821,95550,19148352
1788981104809088014,22909456,18614445,13836,3932452,95550,19148352
1788981104925803313,22910212,18614538,13836,3933103,95550,19148352
1788981105042718813,22910955,18614674,13836,3933710,95551,19148352
1788981105157895577,22911702,18614711,13836,3934406,95551,19148352
1788981105275891239,22912456,18614795,13836,3935072,95551,19148352
1788981105389556848,22913179,18614940,13836,3935652,95551,19148352
1788981105507745975,22913940,18615074,13836,3936267,95552,19148352
1788981105625924304,22914694,18615191,13836,3936902,95552,19148352
1788981105742047969,22915448,18615344,13836,3937486,95552,19148352
1788981105859275220,22916196,18615468,13836,3938106,95553,19148352
1788981105977314751,22916956,18615559,13836,3938767,95553,19148352
1788981106092437342,22917686,18615630,13836,3939427,95553,19148352
1788981106210483423,22918439,18615728,13836,3940086,95554,19148352
1788981106328683741,22919194,18615861,13836,3940704,95554,19148352
1788981106446556321,22919945,18615957,13836,3941355,95555,19148352
1788981106560233193,22920675,18616115,13836,3941919,95555,19148352
1788981106678413821,22921429,18616253,13836,3942529,95556,19148352
1788981106796564584,22922186,18616358,13836,3943180,95556,19148352
1788981106909669943,22922910,18616405,13836,3943856,95556,19148352
1788981107024740689,22923649,18616487,13836,3944503,95557,19148352
1788981107142938501,22924406,18616612,13836,3945130,95557,19148352
1788981107260753302,22925161,18616753,13836,3945738,95557,19148352
1788981107378173599,22925924,18616872,13836,3946364,95557,19148352
1788981107496101522,22926681,18617014,13836,3946975,95558,19148352
1788981107612938129,22927433,18617165,13836,3947565,95558,19148352
1788981107731058141,22928185,18617306,13836,3948174,95558,19148352
1788981107855398622,22928976,18617335,13836,3948936,95559,19148352
1788981107971871942,22929727,18617444,13836,3949571,95559,19148352
1788981108088526205,22930475,18617551,13836,3950209,95559,19148352
1788981108206462136,22931227,18617695,13836,3950808,95560,19148352
1788981108324360988,22931985,18617827,13836,3951428,95560,19148352
1788981108441951890,22932732,18617976,13836,3952026,95562,19148352
1788981108560394195,22933491,18618075,13836,3952678,95562,19148352
1788981108678549142,22934241,18618160,13836,3953351,95562,19148352
1788981108793917502,22934985,18618233,13836,3954007,95562,19148352
1788981108912034325,22935739,18618354,13836,3954639,95562,19148352
1788981109030019138,22936492,18618495,13836,3955247,95563,19148352
1788981109146188808,22937240,18618610,13836,3955872,95564,19148352
1788981109263517782,22937995,18618704,13836,3956527,95564,19148352
1788981109381369853,22938739,18618859,13836,3957114,95566,19148352
1788981109499463063,22939494,18619018,13836,3957706,95566,19148352
1788981109614129665,22940229,18619077,13836,3958379,95566,19148352
1788981109729371016,22940966,18619176,13836,3959010,95567,19148352
1788981109847407976,22941722,18619337,13836,3959585,95586,19148352
1788981109967494103,22942487,18619474,13836,3960200,95597,19148352
1788981110085884470,22943244,18619596,13836,3960791,95636,19148352
1788981110204044467,22944000,18619683,13836,3961425,95667,19148352
1788981110319882430,22944739,18619817,13836,3961993,95703,19148352
1788981110438138027,22945491,18619954,13836,3962576,95734,19148352
1788981110552337240,22946220,18619983,13836,3963275,95734,19148352
1788981110667900078,22946958,18620087,13836,3963873,95770,19148352
1788981110786288054,22947714,18620218,13836,3964454,95809,19148352
1788981110904154572,22948460,18620333,13836,3965056,95842,19148352
1788981111023494456,22949218,18620421,13836,3965700,95867,19148352
1788981111141608860,22949977,18620551,13836,3966327,95868,19148352
1788981111259236135,22950736,18620665,13836,3966958,95869,19148352
1788981111375485595,22951477,18620776,13836,3967583,95870,19148352
1788981111490757074,22952211,18620814,13836,3968284,95870,19148352
1788981111606088917,22952939,18620938,13836,3968893,95871,19148352
1788981111723351303,22953686,18621028,13836,3969545,95872,19148352
1788981111841409942,22954445,18621191,13836,3970132,95872,19148352
1788981111959360616,22955203,18621339,13836,3970735,95872,19148352
1788981112077431593,22955956,18621498,13836,3971325,95873,19148352
1788981112195062431,22956714,18621577,13836,3971997,95874,19148352
1788981112313079270,22957468,18621651,13836,3972674,95875,19148352
1788981112427890948,22958205,18621712,13836,3973340,95875,19148352
1788981112545769640,22958957,18621803,13836,3974001,95875,19148352
1788981112663839853,22959711,18621950,13836,3974605,95876,19148352
1788981112776944193,22960434,18622082,13836,3975191,95876,19148352
1788981112894741606,22961186,18622182,13836,3975842,95877,19148352
1788981113012688167,22961940,18622325,13836,3976449,95877,19148352
1788981113130833947,22962696,18622477,13836,3977048,95877,19148352
1788981113246255489,22963438,18622510,13836,3977749,95877,19148352
1788981113361449382,22964173,18622587,13836,3978402,95877,19148352
1788981113479506113,22964937,18622716,13836,3979023,95877,19148352
1788981113597278815,22965694,18622838,13836,3979650,95878,19148352
1788981113715253842,22966452,18622948,13836,3980291,95878,19148352
1788981113833249425,22967203,18623100,13836,3980890,95878,19148352
1788981113948664776,22967947,18623242,13836,3981486,95878,19148352
1788981114067270864,22968715,18623326,13836,3982153,95878,19148352
1788981114183319102,22969459,18623370,13836,3982850,95879,19148352
1788981114296037301,22970175,18623517,13836,3983420,95880,19148352
1788981114414747527,22970931,18623601,13836,3984093,95880,19148352
1788981114533106042,22971684,18623731,13836,3984713,95880,19148352
1788981114651158706,22972444,18623896,13836,3985298,95880,19148352
1788981114769307580,22973195,18624016,13836,3985929,95880,19148352
1788981114886790435,22973944,18624107,13836,3986588,95880,19148352
1788981115004737174,22974697,18624185,13836,3987261,95881,19148352
1788981115120043417,22975439,18624255,13836,3987923,95881,19148352
1788981115236052142,22976181,18624394,13836,3988521,95882,19148352
1788981115354140920,22976933,18624544,13836,3989122,95883,19148352
1788981115471450379,22977673,18624637,13836,3989775,95884,19148352
1788981115587632973,22978418,18624750,13836,3990403,95884,19148352
1788981115705757399,22979166,18624873,13836,3991029,95885,19148352
1788981115823673700,22979926,18625009,13836,3991645,95885,19148352
1788981115938966051,22980669,18625030,13836,3992358,95885,19148352
1788981116054323113,22981405,18625117,13836,3992999,95886,19148352
1788981116172685804,22982152,18625281,13836,3993592,95886,19148352
1788981116288143106,22982893,18625308,13836,3994299,95886,19148352
1788981116403238861,22983627,18625391,13836,3994945,95888,19148352
1788981116521277330,22984380,18625525,13836,3995562,95888,19148352
1788981116636578602,22985116,18625548,13836,3996278,95888,19148352
1788981116751709967,22985856,18625635,13836,3996922,95888,19148352
1788981116869711000,22986608,18625779,13836,3997528,95889,19148352
1788981116984820233,22987343,18625822,13836,3998219,95889,19148352
1788981117101234061,22988092,18625907,13836,3998871,95890,19148352
1788981117219212336,22988850,18626036,13836,3999493,95890,19148352
1788981117334491565,22989586,18626056,13836,4000211,95890,19148352
1788981117453041430,22990340,18626146,13836,4000870,95890,19148352
1788981117569954043,22991084,18626269,13836,4001492,95890,19148352
1788981117685349538,22991813,18626295,13836,4002199,95891,19148352
1788981117802508184,22992558,18626414,13836,4002826,95891,19148352
1788981117916185671,22993286,18626555,13836,4003407,95892,19148352
1788981118031809711,22994021,18626581,13836,4004120,95893,19148352
1788981118148934428,22994764,18626679,13836,4004765,95894,19148352
1788981118264864264,22995508,18626828,13836,4005353,95894,19148352
1788981118380316100,22996243,18626854,13836,4006060,95894,19148352
1788981118498119329,22997007,18626964,13836,4006701,95894,19148352
1788981118614033005,22997748,18627071,13836,4007331,95894,19148352
1788981118729290576,22998487,18627121,13836,4008014,95894,19148352
1788981118844893230,22999231,18627260,13836,4008613,95895,19148352
1788981118957251041,22999954,18627375,13836,4009210,95895,19148352
1788981119072743809,23000691,18627403,13836,4009922,95895,19148352
1788981119190085477,23001425,18627599,13836,4010458,95901,19148352
1788981119305157432,23002174,18627899,13836,4010873,95913,19148352
1788981119420276399,23002910,18628143,13836,4011332,95928,19148352
1788981119536525641,23003634,18628401,13836,4011783,95941,19148352
1788981119650090482,23004364,18628618,13836,4012058,96164,19148352
1788981119765892484,23005083,18628869,13836,4012516,96183,19148352
1788981119882868098,23005823,18629100,13836,4013007,96194,19148352
1788981119997725725,23006546,18629337,13836,4013473,96210,19148352
1788981120114020551,23007272,18629633,13836,4013890,96227,19148352
1788981120230575171,23008001,18629914,13836,4014324,96241,19148352
1788981120345708462,23008720,18630174,13836,4014772,96253,19148352
1788981120461493621,23009444,18630426,13836,4015229,96269,19148352
1788981120578227270,23010168,18630662,13836,4015709,96282,19148352
1788981120695306465,23010900,18630906,13836,4016188,96293,19148352
1788981120811086295,23011621,18631190,13836,4016620,96304,19148352
1788981120926857529,23012341,18631451,13836,4017069,96318,19148352
1788981121040587168,23013075,18631718,13836,4017502,96330,19148352
1788981121155778774,23013807,18632025,13836,4017903,96343,19148352
1788981121271170936,23014551,18632262,13836,4018384,96352,19148352
1788981121385688990,23015268,18632532,13836,4018812,96367,19148352
1788981121501148266,23016005,18632764,13836,4019292,96377,19148352
1788981121617083089,23016748,18633020,13836,4019749,96389,19148352
1788981121732230740,23017481,18633272,13836,4020134,96474,19148352
1788981121848240509,23018212,18633550,13836,4020568,96486,19148352
1788981121965357424,23018947,18633797,13836,4021053,96494,19148352
1788981122080864397,23019659,18634042,13836,4021518,96505,19148352
1788981122195670291,23020380,18634302,13836,4021966,96516,19148352
1788981122311382749,23021093,18634539,13836,4022439,96529,19148352
1788981122427527898,23021833,18634807,13836,4022879,96547,19148352
1788981122543671676,23022569,18635057,13836,4023342,96561,19148352
1788981122659031687,23023300,18635301,13836,4023809,96572,19148352
1788981122774676962,23024011,18635562,13836,4024261,96586,19148352
1788981122890606492,23024728,18635802,13836,4024732,96598,19148352
1788981123005706100,23025440,18636053,13836,4025191,96610,19148352
1788981123122789014,23026159,18636329,13836,4025636,96619,19148352
1788981123236655357,23026865,18636610,13836,4026054,96634,19148352
1788981123350867633,23027582,18636835,13836,4026535,96645,19148352
1788981123465668012,23028312,18637092,13836,4026985,96656,19148352
1788981123583065764,23029041,18637328,13836,4027471,96668,19148352
1788981123698801007,23029773,18637569,13836,4027942,96682,19148352
1788981123815404805,23030515,18637846,13836,4028382,96695,19148352
1788981123930715119,23031248,18638133,13836,4028804,96705,19148352
1788981124046392399,23031982,18638386,13836,4029265,96716,19148352
1788981124160816339,23032712,18638619,13836,4029736,96729,19148352
1788981124275502972,23033433,18638897,13836,4030164,96741,19148352
1788981124392442549,23034191,18639151,13836,4030632,96752,19148352
1788981124507313241,23034912,18639403,13836,4031024,96830,19148352
1788981124623964242,23035644,18639653,13836,4031490,96841,19148352
1788981124741586886,23036380,18639894,13836,4031977,96852,19148352
1788981124856510397,23037092,18640142,13836,4032437,96864,19148352
1788981124970444294,23037809,18640420,13836,4032855,96880,19148352
1788981125085080073,23038531,18640685,13836,4033293,96895,19148352
1788981125201569009,23039265,18640927,13836,4033768,96907,19148352
1788981125318024703,23039976,18641212,13836,4034201,96923,19148352
1788981125437069847,23040746,18641488,13836,4034655,96936,19148352
1788981125554840279,23041483,18641748,13836,4035119,96950,19148352
1788981125669245174,23042181,18641986,13836,4035581,96964,19148352
1788981125785446895,23042921,18642235,13836,4036048,96977,19148352
1788981125899780224,23043650,18642478,13836,4036510,96986,19148352
1788981126018690882,23044400,18642766,13836,4036952,97002,19148352
1788981126136211096,23045130,18643016,13836,4037425,97018,19148352
1788981126254655459,23045879,18643275,13836,4037889,97031,19148352
1788981126371104423,23046598,18643518,13836,4038356,97053,19148352
1788981126486215783,23047334,18643773,13836,4038803,97067,19148352
1788981126602859585,23048051,18644081,13836,4039214,97078,19148352
1788981126716471424,23048756,18644320,13836,4039677,97091,19148352
1788981126831294365,23049474,18644586,13836,4040119,97101,19148352
1788981126946434531,23050201,18644857,13836,4040554,97118,19148352
1788981127063087126,23050925,18645144,13836,4040983,97130,19148352
1788981127179904434,23051651,18645425,13836,4041416,97146,19148352
1788981127293941269,23052371,18645658,13836,4041819,97227,19148352
1788981127410023993,23053110,18645894,13836,4042297,97240,19148352
1788981127526432292,23053866,18646146,13836,4042761,97251,19148352
1788981127642352420,23054593,18646383,13836,4043237,97266,19148352
1788981127761389925,23055346,18646637,13836,4043714,97277,19148352
1788981127875623132,23056071,18646885,13836,4044169,97288,19148352
1788981127992879061,23056798,18647156,13836,4044618,97301,19148352
1788981128109035451,23057530,18647426,13836,4045064,97313,19148352
1788981128225639250,23058265,18647680,13836,4045532,97327,19148352
1788981128341061029,23058982,18647941,13836,4045975,97340,19148352
1788981128455468932,23059708,18648181,13836,4046442,97351,19148352
1788981128570293076,23060430,18648431,13836,4046897,97366,19148352
1788981128687039480,23061170,18648703,13836,4047346,97378,19148352
1788981128802920945,23061885,18648930,13836,4047830,97389,19148352
1788981128918824211,23062606,18649194,13836,4048281,97399,19148352
1788981129033953118,23063330,18649435,13836,4048749,97411,19148352
1788981129149065238,23064063,18649680,13836,4049209,97426,19148352
1788981129265350442,23064793,18649933,13836,4049674,97436,19148352
1788981129382206535,23065533,18650194,13836,4050133,97447,19148352
1788981129498573162,23066289,18650440,13836,4050607,97457,19148352
1788981129611606028,23067020,18650679,13836,4051058,97474,19148352
1788981129724707150,23067723,18650945,13836,4051483,97492,19148352
1788981129841364189,23068464,18651203,13836,4051938,97509,19148352
1788981129956957383,23069192,18651442,13836,4052402,97527,19148352
1788981130073422423,23069950,18651710,13836,4052850,97542,19148352
1788981130189140138,23070684,18651954,13836,4053319,97556,19148352
1788981130305803262,23071407,18652209,13836,4053779,97570,19148352
1788981130421062696,23072118,18652452,13836,4054243,97583,19148352
1788981130536637932,23072856,18652701,13836,4054700,97599,19148352
1788981130651200860,23073575,18652931,13836,4055106,97683,19148352
1788981130765787657,23074306,18653188,13836,4055554,97693,19148352
1788981130882089438,23075048,18653464,13836,4055995,97705,19148352
1788981130996500669,23075796,18653708,13836,4056460,97716,19148352
1788981131112714920,23076540,18653961,13836,4056921,97726,19148352
1788981131227880562,23077265,18654226,13836,4057368,97734,19148352
1788981131343808244,23077963,18654485,13836,4057820,97748,19148352
1788981131460378809,23078694,18654741,13836,4058276,97764,19148352
1788981131574002332,23079409,18654974,13836,4058745,97776,19148352
1788981131686971287,23080116,18655211,13836,4059201,97791,19148352
1788981131801695449,23080821,18655446,13836,4059666,97810,19148352
1788981131916129027,23081552,18655685,13836,4060132,97822,19148352
1788981132031387370,23082281,18655936,13836,4060589,97834,19148352
1788981132145951857,23083006,18656190,13836,4061037,97847,19148352
1788981132262611484,23083736,18656434,13836,4061515,97857,19148352
1788981132381064919,23084470,18656726,13836,4061952,97871,19148352
1788981132496969491,23085215,18656964,13836,4062425,97884,19148352
1788981132611754279,23085936,18657250,13836,4062843,97898,19148352
1788981132726997131,23086661,18657524,13836,4063281,97908,19148352
1788981132843084836,23087369,18657797,13836,4063725,97920,19148352
1788981132958612641,23088091,18658045,13836,4064187,97933,19148352
1788981133073751713,23088826,18658309,13836,4064637,97943,19148352
1788981133189348478,23089550,18658567,13836,4065084,97959,19148352
1788981133305291191,23090267,18658839,13836,4065526,97970,19148352
1788981133420414805,23090990,18659093,13836,4065909,98056,19148352
1788981133536136416,23091741,18659347,13836,4066372,98068,19148352
1788981133650843711,23092465,18659591,13836,4066836,98077,19148352
1788981133767125067,23093203,18659844,13836,4067294,98092,19148352
1788981133882803367,23093918,18660095,13836,4067758,98104,19148352
1788981133997287732,23094643,18660356,13836,4068200,98116,19148352
1788981134114267560,23095373,18660651,13836,4068630,98127,19148352
1788981134232370339,23096095,18660904,13836,4069097,98140,19148352
1788981134347664885,23096813,18661154,13836,4069560,98154,19148352
1788981134463651755,23097541,18661428,13836,4069999,98166,19148352
1788981134580088922,23098284,18661677,13836,4070467,98179,19148352
1788981134694413302,23099010,18661962,13836,4070888,98189,19148352
1788981134824407087,23099831,18662273,13836,4071370,98207,19148352
1788981134938705857,23100557,18662509,13836,4071845,98219,19148352
1788981135054565989,23101285,18662761,13836,4072303,98230,19148352
1788981135171605911,23102008,18663005,13836,4072777,98244,19148352
1788981135287307570,23102741,18663259,13836,4073235,98258,19148352
1788981135404051408,23103473,18663529,13836,4073684,98272,19148352
1788981135519375156,23104193,18663796,13836,4074120,98288,19148352
1788981135634246944,23104908,18664041,13836,4074586,98299,19148352
1788981135748929094,23105624,18664283,13836,4075046,98311,19148352
1788981135864406099,23106348,18664544,13836,4075496,98325,19148352
1788981135980091478,23107060,18664798,13836,4075952,98338,19148352
1788981136095433541,23107791,18665070,13836,4076391,98348,19148352
1788981136210211480,23108517,18665307,13836,4076794,98428,19148352
1788981136325616322,23109229,18665541,13836,4077270,98442,19148352
1788981136442447727,23109989,18665810,13836,4077718,98458,19148352
1788981136558444949,23110707,18666049,13836,4078194,98471,19148352
1788981136672891822,23111429,18666298,13836,4078643,98487,19148352
1788981136789371760,23112147,18666551,13836,4079104,98502,19148352
1788981136903831689,23112866,18666802,13836,4079556,98513,19148352
1788981137018128621,23113589,18667037,13836,4080033,98523,19148352
1788981137132876918,23114335,18667277,13836,4080495,98535,19148352
1788981137247307088,23115050,18667526,13836,4080953,98545,19148352
1788981137362714577,23115784,18667783,13836,4081404,98559,19148352
1788981137479347132,23116515,18668032,13836,4081864,98578,19148352
1788981137594041300,23117243,18668302,13836,4082305,98586,19148352
1788981137709318047,23117973,18668530,13836,4082793,98597,19148352
1788981137825450358,23118703,18668795,13836,4083243,98606,19148352
1788981137940121098,23119413,18669042,13836,4083700,98620,19148352
1788981138055907218,23120140,18669294,13836,4084161,98634,19148352
1788981138171950298,23120858,18669555,13836,4084605,98651,19148352
1788981138289163928,23121601,18669817,13836,4085063,98664,19148352
1788981138406271737,23122334,18670063,13836,4085540,98678,19148352
1788981138521914398,23123069,18670309,13836,4086003,98691,19148352
1788981138638849690,23123813,18670552,13836,4086471,98710,19148352
1788981138753469716,23124534,18670825,13836,4086903,98725,19148352
1788981138868197041,23125241,18671085,13836,4087274,98812,19148352
1788981138984457350,23125974,18671341,13836,4087733,98826,19148352
1788981139100058319,23126678,18671573,13836,4088215,98834,19148352
1788981139213013456,23127373,18671818,13836,4088666,98846,19148352
1788981139330043048,23128113,18672082,13836,4089119,98860,19148352
1788981139445878530,23128854,18672316,13836,4089596,98877,19148352
1788981139562285835,23129600,18672582,13836,4090041,98892,19148352
1788981139676527453,23130317,18672906,13836,4090421,98906,19148352
1788981139791848867,23131018,18673140,13836,4090898,98916,19148352
1788981139908690983,23131745,18673388,13836,4091371,98928,19148352
1788981140022081654,23132463,18673642,13836,4091813,98942,19148352
1788981140137003046,23133166,18673885,13836,4092275,98954,19148352
1788981140252271705,23133881,18674148,13836,4092721,98966,19148352
1788981140368220551,23134610,18674417,13836,4093164,98982,19148352
1788981140483897866,23135311,18674638,13836,4093649,98999,19148352
1788981140598321539,23136030,18674901,13836,4094091,99010,19148352
1788981140714687230,23136740,18675216,13836,4094494,99022,19148352
1788981140829021569,23137457,18675464,13836,4094947,99036,19148352
1788981140945163705,23138190,18675716,13836,4095413,99050,19148352
1788981141061729179,23138931,18675981,13836,4095860,99063,19148352
1788981141177594748,23139660,18676238,13836,4096320,99074,19148352
1788981141294654380,23140380,18676489,13836,4096790,99086,19148352
1788981141411473081,23141126,18676743,13836,4097254,99099,19148352
1788981141526793475,23141856,18677002,13836,4097703,99113,19148352
1788981141642352258,23142568,18677291,13836,4098126,99126,19148352
1788981141758037307,23143284,18677583,13836,4098540,99142,19148352
1788981141875510936,23144021,18677831,13836,4099019,99153,19148352
1788981141992565586,23144750,18678077,13836,4099489,99169,19148352
1788981142109200882,23145454,18678330,13836,4099953,99183,19148352
1788981142224746089,23146179,18678588,13836,4100395,99203,19148352
1788981142340170766,23146899,18678847,13836,4100779,99285,19148352
1788981142455021826,23147607,18679128,13836,4101209,99294,19148352
1788981142572603719,23148358,18679382,13836,4101676,99309,19148352
1788981142689832539,23149093,18679642,13836,4102134,99325,19148352
1788981142805486327,23149833,18679897,13836,4102595,99336,19148352
1788981142921453224,23150553,18680164,13836,4103039,99349,19148352
1788981143036506592,23151269,18680421,13836,4103490,99360,19148352
1788981143150812889,23151998,18680696,13836,4103915,99376,19148352
1788981143264099647,23152712,18680958,13836,4104345,99396,19148352
1788981143380734309,23153450,18681214,13836,4104803,99409,19148352
1788981143494937824,23154183,18681478,13836,4105242,99419,19148352
1788981143612526286,23154924,18681735,13836,4105707,99431,19148352
1788981143726007107,23155651,18681988,13836,4106149,99445,19148352
1788981143842033414,23156374,18682265,13836,4106586,99456,19148352
1788981143958768057,23157128,18682508,13836,4107069,99466,19148352
1788981144074896226,23157845,18682760,13836,4107529,99480,19148352
1788981144190276872,23158546,18683030,13836,4107968,99491,19148352
1788981144304340624,23159264,18683281,13836,4108415,99507,19148352
1788981144420123789,23160011,18683542,13836,4108868,99520,19148352
1788981144533382603,23160720,18683797,13836,4109311,99529,19148352
1788981144650844806,23161461,18684035,13836,4109799,99541,19148352
1788981144768011449,23162189,18684292,13836,4110257,99555,19148352
1788981144881782167,23162912,18684551,13836,4110692,99573,19148352
1788981144998211835,23163626,18684814,13836,4111139,99592,19148352
1788981145111767386,23164341,18685040,13836,4111541,99676,19148352
1788981145226658874,23165054,18685299,13836,4111988,99690,19148352
1788981145345560943,23165790,18685545,13836,4112476,99701,19148352
1788981145461437919,23166506,18685792,13836,4112943,99713,19148352
1788981145577032362,23167227,18686047,13836,4113399,99725,19148352
1788981145690916410,23167939,18686297,13836,4113851,99738,19148352
1788981145806845369,23168671,18686559,13836,4114303,99750,19148352
1788981145922718217,23169414,18686855,13836,4114727,99762,19148352
1788981146041720484,23170180,18687121,13836,4115190,99772,19148352
1788981146157196328,23170907,18687373,13836,4115648,99785,19148352
1788981146273271742,23171630,18687642,13836,4116096,99796,19148352
1788981146389812259,23172365,18687881,13836,4116569,99811,19148352
1788981146504583271,23173107,18688126,13836,4117031,99825,19148352
1788981146619259585,23173826,18688378,13836,4117487,99834,19148352
1788981146734868247,23174558,18688637,13836,4117935,99849,19148352
1788981146850648855,23175275,18688883,13836,4118402,99862,19148352
1788981146965693211,23176007,18689145,13836,4118844,99875,19148352
1788981147082117017,23176769,18689399,13836,4119308,99890,19148352
1788981147199069577,23177484,18689651,13836,4119772,99902,19148352
1788981147316087489,23178218,18689882,13836,4120265,99911,19148352
1788981147430723511,23178932,18690113,13836,4120741,99920,19148352
1788981147546579829,23179664,18690354,13836,4121207,99938,19148352
1788981147661833220,23180373,18690621,13836,4121649,99950,19148352
1788981147777413481,23181083,18690873,13836,4122107,99964,19148352
1788981147892788943,23181811,18691108,13836,4122515,100045,19148352
1788981148008617050,23182529,18691327,13836,4123010,100054,19148352
1788981148125366291,23183254,18691577,13836,4123482,100066,19148352
1788981148241415665,23183978,18691830,13836,4123942,100079,19148352
1788981148356067715,23184716,18692087,13836,4124387,100092,19148352
1788981148473781018,23185453,18692337,13836,4124858,100108,19148352
1788981148590252024,23186173,18692590,13836,4125322,100118,19148352
1788981148705275632,23186897,18692837,13836,4125782,100132,19148352
1788981148818395514,23187609,18693080,13836,4126235,100145,19148352
1788981148933480953,23188335,18693335,13836,4126691,100156,19148352
1788981149048185743,23189044,18693574,13836,4127158,100167,19148352
1788981149163267188,23189775,18693821,13836,4127618,100180,19148352
1788981149279802597,23190505,18694059,13836,4128091,100196,19148352
1788981149393792718,23191222,18694308,13836,4128549,100206,19148352
1788981149510077509,23191949,18694552,13836,4129021,100221,19148352
1788981149624361428,23192680,18694792,13836,4129479,100237,19148352
1788981149740050758,23193401,18695046,13836,4129937,100251,19148352
1788981149855398112,23194104,18695308,13836,4130377,100266,19148352
1788981149971919120,23194839,18695575,13836,4130832,100276,19148352
1788981150089862096,23195563,18695808,13836,4131326,100286,19148352
1788981150206827185,23196294,18696055,13836,4131796,100300,19148352
1788981150322566508,23197009,18696299,13836,4132267,100312,19148352
1788981150438560880,23197739,18696564,13836,4132715,100325,19148352
1788981150554519568,23198471,18696843,13836,4133148,100338,19148352
1788981150670696019,23199202,18697122,13836,4133586,100347,19148352
1788981150787928165,23199941,18697357,13836,4134077,100357,19148352
1788981150905169455,23200693,18697606,13836,4134547,100370,19148352
1788981151019688411,23201406,18697860,13836,4134997,100383,19148352
1788981151134202578,23202127,18698107,13836,4135456,100393,19148352
1788981151248018391,23202846,18698336,13836,4135860,100474,19148352
1788981151364449678,23203569,18698631,13836,4136283,100486,19148352
1788981151478800778,23204291,18698902,13836,4136721,100495,19148352
1788981151595318093,23205032,18699151,13836,4137193,100506,19148352
1788981151711107081,23205751,18699403,13836,4137651,100519,19148352
1788981151828167813,23206482,18699637,13836,4138130,100535,19148352
1788981151944142648,23207210,18699888,13836,4138590,100550,19148352
1788981152059617439,23207927,18700152,13836,4139042,100558,19148352
1788981152174929063,23208657,18700393,13836,4139514,100568,19148352
1788981152290922857,23209375,18700640,13836,4139978,100583,19148352
1788981152406913658,23210111,18700883,13836,4140448,100596,19148352
1788981152522691797,23210820,18701133,13836,4140907,100610,19148352
1788981152637404176,23211542,18701373,13836,4141372,100622,19148352
1788981152751736711,23212279,18701620,13836,4141841,100630,19148352
1788981152866605410,23213008,18702311,13836,4141859,100638,19183552
1788981152994350833,23213811,18702652,13836,4142323,100639,19185216
1788981153112719974,23214566,18702793,13836,4142938,100640,19185216
1788981153227384188,23215301,18702825,13836,4143632,100640,19185216
1788981153342771578,23216039,18702902,13836,4144292,100641,19185216
1788981153459937746,23216797,18703035,13836,4144903,100641,19185216
1788981153575174453,23217530,18703085,13836,4145588,100641,19185216
1788981153688058456,23218251,18703205,13836,4146184,100642,19185216
1788981153806440527,23219011,18703295,13836,4146846,100642,19185216
1788981153921344215,23219755,18703357,13836,4147516,100642,19185216
1788981154038796412,23220512,18703443,13836,4148181,100642,19185216
1788981154156421190,23221271,18703516,13836,4148854,100642,19185216
1788981154271570083,23222006,18703601,13836,4149505,100643,19185216
1788981154389544171,23222757,18703756,13836,4150100,100644,19185216
1788981154503966092,23223493,18703777,13836,4150807,100644,19185216
1788981154623353639,23224248,18703899,13836,4151442,100645,19185216
1788981154741489981,23225005,18704028,13836,4152061,100646,19185216
1788981154856723177,23225738,18704074,13836,4152753,100646,19185216
1788981154974333878,23226489,18704224,13836,4153346,100647,19185216
1788981155092295162,23227242,18704352,13836,4153970,100648,19185216
1788981155208568891,23227991,18704441,13836,4154622,100648,19185216
1788981155325305382,23228733,18704561,13836,4155244,100648,19185216
1788981155440592373,23229466,18704645,13836,4155898,100648,19185216
1788981155555677342,23230194,18704736,13836,4156536,100649,19185216
1788981155673725066,23230947,18704901,13836,4157122,100650,19185216
1788981155788715511,23231684,18704923,13836,4157834,100650,19185216
1788981155907512674,23232443,18705035,13836,4158475,100650,19185216
1788981156024459101,23233192,18705138,13836,4159112,100651,19185216
1788981156139875769,23233927,18705188,13836,4159801,100651,19185216
1788981156256126860,23234660,18705294,13836,4160433,100652,19185216
1788981156374567615,23235412,18705444,13836,4161039,100652,19185216
1788981156489228537,23236147,18705592,13836,4161616,100653,19185216
1788981156607338297,23236894,18705693,13836,4162266,100653,19185216
1788981156724272451,23237643,18705836,13836,4162865,100654,19185216
1788981156840050589,23238383,18705962,13836,4163477,100654,19185216
1788981156961215990,23239157,18706014,13836,4164197,100655,19185216
1788981157078261530,23239905,18706153,13836,4164799,100656,19185216
1788981157196204518,23240654,18706302,13836,4165401,100657,19185216
1788981157313478921,23241398,18706462,13836,4165988,100658,19185216
1788981157429371313,23242137,18706589,13836,4166595,100658,19185216
1788981157547606305,23242886,18706762,13836,4167176,100660,19185216
1788981157665572975,23243631,18706935,13836,4167752,100660,19185216
1788981157780222572,23244366,18706964,13836,4168451,100660,19185216
1788981157897451827,23245104,18707105,13836,4169057,100661,19185216
1788981158014686240,23245857,18707196,13836,4169713,100661,19185216
1788981158132810399,23246598,18707351,13836,4170308,100661,19185216
1788981158250927594,23247350,18707459,13836,4170951,100662,19185216
1788981158375070624,23248150,18707618,13836,4171580,100663,19185216
1788981158493082027,23248899,18707820,13836,4172127,100664,19185216
1788981158607210850,23249628,18707841,13836,4172833,100664,19185216
1788981158723885721,23250380,18707953,13836,4173465,100664,19185216
1788981158840146260,23251128,18708095,13836,4174061,100664,19185216
1788981158958507792,23251885,18708278,13836,4174634,100665,19185216
1788981159076761273,23252648,18708442,13836,4175221,100665,19185216
1788981159194861281,23253404,18708594,13836,4175817,100667,19185216
1788981159314043709,23254164,18708738,13836,4176431,100667,19185216
1788981159428750464,23254894,18708772,13836,4177130,100667,19185216
1788981159544571398,23255638,18708847,13836,4177792,100668,19185216
1788981159661815406,23256388,18708968,13836,4178415,100668,19185216
1788981159779872276,23257146,18709103,13836,4179030,100669,19185216
1788981159897929055,23257895,18709216,13836,4179667,100670,19185216
1788981160015707143,23258649,18709348,13836,4180284,100670,19185216
1788981160133602126,23259408,18709481,13836,4180903,100671,19185216
1788981160248911798,23260149,18709514,13836,4181604,100671,19185216
1788981160365182306,23260891,18709610,13836,4182244,100671,19185216
1788981160481174569,23261639,18709730,13836,4182864,100671,19185216
1788981160599060194,23262393,18709877,13836,4183466,100671,19185216
1788981160717095075,23263145,18710069,13836,4184025,100671,19185216
1788981160835510393,23263900,18710211,13836,4184632,100672,19185216
1788981160953475429,23264652,18710330,13836,4185268,100672,19185216
1788981161068221861,23265386,18710355,13836,4185972,100672,19185216
1788981161183439900,23266116,18710431,13836,4186627,100673,19185216
1788981161301473497,23266863,18710553,13836,4187256,100674,19185216
1788981161419254656,23267614,18710688,13836,4187870,100675,19185216
1788981161537614140,23268376,18710819,13836,4188495,100675,19185216
1788981161655747962,23269136,18710946,13836,4189118,100676,19185216
1788981161773966577,23269899,18711070,13836,4189745,100676,19185216
1788981161888803404,23270628,18711102,13836,4190446,100677,19185216
1788981162004395078,23271364,18711177,13836,4191102,100677,19185216
1788981162122704705,23272113,18711291,13836,4191745,100677,19185216
1788981162240477140,23272875,18711439,13836,4192339,100679,19185216
1788981162358684007,23273636,18711614,13836,4192921,100679,19185216
1788981162477054880,23274402,18711777,13836,4193507,100680,19185216
1788981162594975884,23275155,18711910,13836,4194126,100680,19185216
1788981162711532575,23275897,18712002,13836,4194779,100680,19185216
1788981162827042215,23276646,18712080,13836,4195431,100681,19185216
1788981162945093140,23277406,18712202,13836,4196060,100681,19185216
1788981163063096008,23278161,18712343,13836,4196669,100682,19185216
1788981163181374365,23278911,18712472,13836,4197291,100683,19185216
1788981163299416831,23279654,18712598,13836,4197915,100684,19185216
1788981163417491311,23280408,18712719,13836,4198545,100684,19185216
1788981163532631446,23281144,18712847,13836,4199155,100684,19185216
1788981163648021434,23281872,18712936,13836,4199796,100685,19185216
1788981163766323542,23282618,18713122,13836,4200360,100686,19185216
1788981163884164598,23283365,18713248,13836,4200986,100686,19185216
1788981164001565248,23284121,18713329,13836,4201653,100687,19185216
1788981164118073519,23284864,18713483,13836,4202236,100687,19185216
1788981164236059613,23285621,18713608,13836,4202862,100687,19185216
1788981164354039265,23286378,18713684,13836,4203539,100687,19185216
1788981164469109885,23287120,18713764,13836,4204188,100689,19185216
1788981164587393056,23287874,18713909,13836,4204807,100689,19185216
1788981164707347107,23288649,18714027,13836,4205438,100689,19185216
1788981164822916900,23289384,18714128,13836,4206076,100690,19185216
1788981164939144569,23290116,18714286,13836,4206653,100692,19185216
1788981165056453946,23290866,18714383,13836,4207300,100692,19185216
1788981165175026209,23291627,18714458,13836,4207984,100692,19185216
1788981165290251594,23292359,18714541,13836,4208630,100693,19185216
1788981165408473647,23293110,18714682,13836,4209246,100694,19185216
1788981165527272934,23293868,18714796,13836,4209882,100695,19185216
1788981165645071578,23294626,18714881,13836,4210548,100695,19185216
1788981165761010511,23295375,18715092,13836,4211075,100695,19185216
1788981165878047652,23296124,18715201,13836,4211710,100696,19185216
1788981165996055891,23296874,18715301,13836,4212361,100696,19185216
1788981166111661048,23297609,18715404,13836,4212993,100697,19185216
1788981166230045696,23298366,18715488,13836,4213662,100697,19185216
1788981166346759582,23299100,18715649,13836,4214243,100698,19185216
1788981166464901420,23299865,18715737,13836,4214906,100698,19185216
1788981166583008779,23300627,18715883,13836,4215511,100698,19185216
1788981166699954224,23301372,18716023,13836,4216113,100699,19185216
1788981166817907465,23302127,18716098,13836,4216790,100699,19185216
1788981166933236319,23302859,18716165,13836,4217454,100700,19185216
1788981167049550807,23303597,18716255,13836,4218108,100700,19185216
1788981167167733564,23304359,18716405,13836,4218707,100700,19185216
1788981167285567792,23305113,18716526,13836,4219337,100700,19185216
1788981167403543138,23305877,18716683,13836,4219929,100701,19185216
1788981167515783850,23306599,18716812,13836,4220514,100701,19185216
1788981167634175323,23307360,18716886,13836,4221192,100701,19185216
1788981167749366660,23308094,18716955,13836,4221854,100702,19185216
1788981167867335918,23308851,18717046,13836,4222513,100702,19185216
1788981167984484342,23309599,18717194,13836,4223108,100703,19185216
1788981168102043187,23310341,18717299,13836,4223753,100704,19185216
1788981168220033221,23311096,18717458,13836,4224343,100704,19185216
1788981168336043861,23311844,18717573,13836,4224965,100705,19185216
1788981168454029795,23312604,18717653,13836,4225637,100705,19185216
1788981168569296969,23313332,18717718,13836,4226302,100707,19185216
1788981168685880978,23314073,18717836,13836,4226929,100707,19185216
1788981168803891756,23314828,18717995,13836,4227519,100707,19185216
1788981168920739845,23315571,18718103,13836,4228155,100708,19185216
1788981169038681525,23316324,18718257,13836,4228752,100708,19185216
1788981169155888360,23317078,18718395,13836,4229359,100708,19185216
1788981169271889698,23317820,18718493,13836,4229999,100708,19185216
1788981169386950202,23318546,18718541,13836,4230684,100709,19185216
1788981169504180258,23319299,18718638,13836,4231330,100709,19185216
1788981169622218173,23320050,18718769,13836,4231950,100709,19185216
1788981169734459837,23320764,18718892,13836,4232538,100711,19185216
1788981169852369723,23321516,18718977,13836,4233207,100711,19185216
1788981169968156006,23322246,18719094,13836,4233825,100712,19185216
1788981170080142600,23322959,18719248,13836,4234383,100712,19185216
1788981170195700308,23323701,18719281,13836,4235089,100712,19185216
1788981170308050746,23324430,18719403,13836,4235679,100712,19185216
1788981170425936921,23325186,18719499,13836,4236335,100713,19185216
1788981170541652338,23325929,18719596,13836,4236950,100737,19185216
1788981170658404897,23326671,18719711,13836,4237524,100787,19185216
1788981170776641022,23327421,18719839,13836,4238119,100821,19185216
1788981170894571159,23328170,18719958,13836,4238714,100858,19185216
1788981171010255016,23328913,18719980,13836,4239426,100858,19185216
1788981171126826909,23329654,18720061,13836,4240051,100896,19185216
1788981171244226503,23330400,18720175,13836,4240636,100942,19185216
1788981171362873503,23331167,18720307,13836,4241221,100980,19185216
1788981171480949864,23331930,18720428,13836,4241808,101025,19185216
1788981171600151573,23332689,18720537,13836,4242404,101075,19185216
1788981171720451771,23333451,18720631,13836,4243059,101089,19185216
1788981171837384900,23334195,18720751,13836,4243684,101090,19185216
1788981171952301308,23334923,18720849,13836,4244317,101091,19185216
1788981172070234036,23335677,18721016,13836,4244900,101091,19185216
1788981172188364483,23336426,18721135,13836,4245531,101092,19185216
1788981172305468365,23337179,18721225,13836,4246185,101092,19185216
1788981172422212895,23337926,18721389,13836,4246767,101093,19185216
1788981172540845939,23338690,18721524,13836,4247386,101093,19185216
1788981172660863874,23339464,18721616,13836,4248059,101093,19185216
1788981172791050995,23340305,18721693,13836,4248809,101093,19185216
1788981172915049841,23341101,18721823,13836,4249467,101093,19185216
1788981173033351555,23341861,18721853,13836,4250190,101093,19185216
1788981173153044464,23342632,18722011,13836,4250794,101094,19185216
1788981173271120695,23343383,18722126,13836,4251430,101094,19185216
1788981173390041686,23344146,18722191,13836,4252122,101095,19185216
1788981173508422106,23344894,18722309,13836,4252754,101096,19185216
1788981173624847910,23345638,18722444,13836,4253364,101096,19185216
1788981173739951644,23346381,18722553,13836,4253986,101096,19185216
1788981173864021131,23347177,18722749,13836,4254579,101097,19185216
1788981173983180300,23347939,18722806,13836,4255281,101097,19185216
1788981174099695413,23348692,18722890,13836,4255941,101097,19185216
1788981174219049779,23349460,18723073,13836,4256514,101097,19185216
1788981174340610737,23350232,18723122,13836,4257241,101098,19185216
1788981174459043391,23350992,18723244,13836,4257870,101098,19185216
1788981174583224580,23351787,18723327,13836,4258577,101098,19185216
1788981174705614217,23352572,18723405,13836,4259279,101100,19185216
1788981174823606090,23353331,18723568,13836,4259864,101100,19185216
1788981174937420889,23354058,18723593,13836,4260562,101100,19185216
1788981175052357780,23354789,18723670,13836,4261213,101103,19185216
1788981175170270155,23355549,18723834,13836,4261799,101103,19185216
1788981175285301817,23356282,18723873,13836,4262494,101104,19185216
1788981175401035532,23357022,18724001,13836,4263099,101107,19185216
1788981175519069343,23357778,18724080,13836,4263771,101107,19185216
1788981175634589692,23358519,18724149,13836,4264441,101108,19185216
1788981175752076602,23359263,18724403,13836,4264911,101119,19185216
1788981175867942431,23359979,18724658,13836,4265365,101134,19185216
1788981175984493421,23360714,18724916,13836,4265820,101150,19185216
1788981176100099781,23361451,18725161,13836,4266287,101163,19185216
1788981176215561141,23362189,18725394,13836,4266721,101219,19185216
1788981176330352338,23362921,18725693,13836,4267103,101258,19185216
1788981176447434999,23363648,18725938,13836,4267582,101267,19185216
1788981176564266712,23364383,18726204,13836,4268035,101281,19185216
1788981176678715984,23365110,18726471,13836,4268470,101294,19185216
1788981176794774988,23365829,18726730,13836,4268922,101308,19185216
1788981176910913994,23366550,18726997,13836,4269368,101323,19185216
1788981177028773918,23367301,18727254,13836,4269764,101409,19185216
1788981177145200626,23368053,18727511,13836,4270229,101420,19185216
1788981177263404681,23368802,18727767,13836,4270699,101431,19185216
1788981177377439171,23369522,18728035,13836,4271132,101445,19185216
1788981177492895531,23370246,18728280,13836,4271593,101461,19185216
1788981177609037126,23370971,18728553,13836,4272042,101471,19185216
1788981177725582748,23371705,18728816,13836,4272491,101485,19185216
1788981177844758767,23372456,18729054,13836,4272983,101502,19185216
1788981177961694955,23373196,18729291,13836,4273463,101516,19185216
1788981178076172522,23373889,18729529,13836,4273926,101531,19185216
1788981178192058516,23374632,18729796,13836,4274371,101544,19185216
1788981178306691477,23375350,18730058,13836,4274810,101562,19185216
1788981178423922590,23376078,18730329,13836,4275261,101574,19185216
1788981178540458873,23376802,18730591,13836,4275717,101586,19185216
1788981178657480473,23377527,18730875,13836,4276153,101599,19185216
1788981178774019407,23378257,18731137,13836,4276606,101613,19185216
1788981178889058951,23378971,18731388,13836,4277068,101622,19185216
1788981179005501650,23379699,18731639,13836,4277530,101636,19185216
1788981179121486427,23380434,18731861,13836,4278024,101645,19185216
1788981179237219318,23381163,18732105,13836,4278493,101656,19185216
1788981179353606237,23381885,18732349,13836,4278967,101668,19185216
1788981179468485176,23382614,18732626,13836,4279400,101678,19185216
1788981179583252318,23383324,18732882,13836,4279848,101689,19185216
1788981179700062105,23384064,18733115,13836,4280259,101777,19185216
1788981179817144677,23384793,18733346,13836,4280753,101789,19185216
1788981179932793142,23385530,18733586,13836,4281223,101799,19185216
1788981180047730330,23386251,18733826,13836,4281691,101812,19185216
1788981180162240875,23386987,18734066,13836,4282149,101825,19185216
1788981180276240459,23387694,18734328,13836,4282591,101837,19185216
1788981180392571196,23388445,18734606,13836,4283031,101848,19185216
1788981180509065377,23389212,18734861,13836,4283494,101860,19185216
1788981180623895784,23389929,18735115,13836,4283945,101874,19185216
1788981180739598165,23390670,18735364,13836,4284405,101890,19185216
1788981180855318344,23391408,18735604,13836,4284877,101899,19185216
1788981180969116626,23392134,18735929,13836,4285254,101915,19185216
1788981181083217820,23392860,18736223,13836,4285666,101927,19185216
1788981181197711213,23393580,18736484,13836,4286112,101937,19185216
1788981181314051867,23394309,18736757,13836,4286552,101951,19185216
1788981181430493390,23395042,18737008,13836,4287014,101968,19185216
1788981181546784857,23395759,18737246,13836,4287489,101981,19185216
1788981181660857760,23396477,18737501,13836,4287937,101992,19185216
1788981181774303628,23397206,18737752,13836,4288391,102000,19185216
1788981181889549733,23397928,18738000,13836,4288856,102010,19185216
1788981182006065348,23398675,18738246,13836,4289329,102021,19185216
1788981182121280371,23399393,18738484,13836,4289792,102037,19185216
1788981182234910593,23400117,18738733,13836,4290242,102049,19185216
1788981182351309826,23400829,18739026,13836,4290663,102063,19185216
1788981182468322466,23401570,18739261,13836,4291081,102145,19185216
1788981182586145187,23402321,18739502,13836,4291569,102154,19185216
1788981182703576309,23403069,18739741,13836,4292050,102170,19185216
1788981182819553738,23403793,18739994,13836,4292509,102185,19185216
1788981182936129634,23404532,18740262,13836,4292957,102200,19185216
1788981183052080608,23405260,18740508,13836,4293418,102215,19185216
1788981183168138790,23405996,18740762,13836,4293884,102225,19185216
1788981183288479814,23406774,18741026,13836,4294358,102238,19185216
1788981183404480697,23407496,18741279,13836,4294818,102252,19185216
1788981183520091437,23408225,18741535,13836,4295268,102269,19185216
1788981183635474893,23408951,18741788,13836,4295722,102283,19185216
1788981183751342629,23409690,18742046,13836,4296174,102298,19185216
1788981183866054455,23410428,18742304,13836,4296621,102314,19185216
1788981183980721927,23411161,18742555,13836,4297076,102325,19185216
1788981184095650945,23411870,18742806,13836,4297532,102337,19185216
1788981184211909211,23412611,18743054,13836,4298003,102347,19185216
1788981184327648093,23413334,18743320,13836,4298449,102357,19185216
1788981184443773113,23414070,18743594,13836,4298889,102371,19185216
1788981184560781085,23414811,18743853,13836,4299354,102382,19185216
1788981184677700337,23415549,18744106,13836,4299818,102396,19185216
1788981184791900861,23416270,18744391,13836,4300237,102407,19185216
1788981184909829499,23417032,18744649,13836,4300702,102423,19185216
1788981185026401227,23417747,18744894,13836,4301172,102437,19185216
1788981185141213457,23418455,18745154,13836,4301614,102451,19185216
1788981185257469414,23419172,18745387,13836,4302101,102462,19185216
1788981185374336295,23419919,18745648,13836,4302557,102475,19185216
1788981185491107280,23420652,18745911,13836,4303014,102489,19185216
1788981185605629924,23421371,18746203,13836,4303424,102505,19185216
1788981185720167919,23422089,18746470,13836,4303861,102515,19185216
1788981185834642085,23422789,18746712,13836,4304255,102598,19185216
1788981185951260232,23423533,18746970,13836,4304720,102607,19185216
1788981186068097476,23424269,18747218,13836,4305197,102617,19185216
1788981186183064288,23424981,18747462,13836,4305651,102632,19185216
1788981186298713504,23425685,18747708,13836,4306120,102642,19185216
1788981186414474432,23426415,18747959,13836,4306576,102657,19185216
1788981186529607160,23427121,18748213,13836,4307032,102670,19185216
1788981186642509614,23427835,18748468,13836,4307474,102679,19185216
1788981186759365188,23428562,18748721,13836,4307938,102693,19185216
1788981186874057425,23429278,18748979,13836,4308386,102705,19185216
1788981186991072112,23430012,18749263,13836,4308821,102717,19185216
1788981187105624849,23430724,18749516,13836,4309274,102728,19185216
1788981187221753379,23431458,18749775,13836,4309729,102743,19185216
1788981187334955492,23432168,18750028,13836,4310179,102751,19185216
1788981187449823750,23432879,18750275,13836,4310640,102764,19185216
1788981187564580998,23433614,18750527,13836,4311089,102778,19185216
1788981187679927794,23434333,18750778,13836,4311544,102793,19185216
1788981187794883118,23435055,18751049,13836,4311980,102806,19185216
1788981187911638439,23435793,18751294,13836,4312453,102819,19185216
1788981188028285080,23436524,18751539,13836,4312930,102828,19185216
1788981188144346690,23437254,18751776,13836,4313408,102838,19185216
1788981188260346510,23437995,18752045,13836,4313856,102848,19185216
1788981188379212159,23438751,18752311,13836,4314324,102861,19185216
1788981188493277069,23439479,18752573,13836,4314753,102881,19185216
1788981188608528027,23440217,18752799,13836,4315174,102958,19185216
1788981188724740857,23440925,18753059,13836,4315632,102968,19185216
1788981188838772700,23441652,18753305,13836,4316085,102982,19185216
1788981188954367853,23442377,18753565,13836,4316536,102994,19185216
1788981189068207201,23443096,18753822,13836,4316977,103009,19185216
1788981189182202009,23443799,18754086,13836,4317416,103019,19185216
1788981189298040939,23444516,18754369,13836,4317848,103030,19185216
1788981189413017321,23445232,18754604,13836,4318325,103039,19185216
1788981189530243031,23445955,18754845,13836,4318808,103051,19185216
1788981189646256302,23446694,18755082,13836,4319276,103069,19185216
1788981189759058793,23447394,18755329,13836,4319722,103083,19185216
1788981189874853946,23448109,18755578,13836,4320188,103092,19185216
1788981189989880225,23448851,18755856,13836,4320617,103106,19185216
1788981190105069630,23449560,18756104,13836,4321078,103119,19185216
1788981190220308248,23450280,18756354,13836,4321536,103134,19185216
1788981190337223374,23451004,18756599,13836,4322004,103149,19185216
1788981190452560500,23451735,18756854,13836,4322454,103167,19185216
1788981190568311451,23452452,18757117,13836,4322897,103187,19185216
1788981190682330653,23453141,18757372,13836,4323345,103200,19185216
1788981190801598756,23453892,18757658,13836,4323793,103210,19185216
1788981190917647638,23454614,18757902,13836,4324261,103224,19185216
1788981191033456457,23455340,18758156,13836,4324723,103234,19185216
1788981191148494270,23456053,18758393,13836,4325192,103245,19185216
1788981191265507490,23456789,18758658,13836,4325648,103256,19185216
1788981191383703267,23457559,18758919,13836,4326044,103342,19185216
1788981191497663044,23458276,18759197,13836,4326471,103352,19185216
1788981191613451252,23459013,18759446,13836,4326933,103368,19185216
1788981191729056870,23459736,18759697,13836,4327389,103381,19185216
1788981191845814094,23460493,18759946,13836,4327859,103394,19185216
1788981191960124649,23461199,18760192,13836,4328313,103408,19185216
1788981192076127051,23461954,18760435,13836,4328788,103418,19185216
1788981192192690178,23462690,18760678,13836,4329265,103429,19185216
1788981192307505618,23463408,18760930,13836,4329720,103440,19185216
1788981192421975250,23464133,18761187,13836,4330165,103454,19185216
1788981192538292214,23464861,18761438,13836,4330627,103468,19185216
1788981192654669806,23465585,18761678,13836,4331108,103477,19185216
1788981192769330739,23466322,18761908,13836,4331587,103487,19185216
1788981192883968829,23467026,18762189,13836,4332011,103498,19185216
1788981192999468885,23467742,18762432,13836,4332475,103514,19185216
1788981193113828258,23468464,18762680,13836,4332926,103528,19185216
1788981193229040432,23469186,18762929,13836,4333384,103544,19185216
1788981193345377156,23469907,18763185,13836,4333842,103555,19185216
1788981193461578214,23470640,18763421,13836,4334323,103569,19185216
1788981193578597587,23471360,18763665,13836,4334796,103583,19185216
1788981193693818741,23472071,18763903,13836,4335267,103594,19185216
1788981193809902374,23472814,18764150,13836,4335736,103603,19185216
1788981193926568439,23473557,18764411,13836,4336196,103614,19185216
1788981194039061583,23474274,18764697,13836,4336605,103623,19185216
1788981194155129192,23475004,18764939,13836,4337085,103632,19185216
1788981194270286995,23475710,18765178,13836,4337550,103646,19185216
1788981194387091538,23476443,18765435,13836,4338012,103659,19185216
1788981194503710710,23477166,18765684,13836,4338476,103673,19185216
1788981194619249125,23477906,18765956,13836,4338912,103687,19185216
1788981194734174945,23478651,18766195,13836,4339312,103769,19185216
1788981194851233601,23479378,18766436,13836,4339800,103779,19185216
1788981194966086264,23480082,18766681,13836,4340259,103788,19185216
1788981195080889836,23480793,18766924,13836,4340723,103802,19185216
1788981195196599914,23481523,18767192,13836,4341165,103815,19185216
1788981195311855273,23482251,18767442,13836,4341618,103834,19185216
1788981195429547835,23482989,18767703,13836,4342080,103847,19185216
1788981195545275611,23483712,18767943,13836,4342554,103861,19185216
1788981195661184438,23484417,18768191,13836,4343014,103877,19185216
1788981195776733707,23485146,18768459,13836,4343456,103892,19185216
1788981195893104456,23485884,18768724,13836,4343900,103910,19185216
1788981196008654232,23486599,18768974,13836,4344357,103923,19185216
1788981196124132827,23487329,18769219,13836,4344827,103937,19185216
1788981196242665988,23488083,18769465,13836,4345306,103950,19185216
1788981196357153922,23488789,18769701,13836,4345770,103968,19185216
1788981196471923819,23489504,18769948,13836,4346222,103986,19185216
1788981196587242346,23490242,18770213,13836,4346662,104002,19185216
1788981196702451159,23490960,18770465,13836,4347115,104018,19185216
1788981196818854081,23491716,18770711,13836,4347591,104025,19185216
1788981196933955047,23492451,18770958,13836,4348058,104036,19185216
1788981197047196819,23493163,18771204,13836,4348502,104051,19185216
1788981197161902615,23493873,18771467,13836,4348941,104066,19185216
1788981197276464060,23494575,18771713,13836,4349402,104075,19185216
1788981197393391326,23495312,18771971,13836,4349862,104089,19185216
1788981197512357683,23496056,18772203,13836,4350293,104175,19185216
1788981197628087290,23496816,18772465,13836,4350743,104187,19185216
1788981197744052806,23497560,18772705,13836,4351213,104201,19185216
1788981197859157907,23498266,18772951,13836,4351673,104216,19185216
1788981197975937812,23499016,18773212,13836,4352127,104230,19185216
1788981198090619977,23499723,18773465,13836,4352578,104245,19185216
1788981198207505531,23500455,18773692,13836,4353074,104256,19185216
1788981198322402543,23501190,18773952,13836,4353525,104264,19185216
1788981198438549201,23501909,18774208,13836,4353984,104276,19185216
1788981198553200531,23502636,18774486,13836,4354409,104289,19185216
1788981198669316518,23503355,18774745,13836,4354862,104302,19185216
1788981198782860334,23504066,18774982,13836,4355328,104312,19185216
1788981198897241619,23504789,18775253,13836,4355766,104322,19185216
1788981199014366329,23505541,18775526,13836,4356215,104336,19185216
1788981199128343356,23506228,18775768,13836,4356673,104349,19185216
1788981199244359178,23506962,18776019,13836,4357130,104364,19185216
1788981199360116884,23507703,18776290,13836,4357572,104375,19185216
1788981199476259576,23508421,18776555,13836,4358020,104389,19185216
1788981199592769076,23509178,18776810,13836,4358487,104399,19185216
1788981199709027543,23509906,18777074,13836,4358935,104413,19185216
1788981199826624272,23510646,18777317,13836,4359417,104427,19185216
1788981199943115079,23511389,18777585,13836,4359867,104439,19185216
1788981200059899352,23512111,18777836,13836,4360332,104451,19185216
1788981200175707405,23512838,18778076,13836,4360731,104538,19185216
1788981200289284453,23513554,18778313,13836,4361198,104546,19185216
1788981200405670543,23514288,18778572,13836,4361656,104557,19185216
1788981200522807867,23515031,18778826,13836,4362127,104568,19185216
1788981200637143312,23515764,18779067,13836,4362586,104580,19185216
1788981200753292893,23516495,18779319,13836,4363049,104595,19185216
1788981200869719007,23517241,18779597,13836,4363485,104606,19185216
1788981200987904742,23517977,18779841,13836,4363973,104616,19185216
1788981201104298701,23518678,18780102,13836,4364431,104625,19185216
1788981201219550142,23519409,18780371,13836,4364873,104637,19185216
1788981201334668778,23520135,18780634,13836,4365318,104650,19185216
1788981201450286811,23520844,18780887,13836,4365772,104666,19185216
1788981201566578569,23521567,18781136,13836,4366239,104680,19185216
1788981201687457115,23522329,18781407,13836,4366714,104692,19185216
1788981201805438280,23523082,18781683,13836,4367162,104704,19185216
1788981201921923054,23523816,18781946,13836,4367613,104719,19185216
1788981202036077721,23524523,18782230,13836,4368036,104732,19185216
1788981202149523138,23525224,18782468,13836,4368485,104750,19185216
1788981202265529698,23525969,18782707,13836,4368963,104765,19185216
1788981202382604976,23526738,18782955,13836,4369434,104777,19185216
1788981202498558648,23527475,18783191,13836,4369911,104789,19185216
1788981202612591444,23528201,18783436,13836,4370361,104806,19185216
1788981202726328992,23528916,18783678,13836,4370813,104823,19185216
1788981202842166048,23529639,18783923,13836,4371281,104836,19185216
1788981202957462412,23530384,18784205,13836,4371642,104919,19185216
1788981203073500317,23531124,18784497,13836,4372064,104932,19185216
1788981203189446956,23531849,18784803,13836,4372469,104949,19185216
1788981203305919736,23532561,18785046,13836,4372943,104962,19185216
1788981203421164043,23533276,18785300,13836,4373397,104972,19185216
1788981203537108990,23534004,18785551,13836,4373855,104988,19185216
1788981203649679256,23534723,18785788,13836,4374319,104997,19185216
1788981203766182562,23535461,18786076,13836,4374745,105010,19185216
1788981203880079050,23536167,18786322,13836,4375201,105022,19185216
1788981203993613513,23536881,18786646,13836,4375583,105030,19185216
1788981204109433821,23537588,18786904,13836,4376040,105040,19185216
1788981204224463653,23538311,18787148,13836,4376501,105052,19185216
1788981204340857950,23539043,18787379,13836,4376992,105061,19185216
1788981204455086914,23539754,18787627,13836,4377447,105077,19185216
1788981204571562760,23540450,18787871,13836,4377915,105091,19185216
1788981204687258378,23541178,18788115,13836,4378381,105102,19185216
1788981204803884019,23541912,18788367,13836,4378846,105115,19185216
1788981204917948793,23542628,18788625,13836,4379286,105131,19185216
1788981205031756207,23543346,18788867,13836,4379747,105143,19185216
1788981205146738499,23544068,18789140,13836,4380176,105161,19185216
1788981205262871738,23544811,18789393,13836,4380630,105181,19185216
1788981205378848253,23545543,18789635,13836,4381098,105195,19185216
1788981205493164809,23546259,18789896,13836,4381538,105209,19185216
1788981205609847800,23547004,18790149,13836,4381999,105225,19185216
1788981205725595561,23547746,18790401,13836,4382462,105236,19185216
1788981205841028619,23548485,18790655,13836,4382924,105249,19185216
1788981205956456757,23549230,18790900,13836,4383381,105266,19185216
1788981206071875401,23549963,18791150,13836,4383835,105285,19185216
1788981206187923373,23550704,18791400,13836,4384290,105304,19185216
1788981206304073176,23551439,18791650,13836,4384754,105317,19185216
1788981206419934123,23552170,18791864,13836,4385186,105398,19185216
1788981206535340891,23552881,18792133,13836,4385628,105411,19185216
1788981206650093652,23553621,18792397,13836,4386069,105424,19185216
1788981206765480788,23554342,18792653,13836,4386526,105435,19185216
1788981206881304529,23555062,18792933,13836,4386954,105451,19185216
1788981207000226295,23555814,18793199,13836,4387418,105469,19185216
1788981207116324416,23556549,18793438,13836,4387887,105483,19185216
1788981207229366268,23557260,18793684,13836,4388335,105499,19185216
1788981207344681130,23557992,18793934,13836,4388795,105511,19185216
1788981207460451786,23558710,18794180,13836,4389259,105526,19185216
1788981207575382650,23559447,18794431,13836,4389713,105539,19185216
1788981207691648197,23560163,18794682,13836,4390175,105554,19185216
1788981207807374906,23560884,18794932,13836,4390639,105566,19185216
1788981207921017793,23561614,18795186,13836,4391078,105579,19185216
1788981208035547240,23562346,18795437,13836,4391527,105595,19185216
1788981208152572645,23563085,18795702,13836,4391982,105609,19185216
1788981208269308071,23563807,18795954,13836,4392446,105621,19185216
1788981208385956814,23564558,18796230,13836,4392888,105635,19185216
1788981208501061581,23565288,18796498,13836,4393330,105647,19185216
1788981208617018075,23566032,18796741,13836,4393801,105659,19185216
1788981208732743321,23566758,18797014,13836,4394238,105675,19185216
1788981208850119710,23567511,18797294,13836,4394680,105689,19185216
1788981208965039229,23568217,18797546,13836,4395130,105705,19185216
1788981209080805731,23568953,18797777,13836,4395532,105796,19185216
1788981209196733948,23569692,18798290,13836,4395743,105803,19205440
1788981209312116402,23570426,18798816,13836,4395941,105806,19219136
1788981209439460097,23571240,18798908,13836,4396654,105807,19219136
1788981209556832749,23571993,18798976,13836,4397338,105807,19219136
1788981209672174145,23572727,18799071,13836,4397975,105808,19219136
1788981209785636007,23573449,18799196,13836,4398574,105808,19219136
1788981209900781606,23574188,18799250,13836,4399253,105808,19219136
1788981210018459313,23574945,18799359,13836,4399888,105809,19219136
1788981210133604658,23575681,18799387,13836,4400599,105809,19219136
1788981210251372301,23576433,18799499,13836,4401231,105809,19219136
1788981210369292745,23577188,18799600,13836,4401881,105810,19219136
1788981210484179674,23577928,18799690,13836,4402522,105811,19219136
1788981210602174468,23578686,18799883,13836,4403078,105812,19219136
1788981210717236576,23579426,18799943,13836,4403752,105812,19219136
1788981210834246885,23580167,18800061,13836,4404377,105812,19219136
1788981210952268418,23580925,18800163,13836,4405027,105813,19219136
1788981211067513906,23581654,18800236,13836,4405691,105813,19219136
1788981211185579340,23582407,18800375,13836,4406303,105814,19219136
1788981211300305985,23583151,18800440,13836,4406964,105814,19219136
1788981211417058055,23583894,18800539,13836,4407609,105814,19219136
1788981211535019922,23584647,18800639,13836,4408260,105814,19219136
1788981211649899772,23585381,18800716,13836,4408913,105815,19219136
1788981211768247545,23586138,18800839,13836,4409541,105815,19219136
1788981211883699540,23586875,18800908,13836,4410211,105816,19219136
1788981212001756277,23587634,18801036,13836,4410833,105816,19219136
1788981212117355119,23588377,18801113,13836,4411489,105816,19219136
1788981212232616324,23589111,18801201,13836,4412136,105817,19219136
1788981212348522395,23589857,18801324,13836,4412753,105818,19219136
1788981212466040077,23590609,18801498,13836,4413323,105818,19219136
1788981212584508946,23591372,18801621,13836,4413953,105819,19219136
1788981212699779699,23592109,18801799,13836,4414508,105819,19219136
1788981212818039836,23592869,18801886,13836,4415172,105820,19219136
1788981212933308169,23593605,18801966,13836,4415823,105820,19219136
1788981213051206108,23594353,18802108,13836,4416432,105820,19219136
1788981213169153388,23595106,18802254,13836,4417035,105821,19219136
1788981213287216414,23595856,18802400,13836,4417640,105821,19219136
1788981213405204948,23596612,18802521,13836,4418268,105822,19219136
1788981213523125168,23597368,18802663,13836,4418877,105822,19219136
1788981213637866906,23598107,18802691,13836,4419583,105822,19219136
1788981213751917483,23598830,18802825,13836,4420173,105823,19219136
1788981213869839532,23599587,18802968,13836,4420780,105824,19219136
1788981213983677926,23600310,18803072,13836,4421400,105825,19219136
1788981214102047067,23601065,18803242,13836,4421980,105825,19219136
1788981214218310292,23601812,18803370,13836,4422590,105826,19219136
1788981214336711762,23602571,18803469,13836,4423248,105826,19219136
1788981214451918673,23603315,18803571,13836,4423877,105826,19219136
1788981214569899374,23604067,18803690,13836,4424509,105827,19219136
1788981214688058831,23604811,18803818,13836,4425130,105828,19219136
1788981214806319460,23605571,18803930,13836,4425768,105828,19219136
1788981214924575232,23606326,18804088,13836,4426366,105829,19219136
1788981215037527644,23607049,18804254,13836,4426920,105829,19219136
1788981215152844852,23607780,18804345,13836,4427560,105830,19219136
1788981215271361617,23608541,18804435,13836,4428222,105830,19219136
1788981215387874349,23609286,18804588,13836,4428811,105831,19219136
1788981215505133851,23610037,18804706,13836,4429439,105832,19219136
1788981215623392598,23610795,18804837,13836,4430055,105832,19219136
1788981215741226122,23611552,18804982,13836,4430661,105832,19219136
1788981215855867147,23612283,18805009,13836,4431366,105834,19219136
1788981215973480119,23613036,18805182,13836,4431935,105836,19219136
1788981216091561870,23613798,18805365,13836,4432509,105836,19219136
1788981216209638690,23614555,18805530,13836,4433093,105837,19219136
1788981216327751888,23615318,18805729,13836,4433646,105837,19219136
1788981216446335459,23616074,18805871,13836,4434253,105837,19219136
1788981216564833068,23616826,18805968,13836,4434914,105837,19219136
1788981216680138306,23617560,18806052,13836,4435562,105838,19219136
1788981216798069314,23618314,18806182,13836,4436183,105838,19219136
1788981216916131778,23619060,18806295,13836,4436819,105838,19219136
1788981217034304348,23619816,18806468,13836,4437396,105838,19219136
1788981217152584104,23620570,18806609,13836,4438011,105839,19219136
1788981217270629199,23621324,18806765,13836,4438605,105840,19219136
1788981217385766618,23622057,18806825,13836,4439278,105840,19219136
1788981217503179886,23622806,18806923,13836,4439923,105841,19219136
1788981217621122431,23623562,18807068,13836,4440527,105842,19219136
1788981217738711929,23624312,18807195,13836,4441150,105843,19219136
1788981217856843445,23625062,18807370,13836,4441725,105843,19219136
1788981217975096136,23625826,18807463,13836,4442382,105844,19219136
1788981218093056469,23626582,18807538,13836,4443059,105845,19219136
1788981218208420043,23627318,18807616,13836,4443713,105846,19219136
1788981218321753063,23628034,18807741,13836,4444310,105846,19219136
1788981218439779136,23628790,18807873,13836,4444925,105849,19219136
1788981218557957319,23629545,18807991,13836,4445558,105849,19219136
1788981218672693334,23630265,18808157,13836,4446123,105850,19219136
1788981218790943808,23631029,18808242,13836,4446789,105850,19219136
1788981218906257826,23631758,18808333,13836,4447428,105851,19219136
1788981219024358166,23632511,18808492,13836,4448021,105851,19219136
1788981219142310062,23633265,18808646,13836,4448615,105852,19219136
1788981219260267382,23634020,18808788,13836,4449224,105853,19219136
1788981219378186650,23634773,18808907,13836,4449853,105853,19219136
1788981219496371898,23635524,18809050,13836,4450460,105855,19219136
1788981219610350956,23636251,18809079,13836,4451158,105855,19219136
1788981219725115023,23636981,18809197,13836,4451770,105856,19219136
1788981219843061187,23637729,18809356,13836,4452362,105856,19219136
1788981219959401156,23638471,18809463,13836,4452992,105857,19219136
1788981220077330982,23639220,18809611,13836,4453594,105857,19219136
1788981220193782584,23639963,18809747,13836,4454201,105857,19219136
1788981220315055963,23640740,18809839,13836,4454881,105857,19219136
1788981220439550168,23641537,18809918,13836,4455594,105858,19219136
1788981220558650296,23642304,18810053,13836,4456216,105858,19219136
1788981220678225175,23643070,18810215,13836,4456811,105859,19219136
1788981220794503834,23643812,18810355,13836,4457412,105859,19219136
1788981220912044291,23644565,18810478,13836,4458035,105859,19219136
1788981221027317505,23645299,18810628,13836,4458617,105860,19219136
1788981221142475735,23646034,18810701,13836,4459275,105862,19219136
1788981221263471712,23646809,18810823,13836,4459926,105862,19219136
1788981221380750721,23647547,18810968,13836,4460524,105864,19219136
1788981221498726708,23648302,18811089,13836,4461154,105865,19219136
1788981221616759168,23649064,18811207,13836,4461786,105865,19219136
1788981221734804633,23649819,18811323,13836,4462420,105866,19219136
1788981221849423942,23650550,18811349,13836,4463124,105866,19219136
1788981221962969209,23651286,18811480,13836,4463713,105866,19219136
1788981222080966993,23652036,18811620,13836,4464323,105867,19219136
1788981222198035963,23652787,18811717,13836,4464970,105868,19219136
1788981222315963099,23653547,18811859,13836,4465577,105869,19219136
1788981222433813879,23654301,18811991,13836,4466196,105869,19219136
1788981222551815964,23655056,18812095,13836,4466843,105869,19219136
1788981222667028413,23655809,18812171,13836,4467499,105869,19219136
1788981222785056808,23656560,18812273,13836,4468147,105870,19219136
1788981222902962031,23657316,18812404,13836,4468766,105871,19219136
1788981223021048553,23658076,18812504,13836,4469417,105871,19219136
1788981223138351889,23658822,18812684,13836,4469981,105873,19219136
1788981223256321170,23659575,18812768,13836,4470645,105873,19219136
1788981223371300256,23660303,18812843,13836,4471299,105875,19219136
1788981223489403596,23661053,18812953,13836,4471940,105875,19219136
1788981223607371560,23661806,18813079,13836,4472564,105876,19219136
1788981223725320311,23662565,18813199,13836,4473194,105876,19219136
1788981223843252254,23663326,18813318,13836,4473824,105878,19219136
1788981223961171834,23664080,18813465,13836,4474428,105878,19219136
1788981224076404789,23664812,18813510,13836,4475116,105878,19219136
1788981224193321839,23665568,18813664,13836,4475707,105879,19219136
1788981224311324758,23666320,18813841,13836,4476281,105880,19219136
1788981224428873417,23667064,18813981,13836,4476888,105881,19219136
1788981224546777216,23667814,18814150,13836,4477465,105884,19219136
1788981224663609322,23668560,18814264,13836,4478096,105884,19219136
1788981224781441097,23669315,18814345,13836,4478760,105884,19219136
1788981224896892096,23670060,18814444,13836,4479400,105885,19219136
1788981225012397295,23670795,18814584,13836,4479991,105885,19219136
1788981225129792604,23671544,18814762,13836,4480562,105886,19219136
1788981225244937960,23672291,18814890,13836,4481167,105886,19219136
1788981225362290523,23673040,18815063,13836,4481739,105886,19219136
1788981225480571875,23673800,18815166,13836,4482391,105886,19219136
1788981225595883069,23674536,18815234,13836,4483055,105887,19219136
1788981225714021809,23675294,18815376,13836,4483663,105888,19219136
1788981225831723441,23676039,18815498,13836,4484290,105889,19219136
1788981225949814895,23676802,18815643,13836,4484894,105889,19219136
1788981226067923615,23677558,18815772,13836,4485515,105890,19219136
1788981226186138974,23678316,18815877,13836,4486160,105890,19219136
1788981226300857872,23679044,18815913,13836,4486858,105890,19219136
1788981226414755605,23679771,18816054,13836,4487441,105891,19219136
1788981226532739435,23680525,18816205,13836,4488041,105891,19219136
1788981226648705250,23681274,18816334,13836,4488648,105892,19219136
1788981226766591870,23682022,18816471,13836,4489261,105892,19219136
1788981226883650887,23682773,18816615,13836,4489861,105893,19219136
1788981227002019037,23683535,18816702,13836,4490522,105897,19219136
1788981227117809288,23684262,18816804,13836,4491150,105903,19219136
1788981227236152514,23685023,18816928,13836,4491777,105903,19219136
1788981227351075718,23685754,18816979,13836,4492458,105903,19219136
1788981227468767050,23686501,18817066,13836,4493121,105903,19219136
1788981227586811195,23687255,18817151,13836,4493787,105904,19219136
1788981227701921340,23688004,18817223,13836,4494446,105905,19219136
1788981227817500683,23688739,18817329,13836,4495072,105905,19219136
1788981227932682423,23689479,18817398,13836,4495740,105906,19219136
1788981228050715102,23690234,18817522,13836,4496367,105907,19219136
1788981228165677308,23690968,18817560,13836,4497062,105907,19219136
1788981228282974638,23691716,18817714,13836,4497651,105908,19219136
1788981228401564745,23692470,18817820,13836,4498303,105908,19219136
1788981228516927659,23693203,18817950,13836,4498903,105909,19219136
1788981228635045220,23693957,18818086,13836,4499514,105913,19219136
1788981228750267783,23694697,18818143,13836,4500182,105921,19219136
1788981228867210970,23695449,18818239,13836,4500777,105975,19219136
1788981228987342754,23696217,18818304,13836,4501468,105984,19219136
1788981229102485887,23696961,18818379,13836,4502081,106027,19219136
1788981229220637609,23697715,18818488,13836,4502698,106058,19219136
1788981229336196673,23698453,18818534,13836,4503376,106067,19219136
1788981229453190362,23699204,18818667,13836,4503949,106107,19219136
1788981229571484532,23699955,18818803,13836,4504564,106112,19219136
1788981229686771669,23700695,18818914,13836,4505107,106196,19219136
1788981229804895128,23701442,18819192,13836,4505549,106210,19219136
1788981229920832155,23702160,18819443,13836,4506012,106222,19219136
1788981230036956318,23702902,18819695,13836,4506467,106238,19219136
1788981230153349174,23703617,18819942,13836,4506933,106254,19219136
1788981230269099560,23704340,18820210,13836,4507374,106273,19219136
1788981230384273828,23705063,18820452,13836,4507842,106284,19219136
1788981230500148193,23705802,18820714,13836,4508291,106297,19219136
1788981230616072313,23706528,18820953,13836,4508766,106311,19219136
1788981230731178951,23707252,18821189,13836,4509230,106327,19219136
1788981230846276279,23707987,18821436,13836,4509697,106337,19219136
1788981230961995552,23708698,18821686,13836,4510159,106348,19219136
1788981231078592281,23709441,18821942,13836,4510623,106359,19219136
1788981231193538924,23710181,18822199,13836,4511074,106371,19219136
1788981231310067851,23710911,18822447,13836,4511547,106381,19219136
1788981231425114035,23711631,18822692,13836,4512009,106393,19219136
1788981231539716537,23712339,18822978,13836,4512427,106407,19219136
1788981231654763595,23713064,18823245,13836,4512868,106416,19219136
1788981231770043165,23713783,18823479,13836,4513345,106429,19219136
1788981231886850308,23714494,18823746,13836,4513798,106442,19219136
1788981232003026541,23715243,18823977,13836,4514277,106456,19219136
1788981232117469986,23715955,18824234,13836,4514727,106468,19219136
1788981232233829419,23716675,18824497,13836,4515180,106478,19219136
1788981232349350531,23717413,18824748,13836,4515639,106491,19219136
1788981232463858831,23718145,18824995,13836,4516097,106505,19219136
1788981232579316292,23718870,18825235,13836,4516565,106519,19219136
1788981232695732330,23719588,18825484,13836,4517029,106534,19219136
1788981232811173137,23720309,18825736,13836,4517488,106546,19219136
1788981232927478168,23721050,18825992,13836,4517946,106562,19219136
1788981233042242108,23721774,18826244,13836,4518402,106574,19219136
1788981233156676336,23722518,18826461,13836,4518889,106585,19219136
1788981233271390303,23723231,18826716,13836,4519342,106597,19219136
1788981233387138355,23723951,18826976,13836,4519792,106610,19219136
1788981233503056485,23724689,18827227,13836,4520248,106626,19219136
1788981233617549157,23725403,18827495,13836,4520685,106638,19219136
1788981233734010846,23726137,18827743,13836,4521150,106652,19219136
1788981233851385834,23726870,18828001,13836,4521618,106662,19219136
1788981233964529370,23727592,18828248,13836,4522070,106675,19219136
1788981234080089664,23728323,18828492,13836,4522536,106690,19219136
1788981234197080473,23729078,18828743,13836,4522997,106706,19219136
1788981234312161878,23729803,18828982,13836,4523465,106718,19219136
1788981234427667839,23730524,18829259,13836,4523900,106732,19219136
1788981234554157682,23731318,18829537,13836,4524400,106743,19219136
1788981234667945821,23732029,18829788,13836,4524849,106756,19219136
1788981234784083113,23732757,18830029,13836,4525321,106771,19219136
1788981234899878197,23733485,18830276,13836,4525784,106785,19219136
1788981235014962430,23734224,18830554,13836,4526213,106800,19219136
1788981235129870329,23734957,18830819,13836,4526655,106811,19219136
1788981235246244585,23735687,18831066,13836,4527124,106823,19219136
1788981235361631957,23736411,18831315,13836,4527588,106835,19219136
1788981235476366026,23737155,18831556,13836,4528047,106854,19219136
1788981235592032978,23737872,18831802,13836,4528506,106870,19219136
1788981235708324494,23738604,18832069,13836,4528955,106885,19219136
1788981235824833748,23739336,18832292,13836,4529443,106900,19219136
1788981235941583440,23740088,18832559,13836,4529895,106913,19219136
1788981236057448521,23740802,18832822,13836,4530347,106925,19219136
1788981236174322247,23741533,18833059,13836,4530819,106945,19219136
1788981236289571030,23742282,18833315,13836,4531276,106955,19219136
1788981236405151443,23743032,18833561,13836,4531742,106968,19219136
1788981236520074127,23743770,18833798,13836,4532211,106981,19219136
1788981236634639346,23744494,18834072,13836,4532646,106991,19219136
1788981236749814284,23745210,18834314,13836,4533110,107003,19219136
1788981236865391325,23745944,18834559,13836,4533577,107015,19219136
1788981236981082795,23746650,18834812,13836,4534037,107026,19219136
1788981237097083714,23747389,18835063,13836,4534500,107041,19219136
1788981237213104278,23748115,18835300,13836,4534981,107051,19219136
1788981237329306873,23748844,18835541,13836,4535452,107062,19219136
1788981237445304039,23749565,18835801,13836,4535905,107076,19219136
1788981237562801853,23750309,18836130,13836,4536299,107089,19219136
1788981237678448296,23751038,18836423,13836,4536719,107102,19219136
1788981237792041799,23751751,18836729,13836,4537113,107113,19219136
1788981237908878858,23752496,18836964,13836,4537601,107123,19219136
1788981238022602095,23753202,18837206,13836,4538062,107133,19219136
1788981238139287663,23753951,18837447,13836,4538540,107146,19219136
1788981238256146204,23754693,18837690,13836,4539013,107158,19219136
1788981238373605429,23755446,18837938,13836,4539486,107171,19219136
1788981238489185657,23756178,18838188,13836,4539944,107185,19219136
1788981238603260029,23756893,18838466,13836,4540370,107198,19219136
1788981238717009946,23757602,18838740,13836,4540798,107208,19219136
1788981238832858431,23758347,18839002,13836,4541250,107220,19219136
1788981238949059340,23759075,18839255,13836,4541709,107234,19219136
1788981239064618782,23759790,18839532,13836,4542143,107246,19219136
1788981239179620351,23760501,18839790,13836,4542590,107261,19219136
1788981239294642252,23761231,18840007,13836,4543087,107268,19219136
1788981239408188891,23761944,18840254,13836,4543531,107288,19219136
1788981239523629086,23762670,18840500,13836,4543995,107300,19219136
1788981239638067965,23763388,18840740,13836,4544455,107315,19219136
1788981239753751504,23764107,18840986,13836,4544922,107326,19219136
1788981239869725424,23764843,18841262,13836,4545360,107338,19219136
1788981239984838967,23765565,18841485,13836,4545850,107349,19219136
1788981240099925181,23766289,18841729,13836,4546310,107362,19219136
1788981240215463066,23767028,18841968,13836,4546783,107375,19219136
1788981240331064860,23767779,18842205,13836,4547260,107384,19219136
1788981240446078503,23768497,18842464,13836,4547706,107398,19219136
1788981240561737824,23769213,18842734,13836,4548150,107410,19219136
1788981240683341661,23769973,18843003,13836,4548634,107421,19219136
1788981240799841518,23770695,18843256,13836,4549096,107432,19219136
1788981240913897468,23771415,18843496,13836,4549557,107444,19219136
1788981241030700358,23772125,18843745,13836,4550029,107455,19219136
1788981241146171439,23772856,18843990,13836,4550492,107469,19219136
1788981241260876324,23773572,18844256,13836,4550942,107478,19219136
1788981241376638010,23774299,18844501,13836,4551406,107489,19219136
1788981241492024752,23775029,18844777,13836,4551841,107502,19219136
1788981241608946281,23775784,18845042,13836,4552292,107517,19219136
1788981241724648358,23776534,18845309,13836,4552734,107531,19219136
1788981241840381153,23777258,18845585,13836,4553172,107544,19219136
1788981241955128057,23777986,18845870,13836,4553598,107555,19219136
1788981242068915921,23778725,18846120,13836,4554043,107569,19219136
1788981242185326974,23779438,18846368,13836,4554512,107581,19219136
1788981242301032195,23780168,18846627,13836,4554963,107594,19219136
1788981242414859258,23780896,18846885,13836,4555402,107611,19219136
1788981242528247694,23781604,18847137,13836,4555846,107624,19219136
1788981242645167894,23782341,18847408,13836,4556295,107636,19219136
1788981242762030276,23783067,18847675,13836,4556746,107651,19219136
1788981242878940130,23783792,18847937,13836,4557202,107664,19219136
1788981242994442243,23784517,18848174,13836,4557674,107678,19219136
1788981243109866611,23785229,18848468,13836,4558090,107693,19219136
1788981243225943692,23785977,18848726,13836,4558543,107709,19219136
1788981243341078808,23786711,18848962,13836,4559018,107717,19219136
1788981243456404037,23787432,18849201,13836,4559492,107729,19219136
1788981243571035844,23788132,18849487,13836,4559911,107740,19219136
1788981243685601337,23788827,18849735,13836,4560372,107752,19219136
1788981243800502660,23789549,18849988,13836,4560823,107765,19219136
1788981243916877646,23790283,18850255,13836,4561269,107778,19219136
1788981244034049869,23791028,18850478,13836,4561770,107791,19219136
1788981244150074050,23791761,18850735,13836,4562221,107807,19219136
1788981244264133195,23792472,18850970,13836,4562694,107817,19219136
1788981244379815441,23793195,18851217,13836,4563153,107830,19219136
1788981244494880372,23793927,18851489,13836,4563591,107841,19219136
1788981244609446798,23794627,18851768,13836,4564017,107850,19219136
1788981244723961337,23795363,18851993,13836,4564502,107866,19219136
1788981244840082714,23796095,18852238,13836,4564970,107876,19219136
1788981244956047665,23796810,18852485,13836,4565434,107890,19219136
1788981245070869519,23797528,18852735,13836,4565894,107898,19219136
1788981245187658981,23798274,18852992,13836,4566352,107914,19219136
1788981245303746547,23799017,18853233,13836,4566824,107927,19219136
1788981245417738990,23799742,18853470,13836,4567293,107938,19219136
1788981245530822890,23800458,18853733,13836,4567728,107950,19219136
1788981245646853764,23801180,18853986,13836,4568187,107961,19219136
1788981245761219363,23801881,18854227,13836,4568646,107976,19219136
1788981245875130711,23802596,18854473,13836,4569099,107990,19219136
1788981245991862506,23803335,18854731,13836,4569559,108003,19219136
1788981246107366332,23804045,18854977,13836,4570032,108012,19219136
1788981246224086668,23804778,18855219,13836,4570505,108023,19219136
1788981246339972580,23805486,18855453,13836,4570980,108037,19219136
1788981246456183456,23806212,18855704,13836,4571446,108047,19219136
1788981246571666795,23806922,18855958,13836,4571907,108058,19219136
1788981246686641678,23807637,18856206,13836,4572365,108068,19219136
1788981246803377188,23808380,18856466,13836,4572825,108082,19219136
1788981246915914471,23809085,18856726,13836,4573260,108094,19219136
1788981247030974152,23809829,18856976,13836,4573719,108108,19219136
1788981247145662534,23810560,18857232,13836,4574166,108120,19219136
1788981247261568436,23811285,18857486,13836,4574623,108134,19219136
1788981247375995024,23812003,18857726,13836,4575086,108145,19219136
1788981247494891588,23812747,18857970,13836,4575577,108155,19219136
1788981247611871225,23813460,18858205,13836,4576062,108167,19219136
1788981247727164717,23814181,18858466,13836,4576507,108182,19219136
1788981247843212825,23814906,18858721,13836,4576961,108198,19219136
1788981247959674066,23815625,18858986,13836,4577416,108209,19219136
1788981248076374727,23816367,18859233,13836,4577890,108219,19219136
1788981248192269957,23817113,18859522,13836,4578314,108231,19219136
1788981248306491557,23817829,18859774,13836,4578763,108245,19219136
1788981248422638257,23818565,18860037,13836,4579212,108260,19219136
1788981248537839240,23819279,18860292,13836,4579668,108271,19219136
1788981248653728620,23819995,18860558,13836,4580119,108281,19219136
1788981248769283522,23820735,18860790,13836,4580600,108290,19219136
1788981248885167269,23821463,18861033,13836,4581071,108303,19219136
1788981249001540940,23822199,18861311,13836,4581510,108314,19219136
1788981249117371052,23822929,18861561,13836,4581976,108326,19219136
1788981249233957197,23823676,18861848,13836,4582404,108337,19219136
1788981249350196512,23824404,18862133,13836,4582834,108349,19219136
1788981249464747084,23825136,18862389,13836,4583292,108357,19219136
1788981249580737855,23825856,18862642,13836,4583752,108369,19219136
1788981249696008736,23826572,18862891,13836,4584207,108385,19219136
1788981249809859375,23827265,18863136,13836,4584660,108400,19219136
1788981249926555584,23827976,18863389,13836,4585121,108416,19219136
1788981250042278969,23828695,18863645,13836,4585582,108427,19219136
1788981250157533370,23829419,18863889,13836,4586047,108441,19219136
1788981250273816088,23830158,18864126,13836,4586522,108452,19219136
1788981250390498531,23830899,18864363,13836,4587001,108466,19219136
1788981250505034647,23831622,18864606,13836,4587460,108481,19219136
1788981250620082131,23832343,18864865,13836,4587909,108493,19219136
1788981250735788286,23833043,18865118,13836,4588371,108501,19219136
1788981250851191365,23833776,18865333,13836,4588868,108513,19219136
1788981250966296490,23834512,18865611,13836,4589297,108526,19219136
1788981251084071176,23835241,18865867,13836,4589768,108538,19219136
1788981251200002750,23835978,18866130,13836,4590216,108550,19219136
1788981251317083739,23836709,18866371,13836,4590694,108566,19219136
1788981251430803565,23837412,18866684,13836,4591083,108578,19219136
1788981251546906986,23838131,18866917,13836,4591568,108587,19219136
1788981251663832218,23838874,18867168,13836,4592033,108600,19219136
1788981251780240533,23839620,18867418,13836,4592496,108616,19219136
1788981251893739653,23840318,18867703,13836,4592910,108630,19219136
1788981252009672491,23841050,18867969,13836,4593356,108644,19219136
1788981252123543708,23841787,18868238,13836,4593789,108655,19219136
1788981252238397772,23842531,18868500,13836,4594234,108667,19219136
1788981252354155899,23843251,18868762,13836,4594684,108681,19219136
1788981252470444693,23843996,18869031,13836,4595130,108694,19219136
1788981252586020745,23844728,18869296,13836,4595578,108702,19219136
1788981252700135588,23845441,18869548,13836,4596030,108714,19219136
1788981252816554171,23846199,18869795,13836,4596495,108730,19219136
1788981252941035163,23846984,18870047,13836,4597006,108745,19219136
1788981253055039475,23847706,18870289,13836,4597463,108759,19219136
1788981253168882655,23848425,18870524,13836,4597931,108768,19219136
1788981253282224039,23849144,18870780,13836,4598370,108783,19219136
1788981253399048265,23849861,18871048,13836,4598819,108797,19219136
1788981253515877915,23850594,18871299,13836,4599290,108809,19219136
1788981253632712443,23851340,18871547,13836,4599760,108823,19219136
1788981253748525463,23852063,18871809,13836,4600205,108841,19219136
1788981253864225331,23852784,18872048,13836,4600681,108850,19219136
1788981253979747734,23853492,18872317,13836,4601126,108859,19219136
1788981254093824338,23854217,18872580,13836,4601565,108871,19219136
1788981254211611214,23854948,18872823,13836,4602048,108885,19219136
1788981254325838207,23855663,18873065,13836,4602504,108901,19219136
1788981254440940668,23856408,18873300,13836,4602975,108916,19219136
1788981254557116315,23857126,18873547,13836,4603441,108928,19219136
1788981254673353874,23857873,18873817,13836,4603890,108940,19219136
1788981254787614487,23858576,18874087,13836,4604323,108951,19219136
1788981254902155387,23859289,18874333,13836,4604784,108961,19219136
1788981255016705103,23860003,18874608,13836,4605215,108973,19219136
1788981255131596709,23860721,18874850,13836,4605679,108986,19219136
1788981255247512735,23861449,18875094,13836,4606148,108999,19219136
1788981255363359584,23862184,18875361,13836,4606594,109012,19219136
1788981255478963909,23862908,18875613,13836,4607044,109031,19219136
1788981255596479315,23863660,18875898,13836,4607483,109042,19219136
1788981255710394537,23864362,18876147,13836,4607936,109055,19219136
1788981255824414430,23865075,18876400,13836,4608380,109069,19219136
1788981255938098746,23865780,18876656,13836,4608830,109079,19219136
1788981256053852512,23866485,18876907,13836,4609291,109090,19219136
1788981256168370226,23867198,18877162,13836,4609738,109103,19219136
1788981256285911195,23867928,18877419,13836,4610209,109114,19219136
1788981256402888070,23868652,18877663,13836,4610686,109126,19219136
1788981256517900540,23869388,18877919,13836,4611135,109141,19219136
1788981256634188866,23870108,18878166,13836,4611605,109154,19219136
1788981256749242265,23870816,18878412,13836,4612060,109170,19219136
1788981256865008421,23871556,18878655,13836,4612528,109183,19219136
1788981256980790709,23872291,18878888,13836,4613012,109193,19219136
1788981257095350280,23873002,18879129,13836,4613470,109210,19219136
1788981257210995639,23873740,18879368,13836,4613943,109221,19219136
1788981257325583171,23874467,18879640,13836,4614377,109233,19219136
1788981257443088935,23875203,18879917,13836,4614824,109246,19219136
1788981257558452211,23875954,18880162,13836,4615285,109259,19219136
1788981257674874878,23876681,18880409,13836,4615760,109268,19219136
1788981257789252902,23877401,18880654,13836,4616223,109280,19219136
1788981257903788765,23878143,18880906,13836,4616669,109295,19219136
1788981258020146051,23878870,18881150,13836,4617136,109313,19219136
1788981258134068365,23879574,18881394,13836,4617588,109328,19219136
1788981258249917889,23880301,18881646,13836,4618048,109340,19219136
1788981258363534227,23881035,18881893,13836,4618509,109348,19219136
1788981258479070441,23881749,18882146,13836,4618961,109361,19219136
1788981258594740666,23882469,18882414,13836,4619410,109372,19219136
1788981258708508459,23883182,18882678,13836,4619846,109386,19219136
1788981258823875639,23883903,18882947,13836,4620285,109400,19219136
1788981258940029011,23884639,18883205,13836,4620741,109411,19219136
1788981259055501826,23885354,18883453,13836,4621211,109420,19219136
1788981259168674044,23886075,18883694,13836,4621669,109430,19219136
1788981259282439506,23886800,18883956,13836,4622104,109445,19219136
1788981259396703995,23887514,18884222,13836,4622538,109462,19219136
1788981259509964349,23888211,18884492,13836,4622965,109474,19219136
1788981259626785816,23888948,18884758,13836,4623424,109486,19219136
1788981259744533789,23889682,18885016,13836,4623890,109498,19219136
1788981259859975419,23890397,18885278,13836,4624335,109510,19219136
1788981259975360154,23891110,18885534,13836,4624793,109521,19219136
1788981260091198730,23891846,18885792,13836,4625243,109538,19219136
1788981260207915299,23892588,18886061,13836,4625695,109549,19219136
1788981260323280174,23893310,18886290,13836,4626175,109559,19219136
1788981260438130901,23894032,18886577,13836,4626596,109572,19219136
1788981260554614601,23894754,18886854,13836,4627038,109585,19219136
1788981260670543866,23895463,18887122,13836,4627480,109596,19219136
1788981260784522031,23896161,18887385,13836,4627919,109606,19219136
1788981260897886063,23896880,18887650,13836,4628356,109616,19219136
1788981261012325952,23897622,18887909,13836,4628808,109626,19219136
1788981261126464789,23898357,18888169,13836,4629253,109635,19219136
1788981261242191403,23899082,18888413,13836,4629716,109652,19219136
1788981261357789031,23899802,18888658,13836,4630182,109663,19219136
1788981261470846671,23900527,18888925,13836,4630607,109680,19219136
1788981261586934956,23901256,18889187,13836,4631062,109692,19219136
1788981261702378121,23902002,18889450,13836,4631512,109705,19219136
1788981261816050528,23902700,18889725,13836,4631936,109717,19219136
1788981261932106456,23903433,18889965,13836,4632412,109729,19219136
1788981262047667687,23904158,18890207,13836,4632881,109741,19219136
1788981262163597179,23904886,18890451,13836,4633346,109753,19219136
1788981262278284875,23905628,18890694,13836,4633810,109768,19219136
1788981262393614201,23906361,18890924,13836,4634289,109779,19219136
1788981262507454734,23907068,18891173,13836,4634743,109792,19219136
1788981262623443826,23907788,18891441,13836,4635188,109806,19219136
1788981262738826547,23908518,18891706,13836,4635628,109819,19219136
1788981262853599060,23909232,18891987,13836,4636055,109831,19219136
1788981262970550794,23909979,18892274,13836,4636484,109848,19219136
1788981263085121937,23910705,18892638,13836,4636829,109856,19225152
1788981263197647940,23911426,18893278,13836,4636895,109861,19249728
1788981263313819331,23912167,18893392,13836,4637518,109862,19249728
1788981263431116668,23912926,18893538,13836,4638115,109863,19249728
1788981263546140313,23913657,18893567,13836,4638820,109863,19249728
1788981263662339958,23914395,18893716,13836,4639407,109864,19249728
1788981263780476333,23915147,18893853,13836,4640020,109864,19249728
1788981263895671303,23915873,18893938,13836,4640674,109865,19249728
1788981264012472070,23916615,18894053,13836,4641296,109866,19249728
1788981264130671748,23917370,18894167,13836,4641940,109866,19249728
1788981264246026901,23918114,18894240,13836,4642598,109866,19249728
1788981264363554903,23918868,18894332,13836,4643259,109866,19249728
1788981264481699703,23919619,18894417,13836,4643924,109866,19249728
1788981264597041168,23920370,18894496,13836,4644577,109866,19249728
1788981264715053309,23921128,18894572,13836,4645253,109866,19249728
1788981264829727794,23921856,18894657,13836,4645900,109867,19249728
1788981264944612167,23922593,18894744,13836,4646545,109867,19249728
1788981265062539976,23923347,18894927,13836,4647110,109867,19249728
1788981265177455355,23924086,18894962,13836,4647805,109867,19249728
1788981265292565634,23924822,18895041,13836,4648463,109868,19249728
1788981265410702185,23925579,18895176,13836,4649078,109868,19249728
1788981265526138171,23926322,18895208,13836,4649780,109868,19249728
1788981265645055490,23927085,18895293,13836,4650451,109869,19249728
1788981265759447528,23927807,18895407,13836,4651061,109870,19249728
1788981265874366434,23928549,18895433,13836,4651766,109870,19249728
1788981265988013416,23929282,18895570,13836,4652355,109870,19249728
1788981266105936267,23930033,18895683,13836,4652993,109870,19249728
1788981266220953364,23930771,18895769,13836,4653638,109871,19249728
1788981266338100672,23931519,18895899,13836,4654252,109872,19249728
1788981266456035595,23932276,18895975,13836,4654927,109872,19249728
1788981266570632181,23933003,18896036,13836,4655597,109873,19249728
1788981266688615261,23933764,18896135,13836,4656249,109873,19249728
1788981266810402862,23934543,18896355,13836,4656797,109874,19249728
1788981266923221275,23935267,18896506,13836,4657367,109875,19249728
1788981267038849332,23936011,18896630,13836,4657978,109875,19249728
1788981267157014719,23936767,18896838,13836,4658520,109875,19249728
1788981267274937477,23937521,18897040,13836,4659069,109875,19249728
1788981267390886296,23938270,18897129,13836,4659719,109875,19249728
1788981267506371630,23939010,18897273,13836,4660306,109876,19249728
1788981267624662056,23939765,18897508,13836,4660827,109876,19249728
1788981267743887142,23940524,18897721,13836,4661370,109878,19249728
1788981267862231548,23941277,18897850,13836,4661991,109878,19249728
1788981267995193966,23942130,18898039,13836,4662649,109878,19249728
1788981268116631653,23942906,18898193,13836,4663267,109879,19249728
1788981268235080481,23943669,18898286,13836,4663927,109879,19249728
1788981268350015184,23944402,18898371,13836,4664570,109880,19249728
1788981268468311308,23945156,18898481,13836,4665211,109881,19249728
1788981268586215713,23945910,18898662,13836,4665780,109881,19249728
1788981268703434927,23946653,18898777,13836,4666412,109882,19249728
1788981268821014295,23947412,18898869,13836,4667067,109882,19249728
1788981268938641526,23948160,18899003,13836,4667683,109883,19249728
1788981269056727608,23948915,18899134,13836,4668302,109883,19249728
1788981269172131488,23949658,18899156,13836,4669017,109883,19249728
1788981269291140697,23950419,18899259,13836,4669668,109884,19249728
1788981269407178088,23951161,18899364,13836,4670299,109884,19249728
1788981269525149494,23951918,18899508,13836,4670904,109885,19249728
1788981269643317143,23952673,18899690,13836,4671473,109886,19249728
1788981269761077457,23953423,18899835,13836,4672075,109887,19249728
1788981269879690413,23954177,18899921,13836,4672747,109888,19249728
1788981269997547600,23954938,18900005,13836,4673415,109888,19249728
1788981270112871607,23955682,18900084,13836,4674066,109889,19249728
1788981270230845749,23956430,18900186,13836,4674715,109889,19249728
1788981270346055999,23957168,18900364,13836,4675268,109890,19249728
1788981270463285954,23957915,18900502,13836,4675874,109890,19249728
1788981270581240518,23958663,18900629,13836,4676499,109891,19249728
1788981270695780875,23959396,18900743,13836,4677115,109891,19249728
1788981270813848377,23960154,18900870,13836,4677739,109891,19249728
1788981270929599685,23960890,18900896,13836,4678452,109892,19249728
1788981271043494281,23961618,18901020,13836,4679045,109894,19249728
1788981271161560064,23962373,18901100,13836,4679721,109894,19249728
1788981271279415194,23963125,18901269,13836,4680294,109895,19249728
1788981271397383315,23963874,18901405,13836,4680910,109895,19249728
1788981271515354754,23964630,18901574,13836,4681489,109896,19249728
1788981271633312230,23965387,18901665,13836,4682150,109897,19249728
1788981271750802050,23966136,18901745,13836,4682821,109897,19249728
1788981271866271782,23966884,18901827,13836,4683469,109897,19249728
1788981271984202154,23967638,18901947,13836,4684100,109898,19249728
1788981272102391123,23968388,18902103,13836,4684693,109898,19249728
1788981272220802767,23969138,18902204,13836,4685349,109898,19249728
1788981272338878778,23969898,18902373,13836,4685931,109899,19249728
1788981272454908443,23970634,18902525,13836,4686516,109900,19249728
1788981272573122476,23971392,18902627,13836,4687164,109900,19249728
1788981272688286139,23972127,18902683,13836,4687842,109900,19249728
1788981272804333643,23972855,18902817,13836,4688442,109902,19249728
1788981272923009738,23973616,18902930,13836,4689087,109902,19249728
1788981273039580846,23974353,18903076,13836,4689684,109902,19249728
1788981273156051864,23975102,18903229,13836,4690269,109902,19249728
1788981273273955591,23975863,18903393,13836,4690854,109903,19249728
1788981273391967166,23976614,18903510,13836,4691488,109903,19249728
1788981273505498045,23977338,18903575,13836,4692150,109903,19249728
1788981273620798588,23978076,18903655,13836,4692801,109904,19249728
1788981273738920521,23978841,18903785,13836,4693421,109904,19249728
1788981273856859407,23979595,18903903,13836,4694054,109905,19249728
1788981273974043527,23980350,18904002,13836,4694700,109905,19249728
1788981274089882326,23981084,18904191,13836,4695248,109906,19249728
1788981274206314656,23981827,18904311,13836,4695864,109907,19249728
1788981274324475662,23982584,18904394,13836,4696533,109907,19249728
1788981274439623803,23983321,18904452,13836,4697214,109907,19249728
1788981274557567634,23984075,18904625,13836,4697792,109907,19249728
1788981274675649629,23984832,18904809,13836,4698358,109907,19249728
1788981274790877815,23985566,18904928,13836,4698970,109908,19249728
1788981274906522743,23986309,18905057,13836,4699580,109908,19249728
1788981275030045480,23987108,18905185,13836,4700233,109909,19249728
1788981275160577303,23987933,18905328,13836,4700924,109910,19249728
1788981275275927421,23988674,18905366,13836,4701620,109910,19249728
1788981275395016961,23989430,18905462,13836,4702279,109911,19249728
1788981275510161998,23990169,18905576,13836,4702895,109911,19249728
1788981275634045061,23990963,18905744,13836,4703514,109912,19249728
1788981275764243816,23991797,18905859,13836,4704227,109912,19249728
1788981275882592781,23992556,18906007,13836,4704835,109912,19249728
1788981276000647445,23993312,18906166,13836,4705426,109913,19249728
1788981276115420762,23994052,18906261,13836,4706058,109913,19249728
1788981276231068540,23994800,18906367,13836,4706685,109914,19249728
1788981276348902416,23995558,18906493,13836,4707310,109914,19249728
1788981276466709864,23996306,18906642,13836,4707910,109916,19249728
1788981276584732224,23997056,18906732,13836,4708571,109916,19249728
1788981276702908298,23997817,18906903,13836,4709149,109917,19249728
1788981276819279608,23998559,18907031,13836,4709758,109918,19249728
1788981276937206396,23999310,18907130,13836,4710410,109918,19249728
1788981277052111459,24000039,18907187,13836,4711086,109919,19249728
1788981277170399065,24000797,18907282,13836,4711739,109919,19249728
1788981277288589916,24001552,18907455,13836,4712323,109919,19249728
1788981277407084308,24002300,18907566,13836,4712963,109921,19249728
1788981277521202481,24003034,18907712,13836,4713540,109921,19249728
1788981277639424010,24003787,18907881,13836,4714120,109922,19249728
1788981277757394496,24004542,18908015,13836,4714736,109923,19249728
1788981277872949411,24005285,18908060,13836,4715432,109923,19249728
1788981277987753144,24006008,18908154,13836,4716067,109924,19249728
1788981278105842906,24006767,18908277,13836,4716695,109924,19249728
1788981278223786725,24007519,18908406,13836,4717314,109925,19249728
1788981278341867542,24008280,18908509,13836,4717963,109925,19249728
1788981278456527153,24009003,18908657,13836,4718545,109926,19249728
1788981278574699726,24009755,18908762,13836,4719191,109926,19249728
1788981278692777955,24010508,18908845,13836,4719860,109927,19249728
1788981278807890185,24011243,18908918,13836,4720516,109928,19249728
1788981278926146507,24011993,18908986,13836,4721200,109928,19249728
1788981279043835278,24012740,18909154,13836,4721781,109929,19249728
1788981279161059073,24013486,18909266,13836,4722412,109929,19249728
1788981279279023116,24014240,18909407,13836,4723023,109930,19249728
1788981279397027735,24015000,18909516,13836,4723664,109930,19249728
1788981279511352105,24015732,18909659,13836,4724246,109930,19249728
1788981279626583828,24016463,18909716,13836,4724928,109931,19249728
1788981279739759854,24017192,18909845,13836,4725517,109931,19249728
1788981279857766565,24017944,18909929,13836,4726184,109932,19249728
1788981279975810274,24018704,18910092,13836,4726771,109932,19249728
1788981280093957115,24019457,18910221,13836,4727393,109932,19249728
1788981280212039373,24020207,18910349,13836,4728014,109932,19249728
1788981280330026424,24020964,18910441,13836,4728675,109932,19249728
1788981280443847740,24021695,18910502,13836,4729340,109932,19249728
1788981280559058521,24022443,18910587,13836,4729985,109933,19249728
1788981280677013835,24023195,18910725,13836,4730597,109934,19249728
1788981280794900063,24023952,18910878,13836,4731194,109934,19249728
1788981280912119242,24024702,18910980,13836,4731836,109935,19249728
1788981281030208900,24025442,18911150,13836,4732416,109936,19249728
1788981281146483551,24026182,18911277,13836,4733025,109936,19249728
1788981281264421783,24026940,18911350,13836,4733704,109936,19249728
1788981281379653151,24027676,18911405,13836,4734388,109936,19249728
1788981281496760006,24028421,18911505,13836,4735033,109937,19249728
1788981281614849550,24029187,18911671,13836,4735618,109937,19249728
1788981281733218828,24029950,18911765,13836,4736273,109940,19249728
1788981281847023467,24030672,18911891,13836,4736870,109941,19249728
1788981281965053801,24031423,18912056,13836,4737452,109943,19249728
1788981282083066911,24032174,18912193,13836,4738065,109943,19249728
1788981282197599003,24032903,18912214,13836,4738778,109943,19249728
1788981282312958053,24033640,18912303,13836,4739419,109945,19249728
1788981282430949627,24034385,18912465,13836,4740008,109945,19249728
1788981282549343916,24035141,18912619,13836,4740606,109946,19249728
1788981282667455389,24035899,18912709,13836,4741264,109946,19249728
1788981282784030836,24036644,18912895,13836,4741823,109946,19249728
1788981282900456369,24037380,18913011,13836,4742443,109946,19249728
1788981283018723485,24038138,18913102,13836,4743110,109946,19249728
1788981283133466547,24038863,18913178,13836,4743762,109947,19249728
1788981283251608254,24039614,18913298,13836,4744396,109947,19249728
1788981283369633075,24040373,18913501,13836,4744945,109947,19249728
1788981283488148489,24041143,18913605,13836,4745592,109947,19249728
1788981283602867908,24041874,18913736,13836,4746191,109948,19249728
1788981283720832371,24042625,18913904,13836,4746772,109949,19249728
1788981283838769718,24043384,18914036,13836,4747391,109949,19249728
1788981283954146119,24044126,18914068,13836,4748092,109949,19249728
1788981284069364589,24044850,18914149,13836,4748740,109950,19249728
1788981284187687868,24045603,18914286,13836,4749359,109951,19249728
1788981284303085743,24046342,18914313,13836,4750067,109951,19249728
1788981284421357628,24047096,18914445,13836,4750688,109952,19249728
1788981284539949121,24047860,18914526,13836,4751361,109952,19249728
1788981284655003544,24048598,18914568,13836,4752051,109952,19249728
1788981284771536844,24049338,18914714,13836,4752647,109953,19249728
1788981284889754036,24050093,18914795,13836,4753318,109953,19249728
1788981285004970358,24050838,18914867,13836,4753976,109955,19249728
1788981285123122175,24051589,18914957,13836,4754637,109955,19249728
1788981285241042272,24052340,18915035,13836,4755310,109955,19249728
1788981285356178694,24053091,18915115,13836,4755963,109956,19249728
1788981285474128991,24053845,18915218,13836,4756612,109956,19249728
1788981285587905115,24054577,18915274,13836,4757281,109956,19249728
1788981285702916386,24055302,18915380,13836,4757906,109957,19249728
1788981285821218546,24056060,18915565,13836,4758472,109957,19249728
1788981285936664678,24056796,18915621,13836,4759155,109957,19249728
1788981286051670186,24057536,18915719,13836,4759787,109958,19249728
1788981286169146136,24058293,18915844,13836,4760407,109958,19249728
1788981286284452237,24059024,18915875,13836,4761110,109958,19249728
1788981286401756116,24059780,18916003,13836,4761729,109958,19249728
1788981286517669577,24060524,18916106,13836,4762366,109958,19249728
1788981286633028204,24061265,18916150,13836,4763054,109959,19249728
1788981286749667986,24062007,18916269,13836,4763677,109960,19249728
1788981286868143348,24062770,18916356,13836,4764342,109960,19249728
1788981286982884107,24063514,18916446,13836,4764984,109960,19249728
1788981287100114526,24064238,18916685,13836,4765471,109971,19249728
1788981287218179357,24064985,18916923,13836,4765963,109983,19249728
1788981287334795455,24065709,18917188,13836,4766415,109992,19249728
1788981287449471180,24066419,18917441,13836,4766871,110001,19249728
1788981287565354921,24067155,18917701,13836,4767324,110014,19249728
1788981287680929548,24067868,18917947,13836,4767788,110024,19249728
1788981287795135740,24068583,18918185,13836,4768260,110035,19249728
1788981287911446236,24069329,18918446,13836,4768713,110047,19249728
1788981288026098825,24070046,18918740,13836,4769125,110058,19249728
1788981288140325996,24070757,18918983,13836,4769579,110076,19249728
1788981288253459693,24071455,18919224,13836,4770035,110089,19249728
1788981288368200217,24072181,18919468,13836,4770502,110098,19249728
1788981288488222136,24072959,18919709,13836,4770996,110111,19249728
1788981288603901149,24073691,18919966,13836,4771450,110126,19249728
1788981288720587326,24074415,18920211,13836,4771920,110140,19249728
1788981288835564625,24075140,18920482,13836,4772356,110155,19249728
1788981288951481492,24075845,18920769,13836,4772783,110164,19249728
1788981289066535444,24076564,18921017,13836,4773243,110177,19249728
1788981289182100167,24077309,18921258,13836,4773710,110193,19249728
1788981289297209182,24078036,18921516,13836,4774160,110207,19249728
1788981289411836202,24078748,18921762,13836,4774614,110221,19249728
1788981289528098558,24079484,18922011,13836,4775084,110231,19249728
1788981289643781245,24080209,18922311,13836,4775493,110244,19249728
1788981289758843524,24080936,18922587,13836,4775934,110253,19249728
1788981289873540322,24081654,18922821,13836,4776412,110261,19249728
1788981289990377413,24082390,18923080,13836,4776868,110272,19249728
1788981290104829942,24083103,18923372,13836,4777275,110292,19249728
1788981290220900719,24083831,18923643,13836,4777718,110304,19249728
1788981290335574258,24084551,18923950,13836,4778117,110317,19249728
1788981290451750902,24085276,18924197,13836,4778591,110326,19249728
1788981290568742771,24086022,18924463,13836,4779045,110340,19249728
1788981290685182964,24086746,18924724,13836,4779501,110351,19249728
1788981290798595202,24087455,18925093,13836,4779835,110361,19249728
1788981290914161496,24088214,18925370,13836,4780270,110374,19249728
1788981291029957175,24088954,18925624,13836,4780727,110386,19249728
1788981291143683379,24089641,18925871,13836,4781184,110395,19249728
1788981291259923152,24090352,18926154,13836,4781617,110406,19249728
1788981291376109559,24091084,18926425,13836,4782065,110417,19249728
1788981291492151181,24091810,18926682,13836,4782520,110429,19249728
1788981291605564824,24092522,18926928,13836,4782975,110441,19249728
1788981291721970385,24093255,18927180,13836,4783433,110457,19249728
1788981291838177681,24093985,18927409,13836,4783917,110472,19249728
1788981291953486076,24094716,18927658,13836,4784378,110485,19249728
1788981292069353036,24095455,18927901,13836,4784840,110501,19249728
1788981292183748290,24096163,18928157,13836,4785292,110512,19249728
1788981292299379429,24096911,18928424,13836,4785731,110531,19249728
1788981292415714916,24097648,18928673,13836,4786191,110549,19249728
1788981292529822578,24098383,18928911,13836,4786660,110560,19249728
1788981292646034428,24099128,18929156,13836,4787128,110572,19249728
1788981292763838135,24099875,18929416,13836,4787595,110583,19249728
1788981292879824386,24100584,18929711,13836,4788012,110597,19249728
1788981292995668953,24101301,18929990,13836,4788447,110609,19249728
1788981293110277554,24102036,18930231,13836,4788911,110621,19249728
1788981293226592361,24102764,18930476,13836,4789379,110636,19249728
1788981293342107588,24103494,18930740,13836,4789828,110645,19249728
1788981293457015865,24104233,18931007,13836,4790275,110656,19249728
1788981293570763186,24104935,18931272,13836,4790707,110670,19249728
1788981293685682165,24105633,18931513,13836,4791169,110685,19249728
1788981293800194373,24106354,18931770,13836,4791615,110697,19249728
1788981293914485033,24107092,18932022,13836,4792070,110708,19249728
1788981294030466692,24107839,18932288,13836,4792519,110719,19249728
1788981294144363487,24108532,18932534,13836,4792976,110733,19249728
1788981294259262971,24109251,18932813,13836,4793404,110743,19249728
1788981294376115438,24109989,18933074,13836,4793858,110757,19249728
1788981294492631834,24110712,18933362,13836,4794291,110767,19249728
1788981294607667565,24111444,18933601,13836,4794764,110777,19249728
1788981294724795232,24112165,18933863,13836,4795222,110789,19249728
1788981294841725123,24112914,18934118,13836,4795688,110801,19249728
1788981294957249848,24113651,18934363,13836,4796148,110819,19249728
1788981295071686485,24114367,18934614,13836,4796600,110830,19249728
1788981295189390033,24115121,18934871,13836,4797069,110839,19249728
1788981295304487237,24115835,18935128,13836,4797524,110851,19249728
1788981295421208523,24116557,18935369,13836,4797999,110863,19249728
1788981295537534167,24117300,18935612,13836,4798469,110879,19249728
1788981295652540602,24118018,18935873,13836,4798913,110893,19249728
1788981295768960867,24118739,18936130,13836,4799368,110907,19249728
1788981295884539237,24119462,18936396,13836,4799815,110918,19249728
1788981295999427800,24120180,18936635,13836,4800285,110929,19249728
1788981296116083936,24120916,18936884,13836,4800755,110942,19249728
1788981296232057391,24121627,18937155,13836,4801200,110949,19249728
1788981296347194051,24122346,18937425,13836,4801641,110960,19249728
1788981296463883249,24123079,18937700,13836,4802086,110971,19249728
1788981296581081602,24123833,18937965,13836,4802545,110983,19249728
1788981296699549241,24124586,18938200,13836,4803041,110994,19249728
1788981296814039197,24125330,18938466,13836,4803476,111007,19249728
1788981296927208391,24126038,18938719,13836,4803924,111018,19249728
1788981297040551686,24126741,18938975,13836,4804363,111029,19249728
1788981297154208389,24127474,18939234,13836,4804803,111041,19249728
1788981297269335805,24128203,18939531,13836,4805215,111054,19249728
1788981297386565197,24128926,18939773,13836,4805694,111069,19249728
1788981297503082382,24129646,18940018,13836,4806162,111085,19249728
1788981297618800351,24130379,18940253,13836,4806638,111095,19249728
1788981297735055819,24131111,18940505,13836,4807101,111106,19249728
1788981297848749959,24131821,18940760,13836,4807545,111120,19249728
1788981297965880786,24132565,18941015,13836,4808015,111130,19249728
1788981298081888711,24133276,18941261,13836,4808485,111142,19249728
1788981298197081325,24134000,18941505,13836,4808941,111160,19249728
1788981298310781556,24134709,18941765,13836,4809385,111172,19249728
1788981298426270539,24135425,18942020,13836,4809835,111185,19249728
1788981298541590537,24136131,18942269,13836,4810300,111194,19249728
1788981298655652741,24136852,18942509,13836,4810767,111204,19249728
1788981298771516671,24137595,18942774,13836,4811210,111221,19249728
1788981298887530040,24138328,18943019,13836,4811677,111233,19249728
1788981299003836362,24139036,18943287,13836,4812125,111243,19249728
1788981299117372803,24139753,18943553,13836,4812554,111258,19249728
1788981299233656415,24140482,18943813,13836,4813009,111272,19249728
1788981299349697150,24141202,18944045,13836,4813491,111284,19249728
1788981299465105951,24141899,18944302,13836,4813944,111297,19249728
1788981299580274188,24142618,18944555,13836,4814399,111310,19249728
1788981299696050951,24143354,18944842,13836,4814825,111322,19249728
1788981299812859903,24144079,18945088,13836,4815299,111333,19249728
1788981299934838340,24144850,18945379,13836,4815753,111349,19249728
1788981300052288150,24145584,18945617,13836,4816241,111361,19249728
1788981300169784496,24146324,18945852,13836,4816725,111374,19249728
1788981300285739568,24147068,18946106,13836,4817186,111387,19249728
1788981300402868770,24147810,18946357,13836,4817649,111404,19249728
1788981300516627836,24148516,18946629,13836,4818076,111419,19249728
1788981300630576484,24149238,18946894,13836,4818504,111439,19249728
1788981300746888184,24149970,18947154,13836,4818963,111450,19249728
1788981300860800038,24150695,18947408,13836,4819410,111462,19249728
1788981300976481835,24151419,18947653,13836,4819875,111477,19249728
1788981301090975649,24152162,18947892,13836,4820341,111492,19249728
1788981301205433514,24152879,18948149,13836,4820785,111506,19249728
1788981301320933673,24153601,18948432,13836,4821211,111518,19249728
1788981301435867080,24154332,18948718,13836,4821636,111527,19249728
1788981301549505906,24155047,18948968,13836,4822085,111540,19249728
1788981301665668656,24155774,18949218,13836,4822552,111551,19249728
1788981301781066592,24156499,18949454,13836,4823024,111564,19249728
1788981301897315437,24157228,18949727,13836,4823464,111581,19249728
1788981302012569283,24157965,18949990,13836,4823909,111594,19249728
1788981302126283908,24158689,18950238,13836,4824363,111608,19249728
1788981302242282521,24159414,18950490,13836,4824823,111618,19249728
1788981302358096687,24160139,18950738,13836,4825290,111631,19249728
1788981302473967280,24160862,18950990,13836,4825748,111643,19249728
1788981302589677039,24161592,18951251,13836,4826192,111662,19249728
1788981302704132959,24162316,18951523,13836,4826625,111673,19249728
1788981302817882206,24163036,18951769,13836,4827082,111685,19249728
1788981302934301307,24163767,18952024,13836,4827547,111696,19249728
1788981303051007722,24164519,18952265,13836,4828018,111712,19249728
1788981303167810543,24165261,18952532,13836,4828467,111725,19249728
1788981303282533264,24165971,18952784,13836,4828920,111738,19249728
1788981303397097953,24166682,18953076,13836,4829331,111752,19249728
1788981303512465614,24167393,18953308,13836,4829817,111762,19249728
1788981303626526243,24168123,18953579,13836,4830246,111774,19249728
1788981303742600763,24168859,18953842,13836,4830696,111788,19249728
1788981303857394707,24169578,18954090,13836,4831155,111799,19249728
1788981303973786823,24170307,18954394,13836,4831570,111811,19249728
1788981304089461464,24171031,18954640,13836,4832037,111823,19249728
1788981304204687121,24171762,18954875,13836,4832515,111834,19249728
1788981304319537093,24172476,18955132,13836,4832963,111846,19249728
1788981304434825643,24173206,18955388,13836,4833419,111857,19249728
1788981304550032506,24173928,18955636,13836,4833876,111870,19249728
1788981304664634896,24174626,18955897,13836,4834321,111882,19249728
1788981304779261939,24175364,18956152,13836,4834774,111891,19249728
1788981304896538463,24176102,18956396,13836,4835253,111902,19249728
1788981305011305717,24176821,18956632,13836,4835718,111920,19249728
1788981305126216616,24177521,18956886,13836,4836173,111931,19249728
1788981305242954347,24178251,18957131,13836,4836648,111941,19249728
1788981305358927033,24178986,18957398,13836,4837096,111953,19249728
1788981305474229093,24179700,18957635,13836,4837575,111963,19249728
1788981305588505942,24180429,18957882,13836,4838030,111973,19249728
1788981305705694669,24181159,18958114,13836,4838516,111988,19249728
1788981305819313050,24181884,18958363,13836,4838965,112001,19249728
1788981305934344256,24182593,18958600,13836,4839434,112016,19249728
1788981306050043583,24183327,18958883,13836,4839860,112029,19249728
1788981306164899365,24184058,18959132,13836,4840329,112038,19249728
1788981306281369937,24184789,18959376,13836,4840795,112051,19249728
1788981306396336481,24185531,18959624,13836,4841253,112063,19249728
1788981306509472066,24186261,18959872,13836,4841697,112083,19249728
1788981306624940368,24186995,18960135,13836,4842143,112096,19249728
1788981306740803040,24187730,18960420,13836,4842572,112107,19249728
1788981306855697246,24188468,18960675,13836,4843027,112117,19249728
1788981306973007842,24189215,18960933,13836,4843490,112132,19249728
1788981307088766188,24189950,18961197,13836,4843932,112150,19249728
1788981307204829907,24190692,18961440,13836,4844403,112163,19249728
1788981307318096665,24191398,18961698,13836,4844843,112175,19249728
1788981307434093853,24192117,18961956,13836,4845292,112191,19249728
1788981307551252152,24192849,18962229,13836,4845743,112202,19249728
1788981307663430300,24193540,18962485,13836,4846183,112214,19249728
1788981307780337202,24194276,18962735,13836,4846648,112228,19249728
1788981307895497010,24195005,18962978,13836,4847110,112241,19249728
1788981308011555829,24195740,18963232,13836,4847571,112250,19249728
1788981308126053257,24196440,18963485,13836,4848026,112260,19249728
1788981308241483912,24197158,18963729,13836,4848495,112271,19249728
1788981308356284681,24197892,18963972,13836,4848960,112283,19249728
1788981308472906171,24198635,18964207,13836,4849440,112297,19249728
1788981308586642024,24199335,18964461,13836,4849886,112309,19249728
1788981308703187866,24200081,18964771,13836,4850293,112324,19249728
1788981308819084887,24200808,18965079,13836,4850701,112333,19249728
1788981308934472996,24201557,18965338,13836,4851151,112349,19249728
1788981309051095820,24202307,18965580,13836,4851627,112361,19249728
1788981309168039184,24203042,18965822,13836,4852096,112381,19249728
1788981309283829084,24203761,18966076,13836,4852558,112392,19249728
1788981309398288702,24204481,18966357,13836,4852980,112404,19249728
1788981309513765072,24205211,18966628,13836,4853417,112419,19249728
1788981309629468505,24205929,18966872,13836,4853886,112432,19249728
1788981309745967353,24206642,18967115,13836,4854361,112444,19249728
1788981309859489591,24207349,18967375,13836,4854796,112456,19249728
1788981309972768080,24208047,18967644,13836,4855224,112469,19249728
1788981310089154125,24208787,18967915,13836,4855672,112483,19249728
1788981310204316172,24209512,18968168,13836,4856124,112498,19249728
1788981310318948078,24210205,18968397,13836,4856603,112509,19249728
1788981310435093824,24210934,18968642,13836,4857066,112526,19249728
1788981310551078712,24211647,18968911,13836,4857516,112534,19249728
1788981310666338945,24212364,18969166,13836,4857973,112545,19249728
1788981310782958393,24213091,18969412,13836,4858446,112554,19249728
1788981310897955872,24213812,18969669,13836,4858888,112573,19249728
1788981311015121378,24214550,18969916,13836,4859362,112587,19249728
1788981311132695948,24215295,18970165,13836,4859838,112597,19249728
1788981311248026787,24216034,18970421,13836,4860289,112613,19249728
1788981311362763307,24216755,18970690,13836,4860729,112622,19249728
1788981311476844850,24217467,18970970,13836,4861150,112635,19249728
1788981311592140391,24218200,18971246,13836,4861584,112646,19249728
1788981311706474862,24218900,18971537,13836,4862007,112653,19249728
1788981311819815353,24219607,18971780,13836,4862457,112668,19249728
1788981311935416066,24220329,18972024,13836,4862924,112683,19249728
1788981312050318622,24221068,18972284,13836,4863368,112695,19249728
1788981312166688736,24221773,18972519,13836,4863848,112707,19249728
1788981312282974012,24222491,18972763,13836,4864327,112718,19249728
1788981312402925308,24223254,18973026,13836,4864800,112731,19249728
1788981312518269243,24223989,18973293,13836,4865241,112745,19249728
1788981312634286269,24224714,18973539,13836,4865711,112758,19249728
1788981312749163626,24225441,18973803,13836,4866150,112771,19249728
1788981312865866105,24226172,18974046,13836,4866620,112786,19249728
1788981312982142001,24226900,18974277,13836,4867113,112795,19249728
1788981313096786651,24227626,18974523,13836,4867571,112808,19249728
1788981313214091162,24228353,18974764,13836,4868047,112823,19249728
1788981313328959293,24229072,18975035,13836,4868479,112841,19249728
1788981313445114516,24229808,18975296,13836,4868928,112857,19249728
1788981313559746792,24230518,18975556,13836,4869374,112870,19249728
1788981313674120623,24231234,18975792,13836,4869844,112879,19249728
1788981313790566871,24231929,18976038,13836,4870315,112893,19249728
1788981313906130423,24232673,18976285,13836,4870775,112907,19249728
1788981314022046260,24233397,18976534,13836,4871241,112922,19249728
1788981314137577689,24234119,18976781,13836,4871699,112935,19249728
1788981314251796935,24234838,18977032,13836,4872151,112947,19249728
1788981314368869531,24235565,18977256,13836,4872653,112956,19249728
1788981314482473739,24236271,18977495,13836,4873114,112967,19249728
1788981314598587994,24236988,18977757,13836,4873566,112980,19249728
1788981314714465023,24237722,18978011,13836,4874025,112993,19249728
1788981314828699796,24238433,18978271,13836,4874468,113003,19249728
1788981314941878819,24239137,18978550,13836,4874881,113019,19249728
1788981315060439874,24239894,18978780,13836,4875382,113033,19249728
1788981315174816594,24240611,18979020,13836,4875842,113047,19249728
1788981315291966967,24241349,18979258,13836,4876325,113059,19249728
1788981315406816022,24242063,18979510,13836,4876779,113074,19249728
1788981315521157889,24242763,18979757,13836,4877224,113093,19249728
1788981315636061927,24243473,18980053,13836,4877637,113104,19249728
1788981315750430485,24244181,18980298,13836,4878102,113116,19249728
1788981315865395200,24244908,18980553,13836,4878551,113128,19249728
1788981315980041744,24245621,18980801,13836,4879010,113140,19249728
1788981316094331497,24246341,18981049,13836,4879470,113149,19249728
1788981316211922211,24247073,18981332,13836,4879905,113165,19249728
1788981316326105311,24247758,18981576,13836,4880365,113177,19249728
1788981316443727356,24248513,18981827,13836,4880841,113187,19249728
1788981316560521797,24249253,18982088,13836,4881299,113199,19249728
1788981316677695110,24249986,18982329,13836,4881776,113212,19249728
1788981316792710787,24250721,18982589,13836,4882227,113223,19249728
1788981316908490106,24251451,18982884,13836,4882644,113234,19249728
1788981317022732499,24252168,18983121,13836,4883110,113247,19249728
1788981317136463224,24252877,18983365,13836,4883568,113258,19249728
1788981317252279308,24253600,18983610,13836,4884039,113269,19249728
1788981317366924064,24254322,18983860,13836,4884492,113281,19249728
1788981317481621790,24255054,18984104,13836,4884954,113293,19249728
1788981317596197539,24255767,18984372,13836,4885397,113303,19249728
1788981317711266056,24256490,18984644,13836,4885827,113316,19249728
1788981317825784772,24257217,18984874,13836,4886308,113326,19249728
1788981317939797715,24257921,18985122,13836,4886760,113341,19249728
1788981318055562488,24258634,18985361,13836,4887227,113355,19249728
1788981318170805384,24259354,18985608,13836,4887690,113370,19249728
1788981318286062553,24260072,18985859,13836,4888139,113388,19249728
1788981318403088784,24260824,18986132,13836,4888588,113400,19249728
1788981318521911763,24261559,18986362,13836,4889093,113409,19249728
1788981318637655481,24262297,18986609,13836,4889559,113420,19249728
1788981318752475518,24263016,18986857,13836,4890020,113433,19249728
1788981318868438982,24263729,18987122,13836,4890466,113444,19249728
1788981318984704490,24264463,18987388,13836,4890916,113458,19249728
1788981319099718973,24265194,18987633,13836,4891386,113468,19249728
1788981319215929641,24265921,18987883,13836,4891848,113479,19249728
1788981319330261563,24266658,18988121,13836,4892315,113490,19249728
1788981319444956823,24267388,18988407,13836,4892733,113503,19249728
1788981319560548866,24268112,18988656,13836,4893189,113522,19249728
1788981319676061454,24268842,18988904,13836,4893653,113532,19249728
1788981319790034043,24269582,18989145,13836,4894114,113544,19249728
1788981319903268798,24270282,18989403,13836,4894552,113558,19249728
1788981320018561581,24270980,18989701,13836,4894965,113570,19249728
1788981320134871619,24271699,18989958,13836,4895424,113582,19249728
1788981320250318100,24272416,18990208,13836,4895883,113596,19249728
1788981320363478844,24273130,18990479,13836,4896308,113610,19249728
1788981320479927565,24273856,18990795,13836,4896709,113623,19249728
1788981320592815633,24274576,18991495,13836,4896712,113630,19285184
1788981320706372822,24275303,18991770,13836,4897160,113631,19285184
1788981320829905822,24276093,18991930,13836,4897783,113631,19285184
1788981320944376301,24276822,18991963,13836,4898478,113631,19285184
1788981321059239224,24277556,18992049,13836,4899122,113632,19285184
1788981321177583505,24278309,18992178,13836,4899750,113632,19285184
1788981321292838800,24279045,18992203,13836,4900458,113632,19285184
1788981321409073049,24279804,18992331,13836,4901066,113633,19285184
1788981321526956993,24280562,18992423,13836,4901726,113633,19285184
1788981321641876752,24281303,18992510,13836,4902372,113634,19285184
1788981321760222747,24282063,18992618,13836,4903013,113634,19285184
1788981321878289195,24282814,18992714,13836,4903669,113634,19285184
1788981321993197680,24283548,18992793,13836,4904320,113635,19285184
1788981322111123472,24284303,18992901,13836,4904964,113635,19285184
1788981322226365622,24285041,18992976,13836,4905622,113635,19285184
1788981322341480633,24285781,18993083,13836,4906245,113636,19285184
1788981322459564020,24286529,18993271,13836,4906813,113636,19285184
1788981322575170243,24287271,18993358,13836,4907460,113636,19285184
1788981322691541607,24288013,18993461,13836,4908098,113636,19285184
1788981322808326263,24288764,18993587,13836,4908710,113636,19285184
1788981322923759514,24289503,18993613,13836,4909425,113637,19285184
1788981323038551749,24290250,18993737,13836,4910031,113637,19285184
1788981323156482844,24291006,18993847,13836,4910666,113637,19285184
1788981323271674725,24291747,18993897,13836,4911354,113637,19285184
1788981323389864658,24292507,18993996,13836,4912007,113637,19285184
1788981323507955347,24293263,18994072,13836,4912683,113637,19285184
1788981323622817715,24293995,18994146,13836,4913339,113638,19285184
1788981323740791522,24294747,18994279,13836,4913956,113638,19285184
1788981323853849892,24295467,18994332,13836,4914625,113638,19285184
1788981323969142480,24296202,18994417,13836,4915269,113639,19285184
1788981324087443073,24296960,18994582,13836,4915854,113639,19285184
1788981324205543729,24297719,18994744,13836,4916448,113639,19285184
1788981324323384374,24298467,18994876,13836,4917061,113640,19285184
1788981324441302275,24299217,18995055,13836,4917630,113641,19285184
1788981324557269604,24299951,18995164,13836,4918258,113642,19285184
1788981324690184366,24300808,18995289,13836,4918979,113642,19285184
1788981324823582401,24301656,18995380,13836,4919738,113643,19285184
1788981324941733302,24302411,18995503,13836,4920366,113643,19285184
1788981325059920373,24303167,18995657,13836,4920961,113643,19285184
1788981325177587566,24303915,18995753,13836,4921616,113643,19285184
1788981325294448924,24304658,18995933,13836,4922174,113644,19285184
1788981325411753483,24305401,18996039,13836,4922818,113644,19285184
1788981325529781435,24306155,18996123,13836,4923486,113644,19285184
1788981325645185155,24306892,18996189,13836,4924150,113645,19285184
1788981325762339324,24307646,18996275,13836,4924808,113645,19285184
1788981325878053042,24308388,18996432,13836,4925392,113646,19285184
1788981326000266809,24309174,18996577,13836,4926019,113647,19285184
1788981326118230226,24309927,18996736,13836,4926613,113647,19285184
1788981326235876501,24310681,18996852,13836,4927245,113648,19285184
1788981326354028759,24311444,18996998,13836,4927849,113648,19285184
1788981326469233754,24312184,18997050,13836,4928533,113648,19285184
1788981326583725841,24312915,18997183,13836,4929128,113648,19285184
1788981326701729454,24313672,18997279,13836,4929783,113648,19285184
1788981326815320355,24314400,18997435,13836,4930346,113649,19285184
1788981326933335073,24315150,18997608,13836,4930924,113649,19285184
1788981327051273836,24315905,18997772,13836,4931509,113650,19285184
1788981327169574925,24316664,18997947,13836,4932090,113650,19285184
1788981327284333750,24317395,18997987,13836,4932778,113650,19285184
1788981327399345640,24318126,18998070,13836,4933424,113652,19285184
1788981327517377612,24318883,18998223,13836,4934020,113652,19285184
1788981327635248175,24319633,18998366,13836,4934627,113653,19285184
1788981327753209652,24320385,18998487,13836,4935258,113653,19285184
1788981327868811051,24321117,18998674,13836,4935805,113655,19285184
1788981327986214462,24321867,18998779,13836,4936441,113656,19285184
1788981328104432296,24322621,18998860,13836,4937112,113656,19285184
1788981328219519567,24323351,18998943,13836,4937764,113657,19285184
1788981328338181883,24324113,18999024,13836,4938436,113657,19285184
1788981328456734368,24324864,18999180,13836,4939035,113658,19285184
1788981328574887227,24325620,18999271,13836,4939696,113658,19285184
1788981328692800097,24326372,18999403,13836,4940314,113658,19285184
1788981328806764774,24327098,18999520,13836,4940922,113658,19285184
1788981328924946851,24327857,18999603,13836,4941591,113658,19285184
1788981329040294404,24328598,18999670,13836,4942254,113659,19285184
1788981329158755026,24329353,18999770,13836,4942911,113659,19285184
1788981329276676555,24330104,18999926,13836,4943505,113660,19285184
1788981329396046079,24330864,19000036,13836,4944151,113661,19285184
1788981329517117991,24331644,19000169,13836,4944788,113661,19285184
1788981329634671563,24332399,19000302,13836,4945404,113661,19285184
1788981329747883954,24333125,19000411,13836,4946015,113661,19285184
1788981329863059243,24333860,19000455,13836,4946705,113661,19285184
1788981329977275222,24334583,19000562,13836,4947321,113662,19285184
1788981330095949593,24335344,19000678,13836,4947963,113662,19285184
1788981330209940091,24336080,19000800,13836,4948564,113663,19285184
1788981330327056717,24336827,19000922,13836,4949187,113663,19285184
1788981330444922342,24337584,19001090,13836,4949766,113666,19285184
1788981330562923492,24338332,19001217,13836,4950389,113667,19285184
1788981330678038185,24339068,19001240,13836,4951100,113667,19285184
1788981330795453962,24339821,19001320,13836,4951764,113667,19285184
1788981330912069367,24340569,19001457,13836,4952371,113667,19285184
1788981331030057374,24341324,19001583,13836,4952994,113668,19285184
1788981331148297495,24342081,19001705,13836,4953623,113668,19285184
1788981331266431334,24342823,19001863,13836,4954214,113669,19285184
1788981331384426066,24343579,19001942,13836,4954890,113669,19285184
1788981331499761456,24344314,19002005,13836,4955562,113669,19285184
1788981331615066511,24345053,19002087,13836,4956211,113671,19285184
1788981331733351808,24345809,19002210,13836,4956838,113671,19285184
1788981331851229728,24346567,19002335,13836,4957462,113672,19285184
1788981331969170448,24347323,19002445,13836,4958106,113672,19285184
1788981332087667246,24348077,19002564,13836,4958741,113672,19285184
1788981332204857752,24348826,19002667,13836,4959382,113672,19285184
1788981332323054823,24349588,19002753,13836,4960048,113672,19285184
1788981332438137638,24350320,19002834,13836,4960698,113673,19285184
1788981332556606410,24351072,19002952,13836,4961336,113674,19285184
1788981332674383190,24351827,19003093,13836,4961938,113674,19285184
1788981332792349509,24352579,19003179,13836,4962603,113674,19285184
1788981332910146443,24353332,19003361,13836,4963170,113675,19285184
1788981333027131901,24354079,19003489,13836,4963785,113676,19285184
1788981333145314254,24354832,19003606,13836,4964420,113676,19285184
1788981333260837431,24355565,19003664,13836,4965099,113677,19285184
1788981333378861848,24356320,19003751,13836,4965763,113677,19285184
1788981333496758437,24357070,19003915,13836,4966348,113677,19285184
1788981333610454555,24357808,19004038,13836,4966944,113677,19285184
1788981333728503191,24358564,19004118,13836,4967616,113677,19285184
1788981333847067270,24359330,19004255,13836,4968234,113678,19285184
1788981333965061935,24360089,19004410,13836,4968830,113679,19285184
1788981334080528076,24360827,19004446,13836,4969532,113679,19285184
1788981334195043729,24361572,19004573,13836,4970130,113679,19285184
1788981334313040778,24362333,19004660,13836,4970795,113679,19285184
1788981334429172334,24363076,19004822,13836,4971371,113679,19285184
1788981334547119356,24363835,19004945,13836,4971997,113680,19285184
1788981334665059957,24364598,19005111,13836,4972581,113680,19285184
1788981334783267837,24365355,19005246,13836,4973197,113680,19285184
1788981334897899787,24366091,19005279,13836,4973898,113680,19285184
1788981335013173250,24366829,19005382,13836,4974523,113683,19285184
1788981335131232367,24367587,19005523,13836,4975133,113683,19285184
1788981335249238058,24368333,19005663,13836,4975741,113684,19285184
1788981335367642623,24369084,19005788,13836,4976373,113685,19285184
1788981335486121023,24369842,19005943,13836,4976968,113685,19285184
1788981335604611388,24370589,19006090,13836,4977578,113685,19285184
1788981335722745147,24371342,19006207,13836,4978212,113685,19285184
1788981335837661261,24372064,19006305,13836,4978845,113686,19285184
1788981335955588484,24372814,19006392,13836,4979508,113686,19285184
1788981336072135332,24373561,19006558,13836,4980082,113687,19285184
1788981336190384029,24374308,19006689,13836,4980699,113688,19285184
1788981336308833572,24375064,19006830,13836,4981315,113688,19285184
1788981336424918527,24375803,19007010,13836,4981872,113688,19285184
1788981336543092060,24376558,19007137,13836,4982496,113689,19285184
1788981336658611475,24377294,19007190,13836,4983182,113689,19285184
1788981336775328177,24378047,19007293,13836,4983814,113691,19285184
1788981336893247303,24378797,19007416,13836,4984441,113692,19285184
1788981337011439861,24379552,19007543,13836,4985069,113693,19285184
1788981337129900346,24380315,19007630,13836,4985735,113693,19285184
1788981337247711147,24381054,19007773,13836,4986341,113693,19285184
1788981337365732944,24381814,19007912,13836,4986953,113693,19285184
1788981337481164706,24382556,19007939,13836,4987660,113693,19285184
1788981337596407014,24383293,19008065,13836,4988262,113695,19285184
1788981337714419925,24384045,19008147,13836,4988932,113695,19285184
1788981337830552876,24384781,19008311,13836,4989510,113696,19285184
1788981337948677501,24385530,19008438,13836,4990134,113696,19285184
1788981338066735001,24386287,19008573,13836,4990748,113698,19285184
1788981338184744526,24387032,19008742,13836,4991329,113698,19285184
1788981338299770610,24387767,19008768,13836,4992037,113698,19285184
1788981338414871198,24388514,19008839,13836,4992696,113698,19285184
1788981338533075755,24389272,19008962,13836,4993324,113698,19285184
1788981338651199306,24390029,19009134,13836,4993899,113701,19285184
1788981338769523593,24390784,19009283,13836,4994504,113701,19285184
1788981338884962566,24391519,19009427,13836,4995093,113702,19285184
1788981339001854171,24392264,19009523,13836,4995741,113702,19285184
1788981339119842366,24393017,19009623,13836,4996393,113702,19285184
1788981339234930535,24393768,19009701,13836,4997045,113702,19285184
1788981339352905597,24394521,19009790,13836,4997708,113702,19285184
1788981339467397070,24395251,19009960,13836,4998264,113703,19285184
1788981339585331799,24396009,19010056,13836,4998916,113703,19285184
1788981339703432535,24396766,19010226,13836,4999498,113703,19285184
1788981339821050719,24397527,19010363,13836,5000110,113703,19285184
1788981339939055284,24398288,19010444,13836,5000781,113703,19285184
1788981340054427003,24399019,19010499,13836,5001458,113704,19285184
1788981340172271082,24399769,19010591,13836,5002115,113704,19285184
1788981340290329206,24400527,19010753,13836,5002704,113705,19285184
1788981340406112599,24401266,19010878,13836,5003314,113707,19285184
1788981340524090345,24402024,19010956,13836,5003988,113707,19285184
1788981340639067265,24402755,19011118,13836,5004556,113708,19285184
1788981340757076321,24403510,19011293,13836,5005132,113708,19285184
1788981340872861759,24404250,19011335,13836,5005829,113708,19285184
1788981340990325647,24405004,19011453,13836,5006451,113711,19285184
1788981341108399840,24405758,19011530,13836,5007126,113711,19285184
1788981341223747303,24406494,19011593,13836,5007800,113711,19285184
1788981341341518022,24407247,19011699,13836,5008445,113712,19285184
1788981341459914716,24408005,19011770,13836,5009126,113712,19285184
1788981341574826094,24408740,19011850,13836,5009776,113712,19285184
1788981341692817259,24409496,19011950,13836,5010428,113713,19285184
1788981341806350713,24410226,19012029,13836,5011069,113713,19285184
1788981341921179198,24410956,19012102,13836,5011726,113714,19285184
1788981342039425501,24411712,19012244,13836,5012334,113714,19285184
1788981342153920353,24412449,19012270,13836,5013043,113714,19285184
1788981342268009658,24413180,19012356,13836,5013681,113714,19285184
1788981342384326792,24413924,19012489,13836,5014286,113715,19285184
1788981342500384211,24414663,19012517,13836,5014997,113715,19285184
1788981342616780814,24415413,19012634,13836,5015622,113716,19285184
1788981342734890155,24416174,19012716,13836,5016292,113716,19285184
1788981342849875259,24416909,19012782,13836,5016958,113716,19285184
1788981342968437780,24417667,19012874,13836,5017617,113716,19285184
1788981343086484314,24418416,19012951,13836,5018291,113716,19285184
1788981343201495992,24419153,19013030,13836,5018949,113717,19285184
1788981343319899745,24419909,19013185,13836,5019545,113718,19285184
1788981343436042351,24420660,19013218,13836,5020251,113718,19285184
1788981343550890863,24421396,19013323,13836,5020875,113720,19285184
1788981343668876165,24422150,19013460,13836,5021488,113720,19285184
1788981343783970972,24422887,19013497,13836,5022185,113720,19285184
1788981343901937312,24423618,19013683,13836,5022737,113726,19285184
1788981344017628802,24424356,19013928,13836,5023204,113741,19285184
1788981344134200666,24425080,19014170,13836,5023677,113752,19285184
1788981344249157517,24425796,19014407,13836,5024146,113764,19285184
1788981344365608025,24426527,19014685,13836,5024577,113783,19285184
1788981344480557129,24427253,19014965,13836,5025000,113801,19285184
1788981344597349942,24427984,19015193,13836,5025494,113813,19285184
1788981344712345742,24428706,19015431,13836,5025963,113824,19285184
1788981344827269310,24429416,19015681,13836,5026422,113834,19285184
1788981344942254552,24430130,19015959,13836,5026847,113849,19285184
1788981345058100404,24430869,19016213,13836,5027306,113861,19285184
1788981345171326289,24431599,19016455,13836,5027764,113872,19285184
1788981345286526471,24432323,19016687,13836,5028247,113881,19285184
1788981345403035392,24433058,19016941,13836,5028710,113894,19285184
1788981345518603853,24433798,19017200,13836,5029160,113906,19285184
1788981345633532698,24434514,19017489,13836,5029582,113918,19285184
1788981345748896790,24435234,19017739,13836,5030031,113938,19285184
1788981345864138346,24435954,19017986,13836,5030490,113952,19285184
1788981345978703852,24436648,19018221,13836,5030966,113963,19285184
1788981346095245919,24437375,19018463,13836,5031433,113981,19285184
1788981346209913270,24438087,19018701,13836,5031900,113992,19285184
1788981346323316402,24438816,19018951,13836,5032345,114006,19285184
1788981346439278882,24439560,19019199,13836,5032810,114021,19285184
1788981346554706545,24440285,19019457,13836,5033272,114030,19285184
1788981346671244401,24441026,19019716,13836,5033720,114048,19285184
1788981346787227007,24441749,19019975,13836,5034170,114062,19285184
1788981346904013572,24442478,19020226,13836,5034635,114077,19285184
1788981347019514681,24443213,19020476,13836,5035097,114089,19285184
1788981347134701901,24443931,19020731,13836,5035546,114106,19285184
1788981347250944887,24444657,19020984,13836,5036009,114118,19285184
1788981347364107881,24445386,19021267,13836,5036427,114130,19285184
1788981347480321615,24446113,19021533,13836,5036873,114142,19285184
1788981347595261621,24446853,19021791,13836,5037321,114155,19285184
1788981347712084443,24447581,19022048,13836,5037785,114166,19285184
1788981347828731303,24448282,19022288,13836,5038259,114182,19285184
1788981347941563328,24449014,19022583,13836,5038661,114191,19285184
1788981348053675753,24449710,19022870,13836,5039070,114201,19285184
1788981348168931327,24450442,19023123,13836,5039529,114210,19285184
1788981348282653559,24451172,19023366,13836,5039990,114221,19285184
1788981348397758007,24451897,19023624,13836,5040439,114235,19285184
1788981348513828306,24452600,19023866,13836,5040909,114247,19285184
1788981348629823787,24453329,19024121,13836,5041373,114259,19285184
1788981348745110113,24454077,19024395,13836,5041811,114269,19285184
1788981348860685890,24454807,19024651,13836,5042268,114278,19285184
1788981348976870242,24455556,19024910,13836,5042728,114287,19285184
1788981349091031414,24456293,19025199,13836,5043139,114302,19285184
1788981349205042310,24457007,19025456,13836,5043584,114314,19285184
1788981349319788440,24457719,19025708,13836,5044042,114323,19285184
1788981349437275218,24458452,19026003,13836,5044476,114335,19285184
1788981349552708118,24459173,19026269,13836,5044915,114348,19285184
1788981349667974100,24459892,19026528,13836,5045365,114362,19285184
1788981349785916824,24460617,19026825,13836,5045793,114375,19285184
1788981349901518610,24461346,19027124,13836,5046202,114390,19285184
1788981350016514306,24462073,19027352,13836,5046681,114405,19285184
1788981350130711676,24462789,19027601,13836,5047131,114422,19285184
1788981350246900107,24463523,19027852,13836,5047592,114438,19285184
1788981350362347013,24464251,19028131,13836,5048018,114453,19285184
1788981350476855394,24464962,19028397,13836,5048458,114466,19285184
1788981350590621131,24465675,19028656,13836,5048895,114482,19285184
1788981350706165007,24466404,19028880,13836,5049384,114494,19285184
1788981350820906653,24467122,19029122,13836,5049850,114504,19285184
1788981350937291150,24467865,19029367,13836,5050320,114522,19285184
1788981351051067157,24468562,19029634,13836,5050747,114537,19285184
1788981351167479887,24469294,19029895,13836,5051203,114550,19285184
1788981351284807010,24470041,19030157,13836,5051654,114571,19285184
1788981351398855852,24470751,19030436,13836,5052080,114581,19285184
1788981351512036644,24471453,19030720,13836,5052494,114593,19285184
1788981351628085506,24472202,19030970,13836,5052949,114613,19285184
1788981351743861679,24472923,19031214,13836,5053415,114628,19285184
1788981351858238836,24473624,19031463,13836,5053872,114640,19285184
1788981351973173235,24474364,19031733,13836,5054304,114653,19285184
1788981352085909093,24475073,19031967,13836,5054769,114662,19285184
1788981352201182607,24475797,19032226,13836,5055217,114676,19285184
1788981352317353351,24476537,19032478,13836,5055680,114690,19285184
1788981352432026036,24477269,19032750,13836,5056115,114703,19285184
1788981352546600146,24477959,19032995,13836,5056570,114717,19285184
1788981352662669265,24478677,19033232,13836,5057047,114729,19285184
1788981352780092503,24479397,19033476,13836,5057528,114740,19285184
1788981352895393347,24480127,19033732,13836,5057982,114752,19285184
1788981353010791392,24480834,19033992,13836,5058436,114761,19285184
1788981353126553827,24481558,19034234,13836,5058906,114774,19285184
1788981353241892735,24482290,19034497,13836,5059345,114791,19285184
1788981353355586175,24483002,19034760,13836,5059782,114804,19285184
1788981353481279329,24483795,19035040,13836,5060277,114816,19285184
1788981353597289186,24484515,19035282,13836,5060746,114831,19285184
1788981353711560884,24485215,19035551,13836,5061177,114847,19285184
1788981353827171322,24485949,19035802,13836,5061636,114864,19285184
1788981353941558648,24486665,19036069,13836,5062071,114874,19285184
1788981354059449729,24487412,19036320,13836,5062551,114885,19285184
1788981354175801518,24488137,19036588,13836,5063004,114895,19285184
1788981354292116790,24488850,19036832,13836,5063478,114904,19285184
1788981354408011252,24489601,19037078,13836,5063939,114919,19285184
1788981354522092624,24490306,19037327,13836,5064388,114934,19285184
1788981354638487326,24491026,19037601,13836,5064832,114945,19285184
1788981354753594681,24491752,19037862,13836,5065285,114952,19285184
1788981354867437833,24492478,19038107,13836,5065743,114963,19285184
1788981354982029935,24493193,19038351,13836,5066203,114976,19285184
1788981355098020671,24493933,19038605,13836,5066663,114988,19285184
1788981355213073616,24494646,19038863,13836,5067110,115002,19285184
1788981355329264134,24495362,19039109,13836,5067585,115012,19285184
1788981355442203937,24496053,19039380,13836,5068011,115021,19285184
1788981355559461932,24496792,19039642,13836,5068467,115038,19285184
1788981355676087463,24497507,19039885,13836,5068942,115049,19285184
1788981355791668363,24498214,19040132,13836,5069403,115061,19285184
1788981355907738209,24498928,19040397,13836,5069852,115075,19285184
1788981356023046744,24499664,19040661,13836,5070291,115090,19285184
1788981356140371773,24500418,19040892,13836,5070789,115101,19285184
1788981356256048045,24501134,19041139,13836,5071251,115112,19285184
1788981356371756059,24501850,19041376,13836,5071727,115124,19285184
1788981356486087019,24502577,19041632,13836,5072177,115138,19285184
1788981356613676303,24503381,19041910,13836,5072676,115154,19285184
1788981356729683798,24504097,19042191,13836,5073108,115167,19285184
1788981356845148477,24504854,19042441,13836,5073575,115178,19285184
1788981356959350467,24505564,19042681,13836,5074032,115191,19285184
1788981357074037536,24506289,19042923,13836,5074493,115206,19285184
1788981357190164506,24507027,19043224,13836,5074907,115218,19285184
1788981357305787760,24507754,19043486,13836,5075356,115231,19285184
1788981357420395242,24508462,19043726,13836,5075820,115242,19285184
1788981357539653093,24509196,19043961,13836,5076326,115254,19285184
1788981357654567458,24509901,19044218,13836,5076774,115269,19285184
1788981357770197439,24510635,19044462,13836,5077237,115282,19285184
1788981357887170407,24511357,19044712,13836,5077700,115301,19285184
1788981358002584029,24512099,19044971,13836,5078147,115318,19285184
1788981358115197497,24512817,19045193,13836,5078622,115330,19285184
1788981358229973354,24513541,19045433,13836,5079091,115340,19285184
1788981358345806329,24514271,19045685,13836,5079550,115350,19285184
1788981358461569365,24515000,19045972,13836,5079971,115367,19285184
1788981358577077915,24515734,19046270,13836,5080388,115375,19285184
1788981358691425832,24516435,19046519,13836,5080843,115388,19285184
1788981358806640083,24517163,19046748,13836,5081322,115401,19285184
1788981358923317604,24517894,19047002,13836,5081784,115415,19285184
1788981359039019823,24518618,19047356,13836,5082145,115426,19285184
1788981359155714826,24519346,19047604,13836,5082609,115442,19285184
1788981359271276559,24520048,19047858,13836,5083067,115454,19285184
1788981359386974490,24520780,19048119,13836,5083515,115469,19285184
1788981359501858906,24521497,19048371,13836,5083975,115478,19285184
1788981359619314909,24522217,19048625,13836,5084444,115490,19285184
1788981359734586894,24522917,19048879,13836,5084898,115502,19285184
1788981359849074511,24523659,19049122,13836,5085361,115516,19285184
1788981359964567905,24524376,19049364,13836,5085827,115526,19285184
1788981360080832828,24525124,19049641,13836,5086268,115538,19285184
1788981360195083549,24525850,19049875,13836,5086735,115550,19285184
1788981360310691216,24526576,19050120,13836,5087201,115563,19285184
1788981360427270874,24527331,19050362,13836,5087680,115574,19285184
1788981360542591822,24528071,19050600,13836,5088143,115590,19285184
1788981360656262162,24528805,19050855,13836,5088585,115605,19285184
1788981360771820837,24529533,19051114,13836,5089036,115619,19285184
1788981360888227768,24530264,19051355,13836,5089520,115627,19285184
1788981361004820239,24531001,19051611,13836,5089979,115641,19285184
1788981361121210717,24531746,19051865,13836,5090441,115658,19285184
1788981361237071800,24532468,19052127,13836,5090890,115670,19285184
1788981361353226372,24533195,19052417,13836,5091314,115682,19285184
1788981361468275937,24533912,19052670,13836,5091767,115695,19285184
1788981361585348319,24534665,19052916,13836,5092248,115705,19285184
1788981361701687562,24535401,19053157,13836,5092719,115718,19285184
1788981361817367355,24536135,19053400,13836,5093191,115729,19285184
1788981361933731150,24536865,19053656,13836,5093649,115742,19285184
1788981362049813742,24537588,19053897,13836,5094123,115754,19285184
1788981362164848062,24538307,19054164,13836,5094560,115768,19285184
1788981362281155721,24539027,19054414,13836,5095031,115778,19285184
1788981362398081187,24539752,19054662,13836,5095506,115791,19285184
1788981362513236302,24540484,19054910,13836,5095960,115806,19285184
1788981362629549795,24541210,19055157,13836,5096429,115820,19285184
1788981362745116210,24541928,19055404,13836,5096888,115834,19285184
1788981362861188086,24542658,19055645,13836,5097363,115848,19285184
1788981362977559661,24543396,19055911,13836,5097811,115861,19285184
1788981363094710789,24544145,19056167,13836,5098279,115871,19285184
1788981363209351739,24544866,19056415,13836,5098735,115882,19285184
1788981363324498905,24545592,19056662,13836,5099197,115894,19285184
1788981363441021369,24546318,19056924,13836,5099652,115904,19285184
1788981363554087319,24547021,19057167,13836,5100110,115915,19285184
1788981363668768305,24547754,19057410,13836,5100572,115928,19285184
1788981363783649763,24548465,19057662,13836,5101024,115942,19285184
1788981363898524925,24549195,19057914,13836,5101477,115954,19285184
1788981364014546636,24549920,19058158,13836,5101947,115966,19285184
1788981364130379561,24550642,19058424,13836,5102393,115979,19285184
1788981364246515065,24551370,19058666,13836,5102870,115990,19285184
1788981364363121442,24552094,19058928,13836,5103326,116002,19285184
1788981364479051703,24552844,19059199,13836,5103766,116016,19285184
1788981364593776866,24553552,19059446,13836,5104220,116035,19285184
1788981364710428856,24554302,19059707,13836,5104675,116049,19285184
1788981364825717853,24555021,19059950,13836,5105138,116063,19285184
1788981364939101941,24555732,19060188,13836,5105601,116073,19285184
1788981365055330376,24556454,19060434,13836,5106072,116086,19285184
1788981365170897088,24557162,19060696,13836,5106523,116094,19285184
1788981365286703104,24557882,19060994,13836,5106940,116106,19285184
1788981365402938107,24558610,19061290,13836,5107358,116119,19285184
1788981365519513526,24559341,19061574,13836,5107791,116133,19285184
1788981365633032169,24560066,19061810,13836,5108257,116145,19285184
1788981365747249935,24560789,19062071,13836,5108697,116157,19285184
1788981365863943929,24561516,19062329,13836,5109154,116170,19285184
1788981365980510245,24562243,19062569,13836,5109628,116186,19285184
1788981366095973524,24562974,19062812,13836,5110090,116202,19285184
1788981366212227791,24563709,19063055,13836,5110560,116217,19285184
1788981366326202532,24564428,19063280,13836,5111039,116227,19285184
1788981366439224131,24565148,19063566,13836,5111450,116239,19285184
1788981366555355474,24565876,19063809,13836,5111924,116249,19285184
1788981366670488376,24566600,19064053,13836,5112382,116265,19285184
1788981366786505614,24567322,19064304,13836,5112846,116278,19285184
1788981366900191919,24568052,19064550,13836,5113300,116291,19285184
1788981367016110988,24568769,19064787,13836,5113780,116301,19285184
1788981367131042489,24569471,19065067,13836,5114205,116313,19285184
1788981367246116783,24570201,19065312,13836,5114671,116326,19285184
1788981367359960070,24570911,19065583,13836,5115096,116340,19285184
1788981367476803790,24571636,19065833,13836,5115562,116354,19285184
1788981367593415490,24572374,19066085,13836,5116027,116367,19285184
1788981367711590505,24573126,19066314,13836,5116525,116379,19285184
1788981367826501920,24573843,19066551,13836,5116994,116389,19285184
1788981367944336989,24574593,19066828,13836,5117444,116404,19285184
1788981368060559522,24575321,19067073,13836,5117911,116417,19285184
1788981368176673164,24576060,19067318,13836,5118376,116432,19285184
1788981368293901788,24576788,19067564,13836,5118859,116441,19285184
1788981368410282949,24577529,19067804,13836,5119335,116455,19285184
1788981368526480549,24578261,19068045,13836,5119804,116470,19285184
1788981368641499872,24579003,19068310,13836,5120248,116482,19285184
1788981368757938550,24579737,19068571,13836,5120702,116495,19285184
1788981368873657827,24580461,19068832,13836,5121151,116507,19285184
1788981368989295575,24581211,19069092,13836,5121605,116519,19285184
1788981369107139933,24581936,19069355,13836,5122071,116531,19285184
1788981369222526781,24582655,19069602,13836,5122529,116545,19285184
1788981369338648591,24583380,19069878,13836,5122964,116561,19285184
1788981369454299519,24584111,19070132,13836,5123423,116574,19285184
1788981369569154676,24584847,19070441,13836,5123824,116583,19285184
1788981369686542010,24585586,19070709,13836,5124285,116591,19285184
1788981369801374289,24586317,19070978,13836,5124721,116606,19285184
1788981369916469436,24587067,19071273,13836,5125136,116619,19285184
1788981370031827300,24587793,19071520,13836,5125596,116632,19285184
1788981370148724545,24588511,19071793,13836,5126040,116647,19285184
1788981370268195856,24589272,19072114,13836,5126455,116660,19285184
1788981370385062203,24589984,19072406,13836,5126889,116668,19285184
1788981370498898192,24590688,19072666,13836,5127331,116679,19285184
1788981370613607841,24591401,19072912,13836,5127791,116694,19285184
1788981370727897609,24592149,19073175,13836,5128227,116710,19285184
1788981370844199070,24592883,19073448,13836,5128662,116726,19285184
1788981370959602378,24593618,19073713,13836,5129108,116738,19285184
1788981371075367749,24594328,19073945,13836,5129593,116748,19285184
1788981371190771583,24595062,19074193,13836,5130061,116755,19285184
1788981371306401304,24595789,19074436,13836,5130523,116772,19285184
1788981371423019056,24596497,19074687,13836,5130989,116786,19285184
1788981371538860967,24597210,19074940,13836,5131444,116802,19285184
1788981371655370135,24597936,19075193,13836,5131904,116815,19285184
1788981371772132021,24598681,19075413,13836,5132409,116827,19285184
1788981371888268747,24599426,19075655,13836,5132872,116844,19285184
1788981372003400807,24600136,19075899,13836,5133336,116857,19285184
1788981372119514620,24600865,19076169,13836,5133781,116868,19285184
1788981372234730710,24601598,19076418,13836,5134240,116882,19285184
1788981372350386147,24602338,19076672,13836,5134693,116900,19285184
1788981372466307904,24603064,19076933,13836,5135150,116909,19285184
1788981372583627595,24603804,19077182,13836,5135623,116920,19285184
1788981372700742777,24604549,19077439,13836,5136085,116935,19285184
1788981372814027656,24605270,19077687,13836,5136531,116950,19285184
1788981372930741120,24605996,19077936,13836,5136997,116965,19285184
1788981373047679930,24606730,19078192,13836,5137463,116979,19285184
1788981373167772963,24607482,19078425,13836,5137969,116990,19285184
1788981373282866405,24608190,19078674,13836,5138429,117001,19285184
1788981373397104307,24608905,19078968,13836,5138840,117013,19285184
1788981373514086777,24609635,19079218,13836,5139308,117027,19285184
1788981373630039263,24610374,19079484,13836,5139751,117043,19285184
1788981373746204319,24611102,19079727,13836,5140223,117058,19285184
1788981373859779153,24611798,19079992,13836,5140659,117069,19285184
1788981373977529653,24612552,19080269,13836,5141102,117084,19285184
1788981374092089855,24613256,19080523,13836,5141550,117100,19285184
1788981374207782748,24613978,19080784,13836,5141996,117115,19285184
1788981374323728665,24614700,19081046,13836,5142442,117135,19285184
1788981374439793805,24615427,19081317,13836,5142884,117148,19285184
1788981374553760016,24616139,19081555,13836,5143342,117166,19285184
1788981374669570989,24616859,19081798,13836,5143811,117179,19285184
1788981374782588134,24617557,19082065,13836,5144241,117191,19285184
1788981374897701204,24618261,19082317,13836,5144693,117205,19285184
1788981375013545145,24618995,19082569,13836,5145152,117218,19285184
1788981375129663749,24619733,19082804,13836,5145636,117227,19285184
1788981375244796229,24620440,19083047,13836,5146104,117239,19285184
1788981375360102610,24621162,19083305,13836,5146557,117251,19285184
1788981375473877555,24621882,19083554,13836,5147001,117267,19285184
1788981375588656179,24622610,19083827,13836,5147429,117285,19285184
1788981375704127830,24623336,19084096,13836,5147866,117301,19285184
1788981375820489835,24624053,19084335,13836,5148349,117311,19285184
1788981375936006290,24624766,19084573,13836,5148820,117324,19285184
1788981376053051736,24625503,19084812,13836,5149302,117339,19285184
1788981376167374291,24626226,19085057,13836,5149752,117355,19285184
1788981376284487987,24626956,19085320,13836,5150213,117368,19285184
1788981376399385989,24627692,19085558,13836,5150679,117380,19285184
1788981376513662555,24628435,19085799,13836,5151142,117391,19285184
1788981376628369146,24629174,19086042,13836,5151608,117403,19285184
1788981376743398384,24629896,19086285,13836,5152071,117414,19285184
1788981376859441688,24630616,19086551,13836,5152519,117429,19285184
1788981376975417665,24631345,19086802,13836,5152975,117445,19285184
1788981377091112312,24632083,19087058,13836,5153427,117461,19285184
