timestamp_ns,cpu_total_jiffies,cpu_idle_jiffies,pid,proc_utime_jiffies,proc_stime_jiffies,proc_rss_pages
1790108153736555806,10312135,10269820,3528,21714,6900,18626130
1790108153854643048,10312887,10269948,3528,22333,6901,18626130
1790108153968527584,10313617,10269978,3528,23031,6901,18626130
1790108154084349888,10314352,10270060,3528,23684,6903,18626130
1790108154201865360,10315105,10270181,3528,24314,6903,18626130
1790108154315901485,10315826,10270206,3528,25014,6905,18626130
1790108154434138838,10316584,10270306,3528,25663,6907,18626130
1790108154550137157,10317323,10270413,3528,26293,6908,18626130
1790108154664393407,10318048,10270440,3528,26992,6909,18626130
1790108154779550283,10318779,10270570,3528,27592,6910,18626130
1790108154897591021,10319534,10270649,3528,28265,6910,18626130
1790108155011393138,10320260,10270693,3528,28948,6912,18626130
1790108155127864407,10321005,10270828,3528,29553,6912,18626130
1790108155245869061,10321758,10270907,3528,30226,6913,18626130
1790108155360191475,10322498,10270955,3528,30905,6913,18626130
1790108155476702241,10323236,10271056,3528,31542,6913,18626130
1790108155594644855,10323986,10271134,3528,32215,6914,18626130
1790108155708965247,10324713,10271194,3528,32883,6915,18626130
1790108155827051285,10325470,10271294,3528,33533,6916,18626130
1790108155945051986,10326228,10271373,3528,34206,6916,18626130
1790108156059395912,10326965,10271444,3528,34859,6916,18626130
1790108156177677711,10327721,10271542,3528,35513,6916,18626130
1790108156295660508,10328474,10271708,3528,36096,6916,18626130
1790108156411141275,10329218,10271823,3528,36720,6916,18626130
1790108156527181753,10329963,10271907,3528,37354,6937,18626130
1790108156645102636,10330715,10272073,3528,37901,6973,18626130
1790108156766169331,10331491,10272167,3528,38531,7020,18626130
1790108156882099148,10332230,10272239,3528,39198,7020,18626130
1790108156996166698,10332969,10272312,3528,39822,7048,18626130
1790108157114233409,10333722,10272375,3528,40461,7098,18626130
1790108157232632663,10334474,10272510,3528,41029,7146,18626130
1790108157349917023,10335226,10272617,3528,41618,7200,18626130
1790108157468053459,10335981,10272693,3528,42243,7251,18626130
1790108157586316561,10336738,10272820,3528,42822,7294,18626130
1790108157704854718,10337490,10272930,3528,43424,7339,18626130
1790108157819453740,10338226,10272952,3528,44130,7339,18626130
1790108157933872100,10338953,10273028,3528,44751,7373,18626130
1790108158052034343,10339708,10273152,3528,45339,7415,18626130
1790108158170227180,10340462,10273257,3528,45940,7457,18626130
1790108158287109714,10341207,10273363,3528,46521,7514,18626130
1790108158406217314,10341974,10273442,3528,47159,7554,18626130
1790108158523121102,10342718,10273581,3528,47734,7584,18626130
1790108158641234588,10343475,10273704,3528,48324,7623,18626130
1790108158755425947,10344205,10273748,3528,49007,7623,18626130
1790108158869841901,10344933,10273853,3528,49602,7654,18626130
1790108158988124056,10345690,10273959,3528,50190,7711,18626130
1790108159105929944,10346440,10274073,3528,50795,7742,18626130
1790108159223591788,10347192,10274173,3528,51383,7799,18626130
1790108159341570814,10347948,10274253,3528,52010,7844,18626130
1790108159457132668,10348688,10274402,3528,52560,7882,18626130
1790108159575202573,10349443,10274519,3528,53160,7916,18626130
1790108159689531112,10350171,10274540,3528,53866,7916,18626130
1790108159804933587,10350894,10274646,3528,54462,7952,18626130
1790108159923068902,10351645,10274812,3528,55003,7996,18626130
1790108160041117741,10352395,10274945,3528,55588,8027,18626130
1790108160159338580,10353155,10275021,3528,56220,8072,18626130
1790108160277316878,10353908,10275101,3528,56840,8124,18626130
1790108160392420963,10354648,10275229,3528,57398,8168,18626130
1790108160510454627,10355400,10275351,3528,57986,8209,18626130
1790108160624746565,10356129,10275372,3528,58692,8209,18626130
1790108160739884714,10356859,10275452,3528,59305,8253,18626130
1790108160857976141,10357615,10275567,3528,59896,8299,18626130
1790108160975597099,10358374,10275717,3528,60453,8336,18626130
1790108161094082057,10359134,10275851,3528,61030,8381,18626130
1790108161212195687,10359889,10275934,3528,61663,8419,18626130
1790108161328419307,10360630,10276075,3528,62216,8461,18626130
1790108161446727505,10361381,10276207,3528,62799,8498,18626130
1790108161561233669,10362118,10276229,3528,63510,8499,18626130
1790108161676449662,10362852,10276305,3528,64118,8544,18626130
1790108161794378979,10363609,10276406,3528,64725,8588,18626130
1790108161912730579,10364364,10276521,3528,65325,8624,18626130
1790108162029973479,10365112,10276610,3528,65936,8675,18626130
1790108162148024931,10365874,10276751,3528,66503,8718,18626130
1790108162266114743,10366630,10276844,3528,67123,8756,18626130
1790108162382163706,10367379,10276958,3528,67713,8790,18626130
1790108162496151945,10368105,10276983,3528,68411,8794,18626130
1790108162614500510,10368866,10277068,3528,69030,8840,18626130
1790108162732680036,10369625,10277193,3528,69607,8889,18626130
1790108162850880643,10370386,10277309,3528,70202,8935,18626130
1790108162969138394,10371148,10277379,3528,70833,8986,18626130
1790108163087326466,10371903,10277512,3528,71413,9023,18626130
1790108163201781466,10372629,10277650,3528,71966,9064,18626130
1790108163320016263,10373386,10277726,3528,72621,9084,18626130
1790108163434574717,10374120,10277774,3528,73296,9089,18626130
1790108163547055872,10374836,10277857,3528,73887,9132,18626130
1790108163661786862,10375573,10277952,3528,74466,9190,18626130
1790108163780055707,10376321,10278089,3528,75046,9223,18626130
1790108163897976169,10377075,10278155,3528,75685,9270,18626130
1790108164013327574,10377823,10278350,3528,76183,9308,18626130
1790108164129030006,10378564,10278428,3528,76785,9365,18626130
1790108164244323321,10379302,10278544,3528,77374,9393,18626130
1790108164364392123,10380071,10278573,3528,78105,9398,18626130
1790108164479780881,10380804,10278680,3528,78700,9428,18626130
1790108164593204642,10381533,10278807,3528,79257,9469,18626130
1790108164711038326,10382273,10278960,3528,79808,9515,18626130
1790108164829625984,10383033,10279039,3528,80435,9560,18626130
1790108164948067903,10383788,10279164,3528,81023,9603,18626130
1790108165064725661,10384540,10279289,3528,81609,9635,18626130
1790108165183128345,10385296,10279373,3528,82245,9669,18626130
1790108165297377993,10386020,10279403,3528,82933,9677,18626130
1790108165412073219,10386736,10279495,3528,83539,9710,18626130
1790108165530304391,10387494,10279611,3528,84123,9761,18626130
1790108165648109673,10388240,10279748,3528,84705,9792,18626130
1790108165766130258,10388996,10279820,3528,85335,9841,18626130
1790108165880797561,10389733,10279953,3528,85880,9892,18626130
1790108165992650882,10390452,10280073,3528,86428,9933,18626130
1790108166110804005,10391205,10280138,3528,87104,9950,18626130
1790108166224898609,10391930,10280164,3528,87794,9961,18626130
1790108166337331768,10392646,10280261,3528,88366,10006,18626130
1790108166454198424,10393391,10280345,3528,88976,10055,18626130
1790108166572648277,10394148,10280474,3528,89567,10086,18626130
1790108166691827009,10394912,10280544,3528,90213,10134,18626130
1790108166810028554,10395670,10280693,3528,90776,10172,18626130
1790108166927179613,10396418,10280823,3528,91356,10207,18626130
1790108167045518935,10397172,10280908,3528,92007,10221,18626130
1790108167159908056,10397895,10280950,3528,92690,10229,18626130
1790108167276521941,10398639,10281056,3528,93271,10279,18626130
1790108167394622100,10399391,10281124,3528,93904,10331,18626130
1790108167512628679,10400155,10281276,3528,94464,10369,18626130
1790108167630907911,10400908,10281387,3528,95065,10415,18626130
1790108167749171066,10401669,10281503,3528,95656,10458,18626130
1790108167867559341,10402425,10281596,3528,96262,10510,18626130
1790108167985782759,10403178,10281676,3528,96925,10519,18626130
1790108168099960497,10403912,10281744,3528,97578,10529,18626130
1790108168218452172,10404668,10281849,3528,98169,10585,18626130
1790108168336459290,10405425,10281924,3528,98811,10622,18626130
1790108168449322402,10406144,10282069,3528,99342,10662,18626130
1790108168567231954,10406897,10282176,3528,99939,10708,18626130
1790108168685345137,10407647,10282281,3528,100541,10752,18626130
1790108168802864435,10408396,10282365,3528,101147,10813,18626130
1790108168921141716,10409155,10282439,3528,101820,10818,18626130
1790108169035526484,10409889,10282500,3528,102476,10827,18626130
1790108169154206248,10410651,10282602,3528,103079,10880,18626130
1790108169272771956,10411408,10282710,3528,103677,10929,18626130
1790108169388372615,10412151,10282825,3528,104247,10976,18626130
1790108169506976089,10412910,10282954,3528,104823,11029,18626130
1790108169625131351,10413671,10283063,3528,105415,11079,18626130
1790108169741433038,10414416,10283144,3528,106018,11133,18626130
1790108169859321710,10415173,10283215,3528,106693,11139,18626130
1790108169973669390,10415901,10283279,3528,107327,11167,18626130
1790108170091339079,10416658,10283392,3528,107929,11203,18626130
1790108170209323382,10417410,10283514,3528,108512,11248,18626130
1790108170327076786,10418156,10283605,3528,109139,11282,18626130
1790108170446342111,10418923,10283727,3528,109728,11327,18626130
1790108170564729936,10419675,10283881,3528,110286,11366,18626130
1790108170682840875,10420431,10284001,3528,110877,11412,18626130
1790108170800890082,10421186,10284072,3528,111556,11414,18626130
1790108170915116005,10421928,10284150,3528,112181,11435,18626130
1790108171033363118,10422685,10284223,3528,112807,11488,18626130
1790108171151327431,10423432,10284384,3528,113354,11531,18626130
1790108171269142216,10424197,10284488,3528,113960,11571,18626130
1790108171384325132,10424935,10284619,3528,114520,11612,18626130
1790108171502572529,10425687,10284746,3528,115096,11659,18626130
1790108171620822142,10426440,10284820,3528,115734,11705,18626130
1790108171739028583,10427191,10284893,3528,116412,11706,18626130
1790108171853892598,10427928,10284985,3528,117022,11735,18626130
1790108171972219133,10428688,10285077,3528,117642,11774,18626130
1790108172090516954,10429443,10285230,3528,118204,11810,18626130
1790108172206018004,10430175,10285335,3528,118798,11850,18626130
1790108172322682694,10430926,10285446,3528,119378,11897,18626130
1790108172440974119,10431682,10285567,3528,119961,11949,18626130
1790108172559016914,10432437,10285666,3528,120613,11950,18626130
1790108172672048584,10433157,10285739,3528,121260,11950,18626130
1790108172786056147,10433879,10285848,3528,121874,11952,18626130
1790108172904407903,10434643,10285989,3528,122486,11952,18626130
1790108173018948637,10435364,10286163,3528,123040,11954,18626130
1790108173136659198,10436113,10286294,3528,123655,11954,18626130
1790108173254609337,10436867,10286404,3528,124299,11954,18626130
1790108173369734327,10437602,10286505,3528,124926,11955,18626130
1790108173486683196,10438351,10286632,3528,125543,11955,18626130
1790108173601133794,10439088,10286657,3528,126251,11955,18626130
1790108173719045670,10439834,10286753,3528,126905,11955,18626130
1790108173831433613,10440551,10286903,3528,127469,11956,18626130
1790108173949683347,10441314,10287045,3528,128077,11956,18626130
1790108174068039267,10442072,10287173,3528,128705,11956,18626130
1790108174183320047,10442803,10287342,3528,129267,11958,18626130
1790108174301145456,10443553,10287471,3528,129888,11958,18626130
1790108174419200684,10444312,10287588,3528,130523,11958,18626130
1790108174533573017,10445046,10287698,3528,131138,11959,18626130
1790108174651940166,10445795,10287817,3528,131775,11961,18626130
1790108174769983144,10446551,10287898,3528,132445,11961,18626130
1790108174884319468,10447289,10287954,3528,133111,11962,18626130
1790108175002600162,10448042,10288052,3528,133763,11963,18626130
1790108175120359857,10448793,10288129,3528,134438,11963,18626130
1790108175234283614,10449511,10288210,3528,135081,11964,18626130
1790108175352434989,10450269,10288287,3528,135756,11964,18626130
1790108175469186212,10451022,10288382,3528,136407,11964,18626130
1790108175597840691,10451840,10288499,3528,137106,11966,18626130
1790108175715703398,10452590,10288674,3528,137678,11966,18626130
1790108175828669184,10453314,10288732,3528,138338,11966,18626130
1790108175942880150,10454052,10288832,3528,138968,11966,18626130
1790108176060834244,10454802,10288958,3528,139592,11967,18626130
1790108176175041384,10455530,10288994,3528,140284,11967,18626130
1790108176289216928,10456258,10289113,3528,140890,11968,18626130
1790108176407240804,10457009,10289292,3528,141461,11968,18626130
1790108176521531222,10457739,10289348,3528,142133,11968,18626130
1790108176635713325,10458467,10289453,3528,142751,11969,18626130
1790108176753673029,10459217,10289596,3528,143359,11970,18626130
1790108176868214488,10459953,10289618,3528,144071,11970,18626130
1790108176982314473,10460685,10289703,3528,144711,11970,18626130
1790108177100685747,10461436,10289852,3528,145312,11970,18626130
1790108177215240048,10462173,10289881,3528,146016,11970,18626130
1790108177329499083,10462904,10289960,3528,146662,11970,18626130
1790108177447378333,10463662,10290090,3528,147282,11970,18626130
1790108177561471881,10464392,10290122,3528,147978,11970,18626130
1790108177676837427,10465117,10290373,3528,148457,11973,18626130
1790108177788611302,10465838,10290671,3528,148847,11987,18626130
1790108177903383053,10466561,10290918,3528,149311,11999,18626130
1790108178021001850,10467298,10291127,3528,149830,12011,18626130
1790108178137934793,10468009,10291345,3528,150331,12023,18626130
1790108178254097500,10468768,10291541,3528,150861,12030,18626130
1790108178369521902,10469498,10291692,3528,151135,12326,18626130
1790108178483884805,10470219,10291889,3528,151575,12414,18626130
1790108178600101674,10470972,10292117,3528,152066,12425,18626130
1790108178715554899,10471696,10292357,3528,152531,12441,18626130
1790108178830856792,10472438,10292602,3528,152995,12457,18626130
1790108178948806205,10473229,10292840,3528,153489,12466,18626130
1790108179065972427,10473952,10293059,3528,153993,12480,18626130
1790108179182141157,10474655,10293277,3528,154488,12497,18626130
1790108179297864595,10475414,10293530,3528,154950,12505,18626130
1790108179416293570,10476128,10293776,3528,155438,12518,18626130
1790108179532743119,10476831,10294032,3528,155893,12531,18626130
1790108179649881665,10477572,10294259,3528,156395,12541,18626130
1790108179767411592,10478301,10294493,3528,156889,12552,18626130
1790108179884017138,10479056,10294707,3528,157395,12560,18626130
1790108180000099079,10479701,10294928,3528,157883,12578,18626130
1790108180118850935,10480458,10295153,3528,158402,12583,18626130
1790108180233488348,10481181,10295401,3528,158856,12598,18626130
1790108180350212487,10481920,10295637,3528,159335,12615,18626130
1790108180466846613,10482671,10295855,3528,159836,12627,18626130
1790108180582779223,10483432,10296066,3528,160346,12633,18626130
1790108180700070847,10484176,10296296,3528,160844,12644,18626130
1790108180818463560,10484945,10296510,3528,161236,12785,18626130
1790108180932957548,10485691,10296741,3528,161713,12792,18626130
1790108181048495892,10486403,10296986,3528,162180,12807,18626130
1790108181163413921,10487133,10297229,3528,162641,12821,18626130
1790108181281520210,10487863,10297468,3528,163131,12831,18626130
1790108181398912082,10488581,10297746,3528,163582,12844,18626130
1790108181513373442,10489371,10297978,3528,164064,12849,18626130
1790108181628106391,10490080,10298128,3528,164278,13206,18626130
1790108181746157971,10490843,10298304,3528,164528,13527,18626130
1790108181864875755,10491597,10298558,3528,165010,13538,18626130
1790108181981992812,10492337,10298823,3528,165468,13550,18626130
1790108182095892809,10493054,10299049,3528,165940,13564,18626130
1790108182211195865,10493788,10299274,3528,166429,13577,18626130
1790108182328617012,10494550,10299519,3528,166909,13585,18626130
1790108182446777164,10495287,10299738,3528,167414,13602,18626130
1790108182561614592,10496038,10299908,3528,167741,13826,18626130
1790108182677551435,10496785,10300051,3528,168023,14137,18626130
1790108182792501085,10497501,10300300,3528,168484,14151,18626130
1790108182904805044,10498197,10300546,3528,168928,14165,18626130
1790108183019202222,10498930,10300774,3528,169408,14173,18626130
1790108183132391072,10499646,10301036,3528,169844,14187,18626130
1790108183250958375,10500404,10301256,3528,170358,14199,18626130
1790108183367590170,10501195,10301478,3528,170862,14207,18626130
1790108183486300334,10501971,10301707,3528,171372,14216,18626130
1790108183599808231,10502692,10301958,3528,171818,14225,18626130
1790108183715819597,10503437,10302182,3528,172310,14237,18626130
1790108183831836269,10504184,10302396,3528,172816,14246,18626130
1790108183946228082,10504902,10302612,3528,173310,14258,18626130
1790108184062613523,10505617,10302836,3528,173800,14275,18626130
1790108184178310188,10506345,10303048,3528,174297,14285,18626130
1790108184292188314,10507055,10303290,3528,174761,14298,18626130
1790108184409629832,10507792,10303540,3528,175235,14307,18626130
1790108184526230030,10508499,10303756,3528,175736,14323,18626130
1790108184644525653,10509248,10303975,3528,176250,14331,18626130
1790108184762885634,10510012,10304200,3528,176764,14338,18626130
1790108184878549633,10510706,10304411,3528,177262,14353,18626130
1790108184997071574,10511438,10304681,3528,177722,14368,18626130
1790108185113576379,10512149,10304941,3528,178176,14383,18626130
1790108185230931916,10512901,10305175,3528,178667,14393,18626130
1790108185347309066,10513644,10305393,3528,179171,14406,18626130
1790108185463925727,10514366,10305614,3528,179666,14419,18626130
1790108185580300085,10515095,10305823,3528,180178,14432,18626130
1790108185696022675,10515856,10306033,3528,180683,14439,18626130
1790108185815181501,10516621,10306265,3528,181185,14452,18626130
1790108185929301866,10517329,10306530,3528,181620,14469,18626130
1790108186045385878,10518054,10306760,3528,182110,14482,18626130
1790108186160305517,10518781,10306987,3528,182589,14492,18626130
1790108186275499876,10519541,10307221,3528,183072,14501,18626130
1790108186391726305,10520235,10307455,3528,183556,14514,18626130
1790108186509121271,10520970,10307712,3528,184021,14524,18626130
1790108186625967583,10521708,10307881,3528,184271,14846,18626130
1790108186742027784,10522452,10308080,3528,184537,15112,18626130
1790108186858345812,10523202,10308339,3528,184992,15126,18626130
1790108186976412294,10523931,10308590,3528,185474,15141,18626130
1790108187093058371,10524703,10308819,3528,185968,15147,18626130
1790108187209351196,10525461,10309030,3528,186475,15155,18626130
1790108187325684995,10526212,10309246,3528,186977,15168,18626130
1790108187443488833,10526941,10309476,3528,187474,15182,18626130
1790108187561562952,10527690,10309667,3528,187732,15474,18626130
1790108187677230064,10528423,10309847,3528,187982,15776,18626130
1790108187791037541,10529130,10310132,3528,188401,15788,18626130
1790108187909924800,10529899,10310360,3528,188912,15798,18626130
1790108188027349169,10530618,10310611,3528,189383,15810,18626130
1790108188146722607,10531424,10310845,3528,189900,15813,18626130
1790108188263910327,10532143,10311055,3528,190408,15826,18626130
1790108188381341247,10532921,10311280,3528,190910,15835,18626130
1790108188495667802,10533643,10311473,3528,191130,16143,18626130
1790108188610593726,10534358,10311745,3528,191487,16238,18626130
1790108188727838861,10535076,10312004,3528,191955,16250,18626130
1790108188843298997,10535763,10312212,3528,192453,16267,18626130
1790108188959174938,10536491,10312430,3528,192954,16277,18626130
1790108189076131354,10537230,10312668,3528,193436,16289,18626130
1790108189192560766,10537941,10312897,3528,193925,16303,18626130
1790108189309095408,10538676,10313165,3528,194324,16366,18626130
1790108189428086856,10539432,10313351,3528,194610,16647,18626130
1790108189543298254,10540171,10313558,3528,195109,16660,18626130
1790108189661108837,10540908,10313787,3528,195608,16672,18626130
1790108189777709004,10541640,10314021,3528,196095,16682,18626130
1790108189895197398,10542316,10314246,3528,196593,16701,18626130
1790108190011947851,10543050,10314456,3528,197102,16712,18626130
1790108190127286725,10543774,10314779,3528,197490,16724,18626130
1790108190242831940,10544495,10314994,3528,197835,16893,18626130
1790108190360171823,10545240,10315203,3528,198347,16906,18626130
1790108190475485797,10545966,10315412,3528,198853,16918,18626130
1790108190590440525,10546638,10315631,3528,199335,16936,18626130
1790108190707685565,10547392,10315884,3528,199808,16944,18626130
1790108190825309773,10548148,10316106,3528,200317,16951,18626130
1790108190942515186,10548887,10316379,3528,200773,16961,18626130
1790108191057287842,10549635,10316609,3528,201168,17053,18626130
1790108191176132169,10550399,10316832,3528,201680,17062,18626130
1790108191295365344,10551201,10317044,3528,202210,17069,18626130
1790108191411298984,10551927,10317252,3528,202713,17085,18626130
1790108191526390715,10552707,10317467,3528,203212,17093,18626130
1790108191645542241,10553458,10317715,3528,203702,17106,18626130
1790108191762428830,10554197,10317958,3528,204125,17168,18626130
1790108191878665601,10554920,10318146,3528,204456,17385,18626130
1790108191994384064,10555638,10318363,3528,204952,17401,18626130
1790108192107378287,10556321,10318581,3528,205429,17415,18626130
1790108192224344942,10557022,10318791,3528,205938,17428,18626130
1790108192339364329,10557696,10319014,3528,206418,17446,18626130
1790108192457380150,10558455,10319260,3528,206903,17453,18626130
1790108192571979534,10559196,10319508,3528,207366,17461,18626130
1790108192686693520,10559909,10319710,3528,207719,17628,18626130
1790108192802615482,10560619,10319953,3528,208191,17643,18626130
1790108192918873297,10561366,10320213,3528,208645,17657,18626130
1790108193035698489,10562096,10320434,3528,209143,17672,18626130
1790108193152775724,10562817,10320704,3528,209600,17682,18626130
1790108193269910687,10563552,10320943,3528,210083,17692,18626130
1790108193385149241,10564279,10321194,3528,210544,17705,18626130
1790108193500604322,10564997,10321407,3528,210886,17874,18626130
1790108193618235261,10565768,10321623,3528,211399,17884,18626130
1790108193735625338,10566482,10321833,3528,211912,17895,18626130
1790108193853386995,10567183,10322057,3528,212413,17909,18626130
1790108193970089205,10567946,10322293,3528,212898,17920,18626130
1790108194086857910,10568643,10322513,3528,213398,17933,18626130
1790108194203538577,10569366,10322788,3528,213840,17946,18626130
1790108194320452331,10570120,10322981,3528,214212,18117,18626130
1790108194439141955,10570851,10323212,3528,214716,18130,18626130
1790108194556557797,10571553,10323427,3528,215226,18144,18626130
1790108194672378258,10572272,10323634,3528,215729,18158,18626130
1790108194788351149,10572959,10323855,3528,216217,18174,18626130
1790108194904217399,10573677,10324118,3528,216667,18189,18626130
1790108195021312333,10574429,10324380,3528,217114,18211,18626130
1790108195136751108,10575140,10324571,3528,217490,18373,18626130
1790108195250524987,10575878,10324802,3528,217962,18382,18626130
1790108195365015439,10576606,10325042,3528,218431,18393,18626130
1790108195480646585,10577320,10325262,3528,218927,18405,18626130
1790108195595993508,10578042,10325469,3528,219430,18416,18626130
1790108195715068280,10578786,10325704,3528,219928,18430,18626130
1790108195830822476,10579528,10325966,3528,220371,18448,18626130
1790108195944279101,10580231,10326149,3528,220724,18628,18626130
1790108196061368457,10580962,10326383,3528,221217,18638,18626130
1790108196177654850,10581639,10326599,3528,221718,18651,18626130
1790108196294547255,10582373,10326834,3528,222209,18659,18626130
1790108196411495753,10583112,10327083,3528,222689,18670,18626130
1790108196524916390,10583817,10327339,3528,223128,18681,18626130
1790108196641034712,10584552,10327583,3528,223569,18724,18626130
1790108196757330915,10585304,10327779,3528,223967,18862,18626130
1790108196875132392,10586044,10328029,3528,224441,18878,18626130
1790108196993423878,10586797,10328239,3528,224964,18893,18626130
1790108197110675551,10587556,10328460,3528,225468,18902,18626130
1790108197228232475,10588308,10328686,3528,225975,18908,18626130
1790108197343927495,10589026,10328959,3528,226411,18920,18626130
1790108197461094604,10589739,10329187,3528,226829,19009,18626130
1790108197576904423,10590494,10329394,3528,227265,19097,18626130
1790108197692690829,10591242,10329646,3528,227726,19108,18626130
1790108197810026611,10591953,10329861,3528,228233,19123,18626130
1790108197926096595,10592715,10330106,3528,228712,19130,18626130
1790108198043081905,10593456,10330352,3528,229195,19138,18626130
1790108198159957218,10594185,10330608,3528,229657,19147,18626130
1790108198274672924,10594929,10330862,3528,229995,19273,18626130
1790108198391422927,10595681,10331065,3528,230474,19329,18626130
1790108198508099045,10596448,10331301,3528,230959,19340,18626130
1790108198621406010,10597120,10331551,3528,231410,19355,18626130
1790108198737906585,10597831,10331801,3528,231872,19371,18626130
1790108198852615263,10598537,10332017,3528,232362,19386,18626130
1790108198969471651,10599249,10332285,3528,232808,19402,18626130
1790108199085475271,10599945,10332510,3528,233217,19499,18626130
1790108199201984036,10600650,10332752,3528,233692,19510,18626130
1790108199318871519,10601396,10332962,3528,234203,19523,18626130
1790108199436137725,10602153,10333171,3528,234726,19532,18626130
1790108199551973435,10602882,10333389,3528,235223,19545,18626130
1790108199669674495,10603626,10333675,3528,235657,19558,18626130
1790108199785921709,10604358,10333950,3528,236095,19574,18626130
1790108199900525568,10605082,10334166,3528,236419,19757,18626130
1790108200017158079,10605787,10334376,3528,236923,19771,18626130
1790108200134860075,10606527,10334606,3528,237426,19780,18626130
1790108200252646743,10607273,10334863,3528,237898,19790,18626130
1790108200368599272,10608028,10335083,3528,238397,19798,18626130
1790108200486009784,10608776,10335330,3528,238876,19809,18626130
1790108200600241877,10609483,10335589,3528,239319,19826,18626130
1790108200715468593,10610178,10335783,3528,239666,20004,18626130
1790108200833756191,10610939,10335999,3528,240187,20014,18626130
1790108200949111369,10611638,10336207,3528,240689,20029,18626130
1790108201065441303,10612387,10336430,3528,241183,20037,18626130
1790108201179079565,10613110,10336654,3528,241668,20044,18626130
1790108201294506764,10613836,10336949,3528,242086,20054,18626130
1790108201410069539,10614558,10337223,3528,242523,20066,18626130
1790108201526428655,10615317,10337470,3528,242921,20153,18626130
1790108201643416729,10616111,10337676,3528,243446,20160,18626130
1790108201758781289,10616889,10337914,3528,243927,20166,18626130
1790108201875024885,10617651,10338139,3528,244419,20175,18626130
1790108201989998003,10618364,10338377,3528,244890,20187,18626130
1790108202107341144,10619116,10338663,3528,245323,20205,18626130
1790108202221808870,10619832,10338879,3528,245707,20323,18626130
1790108202337761718,10620626,10339065,3528,246185,20389,18626130
1790108202452904555,10621352,10339279,3528,246683,20399,18626130
1790108202568174106,10622040,10339497,3528,247175,20413,18626130
1790108202683669058,10622813,10339733,3528,247662,20418,18626130
1790108202802183751,10623573,10339996,3528,248127,20431,18626130
1790108202918803285,10624295,10340263,3528,248579,20444,18626130
1790108203034712383,10625023,10340477,3528,248913,20622,18626130
1790108203151755803,10625772,10340695,3528,249422,20630,18626130
1790108203269396614,10626548,10340918,3528,249933,20637,18626130
1790108203386087962,10627275,10341146,3528,250423,20649,18626130
1790108203503720072,10628013,10341356,3528,250947,20655,18626130
1790108203620457032,10628724,10341605,3528,251417,20666,18626130
1790108203736635019,10629477,10341854,3528,251885,20677,18626130
1790108203852568708,10630217,10342072,3528,252210,20861,18626130
1790108203970765316,10630975,10342325,3528,252698,20869,18626130
1790108204089082146,10631684,10342548,3528,253200,20882,18626130
1790108204206012610,10632453,10342795,3528,253679,20891,18626130
1790108204321885866,10633188,10343032,3528,254154,20905,18626130
1790108204437444305,10633920,10343283,3528,254615,20917,18626130
1790108204553940314,10634645,10343537,3528,255077,20931,18626130
1790108204670823833,10635400,10343774,3528,255495,21010,18626130
1790108204788444646,10636179,10343987,3528,256007,21023,18626130
1790108204906211541,10636925,10344198,3528,256516,21044,18626130
1790108205024186199,10637654,10344435,3528,256997,21064,18626130
1790108205142043523,10638392,10344706,3528,257450,21079,18626130
1790108205257105752,10639124,10344967,3528,257897,21091,18626130
1790108205372024592,10639857,10345181,3528,258225,21271,18626130
1790108205490741757,10640591,10345398,3528,258739,21284,18626130
1790108205607238231,10641351,10345637,3528,259225,21293,18626130
1790108205720882857,10642059,10345875,3528,259692,21305,18626130
1790108205838796642,10642791,10346095,3528,260199,21317,18626130
1790108205953542281,10643511,10346350,3528,260645,21332,18626130
1790108206070499523,10644249,10346626,3528,261089,21345,18626130
1790108206186246112,10644990,10346825,3528,261439,21525,18626130
1790108206302447267,10645715,10347047,3528,261935,21536,18626130
1790108206419190960,10646447,10347253,3528,262452,21544,18626130
1790108206534108570,10647125,10347497,3528,262916,21557,18626130
1790108206648073058,10647831,10347748,3528,263370,21568,18626130
1790108206765425521,10648542,10348013,3528,263831,21581,18626130
1790108206880317561,10649261,10348246,3528,264299,21594,18626130
1790108206996711409,10649994,10348465,3528,264717,21688,18626130
1790108207114241714,10650769,10348690,3528,265218,21698,18626130
1790108207229419073,10651507,10348931,3528,265693,21709,18626130
1790108207346963062,10652244,10349162,3528,266189,21718,18626130
1790108207463687042,10652981,10349445,3528,266625,21734,18626130
1790108207579915006,10653713,10349688,3528,267086,21754,18626130
1790108207697338615,10654450,10349894,3528,267460,21909,18626130
1790108207814065205,10655201,10350105,3528,267950,21947,18626130
1790108207931133225,10655901,10350346,3528,268425,21963,18626130
1790108208047725426,10656617,10350570,3528,268923,21976,18626130
1790108208164353504,10657363,10350789,3528,269427,21984,18626130
1790108208282457677,10658132,10351053,3528,269880,22006,18626130
1790108208396301193,10658849,10351301,3528,270331,22019,18626130
1790108208511013807,10659578,10351511,3528,270665,22199,18626130
1790108208627712754,10660300,10351783,3528,271119,22209,18626130
1790108208743078218,10661054,10351993,3528,271625,22218,18626130
1790108208859449072,10661799,10352215,3528,272130,22222,18626130
1790108208977670154,10662553,10352460,3528,272610,22235,18626130
1790108209093049770,10663281,10352723,3528,273052,22252,18626130
1790108209209917631,10664000,10352960,3528,273530,22266,18626130
1790108209324614726,10664705,10353197,3528,273916,22367,18626130
1790108209441958588,10665459,10353415,3528,274420,22379,18626130
1790108209559906132,10666165,10353642,3528,274924,22390,18626130
1790108209676103745,10666889,10353857,3528,275422,22405,18626130
1790108209790084892,10667596,10354111,3528,275863,22423,18626130
1790108209903758238,10668314,10354350,3528,276322,22437,18626130
1790108210020309889,10669051,10354556,3528,276671,22613,18626130
1790108210135649496,10669760,10354767,3528,277174,22627,18626130
1790108210252324209,10670495,10354996,3528,277658,22642,18626130
1790108210365628710,10671176,10355203,3528,278157,22650,18626130
1790108210481577301,10671918,10355486,3528,278593,22662,18626130
1790108210597318715,10672646,10355730,3528,279057,22673,18626130
1790108210711373261,10673363,10355983,3528,279504,22687,18626130
1790108210827627818,10674084,10356184,3528,279859,22864,18626130
1790108210944926105,10674815,10356439,3528,280333,22875,18626130
1790108211062366234,10675577,10356667,3528,280831,22883,18626130
1790108211179495285,10676271,10356914,3528,281299,22901,18626130
1790108211292228408,10676980,10357176,3528,281734,22916,18626130
1790108211407614886,10677707,10357428,3528,282189,22928,18626130
1790108211523003013,10678410,10357740,3528,282584,22944,18626130
1790108211638970724,10679192,10357972,3528,282987,23046,18626130
1790108211756372660,10679950,10358179,3528,283502,23053,18626130
1790108211873473523,10680679,10358438,3528,283975,23064,18626130
1790108211990915247,10681378,10358674,3528,284457,23078,18626130
1790108212106904530,10682107,10358938,3528,284902,23096,18626130
1790108212223979073,10682849,10359208,3528,285352,23109,18626130
1790108212339646540,10683565,10359416,3528,285693,23287,18626130
1790108212457325823,10684323,10359664,3528,286173,23299,18626130
1790108212574606425,10685066,10359885,3528,286679,23309,18626130
1790108212688704319,10685806,10360110,3528,287159,23319,18626130
1790108212804834990,10686547,10360371,3528,287614,23331,18626130
1790108212919346095,10687251,10360617,3528,288067,23345,18626130
1790108213036233288,10688001,10360869,3528,288532,23361,18626130
1790108213152615660,10688751,10361068,3528,288888,23538,18626130
1790108213270602480,10689506,10361289,3528,289394,23549,18626130
1790108213387992415,10690251,10361505,3528,289909,23558,18626130
1790108213505894787,10690997,10361743,3528,290402,23565,18626130
1790108213619358400,10691710,10361991,3528,290854,23575,18626130
1790108213734837532,10692426,10362255,3528,291300,23587,18626130
1790108213849154354,10693155,10362490,3528,291723,23645,18626130
1790108213961705104,10693804,10362708,3528,292158,23701,18626130
1790108214075692653,10694525,10362925,3528,292644,23713,18626130
1790108214191941745,10695245,10363150,3528,293136,23723,18626130
1790108214304753167,10695937,10363391,3528,293587,23740,18626130
1790108214422016204,10696686,10363649,3528,294053,23751,18626130
1790108214538432713,10697410,10363919,3528,294494,23767,18626130
1790108214655245880,10698158,10364119,3528,294858,23942,18626130
1790108214769321099,10698847,10364356,3528,295323,23957,18626130
1790108214884188038,10699551,10364571,3528,295814,23968,18626130
1790108215000132839,10700273,10364828,3528,296274,23980,18626130
1790108215116308572,10700992,10365112,3528,296709,23993,18626130
1790108215232429140,10701723,10365360,3528,297171,24004,18626130
1790108215348109371,10702451,10365627,3528,297618,24015,18626130
1790108215464151328,10703184,10365833,3528,297974,24186,18626130
1790108215583168881,10703942,10366078,3528,298461,24199,18626130
1790108215701809345,10704690,10366286,3528,298990,24208,18626130
1790108215818329268,10705423,10366556,3528,299430,24227,18626130
1790108215933820540,10706140,10366822,3528,299878,24240,18626130
1790108216050044918,10706869,10367061,3528,300355,24251,18626130
1790108216165343103,10707585,10367282,3528,300758,24349,18626130
1790108216280656829,10708342,10367506,3528,301248,24359,18626130
1790108216396290060,10709057,10367726,3528,301750,24369,18626130
1790108216513319613,10709796,10368296,3528,301905,24374,18634578
1790108216626556333,10710519,10368998,3528,301909,24381,18662610
1790108216743981341,10711264,10369134,3528,302520,24382,18662610
1790108216862234769,10712023,10369273,3528,303132,24382,18662610
1790108216976321793,10712747,10369334,3528,303798,24382,18662610
1790108217094236074,10713494,10369501,3528,304381,24383,18662610
1790108217212959594,10714245,10369653,3528,304984,24384,18662610
1790108217326910609,10714977,10369739,3528,305624,24384,18662610
1790108217443514782,10715723,10369855,3528,306247,24384,18662610
1790108217561417887,10716478,10369944,3528,306909,24384,18662610
1790108217675429641,10717207,10370010,3528,307568,24385,18662610
1790108217793382473,10717956,10370096,3528,308234,24385,18662610
1790108217908946087,10718686,10370179,3528,308889,24386,18662610
1790108218023062115,10719420,10370259,3528,309535,24386,18662610
1790108218141110060,10720174,10370399,3528,310145,24386,18662610
1790108218255210246,10720910,10370443,3528,310829,24386,18662610
1790108218369667437,10721638,10370533,3528,311463,24387,18662610
1790108218487544836,10722400,10370659,3528,312087,24387,18662610
1790108218601540229,10723129,10370686,3528,312787,24387,18662610
1790108218717944380,10723872,10370796,3528,313420,24387,18662610
1790108218835837558,10724622,10370877,3528,314091,24388,18662610
1790108218949999693,10725346,10370951,3528,314741,24389,18662610
1790108219068319295,10726111,10371038,3528,315405,24389,18662610
1790108219186314059,10726863,10371115,3528,316079,24390,18662610
1790108219300242070,10727587,10371201,3528,316717,24391,18662610
1790108219418445629,10728342,10371318,3528,317359,24391,18662610
1790108219533326325,10729076,10371368,3528,318035,24391,18662610
1790108219647394363,10729799,10371465,3528,318662,24392,18662610
1790108219765285377,10730551,10371590,3528,319287,24393,18662610
1790108219879401160,10731281,10371621,3528,319987,24393,18662610
1790108219997818503,10732028,10371757,3528,320600,24394,18662610
1790108220113188894,10732765,10371919,3528,321172,24394,18662610
1790108220231155635,10733525,10372091,3528,321750,24395,18662610
1790108220349011159,10734272,10372252,3528,322340,24395,18662610
1790108220466668437,10735029,10372397,3528,322939,24395,18662610
1790108220584452622,10735785,10372554,3528,323533,24395,18662610
1790108220702546118,10736542,10372671,3528,324168,24395,18662610
1790108220816756632,10737266,10372746,3528,324817,24396,18662610
1790108220934747278,10738022,10372863,3528,325454,24397,18662610
1790108221051711852,10738763,10373013,3528,326044,24397,18662610
1790108221170163831,10739524,10373164,3528,326648,24398,18662610
1790108221288145136,10740284,10373318,3528,327244,24398,18662610
1790108221404400301,10741027,10373452,3528,327848,24398,18662610
1790108221522294382,10741781,10373554,3528,328497,24399,18662610
1790108221636390161,10742520,10373642,3528,329135,24399,18662610
1790108221754450331,10743265,10373782,3528,329744,24400,18662610
1790108221872527951,10744017,10373923,3528,330353,24400,18662610
1790108221986949808,10744744,10374063,3528,330944,24401,18662610
1790108222105107662,10745501,10374185,3528,331572,24401,18662610
1790108222223120094,10746258,10374364,3528,332142,24402,18662610
1790108222341009463,10747009,10374488,3528,332769,24402,18662610
1790108222455187253,10747744,10374515,3528,333470,24402,18662610
1790108222572771139,10748490,10374645,3528,334088,24403,18662610
1790108222691027987,10749241,10374730,3528,334754,24404,18662610
1790108222809552889,10749993,10374853,3528,335380,24406,18662610
1790108222927599936,10750746,10374980,3528,336003,24406,18662610
1790108223045789738,10751496,10375143,3528,336595,24407,18662610
1790108223163866489,10752243,10375286,3528,337203,24408,18662610
1790108223278040422,10752973,10375307,3528,337909,24408,18662610
1790108223393562656,10753709,10375392,3528,338552,24410,18662610
1790108223510040578,10754450,10375519,3528,339169,24411,18662610
1790108223628021061,10755199,10375691,3528,339744,24414,18662610
1790108223746073665,10755953,10375807,3528,340379,24414,18662610
1790108223863876380,10756704,10375954,3528,340981,24416,18662610
1790108223981951938,10757464,10376056,3528,341628,24416,18662610
1790108224098798427,10758217,10376133,3528,342297,24416,18662610
1790108224212987662,10758940,10376207,3528,342947,24417,18662610
1790108224331025952,10759695,10376383,3528,343523,24417,18662610
1790108224449302593,10760450,10376533,3528,344120,24418,18662610
1790108224567615740,10761202,10376618,3528,344785,24419,18662610
1790108224685513513,10761954,10376781,3528,345375,24420,18662610
1790108224801677193,10762689,10376888,3528,346003,24420,18662610
1790108224919684477,10763444,10376986,3528,346657,24420,18662610
1790108225033906933,10764172,10377073,3528,347301,24421,18662610
1790108225152145935,10764930,10377187,3528,347936,24421,18662610
1790108225270113196,10765680,10377338,3528,348536,24422,18662610
1790108225386477771,10766426,10377441,3528,349168,24424,18662610
1790108225504327696,10767183,10377589,3528,349769,24428,18662610
1790108225622288420,10767929,10377706,3528,350400,24430,18662610
1790108225740437898,10768678,10377784,3528,351072,24430,18662610
1790108225854916516,10769410,10377839,3528,351748,24431,18662610
1790108225972481973,10770164,10377945,3528,352385,24433,18662610
1790108226090906101,10770917,10378070,3528,353016,24434,18662610
1790108226205996482,10771658,10378222,3528,353596,24434,18662610
1790108226324244549,10772420,10378318,3528,354250,24434,18662610
1790108226439865134,10773147,10378454,3528,354851,24435,18662610
1790108226557602786,10773906,10378616,3528,355433,24435,18662610
1790108226672074391,10774632,10378641,3528,356141,24435,18662610
1790108226790708361,10775402,10378757,3528,356778,24435,18662610
1790108226906473204,10776148,10378885,3528,357385,24435,18662610
1790108227024556530,10776899,10379036,3528,357983,24436,18662610
1790108227142515394,10777650,10379179,3528,358591,24436,18662610
1790108227260496700,10778410,10379388,3528,359130,24437,18662610
1790108227378313954,10779168,10379504,3528,359765,24437,18662610
1790108227494496209,10779912,10379612,3528,360396,24437,18662610
1790108227608889899,10780644,10379691,3528,361049,24437,18662610
1790108227726751276,10781399,10379840,3528,361650,24438,18662610
1790108227844889611,10782156,10379990,3528,362248,24440,18662610
1790108227963133554,10782921,10380080,3528,362910,24440,18662610
1790108228081115845,10783667,10380241,3528,363499,24440,18662610
1790108228198541076,10784416,10380375,3528,364108,24442,18662610
1790108228316432841,10785169,10380457,3528,364777,24442,18662610
1790108228430715161,10785908,10380519,3528,365441,24442,18662610
1790108228548081122,10786648,10380612,3528,366098,24442,18662610
1790108228665932404,10787402,10380772,3528,366688,24443,18662610
1790108228783239354,10788160,10380900,3528,367305,24443,18662610
1790108228901169785,10788915,10381038,3528,367916,24444,18662610
1790108229017666434,10789665,10381204,3528,368492,24444,18662610
1790108229135838226,10790418,10381306,3528,369144,24444,18662610
1790108229250572288,10791155,10381353,3528,369822,24445,18662610
1790108229368110360,10791905,10381521,3528,370404,24445,18662610
1790108229486187913,10792665,10381657,3528,371019,24446,18662610
1790108229604128883,10793412,10381775,3528,371648,24448,18662610
1790108229719616344,10794149,10381880,3528,372276,24448,18662610
1790108229837608941,10794898,10382034,3528,372871,24450,18662610
1790108229955742488,10795655,10382224,3528,373432,24450,18662610
1790108230070401793,10796391,10382280,3528,374114,24450,18662610
1790108230189585804,10797156,10382413,3528,374733,24451,18662610
1790108230305002733,10797882,10382576,3528,375306,24452,18662610
1790108230423319198,10798639,10382742,3528,375889,24453,18662610
1790108230541628294,10799393,10382895,3528,376486,24454,18662610
1790108230659667733,10800147,10383018,3528,377112,24454,18662610
1790108230777501153,10800904,10383131,3528,377753,24454,18662610
1790108230889714794,10801617,10383176,3528,378420,24455,18662610
1790108231004010433,10802348,10383263,3528,379064,24455,18662610
1790108231118320675,10803080,10383431,3528,379621,24455,18662610
1790108231236277297,10803832,10383595,3528,380205,24457,18662610
1790108231353943698,10804585,10383682,3528,380870,24457,18662610
1790108231471884033,10805339,10383877,3528,381424,24458,18662610
1790108231588900450,10806083,10383988,3528,382056,24458,18662610
1790108231706963595,10806836,10384072,3528,382724,24458,18662610
1790108231821237993,10807573,10384145,3528,383376,24459,18662610
1790108231938340099,10808316,10384244,3528,384022,24460,18662610
1790108232056177945,10809077,10384430,3528,384586,24460,18662610
1790108232171701923,10809807,10384578,3528,385156,24473,18662610
1790108232290159700,10810566,10384662,3528,385784,24517,18662610
1790108232406536632,10811305,10384797,3528,386335,24568,18662610
1790108232524647501,10812062,10384916,3528,386931,24605,18662610
1790108232639454683,10812797,10384937,3528,387649,24605,18662610
1790108232759483448,10813570,10385034,3528,388254,24660,18662610
1790108232876781375,10814315,10385183,3528,388804,24710,18662610
1790108232995004490,10815071,10385320,3528,389371,24758,18662610
1790108233113329658,10815829,10385384,3528,390007,24810,18662610
1790108233226893473,10816554,10385530,3528,390538,24858,18662610
1790108233344422750,10817310,10385635,3528,391120,24914,18662610
1790108233462917889,10818068,10385707,3528,391794,24927,18662610
1790108233576941978,10818797,10385765,3528,392435,24950,18662610
1790108233695712392,10819554,10385863,3528,393028,25010,18662610
1790108233814308592,10820314,10386000,3528,393609,25050,18662610
1790108233931032735,10821052,10386093,3528,394215,25094,18662610
1790108234046860174,10821788,10386222,3528,394773,25145,18662610
1790108234165338851,10822544,10386384,3528,395312,25194,18662610
1790108234283779578,10823300,10386492,3528,395921,25235,18662610
1790108234398957124,10824035,10386513,3528,396634,25235,18662610
1790108234513369122,10824763,10386587,3528,397243,25278,18662610
1790108234632028095,10825518,10386685,3528,397849,25331,18662610
1790108234750311718,10826278,10386799,3528,398442,25375,18662610
1790108234868455291,10827035,10386871,3528,399074,25422,18662610
1790108234985705252,10827783,10387050,3528,399598,25464,18662610
1790108235105324904,10828552,10387175,3528,400183,25517,18662610
1790108235228461551,10829336,10387256,3528,400868,25534,18662610
1790108235342793920,10830071,10387318,3528,401515,25557,18662610
1790108235463914423,10830840,10387423,3528,402125,25613,18662610
1790108235587233859,10831632,10387534,3528,402741,25668,18662610
1790108235700686570,10832354,10387628,3528,403300,25734,18662610
1790108235818916376,10833112,10387694,3528,403941,25787,18662610
1790108235935511400,10833865,10387806,3528,404522,25830,18662610
1790108236054148074,10834624,10387915,3528,405137,25864,18662610
1790108236168990977,10835359,10387936,3528,405850,25864,18662610
1790108236288797887,10836123,10388013,3528,406482,25916,18662610
1790108236406426829,10836880,10388116,3528,407069,25973,18662610
1790108236524496304,10837642,10388220,3528,407663,26024,18662610
1790108236642672887,10838396,10388317,3528,408266,26076,18662610
1790108236761034559,10839145,10388448,3528,408850,26116,18662610
1790108236879572571,10839902,10388542,3528,409459,26166,18662610
1790108237009912356,10840731,10388613,3528,410216,26172,18662610
1790108237136955515,10841540,10388687,3528,410900,26221,18662610
1790108237260346238,10842336,10388794,3528,411540,26258,18662610
1790108237396603735,10843206,10388854,3528,412335,26268,18662610
1790108237513321724,10843955,10388938,3528,412941,26322,18662610
1790108237631925587,10844710,10389001,3528,413616,26341,18662610
1790108237746574775,10845440,10389057,3528,414267,26360,18662610
1790108237865775328,10846201,10389150,3528,414877,26421,18662610
1790108237983776325,10846953,10389237,3528,415530,26428,18662610
1790108238097967072,10847685,10389335,3528,416131,26456,18662610
1790108238216073006,10848441,10389390,3528,416770,26514,18662610
1790108238334946281,10849203,10389493,3528,417426,26514,18662610
1790108238449421170,10849934,10389579,3528,418017,26561,18662610
1790108238567535162,10850693,10389679,3528,418628,26604,18662610
1790108238682694662,10851430,10389738,3528,419300,26604,18662610
1790108238796881572,10852153,10389832,3528,419894,26645,18662610
1790108238915291157,10852919,10389936,3528,420502,26685,18662610
1790108239029331966,10853649,10389969,3528,421197,26685,18662610
1790108239145470694,10854386,10390052,3528,421801,26735,18662610
1790108239263817354,10855139,10390151,3528,422424,26769,18662610
1790108239377731301,10855870,10390189,3528,423094,26775,18662610
1790108239494932675,10856617,10390332,3528,423668,26807,18662610
1790108239613547165,10857375,10390443,3528,424284,26831,18662610
1790108239727690980,10858105,10390530,3528,424918,26839,18662610
1790108239844411266,10858859,10390702,3528,425443,26883,18662610
1790108239962613075,10859612,10390809,3528,426073,26897,18662610
1790108240076995809,10860340,10390896,3528,426710,26904,18662610
1790108240194847132,10861093,10391102,3528,427157,26995,18662610
1790108240312436381,10861824,10391373,3528,427608,27010,18662610
1790108240428662734,10862569,10391638,3528,428049,27033,18662610
1790108240545101651,10863299,10391894,3528,428506,27045,18662610
1790108240663383401,10864055,10392136,3528,428993,27060,18662610
1790108240779308223,10864792,10392455,3528,429388,27073,18662610
1790108240895178428,10865521,10392721,3528,429832,27085,18662610
1790108241012668627,10866240,10392979,3528,430297,27098,18662610
1790108241127517478,10866963,10393243,3528,430743,27108,18662610
1790108241245029046,10867700,10393500,3528,431209,27120,18662610
1790108241360683674,10868416,10393783,3528,431639,27131,18662610
1790108241477121424,10869143,10394049,3528,432095,27141,18662610
1790108241595492857,10869908,10394313,3528,432556,27159,18662610
1790108241714054864,10870644,10394582,3528,433016,27171,18662610
1790108241830545981,10871377,10394848,3528,433467,27187,18662610
1790108241944293999,10872092,10395100,3528,433911,27200,18662610
1790108242060797574,10872826,10395377,3528,434351,27212,18662610
1790108242177344397,10873564,10395622,3528,434830,27224,18662610
1790108242297950837,10874314,10395871,3528,435319,27236,18662610
1790108242414214854,10875051,10396118,3528,435783,27252,18662610
1790108242531180910,10875791,10396359,3528,436262,27266,18662610
1790108242647047021,10876519,10396621,3528,436713,27279,18662610
1790108242762177797,10877249,10396884,3528,437154,27292,18662610
1790108242877194301,10877989,10397169,3528,437583,27302,18662610
1790108242993836613,10878692,10397418,3528,438052,27314,18662610
1790108243109095189,10879414,10397673,3528,438504,27330,18662610
1790108243224839644,10880147,10397914,3528,438973,27345,18662610
1790108243339842552,10880878,10398165,3528,439427,27357,18662610
1790108243456195239,10881596,10398457,3528,439848,27372,18662610
1790108243574913208,10882344,10398709,3528,440332,27385,18662610
1790108243689888823,10883065,10398977,3528,440770,27396,18662610
1790108243806773300,10883809,10399245,3528,441225,27407,18662610
1790108243922687066,10884523,10399506,3528,441673,27424,18662610
1790108244040485302,10885265,10399755,3528,442144,27439,18662610
1790108244157682306,10885987,10400022,3528,442597,27453,18662610
1790108244276123129,10886736,10400292,3528,443057,27467,18662610
1790108244392344115,10887472,10400552,3528,443515,27479,18662610
1790108244509134378,10888199,10400816,3528,443962,27496,18662610
1790108244626323478,10888944,10401056,3528,444445,27510,18662610
1790108244741968625,10889665,10401321,3528,444886,27523,18662610
1790108244858956762,10890401,10401594,3528,445339,27536,18662610
1790108244978852984,10891145,10401835,3528,445831,27548,18662610
1790108245093636792,10891867,10402083,3528,446288,27561,18662610
1790108245209904129,10892606,10402328,3528,446756,27575,18662610
1790108245327117901,10893343,10402589,3528,447218,27590,18662610
1790108245443141229,10894060,10402850,3528,447664,27605,18662610
1790108245560504747,10894798,10403103,3528,448138,27616,18662610
1790108245679434201,10895550,10403389,3528,448581,27633,18662610
1790108245795053524,10896260,10403648,3528,449022,27652,18662610
1790108245912051362,10897011,10403934,3528,449455,27666,18662610
1790108246027226637,10897739,10404189,3528,449909,27679,18662610
1790108246143597067,10898456,10404462,3528,450351,27691,18662610
1790108246259304747,10899193,10404712,3528,450824,27701,18662610
1790108246378452883,10899955,10404966,3528,451294,27719,18662610
1790108246493076873,10900677,10405221,3528,451745,27731,18662610
1790108246607922264,10901382,10405469,3528,452203,27743,18662610
1790108246723306840,10902105,10405719,3528,452666,27755,18662610
1790108246838692310,10902808,10405973,3528,453114,27770,18662610
1790108246951117787,10903511,10406207,3528,453578,27780,18662610
1790108247067506725,10904255,10406455,3528,454048,27791,18662610
1790108247182888186,10904975,10406717,3528,454493,27805,18662610
1790108247298072268,10905712,10406987,3528,454931,27818,18662610
1790108247415301933,10906456,10407245,3528,455397,27829,18662610
1790108247529364880,10907177,10407504,3528,455838,27845,18662610
1790108247643076286,10907881,10407761,3528,456279,27857,18662610
1790108247759389387,10908590,10408036,3528,456719,27871,18662610
1790108247872730868,10909292,10408296,3528,457154,27885,18662610
1790108247989195980,10910029,10408547,3528,457617,27899,18662610
1790108248105685172,10910757,10408809,3528,458074,27908,18662610
1790108248220407875,10911487,10409102,3528,458490,27917,18662610
1790108248333420234,10912216,10409356,3528,458937,27931,18662610
1790108248450440202,10912959,10409597,3528,459419,27944,18662610
1790108248565997242,10913689,10409839,3528,459885,27954,18662610
1790108248680334304,10914418,10410089,3528,460334,27970,18662610
1790108248797756164,10915165,10410328,3528,460814,27987,18662610
1790108248913663116,10915899,10410609,3528,461247,28001,18662610
1790108249029991861,10916628,10410906,3528,461668,28012,18662610
1790108249144813660,10917346,10411179,3528,462103,28023,18662610
1790108249260438347,10918056,10411451,3528,462544,28035,18662610
1790108249375713484,10918754,10411697,3528,463007,28048,18662610
1790108249491859022,10919503,10411952,3528,463464,28063,18662610
1790108249607383551,10920234,10412214,3528,463911,28077,18662610
1790108249723468551,10920950,10412461,3528,464380,28086,18662610
1790108249840223273,10921681,10412716,3528,464847,28097,18662610
1790108249956084582,10922402,10412978,3528,465294,28118,18662610
1790108250071396264,10923131,10413218,3528,465754,28133,18662610
1790108250187436379,10923877,10413492,3528,466193,28149,18662610
1790108250302915656,10924605,10413761,3528,466635,28159,18662610
1790108250416397446,10925311,10414030,3528,467067,28169,18662610
1790108250534401428,10926079,10414288,3528,467531,28184,18662610
1790108250650224397,10926820,10414541,3528,467992,28199,18662610
1790108250765351987,10927549,10414792,3528,468443,28213,18662610
1790108250879521005,10928268,10415054,3528,468880,28228,18662610
1790108250995982506,10928987,10415298,3528,469352,28242,18662610
1790108251109109400,10929693,10415557,3528,469794,28256,18662610
1790108251224023260,10930417,10415815,3528,470236,28271,18662610
1790108251339603949,10931104,10416095,3528,470667,28284,18662610
1790108251456557512,10931828,10416343,3528,471144,28295,18662610
1790108251572572557,10932557,10416643,3528,471557,28307,18662610
1790108251687120288,10933273,10416903,3528,471997,28322,18662610
1790108251801910111,10934002,10417171,3528,472444,28331,18662610
1790108251917677959,10934724,10417434,3528,472893,28343,18662610
1790108252035458821,10935441,10417713,3528,473337,28358,18662610
1790108252148764027,10936159,10417990,3528,473753,28373,18662610
1790108252263306764,10936878,10418269,3528,474179,28386,18662610
1790108252377701256,10937600,10418519,3528,474632,28401,18662610
1790108252492568494,10938321,10418766,3528,475099,28407,18662610
1790108252609577207,10939055,10419019,3528,475565,28421,18662610
1790108252725120623,10939795,10419272,3528,476023,28434,18662610
1790108252840305011,10940523,10419513,3528,476491,28448,18662610
1790108252955407734,10941239,10419795,3528,476916,28464,18662610
1790108253070942328,10941965,10420067,3528,477346,28482,18662610
1790108253188141396,10942719,10420316,3528,477817,28499,18662610
1790108253303975721,10943449,10420555,3528,478287,28513,18662610
1790108253420323003,10944187,10420809,3528,478748,28525,18662610
1790108253537232693,10944930,10421063,3528,479217,28537,18662610
1790108253651433221,10945639,10421313,3528,479668,28550,18662610
1790108253768373399,10946371,10421569,3528,480135,28559,18662610
1790108253885319098,10947134,10421817,3528,480606,28573,18662610
1790108254000935002,10947868,10422062,3528,481066,28592,18662610
1790108254115224320,10948589,10422311,3528,481516,28606,18662610
1790108254230231676,10949319,10422553,3528,481984,28617,18662610
1790108254343183828,10950025,10422807,3528,482425,28629,18662610
1790108254458474292,10950763,10423053,3528,482896,28640,18662610
1790108254574811719,10951474,10423330,3528,483330,28653,18662610
1790108254691700914,10952207,10423573,3528,483804,28668,18662610
1790108254805019753,10952905,10423809,3528,484265,28679,18662610
1790108254919059356,10953621,10424059,3528,484716,28692,18662610
1790108255033330275,10954344,10424309,3528,485163,28709,18662610
1790108255150747280,10955080,10424561,3528,485637,28720,18662610
1790108255268738307,10955823,10424833,3528,486082,28743,18662610
1790108255384743217,10956550,10425084,3528,486541,28760,18662610
1790108255501159066,10957273,10425335,3528,487007,28772,18662610
1790108255615833313,10957987,10425608,3528,487437,28786,18662610
1790108255730925910,10958705,10425866,3528,487888,28798,18662610
1790108255846086050,10959420,10426099,3528,488362,28812,18662610
1790108255959680825,10960125,10426355,3528,488807,28824,18662610
1790108256075380103,10960851,10426605,3528,489262,28841,18662610
1790108256191615259,10961570,10426851,3528,489736,28852,18662610
1790108256306786165,10962304,10427115,3528,490177,28864,18662610
1790108256420670877,10963005,10427382,3528,490613,28875,18662610
1790108256534727420,10963719,10427658,3528,491045,28885,18662610
1790108256650800789,10964446,10427946,3528,491468,28900,18662610
1790108256765444968,10965151,10428195,3528,491920,28916,18662610
1790108256879674229,10965853,10428432,3528,492388,28930,18662610
1790108256994002044,10966567,10428739,3528,492778,28945,18662610
1790108257109411763,10967277,10428987,3528,493238,28959,18662610
1790108257223660348,10967996,10429236,3528,493703,28967,18662610
1790108257338216142,10968720,10429495,3528,494143,28984,18662610
1790108257453724320,10969460,10429754,3528,494586,29004,18662610
1790108257569858832,10970194,10430008,3528,495042,29022,18662610
1790108257685980332,10970928,10430267,3528,495491,29036,18662610
1790108257800835085,10971640,10430505,3528,495959,29051,18662610
1790108257914203777,10972349,10430744,3528,496422,29059,18662610
1790108258027828780,10973054,10430996,3528,496871,29072,18662610
1790108258143438705,10973779,10431250,3528,497325,29087,18662610
1790108258259303426,10974483,10431501,3528,497783,29102,18662610
1790108258373400846,10975173,10431739,3528,498245,29114,18662610
1790108258489563915,10975897,10431995,3528,498703,29129,18662610
1790108258607123085,10976657,10432255,3528,499173,29138,18662610
1790108258722622403,10977376,10432518,3528,499621,29149,18662610
1790108258835991068,10978097,10432768,3528,500072,29163,18662610
1790108258951287599,10978820,10433010,3528,500532,29178,18662610
1790108259067917512,10979559,10433268,3528,500989,29192,18662610
1790108259184702996,10980296,10433574,3528,501408,29201,18662610
1790108259304680572,10981048,10433831,3528,501887,29217,18662610
1790108259419572491,10981766,10434072,3528,502352,29228,18662610
1790108259534119645,10982490,10434384,3528,502744,29241,18662610
1790108259649055058,10983217,10434628,3528,503206,29257,18662610
1790108259763096952,10983940,10434872,3528,503661,29271,18662610
1790108259877056408,10984668,10435107,3528,504133,29279,18662610
1790108259990829221,10985387,10435378,3528,504564,29292,18662610
1790108260107075580,10986117,10435627,3528,505027,29307,18662610
1790108260222458886,10986835,10435877,3528,505483,29321,18662610
1790108260338662732,10987553,10436124,3528,505943,29341,18662610
1790108260454596193,10988281,10436402,3528,506377,29355,18662610
1790108260571588083,10989011,10436645,3528,506861,29363,18662610
1790108260688480703,10989741,10436901,3528,507325,29377,18662610
1790108260802467621,10990451,10437162,3528,507761,29391,18662610
1790108260919351590,10991203,10437438,3528,508202,29408,18662610
1790108261035225821,10991927,10437718,3528,508639,29421,18662610
1790108261150129671,10992649,10438007,3528,509055,29434,18662610
1790108261267382800,10993396,10438269,3528,509523,29443,18662610
1790108261384773620,10994139,10438548,3528,509958,29458,18662610
1790108261499673074,10994878,10438794,3528,510420,29471,18662610
1790108261615314630,10995600,10439055,3528,510869,29483,18662610
1790108261731546384,10996323,10439324,3528,511312,29500,18662610
1790108261846427593,10997034,10439596,3528,511743,29515,18662610
1790108261962037791,10997757,10439857,3528,512195,29527,18662610
1790108262078419845,10998482,10440106,3528,512655,29546,18662610
1790108262195000250,10999224,10440357,3528,513119,29560,18662610
1790108262310622617,10999957,10440616,3528,513571,29573,18662610
1790108262429545041,11000695,10440867,3528,514049,29587,18662610
1790108262545493207,11001419,10441119,3528,514510,29600,18662610
1790108262662962056,11002148,10441359,3528,514997,29610,18662610
1790108262779836565,11002889,10441619,3528,515456,29622,18662610
1790108262895553337,11003616,10441864,3528,515921,29636,18662610
1790108263011325096,11004343,10442120,3528,516378,29647,18662610
1790108263126290234,11005061,10442387,3528,516821,29657,18662610
1790108263241911506,11005774,10442647,3528,517275,29669,18662610
1790108263357329011,11006491,10442882,3528,517750,29686,18662610
1790108263472107032,11007205,10443130,3528,518201,29699,18662610
1790108263588563304,11007925,10443376,3528,518676,29710,18662610
1790108263703790441,11008649,10443613,3528,519145,29724,18662610
1790108263818218156,11009352,10443882,3528,519579,29739,18662610
1790108263934409115,11010095,10444136,3528,520040,29750,18662610
1790108264052290474,11010828,10444401,3528,520499,29764,18662610
1790108264167483837,11011559,10444652,3528,520950,29784,18662610
1790108264281408554,11012250,10444895,3528,521403,29801,18662610
1790108264398878215,11012990,10445156,3528,521865,29814,18662610
1790108264514868065,11013710,10445402,3528,522325,29834,18662610
1790108264631220431,11014433,10445647,3528,522802,29846,18662610
1790108264747440422,11015168,10445909,3528,523253,29857,18662610
1790108264863478894,11015922,10446183,3528,523698,29865,18662610
1790108264979494257,11016650,10446454,3528,524136,29883,18662610
1790108265096009054,11017372,10446737,3528,524565,29902,18662610
1790108265211830044,11018101,10446996,3528,525017,29913,18662610
1790108265328473743,11018838,10447248,3528,525485,29927,18662610
1790108265444535532,11019570,10447505,3528,525945,29938,18662610
1790108265560062051,11020297,10447758,3528,526400,29955,18662610
1790108265673713292,11021025,10448010,3528,526843,29966,18662610
1790108265786045473,11021725,10448269,3528,527277,29981,18662610
1790108265902900934,11022456,10448523,3528,527738,29997,18662610
1790108266016223757,11023171,10448764,3528,528195,30011,18662610
1790108266132684913,11023903,10449021,3528,528649,30026,18662610
1790108266246217545,11024633,10449269,3528,529098,30042,18662610
1790108266362333738,11025377,10449519,3528,529557,30059,18662610
1790108266476084698,11026066,10449775,3528,530002,30070,18662610
1790108266589213888,11026770,10450051,3528,530419,30086,18662610
1790108266704782113,11027521,10450280,3528,530908,30096,18662610
1790108266820632722,11028241,10450546,3528,531355,30110,18662610
1790108266935919559,11028956,10450822,3528,531785,30123,18662610
1790108267049397638,11029671,10451091,3528,532211,30138,18662610
1790108267162066082,11030382,10451342,3528,532656,30151,18662610
1790108267278948877,11031118,10451600,3528,533120,30160,18662610
1790108267393897390,11031873,10451840,3528,533595,30166,18662610
1790108267509910359,11032606,10452096,3528,534054,30177,18662610
1790108267625032398,11033332,10452340,3528,534515,30192,18662610
1790108267737358199,11034033,10452674,3528,534875,30201,18662610
1790108267853350246,11034772,10452915,3528,535349,30214,18662610
1790108267969181944,11035519,10453184,3528,535786,30233,18662610
1790108268082702407,11036205,10453425,3528,536249,30244,18662610
1790108268198671901,11036931,10453681,3528,536706,30255,18662610
1790108268315653213,11037676,10453927,3528,537179,30269,18662610
1790108268431716598,11038391,10454186,3528,537631,30285,18662610
1790108268547904846,11039118,10454458,3528,538072,30298,18662610
1790108268662519633,11039829,10454714,3528,538518,30316,18662610
1790108268776315862,11040568,10454948,3528,538986,30325,18662610
1790108268892300575,11041291,10455200,3528,539447,30341,18662610
1790108269008404423,11042040,10455453,3528,539899,30362,18662610
1790108269123716202,11042763,10455715,3528,540353,30373,18662610
1790108269240137682,11043499,10455973,3528,540803,30389,18662610
1790108269356001809,11044263,10456238,3528,541258,30398,18662610
1790108269469982558,11044968,10456475,3528,541726,30406,18662610
1790108269584229988,11045681,10456711,3528,542195,30419,18662610
1790108269698744228,11046397,10456954,3528,542653,30432,18662610
1790108269812836627,11047112,10457203,3528,543102,30447,18662610
1790108269927821474,11047860,10457449,3528,543563,30462,18662610
1790108270040654552,11048566,10457696,3528,544009,30475,18662610
1790108270154206337,11049291,10457943,3528,544459,30490,18662610
1790108270281307953,11050090,10458252,3528,544934,30503,18662610
1790108270397406017,11050807,10458500,3528,545396,30517,18662610
1790108270509544324,11051529,10458773,3528,545816,30529,18662610
1790108270624435761,11052258,10459026,3528,546256,30552,18662610
1790108270738610315,11052978,10459285,3528,546701,30566,18662610
1790108270855409941,11053692,10459530,3528,547180,30576,18662610
1790108270971337094,11054413,10459776,3528,547643,30590,18662610
1790108271086127877,11055144,10460028,3528,548098,30600,18662610
1790108271200973195,11055856,10460273,3528,548563,30610,18662610
1790108271316149119,11056592,10460537,3528,549006,30623,18662610
1790108271432243514,11057315,10460801,3528,549466,30632,18662610
1790108271553609441,11058059,10461053,3528,549961,30643,18662610
1790108271669726744,11058787,10461322,3528,550403,30656,18662610
1790108271785984566,11059515,10461567,3528,550865,30678,18662610
1790108271901929698,11060249,10461844,3528,551305,30688,18662610
1790108272017921465,11060986,10462116,3528,551746,30700,18662610
1790108272132104038,11061718,10462354,3528,552212,30713,18662610
1790108272247599258,11062447,10462607,3528,552670,30725,18662610
1790108272362059586,11063172,10462854,3528,553123,30742,18662610
1790108272478116039,11063916,10463105,3528,553585,30756,18662610
1790108272593314838,11064639,10463362,3528,554033,30771,18662610
1790108272710470122,11065377,10463645,3528,554468,30787,18662610
1790108272828155294,11066119,10463894,3528,554947,30797,18662610
1790108272945565049,11066832,10464163,3528,555402,30810,18662610
1790108273060601929,11067560,10464416,3528,555848,30829,18662610
1790108273176808681,11068305,10464664,3528,556318,30842,18662610
1790108273294432186,11069059,10464920,3528,556785,30853,18662610
1790108273409856086,11069782,10465176,3528,557242,30866,18662610
1790108273525432069,11070520,10465599,3528,557535,30873,18673746
1790108273638098933,11071238,10466247,3528,557592,30879,18697682
1790108273763421972,11072038,10466403,3528,558231,30879,18697682
1790108273883337613,11072806,10466495,3528,558902,30879,18697682
1790108274003317665,11073570,10466559,3528,559601,30880,18697682
1790108274123326253,11074343,10466694,3528,560231,30880,18697682
1790108274242328206,11075102,10466772,3528,560912,30880,18697682
1790108274368698027,11075899,10466844,3528,561638,30882,18697682
1790108274487664763,11076657,10466976,3528,562263,30883,18697682
1790108274601511977,11077386,10467010,3528,562958,30883,18697682
1790108274716949665,11078122,10467174,3528,563529,30884,18697682
1790108274835068105,11078880,10467269,3528,564186,30884,18697682
1790108274948860356,11079608,10467340,3528,564839,30884,18697682
1790108275061143197,11080328,10467455,3528,565438,30884,18697682
1790108275178924309,11081075,10467573,3528,566073,30884,18697682
1790108275292802613,11081799,10467682,3528,566686,30885,18697682
1790108275410777193,11082554,10467824,3528,567289,30886,18697682
1790108275525091216,11083288,10467871,3528,567976,30886,18697682
1790108275643903982,11084038,10468002,3528,568598,30887,18697682
1790108275762342102,11084792,10468087,3528,569266,30887,18697682
1790108275876412184,11085514,10468156,3528,569921,30889,18697682
1790108275994344063,11086271,10468250,3528,570577,30889,18697682
1790108276113132943,11087032,10468321,3528,571218,30934,18697682
1790108276227147421,11087760,10468401,3528,571863,30934,18697682
1790108276345013282,11088500,10468519,3528,572495,30934,18697682
1790108276459542746,11089234,10468540,3528,573207,30934,18697682
1790108276578459546,11090005,10468674,3528,573825,30934,18697682
1790108276695429280,11090754,10468816,3528,574426,30934,18697682
1790108276809719698,11091480,10468868,3528,575100,30934,18697682
1790108276926168933,11092222,10468972,3528,575738,30937,18697682
1790108277044156097,11092975,10469126,3528,576334,30937,18697682
1790108277161673935,11093735,10469253,3528,576951,30939,18697682
1790108277279622379,11094496,10469335,3528,577622,30939,18697682
1790108277395158801,11095224,10469474,3528,578216,30941,18697682
1790108277511704905,11095968,10469622,3528,578806,30941,18697682
1790108277625889072,11096696,10469694,3528,579463,30943,18697682
1790108277740114100,11097425,10469861,3528,580024,30943,18697682
1790108277858241976,11098176,10470039,3528,580595,30944,18697682
1790108277975114352,11098923,10470186,3528,581192,30945,18697682
1790108278093179853,11099679,10470292,3528,581838,30945,18697682
1790108278205180163,11100404,10470444,3528,582398,30945,18697682
1790108278322534411,11101151,10470650,3528,582938,30945,18697682
1790108278453175787,11101981,10470741,3528,583679,30945,18697682
1790108278570192576,11102730,10470843,3528,584321,30945,18697682
1790108278688162558,11103477,10470972,3528,584942,30946,18697682
1790108278803189428,11104218,10471097,3528,585544,30950,18697682
1790108278921608319,11104964,10471240,3528,586154,30951,18697682
1790108279035790407,11105689,10471356,3528,586765,30951,18697682
1790108279150343511,11106413,10471467,3528,587381,30952,18697682
1790108279264606058,11107143,10471515,3528,588059,30953,18697682
1790108279381560889,11107887,10471626,3528,588692,30954,18697682
1790108279499653315,11108645,10471752,3528,589320,30954,18697682
1790108279612710984,11109362,10471867,3528,589919,30955,18697682
1790108279730970579,11110115,10471991,3528,590552,30956,18697682
1790108279849110271,11110875,10472128,3528,591165,30956,18697682
1790108279967402853,11111633,10472229,3528,591815,30956,18697682
1790108280081489916,11112355,10472299,3528,592467,30957,18697682
1790108280200014015,11113107,10472406,3528,593116,30958,18697682
1790108280318345693,11113858,10472545,3528,593725,30959,18697682
1790108280434784206,11114605,10472646,3528,594367,30961,18697682
1790108280553015245,11115359,10472802,3528,594961,30961,18697682
1790108280670315517,11116113,10472944,3528,595562,30963,18697682
1790108280788330981,11116861,10473017,3528,596240,30963,18697682
1790108280902703356,11117598,10473075,3528,596908,30963,18697682
1790108281020765372,11118352,10473165,3528,597569,30963,18697682
1790108281138714293,11119109,10473347,3528,598141,30964,18697682
1790108281256102483,11119861,10473447,3528,598788,30964,18697682
1790108281374122292,11120620,10473586,3528,599401,30964,18697682
1790108281491315992,11121369,10473692,3528,600037,30964,18697682
1790108281609139622,11122128,10473767,3528,600713,30965,18697682
1790108281723322709,11122863,10473850,3528,601355,30965,18697682
1790108281841379666,11123617,10473954,3528,602003,30965,18697682
1790108281957294923,11124359,10474075,3528,602617,30966,18697682
1790108282074916126,11125107,10474164,3528,603280,30966,18697682
1790108282192747130,11125850,10474328,3528,603860,30969,18697682
1790108282310678441,11126601,10474439,3528,604497,30969,18697682
1790108282428751065,11127359,10474523,3528,605165,30969,18697682
1790108282542953658,11128079,10474614,3528,605802,30971,18697682
1790108282661105285,11128841,10474764,3528,606403,30971,18697682
1790108282779399451,11129599,10474926,3528,606990,30972,18697682
1790108282897425672,11130352,10475051,3528,607618,30972,18697682
1790108283012924405,11131086,10475232,3528,608171,30974,18697682
1790108283130685211,11131839,10475321,3528,608828,30974,18697682
1790108283249878981,11132600,10475396,3528,609517,30974,18697682
1790108283364392455,11133327,10475473,3528,610163,30975,18697682
1790108283482475811,11134080,10475625,3528,610762,30975,18697682
1790108283600774425,11134843,10475751,3528,611385,30976,18697682
1790108283718774799,11135601,10475881,3528,612010,30976,18697682
1790108283834397823,11136333,10476008,3528,612613,30978,18697682
1790108283951674037,11137083,10476103,3528,613263,30979,18697682
1790108284070120223,11137844,10476189,3528,613934,30979,18697682
1790108284184913352,11138572,10476282,3528,614569,30981,18697682
1790108284303102205,11139326,10476450,3528,615150,30982,18697682
1790108284421280902,11140090,10476605,3528,615745,30983,18697682
1790108284539197102,11140842,10476712,3528,616390,30983,18697682
1790108284657327099,11141596,10476829,3528,617020,30984,18697682
1790108284774901734,11142342,10476961,3528,617639,30984,18697682
1790108284889755772,11143073,10477042,3528,618285,30984,18697682
1790108285003952364,11143814,10477141,3528,618915,30986,18697682
1790108285122138971,11144580,10477291,3528,619517,30986,18697682
1790108285240322559,11145335,10477476,3528,620080,30986,18697682
1790108285358471362,11146093,10477608,3528,620703,30987,18697682
1790108285476580996,11146846,10477767,3528,621289,30988,18697682
1790108285594458245,11147598,10477900,3528,621907,30989,18697682
1790108285712059455,11148347,10478024,3528,622534,30989,18697682
1790108285826453173,11149092,10478120,3528,623161,30989,18697682
1790108285944511309,11149849,10478240,3528,623793,30989,18697682
1790108286062525024,11150595,10478421,3528,624358,30992,18697682
1790108286180477080,11151352,10478543,3528,624988,30992,18697682
1790108286298787903,11152101,10478673,3528,625612,30993,18697682
1790108286417081233,11152852,10478776,3528,626261,30994,18697682
1790108286530654841,11153581,10478854,3528,626903,30994,18697682
1790108286645363884,11154314,10478926,3528,627561,30994,18697682
1790108286763463272,11155075,10479067,3528,628172,30994,18697682
1790108286881371223,11155828,10479219,3528,628768,30995,18697682
1790108286999326697,11156580,10479344,3528,629395,30995,18697682
1790108287117223756,11157328,10479499,3528,629988,30997,18697682
1790108287235376251,11158080,10479613,3528,630627,30997,18697682
1790108287349996684,11158810,10479666,3528,631305,30997,18697682
1790108287464181642,11159546,10479761,3528,631935,30998,18697682
1790108287582304086,11160302,10479887,3528,632560,30998,18697682
1790108287700554268,11161052,10480041,3528,633156,30998,18697682
1790108287818818034,11161802,10480202,3528,633751,30999,18697682
1790108287937159843,11162561,10480349,3528,634352,31001,18697682
1790108288055172239,11163314,10480465,3528,634986,31001,18697682
1790108288170626129,11164050,10480487,3528,635705,31001,18697682
1790108288289849058,11164808,10480615,3528,636331,31002,18697682
1790108288405195301,11165549,10480740,3528,636940,31002,18697682
1790108288523929571,11166292,10480867,3528,637568,31003,18697682
1790108288641973807,11167044,10480983,3528,638202,31004,18697682
1790108288760085927,11167796,10481103,3528,638831,31004,18697682
1790108288878128884,11168555,10481245,3528,639440,31005,18697682
1790108288992365758,11169281,10481271,3528,640141,31005,18697682
1790108289109280540,11170017,10481428,3528,640727,31006,18697682
1790108289226947612,11170765,10481522,3528,641384,31006,18697682
1790108289342306154,11171493,10481655,3528,641981,31008,18697682
1790108289459551125,11172241,10481775,3528,642605,31008,18697682
1790108289577329449,11173001,10481931,3528,643198,31009,18697682
1790108289695561726,11173758,10482053,3528,643826,31009,18697682
1790108289809751923,11174489,10482098,3528,644508,31010,18697682
1790108289926484578,11175237,10482230,3528,645119,31010,18697682
1790108290044649855,11175993,10482322,3528,645780,31011,18697682
1790108290162094412,11176742,10482448,3528,646400,31012,18697682
1790108290278346686,11177491,10482565,3528,647021,31012,18697682
1790108290396131280,11178241,10482723,3528,647614,31013,18697682
1790108290515328878,11179014,10482842,3528,648252,31013,18697682
1790108290633628168,11179769,10482890,3528,648956,31013,18697682
1790108290750837208,11180527,10483001,3528,649595,31013,18697682
1790108290869319438,11181292,10483162,3528,650184,31013,18697682
1790108290985895590,11182030,10483287,3528,650804,31013,18697682
1790108291103903904,11182784,10483369,3528,651472,31013,18697682
1790108291217949768,11183513,10483499,3528,652068,31014,18697682
1790108291338971584,11184284,10483617,3528,652720,31014,18697682
1790108291452920534,11185005,10483675,3528,653386,31014,18697682
1790108291569863928,11185744,10483787,3528,654018,31015,18697682
1790108291687815268,11186505,10483926,3528,654628,31016,18697682
1790108291799822296,11187213,10484072,3528,655195,31018,18697682
1790108291917853487,11187972,10484204,3528,655812,31018,18697682
1790108292030198935,11188688,10484332,3528,656397,31019,18697682
1790108292147176288,11189434,10484463,3528,657009,31020,18697682
1790108292261172084,11190171,10484525,3528,657675,31020,18697682
1790108292377027450,11190910,10484664,3528,658273,31020,18697682
1790108292494912240,11191665,10484799,3528,658888,31020,18697682
1790108292612038329,11192410,10484920,3528,659510,31021,18697682
1790108292729957404,11193164,10485025,3528,660156,31021,18697682
1790108292847323128,11193921,10485167,3528,660759,31021,18697682
1790108292964523170,11194674,10485288,3528,661382,31021,18697682
1790108293078318310,11195400,10485338,3528,662058,31022,18697682
1790108293193794111,11196137,10485464,3528,662670,31022,18697682
1790108293312090162,11196889,10485566,3528,663320,31022,18697682
1790108293425840371,11197618,10485660,3528,663949,31023,18697682
1790108293543756260,11198381,10485773,3528,664585,31023,18697682
1790108293658631617,11199122,10485800,3528,665288,31023,18697682
1790108293772485914,11199852,10485881,3528,665931,31024,18697682
1790108293888970186,11200596,10486005,3528,666551,31025,18697682
1790108294003045081,11201330,10486044,3528,667238,31025,18697682
1790108294117202058,11202068,10486170,3528,667838,31025,18697682
1790108294235276604,11202819,10486276,3528,668482,31026,18697682
1790108294349456596,11203546,10486360,3528,669123,31028,18697682
1790108294467691909,11204303,10486453,3528,669783,31028,18697682
1790108294580977746,11205023,10486517,3528,670443,31028,18697682
1790108294695158361,11205766,10486617,3528,671066,31029,18697682
1790108294813031526,11206511,10486762,3528,671672,31029,18697682
1790108294926915621,11207238,10486790,3528,672370,31030,18697682
1790108295043499371,11207985,10486919,3528,672977,31031,18697682
1790108295161486094,11208737,10487003,3528,673644,31032,18697682
1790108295275521564,11209470,10487059,3528,674313,31032,18697682
1790108295393497869,11210224,10487190,3528,674934,31032,18697682
1790108295509874248,11210972,10487301,3528,675568,31032,18697682
1790108295623905221,11211701,10487376,3528,676217,31032,18697682
1790108295741743058,11212449,10487500,3528,676838,31033,18697682
1790108295855685373,11213179,10487521,3528,677545,31033,18697682
1790108295974324094,11213924,10487710,3528,677990,31152,18697682
1790108296092473405,11214681,10487859,3528,678126,31614,18697682
1790108296207684933,11215406,10488012,3528,678282,32033,18697682
1790108296323451668,11216132,10488233,3528,678612,32217,18697682
1790108296438581272,11216845,10488475,3528,679077,32229,18697682
1790108296552556835,11217573,10488726,3528,679523,32243,18697682
1790108296665352042,11218291,10488963,3528,679977,32260,18697682
1790108296783549803,11219029,10489228,3528,680441,32271,18697682
1790108296900165564,11219746,10489448,3528,680938,32283,18697682
1790108297016049245,11220481,10489699,3528,681395,32300,18697682
1790108297131114485,11221206,10489939,3528,681861,32315,18697682
1790108297247217338,11221931,10490185,3528,682322,32334,18697682
1790108297362328736,11222657,10490453,3528,682760,32350,18697682
1790108297477513765,11223379,10490717,3528,683206,32361,18697682
1790108297593555133,11224131,10490969,3528,683677,32371,18697682
1790108297710202185,11224865,10491219,3528,684137,32387,18697682
1790108297827908596,11225604,10491478,3528,684597,32405,18697682
1790108297941926809,11226306,10491725,3528,685056,32416,18697682
1790108298058383802,11227044,10492028,3528,685473,32426,18697682
1790108298173730573,11227783,10492330,3528,685880,32439,18697682
1790108298294025273,11228539,10492551,3528,686403,32449,18697682
1790108298413006829,11229289,10492791,3528,686820,32538,18697682
1790108298528947136,11230029,10493039,3528,687283,32552,18697682
1790108298644879304,11230762,10493302,3528,687732,32565,18697682
1790108298761482052,11231498,10493562,3528,688188,32577,18697682
1790108298876060697,11232222,10493790,3528,688674,32589,18697682
1790108298995389123,11232965,10494047,3528,689143,32604,18697682
1790108299110759056,11233685,10494292,3528,689605,32620,18697682
1790108299228074699,11234417,10494557,3528,690061,32633,18697682
1790108299343519682,11235113,10494814,3528,690514,32646,18697682
1790108299459347590,11235851,10495059,3528,690972,32667,18697682
1790108299573139374,11236570,10495293,3528,691442,32677,18697682
1790108299686392830,11237282,10495548,3528,691889,32686,18697682
1790108299800860402,11237978,10495801,3528,692338,32700,18697682
1790108299915743139,11238695,10496056,3528,692784,32717,18697682
1790108300030985021,11239431,10496343,3528,693210,32727,18697682
1790108300145009832,11240122,10496600,3528,693652,32740,18697682
1790108300259471360,11240842,10496820,3528,694133,32758,18697682
1790108300376699056,11241592,10497051,3528,694555,32840,18697682
1790108300492843344,11242337,10497299,3528,695020,32855,18697682
1790108300606179865,11243064,10497578,3528,695441,32867,18697682
1790108300721009840,11243784,10497826,3528,695896,32880,18697682
1790108300837031400,11244527,10498086,3528,696347,32894,18697682
1790108300952441126,11245255,10498322,3528,696829,32903,18697682
1790108301069307805,11245997,10498566,3528,697305,32914,18697682
1790108301185126470,11246726,10498822,3528,697759,32928,18697682
1790108301300396037,11247428,10499073,3528,698218,32942,18697682
1790108301414549805,11248144,10499310,3528,698679,32954,18697682
1790108301527858204,11248855,10499550,3528,699134,32967,18697682
1790108301644225360,11249574,10499777,3528,699625,32978,18697682
1790108301758213640,11250307,10500017,3528,700089,32989,18697682
1790108301873602648,11251042,10500281,3528,700538,33003,18697682
1790108301988562859,11251773,10500526,3528,700997,33015,18697682
1790108302104192864,11252504,10500779,3528,701454,33029,18697682
1790108302218374254,11253229,10501020,3528,701911,33044,18697682
1790108302333960971,11253947,10501256,3528,702394,33054,18697682
1790108302448798161,11254660,10501495,3528,702787,33141,18697682
1790108302562910877,11255367,10501742,3528,703239,33154,18697682
1790108302679808019,11256097,10501994,3528,703708,33167,18697682
1790108302795850143,11256804,10502241,3528,704169,33183,18697682
1790108302911460720,11257528,10502500,3528,704623,33194,18697682
1790108303025670880,11258243,10502757,3528,705072,33205,18697682
1790108303142880642,11258983,10503023,3528,705527,33218,18697682
1790108303258622125,11259711,10503266,3528,705992,33232,18697682
1790108303371481310,11260409,10503512,3528,706442,33247,18697682
1790108303486063428,11261122,10503752,3528,706902,33260,18697682
1790108303601593163,11261850,10504034,3528,707331,33272,18697682
1790108303714719108,11262604,10504290,3528,707772,33289,18697682
1790108303828839210,11263333,10504529,3528,708168,33368,18697682
1790108303943206240,11264058,10504769,3528,708618,33395,18697682
1790108304058545142,11264809,10505015,3528,709079,33413,18697682
1790108304174324374,11265522,10505280,3528,709518,33431,18697682
1790108304291695012,11266260,10505578,3528,709943,33443,18697682
1790108304406749855,11266980,10505836,3528,710400,33451,18697682
1790108304524166364,11267722,10506086,3528,710875,33460,18697682
1790108304639891416,11268462,10506358,3528,711315,33474,18697682
1790108304755161593,11269193,10506617,3528,711764,33485,18697682
1790108304870069211,11269913,10506864,3528,712224,33497,18697682
1790108304985508803,11270639,10507153,3528,712646,33510,18697682
1790108305098876709,11271341,10507406,3528,713096,33518,18697682
1790108305215187954,11272070,10507656,3528,713564,33529,18697682
1790108305330368537,11272800,10507902,3528,714026,33540,18697682
1790108305446398423,11273525,10508153,3528,714483,33560,18697682
1790108305560654929,11274229,10508421,3528,714912,33575,18697682
1790108305676236461,11274940,10508691,3528,715348,33592,18697682
1790108305793411250,11275697,10508934,3528,715825,33607,18697682
1790108305911102127,11276431,10509184,3528,716226,33694,18697682
1790108306026143473,11277182,10509431,3528,716693,33702,18697682
1790108306142103169,11277922,10509687,3528,717147,33717,18697682
1790108306257242858,11278644,10509947,3528,717591,33733,18697682
1790108306372198991,11279362,10510193,3528,718048,33750,18697682
1790108306488436048,11280084,10510435,3528,718532,33758,18697682
1790108306603157469,11280797,10510679,3528,718993,33766,18697682
1790108306720420422,11281540,10510929,3528,719464,33780,18697682
1790108306835711471,11282255,10511170,3528,719927,33796,18697682
1790108306951065420,11282993,10511439,3528,720370,33808,18697682
1790108307067825820,11283725,10511697,3528,720831,33822,18697682
1790108307184883040,11284466,10511943,3528,721309,33831,18697682
1790108307302688090,11285237,10512192,3528,721790,33838,18697682
1790108307417749838,11285957,10512490,3528,722200,33850,18697682
1790108307532744583,11286700,10512749,3528,722651,33864,18697682
1790108307647044871,11287415,10512999,3528,723103,33876,18697682
1790108307763192953,11288159,10513258,3528,723553,33891,18697682
1790108307879368968,11288903,10513512,3528,724020,33903,18697682
1790108307993295406,11289605,10513740,3528,724414,33990,18697682
1790108308107000829,11290321,10513982,3528,724873,34003,18697682
1790108308224304449,11291057,10514244,3528,725328,34019,18697682
1790108308339046230,11291763,10514497,3528,725780,34036,18697682
1790108308455105725,11292504,10514745,3528,726244,34050,18697682
1790108308570343456,11293225,10514988,3528,726710,34063,18697682
1790108308686303942,11293955,10515238,3528,727175,34073,18697682
1790108308801233690,11294686,10515498,3528,727621,34090,18697682
1790108308917005951,11295416,10515751,3528,728078,34104,18697682
1790108309032021919,11296137,10516014,3528,728524,34114,18697682
1790108309147683690,11296850,10516265,3528,728985,34127,18697682
1790108309264185460,11297572,10516504,3528,729467,34137,18697682
1790108309379386737,11298294,10516760,3528,729854,34218,18697682
1790108309493120225,11299010,10517002,3528,730307,34234,18697682
1790108309609293228,11299728,10517256,3528,730764,34251,18697682
1790108309723449502,11300449,10517514,3528,731207,34265,18697682
1790108309837498592,11301162,10517754,3528,731669,34278,18697682
1790108309953486777,11301898,10517995,3528,732141,34293,18697682
1790108310069406417,11302629,10518238,3528,732606,34308,18697682
1790108310184647390,11303375,10518478,3528,733070,34325,18697682
1790108310301295262,11304110,10518724,3528,733544,34340,18697682
1790108310416870944,11304835,10518961,3528,734014,34353,18697682
1790108310532803093,11305569,10519249,3528,734437,34368,18697682
1790108310647703159,11306285,10519518,3528,734877,34379,18697682
1790108310765332854,11307044,10519822,3528,735302,34390,18697682
1790108310880923195,11307785,10520074,3528,735760,34403,18697682
1790108310997471487,11308513,10520309,3528,736237,34421,18697682
1790108311113003973,11309226,10520570,3528,736678,34438,18697682
1790108311228829997,11309941,10520826,3528,737135,34451,18697682
1790108311343012624,11310655,10521054,3528,737611,34462,18697682
1790108311458587192,11311387,10521274,3528,738029,34549,18697682
1790108311573907154,11312102,10521517,3528,738498,34563,18697682
1790108311688635451,11312822,10521766,3528,738951,34577,18697682
1790108311804952099,11313550,10522021,3528,739413,34591,18697682
1790108311919706229,11314274,10522308,3528,739826,34607,18697682
1790108312033859647,11314978,10522549,3528,740290,34622,18697682
1790108312150380475,11315721,10522801,3528,740753,34634,18697682
1790108312266446288,11316443,10523056,3528,741220,34643,18697682
1790108312380454835,11317145,10523305,3528,741666,34656,18697682
1790108312496185962,11317875,10523553,3528,742132,34667,18697682
1790108312612582282,11318596,10523824,3528,742573,34681,18697682
1790108312731088140,11319336,10524066,3528,743060,34697,18697682
1790108312847811421,11320051,10524326,3528,743490,34738,18697682
1790108312963193403,11320782,10524547,3528,743926,34803,18697682
1790108313080203014,11321521,10524793,3528,744403,34816,18697682
1790108313196198507,11322240,10525041,3528,744864,34830,18697682
1790108313311346711,11322968,10525300,3528,745310,34844,18697682
1790108313425938806,11323687,10525536,3528,745785,34855,18697682
1790108313541901986,11324421,10525774,3528,746260,34866,18697682
1790108313656593067,11325115,10526011,3528,746721,34885,18697682
1790108313772446564,11325844,10526266,3528,747180,34898,18697682
1790108313888236322,11326589,10526505,3528,747648,34914,18697682
1790108314005407960,11327331,10526775,3528,748097,34928,18697682
1790108314122016402,11328067,10527009,3528,748585,34936,18697682
1790108314238349784,11328804,10527257,3528,749048,34955,18697682
1790108314355374418,11329556,10527499,3528,749519,34973,18697682
1790108314470738070,11330271,10527748,3528,749977,34987,18697682
1790108314586420801,11330989,10527998,3528,750436,35002,18697682
1790108314702313142,11331738,10528269,3528,750873,35018,18697682
1790108314818032713,11332444,10528521,3528,751336,35031,18697682
1790108314931472036,11333143,10528766,3528,751725,35107,18697682
1790108315045692844,11333879,10529010,3528,752168,35139,18697682
1790108315160689768,11334608,10529278,3528,752608,35151,18697682
1790108315276036641,11335315,10529535,3528,753056,35167,18697682
1790108315392587177,11336041,10529816,3528,753491,35178,18697682
1790108315516788969,11336828,10530097,3528,753978,35187,18697682
1790108315630953320,11337539,10530330,3528,754455,35199,18697682
1790108315745983908,11338285,10530585,3528,754901,35214,18697682
1790108315862519161,11339022,10530831,3528,755372,35226,18697682
1790108315976556369,11339757,10531105,3528,755791,35247,18697682
1790108316091715227,11340464,10531361,3528,756244,35261,18697682
1790108316205324790,11341188,10531611,3528,756694,35274,18697682
1790108316322920544,11341908,10531862,3528,757164,35288,18697682
1790108316438415063,11342634,10532109,3528,757628,35303,18697682
1790108316554459397,11343371,10532383,3528,758060,35319,18697682
1790108316670163701,11344079,10532630,3528,758523,35334,18697682
1790108316784180187,11344796,10532885,3528,758965,35348,18697682
1790108316898303532,11345530,10533122,3528,759438,35360,18697682
1790108317014197341,11346269,10533362,3528,759872,35407,18697682
1790108317131058828,11347014,10533595,3528,760322,35458,18697682
1790108317245419003,11347721,10533844,3528,760777,35470,18697682
1790108317359823284,11348446,10534125,3528,761199,35483,18697682
1790108317476803639,11349180,10534404,3528,761631,35504,18697682
1790108317591241103,11349920,10534668,3528,762077,35515,18697682
1790108317708108714,11350662,10534920,3528,762540,35531,18697682
1790108317824355087,11351397,10535166,3528,763010,35542,18697682
1790108317939609408,11352139,10535422,3528,763463,35556,18697682
1790108318054234390,11352867,10535666,3528,763917,35574,18697682
1790108318170896075,11353593,10536000,3528,764305,35584,18697682
1790108318288651847,11354322,10536249,3528,764787,35594,18697682
1790108318407026319,11355040,10536529,3528,765232,35608,18697682
1790108318523974750,11355777,10536778,3528,765632,35694,18697682
1790108318639389652,11356499,10537014,3528,766105,35708,18697682
1790108318755979727,11357226,10537284,3528,766550,35722,18697682
1790108318870600644,11357939,10537532,3528,767011,35732,18697682
1790108318986326974,11358657,10537767,3528,767487,35745,18697682
1790108319103695693,11359392,10538012,3528,767966,35757,18697682
1790108319219347328,11360118,10538262,3528,768425,35770,18697682
1790108319333673514,11360835,10538516,3528,768874,35783,18697682
1790108319447047916,11361527,10538794,3528,769292,35796,18697682
1790108319563243460,11362255,10539060,3528,769739,35810,18697682
1790108319676982539,11362975,10539339,3528,770165,35821,18697682
1790108319793939163,11363696,10539589,3528,770632,35836,18697682
1790108319908147991,11364424,10539833,3528,771088,35852,18697682
1790108320023007727,11365126,10540083,3528,771545,35866,18697682
1790108320139190690,11365862,10540338,3528,772000,35880,18697682
1790108320252286126,11366589,10540600,3528,772431,35893,18697682
1790108320368397881,11367307,10540845,3528,772906,35905,18697682
1790108320484411622,11368034,10541098,3528,773368,35916,18697682
1790108320602642392,11368780,10541328,3528,773784,36011,18697682
1790108320716678269,11369476,10541582,3528,774225,36029,18697682
1790108320832325595,11370191,10541869,3528,774650,36042,18697682
1790108320948137668,11370928,10542146,3528,775086,36055,18697682
1790108321064860141,11371644,10542372,3528,775579,36069,18697682
1790108321182035490,11372394,10542625,3528,776047,36083,18697682
1790108321297712886,11373102,10542892,3528,776488,36099,18697682
1790108321412710502,11373815,10543132,3528,776952,36114,18697682
1790108321526912261,11374525,10543376,3528,777415,36127,18697682
1790108321641202183,11375279,10543622,3528,777864,36143,18697682
1790108321755538129,11375988,10543839,3528,778355,36153,18697682
1790108321868928440,11376699,10544111,3528,778781,36168,18697682
1790108321983298579,11377415,10544389,3528,779207,36178,18697682
1790108322096803034,11378128,10544640,3528,779656,36193,18697682
1790108322211758209,11378860,10544900,3528,780102,36207,18697682
1790108322327200295,11379593,10545141,3528,780563,36224,18697682
1790108322444045187,11380340,10545381,3528,781046,36237,18697682
1790108322561082435,11381085,10545625,3528,781528,36245,18697682
1790108322677429143,11381818,10545872,3528,781920,36336,18697682
1790108322792612457,11382522,10546113,3528,782381,36352,18697682
1790108322909433089,11383245,10546374,3528,782837,36367,18697682
1790108323025312164,11383968,10546647,3528,783275,36380,18697682
1790108323140753524,11384683,10546872,3528,783762,36395,18697682
1790108323257618157,11385377,10547117,3528,784233,36409,18697682
1790108323373620741,11386093,10547366,3528,784693,36428,18697682
1790108323488150242,11386826,10547618,3528,785140,36442,18697682
1790108323602983415,11387539,10547884,3528,785578,36458,18697682
1790108323719246290,11388280,10548149,3528,786031,36467,18697682
1790108323835111111,11388996,10548388,3528,786511,36479,18697682
1790108323949541924,11389702,10548652,3528,786948,36490,18697682
1790108324065632551,11390426,10548879,3528,787358,36581,18697682
1790108324182481878,11391176,10549128,3528,787823,36598,18697682
1790108324296164557,11391883,10549372,3528,788275,36615,18697682
1790108324411109854,11392599,10549622,3528,788729,36628,18697682
1790108324525466874,11393320,10549845,3528,789212,36639,18697682
1790108324639566827,11394060,10550076,3528,789688,36648,18697682
1790108324754159669,11394784,10550326,3528,790144,36660,18697682
1790108324867301535,11395492,10550581,3528,790584,36672,18697682
1790108324981979077,11396216,10550827,3528,791039,36689,18697682
1790108325096714340,11396940,10551075,3528,791495,36703,18697682
1790108325211222761,11397670,10551292,3528,791985,36716,18697682
1790108325325839120,11398398,10551532,3528,792450,36729,18697682
1790108325441484478,11399134,10551783,3528,792905,36744,18697682
1790108325556081809,11399854,10552021,3528,793374,36758,18697682
1790108325671173905,11400563,10552278,3528,793816,36775,18697682
1790108325787656454,11401297,10552535,3528,794273,36789,18697682
1790108325903313148,11402038,10552788,3528,794738,36797,18697682
1790108326017654192,11402763,10553041,3528,795189,36811,18697682
1790108326133728852,11403500,10553260,3528,795613,36897,18697682
1790108326247532746,11404218,10553496,3528,796071,36913,18697682
1790108326361741050,11404922,10553731,3528,796536,36930,18697682
1790108326476414898,11405650,10553986,3528,796982,36944,18697682
1790108326592835348,11406391,10554235,3528,797452,36956,18697682
1790108326710034627,11407118,10554487,3528,797924,36968,18697682
1790108326824304127,11407846,10554729,3528,798379,36983,18697682
1790108326938564673,11408578,10554964,3528,798851,36996,18697682
1790108327054530840,11409303,10555223,3528,799302,37008,18697682
1790108327170042560,11410023,10555483,3528,799751,37024,18697682
1790108327287214109,11410757,10555715,3528,800242,37035,18697682
1790108327402551667,11411477,10555986,3528,800684,37046,18697682
1790108327517502864,11412201,10556228,3528,801074,37136,18697682
1790108327632525136,11412923,10556470,3528,801536,37151,18697682
1790108327748563115,11413638,10556702,3528,802015,37163,18697682
1790108327862703146,11414345,10556959,3528,802460,37176,18697682
1790108327979157319,11415081,10557194,3528,802944,37188,18697682
1790108328095954288,11415816,10557447,3528,803415,37197,18697682
1790108328211789931,11416539,10557708,3528,803868,37210,18697682
1790108328327018144,11417251,10557967,3528,804318,37220,18697682
1790108328442551568,11417987,10558208,3528,804784,37237,18697682
1790108328557689540,11418738,10558474,3528,805227,37250,18697682
1790108328673518808,11419467,10558722,3528,805690,37262,18697682
1790108328789975355,11420193,10558952,3528,806175,37277,18697682
1790108328905105121,11420910,10559197,3528,806637,37290,18697682
1790108329022124006,11421642,10559468,3528,807088,37303,18697682
1790108329138596615,11422362,10559720,3528,807545,37319,18697682
1790108329252897546,11423087,10559979,3528,807989,37334,18697682
1790108329369604726,11423833,10560220,3528,808471,37346,18697682
1790108329486116658,11424528,10560460,3528,808940,37363,18697682
1790108329601439877,11425255,10560736,3528,809319,37435,18697682
1790108329715747175,11425972,10561001,3528,809753,37450,18697682
1790108329832800901,11426702,10561248,3528,810223,37464,18697682
1790108329949512752,11427417,10561557,3528,810635,37478,18697682
1790108330065079835,11428141,10561963,3528,810945,37486,18708562
1790108330178027269,11428860,10562599,3528,811017,37490,18731602
1790108330296848625,11429625,10562705,3528,811663,37492,18731602
1790108330411681915,11430361,10562821,3528,812275,37492,18731602
1790108330526014358,11431098,10562878,3528,812951,37492,18731602
1790108330642451452,11431844,10563023,3528,813543,37493,18731602
1790108330760369737,11432596,10563099,3528,814219,37493,18731602
1790108330874346727,11433326,10563182,3528,814860,37494,18731602
1790108330992345354,11434077,10563282,3528,815512,37494,18731602
1790108331109536254,11434829,10563403,3528,816134,37494,18731602
1790108331223851950,11435549,10563502,3528,816764,37496,18731602
1790108331342006444,11436307,10563624,3528,817391,37497,18731602
1790108331456549861,11437046,10563650,3528,818093,37497,18731602
1790108331573661386,11437791,10563796,3528,818692,37498,18731602
1790108331691849901,11438544,10563882,3528,819359,37498,18731602
1790108331805677640,11439275,10563946,3528,820015,37499,18731602
1790108331923644273,11440028,10564087,3528,820623,37499,18731602
1790108332041670689,11440782,10564197,3528,821265,37499,18731602
1790108332155929103,11441511,10564283,3528,821909,37501,18731602
1790108332273997185,11442266,10564391,3528,822551,37502,18731602
1790108332389748618,11443010,10564475,3528,823201,37502,18731602
1790108332503952120,11443738,10564565,3528,823841,37502,18731602
1790108332621952937,11444492,10564730,3528,824426,37502,18731602
1790108332735877234,11445220,10564767,3528,825116,37503,18731602
1790108332853950049,11445969,10564921,3528,825710,37504,18731602
1790108332969535680,11446709,10565070,3528,826294,37504,18731602
1790108333083823171,11447438,10565139,3528,826951,37504,18731602
1790108333201068516,11448181,10565275,3528,827565,37505,18731602
1790108333319122744,11448940,10565355,3528,828237,37505,18731602
1790108333433044212,11449682,10565432,3528,828885,37505,18731602
1790108333549236278,11450431,10565553,3528,829503,37505,18731602
1790108333667174807,11451184,10565706,3528,830100,37505,18731602
1790108333783872617,11451927,10565814,3528,830736,37505,18731602
1790108333901854009,11452682,10565963,3528,831337,37506,18731602
1790108334018794002,11453429,10566093,3528,831951,37507,18731602
1790108334136758058,11454184,10566181,3528,832611,37507,18731602
1790108334250772693,11454915,10566280,3528,833235,37508,18731602
1790108334368761805,11455673,10566423,3528,833843,37508,18731602
1790108334486792741,11456435,10566606,3528,834416,37508,18731602
1790108334601464986,11457170,10566736,3528,835011,37508,18731602
1790108334719438898,11457922,10566812,3528,835686,37508,18731602
1790108334833936525,11458651,10566986,3528,836243,37509,18731602
1790108334951927538,11459405,10567142,3528,836837,37509,18731602
1790108335066169895,11460140,10567167,3528,837539,37509,18731602
1790108335180983935,11460872,10567285,3528,838150,37512,18731602
1790108335298965024,11461632,10567375,3528,838810,37513,18731602
1790108335414227390,11462381,10567525,3528,839391,37514,18731602
1790108335529203039,11463117,10567712,3528,839936,37514,18731602
1790108335661739458,11463963,10567928,3528,840558,37514,18731602
1790108335779784555,11464720,10568116,3528,841120,37515,18731602
1790108335893886075,11465449,10568194,3528,841775,37515,18731602
1790108336012034776,11466207,10568338,3528,842381,37515,18731602
1790108336130092609,11466960,10568460,3528,843010,37515,18731602
1790108336247848609,11467713,10568589,3528,843631,37516,18731602
1790108336365576349,11468465,10568745,3528,844218,37516,18731602
1790108336483357670,11469214,10568869,3528,844844,37517,18731602
1790108336601084699,11469967,10569050,3528,845414,37517,18731602
1790108336716647718,11470708,10569094,3528,846110,37517,18731602
1790108336844543601,11471529,10569198,3528,846793,37535,18731602
1790108336960458392,11472272,10569328,3528,847350,37587,18731602
1790108337078672966,11473030,10569456,3528,847924,37635,18731602
1790108337196845824,11473788,10569545,3528,848541,37685,18731602
1790108337310081574,11474505,10569694,3528,849072,37725,18731602
1790108337422335142,11475223,10569775,3528,849659,37771,18731602
1790108337540159992,11475976,10569868,3528,850318,37771,18731602
1790108337654304394,11476699,10569951,3528,850937,37795,18731602
1790108337772146508,11477448,10570038,3528,851583,37812,18731602
1790108337892199351,11478212,10570196,3528,852187,37813,18731602
1790108338009138907,11478960,10570293,3528,852833,37814,18731602
1790108338127231713,11479721,10570430,3528,853447,37815,18731602
1790108338243201532,11480455,10570585,3528,854029,37816,18731602
1790108338361217001,11481207,10570685,3528,854680,37816,18731602
1790108338475210363,11481937,10570770,3528,855320,37817,18731602
1790108338593317613,11482693,10570871,3528,855971,37817,18731602
1790108338711470932,11483446,10571017,3528,856574,37818,18731602
1790108338828826735,11484191,10571122,3528,857218,37819,18731602
1790108338946671051,11484949,10571281,3528,857803,37820,18731602
1790108339064408553,11485694,10571419,3528,858415,37820,18731602
1790108339182445216,11486447,10571528,3528,859056,37820,18731602
1790108339296243938,11487172,10571587,3528,859723,37821,18731602
1790108339414209480,11487929,10571694,3528,860366,37822,18731602
1790108339532323869,11488680,10571869,3528,860941,37823,18731602
1790108339647093816,11489402,10571997,3528,861543,37824,18731602
1790108339765143701,11490153,10572089,3528,862202,37824,18731602
1790108339882594385,11490909,10572219,3528,862816,37825,18731602
1790108339999095689,11491648,10572384,3528,863396,37825,18731602
1790108340113192208,11492381,10572413,3528,864095,37825,18731602
1790108340225753361,11493093,10572581,3528,864637,37826,18731602
1790108340343735688,11493840,10572718,3528,865250,37826,18731602
1790108340461791788,11494593,10572897,3528,865825,37829,18731602
1790108340579951728,11495351,10573038,3528,866434,37829,18731602
1790108340698145360,11496109,10573175,3528,867046,37831,18731602
1790108340816129714,11496856,10573300,3528,867671,37831,18731602
1790108340929966319,11497580,10573321,3528,868378,37831,18731602
1790108341048297503,11498342,10573449,3528,869002,37831,18731602
1790108341165704603,11499090,10573625,3528,869570,37831,18731602
1790108341283975569,11499855,10573758,3528,870192,37832,18731602
1790108341401973734,11500606,10573891,3528,870810,37832,18731602
1790108341520144520,11501369,10574054,3528,871396,37832,18731602
1790108341638446905,11502122,10574218,3528,871990,37833,18731602
1790108341754004872,11502857,10574246,3528,872694,37833,18731602
1790108341868027941,11503582,10574343,3528,873321,37834,18731602
1790108341986080247,11504332,10574534,3528,873881,37834,18731602
1790108342104153550,11505091,10574694,3528,874470,37834,18731602
1790108342222073337,11505843,10574833,3528,875082,37835,18731602
1790108342335441162,11506571,10575019,3528,875616,37835,18731602
1790108342453415535,11507329,10575110,3528,876274,37835,18731602
1790108342571299256,11508081,10575199,3528,876937,37835,18731602
1790108342685633763,11508806,10575286,3528,877574,37836,18731602
1790108342804007397,11509548,10575426,3528,878191,37836,18731602
1790108342921775596,11510299,10575540,3528,878823,37837,18731602
1790108343039292458,11511050,10575631,3528,879480,37837,18731602
1790108343156713409,11511806,10575799,3528,880055,37839,18731602
1790108343273610237,11512556,10575903,3528,880695,37839,18731602
1790108343391575072,11513307,10575984,3528,881365,37840,18731602
1790108343505511485,11514024,10576066,3528,882007,37841,18731602
1790108343623540167,11514777,10576214,3528,882613,37841,18731602
1790108343738533267,11515510,10576366,3528,883189,37842,18731602
1790108343856181194,11516266,10576456,3528,883851,37842,18731602
1790108343974164323,11517017,10576614,3528,884442,37843,18731602
1790108344088138069,11517745,10576773,3528,885007,37843,18731602
1790108344206087039,11518497,10576851,3528,885680,37843,18731602
1790108344320313298,11519224,10576913,3528,886344,37844,18731602
1790108344438616674,11519975,10577029,3528,886978,37844,18731602
1790108344556608849,11520738,10577184,3528,887574,37845,18731602
1790108344673823577,11521479,10577297,3528,888209,37846,18731602
1790108344791826778,11522240,10577429,3528,888828,37846,18731602
1790108344908213917,11522976,10577576,3528,889419,37847,18731602
1790108345026335895,11523727,10577717,3528,890028,37848,18731602
1790108345140472965,11524443,10577785,3528,890686,37850,18731602
1790108345257887859,11525191,10577887,3528,891332,37850,18731602
1790108345375855101,11525944,10578022,3528,891947,37850,18731602
1790108345489744213,11526674,10578172,3528,892515,37851,18731602
1790108345607692510,11527432,10578248,3528,893190,37852,18731602
1790108345725305397,11528183,10578382,3528,893805,37853,18731602
1790108345843335167,11528941,10578509,3528,894429,37853,18731602
1790108345960856946,11529691,10578559,3528,895131,37853,18731602
1790108346080325180,11530456,10578671,3528,895774,37855,18731602
1790108346203318203,11531239,10578809,3528,896419,37856,18731602
1790108346314301122,11531937,10578941,3528,896991,37857,18731602
1790108346432337691,11532698,10579056,3528,897628,37857,18731602
1790108346552319228,11533456,10579205,3528,898241,37858,18731602
1790108346671032937,11534211,10579335,3528,898868,37858,18731602
1790108346785324531,11534949,10579386,3528,899544,37858,18731602
1790108346900829586,11535688,10579501,3528,900166,37859,18731602
1790108347018783612,11536449,10579651,3528,900766,37859,18731602
1790108347134037362,11537194,10579745,3528,901405,37859,18731602
1790108347247701281,11537910,10579878,3528,901992,37859,18731602
1790108347365724978,11538670,10580002,3528,902617,37860,18731602
1790108347483727230,11539424,10580124,3528,903245,37860,18731602
1790108347598109118,11540158,10580150,3528,903953,37860,18731602
1790108347714133337,11540892,10580290,3528,904550,37861,18731602
1790108347832138920,11541651,10580380,3528,905211,37861,18731602
1790108347948525342,11542388,10580521,3528,905807,37861,18731602
1790108348064846374,11543139,10580647,3528,906426,37861,18731602
1790108348182844612,11543894,10580775,3528,907047,37861,18731602
1790108348300802995,11544649,10580938,3528,907635,37862,18731602
1790108348415693809,11545385,10580963,3528,908338,37862,18731602
1790108348533709750,11546146,10581089,3528,908965,37862,18731602
1790108348651996181,11546898,10581160,3528,909644,37863,18731602
1790108348767183826,11547635,10581321,3528,910213,37864,18731602
1790108348885330566,11548391,10581456,3528,910829,37864,18731602
1790108349003711661,11549145,10581593,3528,911442,37864,18731602
1790108349121731491,11549900,10581714,3528,912072,37865,18731602
1790108349235752743,11550630,10581735,3528,912784,37865,18731602
1790108349353641360,11551382,10581856,3528,913411,37865,18731602
1790108349467891670,11552111,10582012,3528,913984,37865,18731602
1790108349586002173,11552872,10582178,3528,914566,37867,18731602
1790108349704126975,11553632,10582306,3528,915187,37867,18731602
1790108349822425510,11554395,10582430,3528,915813,37868,18731602
1790108349940476475,11555144,10582573,3528,916423,37869,18731602
1790108350054508026,11555873,10582617,3528,917104,37869,18731602
1790108350168417207,11556594,10582690,3528,917754,37871,18731602
1790108350286506212,11557346,10582848,3528,918346,37871,18731602
1790108350400516492,11558079,10582875,3528,919046,37871,18731602
1790108350517704472,11558827,10583001,3528,919664,37872,18731602
1790108350635605821,11559579,10583116,3528,920300,37872,18731602
1790108350749326341,11560302,10583177,3528,920962,37874,18731602
1790108350866733350,11561052,10583293,3528,921591,37874,18731602
1790108350984852480,11561805,10583399,3528,922243,37875,18731602
1790108351099053776,11562536,10583491,3528,922874,37875,18731602
1790108351217184418,11563290,10583616,3528,923500,37876,18731602
1790108351331338157,11564020,10583637,3528,924206,37876,18731602
1790108351446659780,11564751,10583727,3528,924845,37879,18731602
1790108351564821045,11565504,10583856,3528,925473,37879,18731602
1790108351678967674,11566225,10583902,3528,926154,37879,18731602
1790108351795900382,11566972,10584003,3528,926796,37880,18731602
1790108351913732828,11567729,10584092,3528,927453,37880,18731602
1790108352027983932,11568451,10584179,3528,928093,37883,18731602
1790108352145893313,11569206,10584278,3528,928744,37883,18731602
1790108352259087257,11569933,10584321,3528,929424,37883,18731602
1790108352373398259,11570669,10584399,3528,930070,37884,18731602
1790108352491370459,11571429,10584520,3528,930701,37884,18731602
1790108352605464736,11572156,10584545,3528,931402,37885,18731602
1790108352721730604,11572886,10584676,3528,932008,37886,18731602
1790108352839676388,11573641,10584746,3528,932689,37887,18731602
1790108352954017739,11574361,10584810,3528,933357,37888,18731602
1790108353071239010,11575079,10585043,3528,933848,37899,18731602
1790108353186704952,11575813,10585278,3528,934326,37911,18731602
1790108353302546627,11576541,10585435,3528,934509,38298,18731602
1790108353420504385,11577277,10585625,3528,934782,38580,18731602
1790108353534848339,11577998,10585862,3528,935245,38595,18731602
1790108353651200791,11578736,10586111,3528,935713,38608,18731602
1790108353766691967,11579468,10586388,3528,936144,38622,18731602
1790108353886120316,11580223,10586613,3528,936656,38632,18731602
1790108354001174420,11580971,10586853,3528,937127,38644,18731602
1790108354115300696,11581687,10587092,3528,937587,38657,18731602
1790108354229862142,11582410,10587341,3528,938044,38668,18731602
1790108354345111017,11583108,10587580,3528,938514,38682,18731602
1790108354460473366,11583830,10587831,3528,938974,38691,18731602
1790108354579526100,11584580,10588067,3528,939477,38700,18731602
1790108354695875936,11585335,10588293,3528,939974,38708,18731602
1790108354810677143,11586075,10588520,3528,940370,38803,18731602
1790108354925234115,11586805,10588755,3528,940837,38818,18731602
1790108355039915027,11587525,10589035,3528,941262,38831,18731602
1790108355156173506,11588272,10589280,3528,941738,38843,18731602
1790108355280514102,11589064,10589532,3528,942248,38856,18731602
1790108355396463618,11589763,10589772,3528,942720,38869,18731602
1790108355511703797,11590485,10590016,3528,943180,38888,18731602
1790108355628148179,11591229,10590263,3528,943648,38904,18731602
1790108355744649541,11591937,10590515,3528,944108,38918,18731602
1790108355861088929,11592675,10590751,3528,944597,38929,18731602
1790108355975048003,11593364,10591017,3528,945026,38943,18731602
1790108356090999054,11594090,10591250,3528,945500,38961,18731602
1790108356206022467,11594816,10591475,3528,945909,39053,18731602
1790108356320704732,11595540,10591730,3528,946357,39066,18731602
1790108356434963620,11596267,10591994,3528,946797,39075,18731602
1790108356550101140,11596980,10592256,3528,947240,39091,18731602
1790108356668449689,11597752,10592491,3528,947738,39101,18731602
1790108356784846143,11598499,10592751,3528,948196,39113,18731602
1790108356900610530,11599240,10592992,3528,948668,39125,18731602
1790108357016292495,11599984,10593265,3528,949112,39136,18731602
1790108357131319053,11600705,10593530,3528,949551,39148,18731602
1790108357247114945,11601438,10593772,3528,950031,39157,18731602
1790108357366175628,11602185,10594030,3528,950504,39170,18731602
1790108357481328887,11602895,10594274,3528,950967,39182,18731602
1790108357596134750,11603601,10594523,3528,951425,39195,18731602
1790108357711814453,11604324,10594785,3528,951874,39204,18731602
1790108357827431244,11605057,10595038,3528,952331,39221,18731602
1790108357942300549,11605786,10595332,3528,952745,39234,18731602
1790108358064889098,11606544,10595599,3528,953228,39250,18731602
1790108358180768074,11607277,10595828,3528,953707,39264,18731602
1790108358295814624,11607995,10596053,3528,954117,39355,18731602
1790108358411372163,11608735,10596298,3528,954575,39371,18731602
1790108358525578616,11609435,10596565,3528,955003,39391,18731602
1790108358640492124,11610156,10596822,3528,955454,39404,18731602
1790108358758057287,11610896,10597041,3528,955963,39413,18731602
1790108358872621155,11611590,10597281,3528,956428,39427,18731602
1790108358988443923,11612314,10597512,3528,956907,39441,18731602
1790108359103123404,11613039,10597766,3528,957357,39454,18731602
1790108359218493823,11613762,10598017,3528,957815,39466,18731602
1790108359334514742,11614485,10598266,3528,958284,39478,18731602
1790108359452348532,11615215,10598496,3528,958782,39487,18731602
1790108359567430712,11615908,10598738,3528,959248,39497,18731602
1790108359680937779,11616613,10598970,3528,959632,39595,18731602
1790108359798087941,11617363,10599214,3528,960106,39609,18731602
1790108359912203122,11618076,10599466,3528,960556,39622,18731602
1790108360026463871,11618797,10599734,3528,960989,39637,18731602
1790108360141235729,11619535,10599988,3528,961444,39647,18731602
1790108360258065800,11620248,10600234,3528,961913,39662,18731602
1790108360374297968,11621000,10600483,3528,962386,39671,18731602
1790108360489061587,11621733,10600727,3528,962846,39681,18731602
1790108360603419374,11622448,10600986,3528,963288,39695,18731602
1790108360719106713,11623173,10601254,3528,963730,39709,18731602
1790108360836018744,11623892,10601489,3528,964215,39724,18731602
1790108360952604815,11624610,10601721,3528,964702,39738,18731602
1790108361068069808,11625327,10601978,3528,965155,39748,18731602
1790108361184595824,11626059,10602224,3528,965624,39764,18731602
1790108361300962385,11626792,10602473,3528,966087,39777,18731602
1790108361416340879,11627506,10602751,3528,966516,39791,18731602
1790108361530400201,11628231,10602966,3528,967014,39799,18731602
1790108361646061653,11628942,10603212,3528,967471,39819,18731602
1790108361761822000,11629674,10603445,3528,967870,39911,18731602
1790108361876212665,11630394,10603700,3528,968317,39925,18731602
1790108361994103753,11631132,10603963,3528,968782,39935,18731602
1790108362107474837,11631835,10604229,3528,969218,39948,18731602
1790108362222657373,11632558,10604451,3528,969705,39961,18731602
1790108362338408336,11633272,10604693,3528,970172,39974,18731602
1790108362455071937,11633997,10604930,3528,970655,39984,18731602
1790108362571302257,11634721,10605190,3528,971113,39994,18731602
1790108362686952820,11635455,10605486,3528,971527,40011,18731602
1790108362803128545,11636179,10605752,3528,971968,40030,18731602
1790108362920638641,11636901,10605999,3528,972445,40042,18731602
1790108363035219931,11637601,10606245,3528,972904,40056,18731602
1790108363151776901,11638305,10606499,3528,973363,40072,18731602
1790108363267716680,11639042,10606760,3528,973811,40089,18731602
1790108363384937446,11639786,10607018,3528,974274,40102,18731602
1790108363500812292,11640506,10607288,3528,974711,40122,18731602
1790108363616543598,11641233,10607528,3528,975188,40131,18731602
1790108363731853761,11641936,10607774,3528,975647,40147,18731602
1790108363849386692,11642683,10608017,3528,976064,40227,18731602
1790108363963737908,11643401,10608259,3528,976509,40253,18731602
1790108364079960611,11644146,10608512,3528,976971,40268,18731602
1790108364196302849,11644864,10608765,3528,977432,40279,18731602
1790108364312034400,11645587,10609005,3528,977904,40292,18731602
1790108364429333519,11646353,10609235,3528,978397,40303,18731602
1790108364544293972,11647077,10609502,3528,978833,40320,18731602
1790108364659961599,11647807,10609741,3528,979306,40333,18731602
1790108364773694586,11648517,10610009,3528,979736,40348,18731602
1790108364890741422,11649247,10610261,3528,980203,40359,18731602
1790108365006701526,11649975,10610509,3528,980676,40368,18731602
1790108365123908521,11650702,10610744,3528,981159,40382,18731602
1790108365236733911,11651424,10611006,3528,981572,40410,18731602
1790108365354397375,11652178,10611270,3528,981979,40484,18731602
1790108365470841824,11652891,10611512,3528,982452,40497,18731602
1790108365586863326,11653622,10611759,3528,982919,40507,18731602
1790108365700813372,11654358,10611987,3528,983395,40517,18731602
1790108365816520141,11655080,10612232,3528,983859,40536,18731602
1790108365931113689,11655798,10612473,3528,984321,40554,18731602
1790108366046747576,11656510,10612723,3528,984774,40569,18731602
1790108366163449044,11657256,10612998,3528,985212,40585,18731602
1790108366278572544,11658000,10613252,3528,985661,40603,18731602
1790108366392599921,11658701,10613488,3528,986127,40617,18731602
1790108366509351343,11659463,10613730,3528,986603,40630,18731602
1790108366624392762,11660165,10613958,3528,987080,40646,18731602
1790108366739907333,11660881,10614201,3528,987545,40660,18731602
1790108366854975566,11661588,10614460,3528,987997,40670,18731602
1790108366971029845,11662316,10614737,3528,988434,40684,18731602
1790108367087196559,11663053,10614981,3528,988907,40695,18731602
1790108367203583737,11663784,10615231,3528,989370,40710,18731602
1790108367318783108,11664503,10615466,3528,989842,40724,18731602
1790108367434496384,11665228,10615703,3528,990245,40812,18731602
1790108367549292799,11665951,10615944,3528,990700,40830,18731602
1790108367664903767,11666672,10616169,3528,991187,40842,18731602
1790108367779412781,11667414,10616389,3528,991675,40855,18731602
1790108367893701171,11668116,10616619,3528,992148,40868,18731602
1790108368007390499,11668834,10616868,3528,992591,40883,18731602
1790108368120398924,11669563,10617122,3528,993035,40898,18731602
1790108368235377173,11670266,10617369,3528,993490,40916,18731602
1790108368350587205,11670995,10617626,3528,993937,40928,18731602
1790108368467603152,11671742,10617869,3528,994421,40938,18731602
1790108368582018102,11672448,10618119,3528,994871,40953,18731602
1790108368696745420,11673168,10618371,3528,995324,40968,18731602
1790108368811324578,11673886,10618616,3528,995702,41062,18731602
1790108368925109730,11674602,10618868,3528,996149,41075,18731602
1790108369038622115,11675292,10619126,3528,996596,41084,18731602
1790108369154832812,11675998,10619436,3528,997005,41094,18731602
1790108369270395423,11676719,10619683,3528,997472,41107,18731602
1790108369386757809,11677441,10619938,3528,997927,41122,18731602
1790108369503043877,11678178,10620195,3528,998383,41140,18731602
1790108369618007042,11678915,10620446,3528,998835,41153,18731602
1790108369733819045,11679637,10620715,3528,999278,41166,18731602
1790108369848375792,11680356,10620935,3528,999765,41177,18731602
1790108369962497071,11681051,10621177,3528,1000229,41189,18731602
1790108370078508271,11681759,10621421,3528,1000696,41202,18731602
1790108370194189944,11682486,10621669,3528,1001160,41214,18731602
1790108370309765906,11683199,10621920,3528,1001619,41229,18731602
1790108370423679436,11683911,10622168,3528,1002068,41246,18731602
1790108370538557668,11684653,10622416,3528,1002522,41260,18731602
1790108370655714466,11685382,10622650,3528,1003013,41273,18731602
1790108370770873589,11686083,10622908,3528,1003460,41284,18731602
1790108370885209443,11686813,10623124,3528,1003865,41381,18731602
1790108371001361909,11687553,10623365,3528,1004332,41399,18731602
1790108371117353292,11688286,10623624,3528,1004786,41412,18731602
1790108371235005485,11689016,10623890,3528,1005246,41425,18731602
1790108371351794640,11689749,10624157,3528,1005701,41437,18731602
1790108371468080360,11690458,10624402,3528,1006169,41449,18731602
1790108371582893078,11691174,10624651,3528,1006628,41460,18731602
1790108371697816708,11691913,10624896,3528,1007089,41475,18731602
1790108371811673426,11692628,10625140,3528,1007545,41487,18731602
1790108371929305783,11693373,10625374,3528,1008038,41502,18731602
1790108372044630339,11694074,10625624,3528,1008489,41519,18731602
1790108372161150544,11694797,10625854,3528,1008966,41537,18731602
1790108372276187917,11695502,10626094,3528,1009426,41552,18731602
1790108372392580776,11696224,10626374,3528,1009865,41565,18731602
1790108372506487333,11696950,10626654,3528,1010283,41580,18731602
1790108372622581034,11697682,10626904,3528,1010750,41588,18731602
1790108372738587690,11698401,10627139,3528,1011225,41604,18731602
1790108372853778668,11699105,10627413,3528,1011660,41618,18731602
1790108372968551128,11699813,10627695,3528,1012009,41711,18731602
1790108373084396900,11700535,10627932,3528,1012478,41728,18731602
1790108373199177062,11701260,10628188,3528,1012930,41737,18731602
1790108373314354230,11702017,10628462,3528,1013367,41748,18731602
1790108373432974659,11702768,10628702,3528,1013858,41762,18731602
1790108373549178073,11703495,10628962,3528,1014319,41773,18731602
1790108373664162150,11704230,10629272,3528,1014717,41783,18731602
1790108373779821158,11704955,10629516,3528,1015182,41798,18731602
1790108373896005926,11705683,10629769,3528,1015645,41809,18731602
1790108374011895199,11706419,10630044,3528,1016082,41823,18731602
1790108374129470562,11707150,10630279,3528,1016571,41836,18731602
1790108374245208282,11707868,10630521,3528,1017038,41852,18731602
1790108374361717738,11708593,10630763,3528,1017513,41864,18731602
1790108374477881339,11709317,10630998,3528,1017919,41953,18731602
1790108374594531864,11710053,10631268,3528,1018364,41965,18731602
1790108374710245119,11710778,10631518,3528,1018828,41978,18731602
1790108374825020585,11711496,10631756,3528,1019304,41987,18731602
1790108374941312563,11712231,10632002,3528,1019777,41997,18731602
1790108375057103823,11712964,10632250,3528,1020235,42011,18731602
1790108375171789039,11713702,10632491,3528,1020700,42024,18731602
1790108375287298215,11714419,10632749,3528,1021153,42035,18731602
1790108375402418487,11715152,10633019,3528,1021590,42048,18731602
1790108375519174942,11715887,10633242,3528,1022091,42057,18731602
1790108375636419742,11716616,10633481,3528,1022572,42075,18731602
1790108375750728223,11717338,10633722,3528,1023027,42092,18731602
1790108375866048853,11718059,10633988,3528,1023473,42104,18731602
1790108375980880121,11718772,10634239,3528,1023923,42118,18731602
1790108376096353027,11719476,10634486,3528,1024385,42131,18731602
1790108376210396911,11720200,10634717,3528,1024864,42141,18731602
1790108376327107528,11720929,10634985,3528,1025311,42152,18731602
1790108376442738100,11721660,10635245,3528,1025756,42171,18731602
1790108376558507008,11722384,10635479,3528,1026162,42259,18731602
1790108376673348470,11723114,10635745,3528,1026602,42271,18731602
1790108376788440043,11723845,10636006,3528,1027052,42284,18731602
1790108376906182467,11724591,10636222,3528,1027559,42295,18731602
1790108377020698989,11725301,10636456,3528,1028030,42310,18731602
1790108377135513509,11726039,10636698,3528,1028493,42321,18731602
1790108377251349602,11726787,10636943,3528,1028963,42333,18731602
1790108377366553067,11727502,10637193,3528,1029419,42346,18731602
1790108377483323794,11728223,10637436,3528,1029894,42358,18731602
1790108377597820507,11728946,10637673,3528,1030365,42369,18731602
1790108377714300127,11729693,10637908,3528,1030849,42381,18731602
1790108377829311164,11730418,10638179,3528,1031283,42394,18731602
1790108377943838936,11731143,10638413,3528,1031752,42408,18731602
1790108378059080866,11731876,10638681,3528,1032196,42420,18731602
1790108378174531657,11732590,10638967,3528,1032617,42435,18731602
1790108378293605285,11733329,10639237,3528,1033086,42442,18731602
1790108378409477634,11734067,10639474,3528,1033562,42456,18731602
1790108378524906181,11734809,10639716,3528,1034029,42469,18731602
1790108378639651026,11735532,10639943,3528,1034441,42555,18731602
1790108378753841711,11736257,10640206,3528,1034874,42570,18731602
1790108378869290904,11737002,10640461,3528,1035335,42579,18731602
1790108378985202992,11737751,10640688,3528,1035820,42592,18731602
1790108379102727877,11738470,10640927,3528,1036308,42601,18731602
1790108379217956398,11739196,10641167,3528,1036777,42615,18731602
1790108379334065187,11739926,10641409,3528,1037243,42631,18731602
1790108379448828302,11740641,10641672,3528,1037688,42642,18731602
1790108379563031134,11741358,10641951,3528,1038114,42653,18731602
1790108379677739351,11742089,10642209,3528,1038567,42665,18731602
1790108379793713723,11742809,10642459,3528,1039033,42676,18731602
1790108379907750009,11743524,10642697,3528,1039491,42689,18731602
1790108380022202034,11744246,10642962,3528,1039931,42701,18731602
1790108380136675179,11744948,10643221,3528,1040375,42715,18731602
1790108380251240816,11745675,10643473,3528,1040823,42730,18731602
1790108380367215304,11746403,10643700,3528,1041314,42744,18731602
1790108380482416859,11747118,10643947,3528,1041768,42760,18731602
1790108380598108935,11747823,10644183,3528,1042244,42772,18731602
1790108380713169653,11748548,10644414,3528,1042648,42860,18731602
1790108380827453619,11749274,10644666,3528,1043095,42874,18731602
1790108380943772264,11749975,10644912,3528,1043570,42884,18731602
1790108381058531716,11750709,10645134,3528,1044054,42896,18731602
1790108381174102901,11751436,10645361,3528,1044536,42910,18731602
1790108381288600424,11752141,10645587,3528,1045017,42920,18731602
1790108381412675701,11752924,10645846,3528,1045521,42933,18731602
1790108381529143564,11753652,10646155,3528,1045930,42946,18731602
1790108381643650723,11754370,10646425,3528,1046358,42965,18731602
1790108381760163900,11755133,10646679,3528,1046827,42975,18731602
1790108381875854020,11755853,10646934,3528,1047284,42986,18731602
1790108381992214455,11756608,10647171,3528,1047765,42996,18731602
1790108382108368906,11757348,10647425,3528,1048153,43082,18731602
1790108382221372924,11758047,10647714,3528,1048564,43096,18731602
1790108382337808055,11758755,10648000,3528,1048989,43110,18731602
1790108382453481541,11759479,10648269,3528,1049435,43121,18731602
1790108382568464579,11760213,10648505,3528,1049911,43129,18731602
1790108382681954966,11760935,10648770,3528,1050349,43138,18731602
1790108382798292044,11761660,10649028,3528,1050808,43149,18731602
1790108382912620324,11762400,10649262,3528,1051275,43164,18731602
1790108383025935819,11763129,10649546,3528,1051690,43175,18731602
1790108383142613354,11763859,10649765,3528,1052193,43187,18731602
1790108383257054112,11764565,10650025,3528,1052639,43197,18731602
1790108383372679859,11765300,10650275,3528,1053099,43213,18731602
1790108383488009360,11766034,10650530,3528,1053554,43225,18731602
1790108383602937167,11766771,10650786,3528,1054001,43240,18731602
1790108383719316288,11767496,10651057,3528,1054447,43254,18731602
1790108383835187187,11768216,10651284,3528,1054935,43263,18731602
1790108383952100900,11768945,10651525,3528,1055412,43280,18731602
1790108384068231732,11769650,10651754,3528,1055897,43291,18731602
1790108384183720366,11770359,10651977,3528,1056311,43381,18731602
1790108384299074610,11771102,10652246,3528,1056748,43395,18731602
1790108384414772406,11771851,10652502,3528,1057202,43410,18731602
1790108384530940206,11772586,10652740,3528,1057681,43420,18731602
1790108384647528892,11773309,10652981,3528,1058162,43431,18731602
1790108384762288945,11774016,10653236,3528,1058612,43443,18731602
1790108384877216638,11774732,10653465,3528,1059094,43451,18731602
1790108384991856851,11775441,10653713,3528,1059553,43465,18731602
1790108385106707479,11776173,10653965,3528,1060006,43479,18731602
1790108385222906860,11776917,10654206,3528,1060480,43491,18731602
1790108385339373327,11777632,10654459,3528,1060937,43509,18731602
1790108385453727991,11778339,10654711,3528,1061393,43521,18731602
1790108385569791948,11779078,10654951,3528,1061833,43565,18731602
1790108385686533938,11779806,10655192,3528,1062259,43630,18731602
1790108385802137242,11780536,10655465,3528,1062694,43647,18731602
1790108385916649301,11781255,10655712,3528,1063155,43661,18731602
1790108386031042569,11781987,10656002,3528,1063571,43670,18731602
1790108386147044935,11782728,10656225,3528,1064063,43681,18731602
1790108386261521209,11783468,10656475,3528,1064523,43691,18731602
1790108386376348944,11784204,10656740,3528,1064956,43708,18731602
1790108386489461006,11784919,10657010,3528,1065383,43723,18731602
1790108386604533941,11785652,10657266,3528,1065838,43733,18731602
1790108386722502733,11786394,10657523,3528,1066309,43742,18731602
1790108386837453429,11787132,10657784,3528,1066758,43753,18731602
1790108386952351328,11787844,10658042,3528,1067211,43763,18731602
1790108387067785640,11788544,10658286,3528,1067680,43776,18731602
1790108387182602966,11789284,10658546,3528,1068119,43792,18731602
1790108387295191668,11789984,10658834,3528,1068529,43802,18731602
1790108387411712839,11790727,10659443,3528,1068645,43809,18759378
1790108387526481408,11791462,10659835,3528,1068976,43810,18765650
1790108387642052671,11792198,10659935,3528,1069614,43812,18765650
1790108387758894253,11792941,10660011,3528,1070282,43812,18765650
1790108387872499881,11793680,10660090,3528,1070923,43812,18765650
1790108387990280803,11794437,10660209,3528,1071556,43812,18765650
1790108388104314223,11795167,10660242,3528,1072251,43812,18765650
1790108388218417264,11795895,10660343,3528,1072874,43812,18765650
1790108388336325225,11796644,10660483,3528,1073484,43813,18765650
1790108388458510392,11797424,10660522,3528,1074225,43813,18765650
1790108388573523664,11798150,10660635,3528,1074840,43814,18765650
1790108388691726611,11798909,10660710,3528,1075517,43814,18765650
1790108388805608778,11799626,10660778,3528,1076173,43815,18765650
1790108388922762037,11800376,10660887,3528,1076808,43815,18765650
1790108389040664966,11801130,10660971,3528,1077476,43816,18765650
1790108389154353111,11801856,10661049,3528,1078123,43816,18765650
1790108389272344141,11802606,10661177,3528,1078746,43817,18765650
1790108389386808349,11803335,10661198,3528,1079458,43817,18765650
1790108389500633430,11804071,10661277,3528,1080098,43817,18765650
1790108389618482617,11804816,10661402,3528,1080722,43818,18765650
1790108389732226223,11805549,10661439,3528,1081412,43818,18765650
1790108389847945571,11806284,10661561,3528,1082026,43819,18765650
1790108389965972452,11807039,10661652,3528,1082687,43819,18765650
1790108390079745676,11807762,10661724,3528,1083334,43819,18765650
1790108390197451496,11808512,10661830,3528,1083979,43819,18765650
1790108390315336381,11809270,10661929,3528,1084631,43819,18765650
1790108390429235913,11809999,10662019,3528,1085265,43820,18765650
1790108390547318024,11810753,10662128,3528,1085908,43820,18765650
1790108390661764282,11811485,10662163,3528,1086600,43820,18765650
1790108390775999481,11812204,10662248,3528,1087245,43821,18765650
1790108390893870023,11812966,10662378,3528,1087865,43821,18765650
1790108391011578627,11813724,10662549,3528,1088438,43821,18765650
1790108391129357454,11814479,10662646,3528,1089094,43821,18765650
1790108391243708776,11815200,10662815,3528,1089646,43824,18765650
1790108391361147585,11815953,10662921,3528,1090289,43825,18765650
1790108391479119253,11816707,10663009,3528,1090953,43825,18765650
1790108391593345843,11817433,10663092,3528,1091594,43826,18765650
1790108391711213509,11818188,10663178,3528,1092260,43826,18765650
1790108391826798002,11818928,10663325,3528,1092848,43827,18765650
1790108391944954654,11819678,10663420,3528,1093506,43827,18765650
1790108392062842162,11820437,10663595,3528,1094082,43827,18765650
1790108392178450508,11821178,10663771,3528,1094636,43828,18765650
1790108392296471359,11821934,10663877,3528,1095281,43828,18765650
1790108392410278317,11822658,10663966,3528,1095920,43828,18765650
1790108392526635012,11823395,10664095,3528,1096527,43829,18765650
1790108392644553490,11824148,10664248,3528,1097125,43829,18765650
1790108392761921532,11824900,10664377,3528,1097743,43829,18765650
1790108392879762928,11825659,10664472,3528,1098395,43829,18765650
1790108392996757608,11826403,10664637,3528,1098972,43831,18765650
1790108393114693963,11827159,10664811,3528,1099550,43831,18765650
1790108393228393664,11827888,10664875,3528,1100212,43831,18765650
1790108393346137926,11828645,10665003,3528,1100833,43832,18765650
1790108393460671440,11829380,10665118,3528,1101444,43832,18765650
1790108393578484447,11830138,10665278,3528,1102032,43833,18765650
1790108393696533422,11830895,10665395,3528,1102666,43834,18765650
1790108393814289551,11831640,10665555,3528,1103254,43835,18765650
1790108393932076653,11832389,10665626,3528,1103935,43835,18765650
1790108394046876860,11833129,10665705,3528,1104588,43835,18765650
1790108394160646921,11833855,10665796,3528,1105216,43836,18765650
1790108394278694190,11834612,10665959,3528,1105803,43836,18765650
1790108394396452573,11835359,10666095,3528,1106418,43837,18765650
1790108394514326082,11836118,10666168,3528,1107095,43837,18765650
1790108394632116773,11836878,10666362,3528,1107651,43837,18765650
1790108394750107081,11837623,10666464,3528,1108299,43837,18765650
1790108394868992734,11838377,10666541,3528,1108980,43838,18765650
1790108394983630429,11839117,10666637,3528,1109612,43838,18765650
1790108395102038802,11839870,10666730,3528,1110273,43838,18765650
1790108395217822028,11840598,10666918,3528,1110815,43839,18765650
1790108395335144058,11841362,10667034,3528,1111450,43839,18765650
1790108395453011818,11842113,10667195,3528,1112039,43839,18765650
1790108395571521993,11842869,10667321,3528,1112666,43840,18765650
1790108395687716772,11843606,10667432,3528,1113291,43840,18765650
1790108395801670417,11844334,10667474,3528,1113975,43840,18765650
1790108395918924009,11845079,10667575,3528,1114623,43841,18765650
1790108396036955938,11845842,10667701,3528,1115249,43841,18765650
1790108396154762674,11846601,10667838,3528,1115860,43842,18765650
1790108396270748093,11847334,10667984,3528,1116449,43842,18765650
1790108396388921563,11848079,10668115,3528,1117072,43844,18765650
1790108396506951281,11848830,10668254,3528,1117682,43845,18765650
1790108396621215540,11849567,10668309,3528,1118354,43845,18765650
1790108396738408282,11850299,10668425,3528,1118983,43847,18765650
1790108396856406944,11851055,10668519,3528,1119638,43847,18765650
1790108396972642928,11851788,10668677,3528,1120214,43850,18765650
1790108397090543536,11852542,10668799,3528,1120842,43850,18765650
1790108397208573235,11853294,10668986,3528,1121405,43851,18765650
1790108397326716705,11854051,10669098,3528,1122047,43851,18765650
1790108397439714598,11854776,10669220,3528,1122642,43851,18765650
1790108397553295628,11855505,10669354,3528,1123229,43853,18765650
1790108397671326115,11856258,10669523,3528,1123812,43854,18765650
1790108397789271708,11857012,10669703,3528,1124381,43855,18765650
1790108397906493163,11857760,10669800,3528,1125029,43855,18765650
1790108398024556470,11858512,10669971,3528,1125611,43855,18765650
1790108398138948251,11859248,10670088,3528,1126223,43856,18765650
1790108398256943504,11860002,10670163,3528,1126899,43856,18765650
1790108398370996558,11860727,10670221,3528,1127566,43856,18765650
1790108398488721572,11861486,10670320,3528,1128211,43857,18765650
1790108398606783632,11862235,10670496,3528,1128789,43858,18765650
1790108398718318832,11862947,10670624,3528,1129370,43858,18765650
1790108398836220051,11863703,10670701,3528,1130044,43859,18765650
1790108398954232635,11864443,10670836,3528,1130656,43861,18765650
1790108399072481635,11865198,10670983,3528,1131260,43861,18765650
1790108399186163680,11865928,10671024,3528,1131946,43861,18765650
1790108399298635823,11866635,10671144,3528,1132538,43862,18765650
1790108399416453525,11867398,10671243,3528,1133190,43862,18765650
1790108399532323551,11868152,10671402,3528,1133768,43862,18765650
1790108399650546474,11868908,10671515,3528,1134342,43926,18765650
1790108399768557635,11869660,10671657,3528,1134897,43979,18765650
1790108399886676716,11870417,10671735,3528,1135531,44019,18765650
1790108400003661812,11871164,10671803,3528,1136209,44019,18765650
1790108400117581560,11871890,10671885,3528,1136818,44052,18765650
1790108400235679846,11872640,10671991,3528,1137411,44105,18765650
1790108400353619957,11873397,10672107,3528,1138012,44139,18765650
1790108400472008632,11874153,10672188,3528,1138631,44196,18765650
1790108400589996870,11874904,10672293,3528,1139227,44246,18765650
1790108400705843273,11875643,10672401,3528,1139797,44305,18765650
1790108400823938686,11876397,10672464,3528,1140461,44330,18765650
1790108400938188347,11877134,10672508,3528,1141125,44343,18765650
1790108401054536653,11877876,10672610,3528,1141705,44400,18765650
1790108401172518728,11878622,10672701,3528,1142325,44441,18765650
1790108401287817773,11879352,10672826,3528,1142933,44445,18765650
1790108401404365708,11880105,10672946,3528,1143551,44445,18765650
1790108401522456639,11880867,10673115,3528,1144131,44445,18765650
1790108401640625283,11881621,10673267,3528,1144730,44445,18765650
1790108401754355431,11882349,10673288,3528,1145436,44445,18765650
1790108401868798222,11883084,10673379,3528,1146076,44446,18765650
1790108401986699935,11883837,10673501,3528,1146698,44446,18765650
1790108402104576976,11884588,10673635,3528,1147314,44447,18765650
1790108402222465174,11885344,10673803,3528,1147896,44448,18765650
1790108402340180572,11886088,10673935,3528,1148513,44450,18765650
1790108402457144590,11886834,10674018,3528,1149173,44450,18765650
1790108402574501547,11887579,10674089,3528,1149848,44450,18765650
1790108402688436132,11888306,10674180,3528,1150481,44451,18765650
1790108402806397690,11889058,10674328,3528,1151084,44451,18765650
1790108402924603930,11889803,10674489,3528,1151675,44452,18765650
1790108403040598123,11890540,10674587,3528,1152313,44452,18765650
1790108403158395434,11891303,10674761,3528,1152890,44452,18765650
1790108403275067066,11892047,10674887,3528,1153508,44452,18765650
1790108403392826533,11892808,10674970,3528,1154176,44452,18765650
1790108403506759408,11893531,10675041,3528,1154823,44454,18765650
1790108403623600951,11894276,10675124,3528,1155485,44454,18765650
1790108403740296769,11895035,10675274,3528,1156078,44454,18765650
1790108403856993515,11895775,10675392,3528,1156702,44454,18765650
1790108403974768474,11896532,10675546,3528,1157296,44455,18765650
1790108404090282643,11897265,10675647,3528,1157928,44456,18765650
1790108404206809575,11898009,10675773,3528,1158541,44456,18765650
1790108404320628587,11898747,10675818,3528,1159223,44456,18765650
1790108404435450091,11899488,10675952,3528,1159821,44456,18765650
1790108404553366146,11900239,10676073,3528,1160451,44456,18765650
1790108404672337525,11901001,10676217,3528,1161062,44456,18765650
1790108404789067193,11901743,10676394,3528,1161630,44456,18765650
1790108404906705417,11902505,10676516,3528,1162250,44458,18765650
1790108405024781891,11903259,10676632,3528,1162884,44458,18765650
1790108405139131029,11903993,10676664,3528,1163584,44458,18765650
1790108405253662920,11904722,10676743,3528,1164227,44459,18765650
1790108405371771789,11905468,10676867,3528,1164853,44459,18765650
1790108405489684122,11906218,10676998,3528,1165471,44460,18765650
1790108405607614130,11906973,10677146,3528,1166073,44460,18765650
1790108405725592881,11907731,10677305,3528,1166666,44461,18765650
1790108405841168175,11908463,10677411,3528,1167295,44461,18765650
1790108405957127063,11909203,10677504,3528,1167942,44461,18765650
1790108406071149071,11909937,10677591,3528,1168578,44462,18765650
1790108406189186623,11910693,10677725,3528,1169195,44462,18765650
1790108406306907406,11911441,10677878,3528,1169791,44464,18765650
1790108406424282291,11912197,10677969,3528,1170444,44464,18765650
1790108406542691919,11912940,10678112,3528,1171055,44465,18765650
1790108406659499105,11913680,10678216,3528,1171689,44466,18765650
1790108406777452684,11914438,10678303,3528,1172355,44466,18765650
1790108406891134669,11915171,10678375,3528,1173007,44466,18765650
1790108407008592734,11915931,10678450,3528,1173678,44466,18765650
1790108407125960163,11916686,10678608,3528,1174268,44467,18765650
1790108407243522524,11917441,10678738,3528,1174883,44467,18765650
1790108407361518610,11918198,10678919,3528,1175453,44467,18765650
1790108407479186888,11918944,10679047,3528,1176074,44468,18765650
1790108407596717390,11919694,10679174,3528,1176690,44469,18765650
1790108407710556940,11920428,10679232,3528,1177361,44469,18765650
1790108407827750772,11921181,10679342,3528,1177993,44470,18765650
1790108407945638887,11921933,10679445,3528,1178640,44470,18765650
1790108408059368939,11922657,10679510,3528,1179300,44471,18765650
1790108408177210997,11923412,10679596,3528,1179965,44471,18765650
1790108408294978171,11924162,10679682,3528,1180631,44471,18765650
1790108408408873910,11924896,10679768,3528,1181269,44471,18765650
1790108408526819187,11925644,10679917,3528,1181864,44472,18765650
1790108408640677713,11926374,10679950,3528,1182559,44472,18765650
1790108408755010006,11927098,10680044,3528,1183195,44473,18765650
1790108408872315836,11927853,10680175,3528,1183809,44473,18765650
1790108408986154777,11928578,10680204,3528,1184506,44473,18765650
1790108409101343660,11929310,10680331,3528,1185110,44475,18765650
1790108409219203500,11930072,10680437,3528,1185755,44475,18765650
1790108409333024885,11930796,10680506,3528,1186411,44475,18765650
1790108409450551598,11931545,10680624,3528,1187036,44475,18765650
1790108409573558019,11932333,10680703,3528,1187742,44475,18765650
1790108409687730514,11933066,10680779,3528,1188390,44477,18765650
1790108409805927629,11933822,10680899,3528,1189026,44478,18765650
1790108409920282049,11934558,10680932,3528,1189721,44478,18765650
1790108410034354651,11935288,10681010,3528,1190368,44478,18765650
1790108410152158191,11936037,10681133,3528,1190995,44478,18765650
1790108410265775326,11936757,10681159,3528,1191691,44478,18765650
1790108410380960799,11937492,10681310,3528,1192276,44479,18765650
1790108410498886702,11938245,10681428,3528,1192909,44479,18765650
1790108410612412135,11938981,10681517,3528,1193540,44479,18765650
1790108410729809604,11939708,10681733,3528,1194056,44487,18765650
1790108410847989194,11940447,10682001,3528,1194518,44502,18765650
1790108410962242384,11941160,10682242,3528,1194977,44515,18765650
1790108411078369835,11941890,10682467,3528,1195419,44572,18765650
1790108411197133864,11942630,10682639,3528,1195569,45004,18765650
1790108411312582677,11943352,10682879,3528,1196040,45018,18765650
1790108411427204555,11944081,10683147,3528,1196477,45029,18765650
1790108411546067373,11944848,10683389,3528,1196971,45038,18765650
1790108411660418020,11945601,10683617,3528,1197444,45052,18765650
1790108411777197138,11946316,10683870,3528,1197910,45064,18765650
1790108411892024715,11947047,10684100,3528,1198388,45076,18765650
1790108412006191487,11947753,10684350,3528,1198838,45090,18765650
1790108412120227998,11948495,10684622,3528,1199267,45104,18765650
1790108412238147895,11949221,10684874,3528,1199745,45114,18765650
1790108412353854241,11949974,10685126,3528,1200210,45124,18765650
1790108412469497988,11950725,10685378,3528,1200672,45135,18765650
1790108412582846020,11951433,10685637,3528,1201109,45150,18765650
1790108412699420705,11952178,10685905,3528,1201554,45165,18765650
1790108412816530814,11952921,10686210,3528,1201971,45178,18765650
1790108412932611647,11953621,10686455,3528,1202442,45188,18765650
1790108413048423386,11954339,10686710,3528,1202900,45201,18765650
1790108413162884684,11955068,10686949,3528,1203365,45214,18765650
1790108413278219168,11955785,10687206,3528,1203817,45226,18765650
1790108413393031513,11956505,10687441,3528,1204212,45316,18765650
1790108413508010971,11957239,10687691,3528,1204668,45333,18765650
1790108413624873932,11957953,10687920,3528,1205160,45343,18765650
1790108413739573453,11958650,10688179,3528,1205605,45358,18765650
1790108413853864483,11959366,10688423,3528,1206066,45370,18765650
1790108413967631443,11960074,10688660,3528,1206520,45391,18765650
1790108414081788837,11960792,10688910,3528,1206969,45404,18765650
1790108414197474569,11961522,10689171,3528,1207421,45416,18765650
1790108414312117749,11962223,10689409,3528,1207893,45427,18765650
1790108414428161377,11962942,10689650,3528,1208363,45441,18765650
1790108414543872781,11963662,10689902,3528,1208828,45452,18765650
1790108414659713955,11964401,10690183,3528,1209262,45460,18765650
1790108414775677639,11965136,10690438,3528,1209721,45475,18765650
1790108414890893255,11965869,10690722,3528,1210142,45490,18765650
1790108415006911789,11966578,10690959,3528,1210617,45505,18765650
1790108415124864523,11967321,10691203,3528,1211102,45515,18765650
1790108415240112421,11968042,10691475,3528,1211535,45533,18765650
1790108415356005211,11968767,10691720,3528,1211998,45549,18765650
1790108415471291808,11969505,10691932,3528,1212418,45640,18765650
1790108415587462415,11970193,10692189,3528,1212876,45652,18765650
1790108415704914631,11970928,10692480,3528,1213308,45668,18765650
1790108415820080683,11971646,10692728,3528,1213768,45681,18765650
1790108415936092616,11972361,10692954,3528,1214251,45697,18765650
1790108416052976398,11973076,10693221,3528,1214703,45712,18765650
1790108416168408822,11973810,10693473,3528,1215158,45727,18765650
1790108416283601940,11974526,10693758,3528,1215580,45740,18765650
1790108416400621517,11975277,10693989,3528,1216073,45751,18765650
1790108416518865435,11976008,10694248,3528,1216542,45762,18765650
1790108416632850537,11976718,10694491,3528,1217001,45775,18765650
1790108416749391926,11977432,10694786,3528,1217425,45788,18765650
1790108416864579509,11978163,10695050,3528,1217789,45885,18765650
1790108416980426965,11978902,10695301,3528,1218246,45899,18765650
1790108417097951066,11979643,10695541,3528,1218729,45911,18765650
1790108417214719315,11980387,10695777,3528,1219219,45919,18765650
1790108417330287254,11981117,10696012,3528,1219695,45930,18765650
1790108417444794896,11981846,10696244,3528,1220167,45943,18765650
1790108417560559382,11982573,10696486,3528,1220636,45958,18765650
1790108417674361942,11983295,10696756,3528,1221067,45968,18765650
1790108417791535523,11984033,10697036,3528,1221516,45977,18765650
1790108417910038703,11984762,10697281,3528,1222000,45990,18765650
1790108418024686283,11985467,10697535,3528,1222448,46006,18765650
1790108418139071026,11986191,10697795,3528,1222891,46018,18765650
1790108418254006221,11986919,10698037,3528,1223356,46032,18765650
1790108418370015108,11987634,10698277,3528,1223825,46048,18765650
1790108418484403649,11988387,10698533,3528,1224278,46056,18765650
1790108418598069560,11989101,10698789,3528,1224725,46069,18765650
1790108418712393231,11989798,10699026,3528,1225194,46081,18765650
1790108418826174498,11990491,10699263,3528,1225652,46095,18765650
1790108418940840675,11991190,10699515,3528,1226104,46108,18765650
1790108419057775520,11991930,10699757,3528,1226508,46196,18765650
1790108419173935119,11992643,10700012,3528,1226967,46210,18765650
1790108419290592829,11993366,10700234,3528,1227465,46220,18765650
1790108419406371739,11994096,10700468,3528,1227945,46233,18765650
1790108419524106804,11994850,10700741,3528,1228394,46247,18765650
1790108419637990784,11995582,10700975,3528,1228861,46260,18765650
1790108419754550868,11996321,10701229,3528,1229324,46272,18765650
1790108419870485694,11997061,10701511,3528,1229751,46290,18765650
1790108419987420597,11997792,10701794,3528,1230195,46298,18765650
1790108420104956732,11998532,10702039,3528,1230674,46310,18765650
1790108420220090899,11999232,10702275,3528,1231142,46327,18765650
1790108420335622861,11999960,10702507,3528,1231619,46343,18765650
1790108420449320495,12000680,10702772,3528,1232050,46355,18765650
1790108420565546151,12001407,10703042,3528,1232494,46369,18765650
1790108420682443269,12002126,10703269,3528,1232999,46376,18765650
1790108420797066950,12002869,10703521,3528,1233450,46388,18765650
1790108420911399089,12003613,10703780,3528,1233897,46398,18765650
1790108421026413244,12004323,10704023,3528,1234360,46409,18765650
1790108421140811715,12005019,10704253,3528,1234764,46493,18765650
1790108421255570898,12005739,10704523,3528,1235205,46504,18765650
1790108421371056871,12006491,10704792,3528,1235653,46511,18765650
1790108421485366115,12007217,10705056,3528,1236095,46522,18765650
1790108421600222903,12007950,10705313,3528,1236546,46535,18765650
1790108421715979826,12008655,10705548,3528,1237024,46546,18765650
1790108421831065700,12009367,10705800,3528,1237476,46562,18765650
1790108421946122505,12010079,10706068,3528,1237910,46582,18765650
1790108422062155617,12010804,10706313,3528,1238380,46593,18765650
1790108422179832236,12011545,10706555,3528,1238867,46604,18765650
1790108422295428453,12012274,10706806,3528,1239325,46616,18765650
1790108422411805387,12013018,10707047,3528,1239802,46627,18765650
1790108422527297499,12013744,10707290,3528,1240185,46726,18765650
1790108422642168935,12014455,10707560,3528,1240624,46737,18765650
1790108422758035083,12015177,10707801,3528,1241107,46747,18765650
1790108422872814428,12015900,10708058,3528,1241547,46762,18765650
1790108422988499961,12016623,10708305,3528,1242013,46773,18765650
1790108423102634736,12017350,10708618,3528,1242409,46784,18765650
1790108423217355880,12018056,10708883,3528,1242847,46797,18765650
1790108423332712805,12018788,10709189,3528,1243255,46807,18765650
1790108423449735887,12019549,10709491,3528,1243681,46816,18765650
1790108423564684737,12020262,10709765,3528,1244116,46828,18765650
1790108423680011461,12020951,10710014,3528,1244573,46841,18765650
1790108423796061167,12021671,10710278,3528,1245020,46856,18765650
1790108423909319144,12022369,10710526,3528,1245472,46870,18765650
1790108424023915438,12023083,10710790,3528,1245912,46880,18765650
1790108424138941459,12023802,10711028,3528,1246390,46891,18765650
1790108424258991860,12024543,10711291,3528,1246865,46901,18765650
1790108424374613064,12025286,10711521,3528,1247344,46916,18765650
1790108424489708565,12026009,10711785,3528,1247789,46927,18765650
1790108424605327152,12026758,10712043,3528,1248240,46941,18765650
1790108424724015659,12027505,10712287,3528,1248648,47034,18765650
1790108424839127796,12028230,10712565,3528,1249082,47044,18765650
1790108424953180693,12028969,10712813,3528,1249543,47052,18765650
1790108425068721687,12029701,10713039,3528,1250031,47063,18765650
1790108425182311364,12030421,10713273,3528,1250496,47077,18765650
1790108425302841726,12031193,10713523,3528,1250984,47092,18765650
1790108425417945602,12031914,10713786,3528,1251430,47105,18765650
1790108425532320965,12032628,10714046,3528,1251867,47120,18765650
1790108425649037354,12033348,10714278,3528,1252356,47131,18765650
1790108425764050062,12034079,10714512,3528,1252833,47144,18765650
1790108425878179151,12034781,10714782,3528,1253264,47156,18765650
1790108425992682537,12035523,10715023,3528,1253724,47171,18765650
1790108426107232546,12036248,10715248,3528,1254128,47262,18765650
1790108426221908856,12036962,10715517,3528,1254561,47278,18765650
1790108426338015110,12037688,10715747,3528,1255047,47290,18765650
1790108426453331351,12038399,10715983,3528,1255517,47306,18765650
1790108426569472288,12039132,10716218,3528,1255998,47318,18765650
1790108426684210064,12039827,10716471,3528,1256444,47336,18765650
1790108426801200601,12040553,10716741,3528,1256893,47348,18765650
1790108426916423882,12041280,10716991,3528,1257352,47359,18765650
1790108427030946405,12041995,10717237,3528,1257816,47370,18765650
1790108427146033758,12042711,10717482,3528,1258277,47383,18765650
1790108427260786546,12043438,10717716,3528,1258749,47399,18765650
1790108427376307699,12044180,10717969,3528,1259203,47414,18765650
1790108427492026996,12044914,10718209,3528,1259679,47428,18765650
1790108427607012010,12045636,10718459,3528,1260131,47440,18765650
1790108427721350459,12046333,10718707,3528,1260593,47451,18765650
1790108427838720990,12047053,10718961,3528,1261062,47462,18765650
1790108427953631180,12047776,10719224,3528,1261504,47475,18765650
1790108428068299399,12048510,10719472,3528,1261965,47488,18765650
1790108428182242256,12049227,10719704,3528,1262358,47579,18765650
1790108428297503220,12049940,10719947,3528,1262817,47593,18765650
1790108428414076037,12050670,10720171,3528,1263310,47606,18765650
1790108428530023087,12051387,10720425,3528,1263776,47618,18765650
1790108428645211281,12052116,10720664,3528,1264240,47630,18765650
1790108428759645955,12052829,10720911,3528,1264701,47642,18765650
1790108428874914026,12053566,10721146,3528,1265178,47651,18765650
1790108428991083391,12054290,10721399,3528,1265636,47666,18765650
1790108429107233009,12055010,10721646,3528,1266107,47680,18765650
1790108429225090142,12055772,10721913,3528,1266568,47689,18765650
1790108429338712167,12056477,10722151,3528,1267027,47705,18765650
1790108429453773050,12057186,10722406,3528,1267476,47721,18765650
1790108429569162269,12057910,10722661,3528,1267930,47734,18765650
1790108429690391522,12058669,10722927,3528,1268336,47824,18765650
1790108429807319998,12059409,10723175,3528,1268811,47835,18765650
1790108429924211237,12060131,10723410,3528,1269295,47847,18765650
1790108430039485175,12060862,10723650,3528,1269762,47861,18765650
1790108430153769819,12061582,10723928,3528,1270192,47874,18765650
1790108430268998936,12062300,10724171,3528,1270656,47888,18765650
1790108430385345095,12063023,10724432,3528,1271113,47901,18765650
1790108430500512755,12063749,10724659,3528,1271596,47910,18765650
1790108430613883533,12064467,10724887,3528,1272062,47925,18765650
1790108430730083285,12065212,10725123,3528,1272543,47934,18765650
1790108430844466325,12065949,10725358,3528,1273015,47948,18765650
1790108430958005839,12066666,10725618,3528,1273451,47958,18765650
1790108431074425997,12067423,10725896,3528,1273888,47971,18765650
1790108431190212772,12068136,10726150,3528,1274345,47986,18765650
1790108431308963361,12068888,10726398,3528,1274831,48000,18765650
1790108431423654442,12069603,10726640,3528,1275296,48011,18765650
1790108431539211715,12070337,10726889,3528,1275759,48020,18765650
1790108431653929561,12071044,10727143,3528,1276207,48037,18765650
1790108431768187624,12071758,10727406,3528,1276568,48131,18765650
1790108431882992703,12072468,10727671,3528,1277009,48143,18765650
1790108431999220437,12073192,10727906,3528,1277493,48153,18765650
1790108432116637528,12073900,10728164,3528,1277957,48168,18765650
1790108432231490953,12074605,10728410,3528,1278417,48180,18765650
1790108432348118363,12075319,10728659,3528,1278882,48196,18765650
1790108432464153679,12076060,10728904,3528,1279353,48206,18765650
1790108432579620808,12076800,10729211,3528,1279760,48218,18765650
1790108432697343626,12077530,10729459,3528,1280240,48227,18765650
1790108432811610440,12078264,10729698,3528,1280705,48239,18765650
1790108432927209343,12078988,10729939,3528,1281177,48252,18765650
1790108433041494855,12079693,10730189,3528,1281630,48263,18765650
1790108433156289544,12080401,10730425,3528,1282100,48274,18765650
1790108433272538310,12081129,10730672,3528,1282567,48288,18765650
1790108433386473492,12081846,10730917,3528,1283022,48303,18765650
1790108433503509950,12082555,10731150,3528,1283507,48318,18765650
1790108433619643032,12083282,10731389,3528,1283981,48334,18765650
1790108433735005763,12084003,10731642,3528,1284437,48347,18765650
1790108433850028930,12084746,10731875,3528,1284836,48438,18765650
1790108433964195103,12085466,10732131,3528,1285283,48449,18765650
1790108434078953551,12086186,10732353,3528,1285767,48461,18765650
1790108434194318590,12086885,10732606,3528,1286221,48476,18765650
1790108434309268451,12087599,10732851,3528,1286682,48491,18765650
1790108434425094764,12088323,10733093,3528,1287155,48502,18765650
1790108434540938673,12089048,10733337,3528,1287624,48515,18765650
1790108434656980158,12089758,10733587,3528,1288089,48526,18765650
1790108434773315276,12090485,10733834,3528,1288562,48537,18765650
1790108434890118954,12091233,10734080,3528,1289037,48549,18765650
1790108435005785148,12091945,10734331,3528,1289494,48562,18765650
1790108435122308392,12092686,10734582,3528,1289966,48572,18765650
1790108435236042812,12093399,10734836,3528,1290412,48582,18765650
1790108435352132725,12094128,10735091,3528,1290873,48592,18765650
1790108435466152338,12094858,10735315,3528,1291360,48603,18765650
1790108435581316562,12095603,10735560,3528,1291821,48612,18765650
1790108435695984116,12096307,10735811,3528,1292269,48631,18765650
1790108435811774534,12097035,10736058,3528,1292733,48648,18765650
1790108435927294869,12097775,10736287,3528,1293173,48702,18765650
1790108436042758893,12098515,10736525,3528,1293604,48754,18765650
1790108436157061758,12099220,10736764,3528,1294077,48763,18765650
1790108436272665223,12099930,10737003,3528,1294551,48775,18765650
1790108436390714465,12100658,10737253,3528,1295025,48788,18765650
1790108436506333355,12101392,10737492,3528,1295488,48811,18765650
1790108436622038831,12102117,10737752,3528,1295936,48825,18765650
1790108436736954923,12102823,10738004,3528,1296389,48840,18765650
1790108436854095971,12103561,10738241,3528,1296875,48850,18765650
1790108436969487641,12104264,10738489,3528,1297335,48865,18765650
1790108437084542835,12104978,10738757,3528,1297779,48876,18765650
1790108437198619909,12105683,10739021,3528,1298210,48895,18765650
1790108437314470110,12106406,10739257,3528,1298688,48907,18765650
1790108437429293062,12107133,10739487,3528,1299088,48996,18765650
1790108437544135518,12107850,10739740,3528,1299549,49008,18765650
1790108437664518355,12108608,10739992,3528,1300032,49022,18765650
1790108437778677286,12109332,10740230,3528,1300502,49029,18765650
1790108437893016031,12110076,10740468,3528,1300968,49042,18765650
1790108438008360611,12110816,10740713,3528,1301430,49056,18765650
1790108438122380960,12111534,10740952,3528,1301890,49072,18765650
1790108438237390058,12112261,10741242,3528,1302309,49083,18765650
1790108438355396486,12112983,10741500,3528,1302782,49093,18765650
1790108438469049533,12113720,10741742,3528,1303238,49107,18765650
1790108438584815471,12114459,10742000,3528,1303694,49118,18765650
1790108438700172136,12115168,10742245,3528,1304162,49130,18765650
1790108438815982765,12115880,10742489,3528,1304631,49142,18765650
1790108438932236194,12116606,10742751,3528,1305078,49158,18765650
1790108439050691490,12117350,10742986,3528,1305576,49168,18765650
1790108439165978446,12118071,10743242,3528,1306033,49181,18765650
1790108439279974653,12118765,10743491,3528,1306483,49193,18765650
1790108439395297116,12119493,10743732,3528,1306950,49206,18765650
1790108439510944156,12120237,10743975,3528,1307349,49294,18765650
1790108439625238984,12120954,10744261,3528,1307769,49305,18765650
1790108439741205358,12121705,10744509,3528,1308235,49316,18765650
1790108439858318036,12122432,10744765,3528,1308698,49330,18765650
1790108439973801486,12123130,10744999,3528,1309175,49343,18765650
1790108440088620505,12123840,10745241,3528,1309635,49357,18765650
1790108440201945657,12124551,10745498,3528,1310073,49372,18765650
1790108440317773408,12125274,10745770,3528,1310513,49387,18765650
1790108440434040377,12126007,10746008,3528,1310993,49399,18765650
1790108440550801910,12126737,10746275,3528,1311445,49411,18765650
1790108440666944022,12127460,10746518,3528,1311917,49424,18765650
1790108440782877645,12128199,10746776,3528,1312373,49437,18765650
1790108440898164391,12128912,10747017,3528,1312816,49474,18765650
1790108441015155195,12129660,10747292,3528,1313206,49543,18765650
1790108441128989321,12130391,10747549,3528,1313655,49552,18765650
1790108441246674265,12131140,10747795,3528,1314132,49565,18765650
1790108441360929385,12131858,10748055,3528,1314577,49576,18765650
1790108441476865682,12132597,10748307,3528,1315040,49588,18765650
1790108441590478447,12133300,10748558,3528,1315487,49601,18765650
1790108441705622317,12134047,10748823,3528,1315935,49612,18765650
1790108441818589212,12134752,10749064,3528,1316393,49621,18765650
1790108441933185946,12135492,10749319,3528,1316848,49630,18765650
1790108442047409964,12136219,10749559,3528,1317308,49645,18765650
1790108442162869506,12136951,10749799,3528,1317778,49660,18765650
1790108442277896734,12137674,10750039,3528,1318240,49678,18765650
1790108442393919407,12138405,10750287,3528,1318704,49693,18765650
1790108442508208540,12139125,10750516,3528,1319178,49704,18765650
1790108442624146344,12139860,10750768,3528,1319637,49719,18765650
1790108442738940687,12140613,10751037,3528,1320078,49728,18765650
1790108442855830924,12141326,10751278,3528,1320557,49739,18765650
1790108442972092278,12142041,10751510,3528,1321033,49756,18765650
1790108443086506705,12142768,10751751,3528,1321423,49845,18765650
1790108443201723461,12143492,10751989,3528,1321896,49857,18765650
1790108443322403480,12144258,10752248,3528,1322382,49871,18765650
1790108443438438005,12144975,10752493,3528,1322853,49881,18765650
1790108443552833402,12145680,10752744,3528,1323303,49893,18765650
1790108443668170982,12146420,10752983,3528,1323775,49905,18765650
1790108443784464706,12147138,10753253,3528,1324222,49919,18765650
1790108443898501659,12147846,10753507,3528,1324667,49935,18765650
1790108444020364450,12148604,10753752,3528,1325171,49950,18765650
1790108444136460470,12149332,10753989,3528,1325640,49966,18765650
1790108444250440050,12150044,10754252,3528,1326075,49983,18765650
1790108444366841482,12150757,10754492,3528,1326558,49990,18765650
1790108444483645335,12151474,10754725,3528,1327045,50001,18765650
1790108444598873099,12152203,10754968,3528,1327514,50010,18765650
1790108444719826248,12152983,10755227,3528,1328004,50020,18765650
1790108444836606596,12153741,10755450,3528,1328504,50027,18765650
1790108444950977434,12154471,10755682,3528,1328972,50042,18765650
1790108445067100453,12155217,10755943,3528,1329427,50052,18765650
1790108445182405639,12155922,10756155,3528,1329846,50144,18765650
1790108445298180134,12156634,10756421,3528,1330294,50155,18765650
1790108445412405629,12157358,10756983,3528,1330442,50164,18789970
1790108445527395312,12158094,10757447,3528,1330700,50167,18800338
1790108445643579240,12158837,10757580,3528,1331305,50167,18800338
1790108445761508052,12159588,10757692,3528,1331944,50168,18800338
1790108445875046686,12160301,10757797,3528,1332561,50169,18800338
1790108445993056291,12161055,10757942,3528,1333167,50169,18800338
1790108446106875972,12161782,10757996,3528,1333840,50169,18800338
1790108446220858642,12162524,10758082,3528,1334479,50169,18800338
1790108446338823551,12163273,10758225,3528,1335085,50170,18800338
1790108446452752623,12163999,10758260,3528,1335772,50170,18800338
1790108446568331404,12164745,10758399,3528,1336370,50170,18800338
1790108446686381170,12165499,10758498,3528,1337023,50170,18800338
1790108446800159531,12166228,10758564,3528,1337682,50170,18800338
1790108446918068398,12166976,10758653,3528,1338344,50171,18800338
1790108447035999643,12167733,10758728,3528,1339021,50171,18800338
1790108447150064713,12168469,10758810,3528,1339663,50171,18800338
1790108447267837772,12169221,10758968,3528,1340255,50172,18800338
1790108447382032205,12169951,10758990,3528,1340962,50172,18800338
1790108447497093826,12170690,10759084,3528,1341598,50172,18800338
1790108447613291086,12171440,10759228,3528,1342191,50173,18800338
1790108447727008842,12172161,10759257,3528,1342890,50173,18800338
1790108447843313445,12172909,10759380,3528,1343503,50175,18800338
1790108447961397125,12173661,10759452,3528,1344183,50175,18800338
1790108448075069789,12174389,10759519,3528,1344842,50175,18800338
1790108448192890891,12175140,10759607,3528,1345504,50175,18800338
1790108448308794428,12175882,10759686,3528,1346158,50175,18800338
1790108448422485976,12176602,10759767,3528,1346801,50176,18800338
1790108448540577085,12177356,10759892,3528,1347426,50177,18800338
1790108448654860104,12178086,10759918,3528,1348133,50177,18800338
1790108448772889234,12178833,10760033,3528,1348766,50178,18800338
1790108448888523309,12179574,10760133,3528,1349399,50178,18800338
1790108449006465039,12180321,10760269,3528,1350012,50179,18800338
1790108449124470468,12181072,10760429,3528,1350602,50180,18800338
1790108449242176672,12181823,10760578,3528,1351199,50183,18800338
1790108449360241543,12182573,10760717,3528,1351812,50183,18800338
1790108449475533313,12183309,10760777,3528,1352485,50183,18800338
1790108449590483695,12184047,10760872,3528,1353121,50184,18800338
1790108449706557871,12184784,10760997,3528,1353734,50184,18800338
1790108449824228052,12185544,10761127,3528,1354353,50185,18800338
1790108449942331772,12186298,10761260,3528,1354971,50185,18800338
1790108450060005985,12187044,10761404,3528,1355575,50186,18800338
1790108450178043500,12187801,10761540,3528,1356190,50187,18800338
1790108450292784767,12188532,10761578,3528,1356880,50187,18800338
1790108450406566946,12189262,10761663,3528,1357519,50187,18800338
1790108450524474686,12190015,10761819,3528,1358113,50187,18800338
1790108450642152550,12190787,10762004,3528,1358678,50188,18800338
1790108450760123449,12191543,10762164,3528,1359269,50188,18800338
1790108450877909770,12192286,10762313,3528,1359870,50189,18800338
1790108450995114883,12193030,10762434,3528,1360494,50189,18800338
1790108451110349544,12193769,10762538,3528,1361123,50189,18800338
1790108451241864444,12194599,10762656,3528,1361843,50191,18800338
1790108451359582394,12195362,10762850,3528,1362392,50191,18800338
1790108451477646800,12196111,10762993,3528,1362998,50193,18800338
1790108451595532481,12196863,10763137,3528,1363607,50193,18800338
1790108451710057367,12197588,10763312,3528,1364159,50194,18800338
1790108451828330836,12198342,10763434,3528,1364789,50194,18800338
1790108451946228843,12199095,10763553,3528,1365420,50195,18800338
1790108452060114369,12199817,10763637,3528,1366061,50195,18800338
1790108452177988125,12200568,10763754,3528,1366694,50196,18800338
1790108452297324111,12201318,10763900,3528,1367305,50197,18800338
1790108452414566371,12202071,10763991,3528,1367959,50197,18800338
1790108452532430526,12202833,10764191,3528,1368508,50198,18800338
1790108452649046907,12203575,10764314,3528,1369129,50198,18800338
1790108452766878779,12204332,10764424,3528,1369770,50198,18800338
1790108452880927625,12205060,10764487,3528,1370433,50198,18800338
1790108452998567982,12205809,10764578,3528,1371088,50198,18800338
1790108453117563907,12206553,10764752,3528,1371669,50200,18800338
1790108453234810708,12207297,10764854,3528,1372316,50201,18800338
1790108453352672372,12208058,10765022,3528,1372893,50201,18800338
1790108453469596276,12208801,10765158,3528,1373500,50201,18800338
1790108453587506364,12209560,10765231,3528,1374178,50202,18800338
1790108453701429769,12210289,10765286,3528,1374848,50203,18800338
1790108453818889756,12211037,10765374,3528,1375511,50204,18800338
1790108453936847415,12211787,10765522,3528,1376113,50204,18800338
1790108454053505030,12212537,10765633,3528,1376739,50205,18800338
1790108454171437237,12213287,10765770,3528,1377353,50205,18800338
1790108454287912065,12214036,10765913,3528,1377953,50206,18800338
1790108454405918858,12214790,10766011,3528,1378606,50206,18800338
1790108454519717521,12215519,10766088,3528,1379248,50206,18800338
1790108454637850003,12216275,10766199,3528,1379894,50206,18800338
1790108454755687591,12217023,10766342,3528,1380497,50207,18800338
1790108454871837283,12217764,10766470,3528,1381110,50208,18800338
1790108454990062548,12218521,10766604,3528,1381726,50208,18800338
1790108455107228468,12219267,10766733,3528,1382343,50209,18800338
1790108455224138489,12220013,10766872,3528,1382947,50209,18800338
1790108455337916022,12220744,10766937,3528,1383608,50210,18800338
1790108455455391803,12221498,10767089,3528,1384200,50210,18800338
1790108455573232422,12222245,10767229,3528,1384811,50210,18800338
1790108455689799968,12222988,10767365,3528,1385415,50211,18800338
1790108455805048984,12223728,10767488,3528,1386027,50211,18800338
1790108455922822725,12224478,10767628,3528,1386635,50212,18800338
1790108456040672919,12225234,10767771,3528,1387237,50212,18800338
1790108456154477826,12225961,10767803,3528,1387933,50212,18800338
1790108456269647517,12226689,10767937,3528,1388528,50214,18800338
1790108456387585864,12227445,10768032,3528,1389184,50214,18800338
1790108456504412198,12228185,10768189,3528,1389770,50215,18800338
1790108456621612208,12228934,10768314,3528,1390389,50216,18800338
1790108456739181439,12229686,10768481,3528,1390969,50217,18800338
1790108456857088255,12230436,10768633,3528,1391568,50218,18800338
1790108456971474114,12231172,10768677,3528,1392252,50218,18800338
1790108457088441038,12231915,10768767,3528,1392905,50219,18800338
1790108457203481129,12232648,10768891,3528,1393513,50219,18800338
1790108457321612085,12233403,10769028,3528,1394126,50220,18800338
1790108457439514134,12234148,10769190,3528,1394714,50220,18800338
1790108457557539548,12234893,10769350,3528,1395302,50220,18800338
1790108457675448203,12235645,10769458,3528,1395949,50220,18800338
1790108457789701531,12236372,10769491,3528,1396640,50220,18800338
1790108457903734722,12237106,10769567,3528,1397288,50221,18800338
1790108458021765543,12237852,10769717,3528,1397889,50221,18800338
1790108458139906459,12238618,10769873,3528,1398489,50221,18800338
1790108458257738992,12239374,10769988,3528,1399119,50221,18800338
1790108458375646505,12240134,10770121,3528,1399736,50222,18800338
1790108458493446516,12240885,10770234,3528,1400375,50223,18800338
1790108458606421319,12241606,10770295,3528,1401032,50223,18800338
1790108458720203708,12242325,10770385,3528,1401666,50225,18800338
1790108458838074051,12243063,10770543,3528,1402258,50225,18800338
1790108458956024000,12243807,10770689,3528,1402860,50227,18800338
1790108459074072859,12244562,10770856,3528,1403444,50227,18800338
1790108459189227162,12245303,10771021,3528,1404011,50227,18800338
1790108459307335755,12246060,10771152,3528,1404631,50227,18800338
1790108459425161242,12246815,10771262,3528,1405272,50227,18800338
1790108459539138103,12247540,10771334,3528,1405924,50227,18800338
1790108459657128625,12248298,10771434,3528,1406578,50227,18800338
1790108459775736178,12249052,10771579,3528,1407186,50228,18800338
1790108459908371469,12249895,10771721,3528,1407884,50229,18800338
1790108460025238141,12250645,10771902,3528,1408444,50232,18800338
1790108460142749162,12251390,10772010,3528,1409079,50233,18800338
1790108460260626216,12252145,10772104,3528,1409737,50233,18800338
1790108460374759178,12252881,10772190,3528,1410376,50234,18800338
1790108460492587483,12253632,10772307,3528,1411011,50235,18800338
1790108460611094696,12254388,10772432,3528,1411640,50235,18800338
1790108460728865657,12255138,10772542,3528,1412281,50235,18800338
1790108460846284072,12255883,10772718,3528,1412849,50236,18800338
1790108460963120986,12256635,10772828,3528,1413481,50237,18800338
1790108461080918488,12257384,10772911,3528,1414150,50237,18800338
1790108461194963675,12258116,10772987,3528,1414798,50237,18800338
1790108461312434957,12258874,10773065,3528,1415466,50237,18800338
1790108461429155696,12259618,10773218,3528,1416056,50238,18800338
1790108461547001219,12260376,10773348,3528,1416677,50238,18800338
1790108461665056841,12261122,10773470,3528,1417305,50238,18800338
1790108461781746674,12261879,10773591,3528,1417921,50239,18800338
1790108461899890596,12262632,10773664,3528,1418606,50239,18800338
1790108462013805170,12263361,10773729,3528,1419266,50239,18800338
1790108462131865126,12264119,10773823,3528,1419922,50239,18800338
1790108462250551066,12264884,10773987,3528,1420510,50241,18800338
1790108462367951117,12265636,10774136,3528,1421108,50241,18800338
1790108462485884715,12266386,10774300,3528,1421695,50242,18800338
1790108462603035503,12267132,10774442,3528,1422295,50243,18800338
1790108462718907874,12267868,10774588,3528,1422888,50243,18800338
1790108462832755873,12268596,10774649,3528,1423548,50243,18800338
1790108462948009205,12269328,10774751,3528,1424182,50243,18800338
1790108463065997493,12270091,10774873,3528,1424799,50257,18800338
1790108463183854166,12270844,10774943,3528,1425426,50309,18800338
1790108463302053991,12271601,10775067,3528,1425999,50366,18800338
1790108463420123322,12272352,10775186,3528,1426580,50415,18800338
1790108463538041998,12273100,10775303,3528,1427173,50457,18800338
1790108463657389156,12273868,10775327,3528,1427908,50457,18800338
1790108463775471523,12274617,10775414,3528,1428527,50501,18800338
1790108463894220530,12275379,10775559,3528,1429091,50549,18800338
1790108464011930456,12276126,10775693,3528,1429665,50591,18800338
1790108464129930117,12276880,10775815,3528,1430253,50632,18800338
1790108464249463994,12277648,10775922,3528,1430856,50679,18800338
1790108464367571514,12278403,10776000,3528,1431472,50737,18800338
1790108464485546239,12279155,10776067,3528,1432153,50741,18800338
1790108464599461993,12279886,10776159,3528,1432765,50762,18800338
1790108464717554396,12280640,10776273,3528,1433365,50802,18800338
1790108464834684228,12281387,10776420,3528,1433914,50846,18800338
1790108464951760170,12282135,10776528,3528,1434517,50880,18800338
1790108465069580859,12282886,10776656,3528,1435116,50904,18800338
1790108465186073406,12283626,10776768,3528,1435747,50905,18800338
1790108465303846842,12284378,10776842,3528,1436424,50905,18800338
1790108465417871964,12285101,10776907,3528,1437083,50907,18800338
1790108465534297321,12285843,10777041,3528,1437688,50907,18800338
1790108465647736707,12286565,10777155,3528,1438294,50907,18800338
1790108465764320036,12287313,10777254,3528,1438938,50908,18800338
1790108465882163030,12288064,10777369,3528,1439576,50908,18800338
1790108465996293191,12288791,10777439,3528,1440231,50908,18800338
1790108466110021797,12289520,10777521,3528,1440873,50909,18800338
1790108466227909651,12290275,10777644,3528,1441501,50909,18800338
1790108466341752171,12291003,10777670,3528,1442195,50910,18800338
1790108466457773731,12291739,10777792,3528,1442810,50911,18800338
1790108466575500755,12292488,10777874,3528,1443478,50911,18800338
1790108466689210877,12293211,10777947,3528,1444130,50912,18800338
1790108466807552953,12293960,10778034,3528,1444794,50912,18800338
1790108466925343476,12294713,10778125,3528,1445455,50912,18800338
1790108467039342767,12295436,10778209,3528,1446095,50913,18800338
1790108467157053559,12296186,10778366,3528,1446687,50914,18800338
1790108467271035617,12296916,10778388,3528,1447393,50914,18800338
1790108467386036387,12297643,10778480,3528,1448031,50915,18800338
1790108467502810050,12298384,10778624,3528,1448624,50915,18800338
1790108467616568830,12299108,10778653,3528,1449325,50916,18800338
1790108467730670589,12299828,10778797,3528,1449901,50919,18800338
1790108467848546831,12300577,10778883,3528,1450566,50919,18800338
1790108467962390844,12301310,10778945,3528,1451229,50920,18800338
1790108468074598153,12302026,10779042,3528,1451845,50921,18800338
1790108468192614733,12302780,10779115,3528,1452525,50921,18800338
1790108468306479150,12303517,10779219,3528,1453146,50922,18800338
1790108468420212543,12304224,10779485,3528,1453582,50933,18800338
1790108468535626771,12304931,10779737,3528,1454044,50945,18800338
1790108468651003124,12305656,10779976,3528,1454512,50957,18800338
1790108468766783921,12306384,10780213,3528,1454987,50972,18800338
1790108468882127950,12307121,10780459,3528,1455448,50986,18800338
1790108468999419593,12307873,10780702,3528,1455780,51148,18800338
1790108469114655004,12308584,10780937,3528,1456260,51158,18800338
1790108469230655075,12309329,10781188,3528,1456728,51167,18800338
1790108469345434985,12310043,10781460,3528,1457158,51183,18800338
1790108469461177070,12310789,10781697,3528,1457633,51195,18800338
1790108469575164286,12311491,10781964,3528,1458068,51208,18800338
1790108469691027089,12312205,10782207,3528,1458470,51291,18800338
1790108469805681338,12312951,10782479,3528,1458903,51304,18800338
1790108469923925971,12313680,10782756,3528,1459357,51313,18800338
1790108470039151255,12314386,10783005,3528,1459818,51327,18800338
1790108470155708939,12315118,10783250,3528,1460292,51338,18800338
1790108470272166134,12315849,10783493,3528,1460763,51352,18800338
1790108470388572510,12316599,10783757,3528,1461217,51365,18800338
1790108470502402552,12317327,10784014,3528,1461663,51376,18800338
1790108470617992791,12318051,10784252,3528,1462136,51388,18800338
1790108470732080324,12318779,10784490,3528,1462600,51402,18800338
1790108470847188058,12319480,10784743,3528,1463050,51417,18800338
1790108470963097233,12320221,10784988,3528,1463514,51433,18800338
1790108471079542363,12320933,10785242,3528,1463976,51446,18800338
1790108471195351977,12321672,10785507,3528,1464430,51457,18800338
1790108471315970607,12322430,10785751,3528,1464929,51469,18800338
1790108471431461594,12323115,10786003,3528,1465380,51485,18800338
1790108471545557107,12323836,10786249,3528,1465830,51502,18800338
1790108471660114855,12324556,10786489,3528,1466294,51515,18800338
1790108471774421991,12325250,10786720,3528,1466765,51529,18800338
1790108471891389027,12325984,10786967,3528,1467170,51611,18800338
1790108472006858728,12326721,10787211,3528,1467642,51622,18800338
1790108472122387606,12327447,10787462,3528,1468103,51636,18800338
1790108472241815018,12328191,10787716,3528,1468580,51649,18800338
1790108472357212401,12328945,10787983,3528,1469027,51657,18800338
1790108472472309773,12329651,10788240,3528,1469483,51671,18800338
1790108472587026995,12330360,10788475,3528,1469952,51682,18800338
1790108472701884389,12331087,10788736,3528,1470396,51697,18800338
1790108472817197264,12331803,10789017,3528,1470830,51708,18800338
1790108472932754149,12332530,10789251,3528,1471307,51720,18800338
1790108473047422419,12333250,10789490,3528,1471776,51730,18800338
1790108473162065812,12333987,10789726,3528,1472244,51743,18800338
1790108473278139383,12334684,10789973,3528,1472716,51756,18800338
1790108473394094372,12335401,10790254,3528,1473152,51764,18800338
1790108473508940443,12336117,10790528,3528,1473589,51775,18800338
1790108473625403246,12336865,10790788,3528,1474046,51785,18800338
1790108473741224644,12337587,10791044,3528,1474500,51800,18800338
1790108473858083975,12338336,10791287,3528,1474976,51813,18800338
1790108473973362923,12339041,10791546,3528,1475395,51858,18800338
1790108474090332220,12339793,10791774,3528,1475846,51913,18800338
1790108474208132482,12340526,10792053,3528,1476294,51926,18800338
1790108474322973262,12341239,10792298,3528,1476761,51933,18800338
1790108474436973424,12341934,10792529,3528,1477228,51948,18800338
1790108474553316458,12342680,10792765,3528,1477708,51961,18800338
1790108474669625204,12343400,10793004,3528,1478183,51975,18800338
1790108474784031350,12344116,10793261,3528,1478631,51988,18800338
1790108474900661166,12344854,10793512,3528,1479102,51999,18800338
1790108475015116302,12345583,10793752,3528,1479563,52012,18800338
1790108475131122944,12346317,10794029,3528,1480006,52020,18800338
1790108475245734015,12347022,10794281,3528,1480457,52033,18800338
1790108475362148478,12347749,10794539,3528,1480912,52049,18800338
1790108475476873990,12348458,10794776,3528,1481310,52135,18800338
1790108475591858462,12349161,10795020,3528,1481776,52148,18800338
1790108475705645985,12349868,10795307,3528,1482192,52160,18800338
1790108475820939801,12350585,10795555,3528,1482651,52173,18800338
1790108475935594136,12351294,10795829,3528,1483076,52193,18800338
1790108476050570021,12352004,10796081,3528,1483527,52212,18800338
1790108476166791382,12352730,10796322,3528,1484004,52222,18800338
1790108476282358329,12353466,10796600,3528,1484443,52231,18800338
1790108476396332659,12354175,10796854,3528,1484890,52247,18800338
1790108476511203592,12354910,10797109,3528,1485342,52257,18800338
1790108476625106557,12355629,10797362,3528,1485789,52270,18800338
1790108476740400889,12356358,10797614,3528,1486245,52283,18800338
1790108476856441047,12357087,10797857,3528,1486721,52296,18800338
1790108476970952610,12357808,10798114,3528,1487169,52307,18800338
1790108477086353049,12358549,10798349,3528,1487650,52316,18800338
1790108477201864161,12359286,10798625,3528,1488088,52325,18800338
1790108477317223933,12360010,10798869,3528,1488554,52336,18800338
1790108477432220537,12360741,10799134,3528,1488997,52349,18800338
1790108477548372852,12361471,10799396,3528,1489453,52360,18800338
1790108477665117702,12362202,10799623,3528,1489868,52452,18800338
1790108477779685860,12362935,10799860,3528,1490342,52460,18800338
1790108477895035083,12363658,10800103,3528,1490808,52471,18800338
1790108478010694597,12364378,10800339,3528,1491279,52487,18800338
1790108478126416755,12365107,10800588,3528,1491743,52500,18800338
1790108478243395350,12365841,10800823,3528,1492228,52512,18800338
1790108478359875773,12366590,10801130,3528,1492639,52523,18800338
1790108478478057195,12367331,10801427,3528,1493071,52537,18800338
1790108478593754766,12368046,10801663,3528,1493546,52551,18800338
1790108478708852201,12368761,10801916,3528,1494001,52565,18800338
1790108478823897914,12369486,10802157,3528,1494465,52578,18800338
1790108478939527564,12370202,10802419,3528,1494912,52597,18800338
1790108479055530425,12370928,10802680,3528,1495296,52681,18800338
1790108479172727977,12371675,10802941,3528,1495760,52692,18800338
1790108479288195147,12372423,10803195,3528,1496215,52706,18800338
1790108479402590613,12373137,10803430,3528,1496678,52722,18800338
1790108479517362861,12373859,10803678,3528,1497132,52738,18800338
1790108479632580185,12374598,10803924,3528,1497592,52753,18800338
1790108479747628313,12375312,10804166,3528,1498064,52763,18800338
1790108479863315940,12376038,10804411,3528,1498529,52775,18800338
1790108479980717628,12376761,10804682,3528,1498978,52791,18800338
1790108480096330606,12377500,10804942,3528,1499428,52805,18800338
1790108480211195003,12378215,10805177,3528,1499900,52817,18800338
1790108480324220831,12378911,10805425,3528,1500346,52830,18800338
1790108480438843149,12379656,10805697,3528,1500782,52843,18800338
1790108480555439533,12380394,10805973,3528,1501230,52853,18800338
1790108480671657738,12381127,10806233,3528,1501683,52867,18800338
1790108480787915212,12381882,10806488,3528,1502140,52879,18800338
1790108480903775480,12382614,10806735,3528,1502608,52889,18800338
1790108481020156457,12383330,10806987,3528,1503069,52907,18800338
1790108481135844326,12384046,10807241,3528,1503528,52916,18800338
1790108481250748094,12384769,10807460,3528,1503935,53017,18800338
1790108481364382800,12385480,10807719,3528,1504373,53029,18800338
1790108481478938819,12386204,10807949,3528,1504847,53041,18800338
1790108481593520399,12386946,10808197,3528,1505304,53055,18800338
1790108481708413049,12387676,10808454,3528,1505751,53073,18800338
1790108481822361203,12388392,10808702,3528,1506198,53089,18800338
1790108481936971970,12389102,10808988,3528,1506620,53098,18800338
1790108482050099679,12389802,10809235,3528,1507075,53106,18800338
1790108482167806739,12390537,10809477,3528,1507556,53122,18800338
1790108482283375307,12391259,10809729,3528,1508009,53139,18800338
1790108482397968285,12392013,10809995,3528,1508455,53147,18800338
1790108482512141060,12392735,10810241,3528,1508908,53161,18800338
1790108482627868062,12393454,10810496,3528,1509362,53178,18800338
1790108482744526990,12394199,10810704,3528,1509799,53266,18800338
1790108482859903437,12394925,10810959,3528,1510252,53281,18800338
1790108482976780530,12395655,10811199,3528,1510727,53298,18800338
1790108483091939667,12396378,10811448,3528,1511186,53310,18800338
1790108483208060258,12397099,10811688,3528,1511665,53322,18800338
1790108483322940969,12397811,10811939,3528,1512121,53334,18800338
1790108483440834709,12398561,10812194,3528,1512594,53342,18800338
1790108483555311459,12399272,10812429,3528,1513067,53357,18800338
1790108483669623360,12399995,10812678,3528,1513518,53367,18800338
1790108483785530846,12400716,10812924,3528,1513986,53381,18800338
1790108483900551064,12401436,10813168,3528,1514442,53400,18800338
1790108484016811388,12402162,10813407,3528,1514920,53412,18800338
1790108484132775426,12402891,10813658,3528,1515386,53422,18800338
1790108484248497899,12403602,10813940,3528,1515818,53432,18800338
1790108484364081283,12404325,10814200,3528,1516272,53442,18800338
1790108484479148055,12405038,10814466,3528,1516717,53453,18800338
1790108484595050608,12405779,10814715,3528,1517179,53468,18800338
1790108484710866925,12406491,10814960,3528,1517645,53481,18800338
1790108484824990811,12407194,10815188,3528,1518051,53565,18800338
1790108484941381722,12407936,10815423,3528,1518538,53574,18800338
1790108485056905434,12408654,10815659,3528,1519012,53587,18800338
1790108485173223295,12409387,10815909,3528,1519476,53601,18800338
1790108485288295302,12410120,10816147,3528,1519946,53614,18800338
1790108485404103069,12410855,10816397,3528,1520413,53621,18800338
1790108485519071494,12411564,10816650,3528,1520870,53632,18800338
1790108485633915684,12412277,10816906,3528,1521329,53639,18800338
1790108485748030846,12412986,10817148,3528,1521785,53654,18800338
1790108485862460074,12413723,10817403,3528,1522236,53665,18800338
1790108485976422232,12414456,10817658,3528,1522686,53678,18800338
1790108486091689046,12415161,10817915,3528,1523137,53688,18800338
1790108486206403889,12415878,10818160,3528,1523600,53699,18800338
1790108486323388357,12416627,10818377,3528,1524032,53789,18800338
1790108486437673344,12417330,10818629,3528,1524484,53799,18800338
1790108486553801076,12418059,10818874,3528,1524955,53810,18800338
1790108486668951243,12418790,10819119,3528,1525419,53822,18800338
1790108486782761747,12419488,10819367,3528,1525873,53834,18800338
1790108486901340480,12420227,10819611,3528,1526356,53846,18800338
1790108487018099368,12420971,10819855,3528,1526839,53856,18800338
1790108487133560967,12421706,10820108,3528,1527294,53868,18800338
1790108487250072073,12422437,10820351,3528,1527771,53878,18800338
1790108487364710644,12423153,10820587,3528,1528244,53890,18800338
1790108487480613955,12423879,10820839,3528,1528704,53901,18800338
1790108487596696928,12424630,10821090,3528,1529169,53914,18800338
1790108487711929979,12425373,10821342,3528,1529630,53925,18800338
1790108487829322400,12426085,10821607,3528,1530088,53935,18800338
1790108487942972726,12426807,10821865,3528,1530534,53945,18800338
1790108488058366165,12427542,10822100,3528,1531005,53960,18800338
1790108488172553773,12428239,10822339,3528,1531472,53973,18800338
1790108488287452739,12428927,10822579,3528,1531935,53986,18800338
1790108488402918273,12429656,10822820,3528,1532323,54081,18800338
1790108488518521361,12430399,10823044,3528,1532815,54092,18800338
1790108488634964795,12431124,10823292,3528,1533285,54105,18800338
1790108488749460414,12431859,10823550,3528,1533734,54115,18800338
1790108488864731487,12432573,10823802,3528,1534192,54127,18800338
1790108488980873265,12433299,10824032,3528,1534673,54144,18800338
1790108489095490404,12434050,10824259,3528,1535154,54155,18800338
1790108489209113096,12434784,10824491,3528,1535627,54162,18800338
1790108489325079154,12435490,10824736,3528,1536097,54173,18800338
1790108489440004358,12436217,10824970,3528,1536570,54186,18800338
1790108489554816993,12436922,10825222,3528,1537027,54197,18800338
1790108489669553202,12437631,10825463,3528,1537488,54212,18800338
1790108489785102748,12438373,10825721,3528,1537941,54224,18800338
1790108489900782915,12439089,10825957,3528,1538424,54235,18800338
1790108490015352141,12439793,10826192,3528,1538892,54246,18800338
1790108490130230997,12440519,10826437,3528,1539355,54260,18800338
1790108490244464358,12441242,10826676,3528,1539815,54274,18800338
1790108490360629324,12441976,10826945,3528,1540257,54290,18800338
1790108490477513114,12442695,10827184,3528,1540738,54306,18800338
1790108490594628880,12443437,10827411,3528,1541150,54400,18800338
1790108490711413274,12444168,10827651,3528,1541625,54418,18800338
1790108490827105888,12444876,10827897,3528,1542086,54433,18800338
1790108490941275406,12445593,10828141,3528,1542544,54446,18800338
1790108491055566013,12446292,10828377,3528,1543011,54459,18800338
1790108491171713727,12447009,10828608,3528,1543492,54476,18800338
1790108491285750891,12447723,10828832,3528,1543974,54484,18800338
1790108491400863474,12448432,10829072,3528,1544443,54497,18800338
1790108491516625953,12449147,10829306,3528,1544922,54513,18800338
1790108491632035472,12449876,10829567,3528,1545370,54523,18800338
1790108491749021222,12450605,10829842,3528,1545819,54532,18800338
1790108491862753861,12451300,10830100,3528,1546261,54546,18800338
1790108491978917390,12452052,10830334,3528,1546689,54612,18800338
1790108492096738645,12452813,10830583,3528,1547171,54623,18800338
1790108492211399913,12453508,10830823,3528,1547635,54635,18800338
1790108492327786005,12454230,10831075,3528,1548101,54647,18800338
1790108492442589702,12454937,10831332,3528,1548549,54660,18800338
1790108492557044204,12455669,10831600,3528,1548989,54671,18800338
1790108492672833782,12456394,10831867,3528,1549437,54679,18800338
1790108492786939069,12457105,10832118,3528,1549896,54687,18800338
1790108492902589711,12457818,10832369,3528,1550354,54702,18800338
1790108493018071240,12458547,10832604,3528,1550830,54713,18800338
1790108493132611364,12459249,10832864,3528,1551280,54725,18800338
1790108493248377083,12459980,10833101,3528,1551749,54741,18800338
1790108493364113537,12460691,10833374,3528,1552189,54754,18800338
1790108493480276174,12461431,10833655,3528,1552627,54764,18800338
1790108493596314830,12462161,10833927,3528,1553075,54777,18800338
1790108493711551060,12462906,10834174,3528,1553537,54786,18800338
1790108493827177482,12463610,10834415,3528,1554007,54799,18800338
1790108493942755429,12464332,10834655,3528,1554479,54811,18800338
1790108494057562289,12465065,10834903,3528,1554933,54829,18800338
1790108494173992533,12465780,10835239,3528,1555319,54840,18800338
1790108494292297235,12466543,10835489,3528,1555804,54850,18800338
1790108494407410909,12467241,10835733,3528,1556262,54866,18800338
1790108494523094990,12467976,10835974,3528,1556733,54878,18800338
1790108494638681382,12468696,10836240,3528,1557180,54888,18800338
1790108494753409966,12469387,10836486,3528,1557641,54899,18800338
1790108494868728423,12470106,10836739,3528,1558097,54913,18800338
1790108494985918958,12470839,10836981,3528,1558580,54925,18800338
1790108495100850269,12471568,10837248,3528,1559014,54941,18800338
1790108495213692674,12472274,10837495,3528,1559461,54955,18800338
1790108495328387931,12472982,10837746,3528,1559914,54969,18800338
1790108495443570060,12473722,10837987,3528,1560382,54980,18800338
1790108495560433864,12474441,10838242,3528,1560849,54994,18800338
1790108495675623565,12475179,10838481,3528,1561321,55004,18800338
1790108495791497710,12475903,10838734,3528,1561775,55020,18800338
1790108495907936779,12476622,10838962,3528,1562260,55037,18800338
1790108496023107355,12477384,10839217,3528,1562714,55050,18800338
1790108496138402618,12478116,10839475,3528,1563171,55059,18800338
1790108496253421749,12478834,10839729,3528,1563627,55071,18800338
1790108496368817406,12479557,10839960,3528,1564105,55083,18800338
1790108496484180175,12480289,10840210,3528,1564568,55093,18800338
1790108496598415329,12480990,10840458,3528,1565023,55104,18800338
1790108496713710126,12481719,10840696,3528,1565490,55120,18800338
1790108496829422336,12482462,10840939,3528,1565960,55132,18800338
1790108496945360136,12483203,10841198,3528,1566417,55142,18800338
1790108497062237805,12483944,10841436,3528,1566909,55151,18800338
1790108497177611237,12484676,10841691,3528,1567358,55162,18800338
1790108497292307213,12485399,10841925,3528,1567835,55171,18800338
1790108497407299593,12486121,10842168,3528,1568302,55184,18800338
1790108497521960305,12486851,10842415,3528,1568760,55195,18800338
1790108497636645355,12487581,10842652,3528,1569232,55207,18800338
1790108497753776937,12488314,10842903,3528,1569706,55217,18800338
1790108497868505299,12489043,10843153,3528,1570163,55226,18800338
1790108497986096695,12489789,10843393,3528,1570645,55241,18800338
1790108498100901320,12490503,10843661,3528,1571085,55251,18800338
1790108498216664959,12491228,10843903,3528,1571560,55264,18800338
1790108498332879800,12491967,10844155,3528,1572024,55272,18800338
1790108498448453453,12492695,10844423,3528,1572478,55280,18800338
1790108498562387553,12493421,10844657,3528,1572941,55293,18800338
1790108498676692119,12494149,10844901,3528,1573402,55305,18800338
1790108498791922552,12494885,10845146,3528,1573866,55316,18800338
1790108498907384965,12495621,10845401,3528,1574322,55329,18800338
1790108499024539412,12496333,10845671,3528,1574774,55341,18800338
1790108499138953663,12497040,10845940,3528,1575212,55353,18800338
1790108499257365821,12497786,10846224,3528,1575661,55363,18800338
1790108499370433563,12498499,10846467,3528,1576113,55376,18800338
1790108499484806511,12499208,10846716,3528,1576571,55388,18800338
1790108499600697083,12499946,10846958,3528,1577043,55400,18800338
1790108499714653035,12500649,10847206,3528,1577492,55415,18800338
1790108499830885246,12501389,10847453,3528,1577961,55428,18800338
1790108499945768202,12502132,10847681,3528,1578445,55439,18800338
1790108500061533276,12502839,10847932,3528,1578907,55449,18800338
1790108500177771589,12503585,10848168,3528,1579389,55461,18800338
1790108500292231957,12504301,10848414,3528,1579845,55473,18800338
1790108500407064613,12505018,10848686,3528,1580287,55481,18800338
1790108500522221382,12505752,10848992,3528,1580688,55495,18800338
1790108500639825700,12506494,10849245,3528,1581168,55504,18800338
1790108500755921208,12507199,10849522,3528,1581603,55518,18800338
1790108500871047861,12507918,10849791,3528,1582045,55528,18800338
1790108500985383926,12508622,10850031,3528,1582509,55541,18800338
1790108501099962026,12509333,10850276,3528,1582965,55556,18800338
1790108501214760768,12510028,10850519,3528,1583430,55570,18800338
1790108501329772673,12510784,10850795,3528,1583861,55581,18800338
1790108501444192447,12511497,10851037,3528,1584324,55595,18800338
1790108501559898224,12512214,10851280,3528,1584789,55610,18800338
1790108501674031533,12512935,10851517,3528,1585256,55622,18800338
1790108501789487410,12513654,10851793,3528,1585690,55636,18800338
1790108501904404046,12514392,10852031,3528,1586162,55646,18800338
1790108502019024106,12515112,10852292,3528,1586611,55660,18800338
1790108502137880102,12515847,10852542,3528,1587090,55673,18800338
1790108502251857709,12516572,10852779,3528,1587550,55686,18800338
1790108502365730169,12517283,10853010,3528,1588020,55699,18800338
1790108502480993029,12517989,10853291,3528,1588451,55710,18800338
1790108502595429376,12518708,10853562,3528,1588884,55722,18800338
1790108502709756348,12519422,10853837,3528,1589311,55738,18800338
1790108502825354240,12520140,10854077,3528,1589788,55744,18800338
1790108502939491413,12520874,10854323,3528,1590244,55757,18800338
1790108503055028890,12521604,10854561,3528,1590718,55768,18800338
1790108503170627846,12522344,10854802,3528,1591185,55783,18800338
1790108503284761903,12523068,10855039,3528,1591652,55797,18800338
1790108503400011871,12523782,10855276,3528,1592125,55809,18800338
1790108503516460410,12524523,10855742,3528,1592380,55818,18816850
1790108503634077029,12525274,10856306,3528,1592554,55823,18834514
1790108503749661083,12526013,10856452,3528,1593140,55823,18834514
1790108503867518234,12526773,10856541,3528,1593802,55823,18834514
1790108503981118633,12527498,10856591,3528,1594477,55824,18834514
1790108504098093076,12528247,10856702,3528,1595110,55824,18834514
1790108504215941993,12529007,10856788,3528,1595775,55825,18834514
1790108504330241152,12529747,10856850,3528,1596439,55825,18834514
1790108504447718921,12530498,10856955,3528,1597078,55825,18834514
1790108504565673029,12531255,10857052,3528,1597733,55825,18834514
1790108504695596021,12532073,10857156,3528,1598453,55825,18834514
1790108504813577807,12532830,10857318,3528,1599047,55825,18834514
1790108504929981390,12533574,10857345,3528,1599762,55825,18834514
1790108505043867473,12534305,10857428,3528,1600403,55826,18834514
1790108505161726522,12535057,10857555,3528,1601020,55826,18834514
1790108505275780342,12535787,10857581,3528,1601722,55826,18834514
1790108505391591167,12536528,10857686,3528,1602352,55827,18834514
1790108505507706469,12537271,10857841,3528,1602936,55827,18834514
1790108505621621115,12538000,10857893,3528,1603611,55828,18834514
1790108505739271593,12538755,10858016,3528,1604237,55828,18834514
1790108505857088394,12539503,10858107,3528,1604897,55828,18834514
1790108505971095264,12540234,10858157,3528,1605574,55828,18834514
1790108506087679012,12540969,10858265,3528,1606202,55829,18834514
1790108506205732475,12541722,10858340,3528,1606880,55830,18834514
1790108506319328715,12542452,10858403,3528,1607539,55830,18834514
1790108506437003264,12543199,10858573,3528,1608120,55830,18834514
1790108506555031888,12543954,10858694,3528,1608751,55830,18834514
1790108506668936911,12544692,10858786,3528,1609379,55833,18834514
1790108506787322779,12545448,10858878,3528,1610040,55833,18834514
1790108506907682494,12546213,10858962,3528,1610722,55833,18834514
1790108507022075448,12546934,10859042,3528,1611372,55834,18834514
1790108507139965945,12547691,10859183,3528,1611982,55834,18834514
1790108507257653983,12548445,10859317,3528,1612591,55835,18834514
1790108507376017749,12549197,10859426,3528,1613240,55835,18834514
1790108507493913929,12549958,10859579,3528,1613836,55836,18834514
1790108507609453263,12550701,10859705,3528,1614442,55837,18834514
1790108507727324270,12551459,10859784,3528,1615114,55837,18834514
1790108507841389743,12552188,10859829,3528,1615797,55837,18834514
1790108507958221024,12552921,10859942,3528,1616426,55838,18834514
1790108508076164108,12553672,10860050,3528,1617069,55838,18834514
1790108508193585242,12554416,10860143,3528,1617719,55839,18834514
1790108508311873558,12555176,10860276,3528,1618344,55839,18834514
1790108508429900856,12555915,10860446,3528,1618922,55840,18834514
1790108508547867218,12556676,10860584,3528,1619535,55841,18834514
1790108508664088938,12557417,10860610,3528,1620249,55841,18834514
1790108508778013937,12558153,10860686,3528,1620897,55841,18834514
1790108508895913515,12558908,10860816,3528,1621518,55841,18834514
1790108509013790647,12559665,10860971,3528,1622111,55841,18834514
1790108509130919687,12560411,10861064,3528,1622764,55842,18834514
1790108509248830626,12561175,10861234,3528,1623343,55842,18834514
1790108509362950976,12561906,10861374,3528,1623930,55842,18834514
1790108509480846290,12562660,10861471,3528,1624584,55842,18834514
1790108509594776545,12563388,10861527,3528,1625252,55842,18834514
1790108509711937111,12564137,10861644,3528,1625881,55843,18834514
1790108509829839886,12564893,10861792,3528,1626484,55843,18834514
1790108509947800254,12565649,10861905,3528,1627122,55843,18834514
1790108510062329321,12566387,10862051,3528,1627700,55843,18834514
1790108510180333414,12567137,10862182,3528,1628319,55844,18834514
1790108510298099400,12567884,10862307,3528,1628944,55844,18834514
1790108510411901727,12568614,10862340,3528,1629639,55844,18834514
1790108510526003908,12569332,10862457,3528,1630245,55846,18834514
1790108510643965137,12570092,10862617,3528,1630835,55846,18834514
1790108510762101420,12570846,10862797,3528,1631406,55847,18834514
1790108510879003982,12571593,10862909,3528,1632039,55847,18834514
1790108510996967269,12572342,10863080,3528,1632617,55847,18834514
1790108511113032282,12573086,10863216,3528,1633219,55847,18834514
1790108511230949150,12573838,10863301,3528,1633885,55848,18834514
1790108511344587867,12574570,10863358,3528,1634548,55848,18834514
1790108511461752129,12575319,10863493,3528,1635157,55848,18834514
1790108511579651558,12576069,10863645,3528,1635755,55849,18834514
1790108511697620961,12576820,10863756,3528,1636393,55850,18834514
1790108511813295711,12577572,10863923,3528,1636965,55850,18834514
1790108511931199185,12578339,10864072,3528,1637565,55851,18834514
1790108512049142337,12579092,10864216,3528,1638171,55851,18834514
1790108512163989896,12579822,10864261,3528,1638860,55851,18834514
1790108512278051124,12580545,10864361,3528,1639484,55851,18834514
1790108512395979946,12581296,10864545,3528,1640051,55851,18834514
1790108512514188027,12582055,10864720,3528,1640625,55852,18834514
1790108512631346846,12582804,10864806,3528,1641285,55852,18834514
1790108512749194421,12583568,10864985,3528,1641857,55852,18834514
1790108512866201107,12584314,10865101,3528,1642483,55853,18834514
1790108512984462138,12585070,10865206,3528,1643129,55853,18834514
1790108513098351746,12585791,10865299,3528,1643762,55854,18834514
1790108513216061230,12586543,10865412,3528,1644399,55854,18834514
1790108513334123672,12587306,10865577,3528,1644982,55856,18834514
1790108513452650908,12588061,10865667,3528,1645643,55856,18834514
1790108513572315176,12588823,10865786,3528,1646287,55857,18834514
1790108513690238339,12589576,10865919,3528,1646903,55857,18834514
1790108513808324238,12590335,10866040,3528,1647534,55857,18834514
1790108513923242222,12591072,10866062,3528,1648246,55857,18834514
1790108514038773947,12591813,10866153,3528,1648884,55858,18834514
1790108514155541143,12592554,10866331,3528,1649450,55858,18834514
1790108514273817236,12593307,10866510,3528,1650026,55859,18834514
1790108514391578698,12594060,10866583,3528,1650698,55859,18834514
1790108514509322281,12594817,10866732,3528,1651300,55860,18834514
1790108514626202901,12595562,10866885,3528,1651891,55860,18834514
1790108514744512602,12596317,10867002,3528,1652524,55861,18834514
1790108514858339213,12597044,10867087,3528,1653165,55861,18834514
1790108514976098694,12597787,10867232,3528,1653771,55862,18834514
1790108515093940873,12598539,10867379,3528,1654373,55862,18834514
1790108515211840495,12599290,10867507,3528,1654995,55864,18834514
1790108515327061130,12600031,10867675,3528,1655557,55865,18834514
1790108515445187089,12600792,10867864,3528,1656119,55865,18834514
1790108515563230487,12601550,10868011,3528,1656722,55866,18834514
1790108515677495200,12602278,10868063,3528,1657397,55866,18834514
1790108515791451481,12603001,10868144,3528,1658039,55867,18834514
1790108515909479879,12603755,10868268,3528,1658667,55867,18834514
1790108516027072605,12604504,10868421,3528,1659262,55869,18834514
1790108516144801515,12605259,10868526,3528,1659908,55869,18834514
1790108516262949808,12606014,10868677,3528,1660507,55870,18834514
1790108516380746192,12606775,10868791,3528,1661136,55871,18834514
1790108516498987806,12607534,10868873,3528,1661811,55871,18834514
1790108516612996794,12608261,10868945,3528,1662465,55871,18834514
1790108516731075176,12609016,10869037,3528,1663126,55871,18834514
1790108516849069815,12609766,10869171,3528,1663742,55872,18834514
1790108516964507396,12610509,10869289,3528,1664358,55872,18834514
1790108517083002266,12611263,10869368,3528,1665034,55872,18834514
1790108517200684651,12612010,10869552,3528,1665594,55873,18834514
1790108517318620870,12612768,10869717,3528,1666179,55873,18834514
1790108517433560037,12613504,10869743,3528,1666887,55873,18834514
1790108517547918680,12614224,10869819,3528,1667541,55874,18834514
1790108517665987215,12614976,10869944,3528,1668166,55874,18834514
1790108517783711601,12615724,10870109,3528,1668744,55875,18834514
1790108517901665686,12616476,10870181,3528,1669424,55875,18834514
1790108518019428079,12617241,10870353,3528,1670002,55875,18834514
1790108518137006832,12617992,10870463,3528,1670643,55875,18834514
1790108518254893668,12618747,10870561,3528,1671296,55875,18834514
1790108518369057926,12619475,10870640,3528,1671942,55875,18834514
1790108518486352181,12620228,10870723,3528,1672602,55878,18834514
1790108518604200406,12620980,10870888,3528,1673186,55879,18834514
1790108518718986730,12621713,10871014,3528,1673791,55879,18834514
1790108518836954047,12622457,10871105,3528,1674452,55880,18834514
1790108518954758725,12623204,10871244,3528,1675056,55880,18834514
1790108519072623808,12623956,10871370,3528,1675680,55881,18834514
1790108519186938106,12624685,10871391,3528,1676392,55881,18834514
1790108519303631340,12625427,10871480,3528,1677041,55881,18834514
1790108519420736656,12626177,10871621,3528,1677644,55881,18834514
1790108519538641564,12626924,10871820,3528,1678194,55882,18834514
1790108519656630485,12627682,10871936,3528,1678833,55882,18834514
1790108519771903289,12628429,10872083,3528,1679418,55883,18834514
1790108519889361849,12629184,10872180,3528,1680065,55884,18834514
1790108520007768032,12629940,10872264,3528,1680734,55884,18834514
1790108520121516356,12630674,10872326,3528,1681396,55885,18834514
1790108520238357804,12631422,10872430,3528,1682036,55885,18834514
1790108520355447860,12632165,10872637,3528,1682574,55886,18834514
1790108520469699692,12632892,10872782,3528,1683156,55887,18834514
1790108520586482804,12633636,10872875,3528,1683804,55887,18834514
1790108520704849022,12634382,10873016,3528,1684418,55889,18834514
1790108520822734131,12635139,10873141,3528,1685037,55890,18834514
1790108520936743999,12635869,10873162,3528,1685743,55890,18834514
1790108521053066075,12636607,10873248,3528,1686399,55891,18834514
1790108521168970828,12637348,10873387,3528,1686998,55891,18834514
1790108521286592106,12638099,10873550,3528,1687578,55892,18834514
1790108521404444812,12638854,10873639,3528,1688243,55892,18834514
1790108521520827561,12639600,10873799,3528,1688822,55892,18834514
1790108521638460419,12640353,10873914,3528,1689453,55892,18834514
1790108521756440386,12641107,10874005,3528,1690115,55892,18834514
1790108521870221514,12641839,10874076,3528,1690767,55893,18834514
1790108521988003720,12642590,10874202,3528,1691392,55894,18834514
1790108522106096402,12643350,10874390,3528,1691954,55895,18834514
1790108522218737909,12644067,10874519,3528,1692538,55895,18834514
1790108522336646875,12644825,10874592,3528,1693217,55895,18834514
1790108522454513382,12645590,10874767,3528,1693791,55895,18834514
1790108522572495733,12646340,10874950,3528,1694359,55895,18834514
1790108522686568702,12647069,10875005,3528,1695031,55895,18834514
1790108522800823424,12647797,10875106,3528,1695659,55896,18834514
1790108522918731223,12648553,10875226,3528,1696284,55896,18834514
1790108523036582951,12649304,10875404,3528,1696855,55897,18834514
1790108523154538310,12650057,10875487,3528,1697523,55898,18834514
1790108523271177060,12650809,10875664,3528,1698090,55898,18834514
1790108523388014096,12651560,10875767,3528,1698730,55899,18834514
1790108523505966807,12652315,10875848,3528,1699402,55899,18834514
1790108523620027426,12653044,10875918,3528,1700056,55899,18834514
1790108523737959620,12653806,10876048,3528,1700677,55900,18834514
1790108523855912622,12654568,10876223,3528,1701252,55900,18834514
1790108523972546415,12655316,10876321,3528,1701879,55901,18834514
1790108524086971833,12656046,10876432,3528,1702494,55901,18834514
1790108524204879295,12656794,10876575,3528,1703100,55901,18834514
1790108524322964591,12657554,10876717,3528,1703709,55902,18834514
1790108524436772460,12658282,10876770,3528,1704375,55902,18834514
1790108524550598017,12659013,10876867,3528,1705003,55903,18834514
1790108524668518029,12659770,10877001,3528,1705620,55903,18834514
1790108524782961635,12660499,10877025,3528,1706330,55903,18834514
1790108524901067475,12661261,10877115,3528,1706989,55903,18834514
1790108525015097706,12661991,10877228,3528,1707603,55903,18834514
1790108525128763907,12662724,10877258,3528,1708294,55903,18834514
1790108525243747685,12663464,10877403,3528,1708879,55903,18834514
1790108525361750545,12664215,10877525,3528,1709509,55903,18834514
1790108525475510346,12664939,10877588,3528,1710171,55904,18834514
1790108525592354063,12665685,10877704,3528,1710798,55905,18834514
1790108525710328243,12666435,10877805,3528,1711448,55905,18834514
1790108525824079426,12667159,10877864,3528,1712115,55905,18834514
1790108525942234446,12667920,10877955,3528,1712773,55905,18834514
1790108526060089152,12668670,10878043,3528,1713437,55905,18834514
1790108526174063851,12669391,10878139,3528,1714060,55906,18834514
1790108526291969109,12670145,10878216,3528,1714736,55906,18834514
1790108526410344964,12670905,10878304,3528,1715400,55906,18834514
1790108526524577438,12671625,10878397,3528,1716031,55907,18834514
1790108526642569995,12672376,10878549,3528,1716633,55908,18834514
1790108526756683781,12673107,10878572,3528,1717335,55908,18834514
1790108526870582727,12673838,10878650,3528,1717979,55909,18834514
1790108526988449096,12674588,10878791,3528,1718589,55909,18834514
1790108527102282920,12675319,10878829,3528,1719278,55909,18834514
1790108527217664254,12676054,10878916,3528,1719922,55910,18834514
1790108527334511542,12676804,10879041,3528,1720541,55910,18834514
1790108527448462940,12677539,10879069,3528,1721241,55910,18834514
1790108527565469067,12678280,10879305,3528,1721745,55915,18834514
1790108527681380536,12679007,10879566,3528,1722195,55929,18834514
1790108527797401839,12679714,10879801,3528,1722665,55945,18834514
1790108527914779543,12680420,10880087,3528,1723106,55953,18834514
1790108528030097910,12681154,10880321,3528,1723581,55971,18834514
1790108528144010423,12681853,10880560,3528,1724042,55981,18834514
1790108528258734479,12682563,10880812,3528,1724500,55992,18834514
1790108528372941973,12683282,10881051,3528,1724964,56003,18834514
1790108528488581954,12684003,10881294,3528,1725434,56014,18834514
1790108528602563349,12684720,10881563,3528,1725873,56025,18834514
1790108528716750487,12685436,10881792,3528,1726342,56037,18834514
1790108528831855116,12686153,10882067,3528,1726774,56050,18834514
1790108528946611221,12686873,10882324,3528,1727230,56062,18834514
1790108529064817949,12687606,10882558,3528,1727718,56076,18834514
1790108529181152688,12688344,10882799,3528,1728197,56089,18834514
1790108529296362320,12689052,10883043,3528,1728653,56105,18834514
1790108529413313179,12689797,10883283,3528,1729128,56120,18834514
1790108529529058851,12690523,10883522,3528,1729602,56133,18834514
1790108529643786517,12691221,10883749,3528,1730082,56146,18834514
1790108529762025666,12691962,10883987,3528,1730576,56155,18834514
1790108529876143435,12692671,10884209,3528,1731046,56174,18834514
1790108529991531255,12693392,10884459,3528,1731512,56183,18834514
1790108530106162329,12694110,10884695,3528,1731980,56195,18834514
1790108530220207148,12694808,10884933,3528,1732444,56209,18834514
1790108530335396745,12695528,10885182,3528,1732905,56220,18834514
1790108530451055605,12696262,10885431,3528,1733372,56229,18834514
1790108530565607290,12696999,10885675,3528,1733837,56239,18834514
1790108530681218351,12697754,10885912,3528,1734313,56251,18834514
1790108530797634746,12698482,10886165,3528,1734779,56260,18834514
1790108530913091752,12699187,10886403,3528,1735251,56274,18834514
1790108531027999780,12699891,10886669,3528,1735693,56287,18834514
1790108531142698703,12700594,10886917,3528,1736151,56298,18834514
1790108531256907652,12701319,10887152,3528,1736623,56308,18834514
1790108531373468095,12702043,10887432,3528,1737065,56321,18834514
1790108531487808708,12702734,10887674,3528,1737514,56342,18834514
1790108531601387746,12703453,10887930,3528,1737958,56354,18834514
1790108531714470229,12704164,10888165,3528,1738418,56371,18834514
1790108531830159931,12704906,10888397,3528,1738900,56380,18834514
1790108531947347470,12705635,10888654,3528,1739365,56392,18834514
1790108532061840533,12706361,10888895,3528,1739832,56403,18834514
1790108532177826346,12707100,10889134,3528,1740303,56420,18834514
1790108532293636078,12707854,10889400,3528,1740750,56428,18834514
1790108532409871362,12708595,10889633,3528,1741236,56438,18834514
1790108532525635961,12709325,10889867,3528,1741719,56450,18834514
1790108532641122821,12710040,10890110,3528,1742183,56464,18834514
1790108532756569658,12710765,10890342,3528,1742664,56475,18834514
1790108532871928363,12711503,10890574,3528,1743142,56487,18834514
1790108532986513513,12712235,10890815,3528,1743607,56496,18834514
1790108533101864363,12712952,10891067,3528,1744064,56510,18834514
1790108533216039610,12713646,10891340,3528,1744493,56525,18834514
1790108533331017512,12714359,10891593,3528,1744936,56550,18834514
1790108533448974302,12715092,10891857,3528,1745398,56563,18834514
1790108533563159870,12715807,10892090,3528,1745866,56578,18834514
1790108533677789678,12716526,10892322,3528,1746330,56599,18834514
1790108533792929753,12717236,10892573,3528,1746789,56610,18834514
1790108533909208935,12717977,10892804,3528,1747281,56621,18834514
1790108534029333945,12718713,10893036,3528,1747743,56675,18834514
1790108534145400510,12719453,10893274,3528,1748221,56686,18834514
1790108534260110010,12720181,10893515,3528,1748684,56701,18834514
1790108534376634797,12720924,10893774,3528,1749137,56720,18834514
1790108534491299850,12721622,10894025,3528,1749590,56736,18834514
1790108534606407213,12722351,10894264,3528,1750057,56750,18834514
1790108534724610767,12723079,10894496,3528,1750553,56764,18834514
1790108534839689577,12723806,10894727,3528,1751029,56778,18834514
1790108534956535773,12724553,10894961,3528,1751512,56792,18834514
1790108535071416786,12725269,10895204,3528,1751980,56802,18834514
1790108535186824691,12725988,10895437,3528,1752451,56816,18834514
1790108535301924181,12726716,10895670,3528,1752933,56825,18834514
1790108535418647661,12727432,10895898,3528,1753425,56839,18834514
1790108535534429700,12728136,10896161,3528,1753874,56853,18834514
1790108535647887798,12728862,10896429,3528,1754303,56865,18834514
1790108535762662875,12729595,10896670,3528,1754762,56882,18834514
1790108535877961648,12730339,10896914,3528,1755226,56897,18834514
1790108535992513609,12731068,10897178,3528,1755668,56911,18834514
1790108536111032957,12731809,10897419,3528,1756156,56923,18834514
1790108536228611726,12732536,10897646,3528,1756654,56935,18834514
1790108536344160234,12733253,10897900,3528,1757111,56949,18834514
1790108536460703324,12733970,10898145,3528,1757584,56961,18834514
1790108536575390368,12734685,10898406,3528,1758025,56975,18834514
1790108536692323797,12735445,10898659,3528,1758496,56985,18834514
1790108536808610719,12736163,10898928,3528,1758947,56997,18834514
1790108536923177724,12736878,10899171,3528,1759411,57007,18834514
1790108537039475111,12737618,10899414,3528,1759881,57021,18834514
1790108537154102094,12738341,10899649,3528,1760352,57033,18834514
1790108537270549410,12739067,10899892,3528,1760828,57046,18834514
1790108537384874667,12739784,10900153,3528,1761271,57058,18834514
1790108537501762343,12740509,10900382,3528,1761762,57070,18834514
1790108537618286922,12741234,10900631,3528,1762229,57082,18834514
1790108537732956023,12741934,10900869,3528,1762702,57090,18834514
1790108537848716345,12742668,10901126,3528,1763160,57102,18834514
1790108537963820354,12743372,10901361,3528,1763627,57120,18834514
1790108538080316196,12744072,10901612,3528,1764091,57136,18834514
1790108538197655554,12744814,10901857,3528,1764572,57144,18834514
1790108538315828414,12745569,10902104,3528,1765055,57153,18834514
1790108538429364909,12746295,10902345,3528,1765513,57164,18834514
1790108538545844698,12747016,10902588,3528,1765987,57177,18834514
1790108538661222044,12747715,10902835,3528,1766449,57190,18834514
1790108538778031616,12748448,10903145,3528,1766859,57204,18834514
1790108538892676899,12749170,10903366,3528,1767272,57285,18834514
1790108539006634918,12749908,10903591,3528,1767752,57301,18834514
1790108539122345461,12750604,10903833,3528,1768220,57316,18834514
1790108539239565565,12751352,10904075,3528,1768694,57332,18834514
1790108539354117070,12752052,10904320,3528,1769156,57342,18834514
1790108539470985015,12752767,10904554,3528,1769636,57358,18834514
1790108539587000152,12753512,10904784,3528,1770123,57369,18834514
1790108539699805878,12754215,10905022,3528,1770582,57381,18834514
1790108539815755738,12754942,10905272,3528,1771048,57393,18834514
1790108539931324361,12755668,10905523,3528,1771505,57407,18834514
1790108540046140714,12756396,10905790,3528,1771949,57417,18834514
1790108540161084114,12757102,10906033,3528,1772410,57431,18834514
1790108540275663050,12757824,10906274,3528,1772872,57444,18834514
1790108540394396361,12758569,10906498,3528,1773386,57452,18834514
1790108540511222718,12759318,10906727,3528,1773875,57466,18834514
1790108540625757238,12760027,10906977,3528,1774328,57479,18834514
1790108540741205609,12760745,10907217,3528,1774798,57495,18834514
1790108540856296694,12761458,10907473,3528,1775250,57505,18834514
1790108540973412784,12762192,10907735,3528,1775713,57515,18834514
1790108541089081616,12762924,10907969,3528,1776191,57528,18834514
1790108541203826960,12763659,10908207,3528,1776660,57542,18834514
1790108541319524423,12764387,10908475,3528,1777103,57556,18834514
1790108541436374892,12765120,10908716,3528,1777580,57571,18834514
1790108541551566035,12765848,10908949,3528,1778053,57583,18834514
1790108541666702429,12766579,10909192,3528,1778520,57595,18834514
1790108541782965962,12767301,10909421,3528,1778933,57684,18834514
1790108541900125612,12768041,10909658,3528,1779412,57701,18834514
1790108542014801783,12768766,10909901,3528,1779873,57717,18834514
1790108542127994867,12769452,10910154,3528,1780319,57728,18834514
1790108542242873345,12770155,10910391,3528,1780783,57745,18834514
1790108542357855624,12770902,10910641,3528,1781246,57755,18834514
1790108542473292797,12771628,10910867,3528,1781732,57766,18834514
1790108542590356251,12772338,10911127,3528,1782195,57776,18834514
1790108542706477843,12773063,10911352,3528,1782681,57792,18834514
1790108542821292452,12773764,10911596,3528,1783143,57806,18834514
1790108542936599517,12774499,10911855,3528,1783591,57820,18834514
1790108543053590133,12775232,10912150,3528,1784022,57831,18834514
1790108543168783596,12775976,10912431,3528,1784452,57842,18834514
1790108543283392918,12776707,10912669,3528,1784921,57855,18834514
1790108543397407139,12777420,10912894,3528,1785392,57869,18834514
1790108543512417294,12778142,10913133,3528,1785862,57880,18834514
1790108543627844202,12778881,10913385,3528,1786324,57890,18834514
1790108543743195007,12779616,10913611,3528,1786808,57903,18834514
1790108543857321287,12780350,10913833,3528,1787295,57913,18834514
1790108543972048649,12781053,10914080,3528,1787747,57928,18834514
1790108544088136801,12781777,10914374,3528,1788165,57945,18834514
1790108544203004938,12782497,10914630,3528,1788618,57956,18834514
1790108544318727914,12783217,10914877,3528,1789079,57973,18834514
1790108544434325199,12783966,10915121,3528,1789548,57982,18834514
1790108544551489994,12784712,10915343,3528,1790051,57992,18834514
1790108544669410407,12785461,10915611,3528,1790511,58005,18834514
1790108544785582228,12786173,10915853,3528,1790984,58017,18834514
1790108544902342439,12786903,10916093,3528,1791460,58030,18834514
1790108545018291882,12787635,10916335,3528,1791935,58041,18834514
1790108545133476660,12788351,10916579,3528,1792399,58054,18834514
1790108545250839334,12789071,10916815,3528,1792890,58063,18834514
1790108545367079813,12789798,10917034,3528,1793308,58153,18834514
1790108545481726087,12790511,10917263,3528,1793786,58165,18834514
1790108545596579145,12791262,10917504,3528,1794253,58177,18834514
1790108545713385613,12791976,10917749,3528,1794726,58191,18834514
1790108545830366155,12792726,10918023,3528,1795169,58206,18834514
1790108545945981877,12793455,10918364,3528,1795541,58219,18834514
1790108546063471815,12794181,10918604,3528,1796027,58233,18834514
1790108546179767683,12794898,10918837,3528,1796510,58244,18834514
1790108546294466377,12795629,10919074,3528,1796978,58255,18834514
1790108546409190104,12796349,10919312,3528,1797448,58265,18834514
1790108546525167491,12797116,10919549,3528,1797928,58276,18834514
1790108546639634547,12797816,10919815,3528,1798364,58292,18834514
1790108546755289250,12798534,10920081,3528,1798811,58303,18834514
1790108546873020478,12799271,10920333,3528,1799286,58314,18834514
1790108546988285829,12800002,10920569,3528,1799755,58329,18834514
1790108547104765536,12800742,10920804,3528,1800238,58340,18834514
1790108547220325677,12801459,10921046,3528,1800708,58351,18834514
1790108547338489087,12802212,10921311,3528,1801173,58361,18834514
1790108547453583600,12802941,10921547,3528,1801577,58446,18834514
1790108547568980920,12803679,10921804,3528,1802035,58458,18834514
1790108547684948377,12804403,10922064,3528,1802488,58468,18834514
1790108547801218360,12805168,10922302,3528,1802967,58478,18834514
1790108547915200549,12805873,10922557,3528,1803416,58488,18834514
1790108548031320625,12806628,10922798,3528,1803888,58503,18834514
1790108548146572365,12807341,10923028,3528,1804374,58513,18834514
1790108548261205667,12808065,10923253,3528,1804855,58522,18834514
1790108548375410780,12808784,10923488,3528,1805325,58536,18834514
1790108548489352885,12809485,10923732,3528,1805772,58553,18834514
1790108548606747573,12810216,10923993,3528,1806236,58565,18834514
1790108548720365480,12810917,10924239,3528,1806689,58576,18834514
1790108548834389015,12811633,10924466,3528,1807167,58586,18834514
1790108548949491471,12812365,10924735,3528,1807610,58596,18834514
1790108549065398798,12813124,10924958,3528,1808102,58610,18834514
1790108549179841100,12813836,10925194,3528,1808572,58621,18834514
1790108549294573880,12814563,10925432,3528,1809040,58633,18834514
1790108549409351680,12815283,10925666,3528,1809502,58650,18834514
1790108549526410243,12816007,10925891,3528,1809998,58666,18834514
1790108549642940022,12816732,10926140,3528,1810466,58680,18834514
1790108549758171603,12817480,10926381,3528,1810931,58694,18834514
1790108549873289517,12818191,10926664,3528,1811358,58706,18834514
1790108549988974425,12818925,10926920,3528,1811818,58715,18834514
1790108550103856527,12819644,10927162,3528,1812281,58730,18834514
1790108550219484584,12820367,10927411,3528,1812748,58738,18834514
1790108550333623922,12821100,10927641,3528,1813155,58819,18834514
1790108550448010091,12821805,10927874,3528,1813626,58832,18834514
1790108550564084108,12822550,10928111,3528,1814103,58845,18834514
1790108550678385459,12823279,10928347,3528,1814567,58858,18834514
1790108550793160620,12824009,10928589,3528,1815033,58873,18834514
1790108550909582933,12824742,10928831,3528,1815509,58882,18834514
1790108551023555894,12825463,10929086,3528,1815955,58896,18834514
1790108551138606404,12826169,10929316,3528,1816439,58907,18834514
1790108551253049694,12826889,10929545,3528,1816915,58914,18834514
1790108551368146240,12827608,10929793,3528,1817373,58927,18834514
1790108551484767684,12828337,10930045,3528,1817841,58938,18834514
1790108551600343330,12829067,10930293,3528,1818307,58948,18834514
1790108551716947169,12829807,10930539,3528,1818783,58957,18834514
1790108551832717172,12830567,10930780,3528,1819256,58970,18834514
1790108551949034102,12831285,10931058,3528,1819693,58983,18834514
1790108552065205078,12831985,10931299,3528,1820165,58997,18834514
1790108552179746575,12832697,10931537,3528,1820631,59012,18834514
1790108552295976067,12833426,10931774,3528,1821112,59023,18834514
1790108552414230367,12834186,10931997,3528,1821617,59034,18834514
1790108552529192438,12834906,10932229,3528,1822089,59048,18834514
1790108552645723814,12835674,10932474,3528,1822565,59061,18834514
1790108552761123577,12836407,10932711,3528,1823038,59070,18834514
1790108552874942751,12837124,10933010,3528,1823445,59079,18834514
1790108552989493997,12837837,10933277,3528,1823886,59089,18834514
1790108553103883434,12838545,10933503,3528,1824294,59175,18834514
1790108553221347585,12839280,10933751,3528,1824765,59192,18834514
1790108553336858918,12839989,10933999,3528,1825224,59209,18834514
1790108553450972386,12840703,10934247,3528,1825676,59224,18834514
1790108553566090792,12841428,10934498,3528,1826137,59235,18834514
1790108553680992101,12842143,10934741,3528,1826603,59246,18834514
1790108553796118139,12842858,10934969,3528,1827086,59256,18834514
1790108553911536594,12843584,10935202,3528,1827562,59270,18834514
1790108554027741999,12844296,10935454,3528,1828023,59286,18834514
1790108554141865957,12845007,10935697,3528,1828480,59301,18834514
1790108554258134165,12845727,10935937,3528,1828955,59312,18834514
1790108554374098008,12846452,10936167,3528,1829434,59330,18834514
1790108554490282329,12847187,10936403,3528,1829918,59339,18834514
1790108554607670086,12847937,10936704,3528,1830339,59351,18834514
1790108554722903565,12848670,10936955,3528,1830800,59362,18834514
1790108554838361462,12849400,10937201,3528,1831267,59376,18834514
1790108554954059943,12850122,10937455,3528,1831719,59390,18834514
1790108555069479793,12850860,10937689,3528,1832198,59399,18834514
1790108555185099084,12851586,10937923,3528,1832681,59410,18834514
1790108555301894435,12852319,10938156,3528,1833166,59422,18834514
1790108555416885304,12853024,10938408,3528,1833623,59432,18834514
1790108555531788017,12853756,10938654,3528,1834090,59442,18834514
1790108555646761080,12854489,10938907,3528,1834537,59459,18834514
1790108555763049438,12855206,10939160,3528,1834999,59471,18834514
1790108555879829634,12855950,10939387,3528,1835493,59481,18834514
1790108555996183529,12856674,10939603,3528,1835924,59565,18834514
1790108556111813109,12857391,10939862,3528,1836377,59577,18834514
1790108556226857024,12858106,10940163,3528,1836786,59590,18834514
1790108556341574086,12858833,10940403,3528,1837253,59600,18834514
1790108556456354985,12859543,10940647,3528,1837721,59611,18834514
1790108556573230443,12860284,10940866,3528,1838219,59622,18834514
1790108556689195259,12861027,10941155,3528,1838646,59635,18834514
1790108556804520657,12861768,10941407,3528,1839100,59650,18834514
1790108556920952038,12862488,10941647,3528,1839577,59662,18834514
1790108557036323008,12863216,10941880,3528,1840056,59674,18834514
1790108557150613903,12863915,10942138,3528,1840501,59683,18834514
1790108557267586234,12864651,10942362,3528,1840999,59697,18834514
1790108557381311775,12865348,10942626,3528,1841432,59714,18834514
1790108557497383758,12866058,10942869,3528,1841900,59727,18834514
1790108557612420945,12866774,10943134,3528,1842345,59739,18834514
1790108557727774659,12867498,10943377,3528,1842811,59753,18834514
1790108557842722668,12868223,10943633,3528,1843260,59764,18834514
1790108557957236175,12868941,10943885,3528,1843715,59776,18834514
1790108558075416164,12869695,10944122,3528,1844211,59787,18834514
1790108558190540258,12870387,10944377,3528,1844655,59805,18834514
1790108558307155579,12871122,10944620,3528,1845130,59818,18834514
1790108558421291666,12871824,10944853,3528,1845595,59834,18834514
1790108558535869489,12872550,10945083,3528,1846072,59844,18834514
1790108558651953132,12873272,10945357,3528,1846513,59857,18834514
1790108558767195277,12874014,10945577,3528,1846929,59947,18834514
1790108558880505582,12874714,10945823,3528,1847379,59960,18834514
1790108558995075359,12875416,10946064,3528,1847840,59974,18834514
1790108559108701458,12876112,10946305,3528,1848298,59988,18834514
1790108559223395081,12876833,10946549,3528,1848760,60000,18834514
1790108559339007951,12877552,10946796,3528,1849224,60014,18834514
1790108559452041616,12878279,10947033,3528,1849692,60023,18834514
1790108559567285671,12879029,10947287,3528,1850145,60031,18834514
1790108559681626036,12879741,10947551,3528,1850594,60039,18834514
1790108559796062288,12880471,10947788,3528,1851060,60052,18834514
1790108559911068730,12881173,10948031,3528,1851521,60065,18834514
1790108560026228725,12881910,10948314,3528,1851951,60075,18834514
1790108560144312937,12882673,10948578,3528,1852419,60084,18834514
1790108560258235630,12883401,10948837,3528,1852865,60093,18834514
1790108560373077904,12884132,10949069,3528,1853344,60102,18834514
1790108560488910625,12884878,10949305,3528,1853826,60112,18834514
1790108560603500296,12885618,10949565,3528,1854269,60124,18834514
1790108560719198842,12886342,10949805,3528,1854742,60138,18834514
1790108560834135279,12887042,10950063,3528,1855198,60146,18834514
1790108560949063827,12887767,10950321,3528,1855647,60157,18834514
1790108561061995880,12888486,10950591,3528,1856074,60168,18834514
1790108561177922339,12889229,10950841,3528,1856536,60184,18834514
1790108561292321541,12889947,10951094,3528,1856991,60192,18834514
1790108561407290812,12890693,10951350,3528,1857444,60202,18834514
1790108561521801535,12891437,10951686,3528,1857822,60212,18834514
1790108561636172551,12892179,10951913,3528,1858215,60308,18834514
1790108561751359905,12892894,10952165,3528,1858672,60324,18834514
1790108561866768938,12893609,10952407,3528,1859131,60340,18834514
1790108561981319370,12894310,10952668,3528,1859572,60356,18834514
1790108562095912520,12895038,10952923,3528,1860026,60367,18834514
1790108562212304300,12895759,10953171,3528,1860494,60378,18834514
1790108562327644168,12896495,10953736,3528,1860648,60384,18859730
1790108562443399234,12897235,10954236,3528,1860871,60391,18870482
1790108562568821146,12898040,10954312,3528,1861597,60391,18870482
1790108562686329946,12898793,10954405,3528,1862250,60391,18870482
1790108562815967229,12899603,10954495,3528,1862985,60392,18870482
1790108562932345213,12900350,10954647,3528,1863571,60393,18870482
1790108563046399180,12901078,10954688,3528,1864252,60393,18870482
1790108563163077127,12901827,10954818,3528,1864866,60393,18870482
1790108563281101686,12902579,10954930,3528,1865505,60394,18870482
1790108563394921670,12903306,10955043,3528,1866116,60394,18870482
1790108563512794679,12904061,10955194,3528,1866710,60394,18870482
1790108563626948991,12904791,10955248,3528,1867390,60394,18870482
1790108563741400265,12905523,10955353,3528,1868008,60395,18870482
1790108563857569813,12906267,10955483,3528,1868616,60396,18870482
1790108563971534091,12906994,10955530,3528,1869294,60396,18870482
1790108564088337833,12907744,10955646,3528,1869924,60396,18870482
1790108564206317879,12908494,10955739,3528,1870582,60397,18870482
1790108564320203410,12909225,10955851,3528,1871194,60397,18870482
1790108564438349266,12909976,10955998,3528,1871798,60397,18870482
1790108564552221868,12910706,10956039,3528,1872484,60397,18870482
1790108564668868435,12911443,10956160,3528,1873097,60404,18870482
1790108564787332689,12912200,10956264,3528,1873715,60434,18870482
1790108564901331102,12912928,10956323,3528,1874367,60449,18870482
1790108565018810623,12913679,10956418,3528,1875016,60456,18870482
1790108565136693754,12914431,10956488,3528,1875692,60456,18870482
1790108565250405995,12915166,10956573,3528,1876331,60456,18870482
1790108565368468488,12915923,10956713,3528,1876942,60457,18870482
1790108565482225575,12916657,10956746,3528,1877636,60457,18870482
1790108565599465126,12917405,10956892,3528,1878234,60457,18870482
1790108565717323879,12918162,10956965,3528,1878913,60458,18870482
1790108565834661623,12918915,10957113,3528,1879508,60458,18870482
1790108565950396860,12919659,10957246,3528,1880113,60458,18870482
1790108566070937246,12920432,10957377,3528,1880750,60458,18870482
1790108566188109522,12921178,10957513,3528,1881359,60459,18870482
1790108566301894429,12921902,10957577,3528,1882020,60460,18870482
1790108566417863492,12922643,10957716,3528,1882619,60460,18870482
1790108566535849479,12923397,10957839,3528,1883246,60460,18870482
1790108566650324445,12924137,10957965,3528,1883845,60461,18870482
1790108566768208075,12924882,10958082,3528,1884479,60461,18870482
1790108566886213842,12925632,10958223,3528,1885087,60462,18870482
1790108567004198440,12926394,10958311,3528,1885750,60462,18870482
1790108567117805720,12927112,10958372,3528,1886414,60463,18870482
1790108567236140904,12927875,10958466,3528,1887072,60463,18870482
1790108567353949262,12928612,10958616,3528,1887671,60464,18870482
1790108567470854901,12929358,10958723,3528,1888309,60464,18870482
1790108567588747589,12930118,10958866,3528,1888911,60464,18870482
1790108567705416781,12930864,10958981,3528,1889539,60465,18870482
1790108567823493771,12931616,10959068,3528,1890204,60465,18870482
1790108567937231406,12932341,10959158,3528,1890838,60466,18870482
1790108568055211355,12933096,10959259,3528,1891487,60467,18870482
1790108568172932021,12933845,10959407,3528,1892086,60468,18870482
1790108568290960884,12934603,10959496,3528,1892749,60468,18870482
1790108568405330873,12935336,10959631,3528,1893340,60468,18870482
1790108568522976081,12936086,10959717,3528,1894005,60468,18870482
1790108568640670760,12936835,10959808,3528,1894660,60468,18870482
1790108568754779197,12937566,10959887,3528,1895305,60469,18870482
1790108568872670373,12938319,10960010,3528,1895933,60469,18870482
1790108568990600441,12939064,10960171,3528,1896521,60470,18870482
1790108569108509686,12939818,10960288,3528,1897155,60471,18870482
1790108569226390177,12940564,10960439,3528,1897752,60472,18870482
1790108569344216544,12941318,10960559,3528,1898382,60474,18870482
1790108569458475163,12942046,10960580,3528,1899088,60474,18870482
1790108569572762921,12942785,10960664,3528,1899729,60474,18870482
1790108569689068674,12943519,10960776,3528,1900361,60474,18870482
1790108569807095015,12944279,10960898,3528,1900989,60475,18870482
1790108569925075665,12945030,10961033,3528,1901604,60475,18870482
1790108570043070264,12945776,10961168,3528,1902218,60477,18870482
1790108570160966462,12946528,10961289,3528,1902848,60477,18870482
1790108570274954620,12947257,10961316,3528,1903547,60477,18870482
1790108570389049903,12947980,10961465,3528,1904120,60478,18870482
1790108570506911644,12948736,10961572,3528,1904764,60478,18870482
1790108570623283292,12949474,10961700,3528,1905374,60480,18870482
1790108570741192513,12950232,10961795,3528,1906029,60480,18870482
1790108570859427804,12950980,10961936,3528,1906638,60480,18870482
1790108570975810528,12951718,10962071,3528,1907241,60480,18870482
1790108571089767568,12952448,10962123,3528,1907915,60480,18870482
1790108571206245780,12953200,10962224,3528,1908558,60481,18870482
1790108571324273886,12953956,10962377,3528,1909156,60481,18870482
1790108571436323189,12954675,10962487,3528,1909758,60481,18870482
1790108571554693214,12955425,10962606,3528,1910390,60481,18870482
1790108571671628071,12956175,10962759,3528,1910981,60481,18870482
1790108571789496840,12956927,10962849,3528,1911642,60481,18870482
1790108571903369505,12957647,10962928,3528,1912288,60482,18870482
1790108572020478265,12958400,10963052,3528,1912909,60482,18870482
1790108572138401438,12959145,10963214,3528,1913497,60483,18870482
1790108572255613528,12959898,10963309,3528,1914146,60483,18870482
1790108572373472580,12960646,10963466,3528,1914737,60485,18870482
1790108572490665551,12961397,10963588,3528,1915360,60485,18870482
1790108572608632165,12962149,10963682,3528,1916016,60486,18870482
1790108572722156048,12962880,10963766,3528,1916657,60486,18870482
1790108572840029038,12963627,10963890,3528,1917285,60486,18870482
1790108572957801655,12964368,10964041,3528,1917877,60487,18870482
1790108573075782738,12965123,10964180,3528,1918489,60488,18870482
1790108573191988526,12965870,10964348,3528,1919064,60488,18870482
1790108573309420566,12966620,10964442,3528,1919715,60488,18870482
1790108573427291554,12967376,10964524,3528,1920385,60489,18870482
1790108573541284682,12968103,10964611,3528,1921019,60491,18870482
1790108573659218519,12968848,10964755,3528,1921625,60492,18870482
1790108573777239102,12969599,10964919,3528,1922210,60493,18870482
1790108573895147220,12970353,10965034,3528,1922846,60494,18870482
1790108574013030803,12971099,10965177,3528,1923452,60495,18870482
1790108574130647146,12971852,10965269,3528,1924108,60496,18870482
1790108574243713414,12972577,10965351,3528,1924744,60496,18870482
1790108574358035753,12973305,10965427,3528,1925398,60496,18870482
1790108574475978452,12974061,10965545,3528,1926030,60496,18870482
1790108574593890910,12974811,10965669,3528,1926655,60498,18870482
1790108574711875096,12975563,10965805,3528,1927269,60499,18870482
1790108574829650680,12976309,10965970,3528,1927847,60499,18870482
1790108574947635502,12977061,10966091,3528,1928476,60499,18870482
1790108575062879279,12977799,10966114,3528,1929193,60500,18870482
1790108575181388873,12978553,10966250,3528,1929808,60500,18870482
1790108575299124939,12979302,10966330,3528,1930479,60500,18870482
1790108575416768162,12980053,10966462,3528,1931095,60500,18870482
1790108575530705590,12980774,10966580,3528,1931698,60500,18870482
1790108575647978308,12981529,10966717,3528,1932310,60501,18870482
1790108575765584484,12982282,10966844,3528,1932929,60501,18870482
1790108575879391914,12983007,10966907,3528,1933592,60501,18870482
1790108575994559188,12983750,10967005,3528,1934226,60501,18870482
1790108576112320440,12984501,10967158,3528,1934824,60502,18870482
1790108576228756716,12985248,10967289,3528,1935430,60503,18870482
1790108576346679291,12986003,10967381,3528,1936092,60503,18870482
1790108576462303191,12986735,10967513,3528,1936695,60504,18870482
1790108576577842171,12987471,10967612,3528,1937334,60504,18870482
1790108576691803049,12988203,10967666,3528,1938003,60504,18870482
1790108576809490056,12988955,10967760,3528,1938655,60505,18870482
1790108576927316836,12989711,10967941,3528,1939225,60505,18870482
1790108577042564739,12990445,10968066,3528,1939830,60505,18870482
1790108577160484110,12991202,10968191,3528,1940456,60505,18870482
1790108577276451648,12991945,10968313,3528,1941073,60505,18870482
1790108577394344382,12992704,10968382,3528,1941756,60505,18870482
1790108577508349790,12993418,10968452,3528,1942413,60506,18870482
1790108577626996873,12994175,10968551,3528,1943068,60506,18870482
1790108577739960059,12994896,10968697,3528,1943641,60507,18870482
1790108577858038157,12995648,10968781,3528,1944307,60507,18870482
1790108577975980622,12996407,10968930,3528,1944907,60509,18870482
1790108578093776373,12997159,10969016,3528,1945565,60509,18870482
1790108578211551789,12997914,10969085,3528,1946249,60509,18870482
1790108578325220040,12998640,10969166,3528,1946890,60511,18870482
1790108578443179329,12999397,10969285,3528,1947522,60511,18870482
1790108578561142690,13000157,10969442,3528,1948114,60512,18870482
1790108578679182969,13000911,10969568,3528,1948739,60512,18870482
1790108578797192921,13001666,10969730,3528,1949325,60514,18870482
1790108578915415033,13002417,10969868,3528,1949939,60514,18870482
1790108579030542157,13003154,10969982,3528,1950557,60514,18870482
1790108579142552592,13003866,10970074,3528,1951175,60516,18870482
1790108579260488697,13004617,10970198,3528,1951802,60516,18870482
1790108579378300082,13005368,10970351,3528,1952398,60516,18870482
1790108579496197294,13006122,10970466,3528,1953035,60517,18870482
1790108579614142399,13006877,10970589,3528,1953661,60517,18870482
1790108579732212262,13007633,10970724,3528,1954278,60517,18870482
1790108579847009962,13008362,10970754,3528,1954981,60517,18870482
1790108579963423856,13009100,10970866,3528,1955607,60518,18870482
1790108580079854653,13009839,10970977,3528,1956239,60518,18870482
1790108580196332261,13010591,10971126,3528,1956826,60520,18870482
1790108580313124003,13011333,10971269,3528,1957427,60520,18870482
1790108580431069090,13012084,10971391,3528,1958054,60522,18870482
1790108580548950544,13012834,10971505,3528,1958691,60522,18870482
1790108580662634975,13013561,10971570,3528,1959348,60522,18870482
1790108580776702849,13014298,10971729,3528,1959913,60522,18870482
1790108580894808935,13015041,10971926,3528,1960471,60523,18870482
1790108581012649870,13015800,10972060,3528,1961079,60525,18870482
1790108581130375066,13016555,10972130,3528,1961762,60525,18870482
1790108581248070836,13017315,10972277,3528,1962363,60525,18870482
1790108581365112788,13018065,10972385,3528,1962999,60526,18870482
1790108581479119546,13018787,10972443,3528,1963666,60527,18870482
1790108581597074877,13019536,10972525,3528,1964334,60527,18870482
1790108581715066108,13020288,10972600,3528,1965011,60527,18870482
1790108581828997065,13021015,10972677,3528,1965658,60529,18870482
1790108581947001108,13021766,10972815,3528,1966270,60529,18870482
1790108582060677884,13022498,10972855,3528,1966951,60529,18870482
1790108582175892061,13023226,10972989,3528,1967551,60530,18870482
1790108582293848493,13023978,10973060,3528,1968231,60531,18870482
1790108582407775518,13024687,10973133,3528,1968881,60533,18870482
1790108582526002847,13025446,10973237,3528,1969528,60533,18870482
1790108582639574008,13026172,10973311,3528,1970175,60533,18870482
1790108582753595017,13026907,10973388,3528,1970822,60534,18870482
1790108582871632951,13027660,10973511,3528,1971450,60534,18870482
1790108582985611598,13028393,10973567,3528,1972120,60534,18870482
1790108583102153882,13029139,10973674,3528,1972756,60535,18870482
1790108583220436272,13029891,10973744,3528,1973438,60535,18870482
1790108583334593393,13030620,10973822,3528,1974084,60535,18870482
1790108583452577737,13031376,10973959,3528,1974698,60536,18870482
1790108583566553241,13032105,10973980,3528,1975404,60536,18870482
1790108583684101706,13032852,10974105,3528,1976028,60536,18870482
1790108583802122192,13033603,10974193,3528,1976691,60536,18870482
1790108583915848386,13034331,10974259,3528,1977350,60537,18870482
1790108584033837240,13035083,10974344,3528,1978015,60538,18870482
1790108584152095726,13035834,10974415,3528,1978696,60538,18870482
1790108584266219868,13036560,10974552,3528,1979280,60541,18870482
1790108584382640787,13037293,10974767,3528,1979571,60764,18870482
1790108584498744746,13038023,10974954,3528,1979867,61017,18870482
1790108584613156119,13038751,10975185,3528,1980336,61030,18870482
1790108584727062394,13039447,10975433,3528,1980790,61045,18870482
1790108584841792902,13040154,10975674,3528,1981252,61059,18870482
1790108584959037030,13040886,10975907,3528,1981743,61070,18870482
1790108585074040550,13041622,10976140,3528,1982218,61080,18870482
1790108585190317697,13042336,10976380,3528,1982694,61091,18870482
1790108585305573376,13043067,10976646,3528,1983135,61108,18870482
1790108585421357985,13043818,10976925,3528,1983571,61117,18870482
1790108585536356621,13044548,10977201,3528,1983999,61133,18870482
1790108585651377079,13045249,10977447,3528,1984464,61143,18870482
1790108585768639798,13045976,10977673,3528,1984965,61154,18870482
1790108585883618664,13046701,10977917,3528,1985398,61195,18870482
1790108585998397415,13047417,10978162,3528,1985856,61212,18870482
1790108586115437757,13048158,10978401,3528,1986344,61220,18870482
1790108586230531609,13048870,10978654,3528,1986795,61236,18870482
1790108586345217585,13049604,10978957,3528,1987195,61250,18870482
1790108586459181194,13050318,10979247,3528,1987614,61257,18870482
1790108586574044106,13051020,10979497,3528,1988033,61311,18870482
1790108586687597471,13051735,10979727,3528,1988503,61322,18870482
1790108586801220083,13052442,10979970,3528,1988956,61335,18870482
1790108586915020127,13053165,10980217,3528,1989411,61345,18870482
1790108587030564717,13053884,10980468,3528,1989875,61355,18870482
1790108587144963655,13054622,10980718,3528,1990331,61368,18870482
1790108587262681822,13055371,10981000,3528,1990781,61377,18870482
1790108587378017899,13056099,10981253,3528,1991234,61390,18870482
1790108587493966362,13056838,10981490,3528,1991711,61402,18870482
1790108587608303876,13057551,10981732,3528,1992169,61417,18870482
1790108587721829708,13058252,10981983,3528,1992617,61430,18870482
1790108587838096941,13058984,10982243,3528,1993074,61440,18870482
1790108587954057879,13059718,10982498,3528,1993533,61453,18870482
1790108588069758288,13060436,10982752,3528,1993987,61470,18870482
1790108588186499904,13061155,10982992,3528,1994466,61483,18870482
1790108588302708414,13061903,10983237,3528,1994934,61496,18870482
1790108588417960572,13062615,10983508,3528,1995375,61506,18870482
1790108588533520544,13063353,10983762,3528,1995838,61517,18870482
1790108588649584026,13064077,10984014,3528,1996300,61528,18870482
1790108588767337130,13064817,10984251,3528,1996715,61613,18870482
1790108588881800842,13065554,10984500,3528,1997173,61626,18870482
1790108588997331741,13066300,10984765,3528,1997618,61637,18870482
1790108589113967937,13067023,10985010,3528,1998092,61650,18870482
1790108589229153954,13067745,10985266,3528,1998544,61663,18870482
1790108589343724668,13068476,10985529,3528,1998991,61673,18870482
1790108589459625297,13069212,10985781,3528,1999454,61686,18870482
1790108589574159794,13069919,10986022,3528,1999915,61700,18870482
1790108589688421004,13070654,10986254,3528,2000390,61712,18870482
1790108589802541961,13071355,10986500,3528,2000845,61725,18870482
1790108589917771823,13072077,10986754,3528,2001303,61733,18870482
1790108590033159493,13072819,10987015,3528,2001755,61743,18870482
1790108590148777958,13073533,10987262,3528,2002221,61755,18870482
1790108590264738378,13074261,10987507,3528,2002691,61767,18870482
1790108590379175589,13074971,10987741,3528,2003158,61780,18870482
1790108590495206702,13075687,10987973,3528,2003637,61795,18870482
1790108590610485343,13076422,10988204,3528,2004119,61805,18870482
1790108590724436504,13077141,10988445,3528,2004582,61815,18870482
1790108590840180527,13077875,10988693,3528,2005050,61825,18870482
1790108590954781988,13078574,10988941,3528,2005507,61838,18870482
1790108591071060205,13079301,10989193,3528,2005964,61854,18870482
1790108591185994255,13080025,10989431,3528,2006437,61866,18870482
1790108591302239363,13080760,10989684,3528,2006900,61878,18870482
1790108591419386024,13081497,10989939,3528,2007365,61892,18870482
1790108591533695723,13082221,10990167,3528,2007767,61980,18870482
1790108591649057716,13082950,10990430,3528,2008215,61990,18870482
1790108591762088766,13083651,10990675,3528,2008669,62002,18870482
1790108591876167966,13084365,10990915,3528,2009131,62012,18870482
1790108591990770785,13085042,10991153,3528,2009597,62027,18870482
1790108592107159336,13085780,10991379,3528,2010093,62035,18870482
1790108592220932765,13086474,10991635,3528,2010536,62049,18870482
1790108592336138651,13087212,10991862,3528,2011016,62060,18870482
1790108592453738435,13087958,10992102,3528,2011500,62076,18870482
1790108592568611840,13088691,10992332,3528,2011978,62085,18870482
1790108592682921017,13089432,10992567,3528,2012454,62093,18870482
1790108592798582146,13090165,10992811,3528,2012919,62107,18870482
1790108592911900760,13090867,10993067,3528,2013360,62121,18870482
1790108593025648763,13091600,10993318,3528,2013813,62131,18870482
1790108593141632272,13092334,10993563,3528,2014278,62146,18870482
1790108593256565711,13093055,10993798,3528,2014752,62156,18870482
1790108593370987142,13093771,10994044,3528,2015209,62168,18870482
1790108593486922654,13094517,10994298,3528,2015680,62177,18870482
1790108593607189034,13095264,10994557,3528,2016154,62192,18870482
1790108593723054959,13095987,10994814,3528,2016609,62206,18870482
1790108593838015599,13096707,10995104,3528,2017022,62222,18870482
1790108593952149995,13097420,10995365,3528,2017456,62241,18870482
1790108594067086522,13098136,10995626,3528,2017893,62263,18870482
1790108594181801993,13098849,10995909,3528,2018319,62273,18870482
1790108594300413915,13099595,10996142,3528,2018817,62285,18870482
1790108594415400009,13100309,10996381,3528,2019285,62301,18870482
1790108594530869647,13101027,10996657,3528,2019719,62312,18870482
1790108594645557309,13101739,10996891,3528,2020186,62327,18870482
1790108594760163210,13102469,10997127,3528,2020655,62341,18870482
1790108594875439771,13103200,10997386,3528,2021109,62352,18870482
1790108594991290133,13103913,10997623,3528,2021583,62364,18870482
1790108595105229340,13104610,10997851,3528,2021988,62446,18870482
1790108595221110047,13105342,10998104,3528,2022449,62457,18870482
1790108595336556264,13106080,10998351,3528,2022912,62470,18870482
1790108595451137084,13106814,10998595,3528,2023367,62490,18870482
1790108595566671013,13107529,10998837,3528,2023834,62504,18870482
1790108595683373294,13108281,10999079,3528,2024310,62518,18870482
1790108595798853873,13108996,10999329,3528,2024774,62528,18870482
1790108595915606720,13109737,10999569,3528,2025250,62541,18870482
1790108596030325952,13110459,10999812,3528,2025706,62559,18870482
1790108596146138928,13111186,11000047,3528,2026177,62579,18870482
1790108596262931498,13111914,11000283,3528,2026659,62592,18870482
1790108596378128634,13112646,11000507,3528,2027146,62606,18870482
1790108596492583368,13113357,11000741,3528,2027611,62622,18870482
1790108596607237743,13114071,11000977,3528,2028080,62636,18870482
1790108596721339746,13114801,11001284,3528,2028473,62650,18870482
1790108596834634157,13115513,11001526,3528,2028927,62667,18870482
1790108596952795285,13116247,11001761,3528,2029419,62680,18870482
1790108597067432273,13116969,11001994,3528,2029896,62690,18870482
1790108597184817020,13117738,11002271,3528,2030347,62699,18870482
1790108597300204100,13118473,11002525,3528,2030801,62710,18870482
1790108597414975617,13119203,11002772,3528,2031265,62718,18870482
1790108597530151804,13119921,11003033,3528,2031714,62729,18870482
1790108597647312862,13120641,11003279,3528,2032184,62746,18870482
1790108597761406696,13121358,11003499,3528,2032671,62755,18870482
1790108597877028989,13122076,11003736,3528,2033077,62838,18870482
1790108597992917865,13122801,11003971,3528,2033555,62850,18870482
1790108598108123922,13123513,11004221,3528,2034014,62862,18870482
1790108598223701905,13124214,11004462,3528,2034486,62872,18870482
1790108598339392069,13124947,11004702,3528,2034956,62888,18870482
1790108598456598416,13125678,11004954,3528,2035426,62900,18870482
1790108598572824182,13126436,11005227,3528,2035866,62916,18870482
1790108598687518325,13127165,11005482,3528,2036319,62929,18870482
1790108598801584829,13127862,11005751,3528,2036749,62943,18870482
1790108598916977255,13128604,11006002,3528,2037205,62957,18870482
1790108599032539912,13129314,11006271,3528,2037648,62968,18870482
1790108599147420251,13130022,11006494,3528,2038136,62982,18870482
1790108599262502489,13130758,11006745,3528,2038589,62995,18870482
1790108599378436962,13131496,11007004,3528,2039042,63009,18870482
1790108599494543838,13132234,11007259,3528,2039500,63024,18870482
1790108599612023841,13132956,11007497,3528,2039985,63036,18870482
1790108599728421559,13133647,11007733,3528,2040468,63049,18870482
1790108599842135394,13134367,11007974,3528,2040924,63062,18870482
1790108599959361399,13135104,11008220,3528,2041403,63075,18870482
1790108600073867140,13135838,11008484,3528,2041841,63085,18870482
1790108600187655150,13136543,11008723,3528,2042302,63099,18870482
1790108600303783773,13137265,11008965,3528,2042772,63113,18870482
1790108600420084885,13138018,11009231,3528,2043223,63124,18870482
1790108600536923949,13138763,11009476,3528,2043701,63135,18870482
1790108600653812822,13139499,11009718,3528,2044117,63213,18870482
1790108600768515189,13140229,11009996,3528,2044544,63228,18870482
1790108600883270889,13140933,11010265,3528,2044977,63240,18870482
1790108600998947138,13141642,11010528,3528,2045430,63250,18870482
1790108601115031111,13142358,11010763,3528,2045912,63260,18870482
1790108601229180166,13143065,11011004,3528,2046375,63273,18870482
1790108601346581903,13143804,11011248,3528,2046850,63286,18870482
1790108601462864825,13144543,11011506,3528,2047308,63298,18870482
1790108601577097240,13145288,11011741,3528,2047776,63312,18870482
1790108601693160852,13146025,11011996,3528,2048232,63327,18870482
1790108601808053515,13146736,11012234,3528,2048699,63341,18870482
1790108601922635251,13147472,11012497,3528,2049148,63349,18870482
1790108602038541429,13148229,11012753,3528,2049601,63365,18870482
1790108602154087312,13148955,11012996,3528,2050071,63378,18870482
1790108602267700354,13149662,11013269,3528,2050499,63388,18870482
1790108602382426953,13150376,11013507,3528,2050966,63403,18870482
1790108602497806485,13151086,11013755,3528,2051426,63416,18870482
1790108602614843177,13151848,11013992,3528,2051909,63427,18870482
1790108602731150385,13152593,11014281,3528,2052335,63441,18870482
1790108602844560806,13153303,11014519,3528,2052793,63455,18870482
1790108602960403034,13154031,11014765,3528,2053264,63466,18870482
1790108603075760068,13154753,11015011,3528,2053725,63479,18870482
1790108603190884238,13155490,11015256,3528,2054188,63493,18870482
1790108603306193389,13156245,11015504,3528,2054648,63505,18870482
1790108603423495903,13156988,11015760,3528,2055116,63516,18870482
1790108603539445849,13157724,11015998,3528,2055509,63613,18870482
1790108603654559546,13158412,11016255,3528,2055961,63624,18870482
1790108603768428701,13159127,11016497,3528,2056419,63638,18870482
1790108603884097357,13159848,11016743,3528,2056884,63651,18870482
1790108603997797354,13160587,11017022,3528,2057306,63662,18870482
1790108604113930853,13161307,11017269,3528,2057773,63677,18870482
1790108604230117326,13162042,11017516,3528,2058241,63689,18870482
1790108604346022138,13162779,11017771,3528,2058697,63703,18870482
1790108604460978643,13163484,11018014,3528,2059161,63714,18870482
1790108604576831559,13164219,11018273,3528,2059620,63722,18870482
1790108604691681481,13164923,11018534,3528,2060064,63736,18870482
1790108604808078864,13165689,11018782,3528,2060541,63743,18870482
1790108604925155079,13166443,11019030,3528,2061013,63755,18870482
1790108605041265636,13167174,11019272,3528,2061488,63764,18870482
1790108605155366694,13167887,11019580,3528,2061884,63777,18870482
1790108605268845041,13168613,11019815,3528,2062350,63788,18870482
1790108605383583568,13169334,11020085,3528,2062788,63798,18870482
1790108605498838122,13170062,11020345,3528,2063237,63814,18870482
1790108605613854227,13170802,11020604,3528,2063683,63828,18870482
1790108605729206255,13171525,11020868,3528,2064133,63840,18870482
1790108605846973066,13172258,11021128,3528,2064592,63854,18870482
1790108605961935310,13172980,11021364,3528,2065060,63871,18870482
1790108606075434313,13173687,11021616,3528,2065505,63885,18870482
1790108606193191592,13174405,11021846,3528,2066004,63898,18870482
1790108606307953690,13175130,11022078,3528,2066399,63985,18870482
1790108606422523369,13175866,11022311,3528,2066863,64006,18870482
1790108606537603292,13176602,11022552,3528,2067330,64018,18870482
1790108606651844074,13177307,11022805,3528,2067777,64032,18870482
1790108606767806870,13178016,11023062,3528,2068234,64045,18870482
1790108606885026423,13178765,11023312,3528,2068707,64057,18870482
1790108606999584429,13179490,11023579,3528,2069143,64070,18870482
1790108607115633296,13180205,11023827,3528,2069608,64084,18870482
1790108607233408522,13180944,11024083,3528,2070078,64096,18870482
1790108607348884601,13181646,11024339,3528,2070533,64107,18870482
1790108607466362657,13182399,11024617,3528,2070977,64120,18870482
1790108607583072896,13183153,11024855,3528,2071462,64129,18870482
1790108607699914979,13183876,11025127,3528,2071910,64143,18870482
1790108607814529546,13184599,11025408,3528,2072336,64153,18870482
1790108607928873612,13185318,11025667,3528,2072772,64176,18870482
1790108608044654444,13186027,11025924,3528,2073232,64185,18870482
1790108608158850387,13186760,11026158,3528,2073700,64196,18870482
1790108608275886778,13187501,11026390,3528,2074194,64204,18870482
1790108608395187870,13188260,11026654,3528,2074666,64216,18870482
1790108608511828760,13188979,11026902,3528,2075134,64230,18870482
1790108608626005500,13189697,11027180,3528,2075561,64242,18870482
1790108608740691097,13190409,11027425,3528,2076019,64258,18870482
1790108608856635399,13191133,11027764,3528,2076399,64268,18870482
1790108608971357730,13191860,11028026,3528,2076843,64283,18870482
1790108609089569411,13192614,11028295,3528,2077296,64299,18870482
1790108609205378557,13193355,11028530,3528,2077697,64391,18870482
1790108609319156259,13194058,11028789,3528,2078131,64408,18870482
1790108609435383741,13194781,11029034,3528,2078605,64420,18870482
1790108609551526008,13195496,11029272,3528,2079080,64433,18870482
1790108609666054282,13196203,11029543,3528,2079514,64445,18870482
1790108609781554635,13196939,11029788,3528,2079984,64456,18870482
1790108609896226218,13197641,11030048,3528,2080428,64469,18870482
1790108610012131583,13198326,11030304,3528,2080886,64479,18870482
1790108610128205855,13199038,11030550,3528,2081351,64495,18870482
1790108610242367069,13199753,11030795,3528,2081813,64504,18870482
1790108610358142960,13200463,11031063,3528,2082259,64514,18870482
1790108610473755589,13201207,11031306,3528,2082731,64526,18870482
1790108610588984680,13201922,11031556,3528,2083192,64537,18870482
1790108610705967887,13202674,11031802,3528,2083664,64549,18870482
1790108610820718800,13203393,11032037,3528,2084132,64564,18870482
1790108610936745303,13204094,11032277,3528,2084604,64577,18870482
1790108611052200273,13204836,11032531,3528,2085064,64587,18870482
1790108611168049782,13205586,11032776,3528,2085528,64604,18870482
1790108611284209204,13206315,11033029,3528,2085988,64620,18870482
1790108611398392887,13207008,11033260,3528,2086457,64634,18870482
1790108611512372063,13207701,11033493,3528,2086926,64646,18870482
1790108611628168555,13208438,11033748,3528,2087377,64660,18870482
1790108611744330629,13209145,11033979,3528,2087857,64677,18870482
1790108611857639490,13209857,11034201,3528,2088333,64691,18870482
1790108611974419044,13210594,11034452,3528,2088735,64773,18870482
1790108612089411956,13211335,11034693,3528,2089204,64784,18870482
1790108612204047439,13212057,11034941,3528,2089657,64796,18870482
1790108612319157429,13212787,11035185,3528,2090124,64806,18870482
1790108612433333253,13213508,11035430,3528,2090578,64822,18870482
1790108612546945589,13214202,11035655,3528,2091059,64832,18870482
1790108612663393630,13214943,11035914,3528,2091513,64847,18870482
1790108612779937807,13215667,11036190,3528,2091945,64868,18870482
1790108612894944611,13216376,11036443,3528,2092393,64887,18870482
1790108613008736708,13217117,11036689,3528,2092852,64897,18870482
1790108613125287825,13217861,11036930,3528,2093329,64906,18870482
1790108613240216739,13218574,11037177,3528,2093796,64914,18870482
1790108613355832852,13219279,11037459,3528,2094223,64929,18870482
1790108613470839087,13220024,11037693,3528,2094694,64944,18870482
1790108613585427659,13220746,11037940,3528,2095149,64960,18870482
1790108613701003671,13221463,11038182,3528,2095618,64972,18870482
1790108613815653280,13222166,11038417,3528,2096085,64987,18870482
1790108613930679713,13222893,11038656,3528,2096555,65001,18870482
1790108614046068813,13223622,11038931,3528,2096986,65015,18870482
1790108614160334360,13224346,11039190,3528,2097429,65029,18870482
1790108614276387563,13225068,11039448,3528,2097890,65039,18870482
1790108614391131609,13225815,11039699,3528,2098346,65050,18870482
1790108614508072945,13226512,11039951,3528,2098813,65062,18870482
1790108614623601358,13227252,11040199,3528,2099285,65070,18870482
1790108614739364554,13227978,11040450,3528,2099741,65084,18870482
1790108614853478974,13228705,11040667,3528,2100149,65176,18870482
1790108614967989402,13229429,11040921,3528,2100595,65193,18870482
1790108615081831191,13230122,11041160,3528,2101054,65208,18870482
1790108615197479518,13230845,11041402,3528,2101526,65222,18870482
1790108615313025609,13231557,11041650,3528,2101984,65236,18870482
1790108615431710445,13232314,11041915,3528,2102452,65249,18870482
1790108615547422788,13233048,11042152,3528,2102924,65264,18870482
1790108615660425801,13233747,11042403,3528,2103367,65278,18870482
1790108615774980217,13234456,11042642,3528,2103830,65293,18870482
1790108615890214898,13235195,11042884,3528,2104299,65305,18870482
1790108616005178187,13235921,11043127,3528,2104764,65315,18870482
1790108616121964698,13236647,11043373,3528,2105241,65326,18870482
1790108616236619955,13237370,11043611,3528,2105706,65339,18870482
1790108616352321860,13238082,11043867,3528,2106161,65353,18870482
1790108616466094407,13238793,11044109,3528,2106617,65368,18870482
1790108616580086975,13239493,11044376,3528,2107054,65379,18870482
1790108616693350822,13240206,11044619,3528,2107510,65390,18870482
1790108616812506416,13240962,11044857,3528,2108008,65401,18870482
1790108616926868884,13241673,11045137,3528,2108434,65412,18870482
1790108617041720767,13242401,11045373,3528,2108905,65426,18870482
1790108617156560084,13243129,11045614,3528,2109363,65443,18870482
1790108617271848514,13243847,11045859,3528,2109828,65455,18870482
1790108617386628500,13244600,11046135,3528,2110264,65465,18870482
1790108617506056424,13245353,11046369,3528,2110763,65478,18870482
1790108617622239205,13246076,11046594,3528,2111175,65570,18870482
1790108617737087583,13246791,11046830,3528,2111646,65581,18870482
1790108617851463986,13247485,11047076,3528,2112102,65596,18870482
1790108617965735763,13248228,11047313,3528,2112571,65606,18870482
1790108618081658411,13248952,11047557,3528,2113039,65619,18870482
1790108618198204378,13249690,11047780,3528,2113534,65630,18870482
1790108618313637991,13250418,11048018,3528,2114005,65645,18870482
1790108618429798987,13251123,11048263,3528,2114473,65657,18870482
1790108618544883450,13251860,11048504,3528,2114943,65667,18870482
1790108618658542924,13252583,11048741,3528,2115405,65679,18870482
1790108618774361992,13253300,11048968,3528,2115897,65689,18870482
1790108618890575246,13254038,11049575,3528,2116009,65698,18898002
1790108619003739986,13254756,11049969,3528,2116330,65701,18903890
1790108619132974798,13255577,11050091,3528,2117028,65702,18903890
1790108619248642969,13256318,11050166,3528,2117687,65702,18903890
1790108619362535385,13257046,11050248,3528,2118328,65703,18903890
1790108619480463364,13257794,11050413,3528,2118916,65703,18903890
1790108619594230935,13258522,11050457,3528,2119597,65703,18903890
1790108619707979891,13259254,11050542,3528,2120237,65704,18903890
1790108619825887212,13260012,11050673,3528,2120854,65705,18903890
1790108619939942572,13260742,11050695,3528,2121561,65705,18903890
1790108620057425875,13261486,11050787,3528,2122214,65707,18903890
1790108620172092279,13262211,11050909,3528,2122821,65707,18903890
1790108620286150532,13262939,11050944,3528,2123512,65707,18903890
1790108620399872273,13263668,11051063,3528,2124117,65708,18903890
1790108620517881530,13264427,11051138,3528,2124794,65708,18903890
1790108620631750391,13265158,11051197,3528,2125456,65708,18903890
1790108620749280899,13265913,11051289,3528,2126114,65708,18903890
1790108620867243319,13266667,11051401,3528,2126753,65709,18903890
1790108620981186993,13267396,11051488,3528,2127391,65709,18903890
1790108621099166844,13268150,11051612,3528,2128019,65709,18903890
1790108621210830508,13268862,11051740,3528,2128604,65709,18903890
1790108621324867797,13269606,11051835,3528,2129235,65709,18903890
1790108621442843618,13270363,11051959,3528,2129857,65709,18903890
1790108621556949327,13271093,11051992,3528,2130556,65709,18903890
1790108621670695302,13271817,11052092,3528,2131174,65710,18903890
1790108621788684793,13272571,11052260,3528,2131756,65710,18903890
1790108621902605779,13273301,11052312,3528,2132431,65710,18903890
1790108622021317519,13274051,11052440,3528,2133059,65711,18903890
1790108622139337868,13274802,11052624,3528,2133624,65712,18903890
1790108622259511847,13275565,11052668,3528,2134344,65712,18903890
1790108622372476160,13276280,11052798,3528,2134930,65713,18903890
1790108622493626222,13277053,11052895,3528,2135602,65714,18903890
1790108622611790265,13277800,11053051,3528,2136201,65715,18903890
1790108622729567039,13278545,11053177,3528,2136818,65716,18903890
1790108622847646716,13279300,11053323,3528,2137421,65716,18903890
1790108622965646620,13280060,11053450,3528,2138045,65716,18903890
1790108623079779663,13280789,11053472,3528,2138750,65716,18903890
1790108623194329348,13281522,11053552,3528,2139402,65718,18903890
1790108623312627432,13282280,11053677,3528,2140027,65718,18903890
1790108623430402847,13283034,11053822,3528,2140631,65718,18903890
1790108623548351181,13283790,11053964,3528,2141241,65718,18903890
1790108623666367942,13284547,11054121,3528,2141834,65718,18903890
1790108623784401312,13285304,11054212,3528,2142494,65718,18903890
1790108623902516028,13286061,11054320,3528,2143138,65718,18903890
1790108624016473180,13286782,11054415,3528,2143767,65719,18903890
1790108624134380033,13287537,11054521,3528,2144413,65719,18903890
1790108624250858467,13288278,11054688,3528,2144988,65720,18903890
1790108624368290940,13289038,11054793,3528,2145628,65720,18903890
1790108624486210571,13289790,11054976,3528,2146194,65721,18903890
1790108624603546633,13290536,11055152,3528,2146764,65722,18903890
1790108624719982459,13291282,11055324,3528,2147334,65722,18903890
1790108624833887503,13292006,11055417,3528,2147963,65722,18903890
1790108624946604415,13292735,11055597,3528,2148496,65725,18903890
1790108625068326084,13293511,11055680,3528,2149162,65750,18903890
1790108625184242106,13294244,11055819,3528,2149723,65789,18903890
1790108625302337573,13295001,11055958,3528,2150297,65825,18903890
1790108625420859568,13295755,11056089,3528,2150881,65867,18903890
1790108625539015286,13296511,11056154,3528,2151548,65887,18903890
1790108625655530657,13297264,11056224,3528,2152217,65887,18903890
1790108625769370197,13297992,11056300,3528,2152866,65888,18903890
1790108625887159491,13298746,11056416,3528,2153501,65888,18903890
1790108626005145454,13299495,11056584,3528,2154080,65890,18903890
1790108626122564387,13300245,11056756,3528,2154654,65890,18903890
1790108626240733533,13300997,11056982,3528,2155179,65890,18903890
1790108626356398581,13301736,11057150,3528,2155748,65891,18903890
1790108626474375069,13302492,11057247,3528,2156402,65891,18903890
1790108626587989624,13303219,11057315,3528,2157059,65891,18903890
1790108626705121687,13303965,11057449,3528,2157667,65893,18903890
1790108626823092486,13304723,11057593,3528,2158274,65893,18903890
1790108626941294682,13305477,11057685,3528,2158933,65894,18903890
1790108627055174966,13306205,11057798,3528,2159545,65894,18903890
1790108627172817229,13306963,11057963,3528,2160128,65896,18903890
1790108627290988845,13307716,11058095,3528,2160746,65896,18903890
1790108627404599810,13308444,11058116,3528,2161447,65896,18903890
1790108627519958158,13309171,11058210,3528,2162088,65898,18903890
1790108627636217440,13309911,11058415,3528,2162620,65899,18903890
1790108627754090664,13310655,11058579,3528,2163204,65901,18903890
1790108627871955642,13311414,11058685,3528,2163849,65901,18903890
1790108627988664631,13312163,11058876,3528,2164397,65901,18903890
1790108628106687374,13312912,11058975,3528,2165047,65902,18903890
1790108628224604144,13313662,11059050,3528,2165724,65902,18903890
1790108628338337793,13314394,11059128,3528,2166370,65903,18903890
1790108628456328849,13315150,11059216,3528,2167033,65903,18903890
1790108628570672501,13315876,11059404,3528,2167567,65906,18903890
1790108628687549858,13316633,11059515,3528,2168200,65906,18903890
1790108628805340025,13317381,11059656,3528,2168812,65907,18903890
1790108628922365636,13318127,11059761,3528,2169449,65907,18903890
1790108629036989907,13318858,11059895,3528,2170046,65907,18903890
1790108629151019717,13319591,11059953,3528,2170715,65907,18903890
1790108629263240862,13320316,11060102,3528,2171278,65908,18903890
1790108629381309800,13321073,11060187,3528,2171944,65908,18903890
1790108629499045836,13321831,11060332,3528,2172547,65909,18903890
1790108629617087663,13322580,11060462,3528,2173168,65909,18903890
1790108629735061421,13323346,11060617,3528,2173763,65910,18903890
1790108629853432554,13324112,11060744,3528,2174394,65910,18903890
1790108629968989386,13324851,11060770,3528,2175101,65910,18903890
1790108630082883307,13325584,11060842,3528,2175753,65910,18903890
1790108630200753062,13326341,11060959,3528,2176381,65910,18903890
1790108630318600348,13327104,11061088,3528,2177001,65910,18903890
1790108630436638241,13327859,11061206,3528,2177636,65911,18903890
1790108630554104642,13328615,11061371,3528,2178215,65913,18903890
1790108630671751624,13329372,11061472,3528,2178860,65913,18903890
1790108630789663914,13330123,11061551,3528,2179531,65914,18903890
1790108630903790055,13330843,11061637,3528,2180176,65914,18903890
1790108631021638690,13331599,11061712,3528,2180847,65914,18903890
1790108631135018477,13332320,11061908,3528,2181376,65915,18903890
1790108631252119063,13333063,11062025,3528,2182002,65916,18903890
1790108631370170352,13333818,11062161,3528,2182616,65916,18903890
1790108631484626369,13334550,11062274,3528,2183227,65916,18903890
1790108631600321666,13335292,11062398,3528,2183841,65916,18903890
1790108631714054294,13336015,11062427,3528,2184539,65916,18903890
1790108631827807320,13336744,11062571,3528,2185118,65918,18903890
1790108631945682452,13337497,11062684,3528,2185751,65918,18903890
1790108632060885947,13338221,11062856,3528,2186315,65919,18903890
1790108632178827482,13338974,11062980,3528,2186941,65919,18903890
1790108632296755646,13339731,11063140,3528,2187525,65919,18903890
1790108632414689952,13340484,11063269,3528,2188151,65920,18903890
1790108632528771237,13341211,11063366,3528,2188777,65920,18903890
1790108632642650231,13341939,11063475,3528,2189393,65920,18903890
1790108632760606294,13342685,11063636,3528,2189982,65921,18903890
1790108632878306971,13343440,11063761,3528,2190606,65921,18903890
1790108632993496108,13344172,11063881,3528,2191218,65922,18903890
1790108633111397197,13344922,11064062,3528,2191787,65922,18903890
1790108633227220180,13345664,11064239,3528,2192344,65925,18903890
1790108633345285540,13346424,11064357,3528,2192977,65925,18903890
1790108633459091528,13347146,11064423,3528,2193639,65925,18903890
1790108633577321360,13347900,11064554,3528,2194257,65926,18903890
1790108633698289113,13348680,11064704,3528,2194878,65926,18903890
1790108633817337447,13349441,11064835,3528,2195503,65927,18903890
1790108633935435323,13350198,11064941,3528,2196148,65927,18903890
1790108634053363156,13350941,11065082,3528,2196757,65928,18903890
1790108634171523405,13351696,11065216,3528,2197373,65929,18903890
1790108634304435133,13352546,11065283,3528,2198152,65929,18903890
1790108634418491535,13353285,11065392,3528,2198768,65929,18903890
1790108634536735205,13354039,11065498,3528,2199416,65930,18903890
1790108634652321782,13354783,11065597,3528,2200050,65930,18903890
1790108634768341868,13355529,11065723,3528,2200663,65931,18903890
1790108634886096819,13356273,11065887,3528,2201246,65932,18903890
1790108635003970032,13357023,11066013,3528,2201871,65933,18903890
1790108635118639270,13357759,11066034,3528,2202577,65933,18903890
1790108635233896254,13358471,11066126,3528,2203221,65934,18903890
1790108635351962428,13359228,11066276,3528,2203821,65935,18903890
1790108635469910189,13359970,11066438,3528,2204407,65937,18903890
1790108635587741342,13360727,11066533,3528,2205061,65937,18903890
1790108635703750051,13361459,11066716,3528,2205610,65938,18903890
1790108635821327101,13362214,11066811,3528,2206266,65939,18903890
1790108635939290710,13362971,11066887,3528,2206941,65939,18903890
1790108636052923050,13363690,11066972,3528,2207580,65940,18903890
1790108636171008351,13364442,11067106,3528,2208197,65940,18903890
1790108636286517885,13365178,11067304,3528,2208730,65941,18903890
1790108636401228701,13365924,11067436,3528,2209329,65941,18903890
1790108636519189863,13366680,11067506,3528,2210012,65941,18903890
1790108636634351100,13367408,11067673,3528,2210573,65943,18903890
1790108636752508893,13368167,11067813,3528,2211184,65943,18903890
1790108636866479290,13368903,11067861,3528,2211863,65943,18903890
1790108636982788574,13369632,11067978,3528,2212482,65944,18903890
1790108637100576415,13370383,11068055,3528,2213157,65944,18903890
1790108637218222781,13371139,11068215,3528,2213744,65945,18903890
1790108637336029662,13371889,11068337,3528,2214374,65945,18903890
1790108637453958213,13372639,11068508,3528,2214951,65946,18903890
1790108637571876381,13373391,11068602,3528,2215607,65946,18903890
1790108637684901650,13374111,11068650,3528,2216281,65946,18903890
1790108637798806431,13374842,11068721,3528,2216936,65946,18903890
1790108637916856558,13375598,11068847,3528,2217560,65946,18903890
1790108638034743552,13376348,11069017,3528,2218133,65948,18903890
1790108638152726047,13377103,11069116,3528,2218786,65948,18903890
1790108638269177745,13377844,11069286,3528,2219358,65948,18903890
1790108638386831993,13378594,11069390,3528,2220004,65949,18903890
1790108638505150004,13379359,11069473,3528,2220673,65949,18903890
1790108638618913790,13380084,11069544,3528,2221326,65950,18903890
1790108638736798282,13380840,11069613,3528,2222009,65950,18903890
1790108638853698338,13381593,11069797,3528,2222565,65950,18903890
1790108638970278779,13382341,11069905,3528,2223198,65951,18903890
1790108639087980699,13383090,11070049,3528,2223806,65951,18903890
1790108639206143006,13383848,11070154,3528,2224448,65953,18903890
1790108639322213730,13384593,11070250,3528,2225091,65953,18903890
1790108639436281090,13385327,11070293,3528,2225774,65953,18903890
1790108639553032648,13386066,11070401,3528,2226408,65955,18903890
1790108639670896880,13386820,11070495,3528,2227065,65955,18903890
1790108639784673439,13387553,11070572,3528,2227707,65956,18903890
1790108639902332757,13388306,11070683,3528,2228346,65957,18903890
1790108640018886434,13389047,11070806,3528,2228968,65957,18903890
1790108640132804076,13389768,11070885,3528,2229613,65959,18903890
1790108640250966907,13390527,11071011,3528,2230238,65959,18903890
1790108640365077259,13391259,11071035,3528,2230940,65959,18903890
1790108640479031891,13391979,11071115,3528,2231585,65960,18903890
1790108640596931511,13392725,11071250,3528,2232201,65960,18903890
1790108640711369440,13393460,11071272,3528,2232909,65960,18903890
1790108640829424889,13394195,11071388,3528,2233539,65962,18903890
1790108640943354375,13394926,11071515,3528,2234136,65962,18903890
1790108641057553642,13395659,11071547,3528,2234833,65962,18903890
1790108641171438941,13396389,11071673,3528,2235428,65963,18903890
1790108641289284997,13397138,11071748,3528,2236104,65963,18903890
1790108641403479458,13397863,11071810,3528,2236767,65964,18903890
1790108641520533450,13398612,11071904,3528,2237418,65964,18903890
1790108641638374166,13399370,11071978,3528,2238096,65965,18903890
1790108641752292093,13400096,11072057,3528,2238741,65966,18903890
1790108641870133564,13400847,11072163,3528,2239385,65967,18903890
1790108641983089014,13401563,11072203,3528,2240066,65967,18903890
1790108642097204414,13402298,11072280,3528,2240713,65967,18903890
1790108642215076554,13403048,11072438,3528,2241304,65967,18903890
1790108642329216436,13403784,11072461,3528,2242009,65967,18903890
1790108642444332873,13404504,11072633,3528,2242562,65972,18903890
1790108642558142938,13405212,11072898,3528,2242993,65988,18903890
1790108642673557787,13405944,11073074,3528,2243225,66308,18903890
1790108642790376696,13406674,11073328,3528,2243555,66457,18903890
1790108642904749952,13407383,11073581,3528,2244004,66474,18903890
1790108643020671473,13408095,11073832,3528,2244470,66485,18903890
1790108643134684719,13408804,11074067,3528,2244934,66498,18903890
1790108643250301676,13409535,11074295,3528,2245420,66507,18903890
1790108643365310359,13410257,11074549,3528,2245873,66521,18903890
1790108643480178566,13410954,11074803,3528,2246327,66532,18903890
1790108643594884538,13411683,11075039,3528,2246796,66544,18903890
1790108643710158944,13412421,11075318,3528,2247231,66552,18903890
1790108643825941819,13413154,11075564,3528,2247696,66567,18903890
1790108643942092345,13413907,11075811,3528,2248166,66577,18903890
1790108644059387119,13414629,11076083,3528,2248620,66589,18903890
1790108644173980661,13415350,11076315,3528,2249092,66601,18903890
1790108644288573163,13416092,11076589,3528,2249521,66613,18903890
1790108644404040381,13416834,11076861,3528,2249962,66624,18903890
1790108644519636301,13417558,11077135,3528,2250401,66637,18903890
1790108644632190092,13418262,11077377,3528,2250854,66646,18903890
1790108644748520468,13418976,11077643,3528,2251305,66657,18903890
1790108644864723616,13419713,11077886,3528,2251711,66738,18903890
1790108644979929827,13420429,11078127,3528,2252180,66750,18903890
1790108645095008878,13421150,11078374,3528,2252642,66761,18903890
1790108645210616004,13421867,11078632,3528,2253096,66774,18903890
1790108645326312843,13422604,11078859,3528,2253582,66786,18903890
1790108645441301708,13423341,11079122,3528,2254025,66801,18903890
1790108645556646500,13424039,11079363,3528,2254488,66817,18903890
1790108645671402048,13424749,11079608,3528,2254947,66831,18903890
1790108645785601637,13425468,11079852,3528,2255408,66842,18903890
1790108645901144252,13426208,11080100,3528,2255869,66855,18903890
1790108646015570720,13426925,11080340,3528,2256335,66865,18903890
1790108646131680956,13427648,11080594,3528,2256791,66879,18903890
1790108646247655972,13428396,11080851,3528,2257246,66892,18903890
1790108646363441365,13429122,11081090,3528,2257719,66905,18903890
1790108646479906786,13429875,11081345,3528,2258181,66918,18903890
1790108646594392256,13430605,11081586,3528,2258643,66930,18903890
1790108646708725102,13431305,11081833,3528,2259104,66941,18903890
1790108646825560523,13432058,11082079,3528,2259569,66958,18903890
1790108646940476349,13432770,11082327,3528,2260029,66973,18903890
1790108647054113286,13433485,11082563,3528,2260489,66985,18903890
1790108647169397758,13434203,11082811,3528,2260953,66997,18903890
1790108647284494986,13434892,11083092,3528,2261378,67011,18903890
1790108647401172912,13435635,11083338,3528,2261852,67021,18903890
1790108647515320762,13436348,11083600,3528,2262293,67034,18903890
1790108647631458824,13437075,11083835,3528,2262682,67136,18903890
1790108647747363475,13437797,11084070,3528,2263158,67149,18903890
1790108647863076928,13438499,11084311,3528,2263626,67165,18903890
1790108647977720546,13439222,11084573,3528,2264075,67174,18903890
1790108648091736503,13439938,11084812,3528,2264543,67180,18903890
1790108648206096119,13440654,11085054,3528,2265006,67193,18903890
1790108648320504749,13441361,11085289,3528,2265474,67207,18903890
1790108648436432343,13442112,11085522,3528,2265959,67216,18903890
1790108648552834849,13442838,11085767,3528,2266426,67228,18903890
1790108648668751324,13443589,11086010,3528,2266899,67241,18903890
1790108648785457129,13444321,11086266,3528,2267364,67250,18903890
1790108648901184026,13445038,11086524,3528,2267817,67261,18903890
1790108649015505385,13445748,11086762,3528,2268281,67277,18903890
1790108649131414474,13446449,11087011,3528,2268739,67293,18903890
1790108649245497199,13447159,11087266,3528,2269189,67304,18903890
1790108649361092146,13447885,11087508,3528,2269660,67315,18903890
1790108649477134478,13448599,11087730,3528,2270157,67326,18903890
1790108649593622718,13449346,11087977,3528,2270626,67336,18903890
1790108649709398042,13450078,11088231,3528,2271080,67353,18903890
1790108649825513697,13450799,11088502,3528,2271522,67368,18903890
1790108649940974075,13451521,11088739,3528,2271997,67380,18903890
1790108650056282231,13452235,11088977,3528,2272467,67392,18903890
1790108650171551593,13452954,11089213,3528,2272946,67403,18903890
1790108650287138420,13453687,11089467,3528,2273401,67416,18903890
1790108650402816870,13454406,11089716,3528,2273789,67503,18903890
1790108650517962034,13455123,11089962,3528,2274250,67517,18903890
1790108650634863805,13455857,11090202,3528,2274735,67524,18903890
1790108650749064518,13456545,11090440,3528,2275193,67542,18903890
1790108650864377941,13457275,11090694,3528,2275652,67554,18903890
1790108650979676421,13458021,11090958,3528,2276099,67566,18903890
1790108651093961699,13458743,11091203,3528,2276550,67583,18903890
1790108651208521768,13459459,11091436,3528,2277022,67596,18903890
1790108651324192068,13460167,11091679,3528,2277489,67611,18903890
1790108651441066370,13460914,11091925,3528,2277962,67622,18903890
1790108651558418581,13461644,11092167,3528,2278445,67635,18903890
1790108651674558361,13462368,11092414,3528,2278909,67648,18903890
1790108651788721082,13463083,11092659,3528,2279364,67663,18903890
1790108651904305635,13463815,11092899,3528,2279835,67678,18903890
1790108652018087520,13464517,11093151,3528,2280285,67688,18903890
1790108652134051410,13465231,11093397,3528,2280756,67699,18903890
1790108652249198977,13465973,11093629,3528,2281234,67711,18903890
1790108652365127006,13466714,11093883,3528,2281693,67723,18903890
1790108652481297392,13467440,11094139,3528,2282154,67737,18903890
1790108652597112840,13468182,11094378,3528,2282624,67749,18903890
1790108652712620093,13468912,11094626,3528,2283090,67758,18903890
1790108652826584059,13469616,11094859,3528,2283559,67770,18903890
1790108652941654493,13470337,11095090,3528,2284043,67781,18903890
1790108653056463660,13471058,11095332,3528,2284502,67796,18903890
1790108653171552493,13471786,11095583,3528,2284892,67877,18903890
1790108653286564876,13472518,11095839,3528,2285350,67887,18903890
1790108653400428935,13473235,11096068,3528,2285815,67902,18903890
1790108653514811128,13473943,11096306,3528,2286284,67913,18903890
1790108653630614936,13474657,11096525,3528,2286783,67920,18903890
1790108653747122592,13475394,11096783,3528,2287242,67934,18903890
1790108653862997174,13476116,11097033,3528,2287700,67948,18903890
1790108653977302930,13476831,11097264,3528,2288171,67963,18903890
1790108654092058154,13477585,11097509,3528,2288638,67975,18903890
1790108654208303602,13478325,11097774,3528,2289083,67988,18903890
1790108654323613313,13479071,11098000,3528,2289565,68003,18903890
1790108654439155734,13479812,11098252,3528,2290023,68016,18903890
1790108654554308609,13480539,11098497,3528,2290488,68027,18903890
1790108654670334787,13481266,11098732,3528,2290971,68037,18903890
1790108654786129824,13481981,11099002,3528,2291414,68048,18903890
1790108654902232075,13482705,11099257,3528,2291877,68057,18903890
1790108655018791014,13483428,11099488,3528,2292369,68069,18903890
1790108655135477238,13484146,11099765,3528,2292804,68085,18903890
1790108655251676014,13484898,11100012,3528,2293275,68096,18903890
1790108655367906749,13485642,11100258,3528,2293744,68108,18903890
1790108655481239016,13486374,11100493,3528,2294207,68120,18903890
1790108655595429339,13487078,11100731,3528,2294671,68132,18903890
1790108655710658649,13487791,11100992,3528,2295123,68144,18903890
1790108655826383457,13488517,11101235,3528,2295586,68160,18903890
1790108655941072547,13489225,11101471,3528,2295975,68254,18903890
1790108656057121302,13489964,11101707,3528,2296455,68266,18903890
1790108656173231609,13490684,11101940,3528,2296932,68282,18903890
1790108656287911149,13491414,11102213,3528,2297361,68297,18903890
1790108656403380580,13492138,11102471,3528,2297818,68307,18903890
1790108656520292181,13492886,11102742,3528,2298267,68319,18903890
1790108656635099284,13493617,11102986,3528,2298728,68333,18903890
1790108656750439614,13494322,11103222,3528,2299195,68351,18903890
1790108656866687821,13495056,11103484,3528,2299644,68366,18903890
1790108656983357307,13495768,11103739,3528,2300109,68378,18903890
1790108657098792367,13496509,11103973,3528,2300585,68391,18903890
1790108657214662914,13497239,11104258,3528,2301017,68402,18903890
1790108657329392033,13497955,11104500,3528,2301477,68415,18903890
1790108657444349201,13498675,11104734,3528,2301947,68430,18903890
1790108657558645843,13499395,11104992,3528,2302395,68442,18903890
1790108657673072446,13500112,11105263,3528,2302830,68453,18903890
1790108657788143344,13500842,11105501,3528,2303307,68464,18903890
1790108657903725209,13501569,11105762,3528,2303751,68479,18903890
1790108658020154272,13502295,11106026,3528,2304202,68491,18903890
1790108658135741306,13503006,11106270,3528,2304659,68513,18903890
1790108658250734831,13503757,11106523,3528,2305110,68530,18903890
1790108658363410525,13504452,11106776,3528,2305555,68539,18903890
1790108658479618380,13505191,11107029,3528,2306019,68550,18903890
1790108658593662726,13505927,11107288,3528,2306463,68564,18903890
1790108658708350166,13506662,11107509,3528,2306870,68651,18903890
1790108658823326816,13507373,11107765,3528,2307322,68663,18903890
1790108658938746777,13508084,11108020,3528,2307778,68677,18903890
1790108659054138420,13508823,11108258,3528,2308249,68691,18903890
1790108659170369202,13509569,11108506,3528,2308727,68696,18903890
1790108659285391761,13510279,11108749,3528,2309188,68711,18903890
1790108659400206579,13510984,11109004,3528,2309640,68724,18903890
1790108659514693042,13511699,11109249,3528,2310099,68737,18903890
1790108659629701332,13512408,11109500,3528,2310554,68750,18903890
1790108659746713498,13513139,11109761,3528,2311013,68762,18903890
1790108659861761962,13513856,11110006,3528,2311479,68775,18903890
1790108659979370254,13514612,11110255,3528,2311953,68788,18903890
1790108660094604650,13515315,11110507,3528,2312404,68803,18903890
1790108660209967712,13516040,11110737,3528,2312884,68816,18903890
1790108660325513197,13516767,11110971,3528,2313359,68831,18903890
1790108660441135651,13517530,11111199,3528,2313845,68840,18903890
1790108660556073402,13518250,11111447,3528,2314305,68853,18903890
1790108660673194905,13519003,11111696,3528,2314774,68868,18903890
1790108660788040364,13519728,11111937,3528,2315239,68880,18903890
1790108660904160131,13520438,11112176,3528,2315715,68894,18903890
1790108661019674085,13521158,11112413,3528,2316185,68908,18903890
1790108661135542457,13521877,11112655,3528,2316656,68923,18903890
1790108661252421120,13522621,11112896,3528,2317138,68932,18903890
1790108661369055753,13523358,11113142,3528,2317616,68944,18903890
1790108661484392465,13524070,11113433,3528,2317961,69026,18903890
1790108661599543536,13524781,11113696,3528,2318408,69037,18903890
1790108661715405420,13525498,11113938,3528,2318876,69051,18903890
1790108661829729193,13526193,11114188,3528,2319327,69067,18903890
1790108661946873678,13526924,11114444,3528,2319793,69080,18903890
1790108662062204445,13527641,11114729,3528,2320216,69095,18903890
1790108662175320267,13528342,11114984,3528,2320651,69114,18903890
1790108662290847227,13529049,11115235,3528,2321107,69130,18903890
1790108662406519719,13529808,11115477,3528,2321577,69146,18903890
1790108662521612622,13530513,11115732,3528,2322028,69159,18903890
1790108662637744811,13531229,11115970,3528,2322507,69170,18903890
1790108662752556717,13531937,11116230,3528,2322950,69184,18903890
1790108662866005645,13532666,11116494,3528,2323384,69197,18903890
1790108662981518470,13533371,11116737,3528,2323848,69212,18903890
1790108663098104033,13534106,11116997,3528,2324304,69225,18903890
1790108663214366710,13534835,11117244,3528,2324778,69233,18903890
1790108663330803560,13535551,11117504,3528,2325240,69243,18903890
1790108663445827165,13536283,11117758,3528,2325696,69253,18903890
1790108663560743357,13537014,11118008,3528,2326149,69268,18903890
1790108663676752053,13537736,11118257,3528,2326610,69285,18903890
1790108663791752824,13538476,11118508,3528,2327068,69296,18903890
1790108663908232182,13539199,11118774,3528,2327522,69308,18903890
1790108664025063092,13539949,11119058,3528,2327957,69320,18903890
1790108664139877327,13540653,11119316,3528,2328408,69331,18903890
1790108664255349213,13541405,11119554,3528,2328809,69418,18903890
1790108664371594399,13542121,11119795,3528,2329275,69435,18903890
1790108664487925464,13542861,11120056,3528,2329731,69450,18903890
1790108664604124430,13543565,11120303,3528,2330192,69466,18903890
1790108664720497553,13544300,11120541,3528,2330672,69479,18903890
1790108664834741787,13545018,11120794,3528,2331121,69492,18903890
1790108664950025560,13545762,11121079,3528,2331544,69506,18903890
1790108665065902898,13546507,11121325,3528,2332013,69516,18903890
1790108665181223607,13547230,11121594,3528,2332452,69531,18903890
1790108665296708095,13547947,11121824,3528,2332934,69544,18903890
1790108665412644253,13548672,11122040,3528,2333434,69556,18903890
1790108665528487971,13549408,11122286,3528,2333898,69569,18903890
1790108665643192816,13550133,11122533,3528,2334354,69582,18903890
1790108665758625162,13550841,11122777,3528,2334821,69595,18903890
1790108665875363986,13551573,11123055,3528,2335259,69609,18903890
1790108665992114722,13552285,11123341,3528,2335694,69620,18903890
1790108666107843859,13553019,11123576,3528,2336180,69627,18903890
1790108666222678366,13553751,11123839,3528,2336621,69642,18903890
1790108666338975170,13554469,11124098,3528,2337077,69653,18903890
1790108666454471244,13555179,11124342,3528,2337546,69667,18903890
1790108666568677668,13555894,11124578,3528,2338010,69679,18903890
1790108666683966802,13556610,11124833,3528,2338464,69692,18903890
1790108666799948784,13557357,11125092,3528,2338926,69697,18903890
1790108666916718564,13558102,11125417,3528,2339320,69710,18903890
1790108667032339794,13558836,11125662,3528,2339751,69756,18903890
1790108667148722757,13559565,11125912,3528,2340181,69810,18903890
1790108667263220239,13560311,11126161,3528,2340632,69826,18903890
1790108667379534899,13561033,11126420,3528,2341090,69840,18903890
1790108667495191876,13561764,11126670,3528,2341553,69850,18903890
1790108667611472215,13562494,11126918,3528,2342023,69861,18903890
1790108667726396158,13563202,11127162,3528,2342488,69871,18903890
1790108667841019774,13563917,11127417,3528,2342940,69882,18903890
1790108667954781190,13564624,11127677,3528,2343379,69895,18903890
1790108668070844013,13565355,11127934,3528,2343840,69906,18903890
1790108668184881058,13566051,11128174,3528,2344306,69915,18903890
1790108668301990996,13566790,11128443,3528,2344757,69928,18903890
1790108668416500820,13567513,11128687,3528,2345219,69940,18903890
1790108668531222502,13568235,11128930,3528,2345676,69956,18903890
1790108668645642631,13568935,11129181,3528,2346127,69971,18903890
1790108668760572357,13569633,11129490,3528,2346530,69980,18903890
1790108668877788468,13570380,11129766,3528,2346974,69994,18903890
1790108668992661765,13571106,11130055,3528,2347388,70012,18903890
1790108669106668832,13571802,11130314,3528,2347825,70027,18903890
1790108669221918291,13572538,11130548,3528,2348301,70038,18903890
1790108669338093995,13573239,11130792,3528,2348770,70052,18903890
1790108669453410157,13573965,11131019,3528,2349257,70061,18903890
1790108669570201297,13574700,11131271,3528,2349726,70074,18903890
1790108669684054363,13575395,11131545,3528,2350150,70088,18903890
1790108669798773059,13576121,11131812,3528,2350588,70101,18903890
1790108669913505769,13576846,11132046,3528,2350979,70195,18903890
1790108670027715140,13577573,11132283,3528,2351448,70206,18903890
1790108670143392901,13578316,11132544,3528,2351897,70221,18903890
1790108670258431778,13579032,11132812,3528,2352343,70232,18903890
1790108670374876623,13579750,11133081,3528,2352792,70241,18903890
1790108670490679205,13580455,11133324,3528,2353258,70255,18903890
1790108670605005495,13581171,11133569,3528,2353714,70270,18903890
1790108670721025870,13581890,11133802,3528,2354197,70282,18903890
1790108670836839481,13582596,11134054,3528,2354655,70295,18903890
1790108670952947780,13583321,11134306,3528,2355124,70309,18903890
1790108671074690945,13584089,11134610,3528,2355567,70318,18903890
1790108671189577460,13584821,11134862,3528,2356021,70333,18903890
1790108671304659792,13585519,11135115,3528,2356473,70346,18903890
1790108671418020168,13586233,11135340,3528,2356943,70360,18903890
1790108671533400633,13586945,11135617,3528,2357379,70371,18903890
1790108671648019330,13587653,11135909,3528,2357799,70383,18903890
1790108671766342236,13588411,11136200,3528,2358226,70400,18903890
1790108671880088446,13589131,11136463,3528,2358659,70417,18903890
1790108671994434565,13589844,11136714,3528,2359105,70434,18903890
1790108672109292639,13590567,11136975,3528,2359553,70448,18903890
1790108672225312732,13591309,11137210,3528,2360032,70458,18903890
1790108672341230725,13592034,11137491,3528,2360470,70470,18903890
1790108672461045595,13592762,11137760,3528,2360933,70484,18903890
1790108672577598192,13593503,11138011,3528,2361393,70500,18903890
1790108672692830869,13594221,11138248,3528,2361801,70581,18903890
1790108672809419746,13594956,11138499,3528,2362265,70593,18903890
1790108672925390507,13595663,11138738,3528,2362742,70607,18903890
1790108673039889878,13596383,11138990,3528,2363191,70619,18903890
1790108673156449907,13597125,11139241,3528,2363665,70627,18903890
1790108673270901892,13597846,11139494,3528,2364116,70637,18903890
1790108673385007214,13598549,11139754,3528,2364560,70648,18903890
1790108673500415341,13599275,11140005,3528,2365024,70659,18903890
1790108673614880070,13599994,11140242,3528,2365489,70669,18903890
1790108673731677796,13600739,11140491,3528,2365965,70677,18903890
1790108673849514763,13601489,11140732,3528,2366447,70692,18903890
1790108673968125246,13602244,11141028,3528,2366881,70704,18903890
1790108674084487469,13602961,11141286,3528,2367340,70718,18903890
1790108674198595162,13603684,11141573,3528,2367755,70730,18903890
1790108674316004205,13604422,11141830,3528,2368220,70741,18903890
1790108674431215965,13605154,11142076,3528,2368684,70753,18903890
1790108674549309855,13605905,11142328,3528,2369164,70764,18903890
1790108674663952285,13606614,11142588,3528,2369603,70778,18903890
1790108674779586090,13607344,11142849,3528,2370053,70790,18903890
1790108674895243170,13608085,11143085,3528,2370529,70803,18903890
1790108675011059909,13608797,11143323,3528,2370998,70821,18903890
1790108675124882324,13609513,11143605,3528,2371423,70828,18903890
1790108675241405856,13610248,11143877,3528,2371875,70839,18903890
1790108675355617710,13610977,11144128,3528,2372321,70853,18903890
1790108675470363199,13611698,11144367,3528,2372719,70936,18903890
1790108675586105374,13612443,11144612,3528,2373191,70946,18903890
1790108675701767336,13613166,11144848,3528,2373664,70960,18903890
1790108675816553311,13613864,11145097,3528,2374117,70976,18903890
1790108675932588857,13614585,11145347,3528,2374576,70993,18903890
1790108676047296103,13615299,11145594,3528,2375032,71010,18903890
1790108676163737250,13616017,11145848,3528,2375491,71025,18903890
1790108676279661914,13616745,11146090,3528,2375963,71036,18903890
1790108676395472431,13617473,11146351,3528,2376420,71046,18903890
1790108676510582766,13618175,11146580,3528,2376896,71062,18903890
1790108676628043690,13618922,11147169,3528,2377034,71070,18930898
1790108676745474296,13619681,11147618,3528,2377323,71072,18939090
1790108676864709974,13620442,11147727,3528,2377972,71072,18939090
1790108676982810210,13621193,11147805,3528,2378645,71073,18939090
1790108677096513912,13621921,11147878,3528,2379299,71073,18939090
1790108677214439095,13622673,11147968,3528,2379957,71074,18939090
1790108677332288599,13623428,11148048,3528,2380628,71074,18939090
1790108677446219167,13624159,11148132,3528,2381270,71075,18939090
1790108677564140009,13624912,11148238,3528,2381915,71075,18939090
1790108677677941803,13625641,11148323,3528,2382557,71075,18939090
1790108677791918344,13626374,11148415,3528,2383190,71075,18939090
1790108677909864712,13627131,11148551,3528,2383805,71075,18939090
1790108678024317641,13627865,11148572,3528,2384511,71075,18939090
1790108678138136528,13628596,11148656,3528,2385151,71077,18939090
1790108678256014392,13629341,11148788,3528,2385769,71077,18939090
1790108678370152392,13630077,11148821,3528,2386464,71077,18939090
1790108678485208900,13630809,11148908,3528,2387107,71078,18939090
1790108678602872541,13631558,11149057,3528,2387709,71078,18939090
1790108678717235501,13632294,11149092,3528,2388401,71078,18939090
1790108678834588608,13633039,11149204,3528,2389035,71079,18939090
1790108678951738657,13633790,11149311,3528,2389670,71079,18939090
1790108679065506868,13634523,11149355,3528,2390355,71079,18939090
1790108679182219899,13635262,11149471,3528,2390979,71080,18939090
1790108679300088522,13636011,11149560,3528,2391642,71080,18939090
1790108679413954230,13636733,11149614,3528,2392312,71081,18939090
1790108679531743646,13637486,11149715,3528,2392956,71081,18939090
1790108679649772240,13638239,11149817,3528,2393605,71082,18939090
1790108679764095055,13638976,11149896,3528,2394257,71083,18939090
1790108679880983185,13639715,11149984,3528,2394914,71083,18939090
1790108679998736641,13640473,11150082,3528,2395562,71083,18939090
1790108680112704612,13641193,11150174,3528,2396193,71084,18939090
1790108680230716189,13641943,11150288,3528,2396831,71085,18939090
1790108680346419871,13642681,11150468,3528,2397387,71086,18939090
1790108680463595217,13643428,11150576,3528,2398022,71087,18939090
1790108680581591609,13644183,11150669,3528,2398684,71087,18939090
1790108680697860968,13644934,11150794,3528,2399300,71087,18939090
1790108680813822941,13645671,11150956,3528,2399876,71087,18939090
1790108680928194973,13646402,11150995,3528,2400563,71087,18939090
1790108681045288068,13647146,11151090,3528,2401212,71089,18939090
1790108681160893993,13647881,11151211,3528,2401828,71089,18939090
1790108681278771347,13648629,11151347,3528,2402435,71091,18939090
1790108681396593213,13649377,11151486,3528,2403046,71092,18939090
1790108681514484903,13650135,11151603,3528,2403679,71092,18939090
1790108681631890460,13650886,11151709,3528,2404324,71092,18939090
1790108681749908977,13651640,11151806,3528,2404978,71093,18939090
1790108681863949453,13652359,11151920,3528,2405588,71093,18939090
1790108681981795928,13653114,11152021,3528,2406239,71093,18939090
1790108682097355886,13653853,11152222,3528,2406770,71094,18939090
1790108682213147273,13654587,11152344,3528,2407383,71096,18939090
1790108682331055419,13655333,11152417,3528,2408062,71096,18939090
1790108682449005196,13656087,11152574,3528,2408653,71098,18939090
1790108682567010512,13656836,11152699,3528,2409279,71098,18939090
1790108682681909810,13657571,11152720,3528,2409991,71098,18939090
1790108682799946227,13658323,11152803,3528,2410657,71099,18939090
1790108682915686045,13659067,11152922,3528,2411271,71099,18939090
1790108683033242003,13659816,11153087,3528,2411855,71100,18939090
1790108683151494849,13660574,11153212,3528,2412488,71100,18939090
1790108683270219306,13661334,11153326,3528,2413123,71101,18939090
1790108683388320876,13662087,11153435,3528,2413763,71102,18939090
1790108683506293764,13662837,11153538,3528,2414412,71103,18939090
1790108683620025374,13663555,11153623,3528,2415051,71103,18939090
1790108683737919812,13664309,11153701,3528,2415725,71103,18939090
1790108683855192491,13665067,11153899,3528,2416270,71104,18939090
1790108683969970028,13665787,11154026,3528,2416874,71105,18939090
1790108684087826141,13666543,11154100,3528,2417551,71105,18939090
1790108684203545536,13667277,11154274,3528,2418107,71107,18939090
1790108684321514370,13668025,11154398,3528,2418732,71107,18939090
1790108684436067185,13668754,11154420,3528,2419445,71107,18939090
1790108684552347282,13669501,11154507,3528,2420095,71108,18939090
1790108684668281597,13670243,11154640,3528,2420699,71108,18939090
1790108684786303720,13670992,11154780,3528,2421308,71109,18939090
1790108684904245205,13671748,11154886,3528,2421955,71109,18939090
1790108685020001061,13672488,11155022,3528,2422554,71110,18939090
1790108685137917645,13673246,11155118,3528,2423209,71110,18939090
1790108685255973906,13673999,11155208,3528,2423870,71111,18939090
1790108685369937513,13674727,11155273,3528,2424528,71113,18939090
1790108685487808402,13675484,11155363,3528,2425189,71114,18939090
1790108685605743864,13676240,11155507,3528,2425792,71114,18939090
1790108685718245973,13676956,11155618,3528,2426395,71115,18939090
1790108685836039865,13677710,11155700,3528,2427064,71115,18939090
1790108685953861685,13678458,11155855,3528,2427659,71116,18939090
1790108686071717501,13679215,11155992,3528,2428267,71116,18939090
1790108686185626263,13679945,11156024,3528,2428962,71116,18939090
1790108686302239866,13680694,11156135,3528,2429592,71118,18939090
1790108686419583414,13681444,11156265,3528,2430207,71118,18939090
1790108686537655866,13682201,11156400,3528,2430821,71119,18939090
1790108686655585907,13682955,11156520,3528,2431435,71139,18939090
1790108686773328226,13683713,11156664,3528,2432019,71158,18939090
1790108686890192799,13684459,11156752,3528,2432611,71223,18939090
1790108687008445101,13685220,11156824,3528,2433274,71241,18939090
1790108687122197914,13685947,11156898,3528,2433916,71249,18939090
1790108687240345557,13686702,11156987,3528,2434524,71304,18939090
1790108687358389444,13687455,11157084,3528,2435136,71347,18939090
1790108687472524505,13688175,11157222,3528,2435701,71367,18939090
1790108687590754233,13688928,11157393,3528,2436280,71368,18939090
1790108687708880502,13689684,11157544,3528,2436885,71369,18939090
1790108687826895196,13690437,11157622,3528,2437558,71369,18939090
1790108687942036207,13691171,11157691,3528,2438222,71369,18939090
1790108688056124871,13691897,11157792,3528,2438846,71370,18939090
1790108688173988296,13692638,11157934,3528,2439454,71370,18939090
1790108688292044392,13693391,11158099,3528,2440038,71371,18939090
1790108688410343416,13694154,11158192,3528,2440697,71371,18939090
1790108688528304049,13694910,11158330,3528,2441310,71371,18939090
1790108688645435298,13695648,11158473,3528,2441912,71372,18939090
1790108688763545702,13696406,11158627,3528,2442508,71372,18939090
1790108688877341093,13697134,11158676,3528,2443185,71372,18939090
1790108688990097768,13697844,11158813,3528,2443765,71373,18939090
1790108689108211871,13698606,11158889,3528,2444440,71373,18939090
1790108689226016791,13699353,11159034,3528,2445044,71374,18939090
1790108689343987394,13700110,11159154,3528,2445675,71374,18939090
1790108689461703774,13700873,11159281,3528,2446291,71375,18939090
1790108689579480285,13701630,11159352,3528,2446973,71375,18939090
1790108689696274548,13702377,11159427,3528,2447643,71375,18939090
1790108689809964746,13703102,11159512,3528,2448282,71375,18939090
1790108689927775446,13703860,11159651,3528,2448888,71375,18939090
1790108690045343957,13704618,11159773,3528,2449516,71376,18939090
1790108690163291393,13705365,11159874,3528,2450166,71376,18939090
1790108690281050686,13706117,11160004,3528,2450786,71377,18939090
1790108690396547971,13706851,11160137,3528,2451384,71378,18939090
1790108690514331224,13707606,11160222,3528,2452050,71378,18939090
1790108690628277173,13708338,11160273,3528,2452725,71378,18939090
1790108690745178882,13709089,11160409,3528,2453333,71378,18939090
1790108690862966615,13709843,11160529,3528,2453964,71379,18939090
1790108690975995230,13710564,11160673,3528,2454539,71380,18939090
1790108691093976197,13711310,11160815,3528,2455147,71381,18939090
1790108691211778308,13712064,11161017,3528,2455687,71382,18939090
1790108691329701277,13712823,11161166,3528,2456289,71382,18939090
1790108691446374429,13713572,11161320,3528,2456879,71382,18939090
1790108691560175961,13714291,11161421,3528,2457502,71384,18939090
1790108691678086297,13715038,11161496,3528,2458179,71384,18939090
1790108691794226904,13715784,11161656,3528,2458756,71384,18939090
1790108691910651647,13716521,11161768,3528,2459382,71384,18939090
1790108692028625464,13717273,11161858,3528,2460046,71384,18939090
1790108692143064272,13718001,11162020,3528,2460612,71385,18939090
1790108692261048840,13718761,11162156,3528,2461227,71385,18939090
1790108692375146198,13719497,11162212,3528,2461899,71385,18939090
1790108692492830047,13720241,11162336,3528,2462523,71386,18939090
1790108692610331550,13720989,11162490,3528,2463113,71386,18939090
1790108692728060450,13721737,11162632,3528,2463720,71388,18939090
1790108692845973717,13722486,11162777,3528,2464327,71389,18939090
1790108692964313345,13723253,11162935,3528,2464917,71389,18939090
1790108693081691991,13724003,11163048,3528,2465549,71390,18939090
1790108693199700702,13724758,11163159,3528,2466189,71390,18939090
1790108693313471134,13725486,11163239,3528,2466835,71390,18939090
1790108693430077141,13726228,11163336,3528,2467481,71390,18939090
1790108693546804419,13726978,11163487,3528,2468072,71392,18939090
1790108693660472306,13727716,11163607,3528,2468672,71392,18939090
1790108693778224375,13728473,11163690,3528,2469340,71392,18939090
1790108693895833734,13729205,11163852,3528,2469928,71393,18939090
1790108694013868932,13729961,11163983,3528,2470548,71393,18939090
1790108694128459857,13730696,11164004,3528,2471255,71393,18939090
1790108694246587880,13731448,11164098,3528,2471910,71393,18939090
1790108694363644263,13732199,11164237,3528,2472515,71393,18939090
1790108694481538854,13732958,11164372,3528,2473130,71394,18939090
1790108694599330178,13733710,11164497,3528,2473756,71394,18939090
1790108694717274067,13734467,11164669,3528,2474333,71395,18939090
1790108694835504815,13735226,11164753,3528,2475001,71395,18939090
1790108694953364507,13735981,11164843,3528,2475663,71395,18939090
1790108695067374874,13736711,11164929,3528,2476304,71395,18939090
1790108695185661784,13737467,11165005,3528,2476977,71395,18939090
1790108695303529902,13738212,11165161,3528,2477570,71396,18939090
1790108695419367319,13738953,11165272,3528,2478197,71397,18939090
1790108695537336884,13739704,11165350,3528,2478871,71397,18939090
1790108695654156803,13740449,11165484,3528,2479479,71397,18939090
1790108695771384052,13741195,11165611,3528,2480096,71398,18939090
1790108695885401230,13741923,11165637,3528,2480797,71398,18939090
1790108696002502944,13742662,11165745,3528,2481435,71399,18939090
1790108696118902540,13743408,11165845,3528,2482078,71399,18939090
1790108696237004801,13744162,11165976,3528,2482694,71400,18939090
1790108696355209960,13744923,11166110,3528,2483311,71401,18939090
1790108696472947781,13745664,11166239,3528,2483928,71403,18939090
1790108696591228075,13746419,11166325,3528,2484595,71403,18939090
1790108696708021239,13747161,11166399,3528,2485268,71403,18939090
1790108696821999377,13747885,11166485,3528,2485905,71404,18939090
1790108696940383258,13748644,11166606,3528,2486537,71404,18939090
1790108697058438287,13749399,11166729,3528,2487162,71405,18939090
1790108697175900759,13750149,11166830,3528,2487812,71405,18939090
1790108697293878803,13750903,11166958,3528,2488435,71405,18939090
1790108697410007271,13751651,11167081,3528,2489049,71406,18939090
1790108697528338526,13752407,11167158,3528,2489724,71406,18939090
1790108697642014850,13753129,11167201,3528,2490408,71406,18939090
1790108697758674950,13753884,11167322,3528,2491023,71407,18939090
1790108697876729459,13754637,11167437,3528,2491660,71407,18939090
1790108697991022013,13755360,11167499,3528,2492328,71407,18939090
1790108698109084803,13756118,11167593,3528,2492985,71408,18939090
1790108698227113981,13756874,11167672,3528,2493658,71408,18939090
1790108698341071728,13757605,11167740,3528,2494313,71408,18939090
1790108698456703420,13758342,11167837,3528,2494949,71408,18939090
1790108698576332880,13759106,11167918,3528,2495632,71409,18939090
1790108698702757456,13759913,11168004,3528,2496346,71410,18939090
1790108698820720610,13760667,11168149,3528,2496951,71411,18939090
1790108698935707187,13761404,11168171,3528,2497663,71411,18939090
1790108699050113049,13762125,11168260,3528,2498304,71413,18939090
1790108699168033444,13762882,11168386,3528,2498929,71413,18939090
1790108699282376539,13763615,11168407,3528,2499638,71413,18939090
1790108699400536427,13764358,11168499,3528,2500294,71413,18939090
1790108699513102972,13765074,11168652,3528,2500859,71413,18939090
1790108699626556116,13765801,11168679,3528,2501553,71413,18939090
1790108699743110225,13766554,11168788,3528,2502188,71414,18939090
1790108699859542439,13767297,11168919,3528,2502795,71414,18939090
1790108699973210542,13768031,11168960,3528,2503481,71414,18939090
1790108700088640906,13768774,11169098,3528,2504073,71414,18939090
1790108700206703150,13769525,11169183,3528,2504739,71414,18939090
1790108700320582611,13770257,11169239,3528,2505412,71414,18939090
1790108700437327918,13771009,11169362,3528,2506031,71414,18939090
1790108700555381877,13771763,11169448,3528,2506697,71414,18939090
1790108700669290866,13772490,11169506,3528,2507364,71415,18939090
1790108700787450893,13773223,11169737,3528,2507864,71426,18939090
1790108700904685700,13773951,11169994,3528,2508325,71442,18939090
1790108701020217567,13774691,11170212,3528,2508686,71587,18939090
1790108701137703147,13775435,11170390,3528,2508983,71849,18939090
1790108701254983289,13776191,11170650,3528,2509448,71861,18939090
1790108701370996800,13776922,11170882,3528,2509933,71868,18939090
1790108701485712428,13777625,11171105,3528,2510418,71881,18939090
1790108701600545556,13778349,11171357,3528,2510866,71898,18939090
1790108701715782211,13779080,11171614,3528,2511319,71911,18939090
1790108701830859258,13779798,11171861,3528,2511777,71926,18939090
1790108701944633777,13780528,11172116,3528,2512212,71945,18939090
1790108702061388028,13781266,11172402,3528,2512645,71958,18939090
1790108702174602375,13781962,11172646,3528,2513101,71971,18939090
1790108702290666943,13782683,11172886,3528,2513571,71985,18939090
1790108702405775435,13783412,11173139,3528,2514024,72002,18939090
1790108702520944727,13784121,11173369,3528,2514432,72085,18939090
1790108702635040387,13784834,11173618,3528,2514886,72095,18939090
1790108702749467248,13785554,11173865,3528,2515345,72108,18939090
1790108702863923430,13786279,11174106,3528,2515808,72120,18939090
1790108702979838458,13786990,11174353,3528,2516276,72132,18939090
1790108703094694833,13787699,11174606,3528,2516728,72146,18939090
1790108703210432357,13788429,11174846,3528,2517200,72160,18939090
1790108703325216346,13789143,11175088,3528,2517660,72174,18939090
1790108703439785519,13789831,11175326,3528,2518126,72189,18939090
1790108703555802737,13790577,11175555,3528,2518611,72199,18939090
1790108703671375832,13791296,11175813,3528,2519069,72210,18939090
1790108703786353992,13792004,11176070,3528,2519514,72224,18939090
1790108703901675300,13792713,11176316,3528,2519975,72239,18939090
1790108704016783743,13793427,11176542,3528,2520452,72256,18939090
1790108704131299165,13794142,11176808,3528,2520888,72271,18939090
1790108704246894221,13794854,11177082,3528,2521334,72280,18939090
1790108704361414069,13795561,11177361,3528,2521760,72291,18939090
1790108704477270011,13796291,11177614,3528,2522219,72303,18939090
1790108704592831030,13797024,11177864,3528,2522680,72317,18939090
1790108704707972015,13797750,11178133,3528,2523119,72330,18939090
1790108704822769811,13798469,11178383,3528,2523571,72347,18939090
1790108704937125758,13799209,11178618,3528,2524042,72356,18939090
1790108705054103504,13799961,11178872,3528,2524508,72369,18939090
1790108705169323538,13800670,11179137,3528,2524949,72383,18939090
1790108705285413010,13801383,11179368,3528,2525365,72466,18939090
1790108705400173016,13802100,11179602,3528,2525830,72483,18939090
1790108705515082518,13802809,11179839,3528,2526300,72497,18939090
1790108705629403271,13803543,11180073,3528,2526773,72510,18939090
1790108705746482394,13804270,11180331,3528,2527227,72528,18939090
1790108705861566542,13804993,11180586,3528,2527681,72540,18939090
1790108705975817736,13805709,11180855,3528,2528113,72555,18939090
1790108706090993077,13806426,11181126,3528,2528550,72565,18939090
1790108706206402507,13807162,11181387,3528,2529003,72577,18939090
1790108706323307373,13807900,11181647,3528,2529467,72586,18939090
1790108706437716878,13808620,11181935,3528,2529883,72598,18939090
1790108706550863694,13809323,11182214,3528,2530301,72612,18939090
1790108706665769909,13810054,11182460,3528,2530761,72624,18939090
1790108706781663375,13810789,11182737,3528,2531200,72635,18939090
1790108706897121080,13811493,11183015,3528,2531630,72649,18939090
1790108707013073321,13812222,11183256,3528,2532107,72658,18939090
1790108707130075217,13812941,11183515,3528,2532567,72673,18939090
1790108707244836096,13813657,11183809,3528,2532973,72690,18939090
1790108707359635645,13814355,11184053,3528,2533435,72703,18939090
1790108707475042634,13815063,11184308,3528,2533892,72713,18939090
1790108707588624053,13815764,11184581,3528,2534315,72727,18939090
1790108707704597664,13816508,11184823,3528,2534795,72738,18939090
1790108707819826507,13817209,11185093,3528,2535232,72748,18939090
1790108707934950511,13817926,11185328,3528,2535704,72761,18939090
1790108708050860223,13818654,11185560,3528,2536104,72857,18939090
1790108708165291514,13819371,11185793,3528,2536576,72868,18939090
1790108708279906495,13820089,11186030,3528,2537044,72881,18939090
1790108708396794486,13820815,11186252,3528,2537544,72893,18939090
1790108708513541829,13821538,11186505,3528,2538005,72907,18939090
1790108708627948304,13822272,11186768,3528,2538443,72924,18939090
1790108708743608279,13823001,11187039,3528,2538884,72934,18939090
1790108708858611922,13823710,11187306,3528,2539321,72948,18939090
1790108708975708443,13824432,11187578,3528,2539775,72958,18939090
1790108709090809495,13825169,11187821,3528,2540239,72972,18939090
1790108709206351986,13825904,11188070,3528,2540700,72984,18939090
1790108709320805169,13826601,11188321,3528,2541155,72996,18939090
1790108709435912606,13827314,11188553,3528,2541620,73017,18939090
1790108709551740426,13828038,11188798,3528,2542089,73028,18939090
1790108709665327418,13828764,11189032,3528,2542546,73047,18939090
1790108709782731189,13829485,11189273,3528,2543030,73060,18939090
1790108709896520030,13830208,11189525,3528,2543478,73075,18939090
1790108710012896519,13830925,11189782,3528,2543924,73097,18939090
1790108710128565319,13831674,11190031,3528,2544390,73109,18939090
1790108710243558895,13832408,11190281,3528,2544852,73118,18939090
1790108710358144475,13833130,11190534,3528,2545294,73135,18939090
1790108710473012859,13833860,11190782,3528,2545755,73149,18939090
1790108710588876471,13834584,11191074,3528,2546179,73159,18939090
1790108710703221171,13835299,11191323,3528,2546631,73173,18939090
1790108710818732786,13836022,11191552,3528,2547039,73261,18939090
1790108710933953792,13836764,11191835,3528,2547463,73275,18939090
1790108711049151763,13837471,11192063,3528,2547939,73291,18939090
1790108711165208013,13838214,11192296,3528,2548423,73303,18939090
1790108711281879881,13838947,11192548,3528,2548885,73319,18939090
1790108711397069955,13839685,11192795,3528,2549344,73333,18939090
1790108711512063150,13840396,11193065,3528,2549780,73347,18939090
1790108711625828639,13841097,11193300,3528,2550245,73361,18939090
1790108711740711038,13841817,11193538,3528,2550711,73375,18939090
1790108711858797999,13842570,11193771,3528,2551205,73388,18939090
1790108711972396132,13843279,11194041,3528,2551629,73404,18939090
1790108712088294090,13843998,11194287,3528,2552088,73424,18939090
1790108712204122419,13844726,11194554,3528,2552538,73433,18939090
1790108712318523255,13845434,11194842,3528,2552952,73447,18939090
1790108712432599981,13846153,11195085,3528,2553410,73461,18939090
1790108712547928115,13846873,11195307,3528,2553900,73473,18939090
1790108712662451622,13847592,11195566,3528,2554341,73490,18939090
1790108712777439153,13848286,11195815,3528,2554794,73505,18939090
1790108712891329944,13849004,11196104,3528,2555206,73519,18939090
1790108713006970190,13849758,11196352,3528,2555670,73532,18939090
1790108713122591496,13850498,11196588,3528,2556144,73543,18939090
1790108713236773981,13851212,11196817,3528,2556624,73555,18939090
1790108713351841967,13851926,11197068,3528,2557078,73567,18939090
1790108713464333782,13852639,11197352,3528,2557486,73580,18939090
1790108713578748390,13853348,11197592,3528,2557882,73662,18939090
1790108713694116061,13854097,11197830,3528,2558355,73672,18939090
1790108713810231697,13854828,11198068,3528,2558829,73688,18939090
1790108713924394060,13855539,11198326,3528,2559279,73697,18939090
1790108714040759301,13856281,11198576,3528,2559744,73711,18939090
1790108714157241840,13857005,11198831,3528,2560202,73725,18939090
1790108714271774553,13857724,11199097,3528,2560642,73735,18939090
1790108714387400393,13858459,11199345,3528,2561105,73748,18939090
1790108714502783476,13859178,11199610,3528,2561554,73756,18939090
1790108714617186166,13859894,11199861,3528,2562012,73766,18939090
1790108714734407755,13860659,11200120,3528,2562472,73781,18939090
1790108714848910783,13861374,11200383,3528,2562911,73792,18939090
1790108714965694339,13862101,11200633,3528,2563385,73800,18939090
1790108715080729355,13862813,11200870,3528,2563856,73813,18939090
1790108715196343271,13863567,11201119,3528,2564320,73823,18939090
1790108715311041311,13864286,11201364,3528,2564781,73834,18939090
1790108715425589890,13865014,11201619,3528,2565225,73852,18939090
1790108715541149136,13865758,11201865,3528,2565687,73868,18939090
1790108715656790231,13866471,11202120,3528,2566144,73880,18939090
1790108715772319239,13867187,11202365,3528,2566604,73895,18939090
1790108715887093150,13867883,11202603,3528,2567072,73909,18939090
1790108716003601283,13868606,11202887,3528,2567508,73921,18939090
1790108716118185990,13869332,11203172,3528,2567928,73935,18939090
1790108716233290919,13870070,11203469,3528,2568335,73951,18939090
1790108716348800519,13870788,11203703,3528,2568741,74035,18939090
1790108716464790989,13871518,11203967,3528,2569189,74049,18939090
1790108716579164794,13872251,11204203,3528,2569661,74058,18939090
1790108716695356986,13872976,11204452,3528,2570132,74067,18939090
1790108716810384381,13873720,11204743,3528,2570554,74078,18939090
1790108716925907845,13874444,11205017,3528,2570989,74087,18939090
1790108717042338604,13875180,11205290,3528,2571433,74099,18939090
1790108717159822523,13875910,11205568,3528,2571879,74111,18939090
1790108717274222780,13876647,11205811,3528,2572344,74122,18939090
1790108717390951791,13877364,11206051,3528,2572820,74135,18939090
1790108717506808953,13878082,11206303,3528,2573277,74152,18939090
1790108717621724696,13878812,11206543,3528,2573745,74166,18939090
1790108717735557228,13879533,11206787,3528,2574188,74187,18939090
1790108717851336457,13880273,11207048,3528,2574640,74198,18939090
1790108717965833395,13880982,11207296,3528,2575096,74213,18939090
1790108718082906060,13881720,11207538,3528,2575581,74220,18939090
1790108718198658148,13882456,11207791,3528,2576042,74234,18939090
1790108718312820714,13883166,11208044,3528,2576485,74249,18939090
1790108718428209949,13883890,11208287,3528,2576945,74266,18939090
1790108718543975765,13884645,11208522,3528,2577423,74278,18939090
1790108718658917156,13885367,11208783,3528,2577865,74293,18939090
1790108718775555642,13886115,11209016,3528,2578354,74304,18939090
1790108718889935598,13886825,11209263,3528,2578814,74314,18939090
1790108719004327672,13887545,11209530,3528,2579250,74325,18939090
1790108719120586242,13888268,11209773,3528,2579720,74341,18939090
1790108719236995352,13889003,11210041,3528,2580167,74355,18939090
1790108719352435834,13889736,11210312,3528,2580609,74370,18939090
1790108719469622934,13890477,11210552,3528,2581094,74378,18939090
1790108719586657824,13891218,11210836,3528,2581533,74388,18939090
1790108719700939402,13891945,11211106,3528,2581961,74403,18939090
1790108719816552189,13892693,11211342,3528,2582349,74504,18939090
1790108719932499370,13893401,11211585,3528,2582821,74517,18939090
1790108720048412906,13894136,11211816,3528,2583302,74529,18939090
1790108720162698692,13894857,11212057,3528,2583767,74540,18939090
1790108720278380127,13895579,11212309,3528,2584225,74555,18939090
1790108720393330678,13896286,11212575,3528,2584663,74565,18939090
1790108720508931698,13896998,11212825,3528,2585122,74581,18939090
1790108720624725724,13897735,11213071,3528,2585589,74595,18939090
1790108720738857168,13898454,11213300,3528,2586061,74606,18939090
1790108720853122073,13899182,11213532,3528,2586539,74614,18939090
1790108720969098715,13899917,11213788,3528,2586995,74629,18939090
1790108721083816653,13900654,11214033,3528,2587458,74641,18939090
1790108721199180658,13901381,11214278,3528,2587916,74657,18939090
1790108721315546909,13902113,11214523,3528,2588386,74671,18939090
1790108721430546224,13902836,11214786,3528,2588833,74683,18939090
1790108721546729132,13903570,11215024,3528,2589313,74693,18939090
1790108721662234746,13904306,11215298,3528,2589751,74705,18939090
1790108721775876708,13905007,11215569,3528,2590178,74718,18939090
1790108721888119983,13905708,11215832,3528,2590607,74730,18939090
1790108722003601119,13906435,11216077,3528,2591070,74749,18939090
1790108722117782338,13907152,11216331,3528,2591523,74757,18939090
1790108722232960937,13907879,11216555,3528,2592004,74772,18939090
1790108722347512865,13908593,11216827,3528,2592440,74783,18939090
1790108722462399863,13909291,11217104,3528,2592864,74797,18939090
1790108722581951578,13910043,11217340,3528,2593287,74888,18939090
1790108722697313166,13910762,11217606,3528,2593734,74898,18939090
1790108722812627739,13911490,11217873,3528,2594176,74911,18939090
1790108722927720741,13912209,11218115,3528,2594649,74920,18939090
1790108723042832309,13912922,11218373,3528,2595105,74929,18939090
1790108723156547114,13913637,11218632,3528,2595543,74943,18939090
1790108723273171207,13914372,11218884,3528,2596008,74954,18939090
1790108723389277091,13915090,11219136,3528,2596465,74970,18939090
1790108723503855313,13915794,11219387,3528,2596922,74981,18939090
1790108723619244888,13916525,11219623,3528,2597399,74991,18939090
1790108723735092307,13917259,11219899,3528,2597839,75005,18939090
1790108723851125851,13918006,11220160,3528,2598288,75020,18939090
1790108723966821396,13918735,11220419,3528,2598735,75039,18939090
1790108724082289667,13919468,11220651,3528,2599212,75054,18939090
1790108724199291297,13920211,11220923,3528,2599657,75067,18939090
1790108724316873040,13920952,11221196,3528,2600115,75079,18939090
1790108724431094348,13921688,11221456,3528,2600554,75092,18939090
1790108724545948945,13922397,11221708,3528,2601008,75107,18939090
1790108724660977077,13923123,11221947,3528,2601472,75122,18939090
1790108724775562280,13923846,11222193,3528,2601933,75135,18939090
1790108724890316123,13924563,11222488,3528,2602342,75147,18939090
1790108725006036487,13925304,11222772,3528,2602771,75162,18939090
1790108725122875377,13926051,11223033,3528,2603228,75175,18939090
1790108725236688407,13926782,11223303,3528,2603655,75190,18939090
1790108725352714178,13927506,11223530,3528,2604066,75282,18939090
1790108725468431640,13928242,11223772,3528,2604528,75300,18939090
1790108725584643679,13928976,11224026,3528,2604995,75309,18939090
1790108725700833674,13929685,11224259,3528,2605476,75323,18939090
1790108725822391409,13930458,11224536,3528,2605945,75337,18939090
1790108725937774100,13931170,11224790,3528,2606398,75350,18939090
1790108726053146485,13931903,11225045,3528,2606852,75364,18939090
1790108726168380568,13932627,11225271,3528,2607341,75375,18939090
1790108726283810463,13933379,11225529,3528,2607795,75384,18939090
1790108726398130617,13934121,11225766,3528,2608265,75391,18939090
1790108726514167260,13934851,11226010,3528,2608736,75403,18939090
1790108726628687175,13935571,11226279,3528,2609168,75420,18939090
1790108726743538827,13936283,11226556,3528,2609591,75437,18939090
1790108726859985063,13937004,11226808,3528,2610057,75448,18939090
1790108726976797607,13937734,11227096,3528,2610490,75462,18939090
1790108727092219210,13938464,11227322,3528,2610975,75473,18939090
1790108727205954780,13939178,11227593,3528,2611405,75483,18939090
1790108727322028508,13939906,11227866,3528,2611848,75495,18939090
1790108727436413047,13940607,11228116,3528,2612294,75512,18939090
1790108727549393391,13941294,11228349,3528,2612759,75527,18939090
1790108727665309749,13941997,11228579,3528,2613234,75543,18939090
1790108727781411214,13942721,11228849,3528,2613680,75556,18939090
1790108727896864641,13943457,11229110,3528,2614125,75574,18939090
1790108728012784501,13944214,11229357,3528,2614588,75589,18939090
1790108728128706532,13944955,11229606,3528,2614975,75683,18939090
1790108728242885695,13945677,11229847,3528,2615436,75695,18939090
1790108728358224732,13946391,11230106,3528,2615888,75704,18939090
1790108728474127912,13947121,11230336,3528,2616374,75716,18939090
1790108728589998351,13947843,11230605,3528,2616816,75729,18939090
1790108728704991189,13948542,11230854,3528,2617274,75741,18939090
1790108728820360588,13949269,11231114,3528,2617728,75752,18939090
1790108728935960348,13950009,11231358,3528,2618196,75761,18939090
1790108729051124649,13950763,11231622,3528,2618646,75770,18939090
1790108729166800352,13951474,11231879,3528,2619094,75788,18939090
1790108729283532152,13952218,11232135,3528,2619553,75805,18939090
1790108729398386023,13952951,11232377,3528,2620014,75820,18939090
1790108729512443285,13953672,11232618,3528,2620470,75837,18939090
1790108729626413648,13954373,11232866,3528,2620920,75852,18939090
1790108729741858991,13955091,11233128,3528,2621368,75867,18939090
1790108729857588679,13955817,11233376,3528,2621832,75881,18939090
1790108729974916369,13956559,11233640,3528,2622290,75895,18939090
1790108730089076129,13957270,11233889,3528,2622739,75908,18939090
1790108730204957927,13957994,11234130,3528,2623211,75921,18939090
1790108730319724172,13958693,11234372,3528,2623676,75935,18939090
1790108730436655517,13959440,11234618,3528,2624145,75949,18939090
1790108730553303278,13960160,11234856,3528,2624629,75959,18939090
1790108730669773795,13960890,11235110,3528,2625091,75975,18939090
1790108730785600120,13961606,11235371,3528,2625537,75989,18939090
1790108730900116465,13962329,11235638,3528,2625910,76071,18939090
1790108731015712210,13963049,11235876,3528,2626383,76084,18939090
1790108731134564668,13963785,11236119,3528,2626868,76097,18939090
1790108731249870001,13964512,11236347,3528,2627351,76111,18939090
1790108731365790796,13965219,11236605,3528,2627802,76127,18939090
1790108731480241134,13965946,11236857,3528,2628251,76139,18939090
1790108731595871738,13966666,11237125,3528,2628700,76148,18939090
1790108731712063638,13967402,11237379,3528,2629161,76160,18939090
1790108731826663610,13968120,11237624,3528,2629618,76175,18939090
1790108731941123761,13968844,11237876,3528,2630073,76187,18939090
1790108732058718275,13969582,11238131,3528,2630541,76198,18939090
1790108732173749043,13970319,11238392,3528,2630987,76211,18939090
1790108732289419175,13971052,11238659,3528,2631432,76225,18939090
1790108732402158021,13971756,11238905,3528,2631882,76235,18939090
1790108732518541485,13972494,11239150,3528,2632353,76245,18939090
1790108732632857007,13973225,11239378,3528,2632833,76255,18939090
1790108732747700363,13973938,11239641,3528,2633277,76269,18939090
1790108732862378038,13974650,11239889,3528,2633735,76280,18939090
1790108732978847765,13975392,11240167,3528,2634173,76293,18939090
1790108733094836019,13976120,11240410,3528,2634645,76304,18939090
1790108733208938795,13976863,11240669,3528,2635087,76319,18939090
1790108733325106911,13977594,11240919,3528,2635557,76329,18939090
1790108733441657985,13978315,11241178,3528,2636017,76339,18939090
1790108733556866887,13979046,11241430,3528,2636472,76351,18939090
1790108733672563725,13979774,11241649,3528,2636887,76442,18939090
1790108733788989587,13980487,11241882,3528,2637366,76459,18939090
1790108733904397313,13981213,11242138,3528,2637824,76472,18939090
1790108734020325116,13981954,11242371,3528,2638300,76486,18939090
1790108734135571526,13982680,11242624,3528,2638758,76498,18939090
1790108734250743036,13983407,11242884,3528,2639202,76516,18939090
1790108734366167346,13984141,11243131,3528,2639660,76530,18939090
1790108734481089993,13984855,11243370,3528,2640127,76543,18939090
1790108734597853858,13985607,11243613,3528,2640608,76553,18939090
1790108734714949410,13986354,11244231,3528,2640718,76560,18967634
1790108734828413752,13987069,11244692,3528,2640972,76562,18973789
1790108734946343401,13987821,11244836,3528,2641576,76564,18973789
1790108735074346917,13988639,11244957,3528,2642256,76576,18974813
1790108735188177620,13989371,11245033,3528,2642906,76577,18974813
1790108735306099489,13990122,11245143,3528,2643544,76579,18974813
1790108735424002683,13990880,11245231,3528,2644208,76579,18974813
1790108735538022429,13991612,11245307,3528,2644856,76580,18974813
1790108735656434949,13992378,11245403,3528,2645511,76580,18974813
1790108735774358467,13993133,11245481,3528,2646185,76580,18974813
1790108735888352003,13993863,11245545,3528,2646846,76581,18974813
1790108736004929631,13994605,11245646,3528,2647491,76581,18974813
1790108736122816028,13995357,11245724,3528,2648164,76581,18974813
1790108736236865135,13996082,11245819,3528,2648793,76582,18974813
1790108736354815437,13996838,11245951,3528,2649413,76582,18974813
1790108736471987541,13997585,11246066,3528,2650043,76582,18974813
1790108736585739398,13998313,11246159,3528,2650668,76583,18974813
1790108736703756910,13999065,11246229,3528,2651349,76583,18974813
1790108736819345539,13999810,11246308,3528,2652010,76583,18974813
1790108736933521315,14000536,11246399,3528,2652644,76583,18974813
1790108737051688358,14001289,11246537,3528,2653260,76583,18974813
1790108737166695420,14002020,11246603,3528,2653924,76584,18974813
1790108737280596516,14002753,11246712,3528,2654539,76584,18974813
1790108737398462525,14003499,11246848,3528,2655155,76585,18974813
1790108737513288791,14004237,11246875,3528,2655860,76585,18974813
1790108737627417636,14004964,11246971,3528,2656488,76586,18974813
1790108737745282038,14005723,11247107,3528,2657103,76586,18974813
1790108737859783850,14006453,11247140,3528,2657797,76586,18974813
1790108737973801094,14007177,11247238,3528,2658429,76587,18974813
1790108738091772879,14007929,11247444,3528,2658972,76587,18974813
1790108738205596484,14008657,11247481,3528,2659658,76587,18974813
1790108738319373848,14009387,11247565,3528,2660298,76588,18974813
1790108738437210905,14010140,11247710,3528,2660905,76588,18974813
1790108738549888234,14010868,11247910,3528,2661422,76588,18974813
1790108738665186609,14011616,11248045,3528,2662020,76589,18974813
1790108738783175996,14012375,11248150,3528,2662666,76589,18974813
1790108738901024512,14013121,11248312,3528,2663252,76590,18974813
1790108739019008959,14013879,11248445,3528,2663870,76591,18974813
1790108739133753592,14014614,11248488,3528,2664554,76591,18974813
1790108739247652402,14015339,11248596,3528,2665171,76591,18974813
1790108739365595042,14016092,11248742,3528,2665775,76592,18974813
1790108739483474788,14016833,11248861,3528,2666405,76592,18974813
1790108739600481629,14017581,11248953,3528,2667058,76593,18974813
1790108739718515839,14018340,11249103,3528,2667660,76593,18974813
1790108739833808767,14019079,11249283,3528,2668215,76593,18974813
1790108739952098393,14019841,11249395,3528,2668856,76593,18974813
1790108740065646540,14020568,11249440,3528,2669532,76593,18974813
1790108740178151428,14021286,11249570,3528,2670119,76594,18974813
1790108740295482260,14022038,11249688,3528,2670746,76594,18974813
1790108740413187621,14022793,11249846,3528,2671336,76596,18974813
1790108740531278719,14023543,11249970,3528,2671964,76596,18974813
1790108740646717524,14024282,11250134,3528,2672530,76596,18974813
1790108740763700256,14025024,11250259,3528,2673148,76597,18974813
1790108740881756506,14025780,11250348,3528,2673811,76597,18974813
1790108740995818691,14026506,11250407,3528,2674483,76597,18974813
1790108741112987213,14027249,11250529,3528,2675106,76597,18974813
1790108741230818277,14028005,11250645,3528,2675739,76597,18974813
1790108741345841721,14028736,11250757,3528,2676360,76598,18974813
1790108741462679227,14029485,11250896,3528,2676958,76598,18974813
1790108741580618820,14030242,11251069,3528,2677535,76599,18974813
1790108741698492570,14030997,11251158,3528,2678198,76599,18974813
1790108741816211269,14031749,11251273,3528,2678834,76599,18974813
1790108741929730671,14032471,11251349,3528,2679476,76600,18974813
1790108742047646869,14033227,11251469,3528,2680105,76600,18974813
1790108742165664807,14033983,11251640,3528,2680685,76600,18974813
1790108742281856850,14034717,11251745,3528,2681322,76600,18974813
1790108742393457395,14035427,11251891,3528,2681885,76600,18974813
1790108742511101098,14036170,11252024,3528,2682500,76601,18974813
1790108742629110185,14036927,11252112,3528,2683164,76601,18974813
1790108742741619622,14037643,11252183,3528,2683807,76602,18974813
1790108742855486137,14038376,11252281,3528,2684430,76602,18974813
1790108742973326902,14039126,11252358,3528,2685106,76602,18974813
1790108743086071617,14039843,11252521,3528,2685661,76603,18974813
1790108743201658068,14040588,11252647,3528,2686264,76605,18974813
1790108743319489410,14041346,11252728,3528,2686934,76605,18974813
1790108743435285189,14042087,11252855,3528,2687544,76606,18974813
1790108743553125728,14042842,11252986,3528,2688163,76607,18974813
1790108743667036073,14043566,11253008,3528,2688869,76607,18974813
1790108743781622442,14044307,11253095,3528,2689506,76608,18974813
1790108743899514973,14045060,11253223,3528,2690129,76608,18974813
1790108744017302364,14045814,11253356,3528,2690746,76608,18974813
1790108744135153495,14046567,11253440,3528,2691414,76608,18974813
1790108744255322400,14047338,11253643,3528,2691973,76608,18974813
1790108744368559617,14048059,11253798,3528,2692540,76609,18974813
1790108744486335660,14048814,11253926,3528,2693160,76609,18974813
1790108744603471899,14049559,11253966,3528,2693867,76609,18974813
1790108744717128243,14050284,11254095,3528,2694460,76611,18974813
1790108744835594688,14051047,11254183,3528,2695124,76611,18974813
1790108744955617223,14051813,11254365,3528,2695704,76611,18974813
1790108745073514359,14052565,11254530,3528,2696292,76611,18974813
1790108745189459427,14053295,11254694,3528,2696862,76612,18974813
1790108745307114203,14054046,11254827,3528,2697480,76613,18974813
1790108745433315657,14054855,11254909,3528,2698200,76613,18974813
1790108745559673756,14055663,11254997,3528,2698912,76615,18974813
1790108745680320339,14056434,11255086,3528,2699594,76615,18974813
1790108745797296772,14057188,11255257,3528,2700169,76615,18974813
1790108745909949423,14057904,11255382,3528,2700759,76617,18974813
1790108746027922911,14058660,11255476,3528,2701415,76618,18974813
1790108746145936230,14059420,11255616,3528,2702025,76619,18974813
1790108746263990673,14060175,11255746,3528,2702646,76619,18974813
1790108746377688476,14060904,11255767,3528,2703346,76619,18974813
1790108746491629781,14061629,11255867,3528,2703970,76620,18974813
1790108746609512614,14062384,11255998,3528,2704590,76620,18974813
1790108746727467208,14063141,11256176,3528,2705161,76620,18974813
1790108746845772481,14063895,11256271,3528,2705817,76621,18974813
1790108746963626620,14064652,11256415,3528,2706423,76622,18974813
1790108747081267820,14065406,11256527,3528,2707062,76622,18974813
1790108747192825634,14066114,11256672,3528,2707630,76622,18974813
1790108747307004199,14066846,11256700,3528,2708328,76622,18974813
1790108747425053547,14067609,11256794,3528,2708983,76623,18974813
1790108747538469464,14068338,11256955,3528,2709541,76623,18974813
1790108747656436926,14069090,11257087,3528,2710157,76624,18974813
1790108747774224292,14069843,11257162,3528,2710833,76625,18974813
1790108747890900498,14070591,11257315,3528,2711424,76626,18974813
1790108748008469359,14071341,11257431,3528,2712052,76626,18974813
1790108748128327609,14072104,11257519,3528,2712728,76626,18974813
1790108748242553530,14072833,11257585,3528,2713390,76627,18974813
1790108748360573664,14073586,11257668,3528,2714056,76627,18974813
1790108748478818920,14074343,11257813,3528,2714668,76627,18974813
1790108748598801566,14075107,11257911,3528,2715333,76627,18974813
1790108748716324167,14075863,11258091,3528,2715897,76629,18974813
1790108748837320812,14076629,11258233,3528,2716524,76630,18974813
1790108748964413481,14077444,11258368,3528,2717186,76642,18974813
1790108749078504370,14078173,11258389,3528,2717892,76642,18974813
1790108749192362616,14078903,11258470,3528,2718497,76678,18974813
1790108749310497269,14079662,11258569,3528,2719107,76722,18974813
1790108749429416899,14080424,11258699,3528,2719691,76765,18974813
1790108749547065863,14081174,11258788,3528,2720298,76819,18974813
1790108749666097567,14081935,11258868,3528,2720930,76864,18974813
1790108749782099887,14082677,11259018,3528,2721483,76898,18974813
1790108749900353926,14083437,11259146,3528,2722072,76932,18974813
1790108750014924911,14084167,11259167,3528,2722785,76932,18974813
1790108750129302685,14084899,11259255,3528,2723387,76968,18974813
1790108750247278064,14085662,11259389,3528,2723986,76986,18974813
1790108750365295782,14086414,11259502,3528,2724622,76987,18974813
1790108750483583345,14087167,11259600,3528,2725276,76987,18974813
1790108750601439348,14087926,11259736,3528,2725889,76987,18974813
1790108750718922644,14088672,11259839,3528,2726534,76988,18974813
1790108750831639672,14089392,11260000,3528,2727089,76988,18974813
1790108750945668641,14090122,11260046,3528,2727774,76988,18974813
1790108751064050818,14090880,11260155,3528,2728417,76989,18974813
1790108751180596410,14091626,11260333,3528,2728977,76989,18974813
1790108751298321032,14092372,11260462,3528,2729596,76990,18974813
1790108751416153989,14093125,11260539,3528,2730271,76991,18974813
1790108751532882696,14093862,11260711,3528,2730842,76992,18974813
1790108751649611302,14094599,11260860,3528,2731429,76993,18974813
1790108751767488269,14095350,11260948,3528,2732093,76993,18974813
1790108751881322718,14096076,11261010,3528,2732756,76993,18974813
1790108751996792038,14096809,11261165,3528,2733339,76993,18974813
1790108752114692101,14097557,11261261,3528,2733988,76994,18974813
1790108752232407936,14098316,11261403,3528,2734596,76994,18974813
1790108752350464100,14099071,11261582,3528,2735167,76995,18974813
1790108752468137421,14099821,11261697,3528,2735801,76995,18974813
1790108752585441945,14100566,11261791,3528,2736452,76996,18974813
1790108752703323570,14101318,11261872,3528,2737123,76996,18974813
1790108752817182169,14102047,11261938,3528,2737781,76997,18974813
1790108752934191531,14102795,11262035,3528,2738429,76997,18974813
1790108753052061836,14103546,11262192,3528,2739021,76998,18974813
1790108753166418163,14104274,11262296,3528,2739644,76999,18974813
1790108753283112126,14105015,11262394,3528,2740289,76999,18974813
1790108753400738410,14105769,11262551,3528,2740876,77000,18974813
1790108753518730702,14106527,11262713,3528,2741465,77000,18974813
1790108753632827934,14107257,11262780,3528,2742131,77000,18974813
1790108753746989986,14107977,11262909,3528,2742725,77001,18974813
1790108753864978447,14108723,11263063,3528,2743322,77001,18974813
1790108753982816122,14109474,11263189,3528,2743945,77003,18974813
1790108754100592365,14110226,11263281,3528,2744599,77003,18974813
1790108754218389057,14110974,11263419,3528,2745211,77004,18974813
1790108754335063366,14111717,11263536,3528,2745836,77004,18974813
1790108754450762453,14112458,11263676,3528,2746430,77004,18974813
1790108754564811945,14113185,11263708,3528,2747130,77004,18974813
1790108754681695762,14113937,11263827,3528,2747752,77005,18974813
1790108754797982468,14114679,11263957,3528,2748363,77005,18974813
1790108754916029980,14115423,11264105,3528,2748964,77006,18974813
1790108755034044327,14116186,11264233,3528,2749588,77006,18974813
1790108755152542795,14116942,11264381,3528,2750189,77007,18974813
1790108755270403335,14117692,11264503,3528,2750818,77007,18974813
1790108755388189010,14118442,11264580,3528,2751492,77007,18974813
1790108755502328087,14119165,11264639,3528,2752158,77008,18974813
1790108755620634554,14119923,11264730,3528,2752818,77008,18974813
1790108755738421309,14120679,11264868,3528,2753431,77008,18974813
1790108755855490035,14121423,11264958,3528,2754087,77008,18974813
1790108755968568125,14122148,11265154,3528,2754608,77008,18974813
1790108756086661220,14122902,11265296,3528,2755216,77009,18974813
1790108756204584286,14123656,11265384,3528,2755880,77009,18974813
1790108756323474079,14124415,11265511,3528,2756511,77009,18974813
1790108756437315474,14125142,11265597,3528,2757148,77010,18974813
1790108756555205883,14125893,11265709,3528,2757788,77010,18974813
1790108756673087804,14126638,11265831,3528,2758417,77010,18974813
1790108756787365518,14127380,11265937,3528,2759036,77010,18974813
1790108756905295946,14128131,11266023,3528,2759702,77010,18974813
1790108757022055713,14128877,11266167,3528,2760303,77010,18974813
1790108757136318737,14129614,11266272,3528,2760922,77011,18974813
1790108757254245211,14130369,11266370,3528,2761576,77011,18974813
1790108757368995469,14131096,11266474,3528,2762205,77011,18974813
1790108757483102302,14131812,11266554,3528,2762850,77011,18974813
1790108757600987688,14132572,11266639,3528,2763516,77011,18974813
1790108757717985755,14133322,11266722,3528,2764179,77012,18974813
1790108757832076346,14134049,11266828,3528,2764797,77012,18974813
1790108757950044222,14134804,11266920,3528,2765455,77012,18974813
1790108758063126863,14135526,11267011,3528,2766084,77013,18974813
1790108758176947566,14136249,11267096,3528,2766721,77014,18974813
1790108758294901601,14137008,11267195,3528,2767372,77014,18974813
1790108758409218206,14137742,11267252,3528,2768044,77014,18974813
1790108758522647636,14138456,11267337,3528,2768676,77015,18974813
1790108758640519337,14139209,11267479,3528,2769287,77015,18974813
1790108758755420614,14139942,11267539,3528,2769958,77015,18974813
1790108758869144999,14140664,11267627,3528,2770595,77015,18974813
1790108758987337092,14141419,11267739,3528,2771236,77015,18974813
1790108759101713291,14142148,11267775,3528,2771925,77015,18974813
1790108759215918156,14142878,11267854,3528,2772576,77015,18974813
1790108759333800186,14143638,11267987,3528,2773187,77016,18974813
1790108759447580282,14144368,11268020,3528,2773881,77016,18974813
1790108759561834435,14145099,11268161,3528,2774466,77020,18974813
1790108759676292695,14145801,11268416,3528,2774917,77029,18974813
1790108759791689427,14146524,11268695,3528,2775346,77044,18974813
1790108759907157737,14147241,11268956,3528,2775800,77056,18974813
1790108760021781861,14147960,11269144,3528,2776064,77316,18974813
1790108760136671417,14148678,11269379,3528,2776512,77358,18974813
1790108760252962770,14149411,11269620,3528,2776991,77367,18974813
1790108760368873256,14150137,11269868,3528,2777459,77378,18974813
1790108760484808224,14150865,11270121,3528,2777923,77388,18974813
1790108760598792050,14151565,11270368,3528,2778374,77400,18974813
1790108760713704554,14152261,11270612,3528,2778841,77410,18974813
1790108760827336086,14152963,11270872,3528,2779278,77424,18974813
1790108760942686852,14153693,11271152,3528,2779710,77434,18974813
1790108761059411295,14154446,11271387,3528,2780199,77445,18974813
1790108761173679269,14155163,11271645,3528,2780636,77462,18974813
1790108761289490479,14155908,11271896,3528,2781099,77475,18974813
1790108761405379046,14156649,11272169,3528,2781538,77487,18974813
1790108761520435871,14157392,11272432,3528,2781985,77498,18974813
1790108761636434817,14158105,11272683,3528,2782449,77510,18974813
1790108761751045248,14158825,11272984,3528,2782857,77519,18974813
1790108761865849408,14159557,11273251,3528,2783296,77532,18974813
1790108761981196882,14160286,11273549,3528,2783708,77548,18974813
1790108762096833908,14160973,11273810,3528,2784162,77557,18974813
1790108762212266474,14161694,11274068,3528,2784611,77569,18974813
1790108762327516569,14162414,11274356,3528,2785038,77578,18974813
1790108762443794540,14163153,11274614,3528,2785499,77589,18974813
1790108762557680995,14163884,11274889,3528,2785930,77599,18974813
1790108762673105636,14164626,11275144,3528,2786381,77610,18974813
1790108762788917575,14165334,11275405,3528,2786814,77641,18974813
1790108762905591813,14166065,11275669,3528,2787214,77711,18974813
1790108763021426291,14166816,11275957,3528,2787646,77721,18974813
1790108763136755326,14167528,11276197,3528,2788117,77731,18974813
1790108763251713012,14168257,11276440,3528,2788575,77747,18974813
1790108763365185806,14168980,11276689,3528,2789024,77759,18974813
1790108763479877580,14169667,11276934,3528,2789484,77771,18974813
1790108763595340015,14170383,11277172,3528,2789949,77787,18974813
1790108763710374866,14171114,11277428,3528,2790404,77797,18974813
1790108763827561390,14171867,11277653,3528,2790905,77807,18974813
1790108763941852863,14172597,11277899,3528,2791357,77823,18974813
1790108764056687047,14173305,11278149,3528,2791813,77834,18974813
1790108764172579924,14174041,11278394,3528,2792283,77845,18974813
1790108764286569433,14174751,11278634,3528,2792742,77859,18974813
1790108764403163589,14175470,11278897,3528,2793198,77869,18974813
1790108764520067182,14176213,11279136,3528,2793677,77886,18974813
1790108764634178746,14176916,11279393,3528,2794119,77901,18974813
1790108764750099655,14177630,11279638,3528,2794578,77917,18974813
1790108764866321443,14178358,11279891,3528,2795040,77928,18974813
1790108764981734827,14179104,11280181,3528,2795464,77938,18974813
1790108765099395266,14179837,11280436,3528,2795936,77949,18974813
1790108765218082547,14180572,11280692,3528,2796409,77962,18974813
1790108765333597664,14181287,11280959,3528,2796852,77977,18974813
1790108765448844827,14182008,11281233,3528,2797286,77990,18974813
1790108765563264658,14182725,11281487,3528,2797685,78052,18974813
1790108765679523955,14183478,11281732,3528,2798137,78083,18974813
1790108765795400513,14184216,11281979,3528,2798606,78094,18974813
1790108765911889114,14184935,11282213,3528,2799094,78103,18974813
1790108766027106082,14185663,11282474,3528,2799537,78119,18974813
1790108766142184414,14186400,11282732,3528,2799988,78132,18974813
1790108766257794681,14187126,11282984,3528,2800441,78145,18974813
1790108766374063756,14187877,11283221,3528,2800920,78157,18974813
1790108766488737933,14188594,11283456,3528,2801396,78167,18974813
1790108766609128799,14189364,11283717,3528,2801874,78180,18974813
1790108766724363742,14190076,11283980,3528,2802320,78192,18974813
1790108766840327712,14190813,11284236,3528,2802778,78203,18974813
1790108766956149701,14191544,11284496,3528,2803229,78217,18974813
1790108767072863282,14192269,11284745,3528,2803699,78230,18974813
1790108767187816439,14192999,11284970,3528,2804182,78242,18974813
1790108767303425714,14193723,11285218,3528,2804642,78257,18974813
1790108767419220545,14194461,11285470,3528,2805099,78271,18974813
1790108767533794699,14195198,11285721,3528,2805555,78284,18974813
1790108767648830200,14195914,11285974,3528,2806007,78298,18974813
1790108767764201327,14196622,11286215,3528,2806478,78308,18974813
1790108767882094007,14197368,11286505,3528,2806922,78316,18974813
1790108767997414163,14198101,11286752,3528,2807380,78329,18974813
1790108768113601769,14198839,11286998,3528,2807855,78335,18974813
1790108768230276771,14199568,11287297,3528,2808275,78346,18974813
1790108768346053841,14200297,11287543,3528,2808670,78432,18974813
1790108768460412764,14201024,11287774,3528,2809146,78445,18974813
1790108768575648777,14201753,11288004,3528,2809627,78455,18974813
1790108768692844213,14202481,11288262,3528,2810089,78467,18974813
1790108768805790459,14203199,11288534,3528,2810512,78481,18974813
1790108768920812091,14203910,11288784,3528,2810968,78491,18974813
1790108769034802172,14204633,11289022,3528,2811431,78504,18974813
1790108769148698793,14205322,11289265,3528,2811889,78517,18974813
1790108769266031077,14206073,11289509,3528,2812374,78526,18974813
1790108769380576530,14206805,11289760,3528,2812822,78541,18974813
1790108769494681543,14207525,11290008,3528,2813274,78560,18974813
1790108769609760963,14208240,11290248,3528,2813739,78573,18974813
1790108769725889714,14208981,11290511,3528,2814191,78585,18974813
1790108769841095950,14209700,11290790,3528,2814623,78597,18974813
1790108769957752025,14210426,11291033,3528,2815101,78606,18974813
1790108770074168455,14211181,11291281,3528,2815576,78615,18974813
1790108770191376627,14211928,11291529,3528,2816047,78626,18974813
1790108770306213188,14212640,11291792,3528,2816493,78636,18974813
1790108770421670061,14213358,11292055,3528,2816944,78649,18974813
1790108770536140326,14214090,11292317,3528,2817384,78661,18974813
1790108770653550698,14214829,11292542,3528,2817890,78669,18974813
1790108770768722795,14215564,11292802,3528,2818339,78680,18974813
1790108770883414384,14216300,11293066,3528,2818776,78696,18974813
1790108770999097979,14217036,11293307,3528,2819248,78708,18974813
1790108771114709832,14217776,11293559,3528,2819703,78725,18974813
1790108771230960453,14218543,11293806,3528,2820169,78739,18974813
1790108771346669954,14219264,11294072,3528,2820626,78747,18974813
1790108771463454832,14219994,11294322,3528,2821092,78756,18974813
1790108771578589854,14220708,11294559,3528,2821560,78772,18974813
1790108771693759597,14221440,11294814,3528,2822011,78786,18974813
1790108771809460201,14222183,11295037,3528,2822431,78873,18974813
1790108771923909234,14222880,11295281,3528,2822890,78885,18974813
1790108772040206234,14223604,11295538,3528,2823349,78897,18974813
1790108772157393002,14224341,11295784,3528,2823821,78912,18974813
1790108772271380042,14225051,11296043,3528,2824270,78921,18974813
1790108772386717105,14225758,11296291,3528,2824727,78935,18974813
1790108772503887977,14226486,11296561,3528,2825182,78945,18974813
1790108772619458174,14227235,11296805,3528,2825646,78960,18974813
1790108772734301475,14227964,11297036,3528,2826120,78973,18974813
1790108772848077199,14228676,11297291,3528,2826560,78990,18974813
1790108772962849648,14229392,11297544,3528,2827013,79003,18974813
1790108773078750676,14230114,11297789,3528,2827474,79022,18974813
1790108773194675428,14230828,11298025,3528,2827950,79035,18974813
1790108773307942835,14231544,11298312,3528,2828359,79049,18974813
1790108773424295417,14232259,11298551,3528,2828838,79061,18974813
1790108773539388348,14232982,11298803,3528,2829293,79075,18974813
1790108773653923616,14233703,11299049,3528,2829750,79088,18974813
1790108773768486756,14234440,11299304,3528,2830198,79101,18974813
1790108773884978628,14235184,11299545,3528,2830675,79112,18974813
1790108774000021599,14235899,11299783,3528,2831154,79122,18974813
1790108774121312893,14236659,11300037,3528,2831640,79135,18974813
1790108774236835422,14237391,11300301,3528,2832088,79147,18974813
1790108774352389219,14238118,11300579,3528,2832522,79158,18974813
1790108774467041587,14238842,11300838,3528,2832904,79237,18974813
1790108774582869751,14239546,11301085,3528,2833371,79251,18974813
1790108774697359814,14240267,11301389,3528,2833767,79266,18974813
1790108774816365157,14241012,11301662,3528,2834233,79278,18974813
1790108774930745217,14241717,11301928,3528,2834662,79295,18974813
1790108775046836983,14242451,11302191,3528,2835116,79305,18974813
1790108775162684872,14243189,11302463,3528,2835559,79318,18974813
1790108775277843353,14243918,11302719,3528,2836012,79328,18974813
1790108775394730743,14244679,11302987,3528,2836470,79336,18974813
1790108775510807383,14245406,11303238,3528,2836931,79350,18974813
1790108775624622668,14246140,11303491,3528,2837376,79363,18974813
1790108775740859908,14246865,11303748,3528,2837834,79375,18974813
1790108775857532837,14247601,11304003,3528,2838300,79387,18974813
1790108775973300365,14248364,11304257,3528,2838760,79395,18974813
1790108776088417738,14249098,11304509,3528,2839225,79403,18974813
1790108776204489499,14249829,11304806,3528,2839642,79417,18974813
1790108776319516044,14250532,11305061,3528,2840086,79434,18974813
1790108776434555944,14251270,11305339,3528,2840515,79447,18974813
1790108776550973150,14251974,11305619,3528,2840947,79464,18974813
1790108776664998208,14252707,11305872,3528,2841395,79477,18974813
1790108776780524156,14253443,11306122,3528,2841860,79487,18974813
1790108776896291050,14254175,11306402,3528,2842293,79499,18974813
1790108777010674095,14254881,11306657,3528,2842743,79514,18974813
1790108777125073273,14255603,11306902,3528,2843195,79531,18974813
1790108777242070030,14256322,11307143,3528,2843612,79603,18974813
1790108777356921875,14257070,11307371,3528,2844079,79629,18974813
1790108777474325789,14257835,11307612,3528,2844568,79640,18974813
1790108777588586571,14258557,11307877,3528,2845002,79652,18974813
1790108777704091900,14259285,11308131,3528,2845459,79663,18974813
1790108777819727917,14260007,11308392,3528,2845906,79678,18974813
1790108777936081002,14260727,11308640,3528,2846372,79694,18974813
1790108778050632204,14261442,11308891,3528,2846822,79707,18974813
1790108778166635889,14262180,11309146,3528,2847289,79714,18974813
1790108778280878141,14262897,11309399,3528,2847735,79731,18974813
1790108778395056418,14263593,11309661,3528,2848175,79743,18974813
1790108778510754065,14264315,11309954,3528,2848593,79758,18974813
1790108778626309738,14265043,11310215,3528,2849042,79770,18974813
1790108778740838436,14265758,11310462,3528,2849501,79784,18974813
1790108778854980357,14266472,11310729,3528,2849941,79794,18974813
1790108778971018622,14267193,11310996,3528,2850386,79806,18974813
1790108779086164564,14267897,11311249,3528,2850837,79824,18974813
1790108779200855933,14268635,11311546,3528,2851233,79849,18974813
1790108779315988738,14269349,11311805,3528,2851680,79864,18974813
1790108779431393243,14270102,11312049,3528,2852146,79876,18974813
1790108779545762965,14270815,11312290,3528,2852611,79887,18974813
1790108779663161481,14271555,11312556,3528,2853071,79897,18974813
1790108779778226567,14272288,11312806,3528,2853527,79912,18974813
1790108779893718832,14273011,11313053,3528,2853993,79921,18974813
1790108780008354680,14273744,11313299,3528,2854380,80005,18974813
1790108780122820264,14274469,11313567,3528,2854820,80016,18974813
1790108780236685688,14275173,11313809,3528,2855285,80023,18974813
1790108780352729123,14275921,11314066,3528,2855745,80036,18974813
1790108780468750820,14276649,11314331,3528,2856189,80051,18974813
1790108780583386911,14277379,11314578,3528,2856647,80063,18974813
1790108780698083648,14278101,11314830,3528,2857094,80079,18974813
1790108780815113563,14278830,11315092,3528,2857560,80090,18974813
1790108780930758045,14279561,11315316,3528,2858049,80100,18974813
1790108781046417454,14280299,11315595,3528,2858482,80113,18974813
1790108781161306970,14281011,11315843,3528,2858935,80127,18974813
1790108781276808370,14281723,11316100,3528,2859387,80141,18974813
1790108781393077070,14282436,11316332,3528,2859871,80150,18974813
1790108781507157610,14283161,11316566,3528,2860339,80162,18974813
1790108781624384583,14283878,11316793,3528,2860836,80171,18974813
1790108781740687266,14284602,11317046,3528,2861301,80185,18974813
1790108781856322849,14285339,11317326,3528,2861729,80198,18974813
1790108781969904488,14286033,11317586,3528,2862167,80211,18974813
1790108782086189288,14286751,11317827,3528,2862641,80223,18974813
1790108782202859770,14287502,11318062,3528,2863127,80234,18974813
1790108782316611085,14288218,11318299,3528,2863592,80246,18974813
1790108782432106877,14288945,11318595,3528,2864010,80255,18974813
1790108782547425704,14289656,11318846,3528,2864470,80268,18974813
1790108782662659408,14290397,11319108,3528,2864914,80281,18974813
1790108782777803871,14291102,11319342,3528,2865320,80364,18974813
1790108782893618233,14291817,11319607,3528,2865770,80376,18974813
1790108783008323552,14292551,11319868,3528,2866216,80386,18974813
1790108783125145217,14293297,11320143,3528,2866654,80404,18974813
1790108783240022436,14294020,11320404,3528,2867102,80416,18974813
1790108783356215455,14294726,11320645,3528,2867570,80433,18974813
1790108783471289888,14295447,11320898,3528,2868023,80447,18974813
1790108783586872149,14296175,11321145,3528,2868491,80459,18974813
1790108783704094744,14296905,11321388,3528,2868973,80468,18974813
1790108783818122910,14297633,11321680,3528,2869379,80484,18974813
1790108783933236063,14298357,11321956,3528,2869810,80499,18974813
1790108784048750505,14299080,11322208,3528,2870263,80515,18974813
1790108784163762064,14299796,11322463,3528,2870715,80527,18974813
1790108784279124411,14300522,11322713,3528,2871172,80542,18974813
1790108784396388634,14301272,11322976,3528,2871634,80554,18974813
1790108784512039711,14302002,11323240,3528,2872080,80569,18974813
1790108784626349202,14302725,11323531,3528,2872494,80577,18974813
1790108784741134014,14303461,11323811,3528,2872922,80590,18974813
1790108784856213030,14304173,11324060,3528,2873377,80604,18974813
1790108784972292642,14304903,11324328,3528,2873827,80615,18974813
1790108785088085844,14305655,11324591,3528,2874283,80629,18974813
1790108785204051106,14306395,11324883,3528,2874703,80640,18974813
1790108785318360784,14307097,11325132,3528,2875154,80652,18974813
1790108785433148176,14307812,11325380,3528,2875607,80669,18974813
1790108785548617290,14308536,11325606,3528,2876017,80756,18974813
1790108785663423084,14309271,11325850,3528,2876480,80769,18974813
1790108785781332729,14310024,11326090,3528,2876971,80781,18974813
1790108785896056700,14310722,11326358,3528,2877405,80793,18974813
1790108786010900510,14311445,11326606,3528,2877867,80804,18974813
1790108786126661683,14312168,11326870,3528,2878311,80818,18974813
1790108786240674160,14312886,11327118,3528,2878763,80833,18974813
1790108786356365561,14313597,11327380,3528,2879211,80847,18974813
1790108786473685477,14314345,11327625,3528,2879693,80856,18974813
1790108786589494382,14315067,11327880,3528,2880149,80868,18974813
1790108786704618237,14315798,11328165,3528,2880573,80881,18974813
1790108786820829585,14316532,11328442,3528,2881011,80894,18974813
1790108786933352676,14317229,11328685,3528,2881459,80908,18974813
1790108787048187475,14317930,11328957,3528,2881896,80919,18974813
1790108787162963395,14318663,11329230,3528,2882335,80928,18974813
1790108787279868618,14319392,11329495,3528,2882788,80941,18974813
1790108787395170484,14320119,11329743,3528,2883245,80954,18974813
1790108787511668605,14320837,11329990,3528,2883720,80963,18974813
1790108787627047710,14321551,11330240,3528,2884179,80977,18974813
1790108787744205796,14322290,11330486,3528,2884656,80989,18974813
1790108787862362205,14323026,11330797,3528,2885076,80998,18974813
1790108787978085983,14323759,11331048,3528,2885537,81010,18974813
1790108788093918133,14324482,11331313,3528,2885983,81023,18974813
1790108788208658565,14325207,11331572,3528,2886433,81036,18974813
1790108788322878864,14325932,11331813,3528,2886808,81136,18974813
1790108788438237925,14326660,11332079,3528,2887257,81147,18974813
1790108788553218889,14327396,11332337,3528,2887702,81160,18974813
1790108788669786421,14328135,11332584,3528,2888175,81172,18974813
1790108788784870921,14328858,11332838,3528,2888625,81186,18974813
1790108788900005107,14329568,11333094,3528,2889075,81200,18974813
1790108789015973863,14330289,11333399,3528,2889485,81214,18974813
1790108789130697414,14331033,11333642,3528,2889950,81223,18974813
1790108789247367297,14331781,11333896,3528,2890418,81236,18974813
1790108789364354059,14332514,11334175,3528,2890854,81250,18974813
1790108789478493598,14333226,11334448,3528,2891282,81264,18974813
1790108789592675313,14333946,11334698,3528,2891736,81278,18974813
1790108789708630079,14334663,11334960,3528,2892187,81291,18974813
1790108789824905539,14335391,11335220,3528,2892639,81309,18974813
1790108789940209125,14336129,11335453,3528,2893111,81324,18974813
1790108790054240855,14336852,11335716,3528,2893544,81342,18974813
1790108790169478021,14337577,11335974,3528,2893991,81357,18974813
1790108790283496817,14338303,11336221,3528,2894447,81369,18974813
1790108790397749386,14339017,11336466,3528,2894898,81385,18974813
1790108790513342685,14339759,11336719,3528,2895360,81400,18974813
1790108790630477059,14340497,11336995,3528,2895802,81412,18974813
1790108790745608335,14341216,11337256,3528,2896247,81429,18974813
1790108790862016222,14341944,11337498,3528,2896720,81443,18974813
1790108790977363124,14342662,11337760,3528,2897162,81458,18974813
1790108791091657992,14343362,11337985,3528,2897570,81541,18974813
1790108791208000117,14344075,11338229,3528,2898044,81551,18974813
1790108791321332530,14344790,11338455,3528,2898520,81560,18974813
1790108791435632525,14345514,11338712,3528,2898962,81576,18974813
1790108791552108342,14346233,11338956,3528,2899429,81593,18974813
1790108791668387832,14346969,11339220,3528,2899878,81607,18974813
1790108791783790803,14347727,11339471,3528,2900337,81618,18974813
1790108791900501569,14348439,11339761,3528,2900767,81628,18974813
1790108792018782901,14349170,11340013,3528,2901246,81639,18974813
1790108792134380643,14349891,11340264,3528,2901705,81654,18974813
1790108792250782099,14350609,11340525,3528,2902156,81668,18974813
1790108792366025639,14351315,11340806,3528,2902586,81680,18974813
1790108792480707710,14352029,11341077,3528,2903018,81693,18974813
1790108792596870642,14352758,11341357,3528,2903458,81702,18974813
1790108792714346023,14353512,11341613,3528,2903924,81716,18974813
1790108792828806787,14354223,11341870,3528,2904365,81735,18974813
1790108792944729004,14354961,11342131,3528,2904817,81749,18974813
1790108793060663487,14355681,11342375,3528,2905279,81767,18974813
1790108793175993364,14356392,11342630,3528,2905733,81779,18974813
1790108793292062342,14357133,11342893,3528,2906188,81790,18974813
1790108793409371859,14357877,11343565,3528,2906247,81798,19007837
1790108793534098617,14358670,11344010,3528,2906589,81799,19011677
1790108793653170814,14359429,11344123,3528,2907234,81800,19011677
1790108793767331065,14360162,11344148,3528,2907935,81800,19011677
1790108793881532291,14360894,11344231,3528,2908578,81800,19011677
1790108793998733193,14361647,11344359,3528,2909194,81800,19011677
1790108794112721753,14362375,11344407,3528,2909875,81801,19011677
1790108794229054426,14363117,11344551,3528,2910470,81801,19011677
1790108794347338545,14363877,11344636,3528,2911137,81801,19011677
1790108794461159212,14364608,11344709,3528,2911790,81802,19011677
1790108794578037015,14365349,11344795,3528,2912448,81802,19011677
1790108794692343943,14366083,11344874,3528,2913096,81802,19011677
1790108794806285175,14366806,11344989,3528,2913705,81803,19011677
1790108794924152574,14367561,11345149,3528,2914296,81804,19011677
1790108795038334861,14368292,11345202,3528,2914969,81804,19011677
1790108795155067082,14369035,11345329,3528,2915586,81805,19011677
1790108795272998350,14369793,11345437,3528,2916229,81805,19011677
1790108795386433448,14370518,11345500,3528,2916885,81806,19011677
1790108795503453990,14371267,11345595,3528,2917535,81806,19011677
1790108795621335230,14372015,11345700,3528,2918181,81806,19011677
1790108795735322558,14372736,11345779,3528,2918827,81807,19011677
1790108795853330621,14373486,11345898,3528,2919459,81807,19011677
1790108795967213625,14374215,11345919,3528,2920166,81807,19011677
1790108796082373532,14374947,11345997,3528,2920821,81808,19011677
1790108796196541429,14375671,11346123,3528,2921419,81808,19011677
1790108796318325895,14376450,11346181,3528,2922137,81808,19011677
1790108796435631570,14377196,11346292,3528,2922769,81808,19011677
1790108796553562597,14377953,11346397,3528,2923415,81809,19011677
1790108796667427579,14378673,11346491,3528,2924045,81810,19011677
1790108796785790760,14379429,11346634,3528,2924660,81810,19011677
1790108796903630970,14380183,11346761,3528,2925276,81810,19011677
1790108797020769738,14380938,11346849,3528,2925933,81810,19011677
1790108797138078177,14381680,11347015,3528,2926515,81813,19011677
1790108797255611697,14382434,11347168,3528,2927107,81813,19011677
1790108797373713108,14383191,11347265,3528,2927762,81813,19011677
1790108797487512288,14383916,11347362,3528,2928388,81814,19011677
1790108797605388809,14384672,11347504,3528,2928998,81814,19011677
1790108797722245359,14385411,11347630,3528,2929615,81815,19011677
1790108797839770759,14386159,11347718,3528,2930271,81816,19011677
1790108797957580971,14386912,11347893,3528,2930845,81816,19011677
1790108798074661342,14387659,11347998,3528,2931484,81817,19011677
1790108798192819481,14388413,11348087,3528,2932154,81817,19011677
1790108798306835399,14389138,11348164,3528,2932802,81817,19011677
1790108798424756584,14389890,11348300,3528,2933414,81817,19011677
1790108798541869674,14390641,11348436,3528,2934024,81818,19011677
1790108798659927342,14391391,11348519,3528,2934692,81819,19011677
1790108798777731671,14392137,11348681,3528,2935276,81820,19011677
1790108798894998705,14392886,11348781,3528,2935922,81821,19011677
1790108799013014298,14393639,11348855,3528,2936599,81821,19011677
1790108799126828009,14394359,11348949,3528,2937230,81823,19011677
1790108799244878321,14395112,11349108,3528,2937822,81823,19011677
1790108799363295910,14395879,11349244,3528,2938435,81823,19011677
1790108799480584213,14396628,11349342,3528,2939082,81823,19011677
1790108799595737623,14397359,11349533,3528,2939622,81824,19011677
1790108799712761442,14398104,11349630,3528,2940268,81824,19011677
1790108799830748998,14398855,11349704,3528,2940946,81824,19011677
1790108799944593938,14399579,11349789,3528,2941586,81825,19011677
1790108800062498692,14400331,11349939,3528,2942189,81825,19011677
1790108800180825019,14401088,11350076,3528,2942806,81826,19011677
1790108800297886415,14401841,11350160,3528,2943467,81826,19011677
1790108800413425247,14402570,11350346,3528,2944011,81826,19011677
1790108800530723977,14403322,11350447,3528,2944654,81827,19011677
1790108800648596496,14404075,11350519,3528,2945334,81827,19011677
1790108800762523226,14404796,11350596,3528,2945982,81827,19011677
1790108800880592993,14405551,11350725,3528,2946608,81828,19011677
1790108800999121866,14406306,11350843,3528,2947241,81828,19011677
1790108801116943186,14407058,11350962,3528,2947872,81828,19011677
1790108801234811310,14407807,11351115,3528,2948470,81829,19011677
1790108801352149959,14408561,11351199,3528,2949129,81829,19011677
1790108801470112208,14409308,11351307,3528,2949773,81829,19011677
1790108801584447404,14410042,11351380,3528,2950426,81830,19011677
1790108801702525987,14410794,11351501,3528,2951055,81830,19011677
1790108801819902021,14411546,11351618,3528,2951687,81830,19011677
1790108801937174079,14412299,11351709,3528,2952343,81830,19011677
1790108802053393947,14413031,11351881,3528,2952907,81832,19011677
1790108802171284423,14413791,11352002,3528,2953536,81832,19011677
1790108802289146437,14414548,11352082,3528,2954207,81833,19011677
1790108802403325936,14415278,11352159,3528,2954855,81833,19011677
1790108802521508656,14416035,11352305,3528,2955459,81834,19011677
1790108802639115929,14416794,11352414,3528,2956100,81834,19011677
1790108802755633382,14417541,11352550,3528,2956703,81834,19011677
1790108802872324183,14418286,11352728,3528,2957268,81835,19011677
1790108802989529185,14419017,11352834,3528,2957905,81836,19011677
1790108803107455816,14419774,11352958,3528,2958534,81836,19011677
1790108803221672610,14420497,11353053,3528,2959166,81837,19011677
1790108803340089987,14421255,11353136,3528,2959836,81837,19011677
1790108803457959646,14422005,11353287,3528,2960434,81838,19011677
1790108803576373653,14422758,11353420,3528,2961053,81838,19011677
1790108803694237198,14423512,11353584,3528,2961638,81839,19011677
1790108803810732875,14424259,11353689,3528,2962270,81839,19011677
1790108803928605592,14425011,11353761,3528,2962951,81839,19011677
1790108804042513359,14425734,11353835,3528,2963601,81840,19011677
1790108804160328550,14426486,11353943,3528,2964246,81840,19011677
1790108804274882597,14427217,11354094,3528,2964824,81840,19011677
1790108804392613863,14427971,11354201,3528,2965462,81841,19011677
1790108804510486031,14428722,11354347,3528,2966066,81841,19011677
1790108804627316439,14429458,11354493,3528,2966663,81842,19011677
1790108804745169200,14430210,11354621,3528,2967286,81842,19011677
1790108804858989694,14430941,11354696,3528,2967936,81843,19011677
1790108804976381785,14431695,11354780,3528,2968597,81843,19011677
1790108805093972916,14432440,11354941,3528,2969185,81845,19011677
1790108805211290097,14433194,11355100,3528,2969770,81845,19011677
1790108805329462058,14433945,11355232,3528,2970390,81845,19011677
1790108805444824439,14434667,11355356,3528,2971002,81846,19011677
1790108805562972702,14435419,11355432,3528,2971678,81846,19011677
1790108805677066958,14436161,11355497,3528,2972337,81846,19011677
1790108805805677510,14436985,11355648,3528,2973004,81847,19011677
1790108805921641125,14437718,11355781,3528,2973603,81848,19011677
1790108806040148748,14438480,11355870,3528,2974271,81848,19011677
1790108806157219865,14439227,11356052,3528,2974833,81849,19011677
1790108806273945482,14439967,11356165,3528,2975462,81850,19011677
1790108806391869879,14440722,11356274,3528,2976105,81850,19011677
1790108806505777117,14441461,11356357,3528,2976741,81851,19011677
1790108806623805567,14442214,11356477,3528,2977380,81851,19011677
1790108806736948145,14442935,11356666,3528,2977908,81851,19011677
1790108806853753582,14443678,11356771,3528,2978540,81852,19011677
1790108806971852225,14444433,11356898,3528,2979171,81853,19011677
1790108807088400215,14445186,11357006,3528,2979799,81854,19011677
1790108807206409313,14445947,11357085,3528,2980472,81854,19011677
1790108807320598486,14446683,11357171,3528,2981114,81854,19011677
1790108807438965896,14447437,11357296,3528,2981743,81854,19011677
1790108807556709100,14448186,11357473,3528,2982310,81855,19011677
1790108807674211243,14448942,11357615,3528,2982917,81855,19011677
1790108807792571278,14449686,11357764,3528,2983519,81856,19011677
1790108807907588344,14450413,11357938,3528,2984075,81858,19011677
1790108808025540308,14451177,11358015,3528,2984750,81858,19011677
1790108808139631438,14451911,11358073,3528,2985416,81859,19011677
1790108808257326790,14452663,11358196,3528,2986043,81859,19011677
1790108808375059106,14453410,11358336,3528,2986653,81860,19011677
1790108808491941906,14454156,11358472,3528,2987260,81861,19011677
1790108808609997306,14454909,11358638,3528,2987845,81861,19011677
1790108808727458234,14455669,11358803,3528,2988426,81862,19011677
1790108808846047437,14456423,11358902,3528,2989082,81862,19011677
1790108808959939724,14457149,11358975,3528,2989734,81862,19011677
1790108809077565965,14457905,11359071,3528,2990382,81863,19011677
1790108809195447066,14458660,11359214,3528,2990989,81864,19011677
1790108809311762901,14459404,11359365,3528,2991581,81864,19011677
1790108809429937857,14460165,11359497,3528,2992200,81864,19011677
1790108809547762680,14460917,11359656,3528,2992788,81865,19011677
1790108809665050855,14461668,11359779,3528,2993412,81865,19011677
1790108809778962442,14462394,11359851,3528,2994066,81865,19011677
1790108809895682642,14463139,11359982,3528,2994663,81875,19011677
1790108810013810137,14463891,11360111,3528,2995269,81897,19011677
1790108810130527996,14464628,11360236,3528,2995850,81931,19011677
1790108810247033660,14465368,11360313,3528,2996459,81988,19011677
1790108810365088022,14466131,11360456,3528,2997016,82038,19011677
1790108810483397495,14466890,11360561,3528,2997629,82071,19011677
1790108810597230290,14467618,11360587,3528,2998327,82073,19011677
1790108810714646963,14468357,11360691,3528,2998928,82115,19011677
1790108810830971643,14469102,11360792,3528,2999513,82170,19011677
1790108810949497278,14469855,11360919,3528,3000086,82217,19011677
1790108811067769989,14470603,11361034,3528,3000683,82263,19011677
1790108811185883829,14471360,11361165,3528,3001279,82286,19011677
1790108811303744883,14472119,11361303,3528,3001889,82286,19011677
1790108811415422379,14472841,11361395,3528,3002507,82286,19011677
1790108811529716482,14473559,11361472,3528,3003153,82288,19011677
1790108811647855355,14474316,11361623,3528,3003758,82288,19011677
1790108811765826757,14475068,11361742,3528,3004389,82288,19011677
1790108811883700373,14475823,11361866,3528,3005013,82289,19011677
1790108812001458536,14476577,11362008,3528,3005616,82290,19011677
1790108812119329161,14477330,11362104,3528,3006272,82291,19011677
1790108812237066450,14478086,11362175,3528,3006953,82291,19011677
1790108812351076941,14478817,11362253,3528,3007598,82293,19011677
1790108812468981512,14479571,11362369,3528,3008231,82293,19011677
1790108812586859759,14480330,11362497,3528,3008852,82294,19011677
1790108812704802276,14481085,11362629,3528,3009472,82294,19011677
1790108812822640182,14481842,11362758,3528,3010086,82295,19011677
1790108812940435009,14482599,11362859,3528,3010744,82295,19011677
1790108813055403275,14483338,11362906,3528,3011422,82295,19011677
1790108813169539237,14484067,11362980,3528,3012073,82296,19011677
1790108813285806652,14484810,11363100,3528,3012697,82297,19011677
1790108813399606662,14485540,11363135,3528,3013385,82297,19011677
1790108813514697699,14486275,11363250,3528,3013999,82298,19011677
1790108813632569952,14487029,11363362,3528,3014638,82298,19011677
1790108813746203724,14487765,11363429,3528,3015297,82298,19011677
1790108813863807096,14488519,11363527,3528,3015949,82298,19011677
1790108813980293050,14489267,11363599,3528,3016617,82298,19011677
1790108814094565549,14489990,11363686,3528,3017254,82300,19011677
1790108814212483537,14490745,11363814,3528,3017876,82300,19011677
1790108814326170144,14491469,11363839,3528,3018577,82300,19011677
1790108814442015460,14492208,11364006,3528,3019147,82301,19011677
1790108814559995840,14492957,11364093,3528,3019811,82301,19011677
1790108814673946089,14493695,11364161,3528,3020466,82303,19011677
1790108814791704573,14494455,11364265,3528,3021107,82304,19011677
1790108814909998068,14495208,11364347,3528,3021783,82304,19011677
1790108815023820116,14495940,11364426,3528,3022427,82305,19011677
1790108815141966950,14496696,11364558,3528,3023046,82305,19011677
1790108815256322902,14497436,11364589,3528,3023742,82305,19011677
1790108815374151987,14498181,11364731,3528,3024349,82306,19011677
1790108815491111503,14498925,11364828,3528,3024997,82306,19011677
1790108815604930789,14499649,11364879,3528,3025670,82307,19011677
1790108815731924951,14500458,11364988,3528,3026369,82307,19011677
1790108815849652444,14501209,11365060,3528,3027042,82307,19011677
1790108815963521150,14501936,11365180,3528,3027648,82309,19011677
1790108816080652798,14502655,11365453,3528,3028095,82320,19011677
1790108816195497782,14503367,11365702,3528,3028549,82334,19011677
1790108816310479087,14504077,11365967,3528,3028989,82349,19011677
1790108816426092107,14504806,11366227,3528,3029437,82366,19011677
1790108816540940854,14505538,11366452,3528,3029780,82521,19011677
1790108816657035050,14506283,11366722,3528,3030220,82536,19011677
1790108816775636081,14507030,11366963,3528,3030714,82547,19011677
1790108816891937668,14507765,11367222,3528,3031167,82559,19011677
1790108817009099458,14508495,11367495,3528,3031615,82573,19011677
1790108817124672505,14509212,11367740,3528,3032074,82591,19011677
1790108817239873895,14509960,11368004,3528,3032520,82601,19011677
1790108817356614456,14510697,11368255,3528,3032990,82612,19011677
1790108817471681571,14511422,11368511,3528,3033440,82627,19011677
1790108817587163766,14512153,11368786,3528,3033875,82637,19011677
1790108817702976605,14512889,11369027,3528,3034346,82650,19011677
1790108817818044999,14513598,11369292,3528,3034786,82665,19011677
1790108817932710453,14514325,11369547,3528,3035240,82676,19011677
1790108818049374036,14515078,11369790,3528,3035721,82683,19011677
1790108818164314229,14515786,11370060,3528,3036154,82699,19011677
1790108818278898732,14516504,11370318,3528,3036604,82709,19011677
1790108818393016665,14517225,11370585,3528,3037041,82718,19011677
1790108818509132888,14517981,11370852,3528,3037490,82731,19011677
1790108818624532119,14518693,11371123,3528,3037926,82745,19011677
1790108818739504334,14519415,11371379,3528,3038381,82755,19011677
1790108818855942254,14520150,11371663,3528,3038815,82767,19011677
1790108818969092845,14520856,11371927,3528,3039246,82781,19011677
1790108819085066445,14521576,11372178,3528,3039704,82797,19011677
1790108819200727848,14522308,11372441,3528,3040151,82811,19011677
1790108819316494842,14523033,11372664,3528,3040576,82889,19011677
1790108819433130512,14523768,11372891,3528,3041074,82903,19011677
1790108819548469260,14524483,11373143,3528,3041531,82913,19011677
1790108819663307673,14525197,11373411,3528,3041963,82928,19011677
1790108819779486566,14525927,11373667,3528,3042419,82946,19011677
1790108819897532455,14526666,11373939,3528,3042867,82962,19011677
1790108820013461178,14527385,11374179,3528,3043343,82974,19011677
1790108820127422823,14528084,11374424,3528,3043804,82985,19011677
1790108820242506057,14528795,11374693,3528,3044235,83002,19011677
1790108820357006684,14529515,11374950,3528,3044680,83016,19011677
1790108820472404502,14530248,11375204,3528,3045136,83029,19011677
1790108820587172279,14530958,11375454,3528,3045592,83041,19011677
1790108820703020898,14531705,11375697,3528,3046064,83051,19011677
1790108820818833328,14532421,11375956,3528,3046524,83059,19011677
1790108820933044647,14533135,11376213,3528,3046970,83074,19011677
1790108821047559315,14533842,11376477,3528,3047409,83086,19011677
1790108821162612934,14534575,11376742,3528,3047850,83099,19011677
1790108821277718024,14535315,11377007,3528,3048295,83114,19011677
1790108821394448177,14536032,11377278,3528,3048739,83127,19011677
1790108821510205226,14536766,11377517,3528,3049221,83133,19011677
1790108821625463608,14537505,11377777,3528,3049674,83145,19011677
1790108821739600797,14538226,11378035,3528,3050112,83160,19011677
1790108821855352348,14538927,11378300,3528,3050562,83171,19011677
1790108821972038414,14539648,11378596,3528,3050917,83253,19011677
1790108822088243077,14540402,11378846,3528,3051380,83266,19011677
1790108822205234037,14541147,11379076,3528,3051869,83283,19011677
1790108822320343176,14541849,11379335,3528,3052313,83297,19011677
1790108822434557745,14542579,11379586,3528,3052762,83312,19011677
1790108822549381301,14543300,11379844,3528,3053213,83323,19011677
1790108822665143630,14544041,11380082,3528,3053687,83336,19011677
1790108822781310146,14544743,11380294,3528,3054196,83347,19011677
1790108822895862079,14545474,11380548,3528,3054643,83359,19011677
1790108823009872525,14546198,11380805,3528,3055088,83370,19011677
1790108823126695903,14546926,11381063,3528,3055542,83389,19011677
1790108823240940120,14547636,11381320,3528,3055984,83404,19011677
1790108823356235080,14548368,11381556,3528,3056460,83418,19011677
1790108823474095328,14549088,11381802,3528,3056942,83430,19011677
1790108823589962639,14549807,11382059,3528,3057390,83445,19011677
1790108823704885119,14550518,11382304,3528,3057844,83464,19011677
1790108823821053392,14551262,11382562,3528,3058296,83481,19011677
1790108823937126308,14552020,11382830,3528,3058736,83498,19011677
1790108824052691536,14552742,11383072,3528,3059212,83508,19011677
1790108824168739351,14553494,11383304,3528,3059693,83522,19011677
1790108824284071176,14554212,11383557,3528,3060146,83537,19011677
1790108824398660542,14554917,11383823,3528,3060578,83553,19011677
1790108824514086157,14555633,11384074,3528,3061033,83570,19011677
1790108824628357850,14556347,11384326,3528,3061486,83580,19011677
1790108824745430366,14557073,11384556,3528,3061900,83669,19011677
1790108824862681862,14557818,11384786,3528,3062397,83680,19011677
1790108824979246021,14558553,11385047,3528,3062848,83694,19011677
1790108825093103772,14559275,11385301,3528,3063296,83705,19011677
1790108825207314138,14559980,11385544,3528,3063755,83718,19011677
1790108825323089793,14560716,11385804,3528,3064204,83734,19011677
1790108825437436052,14561436,11386053,3528,3064661,83748,19011677
1790108825553392440,14562154,11386281,3528,3065147,83759,19011677
1790108825667758391,14562871,11386525,3528,3065603,83775,19011677
1790108825784315058,14563609,11386789,3528,3066049,83793,19011677
1790108825899019146,14564326,11387038,3528,3066501,83810,19011677
1790108826013308272,14565045,11387312,3528,3066935,83819,19011677
1790108826129114524,14565781,11387651,3528,3067312,83830,19011677
1790108826245847833,14566532,11387940,3528,3067744,83842,19011677
1790108826362979471,14567278,11388203,3528,3068205,83852,19011677
1790108826477201404,14567981,11388441,3528,3068664,83867,19011677
1790108826592861138,14568706,11388693,3528,3069121,83880,19011677
1790108826708491395,14569428,11388935,3528,3069593,83890,19011677
1790108826822979953,14570141,11389167,3528,3070066,83905,19011677
1790108826940492787,14570864,11389400,3528,3070555,83917,19011677
1790108827056849218,14571608,11389660,3528,3071004,83932,19011677
1790108827172414501,14572342,11389910,3528,3071464,83946,19011677
1790108827287576957,14573075,11390158,3528,3071921,83959,19011677
1790108827403041222,14573798,11390399,3528,3072321,84049,19011677
1790108827517438185,14574508,11390666,3528,3072757,84060,19011677
1790108827632489958,14575239,11390909,3528,3073217,84076,19011677
1790108827748078742,14575985,11391169,3528,3073661,84093,19011677
1790108827864652686,14576709,11391414,3528,3074132,84108,19011677
1790108827980904595,14577450,11391688,3528,3074570,84121,19011677
1790108828096429767,14578192,11391927,3528,3075042,84137,19011677
1790108828212621889,14578931,11392187,3528,3075500,84146,19011677
1790108828331825491,14579689,11392436,3528,3075984,84159,19011677
1790108828447324291,14580402,11392703,3528,3076424,84174,19011677
1790108828564943738,14581136,11392972,3528,3076879,84187,19011677
1790108828680043871,14581862,11393218,3528,3077338,84203,19011677
1790108828795030934,14582576,11393509,3528,3077755,84214,19011677
1790108828909025696,14583296,11393763,3528,3078207,84223,19011677
1790108829023897937,14584018,11394030,3528,3078642,84239,19011677
1790108829140322865,14584746,11394284,3528,3079107,84250,19011677
1790108829256055631,14585469,11394544,3528,3079554,84266,19011677
1790108829371409482,14586188,11394798,3528,3080010,84282,19011677
1790108829487142224,14586920,11395041,3528,3080482,84292,19011677
1790108829602057057,14587637,11395311,3528,3080922,84299,19011677
1790108829717151179,14588358,11395604,3528,3081336,84313,19011677
1790108829832886623,14589094,11395855,3528,3081801,84321,19011677
1790108829947220815,14589814,11396102,3528,3082255,84337,19011677
1790108830061664075,14590545,11396376,3528,3082686,84347,19011677
1790108830174665149,14591232,11396653,3528,3083047,84419,19011677
1790108830292400271,14591945,11396893,3528,3083538,84427,19011677
1790108830406507146,14592663,11397163,3528,3083973,84442,19011677
1790108830521297846,14593398,11397411,3528,3084424,84455,19011677
1790108830636124572,14594121,11397708,3528,3084837,84465,19011677
1790108830751385896,14594860,11397961,3528,3085294,84476,19011677
1790108830866165618,14595575,11398230,3528,3085729,84492,19011677
1790108830983178087,14596309,11398470,3528,3086214,84500,19011677
1790108831100273952,14597031,11398741,3528,3086661,84514,19011677
1790108831215010734,14597749,11398987,3528,3087120,84527,19011677
1790108831327775654,14598459,11399245,3528,3087560,84538,19011677
1790108831443992763,14599175,11399509,3528,3088006,84552,19011677
1790108831559097152,14599903,11399787,3528,3088440,84567,19011677
1790108831674129175,14600643,11400031,3528,3088904,84576,19011677
1790108831790147100,14601373,11400288,3528,3089361,84589,19011677
1790108831904417046,14602063,11400534,3528,3089815,84605,19011677
1790108832019009542,14602786,11400783,3528,3090268,84617,19011677
1790108832135226175,14603516,11401075,3528,3090691,84629,19011677
1790108832250030537,14604266,11401362,3528,3091118,84640,19011677
1790108832365437030,14605007,11401611,3528,3091578,84651,19011677
1790108832482303445,14605760,11401870,3528,3092036,84663,19011677
1790108832597945215,14606483,11402134,3528,3092479,84682,19011677
1790108832715069304,14607210,11402390,3528,3092941,84695,19011677
1790108832829699731,14607918,11402657,3528,3093379,84710,19011677
1790108832944628786,14608646,11402936,3528,3093801,84731,19011677
1790108833059873194,14609372,11403193,3528,3094252,84742,19011677
1790108833176693545,14610077,11403450,3528,3094714,84755,19011677
1790108833291869253,14610802,11403699,3528,3095165,84774,19011677
1790108833407862382,14611514,11404010,3528,3095567,84789,19011677
1790108833524092138,14612236,11404267,3528,3096022,84803,19011677
1790108833639070826,14612955,11404508,3528,3096420,84885,19011677
1790108833755890862,14613705,11404763,3528,3096889,84894,19011677
1790108833873220714,14614431,11405032,3528,3097343,84905,19011677
1790108833988230336,14615156,11405276,3528,3097806,84919,19011677
1790108834104301806,14615875,11405522,3528,3098271,84934,19011677
1790108834218382212,14616572,11405775,3528,3098715,84951,19011677
1790108834334929668,14617289,11406042,3528,3099167,84963,19011677
1790108834450981125,14618022,11406301,3528,3099624,84975,19011677
1790108834564603906,14618739,11406560,3528,3100063,84988,19011677
1790108834679872951,14619488,11406810,3528,3100520,85002,19011677
1790108834793419744,14620204,11407066,3528,3100959,85019,19011677
1790108834908682923,14620927,11407315,3528,3101414,85035,19011677
1790108835025203341,14621671,11407614,3528,3101834,85046,19011677
1790108835142697961,14622383,11407922,3528,3102252,85059,19011677
1790108835260545715,14623125,11408193,3528,3102704,85073,19011677
1790108835374754253,14623843,11408444,3528,3103153,85090,19011677
1790108835489726496,14624572,11408693,3528,3103613,85101,19011677
1790108835605089830,14625278,11408969,3528,3104047,85111,19011677
1790108835721890032,14625997,11409211,3528,3104525,85123,19011677
1790108835837586426,14626728,11409460,3528,3104996,85132,19011677
1790108835952319211,14627452,11409736,3528,3105413,85152,19011677
1790108836068309136,14628193,11410013,3528,3105843,85170,19011677
1790108836182723108,14628929,11410283,3528,3106278,85184,19011677
1790108836297305955,14629634,11410548,3528,3106711,85202,19011677
1790108836413488943,14630382,11410798,3528,3107113,85281,19011677
1790108836529618911,14631117,11411043,3528,3107584,85292,19011677
1790108836644985661,14631833,11411311,3528,3108029,85304,19011677
1790108836759879345,14632536,11411570,3528,3108475,85316,19011677
1790108836874968120,14633265,11411841,3528,3108909,85331,19011677
1790108836990367629,14633989,11412117,3528,3109348,85343,19011677
1790108837105426412,14634715,11412380,3528,3109798,85351,19011677
1790108837224827627,14635458,11412635,3528,3110275,85366,19011677
1790108837339957584,14636176,11412888,3528,3110722,85383,19011677
1790108837455321268,14636904,11413161,3528,3111159,85394,19011677
1790108837570021110,14637633,11413414,3528,3111610,85412,19011677
1790108837684486537,14638347,11413662,3528,3112061,85426,19011677
1790108837800017971,14639060,11413891,3528,3112548,85435,19011677
1790108837915284556,14639783,11414168,3528,3112979,85447,19011677
1790108838030045530,14640503,11414416,3528,3113437,85460,19011677
1790108838145207309,14641244,11414671,3528,3113896,85471,19011677
1790108838261326827,14641975,11414942,3528,3114331,85486,19011677
1790108838377537501,14642712,11415213,3528,3114775,85499,19011677
1790108838491753640,14643428,11415516,3528,3115181,85510,19011677
1790108838609986244,14644167,11415767,3528,3115659,85519,19011677
1790108838725790019,14644884,11416027,3528,3116110,85532,19011677
1790108838840636350,14645606,11416269,3528,3116576,85542,19011677
1790108838955441854,14646335,11416555,3528,3117001,85553,19011677
1790108839070281159,14647039,11416811,3528,3117377,85640,19011677
1790108839185669466,14647770,11417083,3528,3117823,85647,19011677
1790108839302694774,14648518,11417333,3528,3118293,85659,19011677
1790108839417577075,14649227,11417620,3528,3118710,85672,19011677
1790108839530545200,14649933,11417923,3528,3119102,85685,19011677
1790108839645401092,14650674,11418175,3528,3119561,85696,19011677
1790108839762090929,14651408,11418417,3528,3120027,85716,19011677
1790108839876708108,14652120,11418671,3528,3120485,85723,19011677
1790108839994238019,14652841,11418933,3528,3120945,85737,19011677
1790108840107922258,14653552,11419190,3528,3121386,85749,19011677
1790108840221703661,14654281,11419442,3528,3121833,85761,19011677
1790108840335335706,14654999,11419693,3528,3122280,85773,19011677
1790108840450493296,14655730,11419958,3528,3122728,85785,19011677
1790108840565804022,14656466,11420184,3528,3123217,85792,19011677
1790108840681345510,14657190,11420438,3528,3123667,85807,19011677
1790108840796896001,14657919,11420691,3528,3124120,85825,19011677
1790108840910649660,14658640,11420967,3528,3124543,85838,19011677
1790108841025316742,14659353,11421207,3528,3125008,85851,19011677
1790108841140824349,14660066,11421459,3528,3125465,85866,19011677
1790108841258432841,14660814,11421695,3528,3125958,85877,19011677
1790108841374928563,14661529,11421970,3528,3126395,85891,19011677
1790108841490366737,14662237,11422227,3528,3126846,85907,19011677
1790108841606086543,14662978,11422488,3528,3127293,85924,19011677
1790108841720420083,14663691,11422759,3528,3127718,85939,19011677
1790108841836120865,14664446,11423019,3528,3128096,86029,19011677
1790108841951877109,14665177,11423264,3528,3128565,86044,19011677
1790108842068937105,14665914,11423535,3528,3129010,86056,19011677
1790108842185593341,14666629,11423782,3528,3129478,86070,19011677
1790108842301991556,14667367,11424031,3528,3129943,86085,19011677
1790108842416115787,14668094,11424294,3528,3130381,86097,19011677
1790108842530527258,14668809,11424554,3528,3130829,86107,19011677
1790108842644847869,14669535,11424792,3528,3131296,86118,19011677
1790108842761763873,14670275,11425038,3528,3131774,86128,19011677
1790108842876304555,14671010,11425288,3528,3132222,86144,19011677
1790108842992109283,14671735,11425548,3528,3132674,86158,19011677
1790108843107585697,14672465,11425789,3528,3133140,86171,19011677
1790108843221553363,14673183,11426056,3528,3133576,86181,19011677
1790108843336814206,14673921,11426328,3528,3134016,86195,19011677
1790108843453702704,14674666,11426574,3528,3134485,86209,19011677
1790108843569770837,14675405,11426848,3528,3134925,86224,19011677
1790108843684147476,14676145,11427105,3528,3135369,86238,19011677
1790108843800339214,14676868,11427395,3528,3135793,86252,19011677
1790108843915176700,14677600,11427633,3528,3136254,86272,19011677
1790108844030701675,14678345,11427880,3528,3136717,86283,19011677
1790108844146045523,14679059,11428147,3528,3137159,86296,19011677
1790108844261650563,14679760,11428418,3528,3137598,86312,19011677
1790108844376411113,14680470,11428664,3528,3138054,86324,19011677
1790108844492389229,14681224,11428900,3528,3138531,86339,19011677
1790108844606993731,14681968,11429115,3528,3138946,86427,19011677
1790108844721710804,14682686,11429343,3528,3139429,86435,19011677
1790108844835516468,14683396,11429592,3528,3139882,86445,19011677
1790108844951167243,14684132,11429839,3528,3140346,86460,19011677
1790108845067149970,14684855,11430086,3528,3140805,86477,19011677
1790108845182893817,14685568,11430330,3528,3141275,86487,19011677
1790108845296712148,14686276,11430584,3528,3141724,86500,19011677
1790108845413671125,14687010,11430842,3528,3142187,86511,19011677
1790108845527736625,14687720,11431088,3528,3142640,86526,19011677
1790108845643668878,14688438,11431337,3528,3143103,86540,19011677
1790108845758975726,14689153,11431585,3528,3143557,86557,19011677
1790108845875207009,14689876,11431875,3528,3143983,86568,19011677
1790108845990581083,14690600,11432154,3528,3144418,86579,19011677
1790108846103380669,14691316,11432401,3528,3144862,86594,19011677
1790108846219371457,14692036,11432660,3528,3145314,86607,19011677
1790108846335376186,14692749,11432919,3528,3145769,86618,19011677
1790108846449913989,14693445,11433175,3528,3146221,86628,19011677
1790108846564698436,14694147,11433421,3528,3146677,86645,19011677
1790108846681661318,14694887,11433663,3528,3147162,86654,19011677
1790108846797911983,14695602,11433918,3528,3147619,86665,19011677
1790108846913056691,14696318,11434179,3528,3148065,86678,19011677
1790108847026681694,14697020,11434482,3528,3148465,86690,19011677
1790108847141149543,14697746,11434728,3528,3148919,86705,19011677
1790108847255824033,14698453,11434952,3528,3149328,86791,19011677
1790108847370617554,14699177,11435250,3528,3149738,86803,19011677
1790108847484084242,14699895,11435556,3528,3150133,86816,19011677
1790108847598393557,14700616,11435805,3528,3150578,86837,19011677
1790108847713501292,14701348,11436054,3528,3151029,86855,19011677
1790108847827970270,14702071,11436300,3528,3151485,86871,19011677
1790108847942621427,14702793,11436536,3528,3151952,86888,19011677
1790108848058567397,14703519,11436782,3528,3152421,86901,19011677
1790108848174063525,14704245,11437044,3528,3152869,86911,19011677
1790108848290362781,14704980,11437333,3528,3153297,86923,19011677
1790108848405101677,14705690,11437609,3528,3153728,86935,19011677
1790108848521059976,14706429,11437859,3528,3154184,86953,19011677
1790108848635678428,14707158,11438110,3528,3154637,86967,19011677
1790108848751894582,14707884,11438344,3528,3155118,86982,19011677
1790108848868775354,14708626,11438596,3528,3155585,86995,19011677
1790108848982091852,14709341,11438861,3528,3156015,87008,19011677
1790108849096983355,14710069,11439108,3528,3156471,87024,19011677
1790108849209611352,14710798,11439365,3528,3156912,87033,19011677
1790108849325447442,14711527,11439631,3528,3157362,87042,19011677
1790108849441108713,14712263,11440177,3528,3157532,87054,19032285
1790108849554571374,14712995,11440717,3528,3157709,87058,19045469
1790108849673483115,14713757,11440809,3528,3158367,87059,19045469
1790108849791434859,14714510,11440885,3528,3159042,87059,19045469
1790108849905326281,14715233,11440967,3528,3159684,87060,19045469
1790108850023439660,14715985,11441095,3528,3160307,87060,19045469
1790108850137311583,14716713,11441120,3528,3161008,87060,19045469
1790108850253278330,14717457,11441272,3528,3161594,87061,19045469
1790108850371325969,14718214,11441379,3528,3162237,87061,19045469
1790108850485394025,14718936,11441468,3528,3162873,87063,19045469
1790108850603179036,14719698,11441591,3528,3163500,87063,19045469
1790108850717831002,14720427,11441613,3528,3164213,87063,19045469
1790108850833108767,14721153,11441723,3528,3164832,87064,19045469
1790108850948047317,14721883,11441850,3528,3165439,87064,19045469
1790108851061844224,14722612,11441911,3528,3166103,87064,19045469
1790108851179646038,14723366,11442010,3528,3166749,87065,19045469
1790108851297566682,14724115,11442084,3528,3167426,87065,19045469
1790108851411549432,14724838,11442169,3528,3168065,87067,19045469
1790108851529440090,14725590,11442308,3528,3168677,87067,19045469
1790108851643282063,14726323,11442371,3528,3169342,87067,19045469
1790108851759809566,14727065,11442488,3528,3169966,87067,19045469
1790108851877831567,14727817,11442569,3528,3170637,87067,19045469
1790108851991340515,14728555,11442654,3528,3171270,87067,19045469
1790108852109325120,14729315,11442791,3528,3171885,87067,19045469
1790108852223327137,14730045,11442813,3528,3172592,87067,19045469
1790108852341189323,14730801,11442940,3528,3173214,87068,19045469
1790108852459083983,14731553,11443025,3528,3173880,87068,19045469
1790108852573142943,14732289,11443091,3528,3174540,87069,19045469
1790108852690081200,14733033,11443177,3528,3175196,87070,19045469
1790108852806111028,14733768,11443330,3528,3175777,87074,19045469
1790108852923858688,14734529,11443415,3528,3176443,87074,19045469
1790108853042140895,14735284,11443626,3528,3176982,87074,19045469
1790108853162322730,14736058,11443720,3528,3177652,87074,19045469
1790108853283374321,14736826,11443799,3528,3178344,87074,19045469
1790108853397440003,14737557,11443892,3528,3178976,87075,19045469
1790108853515323345,14738315,11444042,3528,3179576,87075,19045469
1790108853633287498,14739067,11444204,3528,3180164,87075,19045469
1790108853751164985,14739820,11444320,3528,3180800,87075,19045469
1790108853869179357,14740575,11444441,3528,3181425,87078,19045469
1790108853987105616,14741334,11444559,3528,3182058,87079,19045469
1790108854100927331,14742067,11444584,3528,3182761,87079,19045469
1790108854218024562,14742811,11444717,3528,3183368,87081,19045469
1790108854335831602,14743565,11444814,3528,3184022,87081,19045469
1790108854452015307,14744302,11444940,3528,3184633,87082,19045469
1790108854570232459,14745063,11445013,3528,3185312,87083,19045469
1790108854685833220,14745811,11445169,3528,3185892,87084,19045469
1790108854801435444,14746549,11445299,3528,3186492,87084,19045469
1790108854934352251,14747403,11445398,3528,3187239,87084,19045469
1790108855052126846,14748153,11445497,3528,3187891,87084,19045469
1790108855167625796,14748888,11445660,3528,3188457,87086,19045469
1790108855285983566,14749643,11445778,3528,3189096,87086,19045469
1790108855402808887,14750394,11445969,3528,3189644,87088,19045469
1790108855520921237,14751147,11446059,3528,3190308,87088,19045469
1790108855638874833,14751902,11446127,3528,3190992,87088,19045469
1790108855752918245,14752634,11446222,3528,3191620,87089,19045469
1790108855871199474,14753395,11446382,3528,3192211,87089,19045469
1790108855989067167,14754142,11446537,3528,3192805,87090,19045469
1790108856106855131,14754896,11446646,3528,3193446,87091,19045469
1790108856224792860,14755649,11446802,3528,3194032,87093,19045469
1790108856342797606,14756403,11446952,3528,3194638,87093,19045469
1790108856457534077,14757137,11446988,3528,3195329,87093,19045469
1790108856572495760,14757872,11447076,3528,3195972,87094,19045469
1790108856688530026,14758615,11447206,3528,3196580,87094,19045469
1790108856806235342,14759369,11447362,3528,3197172,87095,19045469
1790108856924232008,14760128,11447477,3528,3197809,87095,19045469
1790108857042318581,14760889,11447624,3528,3198412,87096,19045469
1790108857160166290,14761647,11447744,3528,3199043,87096,19045469
1790108857274048628,14762375,11447776,3528,3199736,87096,19045469
1790108857386679837,14763098,11447887,3528,3200337,87097,19045469
1790108857504674934,14763849,11448010,3528,3200965,87098,19045469
1790108857619755213,14764578,11448130,3528,3201574,87099,19045469
1790108857737666511,14765335,11448262,3528,3202197,87099,19045469
1790108857851935714,14766067,11448398,3528,3202786,87101,19045469
1790108857969489900,14766823,11448492,3528,3203438,87101,19045469
1790108858083096079,14767543,11448564,3528,3204090,87103,19045469
1790108858200879166,14768305,11448653,3528,3204752,87103,19045469
1790108858319218027,14769058,11448810,3528,3205345,87104,19045469
1790108858436915151,14769809,11448904,3528,3206002,87104,19045469
1790108858555099064,14770561,11449091,3528,3206565,87105,19045469
1790108858672121361,14771320,11449196,3528,3207204,87105,19045469
1790108858790020553,14772078,11449278,3528,3207873,87105,19045469
1790108858904043501,14772808,11449360,3528,3208514,87108,19045469
1790108859021774191,14773564,11449476,3528,3209143,87108,19045469
1790108859139638728,14774318,11449636,3528,3209734,87109,19045469
1790108859272171405,14775164,11449792,3528,3210419,87109,19045469
1790108859390051477,14775903,11449942,3528,3211019,87109,19045469
1790108859508059204,14776664,11450063,3528,3211650,87109,19045469
1790108859622342327,14777398,11450084,3528,3212356,87109,19045469
1790108859740724056,14778148,11450210,3528,3212978,87111,19045469
1790108859858685085,14778908,11450295,3528,3213648,87111,19045469
1790108859975911832,14779661,11450434,3528,3214254,87111,19045469
1790108860091795161,14780401,11450531,3528,3214897,87111,19045469
1790108860209176935,14781151,11450698,3528,3215473,87113,19045469
1790108860324472404,14781889,11450822,3528,3216080,87113,19045469
1790108860438513978,14782614,11450870,3528,3216757,87114,19045469
1790108860554787381,14783353,11450971,3528,3217394,87115,19045469
1790108860672659440,14784109,11451129,3528,3217989,87116,19045469
1790108860786316493,14784836,11451254,3528,3218586,87116,19045469
1790108860904231599,14785589,11451416,3528,3219175,87117,19045469
1790108861022352664,14786338,11451540,3528,3219798,87119,19045469
1790108861140242383,14787094,11451620,3528,3220471,87119,19045469
1790108861254441425,14787822,11451690,3528,3221125,87120,19045469
1790108861370064277,14788559,11451815,3528,3221738,87120,19045469
1790108861487688218,14789307,11451973,3528,3222323,87122,19045469
1790108861605341724,14790060,11452068,3528,3222978,87122,19045469
1790108861723102348,14790806,11452236,3528,3223559,87123,19045469
1790108861840625186,14791554,11452404,3528,3224136,87123,19045469
1790108861958559692,14792309,11452490,3528,3224802,87123,19045469
1790108862072586734,14793030,11452572,3528,3225445,87124,19045469
1790108862190587782,14793787,11452700,3528,3226067,87124,19045469
1790108862308792207,14794552,11452831,3528,3226691,87125,19045469
1790108862426630870,14795303,11452961,3528,3227308,87125,19045469
1790108862544697384,14796063,11453120,3528,3227898,87125,19045469
1790108862662809543,14796819,11453257,3528,3228513,87126,19045469
1790108862776898368,14797549,11453290,3528,3229213,87126,19045469
1790108862894185630,14798295,11453438,3528,3229808,87127,19045469
1790108863011375018,14799047,11453559,3528,3230431,87127,19045469
1790108863129109315,14799797,11453710,3528,3231029,87128,19045469
1790108863245851806,14800539,11453830,3528,3231654,87128,19045469
1790108863363692919,14801287,11453990,3528,3232238,87129,19045469
1790108863480349234,14802036,11454117,3528,3232855,87129,19045469
1790108863594319020,14802767,11454185,3528,3233513,87130,19045469
1790108863710158515,14803496,11454279,3528,3234156,87131,19045469
1790108863828304997,14804256,11454429,3528,3234756,87132,19045469
1790108863942702133,14804988,11454549,3528,3235361,87132,19045469
1790108864060885363,14805735,11454673,3528,3235993,87132,19045469
1790108864177894057,14806484,11454814,3528,3236596,87132,19045469
1790108864295732507,14807243,11454899,3528,3237257,87132,19045469
1790108864409757214,14807984,11454972,3528,3237911,87133,19045469
1790108864522736679,14808707,11455048,3528,3238550,87133,19045469
1790108864639321075,14809457,11455244,3528,3239099,87133,19045469
1790108864757161923,14810216,11455330,3528,3239763,87134,19045469
1790108864875657780,14810967,11455509,3528,3240333,87135,19045469
1790108864992497384,14811713,11455627,3528,3240959,87135,19045469
1790108865110524299,14812473,11455705,3528,3241633,87135,19045469
1790108865224289229,14813200,11455781,3528,3242282,87135,19045469
1790108865342041459,14813948,11455897,3528,3242917,87136,19045469
1790108865460048724,14814695,11456056,3528,3243506,87136,19045469
1790108865578003389,14815445,11456171,3528,3244142,87138,19045469
1790108865695594345,14816208,11456294,3528,3244763,87138,19045469
1790108865813642665,14816962,11456436,3528,3245377,87139,19045469
1790108865927850816,14817691,11456480,3528,3246061,87139,19045469
1790108866043787965,14818426,11456577,3528,3246699,87141,19045469
1790108866158644002,14819159,11456717,3528,3247284,87141,19045469
1790108866276483487,14819913,11456873,3528,3247877,87141,19045469
1790108866394340975,14820673,11456988,3528,3248513,87142,19045469
1790108866512319587,14821422,11457163,3528,3249085,87146,19045469
1790108866630331946,14822169,11457294,3528,3249705,87146,19045469
1790108866744274534,14822891,11457343,3528,3250382,87146,19045469
1790108866859063678,14823623,11457484,3528,3250971,87147,19045469
1790108866977026910,14824382,11457606,3528,3251599,87148,19045469
1790108867094770104,14825134,11457752,3528,3252197,87149,19045469
1790108867212630641,14825886,11457880,3528,3252822,87149,19045469
1790108867327075286,14826614,11458034,3528,3253396,87150,19045469
1790108867441156961,14827349,11458198,3528,3253957,87150,19045469
1790108867555099054,14828073,11458308,3528,3254573,87150,19045469
1790108867672741117,14828823,11458466,3528,3255159,87151,19045469
1790108867790779641,14829572,11458647,3528,3255727,87151,19045469
1790108867906360121,14830317,11458748,3528,3256363,87152,19045469
1790108868024323612,14831072,11458874,3528,3256988,87153,19045469
1790108868140623612,14831820,11458991,3528,3257608,87153,19045469
1790108868258452808,14832573,11459068,3528,3258282,87153,19045469
1790108868372530067,14833294,11459155,3528,3258921,87154,19045469
1790108868490848193,14834051,11459289,3528,3259542,87155,19045469
1790108868606190331,14834793,11459324,3528,3260241,87155,19045469
1790108868724340334,14835541,11459450,3528,3260855,87164,19045469
1790108868842626637,14836303,11459540,3528,3261501,87181,19045469
1790108868956385562,14837019,11459615,3528,3262143,87189,19045469
1790108869074404274,14837777,11459690,3528,3262760,87248,19045469
1790108869192670136,14838538,11459765,3528,3263432,87253,19045469
1790108869306783928,14839272,11459837,3528,3264043,87302,19045469
1790108869425301753,14840031,11459951,3528,3264639,87342,19045469
1790108869538953087,14840748,11459990,3528,3265325,87345,19045469
1790108869656066502,14841490,11460148,3528,3265877,87378,19045469
1790108869774420392,14842250,11460281,3528,3266485,87389,19045469
1790108869888235543,14842977,11460353,3528,3267115,87413,19045469
1790108870007167181,14843733,11460460,3528,3267724,87454,19045469
1790108870124978264,14844481,11460547,3528,3268385,87458,19045469
1790108870239018316,14845196,11460624,3528,3269003,87486,19045469
1790108870357238888,14845955,11460749,3528,3269589,87526,19045469
1790108870471959782,14846690,11460805,3528,3270263,87530,19045469
1790108870590047686,14847448,11460911,3528,3270850,87586,19045469
1790108870708349748,14848212,11460981,3528,3271523,87595,19045469
1790108870822048529,14848935,11461044,3528,3272185,87596,19045469
1790108870940050500,14849685,11461125,3528,3272857,87596,19045469
1790108871056330446,14850430,11461201,3528,3273520,87596,19045469
1790108871177586208,14851203,11461376,3528,3274109,87600,19045469
1790108871293315068,14851926,11461617,3528,3274580,87612,19045469
1790108871409283224,14852630,11461865,3528,3275047,87622,19045469
1790108871523080730,14853352,11462107,3528,3275504,87634,19045469
1790108871638569646,14854095,11462350,3528,3275971,87645,19045469
1790108871754288860,14854815,11462603,3528,3276432,87656,19045469
1790108871869041182,14855532,11462855,3528,3276890,87666,19045469
1790108871984386366,14856271,11463123,3528,3277330,87678,19045469
1790108872098641760,14856998,11463374,3528,3277784,87692,19045469
1790108872213414653,14857727,11463635,3528,3278228,87706,19045469
1790108872330336125,14858456,11463882,3528,3278695,87719,19045469
1790108872446752244,14859174,11464136,3528,3279161,87728,19045469
1790108872561771156,14859896,11464347,3528,3279590,87811,19045469
1790108872675346709,14860615,11464595,3528,3280037,87826,19045469
1790108872791138250,14861343,11464852,3528,3280488,87844,19045469
1790108872905080016,14862058,11465104,3528,3280936,87855,19045469
1790108873020921748,14862787,11465356,3528,3281399,87868,19045469
1790108873135041430,14863476,11465614,3528,3281843,87878,19045469
1790108873248137341,14864197,11465845,3528,3282313,87889,19045469
1790108873363795266,14864908,11466124,3528,3282742,87902,19045469
1790108873480210281,14865626,11466385,3528,3283197,87915,19045469
1790108873594400062,14866354,11466637,3528,3283645,87929,19045469
1790108873709764373,14867087,11466911,3528,3284084,87938,19045469
1790108873826021288,14867809,11467166,3528,3284547,87948,19045469
1790108873943208501,14868526,11467426,3528,3285008,87961,19045469
1790108874058755337,14869253,11467729,3528,3285422,87971,19045469
1790108874173686759,14869967,11467978,3528,3285879,87982,19045469
1790108874287819110,14870684,11468248,3528,3286312,87993,19045469
1790108874404056712,14871404,11468492,3528,3286782,88007,19045469
1790108874518555199,14872132,11468752,3528,3287229,88019,19045469
1790108874633579251,14872842,11469082,3528,3287606,88030,19045469
1790108874749648045,14873568,11469349,3528,3288050,88047,19045469
1790108874863670737,14874288,11469601,3528,3288497,88060,19045469
1790108874979273043,14875004,11469880,3528,3288928,88073,19045469
1790108875093423671,14875737,11470125,3528,3289387,88085,19045469
1790108875207620848,14876433,11470344,3528,3289799,88174,19045469
1790108875322125987,14877158,11470612,3528,3290232,88186,19045469
1790108875437819174,14877884,11470868,3528,3290689,88200,19045469
1790108875552505477,14878612,11471108,3528,3291149,88215,19045469
1790108875669725406,14879351,11471386,3528,3291592,88228,19045469
1790108875784820933,14880068,11471681,3528,3292006,88241,19045469
1790108875901556471,14880806,11471965,3528,3292444,88251,19045469
1790108876015294522,14881524,11472242,3528,3292870,88261,19045469
1790108876130378182,14882232,11472515,3528,3293304,88272,19045469
1790108876245328861,14882961,11472792,3528,3293731,88288,19045469
1790108876362447412,14883701,11473057,3528,3294187,88303,19045469
1790108876476737195,14884426,11473311,3528,3294633,88314,19045469
1790108876590071360,14885129,11473537,3528,3295109,88326,19045469
1790108876703328425,14885838,11473784,3528,3295555,88340,19045469
1790108876816812379,14886544,11474033,3528,3296003,88354,19045469
1790108876932694952,14887281,11474296,3528,3296456,88365,19045469
1790108877048345945,14888019,11474557,3528,3296901,88378,19045469
1790108877162852240,14888751,11474809,3528,3297359,88389,19045469
1790108877278359820,14889471,11475048,3528,3297831,88401,19045469
1790108877394841531,14890198,11475321,3528,3298274,88415,19045469
1790108877510349176,14890899,11475563,3528,3298738,88430,19045469
1790108877626533092,14891631,11475825,3528,3299185,88448,19045469
1790108877741323010,14892358,11476089,3528,3299628,88461,19045469
1790108877854970566,14893057,11476381,3528,3300038,88470,19045469
1790108877970202828,14893785,11476610,3528,3300464,88539,19045469
1790108878086409187,14894512,11476889,3528,3300901,88553,19045469
1790108878201485877,14895239,11477165,3528,3301328,88568,19045469
1790108878314985724,14895959,11477426,3528,3301756,88591,19045469
1790108878429490665,14896674,11477683,3528,3302201,88605,19045469
1790108878544919068,14897379,11477935,3528,3302658,88619,19045469
1790108878661088512,14898112,11478191,3528,3303123,88629,19045469
1790108878776609258,14898834,11478484,3528,3303538,88642,19045469
1790108878890668649,14899538,11478756,3528,3303966,88654,19045469
1790108879005688170,14900256,11479015,3528,3304417,88666,19045469
1790108879120215383,14900971,11479264,3528,3304870,88681,19045469
1790108879235524531,14901699,11479557,3528,3305286,88692,19045469
1790108879353090356,14902455,11479816,3528,3305760,88703,19045469
1790108879468570498,14903171,11480083,3528,3306199,88715,19045469
1790108879583530737,14903905,11480329,3528,3306657,88729,19045469
1790108879696608436,14904605,11480602,3528,3307079,88742,19045469
1790108879810927391,14905330,11480854,3528,3307528,88759,19045469
1790108879925327074,14906046,11481150,3528,3307934,88772,19045469
1790108880042927923,14906787,11481398,3528,3308409,88786,19045469
1790108880157832744,14907513,11481661,3528,3308850,88802,19045469
1790108880273162496,14908234,11481912,3528,3309313,88811,19045469
1790108880388835509,14908930,11482165,3528,3309767,88823,19045469
1790108880503922822,14909672,11482399,3528,3310246,88834,19045469
1790108880619107711,14910396,11482631,3528,3310722,88847,19045469
1790108880732992711,14911100,11482908,3528,3311142,88862,19045469
1790108880848753521,14911820,11483195,3528,3311566,88877,19045469
1790108880964661371,14912528,11483469,3528,3312005,88889,19045469
1790108881080752302,14913251,11483724,3528,3312459,88905,19045469
1790108881197041336,14913991,11483970,3528,3312933,88916,19045469
1790108881313383549,14914733,11484236,3528,3313389,88925,19045469
1790108881430014016,14915458,11484500,3528,3313841,88936,19045469
1790108881544763064,14916188,11484774,3528,3314274,88949,19045469
1790108881658990821,14916911,11485021,3528,3314728,88960,19045469
1790108881775730805,14917634,11485276,3528,3315189,88978,19045469
1790108881890704459,14918358,11485536,3528,3315636,88990,19045469
1790108882006206419,14919093,11485790,3528,3316094,88999,19045469
1790108882121826774,14919829,11486045,3528,3316551,89010,19045469
1790108882237847091,14920553,11486326,3528,3316982,89025,19045469
1790108882353019554,14921282,11486575,3528,3317435,89041,19045469
1790108882468538997,14922004,11486834,3528,3317881,89059,19045469
1790108882584634560,14922735,11487083,3528,3318342,89075,19045469
1790108882699689125,14923460,11487326,3528,3318813,89083,19045469
1790108882816369454,14924180,11487585,3528,3319271,89096,19045469
1790108882931308926,14924895,11487882,3528,3319681,89110,19045469
1790108883046351206,14925610,11488141,3528,3320124,89127,19045469
1790108883162241077,14926324,11488399,3528,3320576,89144,19045469
1790108883277566869,14927064,11488680,3528,3321004,89159,19045469
1790108883393835638,14927794,11488943,3528,3321457,89171,19045469
1790108883508571108,14928503,11489193,3528,3321917,89182,19045469
1790108883624402698,14929220,11489443,3528,3322369,89200,19045469
1790108883740584932,14929947,11489698,3528,3322834,89211,19045469
1790108883854820246,14930660,11489974,3528,3323258,89224,19045469
1790108883969542602,14931381,11490248,3528,3323693,89236,19045469
1790108884089465019,14932130,11490509,3528,3324172,89248,19045469
1790108884205417898,14932863,11490745,3528,3324639,89270,19045469
1790108884321469600,14933600,11491011,3528,3325080,89287,19045469
1790108884436334652,14934330,11491266,3528,3325525,89305,19045469
1790108884552353891,14935064,11491509,3528,3325993,89319,19045469
1790108884667556347,14935790,11491758,3528,3326455,89331,19045469
1790108884783654208,14936513,11492020,3528,3326907,89345,19045469
1790108884898230799,14937237,11492290,3528,3327337,89357,19045469
1790108885014010582,14937946,11492540,3528,3327794,89374,19045469
1790108885128613444,14938667,11492786,3528,3328251,89387,19045469
1790108885244202456,14939387,11493046,3528,3328705,89397,19045469
1790108885360175895,14940123,11493317,3528,3329153,89406,19045469
1790108885474429853,14940853,11493579,3528,3329594,89418,19045469
1790108885589654188,14941580,11493829,3528,3330049,89436,19045469
1790108885703114312,14942294,11494082,3528,3330489,89450,19045469
1790108885816495297,14943020,11494328,3528,3330942,89460,19045469
1790108885931233679,14943743,11494628,3528,3331348,89474,19045469
1790108886047994911,14944475,11494882,3528,3331815,89485,19045469
1790108886164679590,14945207,11495165,3528,3332248,89499,19045469
1790108886281737447,14945938,11495417,3528,3332715,89510,19045469
1790108886397765458,14946662,11495668,3528,3333175,89524,19045469
1790108886511423015,14947367,11495927,3528,3333615,89536,19045469
1790108886625596593,14948086,11496184,3528,3334060,89551,19045469
1790108886741386365,14948807,11496457,3528,3334503,89560,19045469
1790108886857708789,14949528,11496706,3528,3334970,89574,19045469
1790108886972023725,14950241,11496959,3528,3335417,89586,19045469
1790108887087920958,14950944,11497210,3528,3335880,89596,19045469
1790108887203789849,14951663,11497470,3528,3336333,89609,19045469
1790108887318988450,14952390,11497763,3528,3336754,89617,19045469
1790108887433820890,14953119,11498041,3528,3337187,89629,19045469
1790108887547862254,14953829,11498298,3528,3337632,89639,19045469
1790108887663145631,14954553,11498548,3528,3338088,89654,19045469
1790108887777866227,14955266,11498797,3528,3338543,89670,19045469
1790108887893075353,14956009,11499042,3528,3339002,89685,19045469
1790108888007996734,14956737,11499308,3528,3339443,89698,19045469
1790108888125466406,14957491,11499551,3528,3339933,89705,19045469
1790108888241036683,14958216,11499812,3528,3340380,89717,19045469
1790108888357089888,14958949,11500070,3528,3340834,89729,19045469
1790108888473310058,14959679,11500328,3528,3341290,89743,19045469
1790108888588029915,14960400,11500574,3528,3341751,89753,19045469
1790108888703372476,14961139,11500820,3528,3342217,89769,19045469
1790108888819489984,14961860,11501100,3528,3342649,89780,19045469
1790108888935870323,14962555,11501346,3528,3343117,89795,19045469
1790108889052826473,14963286,11501606,3528,3343569,89813,19045469
1790108889168180732,14964016,11501848,3528,3344034,89827,19045469
1790108889283220340,14964744,11502112,3528,3344478,89842,19045469
1790108889398899313,14965486,11502356,3528,3344949,89852,19045469
1790108889511994725,14966195,11502601,3528,3345394,89868,19045469
1790108889628417417,14966939,11502874,3528,3345835,89883,19045469
1790108889744829322,14967670,11503150,3528,3346277,89897,19045469
1790108889859927316,14968380,11503429,3528,3346703,89912,19045469
1790108889974817331,14969099,11503683,3528,3347156,89924,19045469
1790108890091660649,14969820,11503919,3528,3347640,89937,19045469
1790108890206803276,14970532,11504184,3528,3348080,89950,19045469
1790108890322143911,14971252,11504436,3528,3348539,89960,19045469
1790108890438049967,14971977,11504714,3528,3348975,89971,19045469
1790108890553110171,14972712,11504970,3528,3349425,89986,19045469
1790108890669034496,14973454,11505280,3528,3349826,90002,19045469
1790108890784437044,14974161,11505530,3528,3350290,90011,19045469
1790108890901243325,14974911,11505781,3528,3350759,90023,19045469
1790108891017278383,14975641,11506031,3528,3351212,90044,19045469
1790108891132365141,14976377,11506273,3528,3351677,90057,19045469
1790108891248555576,14977095,11506535,3528,3352130,90071,19045469
1790108891363631908,14977809,11506785,3528,3352588,90083,19045469
1790108891478807271,14978542,11507009,3528,3353075,90094,19045469
1790108891594699853,14979273,11507251,3528,3353544,90106,19045469
1790108891710527169,14980006,11507527,3528,3353973,90126,19045469
1790108891826419709,14980762,11507796,3528,3354415,90141,19045469
1790108891941988029,14981498,11508043,3528,3354875,90157,19045469
1790108892056643997,14982221,11508273,3528,3355351,90173,19045469
1790108892177798863,14983005,11508537,3528,3355829,90189,19045469
1790108892292948038,14983729,11508789,3528,3356276,90208,19045469
1790108892408573091,14984448,11509052,3528,3356719,90226,19045469
1790108892522550936,14985164,11509309,3528,3357165,90237,19045469
1790108892637951057,14985898,11509568,3528,3357614,90250,19045469
1790108892753918046,14986608,11509827,3528,3358070,90263,19045469
1790108892871004641,14987340,11510073,3528,3358542,90277,19045469
1790108892984626597,14988067,11510328,3528,3358979,90296,19045469
1790108893098955621,14988788,11510605,3528,3359405,90309,19045469
1790108893213788140,14989511,11510864,3528,3359854,90323,19045469
1790108893328823929,14990245,11511116,3528,3360309,90336,19045469
1790108893443270228,14990960,11511356,3528,3360771,90348,19045469
1790108893559882891,14991688,11511608,3528,3361241,90360,19045469
1790108893674719084,14992417,11511886,3528,3361665,90376,19045469
1790108893790519550,14993153,11512147,3528,3362113,90392,19045469
1790108893906224504,14993887,11512427,3528,3362541,90406,19045469
1790108894021680852,14994653,11512742,3528,3362944,90415,19045469
1790108894139220953,14995398,11512985,3528,3363424,90426,19045469
1790108894255753585,14996136,11513230,3528,3363897,90441,19045469
1790108894371365422,14996872,11513478,3528,3364357,90452,19045469
1790108894487220868,14997583,11513746,3528,3364805,90462,19045469
1790108894603784402,14998325,11514005,3528,3365260,90476,19045469
1790108894719392468,14999037,11514262,3528,3365717,90487,19045469
1790108894834981367,14999772,11514522,3528,3366170,90497,19045469
1790108894949760049,15000499,11514781,3528,3366617,90511,19045469
1790108895065552714,15001215,11515045,3528,3367059,90527,19045469
1790108895180897481,15001925,11515290,3528,3367525,90540,19045469
1790108895295355096,15002654,11515547,3528,3367966,90558,19045469
1790108895411737581,15003374,11515818,3528,3368409,90572,19045469
1790108895529658618,15004119,11516080,3528,3368880,90581,19045469
1790108895644634737,15004842,11516320,3528,3369344,90596,19045469
1790108895758507399,15005562,11516568,3528,3369792,90609,19045469
1790108895874405194,15006301,11516827,3528,3370247,90623,19045469
1790108895989928935,15007002,11517071,3528,3370709,90636,19045469
1790108896105651175,15007736,11517301,3528,3371196,90644,19045469
1790108896221614594,15008470,11517560,3528,3371655,90655,19045469
1790108896337937178,15009214,11517813,3528,3372114,90670,19045469
1790108896453560817,15009930,11518062,3528,3372573,90682,19045469
1790108896568712274,15010660,11518329,3528,3373014,90695,19045469
1790108896683359985,15011357,11518586,3528,3373465,90705,19045469
1790108896798896345,15012103,11518841,3528,3373924,90716,19045469
1790108896916240060,15012842,11519108,3528,3374380,90729,19045469
1790108897030665076,15013565,11519351,3528,3374835,90743,19045469
1790108897145387571,15014302,11519603,3528,3375289,90755,19045469
1790108897260381783,15015027,11519855,3528,3375743,90769,19045469
1790108897375582056,15015751,11520102,3528,3376207,90782,19045469
1790108897492633468,15016499,11520336,3528,3376701,90792,19045469
1790108897607315626,15017217,11520601,3528,3377133,90809,19045469
1790108897722784605,15017945,11520868,3528,3377574,90823,19045469
1790108897837665811,15018664,11521130,3528,3378019,90835,19045469
1790108897953242278,15019404,11521387,3528,3378473,90850,19045469
1790108898068422947,15020135,11521636,3528,3378936,90860,19045469
1790108898183724763,15020856,11521895,3528,3379382,90875,19045469
1790108898299680799,15021587,11522163,3528,3379830,90888,19045469
1790108898415208826,15022338,11522408,3528,3380296,90898,19045469
1790108898530157733,15023046,11522694,3528,3380720,90908,19045469
1790108898645646830,15023769,11522956,3528,3381168,90922,19045469
1790108898761534260,15024507,11523220,3528,3381613,90940,19045469
1790108898877444840,15025241,11523465,3528,3382077,90955,19045469
1790108898992683758,15025971,11523720,3528,3382534,90967,19045469
1790108899107959624,15026692,11523971,3528,3382990,90977,19045469
1790108899222359338,15027420,11524226,3528,3383438,90993,19045469
1790108899337838953,15028155,11524481,3528,3383890,91009,19045469
1790108899454051881,15028878,11524782,3528,3384310,91021,19045469
1790108899573834189,15029633,11525033,3528,3384790,91035,19045469
1790108899689472433,15030351,11525286,3528,3385248,91048,19045469
1790108899805628595,15031087,11525533,3528,3385709,91065,19045469
1790108899920575672,15031821,11525813,3528,3386133,91081,19045469
1790108900036664439,15032548,11526088,3528,3386576,91094,19045469
1790108900150572817,15033257,11526330,3528,3387039,91104,19045469
1790108900266019200,15034004,11526585,3528,3387493,91116,19045469
1790108900379999399,15034727,11526847,3528,3387932,91128,19045469
1790108900495103828,15035450,11527100,3528,3388382,91144,19045469
1790108900610310556,15036168,11527362,3528,3388831,91154,19045469
1790108900725327857,15036898,11527636,3528,3389268,91165,19045469
1790108900838988930,15037627,11527877,3528,3389732,91176,19045469
1790108900953662350,15038329,11528137,3528,3390171,91191,19045469
1790108901069107013,15039061,11528394,3528,3390623,91206,19045469
1790108901184170509,15039787,11528674,3528,3391048,91221,19045469
1790108901300240281,15040496,11528929,3528,3391507,91233,19045469
1790108901415563041,15041202,11529178,3528,3391965,91247,19045469
1790108901530657520,15041925,11529427,3528,3392430,91258,19045469
1790108901645156033,15042646,11529671,3528,3392886,91272,19045469
1790108901759981707,15043368,11529925,3528,3393340,91283,19045469
1790108901875688374,15044076,11530183,3528,3393794,91297,19045469
1790108901992545547,15044798,11530434,3528,3394255,91311,19045469
1790108902108123916,15045534,11530699,3528,3394699,91325,19045469
1790108902223045198,15046270,11530943,3528,3395166,91337,19045469
1790108902336381165,15046965,11531204,3528,3395605,91347,19045469
1790108902452088068,15047691,11531467,3528,3396055,91360,19045469
1790108902566387704,15048394,11531753,3528,3396471,91372,19045469
1790108902682190615,15049125,11532022,3528,3396916,91383,19045469
1790108902797004713,15049847,11532262,3528,3397381,91397,19045469
1790108902912557021,15050583,11532495,3528,3397862,91408,19045469
1790108903026673333,15051299,11532756,3528,3398302,91423,19045469
1790108903141923980,15052014,11533004,3528,3398758,91436,19045469
1790108903257096884,15052767,11533263,3528,3399209,91448,19045469
1790108903371746191,15053486,11533522,3528,3399656,91460,19045469
1790108903485655288,15054203,11533802,3528,3400074,91474,19045469
1790108903604733272,15054958,11534047,3528,3400568,91482,19045469
1790108903720887614,15055683,11534301,3528,3401028,91497,19045469
1790108903837094926,15056417,11534575,3528,3401467,91509,19045469
1790108903952669762,15057137,11534836,3528,3401911,91527,19045469
1790108904066906765,15057859,11535093,3528,3402351,91543,19045469
1790108904182837393,15058575,11535348,3528,3402808,91559,19045469
1790108904295211694,15059292,11536045,3528,3402811,91566,19078109
1790108904412913706,15060044,11536297,3528,3403305,91567,19078109
1790108904530984486,15060794,11536439,3528,3403914,91567,19078109
1790108904644864215,15061524,11536483,3528,3404598,91567,19078109
1790108904760001477,15062266,11536567,3528,3405244,91567,19078109
1790108904875325424,15063001,11536690,3528,3405853,91568,19078109
1790108904988994138,15063719,11536734,3528,3406534,91568,19078109
1790108905105767697,15064460,11536835,3528,3407172,91568,19078109
1790108905223656171,15065209,11536906,3528,3407852,91568,19078109
1790108905337543526,15065936,11536993,3528,3408490,91570,19078109
1790108905455900152,15066687,11537118,3528,3409121,91570,19078109
1790108905570336883,15067423,11537142,3528,3409825,91570,19078109
1790108905685449991,15068158,11537228,3528,3410470,91571,19078109
1790108905801185265,15068894,11537357,3528,3411079,91571,19078109
1790108905915068892,15069626,11537406,3528,3411756,91572,19078109
1790108906031803925,15070373,11537545,3528,3412361,91572,19078109
1790108906150079557,15071129,11537649,3528,3413009,91572,19078109
1790108906264128310,15071872,11537739,3528,3413639,91573,19078109
1790108906382235581,15072635,11537880,3528,3414249,91573,19078109
1790108906496601563,15073366,11537902,3528,3414955,91573,19078109
1790108906611726918,15074108,11537993,3528,3415595,91573,19078109
1790108906728429170,15074857,11538161,3528,3416172,91573,19078109
1790108906842309812,15075579,11538213,3528,3416848,91573,19078109
1790108906958778736,15076320,11538369,3528,3417431,91575,19078109
1790108907076842998,15077077,11538466,3528,3418086,91575,19078109
1790108907190877039,15077805,11538545,3528,3418730,91576,19078109
1790108907307571544,15078544,11538629,3528,3419386,91577,19078109
1790108907422653248,15079284,11538715,3528,3420033,91577,19078109
1790108907536953343,15080007,11538798,3528,3420680,91577,19078109
1790108907654925127,15080763,11538966,3528,3421262,91578,19078109
1790108907773322668,15081525,11539094,3528,3421883,91579,19078109
1790108907891221313,15082278,11539211,3528,3422518,91579,19078109
1790108908009078931,15083020,11539333,3528,3423145,91579,19078109
1790108908127222754,15083782,11539465,3528,3423766,91580,19078109
1790108908243425876,15084525,11539494,3528,3424475,91580,19078109
1790108908358531239,15085263,11539568,3528,3425133,91580,19078109
1790108908475760152,15086012,11539671,3528,3425775,91580,19078109
1790108908593541079,15086757,11539828,3528,3426368,91580,19078109
1790108908711465232,15087510,11539987,3528,3426958,91580,19078109
1790108908829536416,15088259,11540125,3528,3427569,91582,19078109
1790108908947936556,15089012,11540276,3528,3428173,91582,19078109
1790108909063277525,15089752,11540301,3528,3428883,91582,19078109
1790108909177686371,15090484,11540381,3528,3429528,91582,19078109
1790108909295860390,15091240,11540491,3528,3430174,91582,19078109
1790108909414037884,15091984,11540645,3528,3430770,91583,19078109
1790108909531947486,15092732,11540769,3528,3431395,91583,19078109
1790108909649882978,15093488,11540918,3528,3431995,91584,19078109
1790108909767739544,15094239,11541037,3528,3432620,91584,19078109
1790108909881724681,15094969,11541063,3528,3433328,91584,19078109
1790108910000409109,15095726,11541195,3528,3433946,91584,19078109
1790108910117334712,15096481,11541277,3528,3434606,91585,19078109
1790108910234886733,15097231,11541433,3528,3435200,91585,19078109
1790108910351350434,15097984,11541563,3528,3435808,91585,19078109
1790108910469169840,15098741,11541696,3528,3436425,91585,19078109
1790108910587276382,15099492,11541821,3528,3437050,91586,19078109
1790108910701685290,15100221,11541860,3528,3437738,91586,19078109
1790108910817047255,15100953,11541983,3528,3438350,91588,19078109
1790108910934978343,15101711,11542088,3528,3438996,91588,19078109
1790108911050777456,15102457,11542298,3528,3439518,91590,19078109
1790108911168850207,15103211,11542490,3528,3440080,91590,19078109
1790108911287094157,15103954,11542626,3528,3440692,91591,19078109
1790108911405441817,15104709,11542816,3528,3441252,91591,19078109
1790108911519579501,15105439,11542843,3528,3441953,91591,19078109
1790108911634803312,15106163,11542929,3528,3442602,91593,19078109
1790108911750663841,15106901,11543079,3528,3443185,91594,19078109
1790108911868866166,15107641,11543231,3528,3443786,91595,19078109
1790108911986797854,15108397,11543390,3528,3444378,91595,19078109
1790108912104826709,15109159,11543529,3528,3444989,91596,19078109
1790108912222893500,15109916,11543713,3528,3445556,91596,19078109
1790108912336237539,15110645,11543782,3528,3446208,91596,19078109
1790108912451019381,15111360,11543899,3528,3446820,91598,19078109
1790108912568323970,15112109,11544096,3528,3447368,91598,19078109
1790108912686232238,15112869,11544299,3528,3447913,91599,19078109
1790108912804178181,15113626,11544461,3528,3448501,91600,19078109
1790108912922144196,15114388,11544639,3528,3449073,91601,19078109
1790108913040041824,15115134,11544779,3528,3449684,91602,19078109
1790108913153879404,15115862,11544870,3528,3450320,91602,19078109
1790108913267953047,15116590,11544962,3528,3450951,91604,19078109
1790108913385855548,15117342,11545062,3528,3451601,91604,19078109
1790108913503799148,15118087,11545192,3528,3452221,91605,19078109
1790108913622051501,15118840,11545323,3528,3452841,91605,19078109
1790108913739984985,15119602,11545466,3528,3453446,91607,19078109
1790108913858202688,15120358,11545600,3528,3454063,91607,19078109
1790108913972406669,15121087,11545644,3528,3454747,91607,19078109
1790108914088283815,15121830,11545721,3528,3455402,91611,19078109
1790108914202954842,15122557,11545834,3528,3456020,91612,19078109
1790108914320840810,15123316,11545964,3528,3456640,91612,19078109
1790108914438826457,15124076,11546122,3528,3457232,91612,19078109
1790108914556725955,15124830,11546279,3528,3457818,91613,19078109
1790108914674558176,15125580,11546408,3528,3458439,91613,19078109
1790108914789927036,15126315,11546434,3528,3459153,91613,19078109
1790108914908700793,15127069,11546594,3528,3459745,91615,19078109
1790108915022669571,15127802,11546742,3528,3460318,91617,19078109
1790108915142813036,15128580,11546906,3528,3460922,91618,19078109
1790108915260824160,15129335,11547029,3528,3461550,91618,19078109
1790108915378735100,15130096,11547146,3528,3462183,91618,19078109
1790108915496863986,15130850,11547265,3528,3462815,91619,19078109
1790108915610964075,15131577,11547311,3528,3463496,91619,19078109
1790108915727727922,15132315,11547434,3528,3464109,91619,19078109
1790108915845651697,15133068,11547518,3528,3464778,91619,19078109
1790108915963395088,15133821,11547642,3528,3465403,91621,19078109
1790108916078142765,15134557,11547756,3528,3466019,91621,19078109
1790108916195965681,15135312,11547890,3528,3466634,91622,19078109
1790108916314165757,15136070,11548025,3528,3467249,91623,19078109
1790108916428392398,15136802,11548050,3528,3467951,91623,19078109
1790108916541485442,15137517,11548191,3528,3468528,91623,19078109
1790108916659508588,15138274,11548310,3528,3469162,91623,19078109
1790108916777397413,15139037,11548434,3528,3469786,91625,19078109
1790108916892490649,15139778,11548528,3528,3470423,91625,19078109
1790108917010299772,15140539,11548673,3528,3471027,91626,19078109
1790108917126328574,15141282,11548817,3528,3471623,91626,19078109
1790108917240159232,15142016,11548867,3528,3472298,91626,19078109
1790108917353799712,15142739,11549001,3528,3472885,91627,19078109
1790108917471769743,15143493,11549113,3528,3473524,91628,19078109
1790108917586117384,15144213,11549246,3528,3474118,91628,19078109
1790108917699760112,15144943,11549444,3528,3474640,91628,19078109
1790108917817773741,15145687,11549578,3528,3475260,91629,19078109
1790108917935807316,15146435,11549732,3528,3475852,91630,19078109
1790108918049403059,15147164,11549753,3528,3476557,91630,19078109
1790108918167789735,15147920,11549886,3528,3477177,91631,19078109
1790108918285828555,15148676,11549978,3528,3477840,91631,19078109
1790108918404142328,15149440,11550131,3528,3478436,91631,19078109
1790108918522342495,15150187,11550267,3528,3479050,91631,19078109
1790108918640345836,15150934,11550402,3528,3479664,91633,19078109
1790108918758294542,15151689,11550525,3528,3480292,91633,19078109
1790108918872230356,15152416,11550550,3528,3480994,91633,19078109
1790108918985705914,15153129,11550681,3528,3481581,91634,19078109
1790108919103698979,15153880,11550803,3528,3482213,91634,19078109
1790108919220970425,15154625,11550929,3528,3482832,91636,19078109
1790108919336513088,15155368,11551005,3528,3483490,91636,19078109
1790108919454626887,15156117,11551149,3528,3484096,91636,19078109
1790108919570162731,15156865,11551280,3528,3484702,91637,19078109
1790108919685423721,15157602,11551319,3528,3485397,91637,19078109
1790108919801415624,15158333,11551459,3528,3485995,91637,19078109
1790108919935298671,15159186,11551628,3528,3486677,91638,19078109
1790108920051505146,15159930,11551735,3528,3487307,91638,19078109
1790108920171698143,15160698,11551866,3528,3487939,91639,19078109
1790108920287539832,15161439,11551989,3528,3488552,91640,19078109
1790108920406041417,15162193,11552072,3528,3489227,91640,19078109
1790108920520117987,15162918,11552140,3528,3489883,91641,19078109
1790108920636736006,15163666,11552260,3528,3490502,91642,19078109
1790108920761989125,15164463,11552417,3528,3491143,91643,19078109
1790108920880284913,15165221,11552502,3528,3491810,91643,19078109
1790108920998043604,15165960,11552653,3528,3492409,91644,19078109
1790108921114913942,15166711,11552745,3528,3493060,91644,19078109
1790108921232829760,15167471,11552824,3528,3493733,91644,19078109
1790108921346897099,15168202,11552905,3528,3494375,91645,19078109
1790108921464850143,15168952,11553015,3528,3495017,91646,19078109
1790108921582554755,15169698,11553139,3528,3495635,91647,19078109
1790108921700424415,15170453,11553266,3528,3496261,91647,19078109
1790108921818408360,15171207,11553382,3528,3496894,91648,19078109
1790108921936522233,15171968,11553465,3528,3497563,91648,19078109
1790108922050721164,15172700,11553525,3528,3498227,91648,19078109
1790108922164772124,15173433,11553603,3528,3498873,91649,19078109
1790108922282832496,15174190,11553742,3528,3499492,91649,19078109
1790108922401209132,15174943,11553885,3528,3500097,91650,19078109
1790108922519051558,15175695,11554035,3528,3500698,91650,19078109
1790108922636979017,15176452,11554172,3528,3501310,91650,19078109
1790108922754788310,15177208,11554293,3528,3501941,91650,19078109
1790108922871055971,15177953,11554332,3528,3502642,91650,19078109
1790108922985014767,15178687,11554421,3528,3503276,91652,19078109
1790108923102957214,15179446,11554540,3528,3503908,91652,19078109
1790108923220785030,15180197,11554700,3528,3504495,91654,19078109
1790108923339084985,15180954,11554830,3528,3505118,91654,19078109
1790108923457188428,15181710,11554957,3528,3505740,91655,19078109
1790108923575076692,15182452,11555080,3528,3506369,91655,19078109
1790108923690323841,15183194,11555101,3528,3507081,91655,19078109
1790108923809026413,15183938,11555224,3528,3507712,91656,19078109
1790108923927022480,15184695,11555303,3528,3508385,91656,19078109
1790108924041109517,15185416,11555362,3528,3509050,91657,19078109
1790108924158997929,15186171,11555494,3528,3509669,91657,19078109
1790108924276951427,15186934,11555609,3528,3510306,91657,19078109
1790108924390741550,15187656,11555687,3528,3510946,91658,19078109
1790108924508729536,15188409,11555806,3528,3511578,91658,19078109
1790108924623327250,15189144,11555828,3528,3512290,91658,19078109
1790108924741242993,15189911,11555949,3528,3512919,91658,19078109
1790108924858502063,15190658,11556035,3528,3513577,91659,19078109
1790108924972323226,15191384,11556095,3528,3514242,91660,19078109
1790108925090372537,15192136,11556189,3528,3514899,91660,19078109
1790108925208321451,15192898,11556261,3528,3515580,91660,19078109
1790108925322126329,15193624,11556338,3528,3516227,91661,19078109
1790108925440321763,15194379,11556455,3528,3516861,91661,19078109
1790108925555032307,15195112,11556480,3528,3517570,91661,19078109
1790108925672237191,15195866,11556604,3528,3518190,91662,19078109
1790108925790207078,15196619,11556676,3528,3518869,91662,19078109
1790108925903955030,15197342,11556742,3528,3519528,91662,19078109
1790108926021323247,15198105,11556835,3528,3520181,91662,19078109
1790108926138725576,15198856,11556917,3528,3520843,91662,19078109
1790108926252897612,15199575,11557003,3528,3521488,91663,19078109
1790108926370837760,15200332,11557136,3528,3522104,91664,19078109
1790108926485024350,15201064,11557171,3528,3522797,91664,19078109
1790108926601290365,15201798,11557376,3528,3523316,91672,19078109
1790108926716064531,15202531,11557617,3528,3523777,91687,19078109
1790108926831435883,15203252,11557874,3528,3524226,91702,19078109
1790108926944938378,15203969,11558109,3528,3524689,91714,19078109
1790108927060148363,15204676,11558357,3528,3525150,91726,19078109
1790108927175890353,15205407,11558610,3528,3525611,91739,19078109
1790108927292484438,15206153,11558854,3528,3526077,91757,19078109
1790108927408238845,15206888,11559112,3528,3526533,91767,19078109
1790108927523023631,15207597,11559393,3528,3526957,91781,19078109
1790108927638015024,15208320,11559680,3528,3527377,91793,19078109
1790108927754621234,15209055,11559953,3528,3527822,91808,19078109
1790108927870039046,15209789,11560202,3528,3528285,91817,19078109
1790108927987789192,15210524,11560450,3528,3528762,91829,19078109
1790108928103140734,15211232,11560713,3528,3529203,91845,19078109
1790108928217808421,15211950,11560964,3528,3529657,91858,19078109
1790108928333098985,15212687,11561212,3528,3530117,91870,19078109
1790108928449268301,15213445,11561470,3528,3530567,91890,19078109
1790108928565033984,15214181,11561738,3528,3531018,91902,19078109
1790108928681825922,15214920,11562004,3528,3531466,91915,19078109
1790108928796785443,15215642,11562266,3528,3531910,91928,19078109
1790108928913154505,15216367,11562526,3528,3532362,91944,19078109
1790108929028606244,15217092,11562776,3528,3532821,91956,19078109
1790108929144506869,15217831,11563042,3528,3533271,91969,19078109
1790108929259644693,15218576,11563293,3528,3533727,91982,19078109
1790108929375435069,15219319,11563533,3528,3534191,92005,19078109
1790108929491023072,15220048,11563810,3528,3534625,92015,19078109
1790108929607060577,15220772,11564084,3528,3535066,92026,19078109
1790108929722933459,15221492,11564342,3528,3535520,92039,19078109
1790108929839876252,15222212,11564615,3528,3535965,92054,19078109
1790108929955896984,15222958,11564863,3528,3536435,92063,19078109
1790108930071948227,15223684,11565129,3528,3536880,92078,19078109
1790108930186901571,15224415,11565383,3528,3537332,92091,19078109
1790108930302056247,15225130,11565633,3528,3537790,92104,19078109
1790108930416752713,15225875,11565887,3528,3538243,92117,19078109
1790108930531219656,15226602,11566157,3528,3538674,92130,19078109
1790108930648797920,15227354,11566388,3528,3539169,92142,19078109
1790108930764667415,15228081,11566647,3528,3539630,92150,19078109
1790108930879649054,15228814,11566907,3528,3540078,92160,19078109
1790108930995715834,15229546,11567165,3528,3540533,92175,19078109
1790108931110030680,15230260,11567429,3528,3540973,92185,19078109
1790108931224967657,15230964,11567696,3528,3541415,92197,19078109
1790108931342220352,15231701,11567943,3528,3541890,92210,19078109
1790108931459316554,15232448,11568222,3528,3542328,92231,19078109
1790108931574951137,15233151,11568481,3528,3542776,92244,19078109
1790108931689777215,15233842,11568731,3528,3543231,92257,19078109
1790108931806061210,15234576,11569000,3528,3543679,92269,19078109
1790108931922447920,15235313,11569274,3528,3544124,92281,19078109
1790108932039682141,15236044,11569548,3528,3544572,92292,19078109
1790108932153115188,15236745,11569825,3528,3544993,92306,19078109
1790108932269863673,15237491,11570156,3528,3545384,92315,19078109
1790108932386343220,15238235,11570413,3528,3545836,92335,19078109
1790108932502349042,15238948,11570677,3528,3546287,92346,19078109
1790108932618847592,15239663,11570945,3528,3546734,92362,19078109
1790108932741090194,15240454,11571206,3528,3547227,92373,19078109
1790108932857729408,15241179,11571461,3528,3547683,92391,19078109
1790108932974292460,15241912,11571722,3528,3548140,92402,19078109
1790108933088432150,15242617,11571992,3528,3548572,92414,19078109
1790108933205152177,15243342,11572265,3528,3549016,92431,19078109
1790108933322313343,15244095,11572515,3528,3549488,92442,19078109
1790108933438001500,15244819,11572756,3528,3549953,92458,19078109
1790108933554195545,15245565,11573019,3528,3550407,92468,19078109
1790108933671186448,15246305,11573290,3528,3550853,92484,19078109
1790108933786208127,15247012,11573548,3528,3551301,92500,19078109
1790108933902995473,15247748,11573827,3528,3551743,92510,19078109
1790108934017403726,15248460,11574107,3528,3552175,92519,19078109
1790108934134403534,15249192,11574360,3528,3552637,92532,19078109
1790108934250016205,15249906,11574633,3528,3553069,92548,19078109
1790108934366050319,15250627,11574879,3528,3553537,92561,19078109
1790108934480965981,15251347,11575130,3528,3553993,92574,19078109
1790108934595031447,15252081,11575405,3528,3554418,92586,19078109
1790108934712809918,15252817,11575655,3528,3554893,92600,19078109
1790108934828793306,15253536,11575939,3528,3555326,92610,19078109
1790108934943652579,15254242,11576179,3528,3555794,92621,19078109
1790108935059070719,15254952,11576440,3528,3556242,92633,19078109
1790108935175163807,15255671,11576684,3528,3556710,92649,19078109
1790108935290667958,15256384,11576951,3528,3557156,92661,19078109
1790108935407065251,15257117,11577225,3528,3557596,92674,19078109
1790108935522672607,15257841,11577491,3528,3558044,92686,19078109
1790108935636592983,15258565,11577755,3528,3558472,92704,19078109
1790108935752895837,15259306,11577998,3528,3558937,92723,19078109
1790108935866780576,15260031,11578261,3528,3559377,92734,19078109
1790108935983182113,15260772,11578512,3528,3559842,92747,19078109
1790108936101194234,15261523,11578751,3528,3560331,92758,19078109
1790108936216234323,15262242,11579005,3528,3560779,92774,19078109
1790108936330742384,15262953,11579253,3528,3561232,92790,19078109
1790108936446356174,15263694,11579504,3528,3561689,92805,19078109
1790108936562160069,15264411,11579756,3528,3562145,92820,19078109
1790108936676448268,15265146,11580014,3528,3562597,92831,19078109
1790108936797057933,15265890,11580277,3528,3563076,92848,19078109
1790108936913157913,15266610,11580555,3528,3563501,92864,19078109
1790108937029150345,15267324,11580814,3528,3563952,92880,19078109
1790108937143083346,15268039,11581073,3528,3564385,92901,19078109
1790108937258682120,15268760,11581324,3528,3564843,92918,19078109
1790108937374064795,15269499,11581583,3528,3565296,92929,19078109
1790108937489982093,15270232,11581839,3528,3565749,92945,19078109
1790108937605391417,15270961,11582101,3528,3566197,92962,19078109
1790108937720754868,15271674,11582378,3528,3566626,92973,19078109
1790108937837301369,15272388,11582654,3528,3567065,92988,19078109
1790108937952534925,15273127,11582923,3528,3567504,93001,19078109
1790108938065813012,15273829,11583169,3528,3567960,93011,19078109
1790108938181600284,15274548,11583438,3528,3568406,93021,19078109
1790108938297179479,15275284,11583694,3528,3568867,93030,19078109
1790108938411457048,15275982,11583939,3528,3569317,93049,19078109
1790108938528245196,15276701,11584203,3528,3569766,93061,19078109
1790108938643239678,15277434,11584469,3528,3570208,93074,19078109
1790108938760361653,15278162,11584742,3528,3570661,93084,19078109
1790108938876917983,15278886,11585013,3528,3571103,93101,19078109
1790108938993133724,15279600,11585277,3528,3571550,93116,19078109
1790108939109134755,15280314,11585531,3528,3572007,93128,19078109
1790108939223643511,15281030,11585794,3528,3572452,93140,19078109
1790108939338386465,15281749,11586053,3528,3572899,93151,19078109
1790108939454968388,15282483,11586347,3528,3573325,93162,19078109
1790108939570287324,15283211,11586601,3528,3573778,93176,19078109
1790108939686245882,15283919,11586852,3528,3574238,93190,19078109
1790108939801772194,15284626,11587118,3528,3574685,93203,19078109
1790108939916420189,15285348,11587369,3528,3575135,93217,19078109
1790108940032329160,15286066,11587628,3528,3575590,93230,19078109
1790108940149653924,15286821,11587880,3528,3576065,93238,19078109
1790108940265307136,15287554,11588125,3528,3576527,93251,19078109
1790108940381401413,15288272,11588375,3528,3576995,93263,19078109
1790108940497513717,15289019,11588641,3528,3577442,93274,19078109
1790108940612648397,15289752,11588898,3528,3577891,93290,19078109
1790108940729366575,15290496,11589167,3528,3578344,93303,19078109
1790108940848311425,15291236,11589416,3528,3578825,93315,19078109
1790108940963325833,15291950,11589675,3528,3579271,93330,19078109
1790108941078051742,15292657,11589953,3528,3579702,93338,19078109
1790108941193087762,15293376,11590217,3528,3580142,93354,19078109
1790108941309359044,15294092,11590468,3528,3580612,93364,19078109
1790108941425385571,15294818,11590733,3528,3581064,93374,19078109
1790108941541449167,15295562,11590996,3528,3581513,93385,19078109
1790108941656799229,15296292,11591242,3528,3581973,93403,19078109
1790108941771342623,15297004,11591503,3528,3582411,93419,19078109
1790108941887384506,15297727,11591753,3528,3582871,93433,19078109
1790108942000873334,15298434,11591998,3528,3583326,93446,19078109
1790108942116168735,15299165,11592251,3528,3583783,93458,19078109
1790108942232179170,15299893,11592535,3528,3584216,93470,19078109
1790108942347664380,15300628,11592782,3528,3584678,93483,19078109
1790108942463897784,15301372,11593038,3528,3585131,93501,19078109
1790108942578575286,15302107,11593297,3528,3585573,93518,19078109
1790108942693306063,15302840,11593585,3528,3585989,93530,19078109
1790108942809443559,15303570,11593854,3528,3586438,93540,19078109
1790108942926079765,15304282,11594117,3528,3586895,93552,19078109
1790108943040665882,15305002,11594372,3528,3587341,93567,19078109
1790108943155399381,15305737,11594647,3528,3587768,93584,19078109
1790108943270803608,15306481,11594913,3528,3588212,93598,19078109
1790108943385554629,15307199,11595205,3528,3588631,93609,19078109
1790108943501453209,15307942,11595447,3528,3589100,93622,19078109
1790108943615707090,15308692,11595713,3528,3589536,93638,19078109
1790108943732481329,15309439,11595981,3528,3589984,93649,19078109
1790108943848650004,15310162,11596247,3528,3590433,93663,19078109
1790108943962890275,15310884,11596514,3528,3590868,93676,19078109
1790108944077377827,15311593,11596763,3528,3591326,93688,19078109
1790108944193415061,15312316,11597021,3528,3591784,93698,19078109
1790108944307568336,15313037,11597301,3528,3592206,93711,19078109
1790108944421218411,15313754,11597564,3528,3592639,93727,19078109
1790108944535832135,15314466,11597810,3528,3593093,93745,19078109
1790108944650146826,15315179,11598068,3528,3593539,93756,19078109
1790108944765606682,15315906,11598357,3528,3593961,93767,19078109
1790108944881673475,15316637,11598608,3528,3594427,93781,19078109
1790108944995495002,15317366,11598871,3528,3594859,93795,19078109
1790108945112125711,15318109,11599135,3528,3595311,93809,19078109
1790108945225732054,15318826,11599388,3528,3595760,93821,19078109
1790108945343340244,15319580,11599658,3528,3596213,93832,19078109
1790108945457957196,15320290,11599908,3528,3596673,93846,19078109
1790108945580156855,15321063,11600157,3528,3597178,93859,19078109
1790108945695293227,15321791,11600414,3528,3597621,93874,19078109
1790108945811616653,15322508,11600696,3528,3598051,93890,19078109
1790108945928202202,15323257,11600946,3528,3598518,93903,19078109
1790108946043317355,15323980,11601190,3528,3598981,93915,19078109
1790108946160843682,15324742,11601454,3528,3599446,93924,19078109
1790108946276547320,15325466,11601725,3528,3599883,93940,19078109
1790108946390518410,15326204,11601978,3528,3600324,93961,19078109
1790108946505389340,15326916,11602235,3528,3600770,93976,19078109
1790108946620584737,15327649,11602474,3528,3601236,93991,19078109
1790108946736288647,15328368,11602717,3528,3601706,94002,19078109
1790108946850800670,15329088,11602951,3528,3602180,94013,19078109
1790108946966307816,15329823,11603213,3528,3602626,94026,19078109
1790108947080911350,15330561,11603462,3528,3603081,94040,19078109
1790108947195942619,15331311,11603706,3528,3603546,94050,19078109
1790108947310967934,15332017,11603949,3528,3604008,94062,19078109
1790108947426385806,15332736,11604206,3528,3604459,94080,19078109
1790108947543299438,15333488,11604471,3528,3604914,94091,19078109
1790108947660097896,15334208,11604728,3528,3605373,94104,19078109
1790108947773730363,15334937,11604989,3528,3605810,94120,19078109
1790108947889170762,15335664,11605252,3528,3606247,94138,19078109
1790108948003521226,15336373,11605489,3528,3606712,94153,19078109
1790108948119775962,15337112,11605732,3528,3607189,94162,19078109
1790108948237017266,15337841,11606008,3528,3607634,94174,19078109
1790108948351465260,15338547,11606270,3528,3608077,94186,19078109
1790108948466401920,15339252,11606526,3528,3608529,94199,19078109
1790108948581157297,15339971,11606778,3528,3608982,94211,19078109
1790108948696564703,15340699,11607040,3528,3609430,94223,19078109
1790108948813068348,15341441,11607307,3528,3609887,94235,19078109
1790108948932581461,15342180,11607572,3528,3610351,94252,19078109
1790108949047731772,15342903,11607837,3528,3610789,94267,19078109
1790108949163031539,15343635,11608102,3528,3611234,94278,19078109
1790108949278059636,15344344,11608356,3528,3611689,94291,19078109
1790108949393613881,15345071,11608610,3528,3612145,94303,19078109
1790108949509395385,15345805,11608854,3528,3612616,94316,19078109
1790108949623647653,15346526,11609095,3528,3613073,94331,19078109
1790108949738885868,15347245,11609362,3528,3613515,94345,19078109
1790108949853968932,15347959,11609618,3528,3613966,94357,19078109
1790108949970194230,15348711,11609892,3528,3614412,94368,19078109
1790108950085769845,15349443,11610183,3528,3614833,94378,19078109
1790108950200616711,15350174,11610439,3528,3615290,94387,19078109
1790108950316618355,15350922,11610686,3528,3615755,94402,19078109
1790108950431514161,15351651,11610935,3528,3616207,94416,19078109
1790108950547322111,15352368,11611184,3528,3616668,94430,19078109
1790108950662355043,15353095,11611458,3528,3617106,94441,19078109
1790108950775768828,15353792,11611716,3528,3617543,94456,19078109
1790108950892003894,15354528,11611962,3528,3618017,94465,19078109
1790108951007489322,15355248,11612228,3528,3618461,94478,19078109
1790108951121896181,15355975,11612496,3528,3618894,94493,19078109
1790108951236655747,15356704,11612750,3528,3619346,94505,19078109
1790108951351549251,15357416,11613004,3528,3619799,94517,19078109
1790108951467978433,15358173,11613295,3528,3620224,94531,19078109
1790108951585121306,15358914,11613565,3528,3620680,94540,19078109
1790108951700690385,15359635,11613826,3528,3621127,94555,19078109
1790108951816519071,15360367,11614072,3528,3621590,94571,19078109
1790108951933085664,15361110,11614333,3528,3622047,94585,19078109
1790108952048050229,15361811,11614581,3528,3622503,94597,19078109
1790108952164655681,15362552,11614863,3528,3622940,94610,19078109
1790108952279812949,15363260,11615117,3528,3623396,94621,19078109
1790108952393719539,15363984,11615362,3528,3623846,94639,19078109
1790108952509341033,15364703,11615609,3528,3624307,94654,19078109
1790108952625432316,15365436,11615854,3528,3624772,94670,19078109
1790108952741095997,15366164,11616140,3528,3625200,94680,19078109
1790108952857646011,15366889,11616389,3528,3625673,94692,19078109
1790108952979150276,15367665,11616670,3528,3626140,94704,19078109
1790108953094330492,15368394,11616932,3528,3626587,94716,19078109
1790108953210103871,15369121,11617200,3528,3627032,94729,19078109
1790108953325458046,15369835,11617444,3528,3627492,94744,19078109
1790108953440071573,15370565,11617722,3528,3627921,94755,19078109
1790108953556194718,15371307,11617967,3528,3628395,94765,19078109
1790108953671854407,15372027,11618234,3528,3628838,94779,19078109
1790108953788176268,15372752,11618512,3528,3629272,94796,19078109
1790108953902327775,15373487,11618768,3528,3629710,94816,19078109
1790108954018122825,15374203,11619034,3528,3630154,94831,19078109
1790108954131519659,15374928,11619288,3528,3630599,94843,19078109
1790108954247986239,15375642,11619527,3528,3631076,94856,19078109
1790108954363422558,15376359,11619795,3528,3631516,94871,19078109
1790108954478168131,15377086,11620061,3528,3631954,94884,19078109
1790108954592586513,15377811,11620308,3528,3632405,94903,19078109
1790108954708316991,15378557,11620562,3528,3632862,94916,19078109
1790108954823771315,15379286,11620841,3528,3633296,94927,19078109
1790108954939412650,15380016,11621082,3528,3633766,94944,19078109
1790108955054952040,15380760,11621340,3528,3634215,94957,19078109
1790108955169502480,15381465,11621605,3528,3634655,94968,19078109
1790108955284861895,15382198,11621868,3528,3635100,94981,19078109
1790108955400365412,15382917,11622113,3528,3635567,94993,19078109
1790108955515030824,15383625,11622365,3528,3636026,95003,19078109
1790108955632071174,15384370,11622598,3528,3636518,95011,19078109
1790108955748579665,15385100,11622852,3528,3636978,95027,19078109
1790108955863511169,15385819,11623128,3528,3637408,95040,19078109
1790108955977715329,15386539,11623387,3528,3637848,95053,19078109
1790108956091553992,15387247,11623638,3528,3638295,95070,19078109
1790108956205310064,15387966,11623882,3528,3638750,95081,19078109
1790108956320062293,15388690,11624119,3528,3639224,95092,19078109
1790108956435332852,15389404,11624377,3528,3639677,95103,19078109
1790108956549379658,15390114,11624645,3528,3640107,95116,19078109
1790108956665281724,15390838,11624901,3528,3640560,95132,19078109
1790108956779319765,15391558,11625158,3528,3641007,95146,19078109
1790108956892966031,15392276,11625417,3528,3641446,95156,19078109
1790108957013034183,15393027,11625662,3528,3641939,95170,19078109
1790108957129323435,15393748,11625919,3528,3642397,95182,19078109
1790108957245179157,15394472,11626160,3528,3642863,95200,19078109
1790108957361109217,15395197,11626419,3528,3643312,95217,19078109
1790108957476542025,15395943,11626674,3528,3643767,95230,19078109
1790108957590343973,15396668,11626908,3528,3644233,95244,19078109
1790108957706747945,15397404,11627164,3528,3644693,95256,19078109
1790108957822757723,15398140,11627423,3528,3645141,95276,19078109
1790108957938849583,15398878,11627702,3528,3645576,95289,19078109
1790108958053826915,15399587,11627948,3528,3646033,95304,19078109
1790108958169911768,15400323,11628208,3528,3646486,95319,19078109
1790108958284846097,15401045,11628449,3528,3646954,95330,19078109
1790108958400864360,15401793,11628707,3528,3647407,95346,19078109
1790108958515900554,15402498,11628968,3528,3647850,95360,19078109
1790108958632235167,15403253,11629212,3528,3648314,95378,19078109
1790108958748061601,15403964,11629486,3528,3648755,95388,19078109
1790108958863903046,15404701,11629748,3528,3649209,95398,19078109
1790108958979827736,15405431,11630026,3528,3649646,95412,19078109
1790108959095008580,15406162,11630313,3528,3650066,95425,19078109
1790108959210074115,15406870,11630578,3528,3650508,95438,19078109
1790108959324318035,15407582,11630827,3528,3650962,95454,19078109
1790108959440328240,15408290,11631078,3528,3651419,95467,19078109
1790108959555828588,15409026,11631345,3528,3651867,95477,19078109
1790108959671451134,15409759,11631873,3528,3652058,95485,19098205
1790108959788864190,15410502,11632392,3528,3652278,95488,19112029
1790108959908019960,15411264,11632481,3528,3652946,95489,19112029
1790108960037968072,15412092,11632597,3528,3653657,95489,19112029
1790108960152030706,15412827,11632692,3528,3654286,95489,19112029
1790108960267314142,15413565,11632843,3528,3654868,95489,19112029
1790108960385359188,15414321,11632951,3528,3655512,95489,19112029
1790108960499040496,15415044,11633072,3528,3656114,95490,19112029
1790108960617088698,15415798,11633180,3528,3656758,95490,19112029
1790108960731318395,15416532,11633244,3528,3657421,95490,19112029
1790108960845082976,15417255,11633330,3528,3658059,95491,19112029
1790108960963079069,15418012,11633455,3528,3658684,95492,19112029
1790108961076883790,15418742,11633476,3528,3659390,95492,19112029
1790108961191575678,15419473,11633549,3528,3660042,95493,19112029
1790108961309476265,15420227,11633682,3528,3660658,95494,19112029
1790108961423574406,15420955,11633709,3528,3661359,95494,19112029
1790108961540488189,15421701,11633829,3528,3661982,95495,19112029
1790108961658802611,15422456,11633929,3528,3662631,95495,19112029
1790108961772605458,15423191,11633985,3528,3663302,95495,19112029
1790108961889847832,15423941,11634093,3528,3663942,95496,19112029
1790108962007751020,15424698,11634178,3528,3664604,95496,19112029
1790108962121473665,15425427,11634249,3528,3665256,95497,19112029
1790108962239468427,15426186,11634344,3528,3665911,95497,19112029
1790108962357443347,15426937,11634429,3528,3666579,95497,19112029
1790108962471527454,15427666,11634520,3528,3667211,95499,19112029
1790108962589488111,15428422,11634608,3528,3667876,95499,19112029
1790108962703564742,15429150,11634679,3528,3668529,95499,19112029
1790108962817395436,15429873,11634770,3528,3669160,95500,19112029
1790108962935105211,15430615,11634903,3528,3669778,95500,19112029
1790108963049471086,15431351,11634936,3528,3670473,95500,19112029
1790108963163860811,15432075,11635021,3528,3671117,95502,19112029
1790108963281748384,15432832,11635156,3528,3671726,95503,19112029
1790108963399687573,15433583,11635323,3528,3672308,95503,19112029
1790108963517420370,15434338,11635402,3528,3672981,95503,19112029
1790108963632789716,15435071,11635595,3528,3673522,95504,19112029
1790108963749867648,15435814,11635731,3528,3674133,95504,19112029
1790108963867953961,15436570,11635810,3528,3674805,95505,19112029
1790108963982099816,15437309,11635869,3528,3675471,95505,19112029
1790108964099892090,15438062,11635967,3528,3676123,95506,19112029
1790108964217781601,15438813,11636134,3528,3676703,95506,19112029
1790108964334900860,15439561,11636255,3528,3677329,95507,19112029
1790108964450749178,15440300,11636354,3528,3677964,95507,19112029
1790108964568660950,15441065,11636519,3528,3678548,95508,19112029
1790108964686801274,15441820,11636654,3528,3679165,95508,19112029
1790108964800629806,15442549,11636686,3528,3679859,95508,19112029
1790108964915181595,15443282,11636770,3528,3680506,95509,19112029
1790108965033230588,15444032,11636889,3528,3681138,95509,19112029
1790108965150945799,15444778,11637058,3528,3681718,95509,19112029
1790108965268798936,15445532,11637149,3528,3682376,95509,19112029
1790108965383852776,15446258,11637292,3528,3682964,95510,19112029
1790108965501074838,15447005,11637424,3528,3683578,95510,19112029
1790108965618898221,15447760,11637511,3528,3684243,95510,19112029
1790108965732956251,15448483,11637580,3528,3684898,95511,19112029
1790108965848464467,15449228,11637675,3528,3685535,95511,19112029
1790108965966603527,15449979,11637813,3528,3686149,95512,19112029
1790108966079364667,15450702,11637981,3528,3686697,95512,19112029
1790108966197369225,15451451,11638131,3528,3687297,95513,19112029
1790108966315329467,15452199,11638317,3528,3687860,95514,19112029
1790108966433285043,15452951,11638443,3528,3688485,95514,19112029
1790108966547765354,15453680,11638468,3528,3689187,95514,19112029
1790108966665341501,15454442,11638557,3528,3689848,95515,19112029
1790108966781641616,15455186,11638683,3528,3690460,95515,19112029
1790108966899357759,15455932,11638846,3528,3691046,95516,19112029
1790108967017513613,15456680,11638976,3528,3691671,95516,19112029
1790108967135825718,15457435,11639134,3528,3692265,95517,19112029
1790108967253138271,15458187,11639263,3528,3692881,95517,19112029
1790108967371298543,15458943,11639380,3528,3693515,95517,19112029
1790108967485363345,15459669,11639489,3528,3694129,95518,19112029
1790108967601338098,15460409,11639598,3528,3694757,95518,19112029
1790108967719193847,15461156,11639765,3528,3695340,95519,19112029
1790108967832866901,15461883,11639871,3528,3695959,95519,19112029
1790108967950667768,15462639,11639953,3528,3696623,95519,19112029
1790108968067329372,15463385,11640127,3528,3697192,95520,19112029
1790108968184967960,15464136,11640267,3528,3697802,95520,19112029
1790108968298779875,15464862,11640295,3528,3698494,95521,19112029
1790108968416614257,15465622,11640392,3528,3699151,95521,19112029
1790108968532150614,15466367,11640507,3528,3699772,95521,19112029
1790108968650087566,15467107,11640675,3528,3700352,95522,19112029
1790108968767921705,15467861,11640796,3528,3700982,95523,19112029
1790108968885528964,15468608,11640909,3528,3701615,95523,19112029
1790108969002986877,15469356,11640998,3528,3702275,95524,19112029
1790108969119903580,15470106,11641076,3528,3702942,95524,19112029
1790108969233794014,15470828,11641157,3528,3703584,95525,19112029
1790108969352035567,15471583,11641288,3528,3704203,95526,19112029
1790108969469909677,15472334,11641454,3528,3704786,95526,19112029
1790108969587893115,15473083,11641564,3528,3705427,95526,19112029
1790108969705970911,15473842,11641717,3528,3706024,95527,19112029
1790108969822022792,15474576,11641869,3528,3706609,95528,19112029
1790108969940027594,15475325,11641982,3528,3707247,95528,19112029
1790108970053771428,15476047,11642053,3528,3707896,95529,19112029
1790108970170500105,15476791,11642196,3528,3708496,95530,19112029
1790108970288625056,15477546,11642352,3528,3709094,95530,19112029
1790108970404083860,15478273,11642473,3528,3709706,95531,19112029
1790108970519221504,15479008,11642603,3528,3710307,95531,19112029
1790108970637312106,15479762,11642778,3528,3710881,95532,19112029
1790108970755442279,15480514,11642905,3528,3711507,95532,19112029
1790108970870147392,15481255,11642956,3528,3712188,95532,19112029
1790108970983877388,15481980,11643063,3528,3712807,95532,19112029
1790108971102061567,15482737,11643218,3528,3713401,95533,19112029
1790108971220191603,15483496,11643342,3528,3714027,95533,19112029
1790108971338394065,15484254,11643457,3528,3714663,95534,19112029
1790108971454925720,15484993,11643638,3528,3715225,95535,19112029
1790108971572325668,15485746,11643741,3528,3715864,95536,19112029
1790108971690356878,15486499,11643824,3528,3716533,95537,19112029
1790108971804224750,15487221,11643890,3528,3717192,95538,19112029
1790108971922548621,15487969,11643989,3528,3717844,95538,19112029
1790108972040520147,15488720,11644156,3528,3718427,95538,19112029
1790108972157130190,15489465,11644268,3528,3719057,95540,19112029
1790108972275277179,15490225,11644353,3528,3719723,95541,19112029
1790108972392015603,15490965,11644519,3528,3720299,95542,19112029
1790108972510097230,15491717,11644668,3528,3720901,95542,19112029
1790108972624228448,15492452,11644693,3528,3721603,95542,19112029
1790108972739432188,15493186,11644780,3528,3722246,95544,19112029
1790108972857393948,15493937,11644915,3528,3722862,95544,19112029
1790108972975486254,15494696,11645051,3528,3723475,95545,19112029
1790108973093450292,15495451,11645195,3528,3724083,95546,19112029
1790108973211650012,15496203,11645349,3528,3724678,95546,19112029
1790108973330319130,15496967,11645450,3528,3725333,95547,19112029
1790108973451476840,15497746,11645530,3528,3726024,95547,19112029
1790108973576827052,15498535,11645621,3528,3726733,95548,19112029
1790108973695886662,15499294,11645785,3528,3727326,95549,19112029
1790108973814143729,15500058,11645927,3528,3727935,95549,19112029
1790108973935038237,15500828,11646026,3528,3728606,95549,19112029
1790108974056455744,15501599,11646175,3528,3729227,95550,19112029
1790108974173105577,15502344,11646285,3528,3729860,95550,19112029
1790108974291086080,15503098,11646376,3528,3730519,95550,19112029
1790108974404966033,15503834,11646444,3528,3731177,95551,19112029
1790108974522600733,15504592,11646551,3528,3731815,95551,19112029
1790108974640565144,15505345,11646712,3528,3732404,95552,19112029
1790108974754685354,15506073,11646854,3528,3732986,95553,19112029
1790108974872764249,15506820,11646965,3528,3733632,95553,19112029
1790108974990665087,15507576,11647093,3528,3734246,95555,19112029
1790108975108548847,15508325,11647217,3528,3734874,95555,19112029
1790108975222429871,15509054,11647238,3528,3735580,95555,19112029
1790108975340132148,15509802,11647326,3528,3736240,95556,19112029
1790108975454900252,15510540,11647465,3528,3736833,95556,19112029
1790108975572776616,15511294,11647641,3528,3737400,95557,19112029
1790108975690870081,15512047,11647784,3528,3738014,95557,19112029
1790108975808626182,15512797,11647952,3528,3738589,95557,19112029
1790108975926360870,15513551,11648048,3528,3739244,95557,19112029
1790108976044345989,15514307,11648125,3528,3739919,95557,19112029
1790108976158504357,15515028,11648211,3528,3740556,95558,19112029
1790108976276443657,15515785,11648286,3528,3741233,95558,19112029
1790108976392706653,15516524,11648481,3528,3741776,95559,19112029
1790108976509688882,15517270,11648624,3528,3742376,95559,19112029
1790108976627765288,15518022,11648732,3528,3743023,95559,19112029
1790108976742505575,15518756,11648852,3528,3743630,95561,19112029
1790108976859856753,15519501,11648978,3528,3744254,95561,19112029
1790108976973927539,15520225,11649010,3528,3744948,95561,19112029
1790108977088626584,15520956,11649141,3528,3745544,95563,19112029
1790108977205490444,15521698,11649295,3528,3746131,95563,19112029
1790108977323381757,15522453,11649468,3528,3746707,95564,19112029
1790108977441328006,15523204,11649608,3528,3747318,95564,19112029
1790108977558843005,15523950,11649778,3528,3747898,95565,19112029
1790108977676541335,15524708,11649912,3528,3748509,95565,19112029
1790108977794493558,15525464,11650000,3528,3749173,95565,19112029
1790108977908696183,15526192,11650082,3528,3749814,95566,19112029
1790108978026573359,15526944,11650184,3528,3750464,95566,19112029
1790108978145605707,15527706,11650335,3528,3751069,95567,19112029
1790108978262502108,15528453,11650498,3528,3751648,95568,19112029
1790108978380708558,15529213,11650627,3528,3752273,95568,19112029
1790108978494083651,15529933,11650784,3528,3752836,95570,19112029
1790108978612293352,15530700,11650923,3528,3753447,95571,19112029
1790108978726313761,15531428,11650949,3528,3754149,95571,19112029
1790108978844298473,15532177,11651054,3528,3754793,95572,19112029
1790108978958051565,15532903,11651220,3528,3755352,95572,19112029
1790108979076078785,15533653,11651364,3528,3755957,95573,19112029
1790108979193957775,15534399,11651487,3528,3756584,95574,19112029
1790108979311673280,15535152,11651597,3528,3757219,95574,19112029
1790108979429508915,15535903,11651683,3528,3757883,95575,19112029
1790108979546556750,15536650,11651758,3528,3758553,95575,19112029
1790108979660215140,15537384,11651839,3528,3759196,95576,19112029
1790108979792754254,15538227,11652005,3528,3759870,95576,19112029
1790108979910318952,15538987,11652163,3528,3760461,95577,19112029
1790108980028659548,15539745,11652268,3528,3761107,95577,19112029
1790108980146642297,15540502,11652451,3528,3761674,95577,19112029
1790108980263841532,15541242,11652587,3528,3762286,95577,19112029
1790108980381075041,15541988,11652697,3528,3762923,95577,19112029
1790108980495321498,15542729,11652740,3528,3763607,95578,19112029
1790108980611482392,15543478,11652877,3528,3764207,95579,19112029
1790108980729613247,15544231,11652977,3528,3764857,95579,19112029
1790108980843682971,15544959,11653045,3528,3765515,95579,19112029
1790108980960608225,15545703,11653198,3528,3766106,95580,19112029
1790108981078715914,15546462,11653289,3528,3766767,95580,19112029
1790108981192369049,15547190,11653348,3528,3767436,95580,19112029
1790108981309177951,15547931,11653434,3528,3768092,95580,19112029
1790108981427065228,15548683,11653511,3528,3768768,95580,19112029
1790108981540911432,15549396,11653590,3528,3769413,95582,19112029
1790108981658863090,15550152,11653728,3528,3770026,95582,19112029
1790108981774099817,15550886,11653749,3528,3770738,95582,19112029
1790108981887864485,15551603,11653829,3528,3771380,95585,19112029
1790108982005797885,15552356,11653947,3528,3772007,95585,19112029
1790108982119800852,15553088,11653972,3528,3772714,95585,19112029
1790108982237824018,15553844,11654067,3528,3773366,95586,19112029
1790108982354209662,15554594,11654167,3528,3774007,95586,19112029
1790108982468061925,15555326,11654213,3528,3774689,95586,19112029
1790108982584135459,15556078,11654334,3528,3775305,95586,19112029
1790108982702314899,15556837,11654432,3528,3775959,95586,19112029
1790108982816273968,15557553,11654498,3528,3776617,95587,19112029
1790108982934587979,15558305,11654597,3528,3777270,95587,19112029
1790108983052510426,15559059,11654685,3528,3777933,95588,19112029
1790108983166417179,15559784,11654781,3528,3778561,95588,19112029
1790108983284245780,15560538,11654864,3528,3779230,95588,19112029
1790108983399226527,15561271,11654937,3528,3779889,95589,19112029
1790108983513128895,15561981,11655055,3528,3780494,95592,19112029
1790108983629871799,15562715,11655328,3528,3780933,95611,19112029
1790108983744441709,15563446,11655584,3528,3781376,95627,19112029
1790108983859639252,15564161,11655841,3528,3781825,95642,19112029
1790108983974895370,15564885,11656110,3528,3782268,95653,19112029
1790108984089854678,15565614,11656352,3528,3782730,95666,19112029
1790108984204497852,15566335,11656593,3528,3783197,95675,19112029
1790108984321308558,15567057,11656854,3528,3783657,95686,19112029
1790108984435335631,15567776,11657118,3528,3784095,95700,19112029
1790108984550381000,15568483,11657384,3528,3784539,95710,19112029
1790108984666356206,15569215,11657647,3528,3784988,95726,19112029
1790108984781924368,15569929,11657917,3528,3785429,95737,19112029
1790108984897884592,15570671,11658190,3528,3785873,95747,19112029
1790108985014675225,15571405,11658454,3528,3786325,95762,19112029
1790108985130504846,15572148,11658714,3528,3786774,95777,19112029
1790108985245522163,15572864,11658993,3528,3787202,95791,19112029
1790108985360810356,15573569,11659237,3528,3787666,95806,19112029
1790108985475953995,15574294,11659518,3528,3788091,95818,19112029
1790108985591763169,15575023,11659758,3528,3788565,95831,19112029
1790108985705940217,15575726,11660014,3528,3789010,95843,19112029
1790108985821305069,15576440,11660274,3528,3789460,95857,19112029
1790108985936720867,15577161,11660543,3528,3789899,95872,19112029
1790108986051626948,15577877,11660803,3528,3790344,95884,19112029
1790108986167936990,15578605,11661095,3528,3790759,95905,19112029
1790108986283310252,15579315,11661339,3528,3791229,95916,19112029
1790108986398535776,15580019,11661596,3528,3791679,95927,19112029
1790108986513292857,15580729,11661828,3528,3792151,95946,19112029
1790108986626983350,15581438,11662072,3528,3792603,95956,19112029
1790108986744480499,15582186,11662340,3528,3793057,95970,19112029
1790108986858888374,15582902,11662602,3528,3793501,95979,19112029
1790108986975176262,15583643,11662857,3528,3793963,95990,19112029
1790108987089859820,15584353,11663120,3528,3794408,96001,19112029
1790108987204142337,15585057,11663372,3528,3794856,96017,19112029
1790108987320989442,15585786,11663630,3528,3795310,96035,19112029
1790108987437212262,15586504,11663876,3528,3795774,96052,19112029
1790108987554648903,15587252,11664116,3528,3796263,96063,19112029
1790108987670000625,15587982,11664403,3528,3796682,96078,19112029
1790108987785468061,15588697,11664659,3528,3797131,96095,19112029
1790108987899980391,15589430,11664917,3528,3797578,96109,19112029
1790108988015205281,15590162,11665172,3528,3798030,96121,19112029
1790108988130389200,15590896,11665448,3528,3798469,96130,19112029
1790108988247183102,15591606,11665678,3528,3798961,96139,19112029
1790108988362032774,15592334,11665966,3528,3799375,96155,19112029
1790108988476370939,15593050,11666220,3528,3799826,96169,19112029
1790108988591621473,15593776,11666470,3528,3800280,96185,19112029
1790108988707188095,15594490,11666738,3528,3800718,96202,19112029
1790108988823089859,15595213,11667010,3528,3801161,96213,19112029
1790108988938186550,15595931,11667236,3528,3801647,96223,19112029
1790108989053699760,15596632,11667482,3528,3802110,96237,19112029
1790108989171678140,15597386,11667759,3528,3802556,96253,19112029
1790108989286639316,15598096,11668019,3528,3803004,96265,19112029
1790108989401884415,15598806,11668297,3528,3803431,96280,19112029
1790108989518409730,15599560,11668571,3528,3803880,96289,19112029
1790108989635367412,15600292,11668817,3528,3804354,96301,19112029
1790108989750408690,15600991,11669069,3528,3804812,96309,19112029
1790108989865777016,15601696,11669311,3528,3805276,96325,19112029
1790108989979824082,15602381,11669551,3528,3805736,96338,19112029
1790108990094585895,15603099,11669790,3528,3806199,96352,19112029
1790108990208568481,15603825,11670059,3528,3806634,96363,19112029
1790108990324977285,15604565,11670310,3528,3807099,96377,19112029
1790108990440330907,15605285,11670557,3528,3807558,96392,19112029
1790108990556776549,15606019,11670819,3528,3808013,96404,19112029
1790108990672203006,15606724,11671062,3528,3808475,96420,19112029
1790108990787638372,15607454,11671315,3528,3808933,96434,19112029
1790108990904037980,15608203,11671559,3528,3809411,96445,19112029
1790108991019087497,15608927,11671843,3528,3809835,96455,19112029
1790108991135112279,15609647,11672096,3528,3810294,96468,19112029
1790108991251677776,15610365,11672370,3528,3810737,96480,19112029
1790108991368104824,15611111,11672632,3528,3811190,96493,19112029
1790108991481882936,15611834,11672898,3528,3811620,96509,19112029
1790108991599676717,15612589,11673181,3528,3812063,96521,19112029
1790108991715891545,15613335,11673452,3528,3812505,96538,19112029
1790108991831094839,15614058,11673707,3528,3812957,96553,19112029
1790108991945379919,15614781,11673991,3528,3813377,96565,19112029
1790108992062021568,15615533,11674264,3528,3813818,96580,19112029
1790108992177888681,15616264,11674510,3528,3814283,96595,19112029
1790108992293346598,15617009,11674784,3528,3814727,96603,19112029
1790108992409141881,15617707,11675038,3528,3815184,96616,19112029
1790108992523632941,15618432,11675295,3528,3815627,96634,19112029
1790108992638620287,15619158,11675560,3528,3816067,96648,19112029
1790108992753648256,15619874,11675812,3528,3816521,96662,19112029
1790108992870210154,15620607,11676063,3528,3816990,96671,19112029
1790108992984898719,15621341,11676310,3528,3817452,96682,19112029
1790108993099310903,15622053,11676564,3528,3817905,96689,19112029
1790108993213518688,15622749,11676815,3528,3818361,96701,19112029
1790108993328938277,15623471,11677061,3528,3818819,96715,19112029
1790108993444850042,15624211,11677326,3528,3819264,96733,19112029
1790108993561043491,15624925,11677684,3528,3819622,96745,19112029
1790108993677904167,15625678,11677945,3528,3820087,96752,19112029
1790108993793764136,15626405,11678204,3528,3820540,96767,19112029
1790108993909525438,15627135,11678459,3528,3820994,96781,19112029
1790108994025329055,15627850,11678721,3528,3821442,96794,19112029
1790108994141002415,15628596,11678961,3528,3821916,96806,19112029
1790108994255423671,15629291,11679215,3528,3822367,96817,19112029
1790108994373916311,15630059,11679476,3528,3822839,96828,19112029
1790108994488516588,15630779,11679734,3528,3823290,96840,19112029
1790108994603332889,15631500,11680000,3528,3823725,96854,19112029
1790108994717167117,15632208,11680266,3528,3824160,96867,19112029
1790108994833128348,15632932,11680519,3528,3824619,96880,19112029
1790108994949725771,15633656,11680783,3528,3825075,96892,19112029
1790108995063777518,15634355,11681095,3528,3825473,96900,19112029
1790108995179087758,15635068,11681342,3528,3825932,96913,19112029
1790108995295720433,15635809,11681617,3528,3826377,96924,19112029
1790108995410417138,15636533,11681884,3528,3826814,96937,19112029
1790108995525863864,15637241,11682143,3528,3827268,96948,19112029
1790108995640163152,15637957,11682381,3528,3827744,96956,19112029
1790108995759087149,15638698,11682647,3528,3828203,96970,19112029
1790108995873535266,15639417,11682959,3528,3828596,96985,19112029
1790108995987580883,15640122,11683230,3528,3829027,96996,19112029
1790108996102716905,15640854,11683488,3528,3829476,97010,19112029
1790108996218666547,15641569,11683747,3528,3829927,97025,19112029
1790108996335640143,15642312,11684011,3528,3830382,97039,19112029
1790108996452578130,15643032,11684277,3528,3830835,97051,19112029
1790108996566965215,15643758,11684526,3528,3831288,97065,19112029
1790108996682767671,15644466,11684813,3528,3831711,97079,19112029
1790108996797498974,15645196,11685073,3528,3832152,97095,19112029
1790108996912223647,15645929,11685321,3528,3832610,97109,19112029
1790108997029225322,15646684,11685578,3528,3833072,97124,19112029
1790108997146202756,15647431,11685845,3528,3833522,97138,19112029
1790108997261039038,15648133,11686096,3528,3833975,97154,19112029
1790108997377756866,15648856,11686365,3528,3834422,97167,19112029
1790108997493304494,15649578,11686639,3528,3834861,97178,19112029
1790108997607728519,15650304,11686893,3528,3835308,97193,19112029
1790108997725088055,15651029,11687153,3528,3835770,97204,19112029
1790108997841852618,15651740,11687400,3528,3836243,97215,19112029
1790108997957762125,15652469,11687668,3528,3836688,97230,19112029
1790108998072667973,15653188,11687934,3528,3837122,97246,19112029
1790108998188426379,15653939,11688181,3528,3837587,97258,19112029
1790108998303673861,15654669,11688435,3528,3838040,97274,19112029
1790108998419724179,15655401,11688709,3528,3838482,97285,19112029
1790108998535360519,15656134,11688967,3528,3838934,97298,19112029
1790108998650916778,15656857,11689231,3528,3839380,97313,19112029
1790108998765317696,15657592,11689474,3528,3839838,97324,19112029
1790108998879420454,15658293,11689758,3528,3840259,97334,19112029
1790108998994949195,15659025,11690016,3528,3840708,97350,19112029
1790108999111001562,15659768,11690252,3528,3841192,97358,19112029
1790108999226890103,15660503,11690502,3528,3841652,97373,19112029
1790108999342335840,15661217,11690748,3528,3842114,97388,19112029
1790108999457123978,15661955,11691035,3528,3842532,97404,19112029
1790108999573497414,15662665,11691332,3528,3842950,97414,19112029
1790108999689724534,15663399,11691622,3528,3843379,97426,19112029
1790108999810033236,15664156,11691888,3528,3843854,97437,19112029
1790108999925051216,15664862,11692153,3528,3844292,97453,19112029
1790109000040363267,15665604,11692401,3528,3844754,97466,19112029
1790109000155000362,15666316,11692672,3528,3845183,97482,19112029
1790109000269896255,15667050,11692944,3528,3845622,97492,19112029
1790109000386073094,15667800,11693196,3528,3846087,97503,19112029
1790109000499636098,15668525,11693477,3528,3846504,97516,19112029
1790109000614707984,15669259,11693728,3528,3846964,97529,19112029
1790109000729186023,15669984,11694000,3528,3847396,97541,19112029
1790109000844216731,15670689,11694252,3528,3847849,97554,19112029
1790109000960561971,15671419,11694517,3528,3848303,97567,19112029
1790109001075743316,15672141,11694754,3528,3848775,97576,19112029
1790109001190305090,15672876,11695009,3528,3849221,97591,19112029
1790109001305086562,15673575,11695275,3528,3849660,97606,19112029
1790109001421480083,15674307,11695518,3528,3850131,97619,19112029
1790109001536569371,15675029,11695788,3528,3850567,97636,19112029
1790109001653462464,15675780,11696048,3528,3851027,97648,19112029
1790109001769322824,15676520,11696284,3528,3851507,97659,19112029
1790109001886027871,15677252,11696538,3528,3851971,97670,19112029
1790109002001418951,15677991,11696817,3528,3852399,97685,19112029
1790109002115224862,15678710,11697092,3528,3852824,97699,19112029
1790109002230732988,15679418,11697368,3528,3853259,97712,19112029
1790109002344394184,15680127,11697629,3528,3853701,97722,19112029
1790109002461170104,15680875,11697861,3528,3854192,97732,19112029
1790109002576918207,15681596,11698135,3528,3854629,97746,19112029
1790109002691503143,15682323,11698402,3528,3855067,97757,19112029
1790109002807700810,15683041,11698662,3528,3855522,97770,19112029
1790109002923546229,15683754,11698913,3528,3855984,97783,19112029
1790109003039786755,15684500,11699157,3528,3856455,97795,19112029
1790109003157138364,15685243,11699406,3528,3856930,97806,19112029
1790109003271397761,15685956,11699658,3528,3857377,97820,19112029
1790109003385990083,15686658,11699913,3528,3857826,97834,19112029
1790109003502898800,15687370,11700199,3528,3858265,97842,19112029
1790109003619527222,15688117,11700451,3528,3858734,97852,19112029
1790109003735807513,15688842,11700705,3528,3859199,97862,19112029
1790109003853866778,15689597,11700972,3528,3859655,97878,19112029
1790109003969204329,15690338,11701231,3528,3860098,97894,19112029
1790109004085243441,15691062,11701484,3528,3860558,97908,19112029
1790109004202392999,15691784,11701739,3528,3861024,97924,19112029
1790109004317305372,15692487,11701997,3528,3861468,97941,19112029
1790109004432295737,15693236,11702236,3528,3861931,97956,19112029
1790109004546960227,15693966,11702492,3528,3862380,97968,19112029
1790109004663440519,15694714,11702756,3528,3862828,97985,19112029
1790109004780532237,15695444,11703036,3528,3863270,97996,19112029
1790109004896312416,15696169,11703289,3528,3863723,98014,19112029
1790109005012453942,15696899,11703556,3528,3864167,98027,19112029
1790109005127542011,15697598,11703793,3528,3864640,98038,19112029
1790109005241920042,15698323,11704043,3528,3865091,98055,19112029
1790109005357469097,15699044,11704292,3528,3865549,98069,19112029
1790109005471656283,15699767,11704537,3528,3866003,98085,19112029
1790109005587049502,15700508,11704783,3528,3866465,98100,19112029
1790109005702072465,15701210,11705031,3528,3866924,98110,19112029
1790109005819593190,15701956,11705305,3528,3867375,98125,19112029
1790109005936605027,15702710,11705572,3528,3867824,98141,19112029
1790109006051223731,15703413,11705834,3528,3868257,98158,19112029
1790109006167569927,15704134,11706081,3528,3868722,98172,19112029
1790109006284079028,15704874,11706329,3528,3869191,98185,19112029
1790109006400354928,15705599,11706603,3528,3869634,98196,19112029
1790109006517458304,15706335,11706839,3528,3870122,98204,19112029
1790109006632640649,15707061,11707080,3528,3870587,98220,19112029
1790109006747149749,15707770,11707351,3528,3871019,98232,19112029
1790109006863375800,15708493,11707612,3528,3871470,98247,19112029
1790109006977220387,15709210,11707855,3528,3871928,98258,19112029
1790109007092127366,15709941,11708089,3528,3872409,98270,19112029
1790109007208574700,15710668,11708353,3528,3872856,98285,19112029
1790109007323525437,15711392,11708610,3528,3873305,98295,19112029
1790109007439774043,15712103,11708865,3528,3873766,98307,19112029
1790109007555117407,15712831,11709120,3528,3874220,98319,19112029
1790109007670381821,15713550,11709363,3528,3874689,98333,19112029
1790109007786861488,15714256,11709629,3528,3875136,98347,19112029
1790109007903338297,15714989,11709871,3528,3875611,98359,19112029
1790109008019652636,15715710,11710124,3528,3876071,98374,19112029
1790109008136391249,15716421,11710383,3528,3876529,98387,19112029
1790109008250389195,15717132,11710639,3528,3876974,98399,19112029
1790109008368714505,15717884,11710894,3528,3877442,98417,19112029
1790109008485394367,15718608,11711131,3528,3877923,98429,19112029
1790109008602521009,15719339,11711386,3528,3878388,98442,19112029
1790109008717147646,15720062,11711641,3528,3878832,98460,19112029
1790109008833011543,15720783,11711897,3528,3879286,98474,19112029
1790109008948444511,15721511,11712152,3528,3879736,98491,19112029
1790109009062505107,15722216,11712416,3528,3880175,98502,19112029
1790109009177600819,15722951,11712670,3528,3880634,98512,19112029
1790109009291787560,15723661,11712928,3528,3881073,98528,19112029
1790109009407695167,15724381,11713174,3528,3881541,98542,19112029
1790109009524245761,15725115,11713420,3528,3882008,98558,19112029
1790109009640858660,15725832,11713666,3528,3882478,98570,19112029
1790109009755571323,15726554,11713941,3528,3882904,98590,19112029
1790109009870923830,15727282,11714208,3528,3883349,98601,19112029
1790109009985534468,15728010,11714478,3528,3883781,98616,19112029
1790109010099870809,15728708,11714746,3528,3884216,98629,19112029
1790109010216092068,15729447,11715007,3528,3884673,98639,19112029
1790109010330466794,15730176,11715274,3528,3885115,98649,19112029
1790109010448475789,15730910,11715520,3528,3885599,98661,19112029
1790109010565145709,15731657,11715777,3528,3886060,98670,19112029
1790109010678313879,15732361,11716037,3528,3886499,98682,19112029
1790109010793846917,15733080,11716289,3528,3886953,98697,19112029
1790109010907377273,15733782,11716543,3528,3887397,98710,19112029
1790109011023521608,15734520,11716787,3528,3887867,98720,19112029
1790109011139103423,15735246,11717018,3528,3888353,98730,19112029
1790109011254965495,15735971,11717298,3528,3888786,98742,19112029
1790109011371081483,15736691,11717553,3528,3889243,98755,19112029
1790109011486610049,15737441,11717813,3528,3889696,98768,19112029
1790109011600830093,15738170,11718057,3528,3890153,98780,19112029
1790109011716666041,15738897,11718316,3528,3890603,98795,19112029
1790109011830512732,15739607,11718594,3528,3891032,98804,19112029
1790109011947343522,15740337,11718896,3528,3891447,98818,19112029
1790109012061924988,15741084,11719148,3528,3891897,98834,19112029
1790109012177953704,15741816,11719403,3528,3892346,98855,19112029
1790109012294487167,15742544,11719666,3528,3892800,98871,19112029
1790109012410049372,15743286,11719954,3528,3893220,98884,19112029
1790109012525720675,15744003,11720202,3528,3893689,98895,19112029
1790109012640309027,15744738,11720457,3528,3894138,98909,19112029
1790109012755642668,15745463,11720737,3528,3894565,98921,19112029
1790109012869718550,15746166,11721041,3528,3894968,98933,19112029
1790109012984129591,15746902,11721313,3528,3895398,98946,19112029
1790109013100057496,15747609,11721560,3528,3895864,98958,19112029
1790109013217100971,15748349,11721797,3528,3896353,98968,19112029
1790109013334507882,15749080,11722048,3528,3896824,98980,19112029
1790109013449901595,15749813,11722317,3528,3897266,98990,19112029
1790109013564685329,15750529,11722575,3528,3897714,99002,19112029
1790109013679414651,15751246,11722820,3528,3898177,99012,19112029
1790109013795496259,15751971,11723074,3528,3898637,99025,19112029
1790109013911668760,15752693,11723318,3528,3899111,99037,19112029
1790109014027066067,15753414,11723579,3528,3899559,99050,19112029
1790109014142037480,15754131,11723833,3528,3900009,99063,19112029
1790109014258286005,15754863,11724087,3528,3900469,99076,19112029
1790109014371700322,15755579,11724328,3528,3900925,99090,19112029
1790109014486042883,15756288,11724565,3528,3901395,99104,19112029
1790109014604397303,15757029,11724816,3528,3901869,99114,19112029
1790109014719242177,15757742,11725065,3528,3902323,99129,19112029
1790109014834981099,15758459,11725318,3528,3902783,99143,19112029
1790109014950998553,15759203,11725576,3528,3903236,99158,19112029
1790109015065854430,15759933,11725815,3528,3903702,99169,19112029
1790109015183603895,15760678,11726107,3528,3904139,99180,19112029
1790109015298730444,15761406,11726359,3528,3904594,99192,19112029
1790109015413530375,15762116,11726616,3528,3905037,99206,19112029
1790109015533481315,15762863,11726877,3528,3905513,99225,19112029
1790109015648949263,15763592,11727139,3528,3905955,99240,19112029
1790109015764856949,15764331,11727402,3528,3906401,99256,19112029
1790109015880307595,15765032,11727648,3528,3906867,99268,19112029
1790109015997314268,15765755,11727916,3528,3907319,99279,19112029
1790109016111158124,15766469,11728176,3528,3907757,99295,19112029
1790109016225540887,15767190,11728436,3528,3908198,99309,19112029
1790109016340792393,15767911,11728690,3528,3908650,99323,19112029
1790109016456820370,15768635,11728951,3528,3909109,99332,19112029
1790109016573123223,15769391,11729442,3528,3909340,99339,19130717
1790109016686105085,15770104,11730004,3528,3909487,99343,19147613
1790109016811874543,15770911,11730109,3528,3910183,99343,19147613
1790109016929744588,15771665,11730199,3528,3910839,99344,19147613
1790109017043624833,15772391,11730255,3528,3911510,99344,19147613
1790109017160724903,15773144,11730370,3528,3912137,99345,19147613
1790109017278700955,15773898,11730485,3528,3912774,99345,19147613
1790109017392627372,15774629,11730550,3528,3913436,99346,19147613
1790109017510300876,15775382,11730644,3528,3914090,99346,19147613
1790109017628161097,15776137,11730724,3528,3914761,99347,19147613
1790109017742323261,15776861,11730788,3528,3915423,99347,19147613
1790109017859610336,15777605,11730877,3528,3916078,99347,19147613
1790109017977564873,15778366,11730959,3528,3916748,99347,19147613
1790109018091812142,15779092,11731039,3528,3917398,99347,19147613
1790109018210001368,15779839,11731137,3528,3918052,99348,19147613
1790109018328057063,15780593,11731224,3528,3918717,99348,19147613
1790109018442126875,15781330,11731308,3528,3919358,99348,19147613
1790109018559980935,15782078,11731386,3528,3920032,99348,19147613
1790109018678729813,15782835,11731493,3528,3920676,99348,19147613
1790109018792753957,15783561,11731570,3528,3921324,99349,19147613
1790109018911066493,15784321,11731677,3528,3921975,99349,19147613
1790109019024802281,15785048,11731749,3528,3922624,99349,19147613
1790109019138680717,15785780,11731830,3528,3923268,99349,19147613
1790109019256622387,15786537,11731971,3528,3923881,99349,19147613
1790109019371635793,15787272,11732072,3528,3924510,99349,19147613
1790109019485515096,15788005,11732157,3528,3925150,99350,19147613
1790109019603675948,15788759,11732269,3528,3925793,99350,19147613
1790109019716419353,15789484,11732339,3528,3926441,99350,19147613
1790109019830403228,15790210,11732418,3528,3927083,99352,19147613
1790109019948190201,15790960,11732560,3528,3927692,99353,19147613
1790109020060913443,15791679,11732614,3528,3928359,99353,19147613
1790109020175089568,15792413,11732693,3528,3929004,99353,19147613
1790109020293160244,15793173,11732818,3528,3929632,99354,19147613
1790109020410303980,15793924,11732962,3528,3930232,99354,19147613
1790109020526760119,15794676,11733078,3528,3930854,99354,19147613
1790109020644625102,15795430,11733181,3528,3931505,99354,19147613
1790109020759001756,15796163,11733302,3528,3932113,99354,19147613
1790109020876906538,15796916,11733432,3528,3932734,99354,19147613
1790109020991043693,15797650,11733459,3528,3933434,99354,19147613
1790109021109334482,15798404,11733564,3528,3934079,99355,19147613
1790109021224886364,15799137,11733698,3528,3934682,99355,19147613
1790109021342802247,15799884,11733836,3528,3935294,99356,19147613
1790109021460985152,15800640,11733945,3528,3935935,99356,19147613
1790109021578102940,15801394,11734080,3528,3936545,99356,19147613
1790109021696169675,15802151,11734233,3528,3937143,99356,19147613
1790109021814001218,15802901,11734333,3528,3937794,99356,19147613
1790109021927773326,15803626,11734404,3528,3938441,99357,19147613
1790109022045131932,15804380,11734506,3528,3939090,99357,19147613
1790109022163105580,15805131,11734642,3528,3939704,99357,19147613
1790109022280374156,15805881,11734743,3528,3940350,99358,19147613
1790109022396909278,15806620,11734863,3528,3940972,99358,19147613
1790109022514808454,15807379,11735006,3528,3941577,99360,19147613
1790109022632855805,15808142,11735160,3528,3942177,99360,19147613
1790109022748012960,15808870,11735187,3528,3942881,99360,19147613
1790109022861902417,15809591,11735278,3528,3943514,99361,19147613
1790109022979870252,15810347,11735450,3528,3944094,99361,19147613
1790109023099665786,15811118,11735570,3528,3944728,99363,19147613
1790109023217053679,15811868,11735662,3528,3945388,99363,19147613
1790109023335049100,15812625,11735842,3528,3945957,99363,19147613
1790109023452016259,15813375,11735951,3528,3946593,99364,19147613
1790109023568355597,15814129,11736087,3528,3947195,99364,19147613
1790109023682215909,15814857,11736127,3528,3947882,99364,19147613
1790109023800295942,15815617,11736221,3528,3948537,99365,19147613
1790109023918309801,15816371,11736340,3528,3949169,99365,19147613
1790109024036185703,15817117,11736489,3528,3949770,99365,19147613
1790109024154127146,15817869,11736615,3528,3950397,99366,19147613
1790109024272416964,15818625,11736731,3528,3951028,99367,19147613
1790109024390729342,15819385,11736822,3528,3951689,99367,19147613
1790109024508643471,15820140,11736908,3528,3952355,99368,19147613
1790109024622641976,15820869,11736979,3528,3953008,99368,19147613
1790109024738936119,15821613,11737071,3528,3953661,99368,19147613
1790109024856957005,15822373,11737203,3528,3954279,99369,19147613
1790109024969110588,15823096,11737342,3528,3954853,99369,19147613
1790109025087172559,15823853,11737444,3528,3955501,99369,19147613
1790109025205201390,15824595,11737589,3528,3956105,99370,19147613
1790109025323362263,15825349,11737722,3528,3956724,99370,19147613
1790109025437739366,15826078,11737750,3528,3957424,99370,19147613
1790109025551640848,15826813,11737834,3528,3958065,99370,19147613
1790109025669665783,15827564,11737960,3528,3958690,99371,19147613
1790109025787397344,15828310,11738113,3528,3959286,99371,19147613
1790109025905076035,15829061,11738205,3528,3959944,99371,19147613
1790109026023026131,15829818,11738333,3528,3960565,99373,19147613
1790109026138484350,15830567,11738477,3528,3961154,99374,19147613
1790109026253872353,15831307,11738576,3528,3961793,99374,19147613
1790109026367789408,15832031,11738603,3528,3962491,99374,19147613
1790109026482265888,15832762,11738733,3528,3963086,99375,19147613
1790109026599539981,15833520,11738834,3528,3963729,99375,19147613
1790109026717607812,15834275,11738985,3528,3964327,99376,19147613
1790109026835765103,15835033,11739121,3528,3964942,99376,19147613
1790109026953331073,15835781,11739260,3528,3965553,99377,19147613
1790109027071601902,15836536,11739362,3528,3966202,99377,19147613
1790109027189519345,15837293,11739441,3528,3966875,99377,19147613
1790109027303604317,15838023,11739502,3528,3967541,99377,19147613
1790109027420185789,15838770,11739592,3528,3968194,99377,19147613
1790109027538087710,15839518,11739731,3528,3968804,99378,19147613
1790109027649626161,15840238,11739856,3528,3969388,99380,19147613
1790109027767903995,15840990,11739930,3528,3970068,99381,19147613
1790109027885635902,15841747,11740071,3528,3970670,99381,19147613
1790109028003589587,15842495,11740245,3528,3971246,99381,19147613
1790109028117564496,15843226,11740267,3528,3971953,99381,19147613
1790109028231571978,15843947,11740359,3528,3972584,99382,19147613
1790109028349653301,15844702,11740568,3528,3973129,99382,19147613
1790109028468231978,15845457,11740710,3528,3973740,99384,19147613
1790109028586314767,15846213,11740806,3528,3974395,99384,19147613
1790109028704467888,15846969,11740946,3528,3975005,99384,19147613
1790109028822117707,15847724,11741036,3528,3975665,99385,19147613
1790109028939275341,15848475,11741163,3528,3976283,99385,19147613
1790109029052815534,15849193,11741195,3528,3976976,99385,19147613
1790109029167955759,15849941,11741313,3528,3977589,99386,19147613
1790109029283535153,15850682,11741415,3528,3978219,99386,19147613
1790109029401474422,15851431,11741588,3528,3978795,99387,19147613
1790109029519432824,15852185,11741716,3528,3979420,99387,19147613
1790109029638713901,15852959,11741844,3528,3980045,99389,19147613
1790109029755434879,15853704,11741946,3528,3980688,99389,19147613
1790109029873617851,15854461,11742024,3528,3981362,99389,19147613
1790109029987405302,15855192,11742084,3528,3982027,99389,19147613
1790109030104925281,15855941,11742187,3528,3982676,99390,19147613
1790109030222856004,15856695,11742326,3528,3983287,99390,19147613
1790109030339652363,15857449,11742438,3528,3983915,99391,19147613
1790109030456300130,15858194,11742521,3528,3984572,99392,19147613
1790109030574190810,15858951,11742651,3528,3985191,99394,19147613
1790109030692231621,15859706,11742783,3528,3985810,99394,19147613
1790109030806226539,15860435,11742804,3528,3986516,99394,19147613
1790109030920429635,15861162,11742902,3528,3987142,99395,19147613
1790109031038377920,15861917,11743035,3528,3987759,99395,19147613
1790109031156332155,15862664,11743177,3528,3988367,99396,19147613
1790109031273060602,15863404,11743267,3528,3989023,99396,19147613
1790109031391087761,15864160,11743410,3528,3989630,99396,19147613
1790109031507648133,15864898,11743535,3528,3990242,99397,19147613
1790109031625539457,15865647,11743610,3528,3990917,99397,19147613
1790109031739455799,15866380,11743653,3528,3991600,99398,19147613
1790109031853442789,15867109,11743780,3528,3992197,99398,19147613
1790109031971324601,15867867,11743855,3528,3992874,99399,19147613
1790109032089086905,15868609,11744003,3528,3993473,99401,19147613
1790109032207055603,15869354,11744138,3528,3994088,99402,19147613
1790109032324876180,15870116,11744290,3528,3994685,99403,19147613
1790109032443102004,15870872,11744378,3528,3995349,99403,19147613
1790109032560551835,15871623,11744476,3528,3995997,99403,19147613
1790109032674529236,15872349,11744562,3528,3996634,99404,19147613
1790109032792440439,15873102,11744692,3528,3997255,99404,19147613
1790109032909059697,15873841,11744856,3528,3997834,99405,19147613
1790109033024420374,15874592,11744970,3528,3998452,99405,19147613
1790109033142321450,15875343,11745088,3528,3999084,99405,19147613
1790109033260487515,15876086,11745229,3528,3999693,99406,19147613
1790109033378645054,15876837,11745360,3528,4000313,99406,19147613
1790109033492660163,15877567,11745381,3528,4001020,99406,19147613
1790109033606660039,15878296,11745459,3528,4001665,99408,19147613
1790109033724640077,15879050,11745589,3528,4002286,99408,19147613
1790109033842654602,15879808,11745729,3528,4002894,99410,19147613
1790109033960776894,15880563,11745823,3528,4003552,99410,19147613
1790109034077309437,15881307,11745979,3528,4004139,99410,19147613
1790109034194297671,15882050,11746085,3528,4004777,99411,19147613
1790109034312287526,15882808,11746163,3528,4005451,99411,19147613
1790109034425952785,15883528,11746215,3528,4006123,99412,19147613
1790109034543411310,15884288,11746325,3528,4006759,99412,19147613
1790109034661270099,15885039,11746444,3528,4007392,99412,19147613
1790109034773103259,15885762,11746573,3528,4007975,99412,19147613
1790109034890931480,15886521,11746704,3528,4008594,99412,19147613
1790109035008867350,15887278,11746836,3528,4009212,99413,19147613
1790109035126703388,15888032,11746915,3528,4009880,99413,19147613
1790109035242342092,15888775,11747011,3528,4010522,99414,19147613
1790109035356331254,15889489,11747095,3528,4011162,99414,19147613
1790109035474166015,15890242,11747172,3528,4011837,99414,19147613
1790109035587211251,15890958,11747355,3528,4012372,99414,19147613
1790109035700976013,15891675,11747499,3528,4012953,99415,19147613
1790109035818962718,15892433,11747588,3528,4013615,99415,19147613
1790109035936894295,15893176,11747728,3528,4014224,99416,19147613
1790109036054844849,15893930,11747889,3528,4014814,99416,19147613
1790109036168843826,15894660,11747932,3528,4015499,99416,19147613
1790109036283202509,15895390,11748014,3528,4016141,99417,19147613
1790109036401343384,15896150,11748158,3528,4016748,99417,19147613
1790109036519513118,15896903,11748296,3528,4017361,99417,19147613
1790109036637578835,15897656,11748369,3528,4018039,99417,19147613
1790109036755343666,15898408,11748528,3528,4018630,99417,19147613
1790109036872712434,15899157,11748639,3528,4019263,99418,19147613
1790109036990850946,15899911,11748719,3528,4019941,99418,19147613
1790109037105344884,15900640,11748780,3528,4020606,99419,19147613
1790109037222404567,15901388,11748951,3528,4021176,99419,19147613
1790109037340748228,15902134,11749042,3528,4021836,99420,19147613
1790109037458947719,15902887,11749192,3528,4022443,99420,19147613
1790109037576898090,15903637,11749356,3528,4023029,99420,19147613
1790109037694827770,15904380,11749493,3528,4023641,99421,19147613
1790109037812769647,15905138,11749585,3528,4024294,99421,19147613
1790109037930295304,15905893,11749687,3528,4024944,99421,19147613
1790109038044341133,15906618,11749789,3528,4025567,99422,19147613
1790109038162222765,15907373,11749898,3528,4026209,99422,19147613
1790109038277328394,15908104,11750037,3528,4026803,99422,19147613
1790109038406037405,15908923,11750139,3528,4027521,99422,19147613
1790109038523978712,15909676,11750273,3528,4028137,99423,19147613
1790109038637942275,15910404,11750305,3528,4028832,99423,19147613
1790109038751491833,15911135,11750382,3528,4029474,99423,19147613
1790109038869470469,15911890,11750512,3528,4030096,99423,19147613
1790109038983341654,15912619,11750533,3528,4030802,99423,19147613
1790109039097306584,15913344,11750626,3528,4031432,99424,19147613
1790109039215151595,15914092,11750773,3528,4032036,99425,19147613
1790109039328882213,15914815,11750810,3528,4032727,99425,19147613
1790109039443324025,15915534,11750896,3528,4033363,99426,19147613
1790109039561232701,15916288,11751028,3528,4033983,99426,19147613
1790109039675088551,15917011,11751049,3528,4034689,99426,19147613
1790109039792098854,15917769,11751128,3528,4035354,99427,19147613
1790109039909330331,15918525,11751257,3528,4035970,99427,19147613
1790109040023314263,15919249,11751282,3528,4036671,99427,19147613
1790109040140546445,15919989,11751384,3528,4037316,99428,19147613
1790109040258694421,15920740,11751513,3528,4037935,99429,19147613
1790109040372647609,15921472,11751540,3528,4038634,99429,19147613
1790109040487605659,15922193,11751672,3528,4039234,99432,19147613
1790109040606084251,15922946,11751766,3528,4039893,99432,19147613
1790109040720084520,15923680,11751820,3528,4040565,99433,19147613
1790109040835780450,15924416,11751943,3528,4041173,99433,19147613
1790109040953703140,15925170,11752038,3528,4041830,99433,19147613
1790109041067696551,15925901,11752104,3528,4042490,99433,19147613
1790109041184824720,15926628,11752336,3528,4042993,99440,19147613
1790109041299987720,15927345,11752598,3528,4043434,99459,19147613
1790109041415875754,15928071,11752849,3528,4043896,99469,19147613
1790109041532530572,15928798,11753096,3528,4044365,99484,19147613
1790109041648196808,15929532,11753343,3528,4044826,99497,19147613
1790109041763023506,15930270,11753586,3528,4045290,99511,19147613
1790109041877539975,15930970,11753825,3528,4045756,99528,19147613
1790109041992074222,15931707,11754090,3528,4046195,99538,19147613
1790109042108140186,15932433,11754347,3528,4046649,99551,19147613
1790109042224082651,15933166,11754621,3528,4047092,99561,19147613
1790109042340479520,15933891,11754868,3528,4047560,99576,19147613
1790109042455999503,15934613,11755135,3528,4048007,99590,19147613
1790109042576685681,15935353,11755398,3528,4048478,99606,19147613
1790109042690398608,15936070,11755654,3528,4048919,99623,19147613
1790109042805588751,15936765,11755910,3528,4049368,99635,19147613
1790109042921798183,15937489,11756166,3528,4049827,99648,19147613
1790109043036875865,15938192,11756412,3528,4050285,99662,19147613
1790109043150876149,15938913,11756635,3528,4050772,99670,19147613
1790109043267048345,15939616,11756888,3528,4051229,99685,19147613
1790109043383286381,15940347,11757164,3528,4051663,99702,19147613
1790109043498419673,15941054,11757423,3528,4052108,99719,19147613
1790109043611753017,15941746,11757675,3528,4052552,99732,19147613
1790109043727075548,15942466,11757936,3528,4053000,99746,19147613
1790109043842873646,15943197,11758172,3528,4053479,99758,19147613
1790109043959175622,15943939,11758440,3528,4053915,99780,19147613
1790109044074688114,15944682,11758707,3528,4054352,99800,19147613
1790109044191211699,15945422,11758955,3528,4054822,99812,19147613
1790109044306962308,15946149,11759204,3528,4055286,99823,19147613
1790109044422893220,15946867,11759454,3528,4055752,99834,19147613
1790109044539422823,15947579,11759714,3528,4056209,99846,19147613
1790109044656344452,15948308,11759982,3528,4056662,99856,19147613
1790109044770174044,15949036,11760253,3528,4057091,99870,19147613
1790109044886115184,15949763,11760505,3528,4057550,99884,19147613
1790109045000921197,15950461,11760753,3528,4058005,99899,19147613
1790109045118073723,15951211,11761008,3528,4058472,99909,19147613
1790109045234627780,15951944,11761263,3528,4058939,99918,19147613
1790109045350469233,15952661,11761519,3528,4059393,99932,19147613
1790109045465846402,15953385,11761772,3528,4059846,99949,19147613
1790109045582072139,15954117,11762016,3528,4060315,99963,19147613
1790109045696565833,15954849,11762263,3528,4060771,99977,19147613
1790109045812471674,15955578,11762494,3528,4061257,99991,19147613
1790109045928020284,15956311,11762742,3528,4061715,100005,19147613
1790109046042105453,15957011,11763016,3528,4062141,100018,19147613
1790109046157831152,15957730,11763276,3528,4062592,100033,19147613
1790109046272708371,15958471,11763519,3528,4063048,100052,19147613
1790109046389231240,15959220,11763777,3528,4063507,100063,19147613
1790109046506201744,15959955,11764028,3528,4063981,100075,19147613
1790109046623272605,15960678,11764278,3528,4064446,100088,19147613
1790109046740001776,15961427,11764543,3528,4064897,100102,19147613
1790109046856637710,15962154,11764785,3528,4065372,100114,19147613
1790109046971757048,15962864,11765056,3528,4065808,100129,19147613
1790109047086931799,15963595,11765304,3528,4066265,100144,19147613
1790109047202587720,15964322,11765562,3528,4066725,100151,19147613
1790109047316775516,15965048,11765825,3528,4067166,100162,19147613
1790109047431602098,15965777,11766071,3528,4067629,100174,19147613
1790109047546027843,15966483,11766343,3528,4068053,100191,19147613
1790109047662396376,15967193,11766593,3528,4068516,100206,19147613
1790109047778135868,15967921,11766858,3528,4068965,100216,19147613
1790109047894352314,15968675,11767099,3528,4069439,100228,19147613
1790109048010100329,15969399,11767355,3528,4069904,100236,19147613
1790109048124840500,15970115,11767605,3528,4070354,100251,19147613
1790109048241540944,15970844,11767870,3528,4070807,100262,19147613
1790109048357546934,15971568,11768130,3528,4071259,100279,19147613
1790109048473028938,15972299,11768401,3528,4071696,100291,19147613
1790109048589847536,15973028,11768648,3528,4072177,100299,19147613
1790109048705754740,15973754,11768920,3528,4072615,100312,19147613
1790109048822044731,15974493,11769179,3528,4073070,100325,19147613
1790109048938172894,15975218,11769428,3528,4073528,100344,19147613
1790109049054914857,15975943,11769690,3528,4073983,100356,19147613
1790109049169786360,15976673,11769941,3528,4074441,100367,19147613
1790109049288009431,15977395,11770177,3528,4074931,100382,19147613
1790109049404613204,15978136,11770441,3528,4075384,100398,19147613
1790109049520326304,15978857,11770698,3528,4075835,100411,19147613
1790109049637005785,15979595,11770950,3528,4076301,100424,19147613
1790109049753402365,15980335,11771224,3528,4076740,100437,19147613
1790109049871514610,15981084,11771510,3528,4077184,100449,19147613
1790109049985805926,15981820,11771790,3528,4077605,100466,19147613
1790109050100645889,15982561,11772039,3528,4078063,100478,19147613
1790109050215828936,15983289,11772306,3528,4078504,100492,19147613
1790109050331517471,15984019,11772581,3528,4078940,100503,19147613
1790109050445054922,15984716,11772854,3528,4079366,100517,19147613
1790109050562296515,15985451,11773115,3528,4079826,100533,19147613
1790109050679317843,15986199,11773374,3528,4080285,100545,19147613
1790109050795105362,15986935,11773641,3528,4080727,100562,19147613
1790109050909937153,15987641,11773946,3528,4081129,100572,19147613
1790109051025588710,15988396,11774201,3528,4081584,100591,19147613
1790109051139572245,15989109,11774443,3528,4082034,100608,19147613
1790109051256709352,15989835,11774692,3528,4082511,100617,19147613
1790109051372599281,15990584,11774957,3528,4082958,100631,19147613
1790109051488558668,15991323,11775200,3528,4083421,100650,19147613
1790109051604684548,15992045,11775469,3528,4083864,100668,19147613
1790109051719829898,15992765,11775710,3528,4084330,100678,19147613
1790109051834486835,15993476,11775956,3528,4084790,100689,19147613
1790109051951451147,15994213,11776211,3528,4085259,100700,19147613
1790109052067746207,15994929,11776453,3528,4085728,100717,19147613
1790109052183658543,15995661,11776723,3528,4086171,100728,19147613
1790109052297551514,15996386,11776992,3528,4086603,100741,19147613
1790109052414749043,15997134,11777245,3528,4087075,100752,19147613
1790109052529301211,15997845,11777490,3528,4087535,100762,19147613
1790109052645826535,15998579,11777741,3528,4088007,100772,19147613
1790109052761413796,15999313,11778019,3528,4088440,100784,19147613
1790109052876953791,16000035,11778280,3528,4088888,100798,19147613
1790109052990961036,16000745,11778520,3528,4089349,100809,19147613
1790109053106288795,16001488,11778767,3528,4089810,100822,19147613
1790109053221687088,16002213,11779024,3528,4090274,100830,19147613
1790109053338179578,16002963,11779271,3528,4090738,100845,19147613
1790109053452715593,16003672,11779527,3528,4091186,100858,19147613
1790109053569178202,16004399,11779788,3528,4091639,100870,19147613
1790109053683384089,16005107,11780033,3528,4092098,100881,19147613
1790109053798392978,16005819,11780303,3528,4092539,100891,19147613
1790109053914926294,16006541,11780550,3528,4093011,100904,19147613
1790109054030585320,16007244,11780811,3528,4093459,100916,19147613
1790109054145231455,16007967,11781072,3528,4093906,100930,19147613
1790109054261370787,16008709,11781326,3528,4094357,100947,19147613
1790109054376845796,16009421,11781569,3528,4094825,100958,19147613
1790109054492996345,16010145,11781820,3528,4095283,100976,19147613
1790109054607324223,16010864,11782061,3528,4095749,100987,19147613
1790109054721869954,16011565,11782335,3528,4096182,100999,19147613
1790109054838397736,16012293,11782615,3528,4096617,101012,19147613
1790109054953357532,16013006,11782868,3528,4097064,101029,19147613
1790109055068891321,16013712,11783111,3528,4097534,101042,19147613
1790109055182635800,16014434,11783379,3528,4097964,101054,19147613
1790109055296230018,16015153,11783628,3528,4098422,101064,19147613
1790109055412406299,16015859,11783884,3528,4098876,101075,19147613
1790109055527702311,16016587,11784153,3528,4099315,101089,19147613
1790109055641693333,16017302,11784404,3528,4099762,101103,19147613
1790109055755179586,16018025,11784660,3528,4100200,101118,19147613
1790109055871376936,16018757,11784904,3528,4100677,101128,19147613
1790109055986117878,16019465,11785131,3528,4101157,101141,19147613
1790109056103096969,16020192,11785404,3528,4101606,101151,19147613
1790109056217579520,16020896,11785674,3528,4102037,101165,19147613
1790109056333054792,16021628,11785922,3528,4102494,101182,19147613
1790109056448171924,16022367,11786182,3528,4102937,101200,19147613
1790109056564377657,16023120,11786444,3528,4103395,101207,19147613
1790109056681506513,16023856,11786677,3528,4103884,101219,19147613
1790109056796110168,16024586,11786931,3528,4104328,101240,19147613
1790109056911640498,16025300,11787183,3528,4104779,101258,19147613
1790109057026703677,16026023,11787464,3528,4105208,101270,19147613
1790109057143630185,16026765,11787745,3528,4105642,101285,19147613
1790109057258202571,16027468,11787984,3528,4106116,101296,19147613
1790109057373493864,16028164,11788231,3528,4106575,101310,19147613
1790109057488234781,16028859,11788480,3528,4107027,101323,19147613
1790109057604299132,16029583,11788733,3528,4107487,101338,19147613
1790109057719531090,16030304,11788993,3528,4107929,101355,19147613
1790109057834730068,16031016,11789252,3528,4108380,101369,19147613
1790109057948917306,16031751,11789512,3528,4108829,101376,19147613
1790109058064900542,16032473,11789772,3528,4109278,101390,19147613
1790109058182144720,16033214,11790039,3528,4109732,101404,19147613
1790109058298713653,16033939,11790302,3528,4110176,101427,19147613
1790109058413889720,16034667,11790590,3528,4110597,101440,19147613
1790109058528907922,16035372,11790855,3528,4111038,101452,19147613
1790109058645068385,16036095,11791115,3528,4111499,101461,19147613
1790109058761448090,16036820,11791385,3528,4111945,101473,19147613
1790109058876066108,16037528,11791637,3528,4112394,101489,19147613
1790109058990143553,16038265,11791876,3528,4112855,101503,19147613
1790109059105839824,16038992,11792146,3528,4113295,101516,19147613
1790109059222092602,16039712,11792416,3528,4113745,101527,19147613
1790109059336376417,16040433,11792679,3528,4114186,101539,19147613
1790109059453452109,16041157,11792947,3528,4114638,101552,19147613
1790109059568162891,16041874,11793211,3528,4115077,101566,19147613
1790109059682403237,16042590,11793496,3528,4115500,101579,19147613
1790109059798031984,16043324,11793753,3528,4115949,101593,19147613
1790109059913085491,16044030,11794006,3528,4116405,101603,19147613
1790109060034824269,16044812,11794300,3528,4116863,101616,19147613
1790109060151292433,16045535,11794569,3528,4117315,101625,19147613
1790109060265439257,16046252,11794849,3528,4117733,101638,19147613
1790109060379362054,16046958,11795100,3528,4118186,101650,19147613
1790109060494602985,16047686,11795355,3528,4118643,101659,19147613
1790109060610409025,16048407,11795603,3528,4119105,101672,19147613
1790109060727595134,16049162,11795843,3528,4119588,101684,19147613
1790109060842644543,16049886,11796098,3528,4120039,101700,19147613
1790109060957525556,16050602,11796368,3528,4120474,101716,19147613
1790109061072939939,16051325,11796609,3528,4120939,101727,19147613
1790109061188873176,16052059,11796848,3528,4121414,101739,19147613
1790109061304839602,16052781,11797096,3528,4121882,101750,19147613
1790109061419186885,16053482,11797362,3528,4122322,101761,19147613
1790109061536003372,16054205,11797630,3528,4122770,101777,19147613
1790109061651020466,16054933,11797881,3528,4123221,101794,19147613
1790109061765442506,16055670,11798126,3528,4123677,101808,19147613
1790109061882046439,16056436,11798373,3528,4124148,101820,19147613
1790109061997045694,16057154,11798620,3528,4124612,101831,19147613
1790109062111300951,16057888,11798885,3528,4125049,101843,19147613
1790109062225717272,16058611,11799134,3528,4125505,101856,19147613
1790109062341073035,16059322,11799395,3528,4125952,101870,19147613
1790109062456198164,16060047,11799680,3528,4126376,101881,19147613
1790109062571801028,16060762,11799944,3528,4126826,101892,19147613
1790109062687509945,16061489,11800169,3528,4127315,101900,19147613
1790109062802168095,16062209,11800439,3528,4127754,101911,19147613
1790109062916584959,16062932,11800681,3528,4128215,101926,19147613
1790109063032459405,16063648,11800958,3528,4128651,101936,19147613
1790109063148956129,16064380,11801218,3528,4129103,101952,19147613
1790109063265399351,16065126,11801496,3528,4129549,101962,19147613
1790109063379803574,16065861,11801739,3528,4130000,101981,19147613
1790109063495533546,16066590,11802002,3528,4130448,101996,19147613
1790109063610216796,16067340,11802268,3528,4130884,102011,19147613
1790109063724901645,16068050,11802524,3528,4131324,102032,19147613
1790109063839310814,16068777,11802762,3528,4131790,102043,19147613
1790109063953904621,16069506,11803005,3528,4132252,102055,19147613
1790109064070982853,16070235,11803270,3528,4132708,102068,19147613
1790109064186747293,16070943,11803531,3528,4133157,102083,19147613
1790109064302331376,16071651,11803832,3528,4133563,102097,19147613
1790109064417625160,16072351,11804111,3528,4133996,102108,19147613
1790109064533929829,16073071,11804378,3528,4134444,102120,19147613
1790109064649220900,16073819,11804634,3528,4134899,102137,19147613
1790109064769609321,16074569,11804879,3528,4135383,102157,19147613
1790109064884422952,16075302,11805141,3528,4135820,102176,19147613
1790109065000074856,16076031,11805404,3528,4136269,102187,19147613
1790109065116616731,16076760,11805675,3528,4136715,102201,19147613
1790109065231783250,16077485,11805972,3528,4137121,102219,19147613
1790109065349531014,16078203,11806229,3528,4137593,102232,19147613
1790109065466978622,16078935,11806485,3528,4138053,102247,19147613
1790109065583244967,16079681,11806737,3528,4138517,102261,19147613
1790109065699734480,16080399,11807012,3528,4138954,102275,19147613
1790109065814854823,16081121,11807296,3528,4139375,102291,19147613
1790109065930289364,16081846,11807538,3528,4139843,102303,19147613
1790109066044923977,16082568,11807766,3528,4140322,102317,19147613
1790109066160940860,16083304,11808004,3528,4140796,102333,19147613
1790109066275307876,16084004,11808262,3528,4141231,102352,19147613
1790109066391597259,16084725,11808522,3528,4141692,102363,19147613
1790109066505410385,16085429,11808792,3528,4142118,102377,19147613
1790109066619783200,16086138,11809063,3528,4142546,102393,19147613
1790109066733867928,16086853,11809294,3528,4143020,102406,19147613
1790109066848184943,16087585,11809530,3528,4143483,102421,19147613
1790109066963123653,16088316,11809786,3528,4143931,102435,19147613
1790109067079177857,16089054,11810046,3528,4144387,102445,19147613
1790109067193694200,16089781,11810304,3528,4144833,102458,19147613
1790109067307409067,16090492,11810571,3528,4145265,102473,19147613
1790109067423496680,16091223,11810803,3528,4145748,102489,19147613
1790109067538729518,16091951,11811046,3528,4146209,102501,19147613
1790109067655144123,16092689,11811292,3528,4146676,102519,19147613
1790109067770786377,16093412,11811545,3528,4147127,102534,19147613
1790109067886667561,16094134,11811804,3528,4147585,102546,19147613
1790109068002751496,16094855,11812035,3528,4148065,102561,19147613
1790109068119800855,16095602,11812323,3528,4148496,102574,19147613
1790109068236042039,16096336,11812590,3528,4148943,102588,19147613
1790109068352306912,16097063,11812839,3528,4149405,102607,19147613
1790109068466489313,16097781,11813092,3528,4149852,102620,19147613
1790109068582376974,16098514,11813346,3528,4150309,102633,19147613
1790109068698012264,16099242,11813602,3528,4150771,102640,19147613
1790109068814431323,16099958,11813857,3528,4151236,102650,19147613
1790109068929667071,16100686,11814112,3528,4151684,102666,19147613
1790109069044997286,16101419,11814359,3528,4152151,102675,19147613
1790109069159604430,16102116,11814614,3528,4152598,102688,19147613
1790109069275636230,16102841,11814876,3528,4153051,102701,19147613
1790109069392859244,16103564,11815117,3528,4153536,102710,19147613
1790109069507967630,16104271,11815385,3528,4153980,102720,19147613
1790109069624194366,16105006,11815634,3528,4154440,102737,19147613
1790109069740941981,16105747,11815893,3528,4154896,102750,19147613
1790109069855857697,16106478,11816134,3528,4155359,102766,19147613
1790109069972051975,16107215,11816389,3528,4155821,102778,19147613
1790109070087388963,16107939,11816619,3528,4156310,102787,19147613
1790109070204018501,16108663,11816876,3528,4156765,102800,19147613
1790109070318543422,16109369,11817123,3528,4157219,102814,19147613
1790109070432843336,16110087,11817380,3528,4157664,102830,19147613
1790109070547646734,16110807,11817635,3528,4158111,102845,19147613
1790109070663767680,16111537,11817935,3528,4158531,102855,19147613
1790109070780731350,16112270,11818181,3528,4159003,102868,19147613
1790109070896569625,16113005,11818430,3528,4159468,102882,19147613
1790109071012526867,16113731,11818682,3528,4159922,102898,19147613
1790109071128953684,16114456,11818926,3528,4160392,102912,19147613
1790109071243571853,16115187,11819168,3528,4160856,102926,19147613
1790109071359004429,16115921,11819436,3528,4161301,102940,19147613
1790109071477147394,16116657,11819700,3528,4161755,102956,19147613
1790109071592463491,16117386,11819973,3528,4162186,102974,19147613
1790109071706101658,16118073,11820232,3528,4162627,102985,19147613
1790109071823096578,16118791,11820477,3528,4163100,102997,19147613
1790109071938903877,16119516,11820747,3528,4163542,103013,19147613
1790109072053366285,16120239,11820993,3528,4164002,103022,19147613
1790109072169133773,16120960,11821257,3528,4164453,103033,19147613
1790109072283622732,16121680,11821524,3528,4164883,103050,19147613
1790109072400006655,16122403,11821785,3528,4165340,103063,19147613
1790109072513908749,16123114,11822062,3528,4165753,103086,19147613
1790109072630081026,16123854,11822333,3528,4166193,103101,19147613
1790109072745945378,16124587,11822579,3528,4166664,103110,19147613
1790109072861292568,16125330,11822831,3528,4167124,103121,19147613
1790109072976582954,16126052,11823075,3528,4167583,103140,19147613
1790109073094095707,16126788,11823331,3528,4168041,103157,19147613
1790109073208835741,16127537,11823564,3528,4168518,103167,19147613
1790109073324621184,16128255,11823827,3528,4168969,103179,19147613
1790109073439833674,16128987,11824090,3528,4169418,103189,19147613
1790109073555596971,16129740,11824342,3528,4169875,103203,19147613
1790109073672614135,16130470,11824588,3528,4170350,103215,19147613
1790109073787547978,16131193,11824841,3528,4170805,103228,19147613
1790109073902615341,16131934,11825091,3528,4171262,103240,19147613
1790109074017458886,16132682,11825355,3528,4171707,103253,19147613
1790109074137431084,16133444,11826038,3528,4171767,103261,19180893
1790109074254577330,16134184,11826431,3528,4172112,103263,19184349
1790109074380200999,16134990,11826531,3528,4172811,103263,19184349
1790109074496864459,16135733,11826583,3528,4173505,103263,19184349
1790109074610842812,16136460,11826661,3528,4174150,103266,19184349
1790109074728799035,16137218,11826824,3528,4174731,103266,19184349
1790109074842826692,16137945,11826850,3528,4175438,103266,19184349
1790109074957156133,16138686,11826978,3528,4176035,103266,19184349
1790109075074973568,16139437,11827062,3528,4176703,103266,19184349
1790109075188640090,16140160,11827129,3528,4177354,103268,19184349
1790109075306315061,16140914,11827222,3528,4178012,103268,19184349
1790109075423835602,16141662,11827313,3528,4178672,103269,19184349
1790109075537740171,16142401,11827397,3528,4179312,103270,19184349
1790109075655744001,16143158,11827519,3528,4179936,103270,19184349
1790109075770107226,16143885,11827556,3528,4180631,103270,19184349
1790109075886948121,16144631,11827713,3528,4181214,103272,19184349
1790109076002596105,16145379,11827863,3528,4181798,103272,19184349
1790109076116566030,16146106,11827908,3528,4182481,103272,19184349
1790109076233019370,16146852,11828056,3528,4183072,103276,19184349
1790109076350920631,16147601,11828135,3528,4183746,103276,19184349
1790109076464666162,16148332,11828215,3528,4184383,103276,19184349
1790109076582628031,16149087,11828328,3528,4185024,103276,19184349
1790109076698194534,16149835,11828392,3528,4185697,103276,19184349
1790109076812325612,16150568,11828469,3528,4186344,103276,19184349
1790109076930146287,16151324,11828600,3528,4186964,103277,19184349
1790109077044195241,16152055,11828626,3528,4187665,103277,19184349
1790109077160312716,16152803,11828810,3528,4188219,103278,19184349
1790109077278234834,16153557,11828938,3528,4188841,103278,19184349
1790109077392160353,16154285,11829038,3528,4189465,103278,19184349
1790109077510212805,16155037,11829141,3528,4190113,103278,19184349
1790109077627983086,16155781,11829306,3528,4190698,103279,19184349
1790109077742146549,16156507,11829441,3528,4191288,103279,19184349
1790109077860283195,16157265,11829563,3528,4191918,103280,19184349
1790109077976977639,16158026,11829682,3528,4192543,103280,19184349
1790109078091759850,16158762,11829801,3528,4193149,103280,19184349
1790109078210095386,16159524,11829865,3528,4193842,103281,19184349
1790109078327822400,16160277,11829970,3528,4194488,103281,19184349
1790109078447317116,16161045,11830101,3528,4195116,103281,19184349
1790109078558912668,16161762,11830235,3528,4195692,103283,19184349
1790109078681232726,16162537,11830369,3528,4196334,103283,19184349
1790109078794670006,16163251,11830529,3528,4196891,103285,19184349
1790109078909503485,16163983,11830742,3528,4197410,103285,19184349
1790109079023932318,16164711,11830814,3528,4198070,103286,19184349
1790109079139698381,16165448,11830976,3528,4198639,103286,19184349
1790109079257765015,16166196,11831078,3528,4199289,103286,19184349
1790109079370621932,16166920,11831252,3528,4199832,103287,19184349
1790109079488307913,16167669,11831398,3528,4200438,103287,19184349
1790109079606354153,16168422,11831581,3528,4201003,103288,19184349
1790109079725089597,16169176,11831769,3528,4201572,103289,19184349
1790109079839099853,16169906,11831839,3528,4202229,103289,19184349
1790109079956582714,16170662,11831935,3528,4202878,103290,19184349
1790109080071517381,16171397,11832073,3528,4203469,103290,19184349
1790109080189164355,16172152,11832212,3528,4204080,103290,19184349
1790109080307003856,16172906,11832371,3528,4204671,103291,19184349
1790109080424836370,16173656,11832508,3528,4205283,103292,19184349
1790109080542754985,16174412,11832663,3528,4205878,103292,19184349
1790109080655737157,16175136,11832732,3528,4206525,103292,19184349
1790109080769685631,16175866,11832812,3528,4207167,103295,19184349
1790109080887588783,16176626,11832962,3528,4207768,103295,19184349
1790109081005694320,16177383,11833111,3528,4208368,103296,19184349
1790109081124043731,16178137,11833246,3528,4208990,103297,19184349
1790109081241930769,16178893,11833398,3528,4209586,103298,19184349
1790109081360033770,16179643,11833492,3528,4210245,103298,19184349
1790109081472101239,16180359,11833635,3528,4210816,103299,19184349
1790109081586301311,16181085,11833735,3528,4211438,103300,19184349
1790109081704079500,16181837,11833911,3528,4212014,103300,19184349
1790109081821976046,16182597,11834056,3528,4212619,103300,19184349
1790109081939986429,16183354,11834138,3528,4213288,103300,19184349
1790109082054657966,16184079,11834299,3528,4213851,103301,19184349
1790109082172837824,16184837,11834428,3528,4214479,103302,19184349
1790109082290724384,16185589,11834501,3528,4215151,103302,19184349
1790109082404647335,16186311,11834580,3528,4215797,103303,19184349
1790109082522808515,16187065,11834733,3528,4216402,103303,19184349
1790109082640662103,16187820,11834846,3528,4217032,103303,19184349
1790109082758458842,16188579,11834951,3528,4217679,103303,19184349
1790109082876416767,16189324,11835130,3528,4218248,103305,19184349
1790109082993772790,16190065,11835256,3528,4218867,103305,19184349
1790109083111787503,16190819,11835354,3528,4219520,103305,19184349
1790109083225952614,16191555,11835453,3528,4220152,103306,19184349
1790109083344192768,16192310,11835621,3528,4220736,103306,19184349
1790109083463922341,16193074,11835755,3528,4221363,103307,19184349
1790109083581182673,16193833,11835869,3528,4221995,103307,19184349
1790109083699964452,16194597,11836029,3528,4222590,103307,19184349
1790109083817622701,16195358,11836121,3528,4223244,103307,19184349
1790109083935403913,16196118,11836201,3528,4223915,103307,19184349
1790109084049608468,16196848,11836278,3528,4224563,103308,19184349
1790109084167648779,16197598,11836436,3528,4225156,103308,19184349
1790109084285423804,16198347,11836554,3528,4225787,103309,19184349
1790109084403231608,16199103,11836668,3528,4226425,103309,19184349
1790109084520314576,16199854,11836874,3528,4226961,103310,19184349
1790109084637685288,16200604,11837033,3528,4227546,103311,19184349
1790109084755522576,16201357,11837145,3528,4228185,103311,19184349
1790109084869277269,16202095,11837205,3528,4228849,103312,19184349
1790109084987013591,16202843,11837291,3528,4229515,103312,19184349
1790109085104346283,16203596,11837472,3528,4230077,103314,19184349
1790109085221861866,16204337,11837615,3528,4230682,103315,19184349
1790109085339759586,16205089,11837743,3528,4231298,103315,19184349
1790109085455902910,16205840,11837913,3528,4231872,103315,19184349
1790109085574197701,16206602,11838036,3528,4232499,103315,19184349
1790109085687809076,16207324,11838099,3528,4233162,103315,19184349
1790109085805180577,16208080,11838245,3528,4233761,103315,19184349
1790109085923081469,16208827,11838412,3528,4234344,103315,19184349
1790109086040778243,16209587,11838544,3528,4234960,103315,19184349
1790109086156199353,16210328,11838642,3528,4235597,103315,19184349
1790109086273942586,16211076,11838785,3528,4236204,103316,19184349
1790109086391282075,16211825,11838914,3528,4236819,103316,19184349
1790109086505176303,16212551,11838952,3528,4237508,103316,19184349
1790109086618397133,16213274,11839073,3528,4238104,103317,19184349
1790109086736234374,16214021,11839169,3528,4238760,103317,19184349
1790109086851912748,16214766,11839275,3528,4239391,103318,19184349
1790109086966244319,16215507,11839432,3528,4239960,103318,19184349
1790109087084025841,16216256,11839562,3528,4240579,103318,19184349
1790109087201953911,16217007,11839727,3528,4241165,103319,19184349
1790109087316235900,16217744,11839790,3528,4241832,103319,19184349
1790109087434350277,16218495,11839925,3528,4242444,103320,19184349
1790109087552909954,16219247,11840041,3528,4243083,103321,19184349
1790109087670896916,16220006,11840202,3528,4243671,103321,19184349
1790109087787786845,16220757,11840342,3528,4244276,103321,19184349
1790109087905745102,16221509,11840487,3528,4244873,103324,19184349
1790109088024152783,16222270,11840699,3528,4245417,103324,19184349
1790109088138081984,16222993,11840764,3528,4246079,103324,19184349
1790109088252640375,16223728,11840856,3528,4246711,103325,19184349
1790109088369434729,16224478,11840979,3528,4247331,103326,19184349
1790109088487109882,16225229,11841105,3528,4247956,103326,19184349
1790109088605219551,16225974,11841226,3528,4248585,103326,19184349
1790109088723397776,16226731,11841351,3528,4249209,103328,19184349
1790109088841360772,16227492,11841503,3528,4249810,103328,19184349
1790109088955274879,16228219,11841540,3528,4250498,103328,19184349
1790109089069308200,16228950,11841649,3528,4251113,103329,19184349
1790109089187299785,16229709,11841845,3528,4251668,103329,19184349
1790109089305315230,16230453,11842049,3528,4252212,103330,19184349
1790109089423366372,16231206,11842200,3528,4252813,103330,19184349
1790109089540923346,16231964,11842350,3528,4253411,103331,19184349
1790109089655890395,16232695,11842515,3528,4253979,103332,19184349
1790109089772021153,16233434,11842630,3528,4254603,103332,19184349
1790109089886046153,16234159,11842743,3528,4255214,103333,19184349
1790109090004038768,16234907,11842916,3528,4255791,103334,19184349
1790109090121778343,16235660,11843061,3528,4256396,103334,19184349
1790109090239947136,16236415,11843168,3528,4257041,103334,19184349
1790109090353411943,16237135,11843348,3528,4257578,103335,19184349
1790109090470489647,16237889,11843491,3528,4258178,103336,19184349
1790109090588339511,16238642,11843570,3528,4258851,103336,19184349
1790109090702245916,16239370,11843644,3528,4259500,103337,19184349
1790109090820049332,16240124,11843735,3528,4260161,103337,19184349
1790109090934943317,16240853,11843874,3528,4260753,103338,19184349
1790109091052534496,16241596,11843960,3528,4261412,103338,19184349
1790109091170443817,16242357,11844127,3528,4261995,103338,19184349
1790109091287279996,16243098,11844244,3528,4262621,103339,19184349
1790109091404998648,16243849,11844321,3528,4263297,103339,19184349
1790109091518946611,16244568,11844410,3528,4263932,103340,19184349
1790109091636838990,16245321,11844565,3528,4264529,103340,19184349
1790109091753607713,16246062,11844761,3528,4265071,103341,19184349
1790109091870586156,16246808,11844900,3528,4265674,103341,19184349
1790109091988416454,16247560,11845019,3528,4266306,103341,19184349
1790109092105222652,16248319,11845149,3528,4266921,103341,19184349
1790109092223279109,16249078,11845240,3528,4267581,103341,19184349
1790109092337105085,16249805,11845316,3528,4268230,103341,19184349
1790109092454644304,16250556,11845429,3528,4268862,103342,19184349
1790109092572077476,16251298,11845579,3528,4269462,103342,19184349
1790109092688888315,16252053,11845692,3528,4270093,103342,19184349
1790109092806879272,16252809,11845826,3528,4270709,103343,19184349
1790109092922778627,16253546,11845961,3528,4271304,103344,19184349
1790109093040713199,16254301,11846037,3528,4271980,103344,19184349
1790109093154876228,16255025,11846094,3528,4272655,103344,19184349
1790109093272980054,16255775,11846180,3528,4273320,103345,19184349
1790109093391476274,16256528,11846363,3528,4273885,103346,19184349
1790109093508765117,16257277,11846469,3528,4274524,103346,19184349
1790109093626611575,16258029,11846599,3528,4275144,103347,19184349
1790109093743329148,16258784,11846758,3528,4275729,103347,19184349
1790109093861284798,16259540,11846830,3528,4276408,103347,19184349
1790109093975071774,16260259,11846883,3528,4277081,103347,19184349
1790109094093397470,16261013,11846966,3528,4277750,103347,19184349
1790109094210313523,16261759,11847037,3528,4278424,103348,19184349
1790109094331677629,16262533,11847124,3528,4279106,103348,19184349
1790109094449528913,16263285,11847302,3528,4279679,103349,19184349
1790109094563956905,16264010,11847350,3528,4280363,103349,19184349
1790109094680307836,16264756,11847514,3528,4280937,103350,19184349
1790109094798024621,16265507,11847628,3528,4281573,103350,19184349
1790109094912106765,16266235,11847685,3528,4282241,103350,19184349
1790109095029585484,16266990,11847851,3528,4282820,103351,19184349
1790109095147733905,16267744,11847943,3528,4283479,103351,19184349
1790109095261911629,16268480,11848039,3528,4284114,103352,19184349
1790109095379815707,16269236,11848162,3528,4284741,103352,19184349
1790109095495055786,16269966,11848216,3528,4285421,103352,19184349
1790109095609039702,16270679,11848307,3528,4286054,103353,19184349
1790109095727028571,16271431,11848485,3528,4286627,103353,19184349
1790109095841046960,16272157,11848513,3528,4287325,103354,19184349
1790109095956325788,16272903,11848650,3528,4287918,103355,19184349
1790109096074354838,16273654,11848739,3528,4288580,103356,19184349
1790109096188344505,16274385,11848814,3528,4289229,103357,19184349
1790109096305702186,16275133,11848913,3528,4289875,103357,19184349
1790109096423667055,16275892,11848992,3528,4290548,103357,19184349
1790109096537959748,16276613,11849075,3528,4291195,103359,19184349
1790109096656238009,16277378,11849236,3528,4291784,103359,19184349
1790109096770365814,16278106,11849257,3528,4292490,103359,19184349
1790109096888880707,16278871,11849458,3528,4293033,103365,19184349
1790109097003524202,16279613,11849715,3528,4293481,103380,19184349
1790109097118680224,16280347,11849966,3528,4293938,103390,19184349
1790109097233835981,16281069,11850210,3528,4294401,103402,19184349
1790109097347979728,16281780,11850454,3528,4294860,103413,19184349
1790109097462640043,16282502,11850750,3528,4295267,103431,19184349
1790109097577677625,16283236,11850985,3528,4295734,103447,19184349
1790109097693959569,16283962,11851246,3528,4296189,103459,19184349
1790109097809395242,16284703,11851512,3528,4296631,103472,19184349
1790109097922629565,16285405,11851785,3528,4297054,103486,19184349
1790109098037734367,16286128,11852047,3528,4297494,103506,19184349
1790109098153827068,16286860,11852301,3528,4297953,103516,19184349
1790109098269618652,16287591,11852541,3528,4298425,103529,19184349
1790109098385552102,16288332,11852799,3528,4298878,103543,19184349
1790109098501548510,16289077,11853069,3528,4299325,103555,19184349
1790109098617372913,16289815,11853313,3528,4299788,103570,19184349
1790109098732545188,16290529,11853562,3528,4300244,103584,19184349
1790109098847367535,16291260,11853830,3528,4300687,103596,19184349
1790109098968433563,16292015,11854084,3528,4301179,103609,19184349
1790109099084135516,16292744,11854334,3528,4301638,103620,19184349
1790109099198616566,16293452,11854592,3528,4302084,103635,19184349
1790109099314706052,16294183,11854856,3528,4302531,103648,19184349
1790109099429647442,16294917,11855112,3528,4302982,103662,19184349
1790109099546636261,16295668,11855375,3528,4303440,103676,19184349
1790109099664432871,16296423,11855662,3528,4303869,103695,19184349
1790109099779113352,16297152,11855926,3528,4304313,103707,19184349
1790109099895319341,16297875,11856177,3528,4304776,103721,19184349
1790109100011633513,16298601,11856419,3528,4305244,103737,19184349
1790109100128511513,16299338,11856668,3528,4305711,103751,19184349
1790109100245680276,16300075,11856930,3528,4306175,103760,19184349
1790109100362872161,16300802,11857217,3528,4306604,103777,19184349
1790109100476987251,16301503,11857464,3528,4307058,103790,19184349
1790109100591131512,16302204,11857731,3528,4307494,103802,19184349
1790109100708288800,16302950,11857984,3528,4307963,103814,19184349
1790109100825451808,16303691,11858224,3528,4308445,103829,19184349
1790109100940890818,16304411,11858461,3528,4308916,103840,19184349
1790109101056624864,16305147,11858727,3528,4309360,103854,19184349
1790109101170897392,16305864,11858987,3528,4309797,103872,19184349
1790109101285402865,16306569,11859241,3528,4310245,103886,19184349
1790109101399608122,16307294,11859488,3528,4310702,103899,19184349
1790109101515225520,16308014,11859731,3528,4311169,103911,19184349
1790109101633336721,16308746,11859989,3528,4311640,103922,19184349
1790109101748720241,16309486,11860243,3528,4312094,103935,19184349
1790109101863798433,16310213,11860493,3528,4312551,103949,19184349
1790109101979628340,16310933,11860797,3528,4312961,103960,19184349
1790109102092780841,16311649,11861094,3528,4313363,103970,19184349
1790109102207038223,16312365,11861346,3528,4313814,103981,19184349
1790109102324542205,16313106,11861608,3528,4314278,103992,19184349
1790109102440229555,16313829,11861864,3528,4314731,104006,19184349
1790109102556095026,16314573,11862133,3528,4315175,104018,19184349
1790109102670878789,16315297,11862399,3528,4315608,104036,19184349
1790109102785056807,16316019,11862649,3528,4316059,104048,19184349
1790109102901126991,16316741,11862898,3528,4316530,104057,19184349
1790109103015893772,16317438,11863157,3528,4316978,104071,19184349
1790109103130666801,16318174,11863408,3528,4317426,104089,19184349
1790109103245906398,16318902,11863691,3528,4317848,104105,19184349
1790109103360635978,16319617,11863953,3528,4318290,104121,19184349
1790109103474949947,16320339,11864228,3528,4318713,104137,19184349
1790109103590167284,16321077,11864617,3528,4319042,104145,19184349
1790109103706072291,16321811,11864879,3528,4319490,104161,19184349
1790109103820214058,16322543,11865136,3528,4319934,104175,19184349
1790109103933938024,16323247,11865421,3528,4320350,104186,19184349
1790109104048447825,16323955,11865676,3528,4320798,104199,19184349
1790109104164925097,16324682,11865926,3528,4321261,104214,19184349
1790109104281650917,16325411,11866173,3528,4321736,104225,19184349
1790109104397796235,16326139,11866426,3528,4322199,104235,19184349
1790109104514135875,16326866,11866688,3528,4322653,104251,19184349
1790109104630401541,16327599,11866952,3528,4323101,104264,19184349
1790109104745547136,16328317,11867194,3528,4323567,104277,19184349
1790109104861060268,16329036,11867444,3528,4324028,104290,19184349
1790109104976092854,16329744,11867676,3528,4324508,104298,19184349
1790109105092136575,16330500,11867947,3528,4324955,104311,19184349
1790109105207038803,16331216,11868202,3528,4325402,104326,19184349
1790109105321691253,16331947,11868455,3528,4325855,104339,19184349
1790109105435735791,16332655,11868692,3528,4326312,104356,19184349
1790109105551570434,16333374,11868960,3528,4326755,104369,19184349
1790109105669750682,16334111,11869191,3528,4327258,104379,19184349
1790109105784482880,16334832,11869457,3528,4327701,104390,19184349
1790109105899948334,16335566,11869731,3528,4328133,104405,19184349
1790109106014657639,16336293,11869983,3528,4328587,104417,19184349
1790109106130123413,16337022,11870225,3528,4329053,104431,19184349
1790109106245123196,16337753,11870473,3528,4329512,104444,19184349
1790109106363335247,16338497,11870713,3528,4329999,104460,19184349
1790109106477688871,16339212,11870977,3528,4330433,104475,19184349
1790109106593544192,16339953,11871232,3528,4330890,104489,19184349
1790109106709958384,16340665,11871490,3528,4331350,104501,19184349
1790109106824069816,16341382,11871734,3528,4331809,104512,19184349
1790109106938295437,16342094,11871989,3528,4332258,104522,19184349
1790109107054584283,16342818,11872291,3528,4332676,104532,19184349
1790109107171195015,16343547,11872548,3528,4333133,104547,19184349
1790109107287457864,16344262,11872823,3528,4333572,104560,19184349
1790109107402554687,16344997,11873099,3528,4334004,104573,19184349
1790109107517230677,16345711,11873352,3528,4334456,104585,19184349
1790109107630179857,16346408,11873576,3528,4334933,104595,19184349
1790109107744399292,16347111,11873834,3528,4335374,104610,19184349
1790109107859387822,16347825,11874093,3528,4335822,104623,19184349
1790109107975493856,16348551,11874356,3528,4336272,104634,19184349
1790109108090741971,16349258,11874607,3528,4336732,104644,19184349
1790109108207824589,16349989,11874858,3528,4337201,104656,19184349
1790109108324726596,16350749,11875084,3528,4337701,104667,19184349
1790109108438411031,16351462,11875343,3528,4338145,104678,19184349
1790109108552903775,16352181,11875614,3528,4338572,104694,19184349
1790109108668059451,16352885,11875877,3528,4339016,104706,19184349
1790109108782214385,16353600,11876118,3528,4339472,104722,19184349
1790109108899088641,16354326,11876370,3528,4339936,104738,19184349
1790109109014911812,16355053,11876602,3528,4340421,104747,19184349
1790109109133097498,16355802,11876869,3528,4340885,104758,19184349
1790109109249229690,16356516,11877133,3528,4341333,104770,19184349
1790109109364668941,16357207,11877400,3528,4341779,104782,19184349
1790109109479925186,16357900,11877670,3528,4342215,104794,19184349
1790109109595584249,16358632,11877920,3528,4342674,104810,19184349
1790109109715635126,16359381,11878199,3528,4343136,104820,19184349
1790109109831337129,16360105,11878455,3528,4343585,104836,19184349
1790109109947099765,16360839,11878713,3528,4344043,104845,19184349
1790109110062613353,16361551,11878963,3528,4344498,104861,19184349
1790109110177225546,16362283,11879202,3528,4344962,104875,19184349
1790109110292272376,16363007,11879429,3528,4345445,104887,19184349
1790109110409136227,16363747,11879703,3528,4345889,104904,19184349
1790109110524943808,16364466,11879957,3528,4346343,104916,19184349
1790109110638125993,16365168,11880203,3528,4346784,104935,19184349
1790109110754323154,16365895,11880460,3528,4347243,104947,19184349
1790109110869721765,16366615,11880700,3528,4347714,104959,19184349
1790109110984320019,16367348,11880933,3528,4348189,104967,19184349
1790109111101774692,16368068,11881226,3528,4348620,104979,19184349
1790109111216852351,16368810,11881537,3528,4349020,104991,19184349
1790109111332135770,16369548,11881795,3528,4349472,105003,19184349
1790109111445963331,16370238,11882037,3528,4349926,105017,19184349
1790109111561731344,16370958,11882330,3528,4350350,105028,19184349
1790109111678345712,16371718,11882588,3528,4350810,105040,19184349
1790109111795200256,16372448,11882854,3528,4351264,105053,19184349
1790109111909994285,16373149,11883099,3528,4351721,105068,19184349
1790109112026898449,16373882,11883361,3528,4352178,105080,19184349
1790109112141743486,16374604,11883619,3528,4352629,105093,19184349
1790109112258288603,16375342,11883894,3528,4353069,105105,19184349
1790109112374927580,16376064,11884142,3528,4353542,105116,19184349
1790109112490318943,16376808,11884408,3528,4353986,105133,19184349
1790109112604594128,16377528,11884671,3528,4354427,105144,19184349
1790109112719732778,16378241,11884937,3528,4354865,105159,19184349
1790109112836290812,16378986,11885179,3528,4355334,105175,19184349
1790109112950800427,16379716,11885413,3528,4355811,105187,19184349
1790109113064242612,16380435,11885731,3528,4356184,105205,19184349
1790109113179678201,16381162,11885988,3528,4356632,105222,19184349
1790109113294728189,16381872,11886240,3528,4357086,105238,19184349
1790109113408572965,16382605,11886523,3528,4357498,105253,19184349
1790109113522979345,16383331,11886785,3528,4357943,105264,19184349
1790109113639162907,16384082,11887018,3528,4358425,105276,19184349
1790109113755740296,16384831,11887263,3528,4358898,105292,19184349
1790109113871184032,16385554,11887521,3528,4359341,105312,19184349
1790109113987410924,16386284,11887784,3528,4359793,105324,19184349
1790109114102784575,16387020,11888070,3528,4360220,105333,19184349
1790109114218149506,16387752,11888316,3528,4360684,105350,19184349
1790109114334560209,16388481,11888570,3528,4361140,105364,19184349
1790109114451416090,16389230,11888829,3528,4361599,105381,19184349
1790109114565455682,16389949,11889105,3528,4362020,105392,19184349
1790109114680385618,16390670,11889361,3528,4362476,105405,19184349
1790109114795315552,16391374,11889622,3528,4362918,105421,19184349
1790109114910314976,16392093,11889891,3528,4363355,105433,19184349
1790109115027220105,16392839,11890142,3528,4363823,105446,19184349
1790109115141980402,16393556,11890411,3528,4364259,105462,19184349
1790109115256861847,16394284,11890672,3528,4364701,105477,19184349
1790109115372855640,16394994,11890923,3528,4365161,105492,19184349
1790109115487986274,16395726,11891186,3528,4365606,105504,19184349
1790109115603913351,16396460,11891466,3528,4366041,105516,19184349
1790109115720000395,16397187,11891695,3528,4366526,105528,19184349
1790109115835305940,16397940,11891944,3528,4366986,105540,19184349
1790109115952136220,16398670,11892210,3528,4367428,105562,19184349
1790109116066297860,16399389,11892446,3528,4367896,105574,19184349
1790109116181729402,16400114,11892709,3528,4368338,105589,19184349
1790109116296242014,16400862,11892969,3528,4368786,105605,19184349
1790109116415446646,16401613,11893222,3528,4369265,105618,19184349
1790109116530079193,16402307,11893474,3528,4369711,105633,19184349
1790109116645160077,16403023,11893723,3528,4370165,105648,19184349
1790109116760905454,16403763,11894017,3528,4370586,105659,19184349
1790109116876654176,16404471,11894323,3528,4370993,105672,19184349
1790109116990070428,16405199,11894607,3528,4371412,105681,19184349
1790109117104194109,16405900,11894867,3528,4371853,105693,19184349
1790109117219005879,16406615,11895105,3528,4372317,105708,19184349
1790109117332846182,16407329,11895354,3528,4372766,105724,19184349
1790109117447304760,16408056,11895606,3528,4373208,105743,19184349
1790109117562991920,16408786,11895866,3528,4373658,105758,19184349
1790109117680403049,16409519,11896090,3528,4374157,105770,19184349
1790109117794033648,16410228,11896338,3528,4374611,105780,19184349
1790109117908942321,16410945,11896600,3528,4375053,105795,19184349
1790109118024017579,16411691,11896861,3528,4375504,105806,19184349
1790109118138893845,16412396,11897122,3528,4375945,105822,19184349
1790109118255752051,16413130,11897385,3528,4376400,105834,19184349
1790109118371034644,16413867,11897616,3528,4376881,105845,19184349
1790109118485398243,16414590,11897874,3528,4377324,105860,19184349
1790109118601331140,16415313,11898161,3528,4377750,105874,19184349
1790109118717419880,16416025,11898433,3528,4378191,105886,19184349
1790109118832692241,16416764,11898685,3528,4378646,105902,19184349
1790109118947919835,16417487,11898928,3528,4379113,105914,19184349
1790109119062146412,16418198,11899158,3528,4379585,105927,19184349
1790109119178380700,16418937,11899405,3528,4380051,105942,19184349
1790109119293193572,16419655,11899662,3528,4380494,105959,19184349
1790109119408814527,16420395,11899907,3528,4380958,105975,19184349
1790109119525600922,16421106,11900155,3528,4381424,105990,19184349
1790109119640416014,16421846,11900387,3528,4381902,106002,19184349
1790109119756651467,16422596,11900645,3528,4382354,106020,19184349
1790109119870847585,16423331,11900897,3528,4382798,106037,19184349
1790109119985314700,16424041,11901145,3528,4383250,106054,19184349
1790109120100543653,16424754,11901393,3528,4383709,106066,19184349
1790109120214871968,16425458,11901636,3528,4384165,106083,19184349
1790109120331385938,16426205,11901888,3528,4384634,106095,19184349
1790109120446388629,16426927,11902149,3528,4385081,106104,19184349
1790109120562215417,16427650,11902398,3528,4385549,106115,19184349
1790109120678327269,16428393,11902664,3528,4385995,106127,19184349
1790109120793411027,16429108,11902919,3528,4386453,106139,19184349
1790109120908308910,16429807,11903205,3528,4386868,106154,19184349
1790109121023378939,16430531,11903464,3528,4387321,106165,19184349
1790109121139495118,16431239,11903737,3528,4387761,106178,19184349
1790109121255514040,16431978,11903985,3528,4388227,106191,19184349
1790109121371634237,16432714,11904235,3528,4388686,106204,19184349
1790109121486903633,16433459,11904490,3528,4389144,106213,19184349
1790109121602755612,16434185,11904739,3528,4389606,106227,19184349
1790109121720184467,16434928,11904970,3528,4390095,106243,19184349
1790109121835109034,16435651,11905220,3528,4390551,106259,19184349
1790109121950670074,16436372,11905460,3528,4391018,106274,19184349
1790109122065407367,16437103,11905715,3528,4391470,106286,19184349
1790109122180164404,16437829,11905958,3528,4391920,106308,19184349
1790109122296466526,16438541,11906196,3528,4392395,106325,19184349
1790109122415729800,16439289,11906429,3528,4392891,106339,19184349
1790109122532403186,16440025,11906694,3528,4393347,106348,19184349
1790109122646447402,16440714,11906948,3528,4393790,106363,19184349
1790109122764549559,16441450,11907193,3528,4394270,106377,19184349
1790109122879132227,16442158,11907440,3528,4394731,106392,19184349
1790109122995160529,16442899,11907666,3528,4395211,106407,19184349
1790109123110745465,16443623,11907931,3528,4395657,106421,19184349
1790109123225522003,16444335,11908184,3528,4396104,106436,19184349
1790109123341568473,16445062,11908443,3528,4396559,106449,19184349
1790109123457893030,16445796,11908678,3528,4397040,106461,19184349
1790109123573181381,16446525,11908926,3528,4397501,106474,19184349
1790109123687311553,16447246,11909157,3528,4397974,106487,19184349
1790109123802955111,16447979,11909410,3528,4398425,106506,19184349
1790109123918122343,16448704,11909678,3528,4398865,106520,19184349
1790109124033871614,16449432,11909945,3528,4399314,106528,19184349
1790109124148230268,16450155,11910230,3528,4399727,106546,19184349
1790109124262842152,16450875,11910527,3528,4400139,106556,19184349
1790109124375909100,16451587,11910852,3528,4400513,106566,19184349
1790109124492460197,16452318,11911131,3528,4400952,106578,19184349
1790109124608449567,16453053,11911386,3528,4401403,106597,19184349
1790109124724202650,16453779,11911638,3528,4401862,106611,19184349
1790109124840715967,16454514,11911893,3528,4402318,106629,19184349
1790109124957213218,16455231,11912177,3528,4402750,106641,19184349
1790109125073314184,16455957,11912436,3528,4403210,106650,19184349
1790109125188193154,16456695,11912688,3528,4403663,106664,19184349
1790109125302963920,16457423,11912945,3528,4404110,106679,19184349
1790109125418083755,16458170,11913204,3528,4404560,106691,19184349
1790109125533400342,16458907,11913453,3528,4405021,106706,19184349
1790109125650833955,16459667,11913711,3528,4405480,106720,19184349
1790109125768482024,16460428,11913974,3528,4405940,106733,19184349
1790109125883692931,16461169,11914245,3528,4406376,106750,19184349
1790109125998435785,16461906,11914495,3528,4406825,106767,19184349
1790109126113074885,16462638,11914745,3528,4407277,106782,19184349
1790109126230379358,16463365,11915003,3528,4407725,106808,19184349
1790109126344981620,16464084,11915244,3528,4408192,106818,19184349
1790109126459829388,16464815,11915498,3528,4408643,106833,19184349
1790109126573620622,16465512,11915746,3528,4409094,106847,19184349
1790109126688324741,16466243,11915983,3528,4409561,106859,19184349
1790109126801829349,16466962,11916224,3528,4410018,106872,19184349
1790109126916403048,16467660,11916476,3528,4410469,106885,19184349
1790109127029512732,16468365,11916706,3528,4410935,106899,19184349
1790109127142895016,16469082,11916956,3528,4411386,106910,19184349
1790109127255972299,16469787,11917205,3528,4411829,106924,19184349
1790109127370828973,16470513,11917465,3528,4412273,106938,19184349
1790109127487020790,16471227,11917753,3528,4412700,106950,19184349
1790109127601552093,16471947,11917990,3528,4413169,106961,19184349
1790109127715446856,16472668,11918223,3528,4413640,106977,19184349
1790109127830543355,16473380,11918474,3528,4414091,106991,19184349
1790109127947428628,16474112,11918723,3528,4414561,107001,19184349
1790109128063325800,16474851,11918995,3528,4415002,107014,19184349
1790109128177919685,16475585,11919247,3528,4415444,107037,19184349
1790109128292651852,16476313,11919493,3528,4415909,107049,19184349
1790109128408615669,16477025,11919734,3528,4416378,107061,19184349
1790109128522923513,16477725,11919976,3528,4416838,107074,19184349
1790109128636723301,16478446,11920234,3528,4417279,107090,19184349
1790109128752139683,16479161,11920499,3528,4417723,107100,19184349
1790109128867754052,16479883,11920745,3528,4418190,107112,19184349
1790109128983323535,16480599,11921014,3528,4418636,107125,19184349
1790109129099938748,16481325,11921262,3528,4419099,107140,19184349
1790109129215454086,16482037,11921510,3528,4419563,107151,19184349
1790109129329756061,16482758,11921756,3528,4420017,107167,19184349
1790109129446335716,16483487,11922004,3528,4420485,107179,19184349
1790109129559870378,16484189,11922274,3528,4420918,107190,19184349
1790109129675909428,16484930,11922608,3528,4421297,107202,19188957
1790109129787808158,16485645,11923302,3528,4421303,107207,19218525
1790109129907695327,16486416,11923471,3528,4421891,107208,19218525
1790109130024371014,16487162,11923592,3528,4422515,107209,19218525
1790109130147869719,16487944,11923680,3528,4423213,107209,19218525
1790109130265929673,16488696,11923814,3528,4423830,107210,19218525
1790109130379887103,16489419,11923861,3528,4424511,107210,19218525
1790109130495666802,16490160,11923984,3528,4425119,107211,19218525
1790109130613578581,16490910,11924102,3528,4425751,107211,19218525
1790109130727330283,16491633,11924209,3528,4426370,107212,19218525
1790109130845543793,16492386,11924382,3528,4426948,107212,19218525
1790109130958970908,16493111,11924473,3528,4427582,107213,19218525
1790109131075038014,16493855,11924570,3528,4428222,107213,19218525
1790109131192987599,16494604,11924639,3528,4428905,107213,19218525
1790109131307175889,16495336,11924705,3528,4429563,107215,19218525
1790109131425042998,16496087,11924833,3528,4430184,107215,19218525
1790109131538978066,16496812,11924896,3528,4430846,107217,19218525
1790109131656621310,16497564,11925036,3528,4431453,107217,19218525
1790109131771474161,16498298,11925091,3528,4432129,107217,19218525
1790109131888558808,16499045,11925240,3528,4432721,107219,19218525
1790109132006337618,16499798,11925339,3528,4433373,107219,19218525
1790109132120070029,16500530,11925420,3528,4434017,107220,19218525
1790109132237967434,16501279,11925565,3528,4434622,107220,19218525
1790109132351858732,16502007,11925626,3528,4435288,107220,19218525
1790109132468292226,16502753,11925785,3528,4435863,107223,19218525
1790109132586221402,16503506,11925896,3528,4436504,107224,19218525
1790109132700339045,16504231,11926016,3528,4437107,107225,19218525
1790109132818335891,16504989,11926161,3528,4437713,107225,19218525
1790109132936351611,16505736,11926334,3528,4438288,107226,19218525
1790109133054636718,16506491,11926444,3528,4438929,107226,19218525
1790109133172402791,16507257,11926555,3528,4439568,107227,19218525
1790109133290317300,16508013,11926670,3528,4440203,107228,19218525
1790109133404193595,16508751,11926728,3528,4440871,107228,19218525
1790109133521885498,16509497,11926850,3528,4441500,107228,19218525
1790109133636613580,16510235,11927054,3528,4442020,107228,19218525
1790109133755019163,16510991,11927133,3528,4442698,107229,19218525
1790109133869578081,16511730,11927315,3528,4443241,107229,19218525
1790109133988708210,16512490,11927435,3528,4443884,107230,19218525
1790109134104967424,16513237,11927505,3528,4444553,107230,19218525
1790109134220086949,16513976,11927607,3528,4445180,107231,19218525
1790109134334071332,16514711,11927723,3528,4445790,107231,19218525
1790109134452228852,16515476,11927877,3528,4446386,107232,19218525
1790109134567042438,16516212,11927991,3528,4447003,107233,19218525
1790109134681860125,16516953,11928165,3528,4447558,107234,19218525
1790109134800058682,16517712,11928265,3528,4448210,107234,19218525
1790109134913974266,16518444,11928339,3528,4448862,107234,19218525
1790109135031937440,16519197,11928461,3528,4449491,107234,19218525
1790109135149813591,16519950,11928585,3528,4450115,107236,19218525
1790109135267671515,16520706,11928710,3528,4450735,107236,19218525
1790109135385467750,16521455,11928846,3528,4451347,107237,19218525
1790109135503422224,16522208,11928961,3528,4451982,107237,19218525
1790109135617071750,16522927,11929011,3528,4452657,107239,19218525
1790109135734400637,16523681,11929111,3528,4453302,107239,19218525
1790109135852278419,16524434,11929266,3528,4453898,107239,19218525
1790109135970460958,16525189,11929373,3528,4454542,107239,19218525
1790109136089411674,16525952,11929556,3528,4455115,107240,19218525
1790109136207205740,16526700,11929664,3528,4455758,107241,19218525
1790109136321244331,16527430,11929691,3528,4456457,107242,19218525
1790109136439133808,16528177,11929839,3528,4457057,107242,19218525
1790109136557007736,16528922,11929968,3528,4457678,107243,19218525
1790109136672892159,16529661,11930078,3528,4458306,107243,19218525
1790109136790895650,16530415,11930230,3528,4458904,107244,19218525
1790109136908276116,16531167,11930366,3528,4459510,107245,19218525
1790109137026225604,16531922,11930473,3528,4460155,107245,19218525
1790109137140109594,16532637,11930551,3528,4460801,107245,19218525
1790109137258056761,16533392,11930666,3528,4461438,107245,19218525
1790109137375939925,16534136,11930827,3528,4462026,107246,19218525
1790109137493898235,16534893,11930986,3528,4462618,107246,19218525
1790109137611876758,16535648,11931132,3528,4463221,107247,19218525
1790109137728892212,16536392,11931260,3528,4463838,107247,19218525
1790109137842822344,16537127,11931346,3528,4464477,107248,19218525
1790109137959929928,16537880,11931479,3528,4465087,107248,19218525
1790109138075075788,16538617,11931656,3528,4465642,107249,19218525
1790109138191200543,16539365,11931799,3528,4466238,107249,19218525
1790109138309496265,16540110,11931926,3528,4466859,107249,19218525
1790109138427482468,16540866,11932078,3528,4467458,107250,19218525
1790109138541579214,16541597,11932130,3528,4468133,107250,19218525
1790109138658073508,16542344,11932277,3528,4468729,107250,19218525
1790109138776233291,16543105,11932411,3528,4469345,107251,19218525
1790109138889068867,16543816,11932544,3528,4469930,107252,19218525
1790109139006932566,16544560,11932715,3528,4470508,107253,19218525
1790109139122853043,16545303,11932839,3528,4471120,107254,19218525
1790109139240695781,16546061,11932954,3528,4471751,107254,19218525
1790109139354665494,16546784,11933048,3528,4472381,107255,19218525
1790109139472426627,16547539,11933167,3528,4473014,107255,19218525
1790109139590227558,16548295,11933301,3528,4473629,107256,19218525
1790109139708134769,16549051,11933448,3528,4474232,107257,19218525
1790109139826043092,16549789,11933600,3528,4474829,107258,19218525
1790109139943972260,16550537,11933711,3528,4475469,107258,19218525
1790109140057597336,16551259,11933770,3528,4476129,107259,19218525
1790109140175382005,16552008,11933874,3528,4476777,107260,19218525
1790109140289870400,16552743,11934025,3528,4477354,107261,19218525
1790109140406570490,16553492,11934180,3528,4477940,107261,19218525
1790109140523161711,16554245,11934390,3528,4478468,107264,19218525
1790109140640236526,16554991,11934536,3528,4479068,107264,19218525
1790109140754407666,16555726,11934670,3528,4479660,107264,19218525
1790109140869091909,16556468,11934772,3528,4480289,107265,19218525
1790109140984992449,16557205,11934913,3528,4480886,107265,19218525
1790109141102827130,16557962,11935040,3528,4481508,107266,19218525
1790109141219995954,16558710,11935162,3528,4482131,107266,19218525
1790109141335565076,16559446,11935328,3528,4482698,107266,19218525
1790109141452854251,16560195,11935449,3528,4483325,107267,19218525
1790109141566670565,16560923,11935564,3528,4483929,107268,19218525
1790109141680049338,16561643,11935702,3528,4484516,107268,19218525
1790109141801879267,16562411,11935895,3528,4485096,107269,19218525
1790109141920171644,16563165,11936053,3528,4485692,107270,19218525
1790109142038389310,16563923,11936239,3528,4486252,107270,19218525
1790109142156309184,16564673,11936369,3528,4486873,107271,19218525
1790109142270279530,16565401,11936416,3528,4487551,107272,19218525
1790109142386669454,16566138,11936519,3528,4488183,107275,19218525
1790109142510804935,16566931,11936664,3528,4488827,107276,19218525
1790109142626582760,16567672,11936762,3528,4489466,107276,19218525
1790109142744462516,16568426,11936939,3528,4490038,107277,19218525
1790109142862080118,16569173,11937045,3528,4490683,107278,19218525
1790109142980169723,16569931,11937112,3528,4491368,107278,19218525
1790109143094286593,16570663,11937190,3528,4492014,107279,19218525
1790109143210410537,16571403,11937297,3528,4492645,107279,19218525
1790109143327565021,16572156,11937455,3528,4493232,107280,19218525
1790109143445828223,16572911,11937571,3528,4493869,107280,19218525
1790109143563912491,16573658,11937705,3528,4494484,107281,19218525
1790109143682080930,16574418,11937784,3528,4495158,107281,19218525
1790109143796135919,16575148,11937870,3528,4495797,107282,19218525
1790109143914084311,16575899,11938039,3528,4496378,107282,19218525
1790109144032193481,16576664,11938196,3528,4496971,107283,19218525
1790109144150241783,16577423,11938306,3528,4497612,107283,19218525
1790109144268095444,16578159,11938423,3528,4498245,107284,19218525
1790109144386017856,16578908,11938540,3528,4498879,107284,19218525
1790109144499780375,16579641,11938593,3528,4499545,107285,19218525
1790109144616330730,16580388,11938705,3528,4500178,107286,19218525
1790109144734370368,16581148,11938857,3528,4500774,107286,19218525
1790109144852179871,16581897,11938957,3528,4501426,107286,19218525
1790109144967956115,16582640,11939101,3528,4502018,107287,19218525
1790109145085811678,16583397,11939214,3528,4502651,107287,19218525
1790109145199498331,16584126,11939240,3528,4503352,107287,19218525
1790109145315913415,16584869,11939359,3528,4503977,107287,19218525
1790109145433939565,16585625,11939494,3528,4504592,107288,19218525
1790109145546509657,16586347,11939622,3528,4505176,107288,19218525
1790109145664143687,16587104,11939768,3528,4505780,107288,19218525
1790109145779473806,16587831,11939872,3528,4506407,107289,19218525
1790109145897340660,16588587,11939951,3528,4507080,107289,19218525
1790109146011493678,16589327,11940036,3528,4507718,107290,19218525
1790109146129536730,16590081,11940151,3528,4508353,107290,19218525
1790109146247317946,16590830,11940285,3528,4508969,107291,19218525
1790109146363051491,16591566,11940443,3528,4509548,107291,19218525
1790109146480883101,16592319,11940574,3528,4510167,107292,19218525
1790109146596591753,16593062,11940690,3528,4510783,107292,19218525
1790109146710238404,16593785,11940756,3528,4511444,107293,19218525
1790109146827419370,16594532,11940888,3528,4512058,107293,19218525
1790109146945368106,16595289,11941025,3528,4512667,107295,19218525
1790109147063170208,16596042,11941174,3528,4513267,107296,19218525
1790109147180745782,16596791,11941290,3528,4513895,107297,19218525
1790109147298745242,16597543,11941436,3528,4514500,107297,19218525
1790109147413908404,16598278,11941462,3528,4515213,107297,19218525
1790109147527886848,16599009,11941606,3528,4515793,107298,19218525
1790109147645800089,16599761,11941708,3528,4516436,107298,19218525
1790109147759725872,16600496,11941821,3528,4517046,107299,19218525
1790109147877690756,16601246,11941947,3528,4517671,107299,19218525
1790109147991727857,16601971,11942015,3528,4518329,107300,19218525
1790109148109061157,16602723,11942115,3528,4518979,107300,19218525
1790109148227071338,16603474,11942183,3528,4519663,107301,19218525
1790109148341577023,16604202,11942295,3528,4520277,107301,19218525
1790109148457534557,16604943,11942418,3528,4520891,107301,19218525
1790109148571593476,16605670,11942494,3528,4521542,107304,19218525
1790109148689655322,16606423,11942611,3528,4522171,107305,19218525
1790109148803353584,16607155,11942643,3528,4522867,107305,19218525
1790109148920468218,16607900,11942764,3528,4523488,107306,19218525
1790109149038339459,16608655,11942888,3528,4524115,107307,19218525
1790109149152318988,16609377,11942979,3528,4524748,107308,19218525
1790109149270178683,16610139,11943131,3528,4525347,107308,19218525
1790109149385595525,16610873,11943173,3528,4526038,107308,19218525
1790109149501965502,16611624,11943280,3528,4526676,107308,19218525
1790109149619859722,16612381,11943347,3528,4527359,107309,19218525
1790109149733794105,16613103,11943425,3528,4528005,107310,19218525
1790109149850962758,16613848,11943542,3528,4528632,107310,19218525
1790109149964861207,16614577,11943635,3528,4529264,107312,19218525
1790109150083469387,16615314,11943870,3528,4529766,107318,19218525
1790109150199788526,16616049,11944117,3528,4530234,107330,19218525
1790109150314580717,16616772,11944361,3528,4530696,107341,19218525
1790109150429159625,16617471,11944617,3528,4531142,107357,19218525
1790109150543648785,16618180,11944882,3528,4531576,107375,19218525
1790109150658181080,16618895,11945118,3528,4532043,107390,19218525
1790109150773393548,16619609,11945372,3528,4532498,107403,19218525
1790109150887669309,16620339,11945614,3528,4532951,107423,19218525
1790109151002427915,16621069,11945885,3528,4533386,107435,19218525
1790109151115299365,16621762,11946156,3528,4533813,107445,19218525
1790109151230686500,16622490,11946400,3528,4534274,107461,19218525
1790109151345086547,16623203,11946653,3528,4534729,107470,19218525
1790109151462043018,16623941,11946897,3528,4535205,107481,19218525
1790109151577114970,16624649,11947155,3528,4535657,107496,19218525
1790109151692356108,16625384,11947411,3528,4536109,107508,19218525
1790109151807334540,16626105,11947654,3528,4536573,107516,19218525
1790109151922850239,16626835,11947905,3528,4537030,107532,19218525
1790109152039000671,16627583,11948143,3528,4537507,107547,19218525
1790109152154405269,16628315,11948408,3528,4537945,107564,19218525
1790109152270870106,16629044,11948668,3528,4538400,107578,19218525
1790109152386639732,16629775,11948931,3528,4538855,107587,19218525
1790109152502566764,16630489,11949175,3528,4539320,107602,19218525
1790109152617168000,16631211,11949421,3528,4539777,107614,19218525
1790109152731492720,16631922,11949646,3528,4540259,107628,19218525
1790109152846094520,16632648,11949894,3528,4540713,107640,19218525
1790109152961391724,16633363,11950165,3528,4541152,107651,19218525
1790109153075840576,16634063,11950456,3528,4541563,107665,19218525
1790109153191217225,16634779,11950699,3528,4542030,107677,19218525
1790109153305657108,16635493,11950951,3528,4542486,107689,19218525
1790109153426814467,16636258,11951223,3528,4542959,107702,19218525
1790109153542354360,16636977,11951477,3528,4543414,107715,19218525
1790109153656314438,16637695,11951730,3528,4543861,107730,19218525
1790109153772533588,16638426,11951987,3528,4544312,107747,19218525
1790109153889693930,16639143,11952244,3528,4544776,107758,19218525
1790109154006217619,16639859,11952473,3528,4545221,107815,19218525
1790109154120157359,16640583,11952713,3528,4545683,107827,19218525
1790109154235159492,16641312,11952962,3528,4546141,107843,19218525
1790109154349466033,16642031,11953213,3528,4546589,107854,19218525
1790109154465076786,16642758,11953476,3528,4547034,107872,19218525
1790109154581069678,16643478,11953721,3528,4547498,107885,19218525
1790109154697035443,16644226,11953945,3528,4547992,107898,19218525
1790109154811644320,16644946,11954202,3528,4548438,107910,19218525
1790109154928303015,16645683,11954471,3528,4548885,107925,19218525
1790109155043756224,16646390,11954734,3528,4549329,107944,19218525
1790109155158909871,16647111,11954985,3528,4549784,107955,19218525
1790109155274592219,16647852,11955222,3528,4550257,107969,19218525
1790109155388919246,16648570,11955457,3528,4550732,107980,19218525
1790109155504341185,16649283,11955707,3528,4551190,107991,19218525
1790109155620495867,16650006,11955964,3528,4551647,108001,19218525
1790109155736449300,16650728,11956212,3528,4552109,108016,19218525
1790109155851982712,16651454,11956466,3528,4552563,108030,19218525
1790109155967833634,16652190,11956713,3528,4553034,108041,19218525
1790109156084333937,16652917,11956962,3528,4553500,108052,19218525
1790109156199759694,16653640,11957230,3528,4553941,108065,19218525
1790109156314161819,16654370,11957483,3528,4554395,108076,19218525
1790109156428412302,16655090,11957740,3528,4554845,108088,19218525
1790109156543975814,16655813,11957984,3528,4555305,108101,19218525
1790109156658410701,16656523,11958213,3528,4555781,108114,19218525
1790109156774377100,16657245,11958467,3528,4556240,108128,19218525
1790109156888494130,16657964,11958741,3528,4556664,108145,19218525
1790109157003597093,16658671,11958988,3528,4557122,108160,19218525
1790109157116831662,16659382,11959243,3528,4557565,108172,19218525
1790109157229331622,16660095,11959484,3528,4558016,108185,19218525
1790109157346045268,16660834,11959693,3528,4558462,108264,19218525
1790109157462384375,16661553,11959945,3528,4558922,108279,19218525
1790109157577692079,16662293,11960196,3528,4559378,108295,19218525
1790109157691127926,16663008,11960448,3528,4559824,108307,19218525
1790109157806704841,16663731,11960717,3528,4560262,108321,19218525
1790109157920536787,16664443,11960956,3528,4560719,108337,19218525
1790109158035414539,16665158,11961181,3528,4561206,108347,19218525
1790109158148919839,16665873,11961432,3528,4561653,108359,19218525
1790109158263053026,16666572,11961685,3528,4562103,108371,19218525
1790109158376801810,16667295,11961939,3528,4562550,108382,19218525
1790109158491638075,16668021,11962218,3528,4562980,108393,19218525
1790109158606074603,16668727,11962459,3528,4563437,108408,19218525
1790109158724535248,16669473,11962702,3528,4563927,108420,19218525
1790109158838584555,16670189,11962954,3528,4564368,108438,19218525
1790109158954892743,16670914,11963203,3528,4564837,108450,19218525
1790109159071436488,16671649,11963463,3528,4565287,108467,19218525
1790109159187740070,16672381,11963706,3528,4565759,108480,19218525
1790109159303347364,16673122,11963976,3528,4566201,108492,19218525
1790109159420801363,16673842,11964264,3528,4566639,108502,19218525
1790109159536028475,16674597,11964532,3528,4567077,108517,19218525
1790109159649302020,16675318,11964783,3528,4567525,108529,19218525
1790109159765307824,16676037,11965037,3528,4567981,108543,19218525
1790109159882347831,16676792,11965317,3528,4568423,108559,19218525
1790109159998897505,16677499,11965559,3528,4568897,108570,19218525
1790109160113522771,16678217,11965827,3528,4569330,108584,19218525
1790109160228161742,16678927,11966080,3528,4569784,108596,19218525
1790109160342112521,16679640,11966350,3528,4570214,108609,19218525
1790109160459807217,16680376,11966601,3528,4570686,108621,19218525
1790109160575974349,16681118,11966852,3528,4571152,108634,19218525
1790109160691766313,16681837,11967059,3528,4571582,108722,19218525
1790109160806924999,16682567,11967307,3528,4572036,108738,19218525
1790109160923026261,16683306,11967562,3528,4572498,108749,19218525
1790109161039734277,16684054,11967837,3528,4572941,108761,19218525
1790109161154377222,16684767,11968074,3528,4573403,108778,19218525
1790109161268918282,16685484,11968321,3528,4573860,108790,19218525
1790109161385791372,16686226,11968570,3528,4574332,108801,19218525
1790109161503478900,16686961,11968844,3528,4574779,108816,19218525
1790109161617680904,16687662,11969107,3528,4575219,108828,19218525
1790109161733124178,16688393,11969348,3528,4575682,108845,19218525
1790109161849192582,16689114,11969626,3528,4576117,108860,19218525
1790109161965379765,16689824,11969859,3528,4576597,108875,19218525
1790109162081847883,16690542,11970112,3528,4577061,108887,19218525
1790109162198529649,16691275,11970387,3528,4577502,108900,19218525
1790109162314063336,16692011,11970647,3528,4577951,108914,19218525
1790109162429429242,16692754,11970895,3528,4578411,108929,19218525
1790109162544081511,16693477,11971149,3528,4578861,108942,19218525
1790109162658106434,16694203,11971382,3528,4579335,108951,19218525
1790109162772232168,16694907,11971656,3528,4579760,108965,19218525
1790109162885242066,16695604,11971917,3528,4580196,108975,19218525
1790109163000100860,16696345,11972162,3528,4580658,108988,19218525
1790109163115188213,16697072,11972430,3528,4581102,109001,19218525
1790109163229719087,16697781,11972685,3528,4581551,109011,19218525
1790109163345797859,16698496,11972928,3528,4582027,109019,19218525
1790109163461050790,16699246,11973179,3528,4582479,109035,19218525
1790109163576954494,16699951,11973430,3528,4582942,109046,19218525
1790109163691617246,16700663,11973667,3528,4583406,109062,19218525
1790109163806099563,16701377,11973928,3528,4583849,109077,19218525
1790109163921183703,16702104,11974176,3528,4584305,109092,19218525
1790109164037389466,16702848,11974392,3528,4584728,109184,19218525
1790109164152474864,16703578,11974635,3528,4585193,109199,19218525
1790109164268565281,16704298,11974883,3528,4585657,109211,19218525
1790109164383683877,16705018,11975134,3528,4586109,109226,19218525
1790109164498977006,16705754,11975428,3528,4586526,109236,19218525
1790109164613735544,16706477,11975671,3528,4586987,109250,19218525
1790109164731082993,16707210,11975928,3528,4587455,109260,19218525
1790109164845870835,16707941,11976203,3528,4587883,109276,19218525
1790109164961894584,16708674,11976445,3528,4588348,109294,19218525
1790109165078524641,16709400,11976694,3528,4588813,109311,19218525
1790109165194523217,16710136,11976952,3528,4589263,109328,19218525
1790109165309441241,16710854,11977199,3528,4589730,109339,19218525
1790109165424717862,16711577,11977445,3528,4590192,109351,19218525
1790109165540971302,16712313,11977725,3528,4590623,109365,19218525
1790109165655221326,16713043,11977966,3528,4591081,109382,19218525
1790109165769505116,16713743,11978223,3528,4591524,109396,19218525
1790109165884950810,16714458,11978465,3528,4591989,109410,19218525
1790109166002141767,16715212,11978694,3528,4592486,109421,19218525
1790109166117293645,16715935,11978960,3528,4592925,109437,19218525
1790109166232386063,16716652,11979200,3528,4593389,109450,19218525
1790109166348121429,16717372,11979448,3528,4593853,109462,19218525
1790109166463114176,16718104,11979711,3528,4594294,109477,19218525
1790109166577845862,16718827,11979953,3528,4594757,109491,19218525
1790109166694162464,16719542,11980185,3528,4595242,109502,19218525
1790109166808025048,16720258,11980453,3528,4595676,109515,19218525
1790109166923408485,16720996,11980707,3528,4596130,109525,19218525
1790109167039217829,16721716,11980950,3528,4596601,109536,19218525
1790109167155026685,16722423,11981204,3528,4597061,109550,19218525
1790109167268903744,16723118,11981439,3528,4597522,109564,19218525
1790109167383114811,16723838,11981674,3528,4597917,109653,19218525
1790109167498548493,16724570,11981932,3528,4598373,109665,19218525
1790109167612794275,16725307,11982188,3528,4598812,109682,19218525
1790109167728415921,16726042,11982541,3528,4599172,109696,19218525
1790109167842031875,16726743,11982803,3528,4599604,109711,19218525
1790109167956138267,16727458,11983039,3528,4600078,109721,19218525
1790109168072322800,16728184,11983288,3528,4600539,109734,19218525
1790109168188086469,16728918,11983547,3528,4600990,109747,19218525
1790109168303541288,16729649,11983793,3528,4601458,109756,19218525
1790109168418698251,16730389,11984033,3528,4601926,109768,19218525
1790109168534092060,16731120,11984286,3528,4602379,109783,19218525
1790109168649357755,16731859,11984531,3528,4602850,109793,19218525
1790109168764642132,16732586,11984791,3528,4603298,109805,19218525
1790109168879365211,16733302,11985058,3528,4603732,109819,19218525
1790109168993822613,16734017,11985356,3528,4604137,109835,19218525
1790109169108234283,16734741,11985602,3528,4604594,109846,19218525
1790109169223183404,16735468,11985877,3528,4605028,109858,19218525
1790109169338052094,16736198,11986101,3528,4605512,109870,19218525
1790109169453749724,16736945,11986364,3528,4605960,109882,19218525
1790109169569811428,16737680,11986609,3528,4606430,109894,19218525
1790109169685924119,16738397,11986855,3528,4606897,109905,19218525
1790109169801650561,16739116,11987095,3528,4607367,109921,19218525
1790109169917558931,16739846,11987335,3528,4607840,109932,19218525
1790109170033397135,16740582,11987568,3528,4608319,109947,19218525
1790109170148594331,16741296,11987827,3528,4608765,109962,19218525
1790109170263547671,16742022,11988080,3528,4609217,109976,19218525
1790109170379312130,16742742,11988327,3528,4609677,109992,19218525
1790109170493176333,16743459,11988569,3528,4610139,110000,19218525
1790109170609400375,16744187,11988845,3528,4610579,110012,19218525
1790109170724922159,16744930,11989120,3528,4611022,110020,19218525
1790109170840217885,16745647,11989430,3528,4611414,110038,19218525
1790109170955153480,16746360,11989697,3528,4611854,110050,19218525
1790109171071161649,16747084,11989955,3528,4612307,110065,19218525
1790109171184739803,16747810,11990208,3528,4612749,110083,19218525
1790109171300310158,16748511,11990488,3528,4613181,110092,19218525
1790109171418082427,16749247,11990700,3528,4613621,110183,19218525
1790109171533660446,16749992,11990963,3528,4614061,110201,19218525
1790109171646917632,16750712,11991209,3528,4614505,110220,19218525
1790109171759511160,16751431,11991463,3528,4614944,110231,19218525
1790109171873969578,16752165,11991698,3528,4615410,110248,19218525
1790109171988803993,16752863,11991928,3528,4615891,110256,19218525
1790109172105330355,16753592,11992177,3528,4616361,110271,19218525
1790109172221485048,16754323,11992436,3528,4616809,110286,19218525
1790109172337481384,16755051,11992700,3528,4617259,110299,19218525
1790109172453801567,16755779,11992966,3528,4617703,110314,19218525
1790109172569588552,16756503,11993202,3528,4618185,110325,19218525
1790109172685110120,16757230,11993439,3528,4618653,110341,19218525
1790109172802119546,16757977,11993716,3528,4619092,110358,19218525
1790109172918091690,16758710,11993958,3528,4619563,110369,19218525
1790109173033604961,16759426,11994213,3528,4620020,110380,19218525
1790109173148865537,16760150,11994469,3528,4620469,110396,19218525
1790109173265057478,16760884,11994719,3528,4620933,110410,19218525
1790109173381529280,16761597,11994961,3528,4621411,110420,19218525
1790109173496871539,16762343,11995224,3528,4621852,110437,19218525
1790109173611625020,16763061,11995479,3528,4622303,110449,19218525
1790109173725998223,16763794,11995741,3528,4622742,110464,19218525
1790109173842763210,16764521,11995991,3528,4623211,110476,19218525
1790109173959341235,16765262,11996241,3528,4623680,110486,19218525
1790109174077493935,16766004,11996495,3528,4624157,110496,19218525
1790109174192895570,16766738,11996748,3528,4624618,110508,19218525
1790109174309069051,16767461,11997030,3528,4625047,110523,19218525
1790109174424518612,16768205,11997303,3528,4625480,110536,19218525
1790109174538838383,16768924,11997582,3528,4625909,110547,19218525
1790109174653715821,16769648,11997807,3528,4626392,110558,19218525
1790109174769457833,16770382,11998037,3528,4626790,110654,19218525
1790109174883773500,16771087,11998289,3528,4627239,110669,19218525
1790109174999936355,16771816,11998543,3528,4627698,110684,19218525
1790109175115384824,16772555,11998789,3528,4628161,110697,19218525
1790109175229913570,16773281,11999022,3528,4628623,110715,19218525
1790109175347940031,16774050,11999255,3528,4629120,110729,19218525
1790109175462407320,16774780,11999509,3528,4629570,110740,19218525
1790109175577507081,16775507,11999758,3528,4630025,110756,19218525
1790109175692598929,16776231,12000004,3528,4630480,110773,19218525
1790109175808488327,16776962,12000257,3528,4630938,110788,19218525
1790109175924867198,16777696,12000511,3528,4631404,110798,19218525
1790109176039564762,16778437,12000756,3528,4631866,110813,19218525
1790109176154365556,16779168,12001022,3528,4632302,110827,19218525
1790109176269115242,16779876,12001313,3528,4632712,110844,19218525
1790109176383038554,16780590,12001602,3528,4633126,110855,19218525
1790109176496420500,16781300,12001848,3528,4633578,110868,19218525
1790109176612640021,16782036,12002091,3528,4634052,110879,19218525
1790109176727634644,16782757,12002318,3528,4634529,110893,19218525
1790109176841625363,16783473,12002564,3528,4634984,110908,19218525
1790109176957049363,16784175,12002817,3528,4635433,110926,19218525
1790109177072090738,16784908,12003103,3528,4635854,110941,19218525
1790109177187136199,16785628,12003365,3528,4636301,110952,19218525
1790109177302780485,16786360,12003628,3528,4636751,110964,19218525
1790109177418064352,16787103,12003874,3528,4637215,110976,19218525
1790109177535396384,16787820,12004189,3528,4637618,110993,19218525
1790109177650925595,16788532,12004440,3528,4638078,111008,19218525
1790109177765142155,16789273,12004698,3528,4638517,111022,19218525
1790109177881353514,16790006,12004944,3528,4638982,111037,19218525
1790109177998017146,16790751,12005196,3528,4639451,111049,19218525
1790109178117380269,16791506,12005417,3528,4639893,111137,19218525
1790109178232473007,16792228,12005662,3528,4640345,111156,19218525
1790109178348965144,16792958,12005914,3528,4640808,111171,19218525
1790109178465287386,16793694,12006169,3528,4641264,111188,19218525
1790109178580526945,16794411,12006463,3528,4641681,111200,19218525
1790109178695172087,16795113,12006720,3528,4642127,111218,19218525
1790109178815635247,16795861,12006957,3528,4642627,111230,19218525
1790109178928698247,16796576,12007227,3528,4643049,111249,19218525
1790109179043060310,16797294,12007484,3528,4643489,111264,19218525
1790109179158802184,16798014,12007745,3528,4643937,111277,19218525
1790109179273669314,16798733,12007996,3528,4644394,111289,19218525
1790109179389836580,16799466,12008246,3528,4644866,111297,19218525
1790109179506014752,16800214,12008503,3528,4645322,111309,19218525
1790109179621294856,16800924,12008762,3528,4645770,111323,19218525
1790109179737147761,16801649,12009021,3528,4646225,111335,19218525
1790109179851640773,16802381,12009278,3528,4646671,111348,19218525
1790109179967626991,16803114,12009561,3528,4647095,111368,19218525
1790109180084166342,16803862,12009794,3528,4647578,111382,19218525
1790109180197888386,16804570,12010061,3528,4648009,111396,19218525
1790109180311431592,16805314,12010305,3528,4648464,111413,19218525
1790109180425988588,16806037,12010582,3528,4648887,111426,19218525
1790109180542873142,16806768,12010847,3528,4649339,111439,19218525
1790109180655855805,16807457,12011112,3528,4649768,111452,19218525
1790109180772624747,16808206,12011365,3528,4650240,111462,19218525
1790109180888561056,16808952,12011611,3528,4650700,111480,19218525
1790109181003696936,16809667,12011882,3528,4651139,111489,19218525
1790109181116269481,16810378,12012153,3528,4651556,111504,19218525
1790109181232052894,16811105,12012401,3528,4652022,111515,19218525
1790109181350423195,16811849,12012653,3528,4652496,111528,19218525
1790109181465765810,16812578,12012881,3528,4652899,111622,19218525
1790109181581024667,16813292,12013121,3528,4653365,111636,19218525
1790109181698522485,16814012,12013406,3528,4653799,111653,19218525
1790109181814643025,16814745,12013645,3528,4654272,111667,19218525
1790109181927643412,16815464,12013901,3528,4654711,111683,19218525
1790109182043269956,16816216,12014167,3528,4655156,111693,19218525
1790109182161167198,16816943,12014434,3528,4655619,111705,19218525
1790109182276737363,16817653,12014704,3528,4656055,111721,19218525
1790109182392562161,16818384,12014960,3528,4656503,111740,19218525
1790109182505982149,16819110,12015205,3528,4656954,111756,19218525
1790109182620385755,16819823,12015457,3528,4657396,111774,19218525
1790109182734736661,16820523,12015711,3528,4657847,111787,19218525
1790109182847441968,16821243,12016411,3528,4657850,111795,19249117
1790109182975313757,16822062,12016635,3528,4658434,111796,19249117
1790109183093229910,16822818,12016753,3528,4659067,111796,19249117
1790109183207454583,16823553,12016780,3528,4659767,111796,19249117
1790109183325484433,16824312,12016904,3528,4660395,111796,19249117
1790109183441532641,16825049,12017008,3528,4661027,111796,19249117
1790109183555336496,16825783,12017058,3528,4661703,111796,19249117
1790109183671374295,16826515,12017202,3528,4662297,111797,19249117
1790109183789335873,16827265,12017284,3528,4662967,111797,19249117
1790109183903553814,16827996,12017353,3528,4663626,111798,19249117
1790109184021525648,16828754,12017481,3528,4664244,111798,19249117
1790109184139763906,16829513,12017584,3528,4664899,111798,19249117
1790109184272846061,16830377,12017700,3528,4665628,111798,19249117
1790109184390936625,16831131,12017824,3528,4666256,111798,19249117
1790109184505894124,16831864,12017849,3528,4666963,111798,19249117
1790109184619693238,16832588,12017932,3528,4667598,111799,19249117
1790109184737604431,16833349,12018056,3528,4668225,111799,19249117
1790109184851460497,16834078,12018077,3528,4668934,111799,19249117
1790109184970023721,16834844,12018175,3528,4669589,111799,19249117
1790109185084431236,16835577,12018295,3528,4670184,111811,19249117
1790109185198541173,16836304,12018334,3528,4670864,111819,19249117
1790109185313327232,16837041,12018449,3528,4671442,111857,19249117
1790109185431308090,16837798,12018539,3528,4672103,111857,19249117
1790109185545384068,16838523,12018600,3528,4672767,111857,19249117
1790109185663120035,16839273,12018709,3528,4673408,111857,19249117
1790109185781180448,16840030,12018781,3528,4674088,111858,19249117
1790109185894979780,16840753,12018863,3528,4674731,111859,19249117
1790109186013005518,16841508,12018960,3528,4675386,111859,19249117
1790109186129584673,16842257,12019053,3528,4676032,111859,19249117
1790109186243633656,16842994,12019137,3528,4676670,111860,19249117
1790109186361525022,16843752,12019264,3528,4677295,111861,19249117
1790109186479202141,16844502,12019413,3528,4677893,111862,19249117
1790109186597481922,16845256,12019535,3528,4678523,111862,19249117
1790109186715361340,16846014,12019708,3528,4679100,111862,19249117
1790109186829636319,16846747,12019875,3528,4679658,111863,19249117
1790109186947587994,16847498,12019988,3528,4680296,111863,19249117
1790109187061304815,16848234,12020064,3528,4680946,111864,19249117
1790109187178915534,16848987,12020174,3528,4681586,111864,19249117
1790109187296891765,16849742,12020337,3528,4682172,111864,19249117
1790109187411845667,16850473,12020468,3528,4682774,111865,19249117
1790109187528032125,16851215,12020598,3528,4683381,111865,19249117
1790109187645883576,16851967,12020772,3528,4683956,111867,19249117
1790109187764107356,16852726,12020899,3528,4684580,111867,19249117
1790109187877967465,16853454,12020933,3528,4685273,111867,19249117
1790109187991887939,16854194,12021014,3528,4685917,111867,19249117
1790109188109869069,16854951,12021142,3528,4686540,111867,19249117
1790109188228054332,16855703,12021297,3528,4687133,111868,19249117
1790109188344626617,16856453,12021393,3528,4687778,111868,19249117
1790109188462479958,16857194,12021541,3528,4688379,111869,19249117
1790109188579623183,16857938,12021668,3528,4688996,111869,19249117
1790109188697572820,16858691,12021804,3528,4689612,111870,19249117
1790109188811415220,16859426,12021893,3528,4690247,111870,19249117
1790109188929321989,16860184,12022005,3528,4690885,111870,19249117
1790109189056483743,16860991,12022169,3528,4691529,111871,19249117
1790109189172154292,16861736,12022280,3528,4692156,111871,19249117
1790109189290210705,16862486,12022368,3528,4692819,111871,19249117
1790109189405162779,16863213,12022534,3528,4693383,111872,19249117
1790109189523152653,16863962,12022680,3528,4693986,111873,19249117
1790109189636880779,16864684,12022727,3528,4694667,111873,19249117
1790109189753605546,16865442,12022831,3528,4695303,111873,19249117
1790109189868652173,16866182,12022927,3528,4695935,111875,19249117
1790109189986636202,16866933,12023101,3528,4696509,111875,19249117
1790109190104443690,16867685,12023229,3528,4697132,111876,19249117
1790109190222141259,16868437,12023364,3528,4697747,111877,19249117
1790109190334696763,16869155,12023497,3528,4698327,111878,19249117
1790109190452576005,16869914,12023580,3528,4698995,111878,19249117
1790109190566453196,16870644,12023653,3528,4699646,111879,19249117
1790109190684384545,16871399,12023755,3528,4700298,111879,19249117
1790109190803436783,16872165,12023872,3528,4700936,111879,19249117
1790109190921798673,16872914,12023958,3528,4701607,111879,19249117
1790109191039599234,16873666,12024097,3528,4702215,111880,19249117
1790109191156240142,16874415,12024218,3528,4702834,111881,19249117
1790109191274286566,16875176,12024307,3528,4703497,111881,19249117
1790109191388107976,16875898,12024368,3528,4704160,111883,19249117
1790109191506322461,16876658,12024462,3528,4704816,111883,19249117
1790109191624132259,16877415,12024604,3528,4705425,111883,19249117
1790109191737715902,16878125,12024739,3528,4706009,111884,19249117
1790109191855759450,16878884,12024822,3528,4706677,111884,19249117
1790109191973630530,16879639,12024986,3528,4707262,111885,19249117
1790109192091551702,16880387,12025120,3528,4707878,111885,19249117
1790109192205382844,16881116,12025141,3528,4708585,111885,19249117
1790109192323696136,16881869,12025234,3528,4709245,111886,19249117
1790109192436228135,16882596,12025396,3528,4709799,111886,19249117
1790109192566245983,16883425,12025559,3528,4710460,111887,19249117
1790109192684227587,16884173,12025683,3528,4711087,111888,19249117
1790109192802245531,16884927,12025842,3528,4711678,111888,19249117
1790109192918245949,16885676,12025932,3528,4712327,111888,19249117
1790109193036054328,16886421,12026010,3528,4713000,111888,19249117
1790109193150128186,16887135,12026083,3528,4713650,111890,19249117
1790109193268360129,16887888,12026205,3528,4714280,111890,19249117
1790109193385934224,16888637,12026347,3528,4714885,111892,19249117
1790109193502585940,16889389,12026455,3528,4715515,111893,19249117
1790109193620588574,16890144,12026640,3528,4716081,111893,19249117
1790109193741761473,16890930,12026784,3528,4716705,111893,19249117
1790109193859723082,16891687,12026873,3528,4717368,111893,19249117
1790109193973276621,16892409,12026928,3528,4718040,111893,19249117
1790109194090938188,16893158,12027066,3528,4718651,111894,19249117
1790109194208848010,16893917,12027211,3528,4719255,111894,19249117
1790109194327145303,16894671,12027300,3528,4719917,111895,19249117
1790109194442560190,16895415,12027405,3528,4720544,111895,19249117
1790109194560513757,16896173,12027572,3528,4721127,111895,19249117
1790109194678644627,16896932,12027708,3528,4721742,111895,19249117
1790109194793212311,16897669,12027734,3528,4722450,111895,19249117
1790109194908498701,16898401,12027821,3528,4723092,111896,19249117
1790109195026482252,16899154,12027961,3528,4723703,111896,19249117
1790109195144277872,16899911,12028138,3528,4724275,111897,19249117
1790109195262063662,16900666,12028266,3528,4724899,111897,19249117
1790109195377314649,16901406,12028425,3528,4725472,111897,19249117
1790109195495445410,16902155,12028532,3528,4726114,111898,19249117
1790109195613354551,16902914,12028615,3528,4726784,111898,19249117
1790109195727335547,16903648,12028699,3528,4727425,111898,19249117
1790109195845226289,16904403,12028768,3528,4728107,111898,19249117
1790109195962775374,16905160,12028922,3528,4728701,111899,19249117
1790109196080454936,16905916,12029048,3528,4729322,111899,19249117
1790109196198362373,16906668,12029197,3528,4729924,111899,19249117
1790109196316304452,16907418,12029324,3528,4730548,111900,19249117
1790109196429773146,16908144,12029460,3528,4731130,111900,19249117
1790109196543537612,16908868,12029498,3528,4731819,111900,19249117
1790109196657766426,16909594,12029625,3528,4732417,111900,19249117
1790109196775633619,16910348,12029696,3528,4733095,111901,19249117
1790109196893542134,16911095,12029877,3528,4733663,111902,19249117
1790109197011491999,16911853,12030005,3528,4734285,111902,19249117
1790109197129601544,16912610,12030188,3528,4734852,111903,19249117
1790109197247453045,16913362,12030323,3528,4735469,111903,19249117
1790109197363380561,16914106,12030423,3528,4736108,111904,19249117
1790109197477122136,16914825,12030512,3528,4736740,111905,19249117
1790109197595059336,16915575,12030638,3528,4737364,111906,19249117
1790109197713132978,16916339,12030751,3528,4738000,111907,19249117
1790109197831080343,16917088,12030846,3528,4738656,111907,19249117
1790109197949290578,16917844,12031003,3528,4739248,111908,19249117
1790109198068323315,16918617,12031114,3528,4739893,111909,19249117
1790109198192331732,16919412,12031199,3528,4740598,111909,19249117
1790109198306488060,16920145,12031264,3528,4741258,111910,19249117
1790109198424022351,16920901,12031361,3528,4741911,111910,19249117
1790109198541893498,16921649,12031506,3528,4742516,111911,19249117
1790109198657562335,16922395,12031625,3528,4743128,111912,19249117
1790109198775724986,16923151,12031753,3528,4743754,111912,19249117
1790109198888443218,16923861,12031920,3528,4744302,111913,19249117
1790109199006392297,16924608,12032057,3528,4744916,111913,19249117
1790109199120508615,16925341,12032083,3528,4745616,111914,19249117
1790109199237158959,16926083,12032200,3528,4746241,111915,19249117
1790109199352670524,16926825,12032293,3528,4746881,111915,19249117
1790109199470616524,16927575,12032447,3528,4747477,111916,19249117
1790109199588594058,16928324,12032581,3528,4748092,111916,19249117
1790109199706664738,16929073,12032720,3528,4748701,111919,19249117
1790109199824558131,16929832,12032812,3528,4749363,111919,19249117
1790109199940184569,16930576,12032895,3528,4750017,111919,19249117
1790109200053910611,16931310,12032978,3528,4750656,111920,19249117
1790109200171793886,16932071,12033108,3528,4751276,111922,19249117
1790109200289298039,16932837,12033257,3528,4751871,111923,19249117
1790109200406737981,16933584,12033355,3528,4752517,111923,19249117
1790109200524682971,16934338,12033518,3528,4753104,111923,19249117
1790109200640645742,16935076,12033642,3528,4753717,111924,19249117
1790109200758576586,16935836,12033719,3528,4754391,111924,19249117
1790109200872807335,16936560,12033773,3528,4755063,111924,19249117
1790109200990332986,16937314,12033878,3528,4755707,111925,19249117
1790109201108320366,16938064,12034045,3528,4756293,111926,19249117
1790109201223907847,16938804,12034167,3528,4756907,111926,19249117
1790109201339714373,16939548,12034304,3528,4757505,111926,19249117
1790109201457886084,16940298,12034476,3528,4758085,111927,19249117
1790109201575870671,16941053,12034605,3528,4758706,111927,19249117
1790109201690192605,16941789,12034638,3528,4759400,111927,19249117
1790109201804330877,16942519,12034724,3528,4760041,111927,19249117
1790109201922322032,16943275,12034850,3528,4760665,111927,19249117
1790109202040158675,16944018,12035023,3528,4761241,111928,19249117
1790109202158196107,16944774,12035109,3528,4761907,111928,19249117
1790109202272897985,16945510,12035281,3528,4762467,111928,19249117
1790109202390316043,16946268,12035385,3528,4763106,111929,19249117
1790109202508120412,16947021,12035487,3528,4763755,111929,19249117
1790109202621734172,16947744,12035578,3528,4764384,111929,19249117
1790109202739720989,16948500,12035720,3528,4764993,111930,19249117
1790109202857564335,16949245,12035921,3528,4765542,111930,19249117
1790109202972154044,16949968,12036103,3528,4766090,111931,19249117
1790109203090299043,16950730,12036212,3528,4766732,111931,19249117
1790109203208204112,16951491,12036391,3528,4767304,111932,19249117
1790109203327146539,16952251,12036530,3528,4767919,111932,19249117
1790109203442230668,16952987,12036555,3528,4768627,111932,19249117
1790109203559326742,16953741,12036650,3528,4769275,111932,19249117
1790109203675621885,16954480,12036793,3528,4769870,111932,19249117
1790109203789478593,16955209,12036820,3528,4770569,111933,19249117
1790109203905118077,16955943,12036965,3528,4771161,111934,19249117
1790109204023088375,16956694,12037053,3528,4771824,111934,19249117
1790109204137198490,16957418,12037108,3528,4772495,111935,19249117
1790109204255508557,16958167,12037205,3528,4773148,111935,19249117
1790109204373414649,16958924,12037294,3528,4773810,111936,19249117
1790109204487081294,16959640,12037378,3528,4774449,111938,19249117
1790109204604862884,16960395,12037447,3528,4775131,111938,19249117
1790109204719315119,16961135,12037527,3528,4775778,111938,19249117
1790109204833360301,16961872,12037615,3528,4776413,111939,19249117
1790109204951315409,16962628,12037742,3528,4777038,111939,19249117
1790109205065208379,16963358,12037763,3528,4777744,111939,19249117
1790109205179999028,16964079,12037841,3528,4778396,111940,19249117
1790109205297911991,16964839,12037970,3528,4779018,111940,19249117
1790109205411731420,16965571,12037996,3528,4779712,111940,19249117
1790109205528360715,16966317,12038130,3528,4780321,111941,19249117
1790109205646539403,16967072,12038211,3528,4780992,111941,19249117
1790109205760411238,16967787,12038259,3528,4781668,111942,19249117
1790109205877168605,16968532,12038360,3528,4782312,111942,19249117
1790109205994992917,16969279,12038437,3528,4782986,111942,19249117
1790109206108929890,16970001,12038501,3528,4783646,111942,19249117
1790109206225328291,16970747,12038598,3528,4784290,111942,19249117
1790109206342866573,16971498,12038693,3528,4784946,111942,19249117
1790109206456818004,16972226,12038778,3528,4785580,111945,19249117
1790109206571057245,16972940,12038997,3528,4785910,112115,19249117
1790109206690139667,16973692,12039177,3528,4786160,112435,19249117
1790109206804630833,16974416,12039430,3528,4786610,112449,19249117
1790109206919960431,16975129,12039669,3528,4787077,112468,19249117
1790109207035043612,16975857,12039912,3528,4787536,112482,19249117
1790109207150246277,16976587,12040172,3528,4787986,112498,19249117
1790109207266525385,16977307,12040424,3528,4788451,112509,19249117
1790109207385902493,16978060,12040659,3528,4788878,112593,19249117
1790109207500170290,16978776,12040910,3528,4789332,112606,19249117
1790109207615381944,16979490,12041166,3528,4789784,112620,19249117
1790109207732162001,16980236,12041419,3528,4790247,112631,19249117
1790109207849245185,16980957,12041671,3528,4790716,112644,19249117
1790109207965555302,16981686,12041902,3528,4791201,112658,19249117
1790109208081930979,16982413,12042158,3528,4791659,112670,19249117
1790109208197356472,16983165,12042411,3528,4792119,112679,19249117
1790109208313372363,16983902,12042686,3528,4792560,112689,19249117
1790109208428638089,16984607,12042929,3528,4793025,112703,19249117
1790109208543326123,16985326,12043210,3528,4793449,112715,19249117
1790109208661745028,16986049,12043458,3528,4793933,112726,19249117
1790109208778331030,16986798,12043706,3528,4794398,112742,19249117
1790109208893316903,16987519,12043962,3528,4794848,112756,19249117
1790109209007296059,16988236,12044211,3528,4795298,112771,19249117
1790109209120926376,16988928,12044461,3528,4795747,112783,19249117
1790109209237285488,16989657,12044715,3528,4796208,112798,19249117
1790109209351492931,16990383,12044972,3528,4796655,112810,19249117
1790109209465849320,16991124,12045225,3528,4797106,112821,19249117
1790109209591420679,16991910,12045510,3528,4797591,112837,19249117
1790109209707149754,16992651,12045772,3528,4798033,112856,19249117
1790109209820394885,16993353,12046019,3528,4798484,112868,19249117
1790109209935310804,16994082,12046236,3528,4798978,112877,19249117
1790109210049404523,16994801,12046500,3528,4799416,112891,19249117
1790109210165367534,16995513,12046743,3528,4799881,112908,19249117
1790109210280943827,16996249,12046991,3528,4800339,112924,19249117
1790109210395497463,16996968,12047251,3528,4800784,112935,19249117
1790109210509301482,16997680,12047497,3528,4801239,112946,19249117
1790109210625802173,16998420,12047759,3528,4801699,112956,19249117
1790109210742406173,16999138,12048057,3528,4802115,112971,19249117
1790109210857653648,16999851,12048327,3528,4802554,112982,19249117
1790109210974377159,17000558,12048623,3528,4802972,113000,19249117
1790109211090718277,17001297,12048874,3528,4803432,113017,19249117
1790109211205560111,17002020,12049153,3528,4803864,113028,19249117
1790109211320297119,17002748,12049375,3528,4804344,113042,19249117
1790109211434052451,17003473,12049600,3528,4804747,113130,19249117
1790109211548984917,17004186,12049861,3528,4805193,113140,19249117
1790109211663017205,17004894,12050114,3528,4805636,113157,19249117
1790109211778153487,17005627,12050396,3528,4806062,113171,19249117
1790109211894839015,17006360,12050664,3528,4806512,113184,19249117
1790109212010597228,17007090,12050889,3528,4807004,113192,19249117
1790109212127906121,17007821,12051148,3528,4807459,113210,19249117
1790109212242520045,17008561,12051426,3528,4807885,113227,19249117
1790109212357545055,17009296,12051679,3528,4808339,113237,19249117
1790109212471757253,17010020,12051936,3528,4808783,113254,19249117
1790109212588289939,17010742,12052196,3528,4809236,113271,19249117
1790109212706671914,17011499,12052449,3528,4809714,113280,19249117
1790109212822898897,17012224,12052694,3528,4810179,113295,19249117
1790109212938569045,17012944,12052941,3528,4810643,113307,19249117
1790109213053841165,17013677,12053188,3528,4811103,113322,19249117
1790109213168925613,17014404,12053431,3528,4811564,113338,19249117
1790109213284842497,17015126,12053665,3528,4812050,113347,19249117
1790109213400112952,17015857,12053911,3528,4812506,113363,19249117
1790109213514930708,17016577,12054168,3528,4812958,113374,19249117
1790109213630340648,17017301,12054430,3528,4813404,113388,19249117
1790109213746380354,17018037,12054685,3528,4813859,113407,19249117
1790109213861596308,17018747,12054940,3528,4814305,113423,19249117
1790109213977106605,17019485,12055181,3528,4814779,113435,19249117
1790109214092642369,17020209,12055438,3528,4815231,113447,19249117
1790109214207940778,17020946,12055681,3528,4815701,113455,19249117
1790109214320653980,17021650,12055935,3528,4816144,113466,19249117
1790109214434111141,17022365,12056187,3528,4816587,113478,19249117
1790109214548831456,17023091,12056434,3528,4817043,113494,19249117
1790109214665361166,17023842,12056735,3528,4817462,113505,19249117
1790109214782365041,17024573,12056980,3528,4817863,113593,19249117
1790109214898850662,17025283,12057244,3528,4818317,113604,19249117
1790109215013996807,17025985,12057501,3528,4818768,113616,19249117
1790109215128624839,17026712,12057743,3528,4819229,113632,19249117
1790109215244476352,17027430,12058002,3528,4819684,113646,19249117
1790109215359971968,17028153,12058239,3528,4820161,113656,19249117
1790109215475036808,17028893,12058498,3528,4820605,113669,19249117
1790109215588753150,17029612,12058783,3528,4821024,113680,19249117
1790109215704361046,17030340,12059025,3528,4821492,113693,19249117
1790109215818039076,17031052,12059276,3528,4821939,113705,19249117
1790109215932746525,17031781,12059551,3528,4822370,113717,19249117
1790109216046760181,17032509,12059772,3528,4822855,113728,19249117
1790109216163683483,17033230,12060012,3528,4823337,113739,19249117
1790109216279562066,17033955,12060290,3528,4823767,113753,19249117
1790109216395208351,17034672,12060534,3528,4824237,113763,19249117
1790109216511094227,17035378,12060795,3528,4824694,113775,19249117
1790109216625595305,17036101,12061064,3528,4825128,113785,19249117
1790109216744606669,17036863,12061313,3528,4825612,113797,19249117
1790109216861421258,17037593,12061567,3528,4826076,113811,19249117
1790109216977444707,17038324,12061839,3528,4826512,113827,19249117
1790109217092769016,17039054,12062093,3528,4826966,113842,19249117
1790109217207981361,17039797,12062344,3528,4827422,113855,19249117
1790109217324853571,17040551,12062615,3528,4827880,113863,19249117
1790109217440201034,17041287,12062858,3528,4828340,113879,19249117
1790109217555077030,17042015,12063125,3528,4828781,113892,19249117
1790109217669804747,17042735,12063402,3528,4829204,113911,19249117
1790109217784600586,17043463,12063660,3528,4829653,113923,19249117
1790109217899712579,17044177,12063899,3528,4830117,113939,19249117
1790109218015794245,17044922,12064142,3528,4830591,113949,19249117
1790109218133044292,17045663,12064359,3528,4831026,114035,19249117
1790109218248086383,17046379,12064613,3528,4831479,114048,19249117
1790109218363846242,17047097,12064868,3528,4831932,114062,19249117
1790109218479914632,17047816,12065126,3528,4832389,114077,19249117
1790109218595359017,17048547,12065371,3528,4832858,114087,19249117
1790109218712346776,17049286,12065639,3528,4833312,114095,19249117
1790109218830055202,17050014,12065885,3528,4833786,114111,19249117
1790109218944899252,17050733,12066129,3528,4834245,114128,19249117
1790109219060145800,17051456,12066404,3528,4834679,114142,19249117
1790109219175470175,17052197,12066669,3528,4835124,114153,19249117
1790109219290943225,17052918,12066917,3528,4835584,114167,19249117
1790109219406211830,17053659,12067158,3528,4836055,114179,19249117
1790109219522919227,17054379,12067420,3528,4836511,114191,19249117
1790109219637819485,17055095,12067662,3528,4836969,114208,19249117
1790109219752599644,17055814,12067939,3528,4837404,114219,19249117
1790109219867392135,17056538,12068187,3528,4837859,114232,19249117
1790109219983660059,17057274,12068440,3528,4838316,114249,19249117
1790109220098646944,17058016,12068679,3528,4838786,114262,19249117
1790109220215410452,17058753,12068923,3528,4839256,114279,19249117
1790109220330901965,17059492,12069176,3528,4839713,114291,19249117
1790109220445030434,17060206,12069420,3528,4840170,114304,19249117
1790109220560410930,17060927,12069666,3528,4840638,114315,19249117
1790109220674857814,17061627,12069915,3528,4841090,114330,19249117
1790109220792502187,17062360,12070164,3528,4841570,114339,19249117
1790109220907702371,17063073,12070400,3528,4842037,114353,19249117
1790109221022370893,17063778,12070647,3528,4842492,114369,19249117
1790109221137761957,17064478,12070923,3528,4842924,114383,19249117
1790109221253021337,17065193,12071162,3528,4843392,114397,19249117
1790109221368558217,17065915,12071392,3528,4843877,114409,19249117
1790109221485315824,17066636,12071631,3528,4844310,114464,19249117
1790109221601372226,17067376,12071883,3528,4844735,114514,19249117
1790109221716029821,17068113,12072136,3528,4845189,114525,19249117
1790109221831953237,17068870,12072397,3528,4845638,114539,19249117
1790109221946941996,17069575,12072647,3528,4846099,114551,19249117
1790109222063909110,17070305,12072935,3528,4846532,114561,19249117
1790109222178209952,17071024,12073191,3528,4846978,114574,19249117
1790109222293965091,17071750,12073449,3528,4847428,114589,19249117
1790109222408402117,17072470,12073708,3528,4847874,114606,19249117
1790109222524334295,17073205,12073985,3528,4848311,114618,19249117
1790109222639306391,17073917,12074239,3528,4848757,114631,19249117
1790109222756791904,17074658,12074501,3528,4849227,114639,19249117
1790109222874132443,17075403,12074781,3528,4849667,114652,19249117
1790109222990184957,17076144,12075041,3528,4850117,114666,19249117
1790109223107127333,17076885,12075283,3528,4850588,114685,19249117
1790109223222506956,17077609,12075536,3528,4851048,114695,19249117
1790109223338067801,17078333,12075776,3528,4851515,114711,19249117
1790109223453764268,17079043,12076010,3528,4851992,114725,19249117
1790109223571071451,17079789,12076268,3528,4852455,114738,19249117
1790109223685615939,17080526,12076519,3528,4852903,114756,19249117
1790109223801190370,17081251,12076775,3528,4853354,114771,19249117
1790109223917212115,17081969,12077054,3528,4853790,114782,19249117
1790109224033340813,17082703,12077320,3528,4854238,114796,19249117
1790109224151403068,17083427,12077564,3528,4854728,114806,19249117
1790109224266207180,17084141,12077818,3528,4855167,114826,19249117
1790109224382395221,17084896,12078086,3528,4855609,114842,19249117
1790109224496704288,17085609,12078359,3528,4856043,114855,19249117
1790109224610952156,17086345,12078605,3528,4856492,114871,19249117
1790109224726502607,17087073,12078864,3528,4856949,114883,19249117
1790109224848348496,17087847,12079120,3528,4857442,114894,19249117
1790109224964189411,17088561,12079356,3528,4857845,114983,19249117
1790109225078177266,17089271,12079600,3528,4858307,114995,19249117
1790109225192561826,17089977,12079867,3528,4858740,115007,19249117
1790109225308728744,17090708,12080122,3528,4859197,115020,19249117
1790109225422180562,17091426,12080352,3528,4859675,115030,19249117
1790109225535534687,17092106,12080604,3528,4860121,115041,19249117
1790109225649582702,17092826,12080858,3528,4860560,115057,19249117
1790109225765396225,17093564,12081111,3528,4861019,115074,19249117
1790109225880884265,17094288,12081362,3528,4861472,115089,19249117
1790109225996854720,17095012,12081607,3528,4861941,115100,19249117
1790109226111764415,17095733,12081841,3528,4862420,115111,19249117
1790109226226649956,17096449,12082097,3528,4862872,115121,19249117
1790109226341548013,17097180,12082355,3528,4863320,115134,19249117
1790109226455706245,17097904,12082621,3528,4863752,115150,19249117
1790109226572071826,17098643,12082962,3528,4864132,115161,19249117
1790109226687317878,17099364,12083216,3528,4864586,115174,19249117
1790109226804600138,17100100,12083455,3528,4865071,115185,19249117
1790109226919943621,17100794,12083707,3528,4865527,115198,19249117
1790109227035657052,17101528,12083953,3528,4865992,115212,19249117
1790109227151706006,17102244,12084203,3528,4866453,115225,19249117
1790109227267673763,17102956,12084448,3528,4866920,115240,19249117
1790109227381755676,17103676,12084709,3528,4867358,115256,19249117
1790109227496129801,17104385,12084963,3528,4867812,115264,19249117
1790109227612485419,17105132,12085234,3528,4868256,115278,19249117
1790109227726767308,17105849,12085513,3528,4868681,115291,19249117
1790109227841302228,17106570,12085785,3528,4869111,115305,19249117
1790109227958087409,17107301,12086064,3528,4869550,115317,19249117
1790109228073339853,17108020,12086317,3528,4870005,115330,19249117
1790109228188862556,17108751,12086544,3528,4870492,115341,19249117
1790109228306523652,17109484,12086803,3528,4870957,115354,19249117
1790109228420401281,17110210,12087046,3528,4871409,115368,19249117
1790109228535961639,17110911,12087304,3528,4871862,115380,19249117
1790109228650404066,17111639,12087553,3528,4872316,115394,19249117
1790109228765206990,17112367,12087817,3528,4872762,115402,19249117
1790109228880364188,17113096,12088048,3528,4873244,115413,19249117
1790109228997012628,17113828,12088285,3528,4873655,115495,19249117
1790109229111827567,17114542,12088539,3528,4874106,115508,19249117
1790109229227614376,17115255,12088802,3528,4874557,115520,19249117
1790109229341548912,17115962,12089052,3528,4875006,115537,19249117
1790109229455807894,17116696,12089334,3528,4875426,115550,19249117
1790109229571682658,17117415,12089615,3528,4875864,115559,19249117
1790109229688723637,17118143,12089883,3528,4876315,115571,19249117
1790109229805858523,17118883,12090154,3528,4876763,115585,19249117
1790109229920929412,17119614,12090424,3528,4877193,115604,19249117
1790109230037581624,17120366,12090675,3528,4877660,115615,19249117
1790109230153131989,17121089,12090968,3528,4878076,115632,19249117
1790109230271453474,17121840,12091220,3528,4878551,115645,19249117
1790109230387459504,17122579,12091475,3528,4879003,115664,19249117
1790109230503761214,17123305,12091743,3528,4879455,115674,19249117
1790109230618047887,17124027,12091996,3528,4879896,115694,19249117
1790109230733396779,17124726,12092257,3528,4880346,115705,19249117
1790109230850387705,17125455,12092512,3528,4880816,115718,19249117
1790109230967405308,17126213,12092768,3528,4881281,115728,19249117
1790109231081312291,17126914,12093030,3528,4881712,115744,19249117
1790109231197620300,17127665,12093277,3528,4882182,115757,19249117
1790109231313540484,17128406,12093515,3528,4882652,115774,19249117
1790109231429490980,17129133,12093773,3528,4883106,115785,19249117
1790109231542375560,17129844,12094028,3528,4883546,115799,19249117
1790109231656307355,17130564,12094285,3528,4883990,115811,19249117
1790109231770379371,17131291,12094532,3528,4884444,115822,19249117
1790109231884178043,17131995,12094810,3528,4884864,115837,19249117
1790109231999878172,17132728,12095066,3528,4885321,115849,19249117
1790109232116060488,17133446,12095354,3528,4885741,115868,19249117
1790109232230713825,17134151,12095598,3528,4886209,115878,19249117
1790109232345924151,17134862,12095848,3528,4886605,115953,19249117
1790109232460557394,17135584,12096100,3528,4887036,115989,19249117
1790109232575981305,17136298,12096404,3528,4887441,116001,19249117
1790109232691461502,17137012,12096660,3528,4887895,116015,19249117
1790109232806445765,17137741,12096909,3528,4888351,116031,19249117
1790109232922004356,17138495,12097159,3528,4888814,116039,19249117
1790109233036887351,17139203,12097415,3528,4889265,116051,19249117
1790109233152508540,17139931,12097664,3528,4889722,116068,19249117
1790109233268631539,17140657,12097945,3528,4890157,116082,19249117
1790109233383432276,17141388,12098190,3528,4890622,116092,19249117
1790109233499213782,17142127,12098438,3528,4891079,116108,19249117
1790109233615946461,17142884,12098659,3528,4891579,116122,19249117
1790109233731495422,17143605,12098913,3528,4892030,116138,19249117
1790109233847433168,17144334,12099161,3528,4892494,116152,19249117
1790109233963684663,17145050,12099413,3528,4892954,116167,19249117
1790109234077490270,17145770,12099666,3528,4893400,116179,19249117
1790109234193617459,17146502,12099930,3528,4893856,116189,19249117
1790109234309072543,17147221,12100175,3528,4894321,116201,19249117
1790109234425475030,17147948,12100421,3528,4894791,116216,19249117
1790109234541329849,17148665,12100669,3528,4895250,116231,19249117
1790109234656606960,17149384,12100926,3528,4895702,116243,19249117
1790109234771990693,17150102,12101162,3528,4896176,116257,19249117
1790109234885668622,17150814,12101391,3528,4896649,116266,19249117
1790109235001356700,17151543,12101659,3528,4897090,116282,19249117
1790109235117740916,17152267,12101913,3528,4897552,116294,19249117
1790109235232362185,17152981,12102204,3528,4897958,116313,19249117
1790109235346696891,17153716,12102468,3528,4898397,116327,19249117
1790109235461115916,17154441,12102718,3528,4898853,116336,19249117
1790109235577537281,17155173,12102956,3528,4899330,116351,19249117
1790109235695045202,17155904,12103217,3528,4899783,116375,19249117
1790109235810344927,17156653,12103463,3528,4900179,116455,19249117
1790109235926043314,17157383,12103722,3528,4900630,116468,19249117
1790109236041907041,17158092,12103989,3528,4901078,116479,19249117
1790109236156758271,17158821,12104220,3528,4901554,116491,19249117
1790109236272747594,17159573,12104470,3528,4902022,116500,19249117
1790109236387889333,17160301,12104726,3528,4902471,116516,19249117
1790109236504603844,17161019,12104997,3528,4902912,116535,19249117
1790109236621303887,17161767,12105258,3528,4903369,116545,19249117
1790109236736875358,17162480,12105507,3528,4903831,116558,19249117
1790109236852005465,17163215,12105764,3528,4904280,116572,19249117
1790109236968896640,17163955,12105993,3528,4904776,116580,19249117
1790109237084152313,17164695,12106269,3528,4905209,116595,19249117
1790109237199333368,17165432,12106513,3528,4905670,116613,19249117
1790109237314887266,17166158,12106767,3528,4906122,116626,19249117
1790109237431244719,17166882,12107036,3528,4906569,116637,19249117
1790109237545238379,17167610,12107275,3528,4907033,116648,19249117
1790109237664310066,17168366,12107505,3528,4907539,116659,19249117
1790109237780701207,17169082,12107744,3528,4908013,116672,19249117
1790109237895049379,17169783,12108003,3528,4908457,116684,19249117
1790109238009740308,17170507,12108276,3528,4908892,116696,19249117
1790109238125061615,17171236,12108552,3528,4909323,116710,19249117
1790109238239946433,17171961,12108777,3528,4909808,116720,19249117
1790109238356245280,17172704,12109030,3528,4910272,116731,19249117
1790109238472223370,17173431,12109286,3528,4910728,116746,19249117
1790109238587530615,17174152,12109533,3528,4911186,116760,19249117
1790109238702200536,17174885,12109773,3528,4911655,116773,19249117
1790109238817891548,17175594,12110022,3528,4912115,116784,19249117
1790109238932929438,17176325,12110267,3528,4912575,116800,19249117
1790109239048871637,17177079,12110532,3528,4913026,116811,19249117
1790109239164309071,17177819,12110791,3528,4913471,116829,19249117
1790109239279501670,17178536,12111041,3528,4913928,116841,19249117
1790109239394937039,17179242,12111302,3528,4914379,116853,19249117
1790109239511653861,17179967,12111547,3528,4914854,116862,19249117
1790109239626395582,17180689,12111968,3528,4915145,116871,19260509
1790109239739213233,17181407,12112655,3528,4915163,116876,19284701
1790109239856824184,17182164,12112781,3528,4915787,116877,19284701
1790109239972703771,17182905,12112946,3528,4916354,116877,19284701
1790109240087015109,17183637,12112993,3528,4917039,116877,19284701
1790109240203183121,17184394,12113124,3528,4917646,116877,19284701
1790109240321021177,17185142,12113229,3528,4918292,116877,19284701
1790109240434887588,17185868,12113323,3528,4918922,116879,19284701
1790109240552787646,17186617,12113461,3528,4919533,116879,19284701
1790109240670759933,17187367,12113607,3528,4920133,116880,19284701
1790109240784530295,17188100,12113739,3528,4920727,116881,19284701
1790109240901671018,17188846,12113886,3528,4921324,116881,19284701
1790109241017536477,17189590,12114026,3528,4921922,116881,19284701
1790109241131511719,17190309,12114158,3528,4922515,116882,19284701
1790109241244862424,17191031,12114330,3528,4923066,116882,19284701
1790109241359104425,17191764,12114440,3528,4923685,116882,19284701
1790109241473069325,17192495,12114551,3528,4924299,116882,19284701
1790109241591042283,17193253,12114672,3528,4924929,116882,19284701
1790109241706058130,17193989,12114693,3528,4925641,116882,19284701
1790109241833779675,17194803,12114825,3528,4926315,116883,19284701
1790109241951738735,17195559,12114904,3528,4926988,116884,19284701
1790109242065754518,17196297,12114959,3528,4927660,116884,19284701
1790109242183427696,17197048,12115058,3528,4928310,116884,19284701
1790109242301339092,17197804,12115181,3528,4928939,116884,19284701
1790109242415097280,17198513,12115268,3528,4929575,116886,19284701
1790109242532935354,17199268,12115343,3528,4930251,116886,19284701
1790109242646362304,17200000,12115411,3528,4930905,116886,19284701
1790109242760182148,17200723,12115498,3528,4931541,116886,19284701
1790109242878285371,17201474,12115631,3528,4932159,116887,19284701
1790109242992157268,17202203,12115652,3528,4932865,116887,19284701
1790109243111705688,17202967,12115754,3528,4933522,116888,19284701
1790109243227134775,17203709,12115885,3528,4934125,116888,19284701
1790109243345205658,17204465,12116020,3528,4934740,116888,19284701
1790109243463171597,17205220,12116144,3528,4935366,116889,19284701
1790109243581198812,17205978,12116291,3528,4935969,116890,19284701
1790109243699244324,17206724,12116441,3528,4936570,116890,19284701
1790109243813636881,17207454,12116485,3528,4937254,116890,19284701
1790109243927727500,17208191,12116563,3528,4937898,116891,19284701
1790109244045684052,17208947,12116684,3528,4938528,116891,19284701
1790109244163394811,17209703,12116855,3528,4939105,116892,19284701
1790109244281538772,17210459,12116978,3528,4939736,116892,19284701
1790109244399507622,17211218,12117124,3528,4940338,116892,19284701
1790109244517623901,17211975,12117219,3528,4940994,116892,19284701
1790109244635675555,17212732,12117337,3528,4941627,116892,19284701
1790109244749625811,17213468,12117415,3528,4942272,116893,19284701
1790109244867551725,17214219,12117529,3528,4942911,116893,19284701
1790109244985433769,17214973,12117671,3528,4943516,116894,19284701
1790109245103895983,17215726,12117757,3528,4944144,116937,19284701
1790109245221860544,17216475,12117876,3528,4944731,116982,19284701
1790109245339018751,17217217,12118016,3528,4945294,117024,19284701
1790109245457296396,17217982,12118094,3528,4945953,117037,19284701
1790109245571221209,17218714,12118150,3528,4946607,117054,19284701
1790109245688931823,17219459,12118254,3528,4947243,117064,19284701
1790109245806940104,17220211,12118430,3528,4947817,117064,19284701
1790109245924791227,17220962,12118553,3528,4948440,117065,19284701
1790109246041899683,17221713,12118640,3528,4949100,117066,19284701
1790109246158208865,17222460,12118771,3528,4949706,117067,19284701
1790109246283594686,17223263,12118928,3528,4950344,117068,19284701
1790109246399741348,17224007,12118966,3528,4951042,117068,19284701
1790109246513180919,17224724,12119112,3528,4951619,117070,19284701
1790109246633189245,17225489,12119214,3528,4952282,117070,19284701
1790109246746779376,17226206,12119344,3528,4952868,117072,19284701
1790109246867324863,17226981,12119482,3528,4953499,117072,19284701
1790109246991327429,17227787,12119617,3528,4954151,117074,19284701
1790109247115488170,17228583,12119766,3528,4954791,117075,19284701
1790109247230085363,17229312,12119804,3528,4955486,117075,19284701
1790109247347701496,17230064,12119949,3528,4956086,117077,19284701
1790109247463688793,17230803,12120051,3528,4956719,117077,19284701
1790109247580677113,17231560,12120175,3528,4957339,117078,19284701
1790109247698513106,17232315,12120295,3528,4957969,117078,19284701
1790109247816317824,17233066,12120430,3528,4958584,117079,19284701
1790109247934080302,17233817,12120594,3528,4959170,117079,19284701
1790109248049002769,17234549,12120617,3528,4959881,117079,19284701
1790109248162920041,17235276,12120700,3528,4960522,117080,19284701
1790109248280818226,17236035,12120822,3528,4961151,117080,19284701
1790109248398464607,17236792,12120987,3528,4961727,117082,19284701
1790109248516642364,17237545,12121117,3528,4962352,117082,19284701
1790109248634578819,17238303,12121248,3528,4962967,117082,19284701
1790109248752395471,17239056,12121337,3528,4963629,117082,19284701
1790109248868065136,17239790,12121414,3528,4964290,117083,19284701
1790109248981815164,17240526,12121499,3528,4964930,117084,19284701
1790109249099676211,17241280,12121628,3528,4965546,117084,19284701
1790109249217499449,17242038,12121782,3528,4966141,117084,19284701
1790109249335193441,17242789,12121888,3528,4966787,117084,19284701
1790109249453128206,17243538,12122075,3528,4967349,117085,19284701
1790109249569403620,17244290,12122212,3528,4967949,117086,19284701
1790109249687401076,17245042,12122333,3528,4968579,117086,19284701
1790109249801610082,17245767,12122436,3528,4969201,117086,19284701
1790109249919152820,17246519,12122511,3528,4969877,117086,19284701
1790109250036981656,17247267,12122697,3528,4970441,117087,19284701
1790109250151317581,17248006,12122817,3528,4971044,117088,19284701
1790109250269503088,17248757,12122938,3528,4971677,117088,19284701
1790109250386236248,17249509,12123049,3528,4972307,117089,19284701
1790109250501135155,17250240,12123180,3528,4972907,117090,19284701
1790109250615067034,17250969,12123221,3528,4973592,117090,19284701
1790109250727913911,17251686,12123335,3528,4974196,117091,19284701
1790109250846035531,17252439,12123445,3528,4974837,117091,19284701
1790109250958687523,17253159,12123605,3528,4975389,117092,19284701
1790109251076615258,17253912,12123762,3528,4975983,117093,19284701
1790109251194586481,17254669,12123900,3528,4976594,117093,19284701
1790109251312354765,17255424,12124024,3528,4977221,117093,19284701
1790109251426647772,17256154,12124051,3528,4977922,117093,19284701
1790109251541960432,17256894,12124128,3528,4978581,117094,19284701
1790109251659052683,17257636,12124249,3528,4979204,117094,19284701
1790109251776642425,17258388,12124407,3528,4979789,117095,19284701
1790109251894446324,17259140,12124532,3528,4980415,117095,19284701
1790109252012329383,17259885,12124685,3528,4981013,117096,19284701
1790109252130324568,17260645,12124759,3528,4981689,117096,19284701
1790109252247614295,17261394,12124830,3528,4982364,117096,19284701
1790109252361319089,17262124,12124925,3528,4982994,117096,19284701
1790109252479631858,17262884,12125109,3528,4983560,117096,19284701
1790109252597629224,17263626,12125270,3528,4984152,117098,19284701
1790109252715886927,17264380,12125352,3528,4984824,117098,19284701
1790109252831031727,17265112,12125575,3528,4985332,117098,19284701
1790109252950324809,17265875,12125683,3528,4985980,117099,19284701
1790109253071350398,17266655,12125775,3528,4986659,117099,19284701
1790109253195532326,17267447,12125866,3528,4987357,117100,19284701
1790109253318837161,17268230,12126035,3528,4987975,117100,19284701
1790109253436335225,17268981,12126227,3528,4988528,117101,19284701
1790109253552913364,17269726,12126408,3528,4989090,117101,19284701
1790109253672322176,17270488,12126587,3528,4989669,117102,19284701
1790109253790914622,17271236,12126743,3528,4990269,117103,19284701
1790109253912878325,17272018,12126861,3528,4990926,117104,19284701
1790109254026839491,17272743,12126938,3528,4991572,117105,19284701
1790109254146322326,17273505,12127041,3528,4992229,117105,19284701
1790109254270387611,17274298,12127198,3528,4992860,117105,19284701
1790109254387126938,17275043,12127304,3528,4993497,117106,19284701
1790109254504909405,17275792,12127439,3528,4994111,117107,19284701
1790109254620885445,17276533,12127561,3528,4994727,117107,19284701
1790109254734974212,17277262,12127691,3528,4995324,117107,19284701
1790109254849036102,17277994,12127744,3528,4995997,117107,19284701
1790109254963742174,17278717,12127856,3528,4996609,117109,19284701
1790109255082075102,17279474,12127970,3528,4997251,117109,19284701
1790109255196801199,17280204,12128120,3528,4997831,117110,19284701
1790109255312623278,17280944,12128299,3528,4998384,117110,19284701
1790109255430478314,17281688,12128466,3528,4998966,117111,19284701
1790109255548728325,17282444,12128597,3528,4999587,117111,19284701
1790109255662953141,17283174,12128629,3528,5000288,117111,19284701
1790109255776789136,17283899,12128708,3528,5000926,117112,19284701
1790109255894529717,17284658,12128835,3528,5001550,117112,19284701
1790109256012689958,17285418,12128993,3528,5002142,117112,19284701
1790109256130772288,17286175,12129118,3528,5002768,117112,19284701
1790109256248674130,17286927,12129272,3528,5003363,117113,19284701
1790109256366638267,17287687,12129362,3528,5004025,117113,19284701
1790109256484458277,17288443,12129449,3528,5004690,117113,19284701
1790109256598170359,17289178,12129535,3528,5005328,117113,19284701
1790109256716085982,17289931,12129657,3528,5005956,117114,19284701
1790109256833721823,17290673,12129780,3528,5006582,117114,19284701
1790109256952381817,17291434,12129851,3528,5007263,117115,19284701
1790109257069282545,17292182,12130008,3528,5007849,117115,19284701
1790109257187154993,17292939,12130095,3528,5008513,117115,19284701
1790109257304985645,17293687,12130170,3528,5009190,117116,19284701
1790109257418598137,17294407,12130255,3528,5009822,117116,19284701
1790109257536526132,17295160,12130395,3528,5010436,117117,19284701
1790109257651724592,17295892,12130522,3528,5011037,117118,19284701
1790109257769078123,17296636,12130625,3528,5011683,117119,19284701
1790109257887012217,17297396,12130770,3528,5012288,117120,19284701
1790109258003215300,17298142,12130860,3528,5012936,117120,19284701
1790109258121043078,17298888,12130944,3528,5013603,117120,19284701
1790109258235067867,17299612,12131014,3528,5014257,117122,19284701
1790109258352601864,17300374,12131106,3528,5014910,117122,19284701
1790109258470043514,17301126,12131251,3528,5015514,117123,19284701
1790109258586897202,17301870,12131353,3528,5016156,117124,19284701
1790109258704924793,17302617,12131488,3528,5016772,117124,19284701
1790109258820807952,17303358,12131614,3528,5017383,117124,19284701
1790109258938603132,17304107,12131705,3528,5018037,117125,19284701
1790109259052337126,17304834,12131784,3528,5018682,117126,19284701
1790109259169823177,17305586,12131897,3528,5019320,117126,19284701
1790109259287911609,17306338,12132065,3528,5019902,117127,19284701
1790109259403970105,17307084,12132206,3528,5020498,117128,19284701
1790109259522322209,17307840,12132291,3528,5021164,117128,19284701
1790109259640327890,17308591,12132436,3528,5021767,117130,19284701
1790109259756800299,17309332,12132610,3528,5022330,117131,19284701
1790109259870815343,17310064,12132656,3528,5023017,117131,19284701
1790109259987920321,17310805,12132774,3528,5023640,117132,19284701
1790109260105955986,17311560,12132870,3528,5024296,117132,19284701
1790109260219936336,17312294,12132950,3528,5024940,117133,19284701
1790109260337799421,17313053,12133078,3528,5025564,117133,19284701
1790109260456156479,17313810,12133151,3528,5026241,117133,19284701
1790109260570497499,17314524,12133235,3528,5026878,117137,19284701
1790109260688447622,17315277,12133363,3528,5027501,117137,19284701
1790109260803730313,17316014,12133476,3528,5028120,117137,19284701
1790109260917978848,17316745,12133555,3528,5028772,117138,19284701
1790109261035855081,17317500,12133678,3528,5029400,117138,19284701
1790109261149714154,17318230,12133701,3528,5030099,117138,19284701
1790109261264876701,17318969,12133777,3528,5030760,117139,19284701
1790109261383006098,17319720,12133943,3528,5031343,117140,19284701
1790109261497058730,17320453,12133991,3528,5032022,117140,19284701
1790109261611925315,17321180,12134140,3528,5032603,117140,19284701
1790109261729875159,17321934,12134216,3528,5033279,117140,19284701
1790109261843932830,17322664,12134278,3528,5033942,117141,19284701
1790109261962025587,17323412,12134408,3528,5034562,117142,19284701
1790109262080012363,17324169,12134485,3528,5035237,117142,19284701
1790109262193955007,17324898,12134566,3528,5035881,117142,19284701
1790109262311740668,17325656,12134660,3528,5036535,117142,19284701
1790109262425328878,17326382,12134718,3528,5037201,117142,19284701
1790109262539219501,17327101,12134797,3528,5037847,117143,19284701
1790109262657098386,17327844,12134920,3528,5038474,117143,19284701
1790109262771048649,17328577,12134946,3528,5039175,117143,19284701
1790109262888970773,17329332,12135169,3528,5039690,117151,19284701
1790109263003914371,17330041,12135423,3528,5040142,117163,19284701
1790109263119203532,17330790,12135587,3528,5040296,117573,19284701
1790109263234712174,17331523,12135840,3528,5040753,117585,19284701
1790109263349182801,17332244,12136078,3528,5041216,117600,19284701
1790109263464651901,17332958,12136324,3528,5041680,117613,19284701
1790109263579853200,17333670,12136568,3528,5042145,117625,19284701
1790109263701037585,17334427,12136837,3528,5042624,117634,19284701
1790109263819108618,17335160,12137111,3528,5043076,117650,19284701
1790109263932996839,17335865,12137359,3528,5043526,117664,19284701
1790109264048506810,17336590,12137623,3528,5043964,117682,19284701
1790109264163231365,17337297,12137867,3528,5044424,117696,19284701
1790109264280423187,17338034,12138122,3528,5044892,117707,19284701
1790109264395124386,17338751,12138374,3528,5045344,117722,19284701
1790109264511408259,17339488,12138597,3528,5045757,117814,19284701
1790109264626459531,17340225,12138849,3528,5046209,117829,19284701
1790109264741103579,17340935,12139097,3528,5046661,117846,19284701
1790109264856899527,17341659,12139389,3528,5047084,117857,19284701
1790109264971149156,17342391,12139615,3528,5047559,117872,19284701
1790109265086924711,17343115,12139871,3528,5048011,117889,19284701
1790109265201901177,17343838,12140122,3528,5048462,117905,19284701
1790109265316985021,17344549,12140390,3528,5048902,117918,19284701
1790109265432501860,17345265,12140654,3528,5049345,117934,19284701
1790109265548125485,17345980,12140915,3528,5049799,117945,19284701
1790109265664839526,17346703,12141141,3528,5050288,117958,19284701
1790109265780670381,17347419,12141403,3528,5050734,117975,19284701
1790109265897540627,17348143,12141657,3528,5051195,117990,19284701
1790109266012687976,17348843,12141914,3528,5051649,118003,19284701
1790109266127846513,17349550,12142161,3528,5052104,118016,19284701
1790109266242208168,17350276,12142418,3528,5052547,118033,19284701
1790109266357762045,17351002,12142647,3528,5053030,118047,19284701
1790109266472240020,17351717,12142888,3528,5053496,118057,19284701
1790109266585933191,17352429,12143136,3528,5053944,118070,19284701
1790109266700318956,17353152,12143402,3528,5054377,118086,19284701
1790109266816495934,17353865,12143672,3528,5054819,118101,19284701
1790109266931796075,17354591,12144002,3528,5055202,118112,19284701
1790109267049935711,17355311,12144244,3528,5055692,118124,19284701
1790109267165726664,17356055,12144484,3528,5056164,118138,19284701
1790109267282150552,17356758,12144735,3528,5056620,118155,19284701
1790109267396546342,17357469,12144984,3528,5057068,118176,19284701
1790109267513312303,17358202,12145249,3528,5057514,118195,19284701
1790109267628712749,17358925,12145486,3528,5057985,118207,19284701
1790109267745083458,17359660,12145728,3528,5058463,118218,19284701
1790109267860322551,17360396,12145957,3528,5058872,118299,19284701
1790109267975401033,17361120,12146200,3528,5059314,118336,19284701
1790109268090069428,17361852,12146468,3528,5059750,118350,19284701
1790109268205110577,17362587,12146732,3528,5060195,118362,19284701
1790109268321108219,17363315,12147000,3528,5060637,118377,19284701
1790109268438321270,17364076,12147243,3528,5061120,118388,19284701
1790109268554682297,17364816,12147503,3528,5061572,118403,19284701
1790109268668933866,17365537,12147764,3528,5062011,118420,19284701
1790109268784086140,17366252,12148021,3528,5062463,118431,19284701
1790109268898380290,17366979,12148283,3528,5062898,118449,19284701
1790109269013476293,17367724,12148549,3528,5063345,118460,19284701
1790109269130310704,17368450,12148805,3528,5063806,118471,19284701
1790109269246401560,17369177,12149043,3528,5064280,118486,19284701
1790109269362362017,17369890,12149315,3528,5064720,118499,19284701
1790109269478438792,17370622,12149583,3528,5065164,118513,19284701
1790109269593387591,17371338,12149835,3528,5065625,118526,19284701
1790109269708422006,17372053,12150072,3528,5066092,118539,19284701
1790109269823127338,17372781,12150325,3528,5066550,118549,19284701
1790109269940304205,17373514,12150586,3528,5067007,118561,19284701
1790109270056107449,17374255,12150851,3528,5067446,118581,19284701
1790109270170858435,17374982,12151112,3528,5067896,118591,19284701
1790109270286377246,17375717,12151371,3528,5068342,118607,19284701
1790109270402109311,17376453,12151639,3528,5068791,118619,19284701
1790109270519000585,17377185,12151890,3528,5069252,118635,19284701
1790109270635683916,17377926,12152146,3528,5069709,118653,19284701
1790109270749817163,17378654,12152393,3528,5070161,118664,19284701
1790109270864779279,17379373,12152638,3528,5070625,118677,19284701
1790109270979540890,17380085,12152883,3528,5071080,118693,19284701
1790109271095059005,17380808,12153129,3528,5071543,118706,19284701
1790109271210908503,17381526,12153390,3528,5071995,118721,19284701
1790109271327020788,17382262,12153631,3528,5072392,118808,19284701
1790109271442817296,17382997,12153882,3528,5072854,118824,19284701
1790109271557454738,17383722,12154142,3528,5073297,118835,19284701
1790109271673426419,17384467,12154386,3528,5073766,118848,19284701
1790109271789058486,17385186,12154618,3528,5074249,118859,19284701
1790109271905319519,17385908,12154874,3528,5074713,118866,19284701
1790109272021565788,17386643,12155149,3528,5075152,118879,19284701
1790109272136808525,17387344,12155410,3528,5075602,118894,19284701
1790109272252274916,17388071,12155678,3528,5076039,118907,19284701
1790109272367235588,17388807,12155942,3528,5076485,118919,19284701
1790109272482908230,17389554,12156169,3528,5076973,118927,19284701
1790109272599185577,17390279,12156411,3528,5077444,118943,19284701
1790109272713624501,17391002,12156660,3528,5077903,118953,19284701
1790109272827136710,17391714,12156912,3528,5078353,118960,19284701
1790109272942412413,17392421,12157149,3528,5078821,118975,19284701
1790109273058021390,17393129,12157395,3528,5079281,118993,19284701
1790109273174046115,17393853,12157638,3528,5079756,119003,19284701
1790109273290199108,17394578,12157885,3528,5080224,119016,19284701
1790109273405133056,17395278,12158138,3528,5080675,119029,19284701
1790109273520197442,17396020,12158408,3528,5081111,119046,19284701
1790109273637119984,17396755,12158689,3528,5081545,119060,19284701
1790109273753713115,17397491,12158966,3528,5081988,119074,19284701
1790109273872533054,17398260,12159230,3528,5082457,119087,19284701
1790109273989860095,17398990,12159474,3528,5082931,119099,19284701
1790109274105334072,17399719,12159760,3528,5083352,119114,19284701
1790109274220541725,17400451,12160018,3528,5083801,119126,19284701
1790109274334900284,17401163,12160268,3528,5084255,119138,19284701
1790109274451128239,17401909,12160516,3528,5084730,119146,19284701
1790109274566789463,17402624,12160778,3528,5085178,119161,19284701
1790109274681878202,17403356,12161026,3528,5085558,119251,19284701
1790109274797532232,17404078,12161266,3528,5086028,119264,19284701
1790109274913114922,17404791,12161524,3528,5086480,119281,19284701
1790109275028427675,17405516,12161782,3528,5086928,119293,19284701
1790109275144985424,17406261,12162040,3528,5087394,119304,19284701
1790109275260947901,17406996,12162289,3528,5087854,119320,19284701
1790109275376369708,17407709,12162538,3528,5088308,119337,19284701
1790109275491641091,17408419,12162789,3528,5088766,119348,19284701
1790109275606776294,17409145,12163071,3528,5089196,119361,19284701
1790109275721426524,17409861,12163317,3528,5089652,119374,19284701
1790109275836592811,17410581,12163556,3528,5090126,119388,19284701
1790109275952437576,17411309,12163819,3528,5090572,119403,19284701
1790109276067201481,17412035,12164081,3528,5091013,119416,19284701
1790109276183313517,17412773,12164330,3528,5091469,119436,19284701
1790109276297531944,17413495,12164582,3528,5091916,119451,19284701
1790109276412920651,17414216,12164836,3528,5092373,119464,19284701
1790109276527144067,17414935,12165094,3528,5092821,119476,19284701
1790109276642889332,17415647,12165343,3528,5093282,119488,19284701
1790109276759569669,17416380,12165596,3528,5093747,119501,19284701
1790109276874733985,17417076,12165846,3528,5094200,119517,19284701
1790109276990191917,17417788,12166120,3528,5094641,119530,19284701
1790109277106002551,17418514,12166379,3528,5095085,119545,19284701
1790109277223491888,17419253,12166599,3528,5095590,119557,19284701
1790109277337407252,17419974,12166849,3528,5096040,119572,19284701
1790109277452930335,17420701,12167117,3528,5096481,119586,19284701
1790109277568226558,17421397,12167358,3528,5096945,119600,19284701
1790109277683078302,17422095,12167607,3528,5097400,119613,19284701
1790109277799128143,17422839,12167865,3528,5097857,119626,19284701
1790109277915593287,17423567,12168105,3528,5098332,119641,19284701
1790109278031954208,17424284,12168363,3528,5098789,119654,19284701
1790109278146401834,17424986,12168605,3528,5099172,119746,19284701
1790109278261826553,17425709,12168877,3528,5099606,119765,19284701
1790109278377479367,17426443,12169125,3528,5100068,119777,19284701
1790109278493679201,17427182,12169370,3528,5100540,119790,19284701
1790109278609645527,17427907,12169618,3528,5101000,119805,19284701
1790109278725781790,17428648,12169889,3528,5101442,119820,19284701
1790109278840047634,17429365,12170159,3528,5101877,119831,19284701
1790109278955210406,17430078,12170425,3528,5102319,119842,19284701
1790109279069737180,17430773,12170671,3528,5102778,119855,19284701
1790109279184202140,17431506,12170956,3528,5103195,119870,19284701
1790109279298996862,17432221,12171211,3528,5103648,119881,19284701
1790109279414987284,17432961,12171462,3528,5104108,119896,19284701
1790109279529342034,17433698,12171709,3528,5104566,119907,19284701
1790109279644810618,17434411,12171959,3528,5105024,119920,19284701
1790109279757700745,17435123,12172202,3528,5105473,119935,19284701
1790109279874327488,17435862,12172455,3528,5105941,119943,19284701
1790109279993314053,17436615,12172708,3528,5106425,119956,19284701
1790109280108626622,17437313,12172974,3528,5106865,119969,19284701
1790109280223313411,17438038,12173233,3528,5107311,119981,19284701
1790109280338219165,17438749,12173497,3528,5107752,119993,19284701
1790109280455206442,17439494,12173769,3528,5108201,120003,19284701
1790109280571166132,17440228,12174018,3528,5108675,120013,19284701
1790109280687285000,17440964,12174267,3528,5109135,120025,19284701
1790109280803297402,17441688,12174521,3528,5109594,120038,19284701
1790109280918531563,17442420,12174784,3528,5110042,120050,19284701
1790109281034746837,17443159,12175049,3528,5110493,120064,19284701
1790109281150670191,17443892,12175296,3528,5110951,120082,19284701
1790109281267388708,17444622,12175526,3528,5111440,120094,19284701
1790109281384204961,17445330,12175773,3528,5111914,120105,19284701
1790109281498270493,17446050,12176035,3528,5112279,120193,19284701
1790109281613013559,17446767,12176326,3528,5112694,120206,19284701
1790109281730156274,17447496,12176573,3528,5113165,120222,19284701
1790109281846781698,17448228,12176823,3528,5113635,120234,19284701
1790109281963360727,17448963,12177089,3528,5114086,120247,19284701
1790109282080778544,17449702,12177354,3528,5114547,120261,19284701
1790109282196031206,17450418,12177615,3528,5114989,120274,19284701
1790109282309590709,17451138,12177862,3528,5115434,120293,19284701
1790109282424453475,17451851,12178125,3528,5115882,120305,19284701
1790109282539905629,17452580,12178388,3528,5116321,120322,19284701
1790109282655928509,17453309,12178626,3528,5116795,120338,19284701
1790109282773746862,17454052,12178876,3528,5117272,120347,19284701
1790109282891288498,17454801,12179142,3528,5117729,120360,19284701
1790109283006348219,17455543,12179429,3528,5118146,120376,19284701
1790109283121132157,17456279,12179690,3528,5118590,120391,19284701
1790109283236984800,17457008,12179937,3528,5119057,120402,19284701
1790109283352399490,17457720,12180192,3528,5119517,120412,19284701
1790109283467878423,17458453,12180445,3528,5119968,120428,19284701
1790109283583652397,17459173,12180706,3528,5120418,120442,19284701
1790109283699912180,17459904,12180973,3528,5120863,120458,19284701
1790109283814762933,17460610,12181226,3528,5121317,120468,19284701
1790109283930968593,17461375,12181499,3528,5121762,120481,19284701
1790109284048045826,17462110,12181753,3528,5122226,120494,19284701
1790109284163845424,17462837,12181999,3528,5122694,120505,19284701
1790109284279322526,17463575,12182271,3528,5123129,120520,19284701
1790109284392723533,17464294,12182521,3528,5123576,120533,19284701
1790109284508032323,17465039,12182771,3528,5124030,120549,19284701
1790109284624325032,17465774,12183052,3528,5124465,120562,19284701
1790109284741583039,17466541,12183292,3528,5124945,120576,19284701
1790109284857404279,17467275,12183544,3528,5125405,120588,19284701
1790109284974843115,17468016,12183797,3528,5125872,120603,19284701
1790109285089919744,17468725,12184076,3528,5126295,120622,19284701
1790109285205965233,17469454,12184334,3528,5126747,120636,19284701
1790109285321192210,17470175,12184675,3528,5127120,120646,19284701
1790109285439297153,17470901,12184925,3528,5127602,120657,19284701
1790109285554781450,17471615,12185184,3528,5128054,120668,19284701
1790109285670411396,17472362,12185424,3528,5128452,120752,19284701
1790109285786882768,17473081,12185668,3528,5128922,120767,19284701
1790109285903142395,17473824,12185911,3528,5129391,120782,19284701
1790109286019032727,17474541,12186172,3528,5129844,120793,19284701
1790109286139244248,17475305,12186423,3528,5130330,120807,19284701
1790109286254573588,17476035,12186671,3528,5130786,120826,19284701
1790109286370439755,17476740,12186944,3528,5131228,120838,19284701
1790109286485345745,17477446,12187245,3528,5131632,120852,19284701
1790109286600372916,17478182,12187515,3528,5132073,120865,19284701
1790109286716148711,17478893,12187778,3528,5132524,120876,19284701
1790109286833305404,17479619,12188027,3528,5132996,120887,19284701
1790109286948677308,17480354,12188295,3528,5133437,120900,19284701
1790109287062648470,17481064,12188540,3528,5133887,120914,19284701
1790109287177606760,17481798,12188794,3528,5134344,120923,19284701
1790109287293202012,17482538,12189057,3528,5134789,120938,19284701
1790109287410408798,17483300,12189311,3528,5135265,120947,19284701
1790109287525797553,17484031,12189561,3528,5135722,120959,19284701
1790109287641834070,17484739,12189813,3528,5136183,120973,19284701
1790109287757331374,17485464,12190094,3528,5136612,120988,19284701
1790109287871606531,17486168,12190373,3528,5137027,121008,19284701
1790109287986158721,17486892,12190644,3528,5137464,121017,19284701
1790109288102682084,17487631,12190867,3528,5137953,121036,19284701
1790109288219017064,17488373,12191116,3528,5138421,121047,19284701
1790109288334775434,17489111,12191396,3528,5138857,121058,19284701
1790109288449402964,17489824,12191657,3528,5139294,121074,19284701
1790109288562401578,17490523,12191920,3528,5139731,121084,19284701
1790109288678949244,17491251,12192197,3528,5140170,121097,19284701
1790109288794546931,17491977,12192444,3528,5140634,121112,19284701
1790109288910718786,17492700,12192707,3528,5141086,121124,19284701
1790109289027709446,17493418,12192947,3528,5141490,121209,19284701
1790109289142620585,17494142,12193216,3528,5141929,121223,19284701
1790109289258703221,17494873,12193469,3528,5142389,121236,19284701
1790109289375558347,17495581,12193729,3528,5142843,121250,19284701
1790109289489287677,17496318,12193976,3528,5143297,121263,19284701
1790109289605144049,17497038,12194220,3528,5143766,121276,19284701
1790109289722217245,17497775,12194480,3528,5144219,121296,19284701
1790109289839406341,17498507,12194769,3528,5144650,121309,19284701
1790109289954321473,17499231,12195021,3528,5145104,121324,19284701
1790109290068699350,17499949,12195265,3528,5145565,121334,19284701
1790109290184645625,17500667,12195516,3528,5146032,121346,19284701
1790109290299439570,17501399,12195773,3528,5146481,121356,19284701
1790109290414021900,17502128,12196031,3528,5146923,121374,19284701
1790109290529927958,17502857,12196303,3528,5147366,121384,19284701
1790109290645399019,17503567,12196581,3528,5147798,121398,19284701
1790109290757843939,17504266,12196833,3528,5148238,121410,19284701
1790109290873474713,17504980,12197076,3528,5148709,121422,19284701
1790109290988027131,17505715,12197322,3528,5149160,121441,19284701
1790109291103347857,17506428,12197582,3528,5149611,121452,19284701
1790109291218149091,17507154,12197839,3528,5150062,121464,19284701
1790109291333528160,17507865,12198091,3528,5150511,121484,19284701
1790109291447591679,17508577,12198368,3528,5150939,121495,19284701
1790109291563269841,17509294,12198606,3528,5151412,121509,19284701
1790109291677902268,17510012,12198855,3528,5151864,121526,19284701
1790109291793286821,17510777,12199108,3528,5152315,121542,19284701
1790109291909183189,17511513,12199367,3528,5152766,121559,19284701
1790109292023949773,17512214,12199698,3528,5153144,121568,19284701
1790109292139911709,17512933,12199979,3528,5153578,121581,19284701
1790109292257934758,17513657,12200217,3528,5154070,121592,19284701
1790109292372913983,17514369,12200454,3528,5154539,121603,19284701
1790109292488243592,17515121,12200734,3528,5154894,121693,19284701
1790109292603153722,17515850,12201018,3528,5155313,121712,19284701
1790109292717875943,17516566,12201287,3528,5155750,121723,19284701
1790109292833960117,17517282,12201591,3528,5156162,121734,19284701
1790109292950320068,17518020,12201835,3528,5156638,121746,19284701
1790109293064105179,17518738,12202088,3528,5157079,121761,19284701
1790109293180125178,17519452,12202382,3528,5157500,121772,19284701
1790109293295629096,17520191,12202624,3528,5157968,121788,19284701
1790109293411230756,17520933,12202890,3528,5158413,121800,19284701
1790109293527221840,17521654,12203146,3528,5158871,121816,19284701
1790109293646223366,17522393,12203408,3528,5159336,121830,19284701
1790109293760411316,17523102,12203679,3528,5159769,121841,19284701
1790109293876179611,17523830,12203939,3528,5160211,121861,19284701
1790109293991605226,17524549,12204209,3528,5160654,121875,19284701
1790109294106318756,17525248,12204469,3528,5161095,121890,19284701
1790109294222396930,17525970,12204712,3528,5161571,121901,19284701
1790109294337741493,17526663,12204976,3528,5162013,121914,19284701
1790109294454106170,17527392,12205264,3528,5162443,121928,19284701
1790109294568409601,17528084,12205513,3528,5162895,121940,19284701
1790109294683443609,17528818,12205791,3528,5163322,121956,19284701
1790109294798745675,17529525,12206065,3528,5163758,121968,19284701
1790109294915972261,17530270,12206323,3528,5164226,121977,19284701
1790109295033535053,17531005,12206568,3528,5164703,121989,19284701
1790109295148473667,17531719,12206814,3528,5165164,122001,19284701
1790109295265183807,17532442,12207084,3528,5165601,122024,19284701
1790109295380648969,17533167,12207361,3528,5166037,122035,19284701
1790109295496692943,17533900,12207639,3528,5166469,122052,19284701
1790109295613752152,17534627,12207866,3528,5166956,122071,19284701
1790109295728973911,17535337,12208116,3528,5167416,122082,19284701
1790109295846046819,17536070,12208362,3528,5167821,122164,19284701
1790109295961018137,17536796,12208602,3528,5168282,122182,19284701
1790109296076037311,17537522,12208855,3528,5168739,122193,19284701
1790109296191311914,17538223,12209127,3528,5169169,122210,19284701
